seed,global_episode,city,phase,policy_mode,total_steps,n_agents_max,tasks_appeared,tasks_completed,throughput_rate,accept_rate,refuse_rate,latency_mean,latency_per_agent,agent_utilisation,mean_congestion,mean_trip_steps,mean_wait_steps,mean_road_pd_m,delivery_route_efficiency,bbox_area_km2,convex_hull_km2,mean_pd_hav_m,mean_nn_pickup_m,compute_time_per_task_ms,compute_time_per_decision_us,pairing_violations,capacity_violations,actor_loss,critic_loss,entropy,adv_std,n_experiences,completion_per_accepted,unfinished_accept_rate,mean_congestion_at_decision,n_ghost_active_mean,congestion_profile,agent_completed_gini,agent_completed_std,mean_imp_accepted,mean_imp_refused,accept_rate_high_cong,accept_rate_low_cong,mean_extra_steps_per_task,peak_congestion,mean_overlap_edges,congestion_variance,route_congestion_exposure,max_agent_completed,min_agent_completed,total_fleet_distance_m,mean_agents_offered_per_task,mean_recall_rounds_per_task,mean_candidates_scored_per_task,value_throughput_rate,mean_completion_value,value_loss_to_refusal,mean_bpr_along_route,time_lost_to_congestion_steps,n_traversals_in_jam,marginal_cost_ratio_vs_oracle,mean_allocation_time_us,mean_tam_dijkstra_steps,wallclock_ms
43,0,Tokyo_Small,train,IPPO,3600,6,108,53,0.4907,1.0000,0.0000,952.9811,476.4906,0.4916,4.3367,303.8889,695.3889,1400.3544,0.9216,29.3644,26.8048,857.3212,229.3745,663.1111,110518.5156,0,0,-0.0001,1.1176,0.6931,1.7305,350,0.4907,0.5093,4.3427,618.6302,ramp_up_down,0.2020,0.3665,1.6033,0.0000,1.0000,0.0000,23.8180,28,548.3489,0.3024,0.7174,7,2,74218.7812,3.2407,0.0000,3.2407,0.6334,1.0940,0.0000,3.2631,29451.8594,22,1.7429,651878.0625,7.3704,71616
43,1,Tokyo_Small,train,FaithfulMAPPER,3600,6,119,50,0.4202,1.0000,0.0000,926.0400,463.0200,0.3923,4.3388,248.1026,762.7576,1086.1661,0.8756,29.1030,27.7142,818.7275,193.6167,960.0420,160007.0000,0,0,-0.0006,1.7618,0.6931,1.3041,352,0.4202,0.5798,4.3257,618.6302,ramp_up_down,0.2944,0.5420,1.6414,0.0000,1.0000,0.0000,30.8693,24,548.2167,0.3021,0.8621,7,0,54308.3086,2.9580,0.0000,2.9580,0.4250,0.8963,0.0000,2.7642,15749.1992,16,1.7946,945481.1250,8.5714,114245
43,2,Tokyo_Small,train,MAPPO,3600,6,108,45,0.4167,1.0000,0.0000,854.1556,427.0778,0.3886,4.3423,233.3590,650.9394,1207.7197,1.0000,29.6986,28.2515,850.9772,205.8526,688.2685,114711.4219,0,0,-0.0000,1.4720,0.6931,2.0466,351,0.4167,0.5833,4.3906,618.6302,ramp_up_down,0.1922,0.3706,1.6796,0.0000,1.0000,0.0000,0.0000,24,546.8831,0.3094,0.8953,6,1,54347.3906,3.2500,0.0000,3.2500,0.5363,1.1964,0.0000,2.3089,18143.1836,12,1.5719,675527.6250,6.6019,74333
43,3,Kyoto_Small,train,IPPO,3600,6,99,58,0.5859,1.0000,0.0000,954.2414,318.0805,0.5309,4.4806,301.3265,723.1500,1016.1642,0.6745,19.3593,17.0091,847.2199,191.2949,318.7071,53117.8438,0,0,-0.0001,0.6874,0.6931,1.3579,318,0.5859,0.4141,4.5051,495.8625,building_up,0.2367,0.4652,1.5461,0.0000,1.0000,0.0000,98.0937,24,428.1461,0.3442,0.8400,7,0,58937.5273,3.2121,0.0000,3.2121,0.5541,0.7478,0.0000,6.3022,34504.5078,29,2.3208,311793.2812,6.7980,31552
43,4,Kyoto_Small,train,FaithfulMAPPER,3600,6,124,64,0.5161,1.0000,0.0000,846.2812,423.1406,0.4936,4.4882,230.7885,672.1957,934.8015,0.8101,19.6747,17.3672,673.7579,151.1678,415.6855,69280.9141,0,0,-0.0004,0.6445,0.6931,0.8203,381,0.5161,0.4839,4.5551,495.8625,building_up,0.2381,0.4337,1.6739,0.0000,1.0000,0.0000,43.8282,24,427.5894,0.3473,0.9406,11,1,59827.2969,3.0726,0.0000,3.0726,0.5244,0.7494,0.0000,3.7160,23387.2363,28,2.8534,408440.2812,6.5968,51545
43,5,Kyoto_Small,train,MAPPO,3600,6,101,58,0.5743,1.0000,0.0000,747.2586,373.6293,0.4398,4.4845,268.7347,526.8333,1116.1746,0.8307,19.4507,17.8747,819.1367,193.9891,296.9010,49483.5000,0,0,-0.0000,1.1870,0.6931,1.5700,334,0.5743,0.4257,4.6034,495.8625,building_up,0.2540,0.4508,1.6435,0.0000,1.0000,0.0000,45.4998,24,427.5350,0.3513,0.8701,9,2,64738.1211,3.3069,0.0000,3.3069,0.6356,0.8774,0.0000,5.0391,38112.1367,36,3.6145,288778.2500,7.4752,29987
43,6,LosAngeles_Small,train,IPPO,3600,6,107,62,0.5794,1.0000,0.0000,963.9677,240.9919,0.7009,4.6521,323.3455,624.3111,1126.8352,0.6970,23.2890,21.0461,886.0073,200.7239,676.2430,112707.1641,0,0,-0.0000,1.5195,0.6931,2.0164,350,0.5794,0.4206,4.6951,944.3675,wave,0.1950,0.3582,1.8033,0.0000,1.0000,0.0000,97.9784,28,787.5483,0.3694,0.8938,9,3,69863.7812,3.2710,0.0000,3.2710,0.5259,0.9478,0.0000,5.9113,63358.0117,36,2.3764,666421.3125,6.7383,72358
43,7,LosAngeles_Small,train,FaithfulMAPPER,3600,6,124,58,0.4677,1.0000,0.0000,911.7241,911.7241,0.2294,4.6513,261.0769,680.4091,1197.8297,0.9176,24.0740,20.8653,939.9169,206.1350,330.5565,55092.7422,0,0,-0.0005,0.9265,0.6931,0.9521,416,0.4677,0.5323,4.6779,944.3675,wave,0.3671,0.6743,1.5906,0.0000,1.0000,1.0000,21.5110,28,787.3222,0.3682,1.0079,9,1,69474.1250,3.3548,0.0000,3.3548,0.4826,0.9567,0.0000,4.3088,25911.1406,29,1.2593,318762.2812,7.5968,40989
43,8,LosAngeles_Small,train,MAPPO,3600,6,94,52,0.5532,1.0000,0.0000,695.4231,347.7115,0.4254,4.6567,251.9778,469.7857,1060.7852,0.8420,23.0478,20.7074,893.5099,226.4417,359.5319,59921.9844,0,0,-0.0002,1.3504,0.6931,1.8470,283,0.5532,0.4468,4.7307,944.3675,wave,0.2029,0.3625,1.6724,0.0000,1.0000,0.0000,39.8208,24,787.4319,0.3556,0.8791,8,3,55160.8281,3.0106,0.0000,3.0106,0.4697,0.7781,0.0000,3.3078,25643.1309,20,2.2872,346519.0312,7.7128,33796
43,9,Tokyo_Small,train,IPPO,3600,6,100,50,0.5000,1.0000,0.0000,989.7600,329.9200,0.5038,4.3394,272.3171,667.0000,1199.9440,0.8813,29.4802,26.2324,845.0286,247.5145,757.9100,126318.3359,0,0,-0.0002,1.6214,0.6931,2.0521,288,0.5000,0.5000,4.3331,618.6302,ramp_up_down,0.2328,0.4165,1.6868,0.0000,1.0000,0.0000,32.3283,28,547.7472,0.3028,0.8919,8,2,59997.1992,2.8800,0.0000,2.8800,0.4691,0.7908,0.0000,2.9611,18677.8613,19,1.5885,747375.6875,8.9600,75791
43,10,Tokyo_Small,train,FaithfulMAPPER,3600,6,102,65,0.6373,1.0000,0.0000,831.4462,415.7231,0.3948,4.3347,276.1091,517.2889,880.7349,0.6380,28.3867,24.6000,706.6885,224.1046,418.2353,69705.8828,0,0,-0.0007,0.7535,0.6931,1.0566,335,0.6373,0.3627,4.3998,618.6302,ramp_up_down,0.2527,0.4556,1.6548,0.0000,1.0000,0.0000,99.9621,24,548.7169,0.3020,0.9560,9,1,57247.7656,3.2843,0.0000,3.2843,0.5777,0.6977,0.0000,4.0376,25208.5762,30,1.4443,406883.5000,9.1569,42660
43,11,Tokyo_Small,train,MAPPO,3600,6,95,53,0.5579,1.0000,0.0000,924.3207,462.1604,0.4968,4.3348,285.1633,619.6512,1066.9462,0.7483,29.5819,26.6409,770.7064,252.6748,437.3684,72894.7344,0,0,-0.0000,1.1804,0.6931,1.7187,307,0.5579,0.4421,4.3774,618.6302,ramp_up_down,0.2475,0.4465,1.6822,0.0000,1.0000,0.0000,71.7740,24,548.5586,0.3046,0.8619,9,2,56548.1484,3.2316,0.0000,3.2316,0.6034,0.9331,0.0000,4.0169,43959.4375,21,1.3770,425864.0312,6.2316,41550
43,12,Kyoto_Small,train,IPPO,3600,6,103,63,0.6117,1.0000,0.0000,716.5079,238.8360,0.6371,4.6398,237.2778,517.3830,1069.8396,0.9018,19.9878,18.4090,782.9611,203.1618,313.7961,52299.3516,0,0,-0.0000,1.2358,0.6931,1.8282,320,0.6117,0.3883,4.7162,631.4694,wave,0.1811,0.3333,1.6162,0.0000,1.0000,0.0000,23.3098,24,528.2997,0.3787,0.8895,10,4,67399.8984,3.1068,0.0000,3.1068,0.6021,0.7982,0.0000,5.0836,35519.4570,45,1.8370,304990.0312,6.3204,32321
43,13,Kyoto_Small,train,FaithfulMAPPER,3600,6,92,50,0.5435,1.0000,0.0000,827.1800,275.7267,0.6586,4.6518,250.0465,632.4211,1059.9739,0.8478,19.5385,17.8432,810.9009,190.2470,353.9456,58990.9414,0,0,-0.0013,0.9770,0.6931,1.0201,290,0.5435,0.4565,4.6554,631.4694,wave,0.1693,0.3194,1.7242,0.0000,1.0000,0.0000,38.0517,24,527.1780,0.3708,0.8414,8,3,52998.6914,3.1522,0.0000,3.1522,0.5321,0.8564,0.0000,7.0487,35194.0938,57,8.6458,344165.7500,5.7391,32563
43,14,Kyoto_Small,train,MAPPO,3600,6,111,59,0.5315,1.0000,0.0000,889.0678,296.3559,0.6627,4.6381,283.4286,603.5909,1103.9191,0.7790,19.2655,16.3853,797.9067,170.2933,508.3423,84723.7266,0,0,-0.0001,1.0015,0.6931,1.6167,371,0.5315,0.4685,4.6985,631.4694,wave,0.2353,0.4242,1.5702,0.0000,1.0000,0.0000,62.6447,28,528.7639,0.3775,0.9869,9,1,65131.2266,3.3423,0.0000,3.3423,0.5587,0.7991,0.0000,6.5066,45540.8750,48,10.6596,499861.7188,7.3333,56426
43,15,LosAngeles_Small,train,IPPO,3600,6,104,53,0.5096,1.0000,0.0000,835.9434,167.1887,0.8381,4.3354,296.2727,560.9268,1092.5869,0.7376,23.1536,20.5359,794.4456,264.2726,717.2308,119538.4609,0,0,-0.0001,0.7573,0.6931,1.4259,372,0.5096,0.4904,4.3954,519.0942,ramp_up_down,0.2174,0.3852,1.6522,0.0000,1.0000,0.0000,77.7554,28,460.9355,0.2993,0.9128,8,2,57907.1055,3.5769,0.0000,3.5769,0.5972,0.9438,0.0000,2.6695,17913.0957,21,10.0620,708344.2500,6.4327,74592
43,16,LosAngeles_Small,train,FaithfulMAPPER,3600,6,108,52,0.4815,1.0000,0.0000,896.0961,224.0240,0.7114,4.3402,286.6744,623.8947,1317.9102,0.9194,22.9527,21.7099,892.9373,226.8227,680.7500,113458.3359,0,0,-0.0004,1.7838,0.6931,1.2859,375,0.4815,0.5185,4.4282,519.0942,ramp_up_down,0.2698,0.4738,1.6891,0.0000,1.0000,0.0000,23.0924,24,460.2528,0.3001,0.9133,8,1,68531.3281,3.4722,0.0000,3.4722,0.5744,1.1583,0.0000,2.7791,14971.4941,18,4.1610,670683.3125,7.3333,73521
43,17,LosAngeles_Small,train,MAPPO,3600,6,97,52,0.5361,1.0000,0.0000,878.1154,219.5288,0.7853,4.3341,219.8913,642.9250,1005.9931,0.9150,23.8873,22.0253,777.0063,231.5743,505.1443,84190.7188,0,0,-0.0000,1.7619,0.6931,2.1803,303,0.5361,0.4639,4.3074,519.0942,ramp_up_down,0.1919,0.3665,1.6261,0.0000,1.0000,1.0000,18.6927,28,460.3311,0.3049,0.7994,9,3,52311.6406,3.1237,0.0000,3.1237,0.4213,0.6688,0.0000,4.4528,26468.3203,30,1.7888,494402.4375,6.0722,48999
43,18,Tokyo_Small,train,IPPO,3600,6,106,67,0.6321,1.0000,0.0000,818.5224,272.8408,0.5223,4.0360,269.6786,629.2273,1151.1709,0.8537,28.4808,26.3312,858.8117,255.0553,472.5566,78759.4375,0,0,-0.0000,0.6286,0.6931,1.2654,386,0.6321,0.3679,4.0336,177.0000,flat,0.1342,0.2587,1.6377,0.0000,1.0000,0.0000,39.4444,12,178.2125,0.0575,0.8478,9,4,77128.4531,3.6415,0.0000,3.6415,0.6494,0.8860,0.0000,1.8754,10944.7246,4,1.5295,464396.9375,6.6321,50091
43,19,Tokyo_Small,train,FaithfulMAPPER,3600,6,106,52,0.4906,1.0000,0.0000,827.9615,413.9808,0.3629,4.0441,253.2609,629.6047,1066.7345,0.8424,29.1388,26.5245,802.4250,221.3534,423.3773,70562.8906,0,0,-0.0003,0.5598,0.6931,0.9673,370,0.4906,0.5094,4.0340,177.0000,flat,0.1324,0.2517,1.7140,0.0000,1.0000,0.0000,39.9140,12,177.5764,0.0568,0.7677,8,3,55470.1914,3.4906,0.0000,3.4906,0.5600,0.8924,0.0000,1.8963,10339.4453,7,1.7484,415092.7188,6.9811,44878
43,20,Tokyo_Small,train,MAPPO,3600,6,98,50,0.5102,1.0000,0.0000,846.6800,423.3400,0.4370,4.0505,255.5957,627.8750,1100.7487,0.8613,29.2571,26.7559,908.9057,228.4137,480.9082,80151.3594,0,0,-0.0001,0.6963,0.6931,1.3556,338,0.5102,0.4898,4.0466,177.0000,flat,0.2276,0.4154,1.6233,0.0000,1.0000,0.0000,35.4460,12,177.1069,0.0531,0.8303,7,1,55037.4336,3.4490,0.0000,3.4490,0.4991,0.8655,0.0000,1.8205,8825.7500,2,1.5971,472974.2812,7.4490,47129
43,21,Kyoto_Small,train,IPPO,3600,6,90,54,0.6000,1.0000,0.0000,856.6481,285.5494,0.5274,4.6471,305.1042,551.4651,1086.8336,0.7124,18.0546,16.7997,755.2514,210.8125,244.1000,40683.3320,0,0,-0.0000,0.8501,0.6931,1.4988,292,0.6000,0.4000,4.7236,631.4694,wave,0.2033,0.3586,1.7161,0.0000,1.0000,0.0000,87.7374,28,527.7628,0.3740,0.9069,8,2,58689.0156,3.2444,0.0000,3.2444,0.5976,0.7903,0.0000,5.0023,46317.1758,39,3.8556,233554.4375,6.5889,21969
43,22,Kyoto_Small,train,FaithfulMAPPER,3600,6,103,49,0.4757,1.0000,0.0000,903.5714,301.1905,0.6003,4.6406,237.2750,716.7778,1045.0089,0.8808,20.0139,17.4978,781.3772,190.4122,396.1553,66025.8906,0,0,-0.0002,0.9058,0.6931,1.0114,342,0.4757,0.5243,4.6772,631.4694,wave,0.1964,0.3527,1.6953,0.0000,1.0000,0.0000,28.2732,28,528.5850,0.3708,0.8001,8,2,51205.4375,3.3204,0.0000,3.3204,0.4213,0.6978,0.0000,6.1160,45382.9883,42,4.3504,385773.2812,6.3592,40804
43,23,Kyoto_Small,train,MAPPO,3600,6,107,58,0.5421,1.0000,0.0000,793.4138,264.4713,0.5140,4.6407,267.7200,522.2826,1066.3541,0.7966,19.9816,18.4126,814.6475,192.8929,613.1495,102191.5859,0,0,-0.0000,1.1812,0.6931,1.6250,332,0.5421,0.4579,4.6581,631.4694,wave,0.2353,0.4242,1.5552,0.0000,1.0000,0.0000,54.4492,24,527.9395,0.3830,0.9696,9,2,61848.5352,3.1028,0.0000,3.1028,0.5881,0.8676,0.0000,5.9804,27190.5508,34,2.3636,602994.0625,6.4766,65607
43,24,LosAngeles_Small,train,IPPO,3600,6,106,54,0.5094,1.0000,0.0000,809.4074,202.3519,0.7046,4.3356,253.5652,671.5641,991.6818,0.7822,24.0225,22.4956,735.7393,221.4839,686.4434,114407.2344,0,0,-0.0000,0.8876,0.6931,1.4861,376,0.5094,0.4906,4.3612,519.0942,ramp_up_down,0.2576,0.4864,1.7403,0.0000,1.0000,0.0000,55.2289,24,460.6020,0.3046,0.8132,10,1,53550.8125,3.5472,0.0000,3.5472,0.4861,0.7408,0.0000,2.5574,16316.3105,11,1.5283,675207.8750,6.2453,72763
43,25,LosAngeles_Small,train,FaithfulMAPPER,3600,6,108,55,0.5093,1.0000,0.0000,711.4000,237.1333,0.6012,4.3367,232.7447,532.1628,1043.4473,0.8966,23.7605,21.2860,801.8602,210.1554,696.1852,116030.8672,0,0,-0.0006,0.7008,0.6931,0.8394,386,0.5093,0.4907,4.3804,519.0942,ramp_up_down,0.2899,0.5172,1.7368,0.0000,1.0000,0.0000,24.0552,24,460.4986,0.3029,0.8520,9,2,57389.5977,3.5741,0.0000,3.5741,0.5028,0.8586,0.0000,2.7395,15534.7041,24,3.0164,686283.1250,7.5185,75188
43,26,LosAngeles_Small,train,MAPPO,3600,6,101,54,0.5347,1.0000,0.0000,760.1296,253.3765,0.5546,4.3320,234.8667,499.5000,974.9971,0.8303,23.6239,20.8409,841.1167,241.5169,634.6436,105773.9297,0,0,-0.0002,0.8139,0.6931,1.4912,319,0.5347,0.4653,4.3575,519.0942,ramp_up_down,0.2738,0.5017,1.6259,0.0000,1.0000,0.0000,39.8672,28,460.3278,0.3138,0.9460,10,1,52649.8438,3.1584,0.0000,3.1584,0.5198,0.8256,0.0000,4.3656,23879.2520,23,3.7260,623272.3750,6.9901,64099
43,27,Tokyo_Small,train,IPPO,3600,6,104,65,0.6250,1.0000,0.0000,910.3538,227.5885,0.7842,4.6555,243.0862,657.5510,868.4561,0.7145,28.2352,25.0403,708.9465,229.1617,806.7885,134464.7500,0,0,-0.0002,0.6289,0.6931,1.2879,340,0.6250,0.3750,4.7138,1125.4863,wave,0.2138,0.3958,1.5411,0.0000,1.0000,0.0000,69.3950,28,937.6739,0.3672,0.8838,11,3,56449.6484,3.2692,0.0000,3.2692,0.6762,0.7166,0.0000,4.5613,46293.8398,42,2.4733,788559.7500,8.4038,83906
43,28,Tokyo_Small,train,FaithfulMAPPER,3600,6,109,62,0.5688,1.0000,0.0000,723.4677,180.8669,0.6702,4.6571,245.1154,610.3778,1134.1843,0.9254,29.2568,27.5133,911.5599,256.0618,690.6331,115105.5078,0,0,-0.0004,0.7081,0.6931,1.1030,353,0.5688,0.4312,4.6973,1125.4863,wave,0.2309,0.4075,1.6079,0.0000,1.0000,0.0000,18.2785,24,937.6094,0.3628,0.9009,9,2,70319.4297,3.2385,0.0000,3.2385,0.5614,0.8977,0.0000,4.2682,38549.9492,35,2.8057,672584.3750,6.9266,75279
43,29,Tokyo_Small,train,MAPPO,3600,6,110,61,0.5545,1.0000,0.0000,948.1967,237.0492,0.6908,4.6562,275.5283,675.2444,1048.9904,0.7614,29.2905,27.6225,981.4790,208.8512,921.1364,153522.7344,0,0,-0.0000,1.2356,0.6931,1.9040,344,0.5545,0.4455,4.6986,1125.4863,wave,0.3067,0.5636,1.5935,0.0000,1.0000,0.0000,65.7302,28,937.7397,0.3640,0.8697,12,2,63988.4102,3.1273,0.0000,3.1273,0.3985,0.7231,0.0000,4.7822,38425.5664,42,3.3758,903635.8750,7.2455,101325
43,30,Kyoto_Small,train,IPPO,3600,6,121,54,0.4463,1.0000,0.0000,799.4074,399.7037,0.3473,4.0056,214.8667,530.7675,1147.9095,1.0000,19.9874,17.8186,799.8275,181.4017,474.6364,79106.0625,0,0,-0.0002,1.4410,0.6931,1.8006,400,0.4463,0.5537,4.0067,99.0000,flat,0.2756,0.5169,1.6934,0.0000,1.0000,0.0000,0.0000,12,101.2942,0.0734,0.9043,11,2,61987.1172,3.3058,0.0000,3.3058,0.3675,0.7105,0.0000,1.9293,8132.6392,2,5.5856,469452.5312,8.6612,57431
43,31,Kyoto_Small,train,FaithfulMAPPER,3600,6,107,59,0.5514,1.0000,0.0000,885.1525,295.0508,0.5133,4.0042,265.5510,676.3903,1050.5977,0.7913,19.2451,17.6810,846.8621,191.5859,414.7477,69124.6094,0,0,-0.0005,1.1271,0.6931,1.1471,352,0.5514,0.4486,3.9811,99.0000,flat,0.1859,0.3366,1.5814,0.0000,1.0000,0.0000,55.4315,12,101.3067,0.0747,0.8393,8,2,61985.2656,3.2897,0.0000,3.2897,0.5519,0.8589,0.0000,2.1548,10801.1338,4,2.8829,408905.2188,7.2336,44378
43,32,Kyoto_Small,train,MAPPO,3600,6,99,48,0.4848,1.0000,0.0000,716.8333,358.4167,0.4992,4.0154,216.5476,518.6190,1278.1110,1.0000,19.6155,18.2830,869.2178,229.0588,438.0303,73005.0469,0,0,-0.0000,0.9004,0.6931,1.5084,319,0.4848,0.5152,4.0109,99.0000,flat,0.2417,0.4439,1.6109,0.0000,1.0000,0.0000,0.0000,12,100.7042,0.0740,0.8564,10,2,61349.3242,3.2222,0.0000,3.2222,0.5446,0.9420,0.0000,2.2449,9048.1279,5,2.1917,432170.4688,7.8990,43365
43,33,LosAngeles_Small,train,IPPO,3600,6,116,66,0.5690,1.0000,0.0000,914.0606,457.0303,0.4865,4.3267,260.2281,621.3265,1159.6064,0.8912,24.1345,22.1892,836.9147,215.5397,577.3707,96228.4453,0,0,-0.0001,1.2977,0.6931,1.8433,346,0.5690,0.4310,4.3354,519.0942,ramp_up_down,0.2341,0.4271,1.5914,0.0000,1.0000,0.0000,28.3068,28,461.2906,0.3108,0.8370,10,3,76534.0234,2.9828,0.0000,2.9828,0.4868,0.7147,0.0000,4.8114,45996.6211,30,1.8080,567650.4375,6.7241,66975
43,34,LosAngeles_Small,train,FaithfulMAPPER,3600,6,100,58,0.5800,1.0000,0.0000,778.0172,778.0172,0.2981,4.3360,223.4898,530.6304,1004.8477,0.8992,23.5951,21.6206,837.8917,235.4661,318.8800,53146.6680,0,0,-0.0012,0.9721,0.6931,0.8109,324,0.5800,0.4200,4.3304,519.0942,ramp_up_down,0.2735,0.4948,1.5932,0.0000,1.0000,0.0000,22.5202,24,460.6169,0.3020,0.9424,9,1,58281.1680,3.2400,0.0000,3.2400,0.4813,0.6422,0.0000,4.3646,22187.7520,38,1.1583,307729.2500,7.8300,31888
43,35,LosAngeles_Small,train,MAPPO,3600,6,107,56,0.5234,1.0000,0.0000,839.4821,839.4821,0.2081,4.3292,255.5556,646.7027,993.2029,0.7773,23.7387,22.1724,822.4828,193.7545,369.5327,61588.7852,0,0,-0.0002,1.4805,0.6931,2.0869,368,0.5234,0.4766,4.3289,519.0942,ramp_up_down,0.2850,0.5172,1.6846,0.0000,1.0000,1.0000,56.9150,28,460.7672,0.3047,0.9506,8,1,55619.3633,3.4393,0.0000,3.4393,0.4575,0.7644,0.0000,3.2662,19230.4199,23,1.0111,359429.5000,7.1308,39540
43,36,Tokyo_Small,train,IPPO,3600,6,107,61,0.5701,1.0000,0.0000,950.4918,475.2459,0.4673,4.2446,254.8627,664.9149,1137.9885,0.8930,28.8567,26.1176,902.6635,241.1700,540.9813,90163.5547,0,0,-0.0001,0.6585,0.6931,1.3299,330,0.5701,0.4299,4.2682,513.2000,shock_burst,0.2600,0.4833,1.7151,0.0000,1.0000,0.0000,27.2650,24,434.7369,0.4346,0.8794,10,2,69417.2969,3.0841,0.0000,3.0841,0.5592,0.9189,0.0000,2.5853,16980.6543,14,1.5286,530151.0000,7.8037,57885
43,37,Tokyo_Small,train,FaithfulMAPPER,3600,6,109,44,0.4037,1.0000,0.0000,733.8409,366.9204,0.3853,4.2593,227.0244,545.9750,1103.9629,0.9726,27.9482,24.2498,850.0087,204.0035,546.4954,91082.5703,0,0,-0.0005,1.2894,0.6930,1.0250,333,0.4037,0.5963,4.3493,513.2000,shock_burst,0.3191,0.5756,1.6143,0.0000,1.0000,0.0000,6.2318,28,433.5583,0.4283,0.7732,8,1,48574.3672,3.0550,0.0000,3.0550,0.2477,0.5394,0.0000,5.5899,47159.8516,19,1.9933,535599.9375,6.4404,59568
43,38,Tokyo_Small,train,MAPPO,3600,6,99,46,0.4646,1.0000,0.0000,1053.9348,1053.9348,0.2325,4.2525,249.0789,741.0000,1277.3253,1.0000,29.1747,26.0943,950.1561,235.7050,561.8990,93649.8281,0,0,-0.0001,1.0802,0.6931,1.7406,317,0.4646,0.5354,4.2769,513.2000,shock_burst,0.3167,0.5624,1.5752,0.0000,1.0000,0.0000,0.0000,28,433.5775,0.4352,0.8368,9,1,58756.9688,3.2020,0.0000,3.2020,0.4569,0.9204,0.0000,2.4807,15763.8789,16,1.6542,551230.0000,7.9192,55628
43,39,Kyoto_Small,train,IPPO,3600,6,106,60,0.5660,1.0000,0.0000,697.6334,232.5444,0.5685,4.3080,228.1765,476.7391,1098.4478,0.9628,19.7954,18.6875,826.2441,188.1395,474.3585,79059.7500,0,0,-0.0000,1.7184,0.6931,2.1526,333,0.5660,0.4340,4.3254,347.1364,ramp_up_down,0.1845,0.3530,1.7056,0.0000,1.0000,0.0000,8.4869,24,310.2511,0.3213,0.9436,10,2,65906.8672,3.1415,0.0000,3.1415,0.5450,0.8653,0.0000,4.9291,23221.5059,30,8.4814,466511.3125,8.0755,50282
43,40,Kyoto_Small,train,FaithfulMAPPER,3600,6,115,47,0.4087,1.0000,0.0000,835.8511,417.9255,0.4256,4.3176,228.6190,636.7949,970.6466,0.8491,19.4509,17.1475,835.8267,172.1815,435.7391,72623.1875,0,0,-0.0005,1.3817,0.6931,1.0605,386,0.4087,0.5913,4.3864,347.1364,ramp_up_down,0.2764,0.5185,1.6431,0.0000,1.0000,0.0000,34.4897,24,309.5397,0.3141,0.8942,8,2,45620.3906,3.3565,0.0000,3.3565,0.3780,0.7868,0.0000,3.4405,24021.3086,22,1.3570,428971.3438,7.8261,50110
43,41,Kyoto_Small,train,MAPPO,3600,6,105,65,0.6190,1.0000,0.0000,772.3846,257.4615,0.5269,4.3094,221.2679,533.2979,1013.3725,0.9160,19.8688,18.3925,790.7699,194.9444,347.6953,57949.2070,0,0,-0.0001,0.9916,0.6931,1.6075,361,0.6190,0.3810,4.3323,347.1364,ramp_up_down,0.1845,0.3343,1.5507,0.0000,1.0000,0.0000,18.5934,28,310.1261,0.3192,0.8797,8,2,65869.2109,3.4381,0.0000,3.4381,0.5970,0.8024,0.0000,3.7151,32767.7559,28,2.4362,339507.4375,6.0476,36508
43,42,LosAngeles_Small,train,IPPO,3600,6,114,53,0.4649,1.0000,0.0000,828.1321,414.0660,0.4936,4.2457,214.8781,569.8530,999.0076,0.9298,24.1710,21.4006,819.6520,205.8736,997.1842,166197.3750,0,0,-0.0000,0.9906,0.6931,1.5234,354,0.4649,0.5351,4.3390,430.0000,shock_burst,0.3194,0.5825,1.6624,0.0000,1.0000,0.0000,15.0765,24,364.3864,0.4331,0.8418,10,0,52947.3984,3.1053,0.0000,3.1053,0.3893,0.7199,0.0000,3.1807,16233.9346,13,9.7146,988872.5625,9.4123,113679
43,43,LosAngeles_Small,train,FaithfulMAPPER,3600,6,99,48,0.4848,1.0000,0.0000,738.0833,246.0278,0.5781,4.2425,239.5455,582.1860,994.6438,0.8304,22.6104,20.5153,744.2104,240.8494,632.4445,105407.4062,0,0,-0.0009,0.9415,0.6931,0.9923,324,0.4848,0.5152,4.4012,430.0000,shock_burst,0.1654,0.3085,1.6918,0.0000,1.0000,0.0000,40.6167,28,365.0086,0.4275,0.9525,8,3,47742.9023,3.2727,0.0000,3.2727,0.5026,0.8400,0.0000,3.7706,22220.9355,29,1.8139,621237.7500,7.8687,62612
43,44,LosAngeles_Small,train,MAPPO,3600,6,95,52,0.5474,1.0000,0.0000,756.3269,252.1090,0.6011,4.2348,284.5625,501.9762,1172.6781,0.8242,23.4240,20.8503,893.9594,229.1137,499.0526,83175.4375,0,0,-0.0000,1.0180,0.6931,1.6820,327,0.5474,0.4526,4.3668,430.0000,shock_burst,0.1975,0.3528,1.5321,0.0000,1.0000,0.0000,50.0269,28,364.8586,0.4376,0.8176,8,3,60979.2617,3.4421,0.0000,3.4421,0.5525,0.8704,0.0000,4.3490,23245.5977,20,1.6764,487977.6875,6.5263,47410
43,45,Tokyo_Small,train,IPPO,3600,6,93,56,0.6022,1.0000,0.0000,821.8929,410.9464,0.4681,4.6562,257.3878,578.0930,1016.6367,0.7900,29.2028,26.9320,784.7294,252.2218,396.7527,66125.4453,0,0,-0.0000,0.8134,0.6931,1.4327,306,0.6022,0.3978,4.6931,1125.4863,wave,0.0833,0.1768,1.5089,0.0000,1.0000,0.0000,54.0604,28,937.7058,0.3620,0.8476,7,4,56931.6523,3.2903,0.0000,3.2903,0.6206,0.8082,0.0000,6.0107,53298.5352,44,1.4143,378015.6250,7.1290,36898
43,46,Tokyo_Small,train,FaithfulMAPPER,3600,6,92,38,0.4130,1.0000,0.0000,753.8158,376.9079,0.4330,4.6632,275.6286,484.1667,1271.0044,0.9223,29.2117,26.4958,870.6605,268.7278,536.5109,89418.4766,0,0,-0.0014,1.2546,0.6928,1.3881,277,0.4130,0.5870,4.7446,1125.4863,wave,0.1667,0.3118,1.6941,0.0000,1.0000,0.0000,21.4277,24,936.2339,0.3600,0.7995,6,2,48298.1641,3.0109,0.0000,3.0109,0.5364,1.3804,0.0000,6.2188,49144.9727,41,1.1552,518819.2188,6.5326,49359
43,47,Tokyo_Small,train,MAPPO,3600,6,108,60,0.5556,1.0000,0.0000,939.2333,469.6167,0.3911,4.6561,275.8723,658.6154,1085.9409,0.7873,29.4861,26.4421,769.8184,207.6467,505.0555,84175.9297,0,0,-0.0001,1.2599,0.6931,1.8450,325,0.5556,0.4444,4.6793,1125.4863,wave,0.2527,0.4480,1.7028,0.0000,1.0000,0.0000,58.6842,28,937.2144,0.3683,0.8094,9,1,65156.4570,3.0093,0.0000,3.0093,0.6152,0.9354,0.0000,5.4903,39702.4180,30,1.8185,490131.4062,8.1111,54546
43,48,Kyoto_Small,train,IPPO,3600,6,101,54,0.5347,1.0000,0.0000,876.6296,219.1574,0.6758,4.0027,241.6739,593.6053,1126.0262,0.9319,19.8123,18.1426,848.2675,186.0686,556.0099,92668.3203,0,0,-0.0000,0.5236,0.6931,1.1866,350,0.5347,0.4653,3.9896,99.0000,flat,0.1432,0.2828,1.5016,0.0000,1.0000,0.0000,16.4687,12,101.3203,0.0835,0.8194,7,2,60805.4180,3.4653,0.0000,3.4653,0.5394,0.7258,0.0000,2.0719,9188.9570,9,2.1906,549777.8750,6.5941,56157
43,49,Kyoto_Small,train,FaithfulMAPPER,3600,6,98,59,0.6020,1.0000,0.0000,662.2373,220.7458,0.5592,4.0014,194.7292,546.3636,935.6038,0.9609,19.6777,18.1149,696.2751,176.0833,331.9796,55329.9336,0,0,-0.0007,0.7651,0.6928,0.8511,288,0.6020,0.3980,3.9781,99.0000,flat,0.1786,0.3222,1.6082,0.0000,1.0000,0.0000,7.6084,12,101.3992,0.0744,0.9142,9,3,55200.6211,2.9388,0.0000,2.9388,0.6221,0.7297,0.0000,2.0689,9508.2764,5,1.5647,325638.1250,7.3061,32534
43,50,Kyoto_Small,train,MAPPO,3600,6,109,57,0.5229,1.0000,0.0000,773.6140,193.4035,0.7788,3.9948,218.1875,573.4042,1108.7178,1.0000,19.8215,17.3140,709.0673,179.0434,597.3945,99565.7500,0,0,-0.0000,0.6644,0.6931,1.2960,365,0.5229,0.4771,3.9879,99.0000,flat,0.1880,0.3342,1.6378,0.0000,1.0000,0.0000,0.0000,12,101.8614,0.0736,0.8187,9,3,63196.9141,3.3486,0.0000,3.3486,0.4872,0.6861,0.0000,1.7712,9047.5234,4,2.1326,591438.0000,6.1284,65116
43,51,LosAngeles_Small,train,IPPO,3600,6,94,54,0.5745,1.0000,0.0000,674.3519,168.5880,0.6695,4.6565,226.2449,500.7083,1021.7780,0.9032,22.5450,21.1852,831.9426,211.1415,620.9575,103492.9062,0,0,-0.0000,0.7322,0.6931,1.3396,291,0.5745,0.4255,4.6925,944.3675,wave,0.2033,0.3912,1.5137,0.0000,1.0000,0.0000,21.8893,24,786.9733,0.3647,0.9340,9,2,55176.0078,3.0957,0.0000,3.0957,0.6099,0.7795,0.0000,4.8405,34227.0273,36,2.8701,606357.1875,8.1489,58370
43,52,LosAngeles_Small,train,FaithfulMAPPER,3600,6,96,56,0.5833,1.0000,0.0000,984.5000,246.1250,0.7016,4.6540,277.5532,658.5641,1141.2313,0.8224,22.6695,21.2737,837.3979,205.6104,665.5521,110925.3438,0,0,-0.0008,0.6949,0.6927,0.9700,317,0.5833,0.4167,4.6964,944.3675,wave,0.2271,0.4067,1.4729,0.0000,1.0000,0.0000,49.3069,28,786.9664,0.3688,0.8850,8,2,63908.9570,3.3021,0.0000,3.3021,0.6814,0.9499,0.0000,5.5351,40546.1602,40,3.8936,650646.8125,6.7812,63893
43,53,LosAngeles_Small,train,MAPPO,3600,6,104,53,0.5096,1.0000,0.0000,908.6981,227.1745,0.7190,4.6535,253.9333,669.7750,1128.7609,0.8890,22.3403,20.5664,889.8193,234.8818,779.7404,129956.7344,0,0,-0.0000,0.8252,0.6931,1.5371,367,0.5096,0.4904,4.7022,944.3675,wave,0.2321,0.4422,1.7114,0.0000,1.0000,0.0000,28.1812,28,787.1111,0.3717,0.9283,10,3,59824.3242,3.5288,0.0000,3.5288,0.4946,0.8968,0.0000,5.7328,52931.5781,45,8.8522,765530.1250,9.7692,81093
43,54,Tokyo_Small,train,IPPO,3600,6,104,47,0.4519,1.0000,0.0000,959.7234,959.7234,0.2533,4.2504,231.8974,631.1081,1021.3587,0.8809,29.2956,24.5955,880.9724,235.1693,384.6923,64115.3828,0,0,-0.0000,1.1395,0.6931,1.6101,325,0.4519,0.5481,4.4162,513.2000,shock_burst,0.2917,0.5195,1.7472,0.0000,1.0000,0.0000,27.6257,24,434.4617,0.4276,0.8307,10,1,48003.8594,3.1250,0.0000,3.1250,0.3945,0.7986,0.0000,2.6998,19674.2461,12,1.4391,373887.7812,6.1250,40008
43,55,Tokyo_Small,train,FaithfulMAPPER,3600,6,99,50,0.5051,1.0000,0.0000,748.5800,748.5800,0.2087,4.2573,206.7045,519.5789,1012.0054,0.9792,29.7073,27.9542,795.8629,213.4496,442.9899,73831.6484,0,0,-0.0006,1.0061,0.6926,1.0247,253,0.5051,0.4949,4.3525,513.2000,shock_burst,0.1773,0.3214,1.5954,0.0000,1.0000,0.0000,4.3035,24,433.8642,0.4278,0.9312,8,2,50600.2695,2.5556,0.0000,2.5556,0.5579,0.8056,0.0000,2.4770,15357.1240,13,1.1909,432332.2500,8.0303,43856
43,56,Tokyo_Small,train,MAPPO,3600,6,98,54,0.5510,1.0000,0.0000,936.2778,936.2778,0.2492,4.2488,296.2292,635.4865,1150.9810,0.7771,29.7393,25.7172,803.2662,240.2646,440.1327,73355.4453,0,0,-0.0000,0.6313,0.6931,1.2936,316,0.5510,0.4490,4.3176,513.2000,shock_burst,0.1875,0.3464,1.6813,0.0000,1.0000,0.0000,66.0330,24,434.4158,0.4324,0.8832,7,2,62152.9727,3.2245,0.0000,3.2245,0.6341,0.9746,0.0000,4.5887,41153.3438,22,4.6285,428901.5625,8.3673,43133
43,57,Kyoto_Small,train,IPPO,3600,6,113,51,0.4513,1.0000,0.0000,760.1569,380.0784,0.4679,4.4924,275.5227,497.7436,1090.5813,0.7916,20.0821,18.1700,816.9573,166.6003,460.7964,76799.4062,0,0,-0.0000,0.9771,0.6931,1.5101,373,0.4513,0.5487,4.5825,495.8625,building_up,0.1989,0.3636,1.6685,0.0000,1.0000,0.0000,57.4065,24,427.3539,0.3365,0.7968,8,2,55619.6445,3.3009,0.0000,3.3009,0.4190,0.7760,0.0000,3.5783,25632.9766,23,1.8066,452108.8750,6.6372,52070
43,58,Kyoto_Small,train,FaithfulMAPPER,3600,6,115,81,0.7043,1.0000,0.0000,790.2963,263.4321,0.5129,4.4874,246.8438,630.6458,1116.6154,0.9047,19.8500,17.8189,823.1345,186.1420,355.3652,59227.5352,0,0,-0.0003,1.0607,0.6927,1.1268,369,0.7043,0.2957,4.5119,495.8625,building_up,0.1875,0.3344,1.6027,0.0000,1.0000,0.0000,23.5207,24,428.0917,0.3424,0.9374,11,3,90445.8438,3.2087,0.0000,3.2087,0.7837,0.9036,0.0000,6.0976,67591.1953,40,1.7351,347151.0000,6.9043,40867
43,59,Kyoto_Small,train,MAPPO,3600,6,90,51,0.5667,1.0000,0.0000,834.3333,417.1667,0.3510,4.4961,237.0682,583.2308,1029.8425,0.8688,19.9157,16.9736,890.2731,206.7159,290.3778,48396.2969,0,0,-0.0002,0.9253,0.6930,1.6411,302,0.5667,0.4333,4.5440,495.8625,building_up,0.2646,0.4738,1.6602,0.0000,1.0000,0.0000,31.0997,24,426.4886,0.3477,0.8451,8,1,52521.9727,3.3556,0.0000,3.3556,0.4446,0.7465,0.0000,4.6472,43372.2461,33,1.9598,279822.8438,5.7222,26134
43,60,LosAngeles_Small,train,IPPO,3600,6,107,44,0.4112,1.0000,0.0000,932.1364,466.0682,0.4737,4.2427,303.8947,632.8530,1094.0900,0.7200,23.6794,21.1057,747.5947,212.0275,758.0187,126336.4453,0,0,-0.0000,1.2125,0.6931,1.7528,360,0.4112,0.5888,4.3947,430.0000,shock_burst,0.3077,0.5547,1.7698,0.0000,1.0000,0.0000,85.0768,24,364.2744,0.4344,0.7691,9,1,48139.9570,3.3645,0.0000,3.3645,0.5226,1.1420,0.0000,2.4394,10511.1289,8,1.9473,747092.2500,7.5047,81108
43,61,LosAngeles_Small,train,FaithfulMAPPER,3600,6,107,53,0.4953,1.0000,0.0000,911.4528,455.7264,0.4368,4.2234,246.6222,676.9487,1136.4436,0.9216,23.2143,21.0697,848.7980,220.0536,359.6168,59936.1367,0,0,-0.0008,0.4425,0.6926,0.8272,380,0.4953,0.5047,4.2685,430.0000,shock_burst,0.1531,0.2828,1.4395,0.0000,1.0000,0.0000,19.3335,24,365.2820,0.4461,0.8177,8,3,60231.5078,3.5514,0.0000,3.5514,0.5421,0.7534,0.0000,4.3567,34656.8945,16,1.5135,350167.3125,5.9533,38479
43,62,LosAngeles_Small,train,MAPPO,3600,6,94,49,0.5213,1.0000,0.0000,882.1224,441.0612,0.4300,4.2391,283.1500,598.0263,1298.0864,0.9169,24.1794,20.8601,891.8043,236.4000,529.0106,88168.4375,0,0,-0.0000,1.1720,0.6930,1.8350,341,0.5213,0.4787,4.3603,430.0000,shock_burst,0.2487,0.4403,1.6846,0.0000,1.0000,0.0000,23.5327,24,364.2803,0.4385,0.8200,8,1,63606.2344,3.6277,0.0000,3.6277,0.5160,0.9201,0.0000,6.9188,46798.6484,15,1.2464,518600.4375,6.5532,49727
43,63,Tokyo_Small,train,IPPO,3600,6,107,50,0.4673,1.0000,0.0000,864.1600,864.1600,0.2882,4.3364,272.3721,577.9231,1047.1909,0.7689,28.4714,26.1210,853.1790,222.0745,481.7383,80289.7188,0,0,-0.0000,1.5448,0.6931,1.8953,301,0.4673,0.5327,4.3764,618.6302,ramp_up_down,0.2727,0.4810,1.6933,0.0000,1.0000,0.0000,62.9339,24,548.1945,0.3036,0.8257,10,2,52359.5469,2.8131,0.0000,2.8131,0.3994,0.7489,0.0000,2.2950,17547.3926,15,1.5448,469748.2500,7.2336,51546
43,64,Tokyo_Small,train,FaithfulMAPPER,3600,6,104,48,0.4615,1.0000,0.0000,997.7083,997.7083,0.2628,4.3408,289.8462,873.0000,1005.7186,0.6940,28.8434,26.2466,850.7908,229.9918,503.6442,83940.7031,0,0,-0.0002,1.1192,0.6925,0.9569,352,0.4615,0.5385,4.3516,618.6302,ramp_up_down,0.0659,0.1307,1.7652,0.0000,1.0000,0.0000,88.7024,24,547.7908,0.3028,0.8928,7,5,48274.4961,3.3846,0.0000,3.3846,0.4830,0.9786,0.0000,2.7938,21526.1777,9,1.0764,491327.0625,7.4327,52379
43,65,Tokyo_Small,train,MAPPO,3600,6,87,51,0.5862,1.0000,0.0000,921.8235,921.8235,0.2541,4.3355,268.9762,693.3611,1069.9741,0.7956,29.1387,26.6749,832.3304,265.6218,268.1149,44685.8242,0,0,-0.0001,1.2302,0.6930,1.8617,271,0.5862,0.4138,4.3004,618.6302,ramp_up_down,0.2143,0.3776,1.5713,0.0000,1.0000,0.0000,54.9814,24,547.6705,0.3114,0.9049,10,3,54568.6797,3.1149,0.0000,3.1149,0.5984,0.8729,0.0000,2.6660,16600.1211,14,1.1984,254751.6094,6.9195,23326
43,66,Kyoto_Small,train,IPPO,3600,6,101,61,0.6040,1.0000,0.0000,771.5901,385.7951,0.3741,4.4923,277.7143,588.8444,967.4846,0.6967,20.0723,17.2708,717.1654,186.3444,290.7921,48465.3477,0,0,-0.0000,0.8657,0.6931,1.5143,277,0.6040,0.3960,4.5666,495.8625,building_up,0.3268,0.5823,1.7032,0.0000,1.0000,0.0000,84.2174,24,427.2703,0.3430,0.8763,10,0,59016.5586,2.7426,0.0000,2.7426,0.5671,0.7096,0.0000,4.6750,23733.2402,42,1.1284,282250.8438,7.1089,29370
43,67,Kyoto_Small,train,FaithfulMAPPER,3600,6,108,65,0.6019,1.0000,0.0000,909.2154,454.6077,0.3994,4.4847,269.2222,606.5111,1172.3439,0.8709,19.8522,16.9432,894.5492,171.0246,333.9537,55658.9492,0,0,-0.0004,0.6533,0.6927,0.9432,353,0.6019,0.3981,4.5216,495.8625,building_up,0.1659,0.2949,1.6655,0.0000,1.0000,0.0000,34.7534,24,427.8806,0.3464,0.9032,10,4,76202.3516,3.2685,0.0000,3.2685,0.6090,0.8600,0.0000,3.9199,21293.9453,26,6.4782,325301.2812,6.3148,36067
43,68,Kyoto_Small,train,MAPPO,3600,6,89,55,0.6180,1.0000,0.0000,738.7455,369.3727,0.4256,4.4976,279.6956,489.4167,1076.3381,0.7696,19.3620,16.7195,786.2991,190.9136,331.2472,55207.8633,0,0,-0.0000,0.7822,0.6930,1.4269,291,0.6180,0.3820,4.6271,495.8625,building_up,0.1768,0.3262,1.8720,0.0000,1.0000,0.0000,64.4280,24,426.2872,0.3453,0.8793,8,3,59198.6016,3.2697,0.0000,3.2697,0.6709,0.9879,0.0000,5.6006,39822.4648,35,2.1856,322060.2500,6.5169,29481
43,69,LosAngeles_Small,train,IPPO,3600,6,111,61,0.5495,1.0000,0.0000,720.3607,360.1803,0.3499,4.3335,228.0577,536.2400,979.5197,0.8590,23.5250,20.3725,750.2560,209.9570,364.6306,60771.7734,0,0,-0.0000,0.6029,0.6931,1.2723,400,0.5495,0.4505,4.3526,519.0942,ramp_up_down,0.1939,0.3488,1.7420,0.0000,1.0000,0.0000,32.1537,24,461.0817,0.3030,0.8993,10,3,59750.7031,3.6036,0.0000,3.6036,0.5241,0.7336,0.0000,4.2006,30467.4766,26,1.1836,353610.4375,6.7207,40474
43,70,LosAngeles_Small,train,FaithfulMAPPER,3600,6,102,54,0.5294,1.0000,0.0000,851.5185,851.5185,0.3016,4.3341,255.4565,585.9286,1111.8110,0.8705,22.3090,19.1280,843.6846,229.0270,350.7843,58464.0508,0,0,-0.0004,0.6910,0.6926,0.9648,356,0.5294,0.4706,4.3122,519.0942,ramp_up_down,0.2077,0.3740,1.7260,0.0000,1.0000,0.0000,33.0943,24,460.5536,0.3066,0.8235,8,2,60037.7969,3.4902,0.0000,3.4902,0.5136,0.8110,0.0000,4.3282,30455.0059,22,1.0666,339808.3438,6.7647,35780
43,71,LosAngeles_Small,train,MAPPO,3600,6,102,47,0.4608,1.0000,0.0000,830.7021,830.7021,0.2580,4.3385,221.6216,529.6389,841.5275,0.7594,23.2413,21.9967,802.6686,226.5930,435.4314,72571.8984,0,0,-0.0002,1.9466,0.6930,2.3615,305,0.4608,0.5392,4.3772,519.0942,ramp_up_down,0.2556,0.4757,1.6492,0.0000,1.0000,0.0000,53.3161,24,460.3639,0.2988,0.8858,7,1,39551.7930,2.9902,0.0000,2.9902,0.3426,0.6538,0.0000,4.1717,33924.0117,16,1.0000,425531.4375,7.2843,44414
43,72,Tokyo_Small,train,IPPO,3600,6,121,57,0.4711,1.0000,0.0000,969.4211,484.7105,0.4645,4.6563,243.0435,658.9750,1160.5223,0.9550,28.1902,26.1269,798.2748,197.6506,649.1074,108184.5703,0,0,-0.0000,1.2780,0.6931,1.8017,399,0.4711,0.5289,4.7161,1125.4863,wave,0.0900,0.1744,1.7080,0.0000,1.0000,0.0000,10.9390,28,937.6433,0.3649,0.8841,8,4,66149.7734,3.2975,0.0000,3.2975,0.5345,0.9819,0.0000,5.1025,55048.6484,39,1.2746,634072.4375,8.5372,78542
43,73,Tokyo_Small,train,FaithfulMAPPER,3600,6,90,47,0.5222,1.0000,0.0000,713.5106,356.7553,0.4683,4.6605,234.8718,488.1750,1202.4624,1.0000,28.5887,26.2557,903.9023,255.7781,431.6778,71946.2969,0,0,-0.0010,0.8357,0.6926,0.9080,302,0.5222,0.4778,4.7666,1125.4863,wave,0.1580,0.2828,1.5863,0.0000,1.0000,0.0000,0.0000,28,936.5153,0.3654,0.8975,7,3,56515.7344,3.3556,0.0000,3.3556,0.5179,0.9165,0.0000,4.2648,31398.8066,39,1.7703,410729.0312,6.4111,38851
43,74,Tokyo_Small,train,MAPPO,3600,6,85,52,0.6118,1.0000,0.0000,842.4039,280.8013,0.5268,4.6606,263.9131,560.8919,1236.4210,0.9370,28.3561,26.4208,956.6554,252.0643,527.0941,87849.0234,0,0,-0.0002,0.9094,0.6929,1.2607,278,0.6118,0.3882,4.7169,1125.4863,wave,0.2764,0.5288,1.5844,0.0000,1.0000,0.0000,16.6288,28,936.5269,0.3645,0.8852,10,2,64293.8945,3.2706,0.0000,3.2706,0.6245,0.9326,0.0000,6.7700,71114.0703,33,2.1979,506236.2500,7.3412,44803
43,75,Kyoto_Small,train,IPPO,3600,6,103,59,0.5728,1.0000,0.0000,771.6780,257.2260,0.5292,4.3102,240.4694,570.2500,1225.9060,1.0000,19.6182,17.5507,854.7598,185.7465,509.7767,84962.7812,0,0,-0.0001,1.2508,0.6931,1.8349,360,0.5728,0.4272,4.3419,347.1364,ramp_up_down,0.0741,0.1441,1.6934,0.0000,1.0000,0.0000,0.0000,24,310.3286,0.3132,0.9252,7,4,72328.4531,3.4951,0.0000,3.4951,0.5812,1.0092,0.0000,3.5392,20446.7441,22,3.5104,502019.5625,5.8738,52507
43,76,Kyoto_Small,train,FaithfulMAPPER,3600,6,95,47,0.4947,1.0000,0.0000,787.2128,393.6064,0.4506,4.3293,254.6000,553.1053,967.1114,0.7597,19.8858,17.9306,797.0663,205.6010,312.7579,52126.3164,0,0,-0.0006,0.9151,0.6926,0.9079,292,0.4947,0.5053,4.3497,347.1364,ramp_up_down,0.3111,0.5523,1.5446,0.0000,1.0000,0.0000,61.1777,24,308.9258,0.3075,0.9382,8,1,45454.2344,3.0737,0.0000,3.0737,0.3621,0.5823,0.0000,4.9823,25422.3086,33,3.5374,303816.4062,7.0947,29712
43,77,Kyoto_Small,train,MAPPO,3600,6,111,51,0.4595,1.0000,0.0000,923.5686,307.8562,0.5000,4.3177,246.2857,643.3571,1211.8818,0.9841,20.0568,18.5439,842.7362,189.8792,468.2613,78043.5469,0,0,-0.0000,0.8440,0.6929,1.5658,364,0.4595,0.5405,4.3459,347.1364,ramp_up_down,0.1691,0.3120,1.6273,0.0000,1.0000,0.0000,3.9093,24,309.9875,0.3085,0.9327,8,2,61805.9727,3.2793,0.0000,3.2793,0.4751,0.8919,0.0000,4.4287,31852.5098,22,5.2619,460075.0000,6.3874,51977
43,78,LosAngeles_Small,train,IPPO,3600,6,105,53,0.5048,1.0000,0.0000,663.4340,331.7170,0.3928,4.3398,186.2955,498.4000,1027.7517,1.0000,23.9167,21.8726,829.1890,237.0951,779.4476,129907.9375,0,0,-0.0001,1.0705,0.6931,1.6526,321,0.5048,0.4952,4.4133,519.0942,ramp_up_down,0.2080,0.4115,1.6896,0.0000,1.0000,0.0000,0.0000,24,460.0020,0.3035,0.9867,8,0,54470.8438,3.0571,0.0000,3.0571,0.4149,0.6929,0.0000,3.6467,20026.6797,23,1.4470,768935.1875,7.4381,81842
43,79,LosAngeles_Small,train,FaithfulMAPPER,3600,6,108,56,0.5185,1.0000,0.0000,926.6250,463.3125,0.3862,4.3354,229.8958,722.7073,978.5635,0.8513,22.9422,21.1709,716.4734,198.4246,439.7222,73287.0391,0,0,-0.0003,0.7599,0.6926,0.9455,351,0.5185,0.4815,4.3355,519.0942,ramp_up_down,0.2995,0.5491,1.5999,0.0000,1.0000,0.0000,34.1831,24,460.8328,0.2988,0.8926,11,1,54799.5547,3.2500,0.0000,3.2500,0.5933,0.8296,0.0000,3.1121,19031.5898,19,1.6867,428395.1250,7.6296,47490
43,80,LosAngeles_Small,train,MAPPO,3600,6,110,61,0.5545,1.0000,0.0000,764.7377,254.9126,0.6591,4.3241,211.5957,579.5909,948.6437,0.8967,23.3855,18.7927,856.1687,196.6300,775.2909,129215.1484,0,0,-0.0000,0.6369,0.6929,1.2695,359,0.5545,0.4455,4.3453,519.0942,ramp_up_down,0.1250,0.2259,1.6220,0.0000,1.0000,0.0000,21.8670,36,461.3011,0.3109,0.8186,10,5,57867.2656,3.2636,0.0000,3.2636,0.5406,0.8256,0.0000,3.4121,21463.4434,25,2.6090,764872.6250,6.5636,85282
43,81,Tokyo_Small,train,IPPO,3600,6,95,39,0.4105,1.0000,0.0000,820.6411,410.3205,0.3945,4.3445,270.7273,528.8710,1156.3148,0.8542,29.7986,27.2853,811.0716,283.2773,711.8527,118642.1016,0,0,-0.0003,0.9611,0.6931,1.6099,294,0.4105,0.5895,4.3906,618.6302,ramp_up_down,0.2857,0.5063,1.7499,0.0000,1.0000,0.0000,39.4643,24,547.2261,0.2998,0.8074,7,1,45096.2773,3.0947,0.0000,3.0947,0.4894,1.0884,0.0000,2.6661,13241.1836,20,2.3528,698083.3125,6.6842,67626
43,82,Tokyo_Small,train,FaithfulMAPPER,3600,6,85,49,0.5765,1.0000,0.0000,867.5919,433.7959,0.4351,4.3440,227.8864,639.5122,841.1631,0.7382,28.6018,24.7574,744.6603,257.3219,449.0118,74835.2969,0,0,-0.0008,0.7468,0.6926,0.7637,275,0.5765,0.4235,4.4008,618.6302,ramp_up_down,0.1809,0.3386,1.5857,0.0000,1.0000,0.0000,59.6537,24,547.3553,0.2999,0.8490,8,3,41216.9961,3.2353,0.0000,3.2353,0.5049,0.6390,0.0000,3.6586,25237.5898,31,2.1433,434242.3125,7.1882,38166
43,83,Tokyo_Small,train,MAPPO,3600,6,106,53,0.5000,1.0000,0.0000,824.6793,412.3396,0.4151,4.3404,261.4043,616.2000,972.4782,0.7440,28.5798,25.5205,886.5536,245.8449,635.1981,105866.3516,0,0,-0.0000,0.6255,0.6929,1.3507,371,0.5000,0.5000,4.3547,618.6302,ramp_up_down,0.2778,0.5232,1.5445,0.0000,1.0000,0.0000,66.9086,24,547.5639,0.3057,0.8916,9,2,51541.3438,3.5000,0.0000,3.5000,0.4824,0.7824,0.0000,3.7798,27773.8750,18,5.9795,623800.6875,7.2642,67331
43,84,Kyoto_Small,train,IPPO,3600,6,104,60,0.5769,1.0000,0.0000,1001.3167,500.6583,0.4744,4.6445,277.4314,699.2391,1054.7875,0.7604,19.8529,17.5121,805.3696,180.0873,471.5769,78596.1562,0,0,-0.0000,0.9389,0.6931,1.5448,329,0.5769,0.4231,4.7240,631.4694,wave,0.1656,0.3113,1.6776,0.0000,1.0000,0.0000,66.4739,28,528.3586,0.3700,0.8785,8,3,63287.2461,3.1635,0.0000,3.1635,0.7015,0.9733,0.0000,8.2509,69436.6719,65,3.7477,461007.1562,7.2596,49044
43,85,Kyoto_Small,train,FaithfulMAPPER,3600,6,98,54,0.5510,1.0000,0.0000,800.9445,400.4722,0.4754,4.6466,299.5107,538.7250,1304.3995,0.8710,19.8916,17.9706,942.0308,203.9371,272.5306,45421.7695,0,0,-0.0008,0.9088,0.6926,1.1597,335,0.5510,0.4490,4.7571,631.4694,wave,0.1061,0.2033,1.7087,0.0000,1.0000,0.0000,38.6307,24,527.7708,0.3744,0.8487,7,4,70437.5781,3.4184,0.0000,3.4184,0.6217,1.0627,0.0000,5.1918,30185.8574,32,2.4548,262085.3125,6.7755,26708
43,86,Kyoto_Small,train,MAPPO,3600,6,110,59,0.5364,1.0000,0.0000,703.4237,703.4237,0.3212,4.6460,209.3600,582.2444,1059.8835,1.0000,19.3636,17.4851,831.8298,145.3500,304.3182,50719.6953,0,0,-0.0000,1.1621,0.6929,1.8402,325,0.5364,0.4636,4.6864,631.4694,wave,0.3422,0.6125,1.7515,0.0000,1.0000,0.0000,0.0000,24,527.7486,0.3730,1.0026,10,1,62533.1289,2.9545,0.0000,2.9545,0.4903,0.8254,0.0000,8.1919,75685.5078,53,1.3630,295127.2812,7.8455,33475
43,87,LosAngeles_Small,train,IPPO,3600,6,95,53,0.5579,1.0000,0.0000,731.6793,243.8931,0.5279,4.0364,243.3721,502.2439,1123.8652,0.9236,23.0051,20.6905,791.6277,222.8501,509.3684,84894.7344,0,0,-0.0000,0.7441,0.6931,1.4026,317,0.5579,0.4421,4.0369,149.0000,flat,0.2411,0.4308,1.6206,0.0000,1.0000,0.0000,18.5990,14,150.0381,0.0591,0.7521,9,2,59564.8555,3.3368,0.0000,3.3368,0.4519,0.6318,0.0000,1.8746,7975.3193,5,2.4017,500314.1875,7.5263,48390
43,88,LosAngeles_Small,train,FaithfulMAPPER,3600,6,88,56,0.6364,1.0000,0.0000,795.5357,397.7679,0.3783,4.0357,265.4667,523.8095,1114.9613,0.8400,23.5050,19.5541,800.1008,235.0389,379.7273,63287.8789,0,0,-0.0010,0.5408,0.6925,0.7189,280,0.6364,0.3636,4.0302,149.0000,flat,0.1454,0.2637,1.5774,0.0000,1.0000,0.0000,42.4744,12,149.9992,0.0575,0.8303,8,3,62437.8359,3.1818,0.0000,3.1818,0.6263,0.7639,0.0000,1.9784,8772.5781,5,2.5446,370454.1250,7.1591,33416
43,89,LosAngeles_Small,train,MAPPO,3600,6,108,42,0.3889,1.0000,0.0000,1015.2143,507.6071,0.4249,4.0418,272.8857,726.7353,1300.5438,0.9532,24.0957,22.9434,947.4048,226.9289,727.5093,121251.5469,0,0,-0.0002,1.7424,0.6928,2.2608,338,0.3889,0.6111,4.0346,149.0000,flat,0.2171,0.3903,1.7069,0.0000,1.0000,0.0000,12.7769,16,149.4967,0.0568,0.7282,8,2,54622.8438,3.1296,0.0000,3.1296,0.4995,1.3128,0.0000,1.8002,7593.0371,4,2.4018,719937.5000,8.3148,78571
43,90,Tokyo_Small,train,IPPO,3600,6,110,56,0.5091,1.0000,0.0000,962.3571,962.3571,0.3088,4.5058,217.7959,687.9286,801.5786,0.7361,29.3389,27.6644,682.8246,226.2825,483.5454,80590.9062,0,0,-0.0000,1.1483,0.6931,1.7076,348,0.5091,0.4909,4.5703,883.7547,building_up,0.2754,0.4919,1.6764,0.0000,1.0000,0.0000,57.4802,24,757.8528,0.3348,0.9253,9,2,44888.4023,3.1636,0.0000,3.1636,0.4642,0.6387,0.0000,3.2465,22696.6055,27,1.1222,469641.0938,8.0091,53190
43,91,Tokyo_Small,train,FaithfulMAPPER,3600,6,112,57,0.5089,1.0000,0.0000,854.0877,854.0877,0.2774,4.5025,266.5532,630.0000,1043.6173,0.7830,29.0595,27.8653,843.7224,241.3228,412.6964,68782.7344,0,0,-0.0005,1.3430,0.6926,0.9563,343,0.5089,0.4911,4.5454,883.7547,building_up,0.2879,0.5143,1.6153,0.0000,1.0000,0.0000,57.8297,28,757.9253,0.3406,0.9171,9,2,59486.1836,3.0625,0.0000,3.0625,0.4444,0.7486,0.0000,6.5822,48294.4531,46,1.6010,398968.7188,7.1964,46222
43,92,Tokyo_Small,train,MAPPO,3600,6,94,49,0.5213,1.0000,0.0000,961.8163,480.9082,0.4621,4.5070,279.6364,631.6316,1252.2649,0.8956,29.5536,27.3610,862.9523,230.0884,487.3085,81218.0859,0,0,-0.0000,1.3611,0.6928,1.9981,292,0.5213,0.4787,4.5755,883.7547,building_up,0.2165,0.3922,1.7175,0.0000,1.0000,0.0000,29.1834,28,757.7469,0.3336,0.8218,7,1,61360.9805,3.1064,0.0000,3.1064,0.4722,0.9039,0.0000,3.0351,28804.6406,31,1.9239,471125.1875,7.3511,45807
43,93,Kyoto_Small,train,IPPO,3600,6,116,75,0.6466,1.0000,0.0000,838.8400,279.6133,0.6419,4.3065,249.0625,565.7500,1017.4952,0.8171,18.8694,17.6571,772.6446,170.4534,373.9224,62320.4023,0,0,-0.0002,0.6064,0.6931,1.2389,355,0.6466,0.3534,4.3221,347.1364,ramp_up_down,0.1424,0.2923,1.7236,0.0000,1.0000,0.0000,45.5634,24,310.9717,0.3158,0.9845,10,2,76312.1406,3.0603,0.0000,3.0603,0.6139,0.8024,0.0000,3.6170,35870.8477,27,1.7303,367151.9062,7.2414,43375
43,94,Kyoto_Small,train,FaithfulMAPPER,3600,6,113,51,0.4513,1.0000,0.0000,864.9804,288.3268,0.5969,4.3118,279.8372,607.5263,1193.4855,0.8530,19.9931,18.2427,806.5457,166.8733,560.8849,93480.8281,0,0,-0.0003,1.0856,0.6924,1.1769,380,0.4513,0.5487,4.3760,347.1364,ramp_up_down,0.2525,0.4465,1.6802,0.0000,1.0000,0.0000,41.1401,24,309.6978,0.3239,0.8282,8,1,60867.7578,3.3628,0.0000,3.3628,0.5018,0.9589,0.0000,2.8009,15569.7881,15,5.6982,554033.5625,5.7788,63380
43,95,Kyoto_Small,train,MAPPO,3600,6,108,68,0.6296,1.0000,0.0000,828.9412,276.3137,0.6430,4.3100,241.2500,573.9600,1111.4094,0.9214,19.6352,18.0092,832.0513,195.7392,403.3518,67225.3125,0,0,-0.0000,0.8721,0.6928,1.5256,331,0.6296,0.3704,4.3015,347.1364,ramp_up_down,0.2343,0.4394,1.6533,0.0000,1.0000,0.0000,18.9681,24,310.0222,0.3235,0.9272,12,2,75575.8359,3.0648,0.0000,3.0648,0.6201,0.8187,0.0000,3.0109,20202.9082,20,4.1702,396502.3750,7.0463,43562
43,96,LosAngeles_Small,train,IPPO,3600,6,111,55,0.4955,1.0000,0.0000,966.0000,966.0000,0.1840,4.3295,273.7333,754.0883,1076.1096,0.7862,23.3524,19.4408,754.8182,201.5980,417.2342,69539.0391,0,0,-0.0000,0.8893,0.6931,1.4368,342,0.4955,0.5045,4.3611,519.0942,ramp_up_down,0.0997,0.1831,1.7717,0.0000,1.0000,0.0000,58.5114,24,460.7564,0.3103,0.9244,8,5,59186.0312,3.0811,0.0000,3.0811,0.5055,0.7700,0.0000,3.3628,16402.3633,17,1.6713,408225.1562,7.6577,46313
43,97,LosAngeles_Small,train,FaithfulMAPPER,3600,6,120,51,0.4250,1.0000,0.0000,802.4706,802.4706,0.3033,4.3403,217.9111,510.3846,1109.2878,1.0000,23.9428,21.5067,823.1334,198.5839,473.7583,78959.7188,0,0,-0.0002,1.2143,0.6927,0.9943,374,0.4250,0.5750,4.3859,519.0942,ramp_up_down,0.3409,0.6098,1.6629,0.0000,1.0000,0.0000,0.0000,24,460.1595,0.2998,0.9252,12,1,56573.6758,3.1167,0.0000,3.1167,0.4394,0.9072,0.0000,5.1606,34467.7812,24,1.9211,464822.9375,9.8000,56851
43,98,LosAngeles_Small,train,MAPPO,3600,6,102,50,0.4902,1.0000,0.0000,849.5000,424.7500,0.3884,4.3330,329.0976,684.2564,1277.3752,0.7763,22.9740,20.4722,827.2585,218.2946,394.4314,65738.5625,0,0,-0.0001,0.9568,0.6927,1.6635,352,0.4902,0.5098,4.3362,519.0942,ramp_up_down,0.1250,0.2284,1.6106,0.0000,1.0000,0.0000,73.6225,24,460.7825,0.3047,0.6965,7,3,63868.7617,3.4510,0.0000,3.4510,0.4197,0.7645,0.0000,3.5089,27350.3633,20,3.9635,383782.9062,7.8725,40232
43,99,Tokyo_Small,train,IPPO,3600,6,106,63,0.5943,1.0000,0.0000,604.3969,201.4656,0.5067,4.6559,199.3208,423.9575,805.7133,0.8085,29.7876,26.9845,785.2857,227.2609,729.9340,121655.6641,0,0,-0.0000,0.9403,0.6931,1.5858,314,0.5943,0.4057,4.7478,1125.4863,wave,0.1770,0.3514,1.6908,0.0000,1.0000,0.0000,38.1781,28,937.0603,0.3708,1.1626,9,1,50759.9375,2.9623,0.0000,2.9623,0.4943,0.6589,0.0000,4.8659,45379.3633,36,3.0305,715283.6250,9.8585,77373
43,100,Tokyo_Small,train,FaithfulMAPPER,3600,6,99,52,0.5253,1.0000,0.0000,888.2500,296.0833,0.5846,4.6567,228.5227,606.7180,1033.4353,0.9044,28.9633,27.0499,778.4030,236.2681,502.6768,83779.4609,0,0,-0.0003,0.8699,0.6924,1.0319,324,0.5253,0.4747,4.6786,1125.4863,wave,0.2411,0.4308,1.7526,0.0000,1.0000,0.0000,21.8357,24,937.2858,0.3653,0.7868,9,2,53738.6367,3.2727,0.0000,3.2727,0.5234,0.8355,0.0000,4.7276,46604.9727,35,2.6076,486259.2188,7.6768,49765
43,101,Tokyo_Small,train,MAPPO,3600,6,101,51,0.5050,1.0000,0.0000,829.4706,276.4902,0.5166,4.6554,249.2222,624.1905,998.4413,0.8012,28.5975,26.2361,781.6450,245.0663,680.0099,113334.9844,0,0,-0.0000,1.0409,0.6927,1.7028,327,0.5050,0.4950,4.6827,1125.4863,wave,0.2469,0.4422,1.5891,0.0000,1.0000,0.0000,49.5340,28,937.2831,0.3695,0.8785,9,2,50920.5039,3.2376,0.0000,3.2376,0.5075,0.7860,0.0000,7.4528,90395.7969,43,1.6641,664593.4375,6.7327,68681
43,102,Kyoto_Small,train,IPPO,3600,6,111,70,0.6306,1.0000,0.0000,813.8000,271.2667,0.6561,4.6293,244.2241,575.9348,1064.0833,0.8714,19.7059,18.2979,813.6500,179.9814,407.0090,67834.8359,0,0,-0.0000,0.9343,0.6931,1.5821,347,0.6306,0.3694,4.6848,631.4694,wave,0.2016,0.3600,1.7113,0.0000,1.0000,0.0000,31.4075,32,529.4269,0.3880,0.9766,9,2,74485.8281,3.1261,0.0000,3.1261,0.5653,0.8051,0.0000,6.2007,69390.4922,43,3.8068,398601.6562,5.6396,45178
43,103,Kyoto_Small,train,FaithfulMAPPER,3600,6,103,68,0.6602,1.0000,0.0000,764.3235,254.7745,0.6580,4.6409,231.0172,590.3200,1113.3737,0.9639,19.8515,18.3407,842.9688,191.2913,392.5049,65417.4766,0,0,-0.0012,0.7803,0.6928,0.8985,314,0.6602,0.3398,4.7419,631.4694,wave,0.2183,0.3868,1.6121,0.0000,1.0000,0.0000,8.3425,24,528.5697,0.3719,0.8731,10,3,75709.4062,3.0485,0.0000,3.0485,0.6600,0.7949,0.0000,5.6905,54473.7656,36,2.2133,383539.9375,7.2621,40428
43,104,Kyoto_Small,train,MAPPO,3600,6,105,61,0.5810,1.0000,0.0000,813.0328,203.2582,0.7581,4.6386,283.2400,513.3478,1220.6299,0.8619,20.0390,18.8295,836.6548,207.1401,522.5809,87096.8281,0,0,-0.0000,0.9416,0.6927,1.4364,360,0.5810,0.4190,4.6871,631.4694,wave,0.1893,0.3425,1.6820,0.0000,1.0000,0.0000,39.1140,28,528.4450,0.3832,0.9172,9,2,74458.4219,3.4286,0.0000,3.4286,0.6668,0.9242,0.0000,4.0090,21258.6797,30,19.5893,513067.3438,6.1524,54871
43,105,LosAngeles_Small,train,IPPO,3600,6,115,49,0.4261,1.0000,0.0000,1055.5918,527.7959,0.4030,4.3323,319.1795,764.9167,1143.3816,0.7165,23.0667,21.7773,837.3083,197.5344,608.9826,101497.1016,0,0,-0.0000,1.1096,0.6931,1.5913,398,0.4261,0.5739,4.3513,519.0942,ramp_up_down,0.2471,0.4455,1.6960,0.0000,1.0000,0.0000,90.5032,24,460.6581,0.3080,0.8481,9,2,56025.6992,3.4609,0.0000,3.4609,0.4144,0.8580,0.0000,2.4692,15787.3838,11,1.8500,599624.5000,7.6522,70033
43,106,LosAngeles_Small,train,FaithfulMAPPER,3600,6,116,70,0.6034,1.0000,0.0000,908.8857,454.4429,0.4120,4.3244,270.2807,640.5532,1016.6588,0.7523,24.0719,20.8601,816.7466,209.8819,432.4914,72081.8984,0,0,-0.0003,1.2108,0.6928,1.0811,393,0.6034,0.3966,4.3092,519.0942,ramp_up_down,0.2267,0.4007,1.6187,0.0000,1.0000,0.0000,66.9489,24,461.1953,0.3183,0.8882,12,3,71166.1172,3.3879,0.0000,3.3879,0.5198,0.7500,0.0000,3.1417,20757.2559,19,2.1205,422750.4062,7.9655,50169
43,107,LosAngeles_Small,train,MAPPO,3600,6,103,56,0.5437,1.0000,0.0000,818.6071,409.3036,0.3506,4.3408,211.1555,545.8975,1055.2578,0.9995,23.5718,22.4130,778.9067,218.6867,546.3301,91055.0156,0,0,-0.0000,1.0768,0.6927,1.7779,312,0.5437,0.4563,4.3600,519.0942,ramp_up_down,0.3393,0.5967,1.7833,0.0000,1.0000,0.0000,0.1040,28,460.0219,0.3002,0.9795,12,1,59094.4375,3.0291,0.0000,3.0291,0.4968,0.7788,0.0000,3.5278,23133.1680,23,3.0511,537093.8750,9.9320,56272
43,108,Tokyo_Small,train,IPPO,3600,6,106,51,0.4811,1.0000,0.0000,1037.2354,518.6177,0.4817,4.5016,318.0909,755.4211,1031.3870,0.6485,29.6323,26.8667,833.9211,251.5181,635.3585,105893.0781,0,0,-0.0000,0.8493,0.6931,1.4328,344,0.4811,0.5189,4.5326,883.7547,building_up,0.2739,0.5009,1.5933,0.0000,1.0000,0.0000,111.8135,24,758.4036,0.3383,0.8493,9,1,52600.7344,3.2453,0.0000,3.2453,0.4101,0.6972,0.0000,5.2117,42274.3516,34,1.6947,621790.8750,7.0660,67348
43,109,Tokyo_Small,train,FaithfulMAPPER,3600,6,92,51,0.5543,1.0000,0.0000,920.5294,306.8431,0.5426,4.5034,290.6190,667.5000,1219.2654,0.8391,29.1061,25.2292,878.2085,247.3890,640.6957,106782.6094,0,0,-0.0001,1.0113,0.6926,1.1028,301,0.5543,0.4457,4.5147,883.7547,building_up,0.2440,0.4338,1.6306,0.0000,1.0000,0.0000,46.7660,32,757.8533,0.3377,0.8142,9,2,62182.5352,3.2717,0.0000,3.2717,0.6583,1.1195,0.0000,5.8329,44150.7305,23,3.0559,625932.0625,6.5543,58944
43,110,Tokyo_Small,train,MAPPO,3600,6,92,46,0.5000,1.0000,0.0000,1038.2391,1038.2391,0.2961,4.5107,257.6923,709.0000,1405.8591,1.0000,29.0617,25.8461,994.5912,254.0574,490.4456,81740.9453,0,0,-0.0000,1.1954,0.6927,1.8409,267,0.5000,0.5000,4.5884,883.7547,building_up,0.3125,0.5568,1.6028,0.0000,1.0000,0.0000,0.0000,24,757.1180,0.3309,0.8537,9,1,64669.5234,2.9022,0.0000,2.9022,0.5076,0.9089,0.0000,9.8491,76961.7812,28,1.8736,476178.6875,7.2717,45121
43,111,Kyoto_Small,train,IPPO,3600,6,106,60,0.5660,1.0000,0.0000,757.9000,252.6333,0.6297,4.3141,230.8889,563.6170,1091.2045,0.9452,19.6301,17.7971,828.4608,181.0231,348.9906,58165.0938,0,0,-0.0001,0.7651,0.6931,1.4332,328,0.5660,0.4340,4.3696,347.1364,ramp_up_down,0.2094,0.3719,1.5541,0.0000,1.0000,0.0000,12.6480,28,310.1781,0.3119,0.8683,9,3,65472.2695,3.0943,0.0000,3.0943,0.4785,0.6608,0.0000,5.2542,50368.7539,33,902399.4375,341592.2500,6.3774,36993
43,112,Kyoto_Small,train,FaithfulMAPPER,3600,6,97,43,0.4433,1.0000,0.0000,790.5117,263.5039,0.5522,4.3203,257.9500,579.6316,1268.2455,0.9833,19.9386,18.4763,908.5289,216.6490,489.0928,81515.4609,0,0,-0.0003,1.5527,0.6926,0.9207,309,0.4433,0.5567,4.3756,347.1364,ramp_up_down,0.1813,0.3308,1.6392,0.0000,1.0000,0.0000,4.3009,24,309.3333,0.3109,0.8039,6,2,54534.5586,3.1856,0.0000,3.1856,0.4771,0.9892,0.0000,4.7588,31145.0859,25,3.9539,481493.5000,6.6392,47442
43,113,Kyoto_Small,train,MAPPO,3600,6,103,60,0.5825,1.0000,0.0000,805.8500,268.6167,0.5337,4.3127,226.1154,568.7872,873.0576,0.7722,20.0371,18.3873,747.9718,176.2126,466.8350,77805.8281,0,0,-0.0000,0.6834,0.6927,1.3138,317,0.5825,0.4175,4.3117,347.1364,ramp_up_down,0.1442,0.2774,1.6675,0.0000,1.0000,1.0000,51.5039,24,309.8692,0.3170,0.8603,10,4,52383.4531,3.0777,0.0000,3.0777,0.5591,0.7597,0.0000,3.4225,21198.2891,19,5.2537,459530.9062,6.1845,48084
43,114,LosAngeles_Small,train,IPPO,3600,6,98,48,0.4898,1.0000,0.0000,947.3125,473.6562,0.4211,4.3378,255.9302,641.3846,1187.4514,0.9279,23.6508,21.7878,872.7122,237.7331,753.8878,125647.9609,0,0,-0.0001,1.3804,0.6931,1.9225,333,0.4898,0.5102,4.3150,519.0942,ramp_up_down,0.1528,0.2942,1.6041,0.0000,1.0000,0.0000,18.4400,24,459.9308,0.3075,0.9346,10,4,56997.6680,3.3980,0.0000,3.3980,0.5542,1.0459,0.0000,2.5605,14161.9941,12,5.1349,742485.3125,7.2449,73881
43,115,LosAngeles_Small,train,FaithfulMAPPER,3600,6,101,48,0.4752,1.0000,0.0000,914.5417,457.2708,0.3647,4.3354,296.5238,628.7222,1323.1698,0.8925,22.5404,19.6751,978.1058,214.9643,329.3663,54894.3906,0,0,-0.0003,1.3673,0.6927,1.0064,314,0.4752,0.5248,4.3685,519.0942,ramp_up_down,0.2171,0.4178,1.6278,0.0000,1.0000,0.0000,31.8898,28,460.7158,0.2981,0.8295,9,3,63512.1523,3.1089,0.0000,3.1089,0.4471,0.9366,0.0000,3.1931,18788.7695,21,3.1434,318184.6562,8.3366,33266
43,116,LosAngeles_Small,train,MAPPO,3600,6,91,51,0.5604,1.0000,0.0000,848.0196,424.0098,0.4027,4.3323,266.6429,636.0789,1116.7909,0.8377,22.0586,19.3061,790.8562,234.8447,442.5494,73758.2422,0,0,-0.0000,0.8009,0.6927,1.4967,304,0.5604,0.4396,4.3670,519.0942,ramp_up_down,0.2104,0.3833,1.5548,0.0000,1.0000,0.0000,43.2847,24,460.9350,0.3028,0.8408,8,3,56956.3398,3.3407,0.0000,3.3407,0.5783,0.8291,0.0000,2.5347,19574.7520,17,1.8308,431156.6562,8.0769,40272
43,117,Tokyo_Small,train,IPPO,3600,6,112,51,0.4554,1.0000,0.0000,971.0588,485.5294,0.4713,4.3333,309.2954,630.9762,1270.3652,0.8215,29.3555,26.6722,798.0858,228.1082,544.8304,90805.0625,0,0,-0.0000,1.0085,0.6931,1.6356,359,0.4554,0.5446,4.3771,618.6302,ramp_up_down,0.3182,0.5741,1.7939,0.0000,1.0000,0.0000,55.2224,24,548.6489,0.3062,0.8885,9,0,64788.6250,3.2054,0.0000,3.2054,0.5963,1.2932,0.0000,6.2475,63480.8867,29,7618.7988,534145.4375,8.4732,61021
43,118,Tokyo_Small,train,FaithfulMAPPER,3600,6,97,43,0.4433,1.0000,0.0000,867.3023,433.6512,0.4157,4.3417,339.8421,615.2941,1179.0630,0.6939,29.7530,27.4927,948.4307,285.6901,537.8969,89649.4844,0,0,-0.0008,1.0899,0.6926,1.0552,271,0.4433,0.5567,4.3710,618.6302,ramp_up_down,0.1931,0.3461,1.5555,0.0000,1.0000,0.0000,104.0295,24,547.7797,0.2984,0.8385,8,2,50699.7109,2.7938,0.0000,2.7938,0.3844,0.7612,0.0000,3.1116,20276.8887,23,2.3695,525317.5625,6.9485,52176
43,119,Tokyo_Small,train,MAPPO,3600,6,93,50,0.5376,1.0000,0.0000,1160.0601,580.0300,0.4994,4.3412,339.6342,822.6389,1252.5793,0.7376,28.8578,27.2470,792.5352,267.3727,758.9462,126491.0391,0,0,-0.0000,0.9039,0.6926,1.6105,325,0.5376,0.4624,4.3533,618.6302,ramp_up_down,0.1607,0.2974,1.5939,0.0000,1.0000,0.0000,89.1183,24,547.6661,0.3023,0.8019,7,3,62628.9688,3.4946,0.0000,3.4946,0.5351,0.7705,0.0000,3.6891,32020.5781,22,1.2682,745418.2500,7.3118,70582
43,120,Kyoto_Small,train,IPPO,3600,6,122,60,0.4918,1.0000,0.0000,753.5500,376.7750,0.4612,4.4895,227.7170,525.4694,1065.5153,0.9358,19.9332,18.2729,778.6893,187.2285,572.0656,95344.2656,0,0,-0.0000,0.9587,0.6931,1.5923,372,0.4918,0.5082,4.5720,495.8625,building_up,0.2346,0.4303,1.6085,0.0000,1.0000,0.0000,14.6139,24,427.7281,0.3386,0.9604,11,3,63930.9141,3.0492,0.0000,3.0492,0.4337,0.6116,0.0000,3.5563,27927.4004,33,5.8438,564777.5625,7.1311,69792
43,121,Kyoto_Small,train,FaithfulMAPPER,3600,6,104,58,0.5577,1.0000,0.0000,904.9310,452.4655,0.4882,4.4903,237.1225,669.9545,1180.0925,0.9953,20.1040,18.5389,863.8986,202.4327,464.2500,77375.0000,0,0,-0.0008,0.8829,0.6927,1.1550,323,0.5577,0.4423,4.5341,495.8625,building_up,0.2397,0.4242,1.5754,0.0000,1.0000,0.0000,1.1039,24,427.1625,0.3511,0.8752,9,2,68445.3672,3.1058,0.0000,3.1058,0.5795,0.9693,0.0000,3.1050,20714.6973,28,2.6125,454914.3750,7.5577,48282
43,122,Kyoto_Small,train,MAPPO,3600,6,140,61,0.4357,1.0000,0.0000,682.5082,682.5082,0.3219,4.4849,225.3962,440.5957,994.9678,0.8829,19.9328,18.4035,738.0126,159.8677,430.8429,71807.1406,0,0,-0.0000,0.9311,0.6926,1.6378,439,0.4357,0.5643,4.5754,495.8625,building_up,0.2832,0.5128,1.5924,0.0000,1.0000,0.0000,26.4027,28,427.7128,0.3464,0.9679,10,2,60693.0352,3.1357,0.0000,3.1357,0.4814,0.7773,0.0000,5.8910,46664.9219,42,1.3319,424255.7188,8.3286,60318
43,123,LosAngeles_Small,train,IPPO,3600,6,117,51,0.4359,1.0000,0.0000,731.7647,731.7647,0.2435,4.3337,232.9535,556.4054,950.0107,0.8156,23.5062,20.9336,718.2883,190.7402,411.2564,68542.7344,0,0,-0.0001,0.9710,0.6931,1.5408,381,0.4359,0.5641,4.3606,519.0942,ramp_up_down,0.2896,0.5110,1.6095,0.0000,1.0000,0.0000,42.9514,28,460.5486,0.3043,0.8834,9,1,48450.5430,3.2564,0.0000,3.2564,0.3637,0.5580,0.0000,4.6431,27172.5938,32,1.7417,402075.6875,8.0940,48117
43,124,LosAngeles_Small,train,FaithfulMAPPER,3600,6,107,48,0.4486,1.0000,0.0000,879.7917,879.7917,0.2846,4.3316,248.6279,620.6667,1052.7806,0.8469,22.6860,21.4570,821.4614,213.8974,424.2430,70707.1641,0,0,-0.0003,1.1165,0.6928,0.9231,359,0.4486,0.5514,4.3938,519.0942,ramp_up_down,0.1071,0.2076,1.7529,0.0000,1.0000,0.0000,38.0718,24,460.8781,0.3065,0.8509,7,3,50533.4727,3.3551,0.0000,3.3551,0.4372,0.7710,0.0000,4.2184,21276.5840,25,1.7841,414021.3125,6.7757,45394
43,125,LosAngeles_Small,train,MAPPO,3600,6,130,59,0.4538,1.0000,0.0000,945.1525,945.1525,0.2537,4.3254,285.4200,630.4634,1367.0348,0.9579,23.8444,22.0381,936.8555,216.9300,399.6000,66600.0000,0,0,-0.0001,0.9235,0.6926,1.5433,486,0.4538,0.5462,4.3182,519.0942,ramp_up_down,0.1556,0.2879,1.7837,0.0000,1.0000,0.0000,12.0131,24,461.3861,0.3124,0.9081,8,4,80655.0547,3.7385,0.0000,3.7385,0.4639,1.0929,0.0000,3.6099,27714.7539,37,1.8455,390945.4062,5.4154,51948
43,126,Tokyo_Small,train,IPPO,3600,6,100,62,0.6200,1.0000,0.0000,863.8549,287.9516,0.5725,4.3362,303.9630,559.9565,1081.2303,0.7114,27.9229,25.9900,767.6231,218.9868,581.4200,96903.3359,0,0,-0.0000,0.7041,0.6931,1.3632,304,0.6200,0.3800,4.3509,618.6302,ramp_up_down,0.2179,0.3894,1.6104,0.0000,1.0000,0.0000,87.7169,24,548.5175,0.3038,0.9051,9,2,67036.2812,3.0400,0.0000,3.0400,0.6244,0.7124,0.0000,3.4345,24059.8262,22,2.1613,568740.7500,7.8300,58142
43,127,Tokyo_Small,train,FaithfulMAPPER,3600,6,110,57,0.5182,1.0000,0.0000,800.8772,266.9591,0.6511,4.3356,266.0200,551.2444,1093.5828,0.8222,28.0506,26.7575,815.8796,230.4917,818.6727,136445.4531,0,0,-0.0008,0.7408,0.6926,1.0014,349,0.5182,0.4818,4.3445,618.6302,ramp_up_down,0.0933,0.1720,1.5914,0.0000,1.0000,0.0000,47.3034,24,548.6208,0.3057,0.8035,7,4,62334.2188,3.1727,0.0000,3.1727,0.5742,0.9339,0.0000,2.8743,23776.4062,16,2.4306,807933.2500,7.0636,90054
43,128,Tokyo_Small,train,MAPPO,3600,6,93,42,0.4516,1.0000,0.0000,795.4048,265.1349,0.5424,4.3421,256.9744,614.4474,1126.4532,0.8767,28.5579,26.4650,885.0861,279.2296,461.7957,76965.9531,0,0,-0.0002,1.3720,0.6926,2.0044,295,0.4516,0.5484,4.3610,618.6302,ramp_up_down,0.1042,0.1925,1.6626,0.0000,1.0000,0.0000,31.6837,24,547.9417,0.2971,0.8382,6,3,47311.0352,3.1720,0.0000,3.1720,0.4869,1.0395,0.0000,3.4234,20536.2402,22,3.0658,449253.3438,9.1183,42947
43,129,Kyoto_Small,train,IPPO,3600,6,117,64,0.5470,1.0000,0.0000,883.9844,441.9922,0.4685,4.6383,297.4038,616.1111,1235.2731,0.8307,19.1573,17.3033,887.3229,187.9367,356.8205,59470.0859,0,0,-0.0001,1.0322,0.6931,1.6319,378,0.5470,0.4530,4.7089,631.4694,wave,0.2222,0.4194,1.6519,0.0000,1.0000,0.0000,50.3492,28,528.5231,0.3840,0.9739,10,1,79057.4766,3.2308,0.0000,3.2308,0.5112,0.8187,0.0000,6.0111,45492.7734,56,4.0587,348370.5312,7.3932,41748
43,130,Kyoto_Small,train,FaithfulMAPPER,3600,6,100,59,0.5900,1.0000,0.0000,677.7288,338.8644,0.4456,4.6414,228.7255,513.0000,1147.1683,1.0000,19.9916,17.8015,911.3520,194.8528,216.6400,36106.6680,0,0,-0.0008,0.9856,0.6926,1.1137,313,0.5900,0.4100,4.6481,631.4694,wave,0.2393,0.4300,1.6339,0.0000,1.0000,0.0000,0.0000,24,528.0656,0.3819,0.9479,9,2,67682.9297,3.1300,0.0000,3.1300,0.5515,0.8615,0.0000,6.4218,43241.9531,49,2.2667,207427.9844,6.7300,21664
43,131,Kyoto_Small,train,MAPPO,3600,6,111,49,0.4414,1.0000,0.0000,894.4490,447.2245,0.4308,4.6414,242.6923,672.4286,1151.8256,0.9492,19.9460,18.8644,808.7722,188.0378,439.9550,73325.8281,0,0,-0.0000,1.1526,0.6925,1.8095,376,0.4414,0.5586,4.6187,631.4694,wave,0.2168,0.4023,1.6838,0.0000,1.0000,0.0000,12.3272,24,527.8986,0.3804,0.8168,7,1,56439.4531,3.3874,0.0000,3.3874,0.4349,0.9181,0.0000,5.7209,23514.9844,24,2.5789,430768.9375,6.9459,48835
43,132,LosAngeles_Small,train,IPPO,3600,6,121,63,0.5207,1.0000,0.0000,937.7936,468.8968,0.4509,4.2212,276.0351,642.1021,1012.7082,0.7338,23.5821,19.8923,797.8041,192.8808,581.8347,96972.4531,0,0,-0.0000,0.7451,0.6931,1.4047,411,0.5207,0.4793,4.2846,430.0000,shock_burst,0.0825,0.1498,1.5625,0.0000,1.0000,0.0000,73.4935,24,365.2558,0.4501,0.9342,8,5,63800.6172,3.3967,0.0000,3.3967,0.5339,0.7647,0.0000,5.0430,16514.8652,15,2.6008,574407.2500,7.9256,70402
43,133,LosAngeles_Small,train,FaithfulMAPPER,3600,6,111,49,0.4414,1.0000,0.0000,889.6326,444.8163,0.3775,4.2375,352.7250,543.0000,1391.7861,0.7892,24.3755,21.6521,899.6501,205.3036,604.2793,100713.2109,0,0,-0.0003,1.4850,0.6925,1.1446,360,0.4414,0.5586,4.3805,430.0000,shock_burst,0.1776,0.3287,1.5594,0.0000,1.0000,0.0000,74.3678,24,365.2175,0.4304,0.8500,8,3,68197.5156,3.2432,0.0000,3.2432,0.5787,1.2626,0.0000,2.1298,11252.1201,8,2.5589,595285.8125,8.1622,67075
43,134,LosAngeles_Small,train,MAPPO,3600,6,96,48,0.5000,1.0000,0.0000,951.4792,317.1597,0.5004,4.2465,293.1463,668.4286,1248.2739,0.8516,23.8257,22.6098,898.6743,235.1329,716.2500,119375.0000,0,0,-0.0000,1.1997,0.6925,1.8646,316,0.5000,0.5000,4.4809,430.0000,shock_burst,0.2083,0.4030,1.7154,0.0000,1.0000,0.0000,43.4915,24,364.5600,0.4290,0.8307,9,3,59917.1523,3.2917,0.0000,3.2917,0.5883,1.2148,0.0000,2.6269,13642.9209,24,2.3466,706027.8125,8.5000,68760
43,135,Tokyo_Small,train,IPPO,3600,6,111,61,0.5495,1.0000,0.0000,1104.5902,368.1967,0.6289,4.0384,361.9583,789.8108,1295.7592,0.7160,28.5167,26.1129,938.3916,234.0144,807.5316,134588.5938,0,0,-0.0000,1.0910,0.6930,1.6977,328,0.5495,0.4505,4.0346,177.0000,flat,0.1823,0.3333,1.7285,0.0000,1.0000,0.0000,102.8065,16,177.8169,0.0557,0.7795,8,3,79041.3125,2.9550,0.0000,2.9550,0.5543,0.9562,0.0000,1.7782,9442.3271,2,2.6740,798830.0625,6.8739,89636
43,136,Tokyo_Small,train,FaithfulMAPPER,3600,6,119,56,0.4706,1.0000,0.0000,962.7679,481.3839,0.4985,4.0464,273.1136,703.5000,1071.7090,0.7848,29.7214,27.2542,816.2787,209.1827,772.7731,128795.5156,0,0,-0.0003,1.4129,0.6926,1.1352,361,0.4706,0.5294,4.0440,177.0000,flat,0.2367,0.4376,1.6705,0.0000,1.0000,0.0000,58.7719,12,177.3544,0.0487,0.8689,10,2,60015.7070,3.0336,0.0000,3.0336,0.5089,0.9553,0.0000,1.9451,9209.7422,4,2.4874,765620.8125,8.4706,91960
43,137,Tokyo_Small,train,MAPPO,3600,6,113,63,0.5575,1.0000,0.0000,780.9365,260.3122,0.6008,4.0425,246.3519,597.2955,990.6003,0.8042,29.7016,27.1962,840.9786,201.3112,789.9557,131659.2969,0,0,-0.0000,0.8529,0.6926,1.5617,322,0.5575,0.4425,4.0345,177.0000,flat,0.2200,0.3980,1.6791,0.0000,1.0000,0.0000,48.2318,16,177.6105,0.0516,0.7954,10,2,62407.8203,2.8496,0.0000,2.8496,0.5107,0.7582,0.0000,1.8326,9803.9961,6,4.0607,782161.2500,8.8496,89265
43,138,Kyoto_Small,train,IPPO,3600,6,97,52,0.5361,1.0000,0.0000,912.0769,182.4154,0.8455,4.0025,282.6531,746.5111,1132.8531,0.8016,19.5491,18.1024,801.6549,206.9173,539.1855,89864.2578,0,0,-0.0000,0.7431,0.6931,1.3963,324,0.5361,0.4639,3.9980,99.0000,flat,0.2222,0.4027,1.5189,0.0000,1.0000,0.0000,56.0824,12,101.3422,0.0733,0.8448,7,1,58908.3633,3.3402,0.0000,3.3402,0.5474,0.8005,0.0000,1.8571,7504.7295,4,2.5635,532905.3750,7.0412,52301
43,139,Kyoto_Small,train,FaithfulMAPPER,3600,6,115,61,0.5304,1.0000,0.0000,774.5082,193.6270,0.7688,4.0066,236.0213,661.6316,1070.9493,0.9075,19.1051,18.3043,843.7435,187.2391,680.1913,113365.2188,0,0,-0.0004,1.1578,0.6927,0.9374,372,0.5304,0.4696,3.9961,99.0000,flat,0.2963,0.5376,1.6104,0.0000,1.0000,0.0000,21.8314,12,101.2633,0.0770,0.8813,9,2,65327.9141,3.2348,0.0000,3.2348,0.4972,0.8159,0.0000,1.9317,8639.3740,5,9.7716,674629.6875,8.0261,78222
43,140,Kyoto_Small,train,MAPPO,3600,6,112,65,0.5804,1.0000,0.0000,732.2154,146.4431,0.8734,3.9864,197.1695,616.0546,952.4188,0.9661,19.8219,17.9421,719.0542,188.8752,654.5089,109084.8203,0,0,-0.0001,0.8004,0.6926,1.4765,362,0.5804,0.4196,3.9807,99.0000,flat,0.1724,0.3198,1.7181,0.0000,1.0000,0.0000,6.6857,12,102.0911,0.0692,0.9048,9,2,61907.2227,3.2321,0.0000,3.2321,0.5228,0.7130,0.0000,2.0365,11167.4834,7,3.1903,648440.1875,7.6964,73305
43,141,LosAngeles_Small,train,IPPO,3600,6,116,45,0.3879,1.0000,0.0000,864.9778,864.9778,0.3273,4.5028,255.7692,599.6486,1065.2749,0.8330,24.3411,22.3425,823.0833,222.5681,523.6983,87283.0469,0,0,-0.0001,1.3882,0.6930,1.7509,380,0.3879,0.6121,4.6067,741.5442,building_up,0.2198,0.3939,1.6968,0.0000,1.0000,0.0000,42.7142,24,636.2070,0.3395,0.8539,9,2,47937.3672,3.2759,0.0000,3.2759,0.4209,0.9632,0.0000,3.8967,26844.8652,33,2.0955,512609.3125,7.4741,60749
43,142,LosAngeles_Small,train,FaithfulMAPPER,3600,6,108,56,0.5185,1.0000,0.0000,909.8571,909.8571,0.2816,4.5025,197.7174,710.0833,986.1161,0.9975,23.5347,20.4705,853.2770,214.7397,421.7315,70288.5781,0,0,-0.0004,1.0582,0.6928,0.9935,365,0.5185,0.4815,4.5611,741.5442,building_up,0.2159,0.4061,1.7123,0.0000,1.0000,0.0000,0.4942,24,636.6903,0.3327,0.9059,9,1,55222.5039,3.3796,0.0000,3.3796,0.4663,0.8330,0.0000,4.8772,21843.5430,25,2.8994,410128.0000,7.3981,45547
43,143,LosAngeles_Small,train,MAPPO,3600,6,97,52,0.5361,1.0000,0.0000,1011.9423,1011.9423,0.2801,4.5010,270.2174,715.6000,1199.3344,0.8877,23.8748,22.0622,863.4127,214.5383,321.7732,53628.8672,0,0,-0.0000,1.0003,0.6926,1.7067,301,0.5361,0.4639,4.4961,741.5442,building_up,0.2122,0.3828,1.5945,0.0000,1.0000,0.0000,30.3505,28,636.3347,0.3428,0.8319,8,2,62365.3906,3.1031,0.0000,3.1031,0.5510,0.8511,0.0000,3.1750,20481.3828,29,2.0220,310171.4375,6.6598,31212
43,144,Tokyo_Small,train,IPPO,3600,6,109,51,0.4679,1.0000,0.0000,715.3137,357.6569,0.3609,4.2494,227.0000,570.0227,1006.7041,0.8870,29.2160,26.5603,776.1346,239.9069,474.4862,79081.0391,0,0,-0.0000,0.7586,0.6930,1.4165,342,0.4679,0.5321,4.3537,513.2000,shock_burst,0.2139,0.3765,1.7215,0.0000,1.0000,0.0000,25.6592,28,434.3497,0.4316,0.8617,9,3,51341.9102,3.1376,0.0000,3.1376,0.4939,0.8537,0.0000,6.0883,81339.0234,14,2.9219,464136.3438,9.3486,51719
43,145,Tokyo_Small,train,FaithfulMAPPER,3600,6,86,41,0.4767,1.0000,0.0000,944.1464,944.1464,0.2577,4.2576,254.1714,592.1250,1121.1930,0.8822,28.5854,25.7834,815.8847,256.4414,334.9767,55829.4570,0,0,-0.0003,0.8108,0.6928,0.8122,272,0.4767,0.5233,4.3448,513.2000,shock_burst,0.3194,0.5774,1.6448,0.0000,1.0000,0.0000,29.9328,24,433.3517,0.4294,0.8974,9,1,45968.9102,3.1628,0.0000,3.1628,0.4663,0.7291,0.0000,3.0841,19478.4141,14,3.6468,323768.5625,8.7093,28808
43,146,Tokyo_Small,train,MAPPO,3600,6,103,44,0.4272,1.0000,0.0000,704.4773,352.2386,0.3908,4.2515,290.3684,456.7941,1325.4773,0.9130,28.5616,25.4728,995.9529,230.5944,564.1553,94025.8906,0,0,-0.0002,1.5724,0.6926,2.1222,334,0.4272,0.5728,4.3679,513.2000,shock_burst,0.2340,0.4283,1.7572,0.0000,1.0000,0.0000,25.2729,24,433.4933,0.4361,0.8460,9,2,58321.0000,3.2427,0.0000,3.2427,0.4326,1.1416,0.0000,3.2118,21918.1211,21,3.0756,553602.1250,8.2233,58108
43,147,Kyoto_Small,train,IPPO,3600,6,100,58,0.5800,1.0000,0.0000,820.2414,273.4138,0.5581,4.0000,251.2449,597.1334,1109.0887,0.8829,20.0550,18.4480,813.0109,199.2909,332.1800,55363.3320,0,0,-0.0000,1.3622,0.6930,1.8826,319,0.5800,0.4200,3.9855,99.0000,flat,0.1683,0.3077,1.5832,0.0000,1.0000,0.0000,29.4272,12,101.5661,0.0756,0.9557,9,3,64327.1445,3.1900,0.0000,3.1900,0.5773,0.8151,0.0000,2.3507,11836.5781,10,1.8223,326222.4062,7.1900,33218
43,148,Kyoto_Small,train,FaithfulMAPPER,3600,6,99,60,0.6061,1.0000,0.0000,751.9000,250.6333,0.5612,3.9967,225.4815,518.9167,963.2031,0.8544,18.8064,16.8533,805.5605,183.0940,363.4445,60574.0742,0,0,-0.0002,0.9520,0.6926,0.8950,352,0.6061,0.3939,3.9945,99.0000,flat,0.1593,0.2824,1.8090,0.0000,1.0000,0.0000,32.8409,12,101.6961,0.0769,0.9084,8,3,57792.1875,3.5556,0.0000,3.5556,0.4938,0.7594,0.0000,1.9637,10121.3135,5,2.3757,357663.0312,7.1414,35981
43,149,Kyoto_Small,train,MAPPO,3600,6,114,62,0.5439,1.0000,0.0000,873.3871,291.1290,0.5257,3.9990,228.8269,661.5227,915.5599,0.8002,20.0946,18.3213,738.0693,184.0410,328.9737,54828.9492,0,0,-0.0000,0.9923,0.6925,1.6993,358,0.5439,0.4561,3.9941,99.0000,flat,0.2876,0.5261,1.6503,0.0000,1.0000,0.0000,45.7150,16,101.5378,0.0739,0.8642,11,1,56764.7148,3.1404,0.0000,3.1404,0.4391,0.6428,0.0000,1.8979,8134.5713,5,2.5041,323923.8125,6.8684,37503
43,150,LosAngeles_Small,train,IPPO,3600,6,102,53,0.5196,1.0000,0.0000,977.9056,325.9685,0.5337,4.0359,243.9388,678.1951,981.3195,0.8046,24.0068,21.7460,767.5865,224.7231,610.5098,101751.6328,0,0,-0.0003,0.9996,0.6930,1.6406,310,0.5196,0.4804,4.0261,149.0000,flat,0.2348,0.4301,1.6108,0.0000,1.0000,0.0000,47.6749,12,149.9836,0.0576,0.8318,9,1,52009.9336,3.0392,0.0000,3.0392,0.5561,0.8282,0.0000,1.7731,6936.1328,1,5.1354,603684.8125,8.9020,62272
43,151,LosAngeles_Small,train,FaithfulMAPPER,3600,6,83,49,0.5904,1.0000,0.0000,871.6531,217.9133,0.7257,4.0443,249.2000,664.0789,972.9793,0.7809,23.4461,20.6206,828.7517,237.0186,708.5903,118098.3906,0,0,-0.0006,0.9206,0.6925,0.9675,286,0.5904,0.4096,4.0457,149.0000,flat,0.1250,0.2450,1.7406,0.0000,1.0000,0.0000,54.6041,12,149.5917,0.0545,0.8420,8,4,47675.9844,3.4458,0.0000,3.4458,0.5367,0.8071,0.0000,1.9339,9280.8496,7,3.8477,699537.5625,7.5060,58813
43,152,LosAngeles_Small,train,MAPPO,3600,6,100,54,0.5400,1.0000,0.0000,871.9630,290.6543,0.6341,4.0379,275.5349,626.2222,1348.7482,0.9790,23.7710,20.9743,921.2783,224.7820,717.4500,119575.0000,0,0,-0.0003,0.8489,0.6926,1.4977,348,0.5400,0.4600,4.0312,149.0000,flat,0.1694,0.3071,1.5968,0.0000,1.0000,0.0000,5.7852,12,149.8544,0.0581,0.8481,8,3,72832.3984,3.4800,0.0000,3.4800,0.6477,1.0987,0.0000,1.8698,9820.6719,2,4.1667,708981.0625,5.5900,71745
43,153,Tokyo_Small,train,IPPO,3600,6,115,55,0.4783,1.0000,0.0000,1019.8909,509.9455,0.4898,4.3321,253.4783,861.5714,1001.7950,0.7904,28.9570,26.5612,853.8278,217.6299,797.8000,132966.6719,0,0,-0.0000,1.5440,0.6930,2.0159,349,0.4783,0.5217,4.3361,618.6302,ramp_up_down,0.1995,0.3554,1.6311,0.0000,1.0000,0.0000,53.1193,24,548.7317,0.3068,0.8611,9,2,55098.7266,3.0348,0.0000,3.0348,0.4404,0.8406,0.0000,3.1771,20059.9141,18,4.8677,786774.2500,8.1130,91747
43,154,Tokyo_Small,train,FaithfulMAPPER,3600,6,104,52,0.5000,1.0000,0.0000,738.4423,369.2212,0.4544,4.3344,210.3778,594.4000,1181.2042,1.0000,29.4195,27.3046,856.7438,260.7020,614.0481,102341.3438,0,0,-0.0003,0.8724,0.6926,0.9485,328,0.5000,0.5000,4.3673,618.6302,ramp_up_down,0.1848,0.3340,1.5470,0.0000,1.0000,0.0000,0.0000,24,548.4889,0.3051,0.7529,9,3,61422.6211,3.1538,0.0000,3.1538,0.5401,0.8811,0.0000,3.5270,26229.2363,18,4.2819,601452.4375,7.4135,63861
43,155,Tokyo_Small,train,MAPPO,3600,6,100,58,0.5800,1.0000,0.0000,772.1552,386.0776,0.4556,4.3349,228.7391,666.4474,1027.4120,0.8983,29.5461,26.6061,834.2888,213.7074,591.3400,98556.6641,0,0,-0.0002,1.2086,0.6927,1.8622,317,0.5800,0.4200,4.3245,618.6302,ramp_up_down,0.2361,0.4349,1.7051,0.0000,1.0000,0.0000,23.2567,24,548.5573,0.3031,0.8663,10,1,59589.8945,3.1700,0.0000,3.1700,0.5651,0.8567,0.0000,4.0897,41861.1719,18,3.6050,579012.1250,7.9100,59134
43,156,Kyoto_Small,train,IPPO,3600,6,91,53,0.5824,1.0000,0.0000,757.2830,252.4277,0.6412,4.6438,297.8478,515.6842,1065.4718,0.7154,19.5042,17.8588,735.7195,203.1093,374.1429,62357.1445,0,0,-0.0000,0.6637,0.6930,1.2786,316,0.5824,0.4176,4.6980,631.4694,wave,0.2119,0.3793,1.6204,0.0000,1.0000,0.0000,84.7535,24,527.5630,0.3832,0.8325,7,2,56470.0078,3.4725,0.0000,3.4725,0.6248,0.7900,0.0000,4.6289,47329.8164,31,2.1624,363261.1562,6.0220,34047
43,157,Kyoto_Small,train,FaithfulMAPPER,3600,6,111,62,0.5586,1.0000,0.0000,772.2742,257.4247,0.6538,4.6424,225.8333,495.1277,1192.1105,1.0000,20.0703,17.9337,906.1796,197.1288,371.3874,61897.8984,0,0,-0.0009,0.8947,0.6927,1.1291,345,0.5586,0.4414,4.6519,631.4694,wave,0.1852,0.3425,1.6573,0.0000,1.0000,0.0000,0.0000,28,528.5845,0.3709,0.9468,10,4,73910.8516,3.1081,0.0000,3.1081,0.5062,0.8206,0.0000,5.9258,42644.4766,43,2.8203,362831.6875,7.5045,41224
43,158,Kyoto_Small,train,MAPPO,3600,6,123,72,0.5854,1.0000,0.0000,866.7639,216.6910,0.6954,4.6369,215.3607,636.3269,1007.9156,0.9360,19.9072,18.4833,795.9122,164.6659,490.0488,81674.7969,0,0,-0.0001,0.8809,0.6927,1.5561,387,0.5854,0.4146,4.6725,631.4694,wave,0.2113,0.3795,1.5460,0.0000,1.0000,0.0000,13.7775,28,528.8586,0.3813,0.9578,12,3,72569.9297,3.1463,0.0000,3.1463,0.5559,0.8041,0.0000,4.7655,41207.0312,31,12.3081,482081.4062,6.6748,60276
43,159,LosAngeles_Small,train,IPPO,3600,6,119,53,0.4454,1.0000,0.0000,1004.7358,251.1840,0.7520,4.6535,295.6522,742.7632,1339.3079,0.9060,23.7236,22.4192,930.9875,183.9818,1081.9243,180320.7344,0,0,-0.0000,1.2305,0.6930,1.7628,378,0.4454,0.5546,4.7067,944.3675,wave,0.1472,0.2802,1.6362,0.0000,1.0000,0.0000,27.7906,28,787.6544,0.3634,0.8394,7,3,70983.3125,3.1765,0.0000,3.1765,0.4918,1.0710,0.0000,4.8213,28750.3203,40,3.8234,1069990.7500,7.1513,128749
43,160,LosAngeles_Small,train,FaithfulMAPPER,3600,6,100,54,0.5400,1.0000,0.0000,933.0000,311.0000,0.6553,4.6560,247.7561,731.4595,1050.2397,0.8478,23.9681,21.8924,789.3575,259.5366,800.6900,133448.3281,0,0,-0.0005,0.7284,0.6926,0.9355,323,0.5400,0.4600,4.7474,944.3675,wave,0.2656,0.4859,1.7716,0.0000,1.0000,0.0000,37.7082,28,787.3561,0.3595,0.8642,9,1,56712.9453,3.2300,0.0000,3.2300,0.4911,0.8240,0.0000,4.5495,39735.0156,30,3.6353,787040.1875,7.4800,80069
43,161,LosAngeles_Small,train,MAPPO,3600,6,125,62,0.4960,1.0000,0.0000,813.2258,203.3065,0.6756,4.6513,211.9811,678.8511,910.8409,0.8594,22.8467,20.9930,820.0149,190.3973,800.0480,133341.3281,0,0,-0.0001,0.8612,0.6928,1.5385,355,0.4960,0.5040,4.6936,944.3675,wave,0.2335,0.4198,1.4588,0.0000,1.0000,0.0000,29.8129,28,787.4678,0.3718,0.8834,11,2,56472.1367,2.8400,0.0000,2.8400,0.3545,0.5224,0.0000,3.9601,22687.9395,21,3.0631,788226.5625,9.0560,100006
43,162,Tokyo_Small,train,IPPO,3600,6,100,41,0.4100,1.0000,0.0000,1109.0731,277.2683,0.7546,4.0478,254.8378,862.0857,1230.0518,0.9654,28.8585,26.7864,914.1887,256.1268,965.4600,160910.0000,0,0,-0.0000,1.2634,0.6930,1.7640,328,0.4100,0.5900,4.0424,177.0000,flat,0.1464,0.2785,1.6688,0.0000,1.0000,0.0000,8.8275,12,177.1667,0.0528,0.6619,6,2,50432.1211,3.2800,0.0000,3.2800,0.3955,0.9301,0.0000,1.7332,8012.5630,4,3.3020,956630.2500,8.6200,96546
43,163,Tokyo_Small,train,FaithfulMAPPER,3600,6,96,52,0.5417,1.0000,0.0000,843.3846,210.8462,0.7504,4.0435,219.7660,631.3043,1084.6204,0.9871,28.9291,23.9472,924.0513,255.1746,686.7188,114453.1250,0,0,-0.0006,1.1621,0.6927,1.0696,291,0.5417,0.4583,4.0433,177.0000,flat,0.1144,0.2159,1.6175,0.0000,1.0000,0.0000,2.8419,12,177.4642,0.0485,0.8391,8,4,56400.2539,3.0312,0.0000,3.0312,0.5181,0.8766,0.0000,1.7728,8863.6084,3,2.7600,675675.2500,8.4792,65925
43,164,Tokyo_Small,train,MAPPO,3600,6,101,44,0.4356,1.0000,0.0000,809.6136,269.8712,0.6608,4.0520,273.5833,616.3125,1215.9434,0.8889,28.8012,26.9931,836.0972,227.0110,712.9307,118821.7812,0,0,-0.0002,1.1835,0.6927,1.8529,336,0.4356,0.5644,4.0391,177.0000,flat,0.1382,0.2524,1.6828,0.0000,1.0000,0.0000,30.3947,16,176.8622,0.0541,0.7652,6,3,53501.5078,3.3267,0.0000,3.3267,0.5586,1.1962,0.0000,1.9063,7541.0903,5,4.3141,704091.8750,8.7723,72006
43,165,Kyoto_Small,train,IPPO,3600,6,109,61,0.5596,1.0000,0.0000,776.8033,258.9344,0.5113,3.9932,239.8519,504.4902,949.1928,0.7915,19.2676,17.3252,830.9808,198.4358,365.0275,60837.9219,0,0,-0.0000,0.7068,0.6930,1.3796,355,0.5596,0.4404,3.9935,99.0000,flat,0.2222,0.4041,1.6104,0.0000,1.0000,0.0000,50.0133,12,101.8322,0.0775,0.9187,11,2,57900.7578,3.2569,0.0000,3.2569,0.5074,0.7242,0.0000,2.1518,10533.4736,9,2.5115,359297.5312,6.9358,39788
43,166,Kyoto_Small,train,FaithfulMAPPER,3600,6,119,58,0.4874,1.0000,0.0000,877.3448,292.4483,0.5733,3.9962,196.5849,673.8182,842.1146,0.8567,20.1416,18.0377,774.5217,183.5359,404.1849,67364.1484,0,0,-0.0005,0.8816,0.6925,0.9023,380,0.4874,0.5126,3.9907,99.0000,flat,0.1510,0.3333,1.5001,0.0000,1.0000,0.0000,28.1620,12,101.6147,0.0719,0.8348,11,4,48842.6445,3.1933,0.0000,3.1933,0.3657,0.5816,0.0000,1.8325,7381.2598,1,1.6133,399316.7812,7.8571,48098
43,167,Kyoto_Small,train,MAPPO,3600,6,99,57,0.5758,1.0000,0.0000,905.8246,301.9415,0.6011,4.0024,205.5577,702.4792,916.1956,0.8914,20.0089,17.8068,740.7289,201.7311,614.8889,102481.4844,0,0,-0.0000,0.5299,0.6928,1.2116,292,0.5758,0.4242,4.0088,99.0000,flat,0.1495,0.2821,1.7223,0.0000,1.0000,0.0000,22.3186,16,101.5039,0.0713,0.7723,8,3,52223.1523,2.9495,0.0000,2.9495,0.5054,0.6256,0.0000,2.0950,10264.5225,8,6.4537,608697.4375,6.3333,60874
43,168,LosAngeles_Small,train,IPPO,3600,6,120,54,0.4500,1.0000,0.0000,830.6111,415.3055,0.4893,4.5024,303.0682,628.5128,1129.0856,0.7451,23.5551,21.5784,828.2111,189.7217,821.8083,136968.0625,0,0,-0.0000,0.7927,0.6930,1.4177,375,0.4500,0.5500,4.5651,741.5442,building_up,0.3182,0.5677,1.6166,0.0000,1.0000,0.0000,77.2511,24,636.5533,0.3374,0.8776,11,2,60970.6211,3.1250,0.0000,3.1250,0.4223,0.7820,0.0000,4.5875,22176.7285,27,3.3948,809549.2500,9.2417,98617
43,169,LosAngeles_Small,train,FaithfulMAPPER,3600,6,95,50,0.5263,1.0000,0.0000,941.2800,470.6400,0.3740,4.4971,258.6905,543.8286,1073.3640,0.8298,24.0820,21.4301,768.1464,217.3851,459.9368,76656.1406,0,0,-0.0005,0.6185,0.6928,0.8412,292,0.5263,0.4737,4.4879,741.5442,building_up,0.2835,0.5016,1.5434,0.0000,1.0000,0.0000,44.0177,24,636.7358,0.3425,0.8985,9,1,53668.1992,3.0737,0.0000,3.0737,0.5917,0.8547,0.0000,8.0136,44650.5703,32,5.9339,445425.8125,7.0842,43694
43,170,LosAngeles_Small,train,MAPPO,3600,6,107,52,0.4860,1.0000,0.0000,1004.5577,502.2788,0.4650,4.5042,293.5435,721.4634,1173.0100,0.7992,23.7755,21.6304,841.1124,236.4074,794.5701,132428.3438,0,0,-0.0000,0.9472,0.6927,1.6626,398,0.4860,0.5140,4.5708,741.5442,building_up,0.1477,0.2727,1.6509,0.0000,1.0000,0.0000,58.9415,28,636.4556,0.3354,0.9414,7,3,60996.5195,3.7196,0.0000,3.7196,0.4917,0.8668,0.0000,4.5521,33765.5039,34,3.9658,783383.1250,6.3271,85019
43,171,Tokyo_Small,train,IPPO,3600,6,96,55,0.5729,1.0000,0.0000,879.8182,0.0000,0.1511,4.5061,268.0465,636.5294,1000.7737,0.7467,28.3341,26.3793,869.1190,233.3072,336.7708,56128.4727,0,0,-0.0001,1.0310,0.6930,1.6430,322,0.5729,0.4271,4.5527,883.7547,building_up,0.1657,0.2932,1.6493,0.0000,1.0000,0.0000,67.8918,28,757.8214,0.3350,0.8836,8,3,55042.5547,3.3542,0.0000,3.3542,0.4825,0.7956,0.0000,3.6643,27035.2832,29,2.2997,321794.2500,6.9896,32330
43,172,Tokyo_Small,train,FaithfulMAPPER,3600,6,98,36,0.3673,1.0000,0.0000,1038.8889,0.0000,0.1380,4.5035,277.9375,744.3939,1147.1863,0.8255,28.6606,27.2287,967.9447,223.5415,617.5408,102923.4688,0,0,-0.0003,1.6181,0.6925,1.0382,315,0.3673,0.6327,4.5093,883.7547,building_up,0.2863,0.5689,1.7519,0.0000,1.0000,0.0000,48.5002,28,757.3978,0.3403,0.8140,9,2,41298.7070,3.2143,0.0000,3.2143,0.2854,0.7775,0.0000,3.8090,26079.9961,27,1.5530,603354.0625,7.4184,60519
43,173,Tokyo_Small,train,MAPPO,3600,6,87,41,0.4713,1.0000,0.0000,1003.8536,1003.8536,0.2350,4.5091,277.4000,688.5172,1078.3683,0.7775,29.5114,27.5825,852.1246,255.8982,654.4598,109076.6250,0,0,-0.0000,1.5694,0.6928,2.1391,267,0.4713,0.5287,4.5298,883.7547,building_up,0.2251,0.4199,1.8141,0.0000,1.0000,1.0000,61.7263,28,756.9208,0.3321,0.9178,7,1,44213.1016,3.0690,0.0000,3.0690,0.4632,0.9299,0.0000,5.9470,30722.1133,32,1.7776,639256.5000,7.9770,56938
43,174,Kyoto_Small,train,IPPO,3600,6,83,51,0.6145,1.0000,0.0000,899.0392,224.7598,0.6783,4.2146,270.4634,673.6842,1264.2762,0.9349,19.9208,18.3831,865.5297,216.1359,409.3976,68232.9297,0,0,-0.0001,1.1210,0.6930,1.7351,249,0.6145,0.3855,4.1680,288.0000,shock_burst,0.1076,0.2067,1.6818,0.0000,1.0000,0.0000,17.6082,24,245.2006,0.4578,0.8409,7,3,64478.0859,3.0000,0.0000,3.0000,0.6459,1.0090,0.0000,3.1639,16023.3633,22,1.6625,400937.5312,6.2410,33980
43,175,Kyoto_Small,train,FaithfulMAPPER,3600,6,116,55,0.4741,1.0000,0.0000,847.6545,282.5515,0.6568,4.1928,204.9167,728.6445,951.2267,0.9284,19.9280,18.3474,766.7593,160.3477,570.0948,95015.8047,0,0,-0.0004,1.2351,0.6924,1.1231,362,0.4741,0.5259,4.2621,288.0000,shock_burst,0.1852,0.3536,1.6300,0.0000,1.0000,0.0000,14.6713,24,246.2505,0.4654,0.8141,9,2,52317.4727,3.1207,0.0000,3.1207,0.4722,0.7608,0.0000,2.3705,12658.3926,14,1.7543,563569.3125,6.5862,66131
43,176,Kyoto_Small,train,MAPPO,3600,6,106,65,0.6132,1.0000,0.0000,732.2308,183.0577,0.7331,4.1906,215.1071,518.5208,1087.2356,1.0000,19.6229,18.9769,869.9951,190.9938,546.0283,91004.7188,0,0,-0.0000,1.1220,0.6928,1.6995,348,0.6132,0.3868,4.2639,288.0000,shock_burst,0.1310,0.2369,1.5292,0.0000,1.0000,0.0000,0.0000,20,246.2042,0.4673,0.9389,9,4,70670.3203,3.2830,0.0000,3.2830,0.6367,0.8702,0.0000,2.2081,14496.9014,13,6.1890,538903.3750,6.5566,57879
43,177,LosAngeles_Small,train,IPPO,3600,6,79,43,0.5443,1.0000,0.0000,704.4651,352.2325,0.3371,4.6630,281.8462,425.4359,1124.6296,0.7980,23.2194,20.2345,892.6202,252.9518,336.2405,56040.0859,0,0,-0.0000,1.5231,0.6930,2.0289,240,0.5443,0.4557,4.7196,944.3675,wave,0.1655,0.3046,1.7684,0.0000,1.0000,0.0000,56.9202,28,785.7570,0.3605,0.9197,7,3,48359.0742,3.0380,0.0000,3.0380,0.4576,0.9119,0.0000,4.0834,36101.2695,23,3.4264,319581.4688,6.6582,26563
43,178,LosAngeles_Small,train,FaithfulMAPPER,3600,6,110,51,0.4636,1.0000,0.0000,829.1569,414.5784,0.4377,4.6549,252.8139,548.7250,1011.5837,0.8003,23.6925,22.5361,836.2355,211.7690,429.2364,71539.3906,0,0,-0.0003,1.2673,0.6924,0.9794,335,0.4636,0.5364,4.7236,944.3675,wave,0.1648,0.3149,1.6583,0.0000,1.0000,0.0000,50.4972,28,786.8247,0.3697,0.9536,9,3,51590.7695,3.0455,0.0000,3.0455,0.4848,0.9972,0.0000,4.6364,37933.0117,35,2.9811,416932.1562,7.4182,47216
43,179,LosAngeles_Small,train,MAPPO,3600,6,97,54,0.5567,1.0000,0.0000,823.0555,411.5278,0.3603,4.6505,262.8261,571.1795,1041.9371,0.7929,23.8342,21.2638,845.8766,230.4317,497.6598,82943.2969,0,0,-0.0000,0.8651,0.6928,1.5660,285,0.5567,0.4433,4.6717,944.3675,wave,0.3098,0.5686,1.5719,0.0000,1.0000,0.0000,54.4387,24,787.6358,0.3684,0.9292,12,2,56264.6055,2.9381,0.0000,2.9381,0.5741,0.8107,0.0000,3.7543,31406.9180,26,13.5006,483583.6562,8.1959,48273
43,180,Tokyo_Small,train,IPPO,3600,6,104,64,0.6154,1.0000,0.0000,808.7500,404.3750,0.4790,4.2455,218.4364,559.4468,958.3965,0.8775,29.1708,26.4428,839.5693,224.2081,629.6635,104943.9141,0,0,-0.0001,0.7499,0.6930,1.4105,333,0.6154,0.3846,4.2614,513.2000,shock_burst,0.1250,0.2369,1.6294,0.0000,1.0000,0.0000,26.7571,28,434.6133,0.4337,0.8372,9,4,61337.3750,3.2019,0.0000,3.2019,0.5464,0.7351,0.0000,3.4224,31444.3926,33,1.7533,618060.8750,8.5385,65485
43,181,Tokyo_Small,train,FaithfulMAPPER,3600,6,109,48,0.4404,1.0000,0.0000,966.3750,483.1875,0.4830,4.2538,233.2381,752.1316,1102.7426,0.9456,28.8924,25.6484,817.9667,212.3017,935.4771,155912.8438,0,0,-0.0006,1.0990,0.6899,0.9995,348,0.4404,0.5596,4.4110,513.2000,shock_burst,0.2143,0.3898,1.7164,0.0000,1.0000,0.0000,12.6896,24,434.4630,0.4261,0.8439,9,2,52931.6406,3.1927,0.0000,3.1927,0.4098,0.7870,0.0000,3.7960,36480.8516,21,2.5685,925361.4375,8.6330,101967
43,182,Tokyo_Small,train,MAPPO,3600,6,94,44,0.4681,1.0000,0.0000,796.6136,398.3068,0.3544,4.2690,240.4412,529.4000,1202.9336,1.0000,29.0042,26.8658,857.6496,244.7142,540.4362,90072.6953,0,0,-0.0005,1.6206,0.6928,2.1842,263,0.4681,0.5319,4.4625,513.2000,shock_burst,0.2562,0.5196,1.7677,0.0000,1.0000,0.0000,0.0000,24,433.0589,0.4231,0.8893,11,3,52929.0781,2.7979,0.0000,2.7979,0.4812,0.9949,0.0000,6.1548,41738.0898,16,2.2756,528046.5625,7.9894,50801
43,183,Kyoto_Small,train,IPPO,3600,6,95,52,0.5474,1.0000,0.0000,864.3269,432.1635,0.3663,4.3174,238.7447,680.7872,1011.0057,0.8469,19.4203,16.4726,796.1318,201.9157,273.4105,45568.4219,0,0,-0.0000,0.8010,0.6930,1.4578,316,0.5474,0.4526,4.3374,347.1364,ramp_up_down,0.1620,0.2932,1.6918,0.0000,1.0000,0.0000,36.5435,24,309.9469,0.3083,0.9386,7,3,52572.2969,3.3263,0.0000,3.3263,0.5166,0.7905,0.0000,6.7258,60508.6914,29,2.3370,265065.0625,7.4316,25974
43,184,Kyoto_Small,train,FaithfulMAPPER,3600,6,103,61,0.5922,1.0000,0.0000,836.0656,418.0328,0.4060,4.3115,229.6792,619.1778,998.1033,0.8691,19.9604,18.5631,724.8044,195.8761,451.9709,75328.4766,0,0,-0.0003,0.6469,0.6908,0.9924,355,0.5922,0.4078,4.3332,347.1364,ramp_up_down,0.1525,0.2759,1.6433,0.0000,1.0000,0.0000,30.0586,24,310.1031,0.3159,0.8976,8,3,60884.3008,3.4466,0.0000,3.4466,0.6403,0.7967,0.0000,3.1372,22940.7109,16,2.1578,444331.4062,7.3786,46553
43,185,Kyoto_Small,train,MAPPO,3600,6,106,62,0.5849,1.0000,0.0000,786.0645,393.0323,0.4784,4.3171,263.7358,576.7551,1150.6610,0.8726,19.4843,18.0830,890.9299,171.5820,354.8302,59138.3633,0,0,-0.0000,1.2775,0.6927,1.7718,337,0.5849,0.4151,4.3396,347.1364,ramp_up_down,0.1440,0.2833,1.7545,0.0000,1.0000,0.0000,33.6036,24,309.9992,0.3144,0.9038,10,4,71340.9844,3.1792,0.0000,3.1792,0.6206,1.0432,0.0000,2.7630,18042.6836,18,2.9360,346805.8125,6.7547,37612
43,186,LosAngeles_Small,train,IPPO,3600,6,94,54,0.5745,1.0000,0.0000,799.0000,399.5000,0.3573,4.2583,250.6739,506.0526,1061.2480,0.8467,23.7959,21.0052,810.2200,210.7701,462.9787,77163.1172,0,0,-0.0000,0.6536,0.6930,1.2679,273,0.5745,0.4255,4.3383,430.0000,shock_burst,0.2417,0.4349,1.5615,0.0000,1.0000,0.0000,38.4243,24,363.3758,0.4311,0.9151,9,1,57307.3984,2.9043,0.0000,2.9043,0.6189,0.9090,0.0000,3.5754,15466.2920,16,2.6807,453528.6875,7.4894,43520
43,187,LosAngeles_Small,train,FaithfulMAPPER,3600,6,101,58,0.5743,1.0000,0.0000,815.0345,407.5172,0.3530,4.2277,300.5625,496.0976,1247.1116,0.8299,23.9471,22.0184,1005.6359,206.3613,461.8911,76981.8516,0,0,-0.0006,0.7376,0.6907,0.9306,350,0.5743,0.4257,4.3235,430.0000,shock_burst,0.0711,0.1344,1.5975,0.0000,1.0000,0.0000,51.1402,24,365.0233,0.4443,0.8468,8,5,72332.4688,3.4653,0.0000,3.4653,0.5888,0.9230,0.0000,3.6486,31954.6484,32,3.7036,452032.4688,6.5743,46651
43,188,LosAngeles_Small,train,MAPPO,3600,6,103,47,0.4563,1.0000,0.0000,977.9575,977.9575,0.3293,4.2404,240.1591,659.3589,1132.5353,0.9432,23.7050,21.5318,889.7745,229.8686,587.5825,97930.4219,0,0,-0.0000,0.5675,0.6927,1.2924,340,0.4563,0.5437,4.3209,430.0000,shock_burst,0.2404,0.4404,1.5589,0.0000,1.0000,0.0000,13.6520,24,364.5739,0.4345,0.8255,9,2,53229.1602,3.3010,0.0000,3.3010,0.4437,0.7188,0.0000,3.8541,29176.0879,24,3.4710,578569.5625,6.9709,60521
43,189,Tokyo_Small,train,IPPO,3600,6,122,56,0.4590,1.0000,0.0000,1029.4286,514.7143,0.4501,4.5062,217.1956,750.0000,1155.7412,1.0000,27.7353,25.6926,819.5671,204.7642,818.9836,136497.2656,0,0,-0.0000,1.4500,0.6930,1.9036,386,0.4590,0.5410,4.5727,883.7547,building_up,0.2934,0.5255,1.6656,0.0000,1.0000,0.0000,0.0000,28,757.3978,0.3404,0.8314,10,1,64721.5039,3.1639,0.0000,3.1639,0.4664,0.9327,0.0000,4.8073,51331.1797,35,2.7194,806521.4375,7.5820,99916
43,190,Tokyo_Small,train,FaithfulMAPPER,3600,6,117,55,0.4701,1.0000,0.0000,923.5273,461.7636,0.3915,4.5034,242.8298,693.0000,1028.4288,0.8470,29.2714,26.8522,804.5767,204.9640,635.3761,105896.0078,0,0,-0.0002,1.7784,0.6902,1.2808,352,0.4701,0.5299,4.5810,883.7547,building_up,0.2708,0.4930,1.7184,0.0000,1.0000,0.0000,37.1440,24,758.4139,0.3338,0.9305,11,3,56563.5820,3.0085,0.0000,3.0085,0.4153,0.8421,0.0000,5.9622,43081.4062,30,2.8671,622539.7500,8.6325,74339
43,191,Tokyo_Small,train,MAPPO,3600,6,112,54,0.4821,1.0000,0.0000,800.6111,400.3055,0.4609,4.5048,290.6939,529.2791,1259.0006,0.8662,29.1779,26.8986,929.4507,247.4029,457.3304,76221.7266,0,0,-0.0000,1.1691,0.6927,1.8522,348,0.4821,0.5179,4.5721,883.7547,building_up,0.1739,0.3340,1.6410,0.0000,1.0000,0.0000,38.8938,28,758.1833,0.3334,0.8715,9,2,67986.0312,3.1071,0.0000,3.1071,0.4579,0.9198,0.0000,5.4723,70253.5312,26,4.0015,444056.0312,6.8125,51221
43,192,Kyoto_Small,train,IPPO,3600,6,102,58,0.5686,1.0000,0.0000,695.8793,695.8793,0.2689,4.2247,271.5625,426.3954,948.9388,0.6989,20.0709,18.2151,746.0154,185.2566,284.4019,47400.3281,0,0,-0.0001,0.7164,0.6930,1.3854,312,0.5686,0.4314,4.3744,288.0000,shock_burst,0.2133,0.3899,1.5587,0.0000,1.0000,0.0000,81.7747,24,245.0564,0.4500,0.8425,8,2,55038.4531,3.0588,0.0000,3.0588,0.5486,0.6600,0.0000,2.7308,14093.6670,16,1.3530,278078.6250,6.9314,29009
43,193,Kyoto_Small,train,FaithfulMAPPER,3600,6,129,64,0.4961,1.0000,0.0000,934.6094,467.3047,0.3574,4.1958,224.0727,766.1277,864.3401,0.7715,19.6057,17.9419,696.2801,179.2364,355.3178,59219.6367,0,0,-0.0004,1.4747,0.6904,1.0812,351,0.4961,0.5039,4.3467,288.0000,shock_burst,0.2163,0.3922,1.6319,0.0000,1.0000,0.0000,51.2047,28,246.3839,0.4601,0.7838,11,2,55317.7695,2.7209,0.0000,2.7209,0.4777,0.7204,0.0000,2.3404,11259.4443,12,2.8125,350056.7500,8.6899,45836
43,194,Kyoto_Small,train,MAPPO,3600,6,104,51,0.4904,1.0000,0.0000,779.7647,779.7647,0.3257,4.2139,248.7333,550.4878,1048.6740,0.8432,19.5308,16.6424,777.9514,170.9253,369.6827,61613.7812,0,0,-0.0000,0.7454,0.6927,1.4786,327,0.4904,0.5096,4.2611,288.0000,shock_burst,0.2323,0.4141,1.7121,0.0000,1.0000,0.0000,38.9986,24,245.9025,0.4447,0.9173,8,2,53482.3672,3.1442,0.0000,3.1442,0.4326,0.7273,0.0000,3.6400,17996.6484,23,1.7177,362806.4375,7.1442,38447
43,195,LosAngeles_Small,train,IPPO,3600,6,100,50,0.5000,1.0000,0.0000,777.8800,388.9400,0.4568,4.0424,223.5349,543.9524,1126.9042,1.0000,23.3829,20.0916,748.6262,214.3231,497.6300,82938.3359,0,0,-0.0000,0.6914,0.6930,1.3294,360,0.5000,0.5000,4.0407,149.0000,flat,0.1782,0.3234,1.5144,0.0000,1.0000,0.0000,0.0000,12,149.7078,0.0606,0.8842,8,3,56345.2070,3.6000,0.0000,3.6000,0.5671,0.8562,0.0000,1.7715,6952.6270,0,110.5615,490438.1875,7.8300,49763
43,196,LosAngeles_Small,train,FaithfulMAPPER,3600,6,100,54,0.5400,1.0000,0.0000,965.8519,321.9506,0.5189,4.0339,228.4783,689.9500,1021.6400,0.8943,23.4033,21.6920,905.7880,228.2377,682.1000,113683.3359,0,0,-0.0005,0.9890,0.6907,1.0802,304,0.5400,0.4600,4.0268,149.0000,flat,0.2120,0.3864,1.6793,0.0000,1.0000,0.0000,24.1503,12,150.0300,0.0554,0.7596,10,2,55168.5625,3.0400,0.0000,3.0400,0.5226,0.8365,0.0000,2.1601,10663.2979,7,3.6234,673707.3750,7.2800,68210
43,197,LosAngeles_Small,train,MAPPO,3600,6,100,52,0.5200,1.0000,0.0000,859.5961,429.7981,0.4838,4.0385,269.0000,552.9445,1254.4543,0.9327,22.7359,19.9844,918.9625,214.4806,559.8200,93303.3359,0,0,-0.0000,1.1639,0.6927,1.7903,326,0.5200,0.4800,4.0365,149.0000,flat,0.2500,0.4810,1.5791,0.0000,1.0000,0.0000,18.1091,12,149.6661,0.0530,0.8686,11,1,65231.6289,3.2600,0.0000,3.2600,0.5540,0.9261,0.0000,1.9397,7947.9258,3,2.5971,551926.1875,7.0900,55982
43,198,Tokyo_Small,train,IPPO,3600,6,105,50,0.4762,1.0000,0.0000,782.0000,391.0000,0.4513,4.6572,247.5854,539.8461,1079.6204,0.8721,29.2035,27.6753,893.9038,218.6567,460.4190,76736.5078,0,0,-0.0000,0.8794,0.6930,1.5353,336,0.4762,0.5238,4.6893,1125.4863,wave,0.2028,0.3868,1.6154,0.0000,1.0000,0.0000,31.6613,28,937.0925,0.3678,0.9762,9,1,53981.0156,3.2000,0.0000,3.2000,0.5959,1.1117,0.0000,6.4461,59126.8281,47,2.8570,445588.1250,7.7810,48344
43,199,Tokyo_Small,train,FaithfulMAPPER,3600,6,101,41,0.4059,1.0000,0.0000,880.8781,440.4390,0.3652,4.6565,259.0857,803.4062,1067.2854,0.8239,29.0827,25.0964,861.2872,240.7126,630.7327,105122.1094,0,0,-0.0004,0.9005,0.6900,0.9593,301,0.4059,0.5941,4.6732,1125.4863,wave,0.2101,0.3720,1.4559,0.0000,1.0000,0.0000,45.6286,28,937.4522,0.3605,0.8520,7,2,43758.7031,2.9802,0.0000,2.9802,0.4616,0.9094,0.0000,6.5305,54895.5156,23,2.7947,615217.2500,7.8020,63704
43,200,Tokyo_Small,train,MAPPO,3600,6,102,53,0.5196,1.0000,0.0000,1010.7736,1010.7736,0.3201,4.6582,330.6977,711.7568,1084.1868,0.6557,29.5323,27.6634,784.0865,237.0664,459.2549,76542.4844,0,0,-0.0000,0.4003,0.6927,1.0405,344,0.5196,0.4804,4.7306,1125.4863,wave,0.2560,0.4543,1.5159,0.0000,1.0000,0.0000,113.8603,28,936.7194,0.3688,0.8632,9,2,57461.8984,3.3725,0.0000,3.3725,0.5465,0.7906,0.0000,3.7393,27259.6777,36,3.2334,442747.1875,7.6176,46844
43,201,Kyoto_Small,train,IPPO,3600,6,109,55,0.5046,1.0000,0.0000,800.4545,200.1136,0.8002,4.6405,215.4400,621.6000,974.9061,0.9050,19.7938,18.5741,726.8896,173.2834,841.8899,140314.9844,0,0,-0.0001,1.0296,0.6930,1.6479,316,0.5046,0.4954,4.7204,631.4694,wave,0.2033,0.3697,1.8083,0.0000,1.0000,0.0000,20.4588,28,528.2453,0.3769,0.9431,8,2,53619.8359,2.8991,0.0000,2.8991,0.4419,0.7491,0.0000,5.4457,47771.5000,39,3.5067,833553.8125,6.8440,91766
43,202,Kyoto_Small,train,FaithfulMAPPER,3600,6,109,54,0.4954,1.0000,0.0000,853.7778,170.7556,0.8655,4.6354,226.6596,608.1163,1041.8302,0.9193,19.8457,18.9102,796.1953,188.4903,641.6514,106941.8984,0,0,-0.0001,0.4772,0.6905,0.8764,350,0.4954,0.5046,4.6794,631.4694,wave,0.1806,0.3536,1.5016,0.0000,1.0000,0.0000,18.2935,24,528.5525,0.3872,0.8236,7,1,56258.8320,3.2110,0.0000,3.2110,0.4424,0.6782,0.0000,5.4332,39447.0234,29,7.1756,631731.4375,8.3028,69940
43,203,Kyoto_Small,train,MAPPO,3600,6,104,66,0.6346,1.0000,0.0000,804.8636,201.2159,0.7621,4.6399,239.3455,551.8696,1013.5038,0.8469,19.4961,16.5668,758.7092,184.7952,459.4231,76570.5156,0,0,-0.0000,0.9072,0.6927,1.5188,325,0.6346,0.3654,4.6440,631.4694,wave,0.2303,0.4326,1.5834,0.0000,1.0000,0.0000,36.6447,28,528.1425,0.3843,0.8124,11,3,66891.2500,3.1250,0.0000,3.1250,0.6450,0.8501,0.0000,6.0280,69536.6953,34,4.5123,448815.9375,7.2115,47780
43,204,LosAngeles_Small,train,IPPO,3600,6,108,51,0.4722,1.0000,0.0000,995.9020,995.9020,0.3142,4.3316,308.3571,720.4062,1244.9413,0.8075,23.8291,22.2147,975.1157,216.5787,538.1852,89697.5312,0,0,-0.0000,1.0484,0.6930,1.6155,336,0.4722,0.5278,4.3211,519.0942,ramp_up_down,0.2468,0.4404,1.6115,0.0000,1.0000,0.0000,59.3689,24,460.6436,0.3065,0.8773,8,1,63492.0039,3.1111,0.0000,3.1111,0.4490,0.8314,0.0000,4.1726,24548.7559,22,1.7107,528072.2500,7.6296,58124
43,205,LosAngeles_Small,train,FaithfulMAPPER,3600,6,112,41,0.3661,1.0000,0.0000,1029.5122,1029.5122,0.2083,4.3352,260.0769,769.3243,1161.2300,0.8930,23.4801,21.6275,822.2186,222.2117,383.8750,63979.1680,0,0,-0.0007,1.0615,0.6912,1.0827,375,0.3661,0.6339,4.3748,519.0942,ramp_up_down,0.2434,0.4435,1.7560,0.0000,1.0000,0.0000,27.8309,24,460.2917,0.3056,0.8190,7,1,47610.4258,3.3482,0.0000,3.3482,0.4162,1.0126,0.0000,3.8019,32048.4766,16,2.7145,374602.4688,6.9196,42994
43,206,LosAngeles_Small,train,MAPPO,3600,6,91,47,0.5165,1.0000,0.0000,856.7447,856.7447,0.3230,4.3339,217.1190,685.8947,867.8261,0.7994,24.1084,22.5095,736.4752,242.6463,425.5385,70923.0781,0,0,-0.0000,0.8756,0.6928,1.6004,292,0.5165,0.4835,4.3960,519.0942,ramp_up_down,0.1921,0.3707,1.6598,0.0000,1.0000,0.0000,43.5538,24,460.4336,0.3048,0.8508,8,1,40787.8281,3.2088,0.0000,3.2088,0.4323,0.6809,0.0000,3.2219,18397.6719,16,4.8736,414521.8750,6.6044,38724
43,207,Tokyo_Small,train,IPPO,3600,6,105,44,0.4190,1.0000,0.0000,848.1818,212.0455,0.7712,4.6570,242.0789,602.5000,1011.9984,0.8361,29.5978,26.4183,809.6219,232.3434,1011.1143,168519.0469,0,0,-0.0001,0.8974,0.6930,1.5210,330,0.4190,0.5810,4.6777,1125.4863,wave,0.2652,0.4723,1.6472,0.0000,1.0000,0.0000,39.6793,24,937.0689,0.3680,0.8743,9,2,44527.9297,3.1429,0.0000,3.1429,0.3871,0.7693,0.0000,7.4928,68110.7500,36,3.5869,995584.0000,7.6667,106167
43,208,Tokyo_Small,train,FaithfulMAPPER,3600,6,107,49,0.4579,1.0000,0.0000,929.1224,232.2806,0.7938,4.6514,228.6750,676.9189,1253.2133,1.0000,29.8143,27.2030,920.4731,244.3948,1131.8599,188643.2969,0,0,-0.0004,0.9406,0.6902,1.0997,351,0.4579,0.5421,4.7257,1125.4863,wave,0.1306,0.2341,1.6611,0.0000,1.0000,0.0000,0.0000,28,937.9067,0.3707,0.7208,8,4,61407.4492,3.2804,0.0000,3.2804,0.5163,1.0083,0.0000,4.0939,40625.3594,28,3.9648,1114699.7500,6.4673,121109
43,209,Tokyo_Small,train,MAPPO,3600,6,101,49,0.4851,1.0000,0.0000,815.1837,203.7959,0.8159,4.6617,276.0250,555.9474,1030.0442,0.7463,27.9826,25.4441,773.0950,249.7359,947.3762,157896.0469,0,0,-0.0000,0.7332,0.6928,1.4636,315,0.4851,0.5149,4.7126,1125.4863,wave,0.1875,0.3606,1.6591,0.0000,1.0000,0.0000,70.0162,28,936.2967,0.3654,0.8520,9,3,50472.1641,3.1188,0.0000,3.1188,0.5088,0.8248,0.0000,9.4154,107627.7422,34,4.2696,929388.0625,7.9208,95685
43,210,Kyoto_Small,train,IPPO,3600,6,107,60,0.5607,1.0000,0.0000,813.5000,271.1667,0.6181,4.6387,266.3846,525.4390,1036.2762,0.7780,19.6133,17.3144,805.6831,181.0652,685.2056,114200.9375,0,0,-0.0001,1.3483,0.6930,1.8980,341,0.5607,0.4393,4.6847,631.4694,wave,0.2033,0.3806,1.6869,0.0000,1.0000,0.0000,59.1294,28,528.3525,0.3865,0.9976,8,2,62176.5781,3.1869,0.0000,3.1869,0.4544,0.7271,0.0000,6.0058,43675.5898,51,4.4362,675849.3750,6.9346,73317
43,211,Kyoto_Small,train,FaithfulMAPPER,3600,6,107,49,0.4579,1.0000,0.0000,671.6122,223.8707,0.5542,4.6418,243.9545,477.8462,1062.6221,0.8712,19.9783,17.3501,766.6140,186.8143,641.1309,106855.1406,0,0,-0.0003,0.8975,0.6905,0.9265,341,0.4579,0.5421,4.6874,631.4694,wave,0.1534,0.2857,1.5057,0.0000,1.0000,0.0000,31.4301,28,527.8811,0.3789,0.9853,6,2,52068.4844,3.1869,0.0000,3.1869,0.4587,0.7359,0.0000,5.8854,36049.8555,35,4.4018,631968.0000,7.7290,68601
43,212,Kyoto_Small,train,MAPPO,3600,6,104,56,0.5385,1.0000,0.0000,668.3750,222.7917,0.5577,4.6473,195.0870,494.6829,968.6808,0.9931,19.9927,17.8099,816.7599,192.3826,349.5577,58259.6172,0,0,-0.0000,0.8480,0.6928,1.5701,308,0.5385,0.4615,4.6836,631.4694,wave,0.1406,0.2500,1.5600,0.0000,1.0000,0.0000,1.3508,28,527.1531,0.3809,0.9679,8,4,54246.1250,2.9615,0.0000,2.9615,0.4900,0.6747,0.0000,5.5399,36469.6758,40,2.1003,340283.0000,5.6923,36354
43,213,LosAngeles_Small,train,IPPO,3600,6,105,45,0.4286,1.0000,0.0000,961.3778,480.6889,0.4408,4.0365,308.4634,763.2500,1119.3649,0.7258,24.0843,21.1727,770.5559,230.0618,587.8762,97979.3672,0,0,-0.0000,0.5737,0.6930,1.2323,394,0.4286,0.5714,4.0341,149.0000,flat,0.1437,0.2646,1.6555,0.0000,1.0000,0.0000,84.5904,12,149.9689,0.0538,0.7781,7,3,50371.4180,3.7524,0.0000,3.7524,0.4754,0.9149,0.0000,1.7714,7595.4536,3,2.3497,579838.8125,7.8476,61727
43,214,LosAngeles_Small,train,FaithfulMAPPER,3600,6,89,46,0.5169,1.0000,0.0000,975.0217,487.5109,0.3828,4.0418,278.7317,659.8684,1151.6920,0.8264,23.7952,21.1033,782.2949,239.0010,623.5281,103921.3516,0,0,-0.0004,0.7677,0.6904,0.7899,274,0.5169,0.4831,4.0400,149.0000,flat,0.1738,0.3299,1.5692,0.0000,1.0000,0.0000,48.3933,12,149.4950,0.0551,0.8211,8,2,52977.8320,3.0787,0.0000,3.0787,0.6333,0.9321,0.0000,1.7612,7107.2993,1,3.9547,614576.6250,6.8652,55494
43,215,LosAngeles_Small,train,MAPPO,3600,6,107,58,0.5421,1.0000,0.0000,995.2414,497.6207,0.4357,4.0395,251.3878,814.4773,1033.6913,0.8224,22.2835,20.7244,859.4419,213.9606,374.1963,62366.0430,0,0,-0.0000,0.7694,0.6928,1.4998,332,0.5421,0.4579,4.0368,149.0000,flat,0.2650,0.4716,1.7554,0.0000,1.0000,0.0000,44.6495,16,149.9242,0.0577,0.8451,11,1,59954.0938,3.1028,0.0000,3.1028,0.4814,0.8033,0.0000,1.9681,9913.1016,7,3.1273,365731.2188,7.5421,40039
43,216,Tokyo_Small,train,IPPO,3600,6,116,50,0.4310,1.0000,0.0000,873.0800,436.5400,0.4280,4.0430,260.0714,619.8421,1111.5873,0.8548,29.4382,26.7281,890.6227,230.2752,896.7759,149462.6406,0,0,-0.0000,0.9276,0.6930,1.5832,358,0.4310,0.5690,4.0430,177.0000,flat,0.1948,0.3473,1.7715,0.0000,1.0000,0.0000,37.7540,12,177.5694,0.0515,0.7450,8,2,55579.3633,3.0862,0.0000,3.0862,0.5022,1.2463,0.0000,1.7104,7313.3867,1,14.6057,888378.1875,7.7414,104026
43,217,Tokyo_Small,train,FaithfulMAPPER,3600,6,97,37,0.3814,1.0000,0.0000,831.7027,415.8513,0.4221,4.0505,255.5938,595.4839,1403.2954,1.0000,28.8612,26.4628,932.7658,256.3330,628.7422,104790.3750,0,0,-0.0002,2.1186,0.6901,1.3108,331,0.3814,0.6186,4.0344,177.0000,flat,0.2536,0.4562,1.6453,0.0000,1.0000,0.0000,0.0000,12,176.8725,0.0532,0.8512,7,1,51921.9336,3.4124,0.0000,3.4124,0.4311,1.1338,0.0000,1.9055,7936.9331,3,3.2339,618899.3750,7.9794,60988
43,218,Tokyo_Small,train,MAPPO,3600,6,100,50,0.5000,1.0000,0.0000,699.3600,349.6800,0.3352,4.0545,229.7273,521.5405,988.7349,0.8608,27.5128,25.5480,880.4885,212.0052,403.6300,67271.6641,0,0,-0.0000,0.7991,0.6927,1.5273,312,0.5000,0.5000,4.0495,177.0000,flat,0.2202,0.4012,1.5172,0.0000,1.0000,0.0000,31.9803,12,176.8936,0.0535,0.8796,8,1,49436.7422,3.1200,0.0000,3.1200,0.4362,0.6013,0.0000,1.9698,9994.5498,5,2.9611,394806.3125,7.0200,40363
43,219,Kyoto_Small,train,IPPO,3600,6,104,53,0.5096,1.0000,0.0000,791.5283,263.8428,0.6605,4.1927,272.6458,575.9091,1198.6954,0.8793,19.4136,17.9611,894.4042,212.5281,557.8269,92971.1562,0,0,-0.0000,1.1587,0.6930,1.7554,358,0.5096,0.4904,4.3110,288.0000,shock_burst,0.1303,0.2472,1.8321,0.0000,1.0000,0.0000,32.9068,24,246.0889,0.4661,0.8391,9,4,63530.8555,3.4423,0.0000,3.4423,0.4757,0.9850,0.0000,5.2937,20597.6406,19,6.0159,550845.4375,7.4327,58014
43,220,Kyoto_Small,train,FaithfulMAPPER,3600,6,122,60,0.4918,1.0000,0.0000,941.6000,313.8667,0.5402,4.1927,260.9216,680.1667,1120.6056,0.8590,19.7454,19.0010,838.2097,172.5793,456.7131,76118.8516,0,0,-0.0003,1.4829,0.6903,1.1246,368,0.4918,0.5082,4.2288,288.0000,shock_burst,0.2695,0.5008,1.7808,0.0000,1.0000,0.0000,36.8004,20,246.3708,0.4590,0.8115,11,2,67236.3359,3.0164,0.0000,3.0164,0.5017,0.9475,0.0000,3.9546,37957.3555,14,1.5387,450584.4062,7.8279,55719
43,221,Kyoto_Small,train,MAPPO,3600,6,99,55,0.5556,1.0000,0.0000,798.5273,399.2636,0.4552,4.2102,287.4898,595.7000,1150.3038,0.8002,19.1900,17.1039,846.3818,214.6241,347.0707,57845.1172,0,0,-0.0000,1.1661,0.6928,1.8168,311,0.5556,0.4444,4.3349,288.0000,shock_burst,0.2778,0.5051,1.5751,0.0000,1.0000,0.0000,57.4290,24,245.5097,0.4539,0.8864,8,1,63266.7109,3.1414,0.0000,3.1414,0.6333,0.9606,0.0000,3.9882,39053.0117,26,2.4598,339704.4062,7.7172,34360
43,222,LosAngeles_Small,train,IPPO,3600,6,101,57,0.5644,1.0000,0.0000,1087.1052,1087.1052,0.3237,4.3292,281.3750,764.2105,1026.5348,0.7297,23.2462,20.2645,784.0895,225.7758,467.1089,77851.4844,0,0,-0.0000,0.7476,0.6930,1.4177,313,0.5644,0.4356,4.3367,519.0942,ramp_up_down,0.2500,0.4663,1.7255,0.0000,1.0000,0.0000,76.0680,24,461.0975,0.3065,0.9204,11,1,58512.4844,3.0990,0.0000,3.0990,0.5734,0.7836,0.0000,2.9495,24883.4141,16,2.7433,456509.0312,7.5050,47178
43,223,LosAngeles_Small,train,FaithfulMAPPER,3600,6,109,45,0.4128,1.0000,0.0000,911.5111,911.5111,0.2713,4.3278,236.3243,679.8286,1089.3999,0.9220,23.4993,21.2440,904.1899,217.5030,560.7523,93458.7188,0,0,-0.0004,1.0801,0.6904,0.9202,369,0.4128,0.5872,4.3151,519.0942,ramp_up_down,0.2051,0.3939,1.7625,0.0000,1.0000,0.0000,18.4444,24,460.3619,0.3158,0.8379,8,1,49022.9961,3.3853,0.0000,3.3853,0.4620,1.0719,0.0000,5.0927,31225.1309,18,1.5125,551726.6875,9.4037,61122
43,224,LosAngeles_Small,train,MAPPO,3600,6,109,50,0.4587,1.0000,0.0000,894.0200,447.0100,0.3561,4.3367,265.5238,698.0833,1058.9111,0.7976,23.9346,21.8071,779.2766,206.7425,367.8257,61304.2812,0,0,-0.0002,1.2898,0.6927,1.8579,385,0.4587,0.5413,4.3995,519.0942,ramp_up_down,0.1424,0.2621,1.6227,0.0000,1.0000,0.0000,53.7416,24,460.9039,0.2972,0.8533,8,3,52945.5586,3.5321,0.0000,3.5321,0.4516,0.8487,0.0000,4.1560,25039.9648,22,2.8512,356885.8750,7.5505,40093
43,225,Tokyo_Small,train,IPPO,3600,6,138,49,0.3551,1.0000,0.0000,1035.4490,0.0000,0.1648,4.6542,240.6744,798.9500,1312.1261,1.0000,29.7373,27.6102,854.4034,198.5315,376.0435,62673.9141,0,0,-0.0000,1.4968,0.6930,1.8819,456,0.3551,0.6449,4.6771,1125.4863,wave,0.1028,0.1975,1.6607,0.0000,1.0000,0.0000,0.0000,28,937.3436,0.3734,0.8901,8,4,64294.1797,3.3043,0.0000,3.3043,0.3348,0.8178,0.0000,4.4956,40499.0430,42,1.5677,364361.0938,7.7899,51894
43,226,Tokyo_Small,train,FaithfulMAPPER,3600,6,110,55,0.5000,1.0000,0.0000,873.4727,873.4727,0.2155,4.6575,269.9318,614.0975,1200.5863,0.8895,29.3059,27.9665,768.0094,228.0937,534.0364,89006.0625,0,0,-0.0002,0.8223,0.6887,0.8482,332,0.5000,0.5000,4.6966,1125.4863,wave,0.2878,0.5174,1.5625,0.0000,1.0000,0.0000,29.8146,28,937.0922,0.3655,0.8437,9,1,66032.2500,3.0182,0.0000,3.0182,0.4938,0.7386,0.0000,5.7692,44062.9414,23,2.1365,519462.0000,6.4273,58744
43,227,Tokyo_Small,train,MAPPO,3600,6,117,56,0.4786,1.0000,0.0000,1014.5714,0.0000,0.1162,4.6547,259.4286,691.7391,1055.9573,0.8141,29.6790,28.5593,887.8525,246.6770,345.4957,57582.6211,0,0,-0.0001,0.6720,0.6928,1.3525,363,0.4786,0.5214,4.6799,1125.4863,wave,0.2550,0.4508,1.6164,0.0000,1.0000,0.0000,48.2371,32,937.2681,0.3725,0.9797,10,2,59133.6094,3.1026,0.0000,3.1026,0.3892,0.7005,0.0000,4.3779,33946.8281,27,1.5078,331972.0312,7.4444,40423
43,228,Kyoto_Small,train,IPPO,3600,6,114,58,0.5088,1.0000,0.0000,802.8793,401.4397,0.4287,3.9980,280.6078,506.1522,1050.2629,0.7486,19.8999,18.4354,832.7205,194.8735,407.2544,67875.7344,0,0,-0.0000,0.8670,0.6930,1.5277,361,0.5088,0.4912,3.9957,99.0000,flat,0.2546,0.4593,1.6108,0.0000,1.0000,0.0000,70.5553,12,101.7025,0.0754,0.8956,10,2,60915.2500,3.1667,0.0000,3.1667,0.4770,0.7203,0.0000,1.9504,8827.2891,7,2.2288,402281.0938,7.3947,46427
43,229,Kyoto_Small,train,FaithfulMAPPER,3600,6,126,60,0.4762,1.0000,0.0000,789.2833,394.6417,0.4475,3.9922,236.1818,549.1064,1129.1134,0.9561,19.8852,18.5170,808.8168,180.4324,428.1111,71351.8516,0,0,-0.0006,0.8366,0.6900,0.9750,380,0.4762,0.5238,3.9948,99.0000,flat,0.2622,0.4733,1.5789,0.0000,1.0000,0.0000,10.3591,12,101.8700,0.0728,0.8402,9,1,67746.8047,3.0159,0.0000,3.0159,0.5990,1.0429,0.0000,2.2015,11147.9980,9,2.2555,423380.8125,6.4762,53942
43,230,Kyoto_Small,train,MAPPO,3600,6,112,67,0.5982,1.0000,0.0000,759.5224,253.1741,0.5800,3.9896,249.4464,515.9804,1147.5656,0.9201,19.8881,18.4700,847.2791,197.1470,454.4196,75736.6094,0,0,-0.0000,0.8127,0.6928,1.3148,360,0.5982,0.4018,3.9727,99.0000,flat,0.1544,0.2795,1.7209,0.0000,1.0000,0.0000,19.9333,16,102.0881,0.0797,0.8690,9,3,76886.8984,3.2143,0.0000,3.2143,0.6743,0.9838,0.0000,1.8883,11497.8701,8,6.1803,448764.2188,6.7946,50895
43,231,LosAngeles_Small,train,IPPO,3600,6,107,52,0.4860,1.0000,0.0000,875.8654,437.9327,0.4911,4.0422,269.2889,640.3421,1132.8003,0.8413,24.1184,23.0052,916.7358,236.1751,722.9066,120484.4219,0,0,-0.0001,1.0206,0.6929,1.6358,385,0.4860,0.5140,4.0381,149.0000,flat,0.1657,0.3346,1.5944,0.0000,1.0000,0.0000,42.7288,12,149.6419,0.0560,0.7609,9,2,58905.6133,3.5981,0.0000,3.5981,0.4515,0.8423,0.0000,1.7638,6131.0688,2,5.9360,715374.7500,7.6168,77351
43,232,LosAngeles_Small,train,FaithfulMAPPER,3600,6,123,69,0.5610,1.0000,0.0000,834.3043,278.1014,0.5488,4.0279,215.7241,673.0638,1069.3206,0.9914,23.2571,20.1043,781.7857,184.3521,703.1545,117192.4141,0,0,-0.0001,0.9116,0.6894,0.9689,385,0.5610,0.4390,4.0243,149.0000,flat,0.1379,0.2463,1.7002,0.0000,1.0000,0.0000,1.8600,12,150.6753,0.0566,0.9488,10,4,73783.1172,3.1301,0.0000,3.1301,0.5472,0.8242,0.0000,2.3254,14282.4160,7,2.5056,696115.5000,8.5610,86488
43,233,LosAngeles_Small,train,MAPPO,3600,6,119,59,0.4958,1.0000,0.0000,646.6440,215.5480,0.5371,4.0321,206.6863,427.8810,995.2176,0.9630,23.7000,20.0290,774.6832,206.7041,710.5126,118418.7656,0,0,-0.0001,0.7396,0.6928,1.4529,360,0.4958,0.5042,4.0250,149.0000,flat,0.1862,0.3690,1.5945,0.0000,1.0000,0.0000,7.6428,16,150.2306,0.0562,0.9993,8,1,58717.8359,3.0252,0.0000,3.0252,0.4776,0.7523,0.0000,1.9713,8786.1094,7,3.8986,703389.4375,8.9412,84551
43,234,Tokyo_Small,train,IPPO,3600,6,107,53,0.4953,1.0000,0.0000,965.1132,321.7044,0.6539,4.0503,222.1111,730.5263,963.2183,0.8673,29.2190,26.3035,816.8375,226.6793,986.9720,164495.3281,0,0,-0.0001,1.3976,0.6929,1.9490,333,0.4953,0.5047,4.0506,177.0000,flat,0.2500,0.4545,1.6198,0.0000,1.0000,0.0000,29.4675,12,177.0200,0.0511,0.7714,8,1,51050.5703,3.1121,0.0000,3.1121,0.5041,0.8589,0.0000,1.7643,7680.9360,3,3.5961,978587.1875,8.5140,105606
43,235,Tokyo_Small,train,FaithfulMAPPER,3600,6,108,55,0.5093,1.0000,0.0000,914.0364,304.6788,0.6339,4.0493,308.4783,625.9744,1091.2822,0.7075,29.2216,27.2198,777.4199,229.3135,655.4445,109240.7422,0,0,-0.0003,0.8061,0.6879,0.9372,345,0.5093,0.4907,4.0425,177.0000,flat,0.3043,0.5482,1.6710,0.0000,1.0000,0.0000,90.2218,16,177.0733,0.0512,0.8173,12,1,60020.5195,3.1944,0.0000,3.1944,0.5636,0.9700,0.0000,1.8524,8186.7544,3,3.0217,646105.0625,9.8519,70788
43,236,Tokyo_Small,train,MAPPO,3600,6,121,56,0.4628,1.0000,0.0000,925.8393,231.4598,0.6782,4.0404,259.9167,734.1860,1155.6222,0.8892,29.8554,27.5846,876.5071,239.9294,977.0331,162838.8438,0,0,-0.0000,1.2113,0.6928,1.8434,354,0.4628,0.5372,4.0317,177.0000,flat,0.0842,0.1904,1.6186,0.0000,1.0000,0.0000,28.7922,12,177.8156,0.0543,1.0180,9,5,64714.8438,2.9256,0.0000,2.9256,0.4074,0.7583,0.0000,2.1997,12948.6045,10,2.6991,968628.6250,8.3223,118221
43,237,Kyoto_Small,train,IPPO,3600,6,104,54,0.5192,1.0000,0.0000,933.9630,233.4907,0.8163,4.3167,289.4255,704.1860,1305.5112,0.9021,19.3490,17.8397,894.8962,186.8595,530.0865,88347.7578,0,0,-0.0001,1.1226,0.6929,1.7400,348,0.5192,0.4808,4.3075,347.1364,ramp_up_down,0.2500,0.4677,1.5066,0.0000,1.0000,0.0000,28.3233,24,309.8164,0.3125,0.8160,11,2,70497.6016,3.3462,0.0000,3.3462,0.5583,0.9722,0.0000,3.0205,19266.7793,22,3.0955,521882.3750,6.0000,55129
43,238,Kyoto_Small,train,FaithfulMAPPER,3600,6,113,57,0.5044,1.0000,0.0000,850.7368,212.6842,0.6777,4.3099,219.1702,602.7273,895.1386,0.8168,19.6871,18.4905,765.9418,190.0889,685.5752,114262.5391,0,0,-0.0008,0.6745,0.6893,0.8808,359,0.5044,0.4956,4.3471,347.1364,ramp_up_down,0.1752,0.3241,1.6778,0.0000,1.0000,0.0000,40.1425,24,310.2895,0.3124,0.9257,9,2,51022.9023,3.1770,0.0000,3.1770,0.4677,0.6758,0.0000,3.1201,19611.6348,17,5.2620,678607.9375,7.4690,77470
43,239,Kyoto_Small,train,MAPPO,3600,6,115,71,0.6174,1.0000,0.0000,891.8451,222.9613,0.8048,4.3071,284.5000,633.3542,1073.2694,0.7545,19.6619,17.9998,828.2977,188.7997,701.1478,116857.9688,0,0,-0.0001,0.6750,0.6928,1.3182,374,0.6174,0.3826,4.3221,347.1364,ramp_up_down,0.1168,0.2171,1.5968,0.0000,1.0000,0.0000,69.8461,24,310.3520,0.3221,0.9608,8,4,76202.1250,3.2522,0.0000,3.2522,0.5991,0.7505,0.0000,3.0554,21331.5918,32,4.3485,693551.6250,6.8696,80632
43,240,LosAngeles_Small,train,IPPO,3600,6,94,42,0.4468,1.0000,0.0000,960.2143,480.1071,0.3953,4.5008,321.0857,610.2500,1092.6936,0.6806,23.0463,20.4954,770.7668,227.3263,328.7340,54789.0078,0,0,-0.0000,0.4270,0.6929,1.0722,302,0.4468,0.5532,4.5371,741.5442,building_up,0.2804,0.5064,1.5475,0.0000,1.0000,0.0000,102.5470,24,636.1456,0.3429,0.7778,8,0,45893.1328,3.2128,0.0000,3.2128,0.4542,0.7207,0.0000,3.7940,23262.5801,33,1.8408,315923.4375,6.1489,30901
43,241,LosAngeles_Small,train,FaithfulMAPPER,3600,6,96,44,0.4583,1.0000,0.0000,1101.1364,1101.1364,0.3115,4.5078,245.2368,805.6562,992.2039,0.8092,23.1337,21.7202,783.1533,213.1292,396.8438,66140.6250,0,0,-0.0003,0.9451,0.6904,0.8205,318,0.4583,0.5417,4.5841,741.5442,building_up,0.1655,0.3232,1.6389,0.0000,1.0000,0.0000,46.7961,24,635.8897,0.3332,0.8759,8,3,43656.9688,3.3125,0.0000,3.3125,0.3708,0.6698,0.0000,5.2002,28022.9258,34,2.6770,385096.7812,6.9792,38097
43,242,LosAngeles_Small,train,MAPPO,3600,6,117,54,0.4615,1.0000,0.0000,1006.8519,503.4259,0.4382,4.4990,246.4091,703.7692,1078.4843,0.8754,23.7986,22.1126,799.6786,213.5406,739.8205,123303.4219,0,0,-0.0002,0.9702,0.6928,1.6778,376,0.4615,0.5385,4.5742,741.5442,building_up,0.1658,0.2992,1.5978,0.0000,1.0000,0.0000,30.7122,28,636.6897,0.3419,0.8962,8,3,58238.1484,3.2137,0.0000,3.2137,0.5040,0.8656,0.0000,4.1352,20507.9922,31,2.5454,729161.5625,8.0000,86559
43,243,Tokyo_Small,train,IPPO,3600,6,104,37,0.3558,1.0000,0.0000,822.1892,274.0631,0.6299,4.2574,255.7500,577.7429,1199.5768,0.9381,29.3116,26.8118,872.5967,243.6463,1163.5193,193919.8750,0,0,-0.0000,0.7244,0.6929,1.3646,334,0.3558,0.6442,4.4047,513.2000,shock_burst,0.1458,0.2722,1.6790,0.0000,1.0000,0.0000,15.8346,24,433.7706,0.4273,0.8377,7,3,44384.3398,3.2115,0.0000,3.2115,0.3488,0.8472,0.0000,4.3076,29873.7715,20,7.2981,1152359.7500,6.9038,121006
43,244,Tokyo_Small,train,FaithfulMAPPER,3600,6,107,52,0.4860,1.0000,0.0000,878.0000,292.6667,0.6509,4.2476,243.7872,641.9048,1167.0317,0.9574,28.4029,25.3623,940.3339,229.1982,922.8879,153814.6406,0,0,-0.0004,0.7295,0.6886,1.0234,391,0.4860,0.5140,4.3197,513.2000,shock_burst,0.1750,0.3318,1.5379,0.0000,1.0000,0.0000,10.3809,20,434.5103,0.4330,0.8443,9,2,60685.6484,3.6542,0.0000,3.6542,0.5435,0.9438,0.0000,3.6351,39152.3125,17,4.3247,911002.0625,8.2150,98749
43,245,Tokyo_Small,train,MAPPO,3600,6,119,59,0.4958,1.0000,0.0000,894.5593,223.6398,0.6756,4.2469,242.5000,645.6097,1064.7445,0.8781,29.4523,26.4718,849.6964,234.3482,986.2185,164369.7500,0,0,-0.0001,0.6157,0.6927,1.3407,409,0.4958,0.5042,4.3383,513.2000,shock_burst,0.2050,0.3731,1.6035,0.0000,1.0000,0.0000,29.5511,24,434.1889,0.4373,0.8255,10,2,62819.9258,3.4370,0.0000,3.4370,0.5173,0.8360,0.0000,4.1290,26358.6582,23,2.9135,975628.6875,7.4202,117360
43,246,Kyoto_Small,train,IPPO,3600,6,122,70,0.5738,1.0000,0.0000,744.3571,148.8714,0.8894,4.6309,268.9322,442.2292,1052.9648,0.7831,19.2042,17.3443,738.5742,173.2991,718.2787,119713.1172,0,0,-0.0000,0.7974,0.6929,1.4630,401,0.5738,0.4262,4.6456,631.4694,wave,0.2262,0.4203,1.6859,0.0000,1.0000,0.0000,58.3392,28,528.8666,0.3955,0.8352,11,1,73707.5391,3.2869,0.0000,3.2869,0.5918,0.8187,0.0000,5.3239,38537.5898,36,7.4743,709881.3750,7.7377,87630
43,247,Kyoto_Small,train,FaithfulMAPPER,3600,6,120,65,0.5417,1.0000,0.0000,873.2615,218.3154,0.7925,4.6386,270.1021,608.2632,1079.4601,0.7993,19.1536,17.7513,861.5222,193.2601,576.7416,96123.6094,0,0,-0.0003,0.8435,0.6889,0.9113,405,0.5417,0.4583,4.7152,631.4694,wave,0.2265,0.4222,1.7628,0.0000,1.0000,0.0000,54.2100,24,528.4581,0.3797,0.9319,10,1,70164.9062,3.3750,0.0000,3.3750,0.5123,0.8588,0.0000,4.1748,41500.1094,44,8.9629,567504.8750,7.3833,69209
43,248,Kyoto_Small,train,MAPPO,3600,6,105,53,0.5048,1.0000,0.0000,834.6604,166.9321,0.8353,4.6456,241.5200,585.7447,1080.5653,0.8948,19.7446,18.6169,899.1350,194.5053,584.5333,97422.2188,0,0,-0.0002,0.7597,0.6927,1.4797,339,0.5048,0.4952,4.7475,631.4694,wave,0.1986,0.3697,1.6846,0.0000,1.0000,0.0000,25.4069,28,528.0656,0.3720,0.8446,9,2,57269.9609,3.2286,0.0000,3.2286,0.4591,0.7862,0.0000,6.0984,36694.5469,46,4.3386,574181.3125,6.2381,61376
43,249,LosAngeles_Small,train,IPPO,3600,6,123,47,0.3821,1.0000,0.0000,894.5106,447.2553,0.4695,4.3289,216.5349,651.9500,1116.0544,1.0000,23.7348,22.3055,861.9520,174.6538,958.1464,159691.0625,0,0,-0.0000,1.2168,0.6929,1.6769,404,0.3821,0.6179,4.3664,519.0942,ramp_up_down,0.1714,0.3202,1.5629,0.0000,1.0000,0.0000,0.0000,32,461.0511,0.3069,0.7837,8,3,52454.5586,3.2846,0.0000,3.2846,0.3448,0.7698,0.0000,2.7633,12483.0127,15,2.9073,947982.6250,7.0163,117852
43,250,LosAngeles_Small,train,FaithfulMAPPER,3600,6,110,55,0.5000,1.0000,0.0000,899.9636,449.9818,0.4837,4.3277,316.6190,625.7368,1147.5627,0.7249,23.6844,22.2133,907.3784,200.7699,747.3000,124550.0000,0,0,-0.0002,1.2762,0.6896,1.0495,351,0.5000,0.5000,4.3091,519.0942,ramp_up_down,0.2157,0.4041,1.7868,0.0000,1.0000,0.0000,87.1065,24,460.9669,0.3097,0.8613,12,2,63115.9492,3.1909,0.0000,3.1909,0.4405,0.9155,0.0000,4.0172,20132.6074,27,3.2543,735812.9375,8.7182,82203
43,251,LosAngeles_Small,train,MAPPO,3600,6,83,43,0.5181,1.0000,0.0000,900.2325,900.2325,0.3186,4.3356,267.2433,697.6286,1115.9749,0.8352,23.6574,20.1204,820.4250,206.4661,563.6988,93949.7969,0,0,-0.0000,1.0903,0.6927,1.7795,238,0.5181,0.4819,4.3000,519.0942,ramp_up_down,0.2939,0.5289,1.7297,0.0000,1.0000,0.0000,44.0483,24,459.7658,0.3106,0.8058,9,1,47986.9219,2.8675,0.0000,2.8675,0.4839,0.7958,0.0000,2.6018,13442.4932,15,2.2760,550531.6875,7.4578,46787
43,252,Tokyo_Small,train,IPPO,3600,6,109,50,0.4587,1.0000,0.0000,881.2000,440.6000,0.4459,4.6595,340.5952,613.1177,1187.2399,0.6972,28.6064,26.8373,906.6965,256.4029,670.8991,111816.5156,0,0,-0.0000,2.4184,0.6929,2.4516,325,0.4587,0.5413,4.7247,1125.4863,wave,0.1562,0.2828,1.6904,0.0000,1.0000,0.0000,103.1473,32,937.3097,0.3583,0.8112,7,3,59361.9922,2.9817,0.0000,2.9817,0.4532,0.9922,0.0000,4.1326,29466.7168,27,2.2437,654712.5000,7.8716,73128
43,253,Tokyo_Small,train,FaithfulMAPPER,3600,6,84,56,0.6667,1.0000,0.0000,913.3036,456.6518,0.4349,4.6577,223.8696,759.9737,1008.2106,0.9007,29.7842,27.7830,770.5903,248.1018,961.8810,160313.4844,0,0,-0.0005,0.7048,0.6895,0.7562,234,0.6667,0.3333,4.6887,1125.4863,wave,0.2772,0.4900,1.6292,0.0000,1.0000,0.0000,22.2274,28,937.0494,0.3640,0.8552,10,2,56459.7930,2.7857,0.0000,2.7857,0.6957,0.7113,0.0000,5.9178,53320.1094,33,2.0850,936332.5625,8.6429,80798
43,254,Tokyo_Small,train,MAPPO,3600,6,113,60,0.5310,1.0000,0.0000,777.9833,388.9917,0.4556,4.6554,246.6471,577.2826,1074.1479,0.8710,28.6437,26.2502,926.5165,212.2833,817.1416,136190.2656,0,0,-0.0000,0.9187,0.6927,1.6351,378,0.5310,0.4690,4.7582,1125.4863,wave,0.1346,0.2433,1.6684,0.0000,1.0000,0.0000,31.8175,28,937.5850,0.3686,0.9542,9,4,64448.8789,3.3451,0.0000,3.3451,0.4472,0.8479,0.0000,5.4064,49609.9609,38,1.9247,797770.5625,7.1770,92337
43,255,Kyoto_Small,train,IPPO,3600,6,106,58,0.5472,1.0000,0.0000,755.0345,251.6782,0.5305,4.3280,235.6400,532.7111,1027.5625,0.8721,18.7399,16.4229,755.5956,169.5011,492.7264,82121.0703,0,0,-0.0000,1.0201,0.6929,1.6653,347,0.5472,0.4528,4.3786,347.1364,ramp_up_down,0.2444,0.4656,1.6746,0.0000,1.0000,0.0000,30.1275,24,309.2961,0.3083,0.8600,10,0,59598.6289,3.2736,0.0000,3.2736,0.4760,0.6867,0.0000,2.6576,15425.9512,20,6.5012,481905.3125,7.8208,52229
43,256,Kyoto_Small,train,FaithfulMAPPER,3600,6,104,65,0.6250,1.0000,0.0000,762.0923,190.5231,0.7276,4.3047,210.9454,538.0208,985.6696,0.9345,19.1646,16.8097,777.5157,167.9296,600.1731,100028.8438,0,0,-0.0005,0.6971,0.6889,0.9306,350,0.6250,0.3750,4.3496,347.1364,ramp_up_down,0.2262,0.4403,1.6395,0.0000,1.0000,0.0000,13.8115,24,310.5397,0.3235,0.9886,12,3,64068.5195,3.3654,0.0000,3.3654,0.5543,0.7674,0.0000,3.5101,28260.6270,19,3.3234,590737.6875,5.7885,62418
43,257,Kyoto_Small,train,MAPPO,3600,6,100,59,0.5900,1.0000,0.0000,895.1356,298.3785,0.5959,4.3155,296.8000,588.4091,975.3507,0.6572,19.2722,16.5616,770.1483,171.1296,470.3200,78386.6641,0,0,-0.0001,0.7965,0.6927,1.4762,328,0.5900,0.4100,4.3192,347.1364,ramp_up_down,0.1574,0.3307,1.6219,0.0000,1.0000,0.0000,101.7298,28,309.7375,0.3152,0.8325,8,1,57545.6914,3.2800,0.0000,3.2800,0.6007,0.8050,0.0000,3.3219,12668.3135,28,2.1319,460470.8125,6.8000,47032
43,258,LosAngeles_Small,train,IPPO,3600,6,125,43,0.3440,1.0000,0.0000,920.8837,230.2209,0.7185,4.6603,300.5526,664.0000,1198.3727,0.7974,23.7775,21.9572,882.2819,190.8535,1884.0800,314013.3438,0,0,-0.0001,1.0689,0.6929,1.5901,400,0.3440,0.6560,4.7192,944.3675,wave,0.2399,0.4579,1.6442,0.0000,1.0000,0.0000,60.8781,28,786.2683,0.3617,0.8188,7,0,51530.0234,3.2000,0.0000,3.2000,0.3944,1.0154,0.0000,2.7237,15234.2617,25,7.4173,1870116.1250,7.6960,235510
43,259,LosAngeles_Small,train,FaithfulMAPPER,3600,6,116,50,0.4310,1.0000,0.0000,909.0800,227.2700,0.7933,4.6542,274.0000,648.2195,1181.5177,0.8624,23.0438,20.9775,856.9050,220.6419,1376.3707,229395.1250,0,0,-0.0003,1.0041,0.6891,1.0819,439,0.4310,0.5690,4.6738,944.3675,wave,0.1369,0.2474,1.5685,0.0000,1.0000,0.0000,37.6965,24,787.5622,0.3625,0.9283,7,3,59075.8828,3.7845,0.0000,3.7845,0.4983,0.9621,0.0000,9.7936,67304.5547,42,18.9193,1358965.0000,6.4828,159659
43,260,LosAngeles_Small,train,MAPPO,3600,6,97,48,0.4948,1.0000,0.0000,772.1250,257.3750,0.6435,4.6538,209.2045,621.6429,907.2799,0.8674,23.3402,21.2776,781.3475,205.4902,958.9587,159826.4531,0,0,-0.0000,1.0669,0.6927,1.7404,324,0.4948,0.5052,4.6555,944.3675,wave,0.2238,0.4048,1.5963,0.0000,1.0000,0.0000,27.7486,28,787.1025,0.3649,0.8336,9,2,43549.4375,3.3402,0.0000,3.3402,0.3735,0.5593,0.0000,7.2113,57903.0430,44,3.4472,936454.7500,7.8969,93019
43,261,Tokyo_Small,train,IPPO,3600,6,92,34,0.3696,1.0000,0.0000,820.9706,820.9706,0.3046,4.5127,283.1379,611.2222,1328.4573,0.9384,28.3911,25.8934,865.2145,250.4378,1139.2609,189876.8125,0,0,-0.0004,1.6509,0.6928,2.0133,262,0.3696,0.6304,4.6156,883.7547,building_up,0.3167,0.5617,1.8438,0.0000,1.0000,0.0000,17.4465,24,756.6166,0.3294,0.7831,7,0,45167.5508,2.8478,0.0000,2.8478,0.3717,1.0215,0.0000,3.5924,22439.7617,22,2.5307,1116232.7500,8.8043,104812
43,262,Tokyo_Small,train,FaithfulMAPPER,3600,6,121,55,0.4545,1.0000,0.0000,706.8182,706.8182,0.2865,4.5060,237.2708,522.8043,1051.9370,0.8867,29.2752,26.1143,790.3422,198.7937,692.5455,115424.2422,0,0,-0.0003,1.2002,0.6892,1.0251,365,0.4545,0.5455,4.5816,883.7547,building_up,0.2367,0.4376,1.5699,0.0000,1.0000,0.0000,26.8834,32,757.3111,0.3403,0.9206,11,2,57856.5352,3.0165,0.0000,3.0165,0.5132,0.9139,0.0000,5.5674,41889.2812,39,1.5824,675223.8125,7.8182,83798
43,263,Tokyo_Small,train,MAPPO,3600,6,93,53,0.5699,1.0000,0.0000,858.0377,858.0377,0.3201,4.5068,268.8372,630.2632,1111.9135,0.8272,28.3594,26.8644,923.0717,251.3492,412.0860,68681.0000,0,0,-0.0001,1.2105,0.6927,1.8362,306,0.5699,0.4301,4.5496,883.7547,building_up,0.2028,0.3658,1.7705,0.0000,1.0000,0.0000,46.4545,24,757.9372,0.3306,0.9121,9,3,58931.4102,3.2903,0.0000,3.2903,0.5735,0.9396,0.0000,4.0873,33954.7227,34,1.8509,392638.6250,7.9140,38324
43,264,Kyoto_Small,train,IPPO,3600,6,125,62,0.4960,1.0000,0.0000,844.0806,168.8161,0.8602,4.3057,229.2456,658.7692,1053.1577,0.9188,19.4955,17.5275,792.9596,181.0420,784.6160,130769.3359,0,0,-0.0000,1.1048,0.6928,1.7318,413,0.4960,0.5040,4.3275,347.1364,ramp_up_down,0.2306,0.4194,1.6196,0.0000,1.0000,0.0000,18.6141,24,310.4411,0.3213,0.8248,11,2,65295.7773,3.3040,0.0000,3.3040,0.4597,0.7891,0.0000,2.5059,15090.7617,16,4.6538,770299.0625,6.6560,98077
43,265,Kyoto_Small,train,FaithfulMAPPER,3600,6,96,53,0.5521,1.0000,0.0000,654.0944,218.0314,0.5545,4.3302,203.2979,459.4211,857.8829,0.8440,19.7019,18.3469,744.6007,191.9108,994.2396,165706.5938,0,0,-0.0006,0.6410,0.6887,0.8733,283,0.5521,0.4479,4.4407,347.1364,ramp_up_down,0.2963,0.5533,1.6709,0.0000,1.0000,0.0000,31.7213,24,308.9703,0.3058,0.9926,10,1,45467.7930,2.9479,0.0000,2.9479,0.4109,0.5848,0.0000,3.9767,19032.0293,25,3.9733,983979.5625,7.6979,95447
43,266,Kyoto_Small,train,MAPPO,3600,6,108,62,0.5741,1.0000,0.0000,768.2258,256.0753,0.6291,4.3223,285.7308,485.1628,1107.7303,0.7754,19.1692,17.3785,774.0957,166.6946,780.7963,130132.7188,0,0,-0.0000,0.8486,0.6927,1.5588,340,0.5741,0.4259,4.4186,347.1364,ramp_up_down,0.2578,0.4656,1.5985,0.0000,1.0000,0.0000,64.1847,24,309.7414,0.3062,0.8807,9,1,68679.2812,3.1481,0.0000,3.1481,0.6093,0.8356,0.0000,3.8051,29894.6035,26,3.9056,770919.1875,7.4537,84326
43,267,LosAngeles_Small,train,IPPO,3600,6,108,59,0.5463,1.0000,0.0000,1048.5084,262.1271,0.6886,4.3295,270.3673,731.9211,1208.9362,0.8943,23.5904,21.4266,867.3688,202.4207,1300.2130,216702.1719,0,0,-0.0001,1.0535,0.6928,1.6465,372,0.5463,0.4537,4.2693,519.0942,ramp_up_down,0.2174,0.3864,1.6152,0.0000,1.0000,0.0000,28.5801,24,460.9811,0.3096,0.8758,9,3,71327.2344,3.4444,0.0000,3.4444,0.6452,1.0544,0.0000,2.7932,17795.5762,22,3.7462,1284157.6250,6.2037,140423
43,268,LosAngeles_Small,train,FaithfulMAPPER,3600,6,103,40,0.3883,1.0000,0.0000,889.5250,296.5083,0.5849,4.3374,274.2059,620.6667,1222.9326,0.8920,22.8934,20.6844,854.8467,210.1057,875.3981,145899.6719,0,0,-0.0002,0.8759,0.6890,0.9384,358,0.3883,0.6117,4.4331,519.0942,ramp_up_down,0.2083,0.3685,1.6707,0.0000,1.0000,0.0000,29.6194,28,460.0531,0.3049,0.8306,7,2,48917.3047,3.4757,0.0000,3.4757,0.3963,0.9481,0.0000,4.1912,29106.2168,21,3.1975,861409.0625,6.7670,90166
43,269,LosAngeles_Small,train,MAPPO,3600,6,98,46,0.4694,1.0000,0.0000,671.9130,223.9710,0.5200,4.3404,180.9211,498.0526,1091.6720,1.0000,22.8092,19.9231,781.5561,206.6781,684.8062,114134.3516,0,0,-0.0000,0.8486,0.6927,1.5332,314,0.4694,0.5306,4.3935,519.0942,ramp_up_down,0.3333,0.5929,1.7517,0.0000,1.0000,0.0000,0.0000,24,459.9992,0.2995,0.9178,10,0,50216.9141,3.2041,0.0000,3.2041,0.5554,1.0440,0.0000,4.8040,45419.0273,26,5.5550,671634.5000,7.9184,67111
43,270,Tokyo_Small,train,IPPO,3600,6,113,47,0.4159,1.0000,0.0000,746.9575,373.4787,0.3970,4.5011,216.3902,569.1750,1019.4332,0.9422,29.5449,27.8343,840.2253,204.1642,1039.8761,173312.6875,0,0,-0.0000,1.3495,0.6927,1.8997,294,0.4159,0.5841,4.5782,883.7547,building_up,0.2321,0.4232,1.6831,0.0000,1.0000,0.0000,12.5036,24,758.1264,0.3384,0.9757,9,1,47913.3594,2.6018,0.0000,2.6018,0.3965,0.8018,0.0000,5.8372,42994.5664,38,3.7662,1024470.0000,9.0708,117506
43,271,Tokyo_Small,train,FaithfulMAPPER,3600,6,114,52,0.4561,1.0000,0.0000,1094.2885,547.1442,0.4490,4.5053,242.6170,776.6977,1018.9164,0.8399,28.0244,25.2701,737.1901,220.4368,539.4649,89910.8203,0,0,-0.0003,0.7635,0.6860,0.9205,351,0.4561,0.5439,4.5741,883.7547,building_up,0.2194,0.5023,1.5763,0.0000,1.0000,0.0000,38.8337,28,757.7889,0.3371,0.8450,11,4,52983.6562,3.0789,0.0000,3.0789,0.4737,0.7100,0.0000,5.5678,48343.6680,38,2.4611,523218.6250,8.1579,61499
43,272,Tokyo_Small,train,MAPPO,3600,6,114,62,0.5439,1.0000,0.0000,950.8871,475.4435,0.4834,4.5040,270.6250,736.7692,1263.2047,0.9335,28.7301,27.1091,870.4901,191.9597,727.5263,121254.3828,0,0,-0.0000,2.0033,0.6927,2.3868,360,0.5439,0.4561,4.5929,883.7547,building_up,0.1635,0.2979,1.5715,0.0000,1.0000,0.0000,17.9841,28,757.5564,0.3425,0.7869,10,4,78318.6953,3.1579,0.0000,3.1579,0.6588,1.0686,0.0000,3.4576,29368.2012,28,2.1998,711862.3750,6.7719,82938
43,273,Kyoto_Small,train,IPPO,3600,6,101,57,0.5644,1.0000,0.0000,949.3860,474.6930,0.4933,4.6449,239.9592,591.6316,1156.6052,0.9640,19.6738,18.0284,836.6494,160.3012,530.6238,88437.2969,0,0,-0.0000,0.8453,0.6927,1.5238,297,0.5644,0.4356,4.6826,631.4694,wave,0.2173,0.4000,1.7775,0.0000,1.0000,0.0000,8.6381,28,527.9267,0.3732,0.7333,7,1,65926.5000,2.9406,0.0000,2.9406,0.5236,0.8297,0.0000,3.7869,19480.4375,24,1.4273,519007.7500,6.3267,53593
43,274,Kyoto_Small,train,FaithfulMAPPER,3600,6,119,55,0.4622,1.0000,0.0000,905.6182,301.8727,0.6467,4.6344,216.9362,684.3864,1055.2638,0.9729,19.9949,18.3987,782.9315,176.3090,807.4622,134577.0312,0,0,-0.0002,0.6850,0.6859,0.9115,379,0.4622,0.5378,4.6617,631.4694,wave,0.1356,0.2472,1.6208,0.0000,1.0000,0.0000,5.8834,24,528.5231,0.3892,0.8866,8,3,58039.5078,3.1849,0.0000,3.1849,0.5070,0.8500,0.0000,5.7602,24979.0000,28,2.7781,796431.5000,7.9832,96088
43,275,Kyoto_Small,train,MAPPO,3600,6,119,70,0.5882,1.0000,0.0000,864.9000,288.3000,0.5971,4.6354,253.2456,611.9020,888.2803,0.7015,20.0920,17.6757,737.6683,177.1857,542.3361,90389.3594,0,0,-0.0000,0.7898,0.6927,1.5194,349,0.5882,0.4118,4.6684,631.4694,wave,0.1708,0.3127,1.5346,0.0000,1.0000,0.0000,75.5896,28,528.4456,0.3920,0.8867,11,5,62179.6211,2.9328,0.0000,2.9328,0.5028,0.6299,0.0000,6.3455,50017.5547,36,4.3833,531105.6250,6.5630,64538
43,276,LosAngeles_Small,train,IPPO,3600,6,95,44,0.4632,1.0000,0.0000,785.7045,392.8523,0.3367,4.6566,252.7222,555.2121,980.4795,0.7759,23.9744,22.0183,791.7869,241.9183,611.4631,101910.5234,0,0,-0.0003,1.2799,0.6927,1.8736,296,0.4632,0.5368,4.7131,944.3675,wave,0.3109,0.5565,1.4930,0.0000,1.0000,0.0000,56.6263,24,786.2119,0.3692,0.8489,9,0,43141.0977,3.1158,0.0000,3.1158,0.3993,0.6596,0.0000,5.8338,39922.5391,22,3.1210,594206.2500,8.6000,58089
43,277,LosAngeles_Small,train,FaithfulMAPPER,3600,6,116,63,0.5431,1.0000,0.0000,882.9207,441.4603,0.4811,4.6460,209.8113,699.7917,885.3213,0.8439,23.8156,21.3490,724.6035,190.5176,897.7845,149630.7500,0,0,-0.0003,1.0693,0.6859,0.7901,357,0.5431,0.4569,4.6860,944.3675,wave,0.1439,0.3013,1.6292,0.0000,1.0000,0.0000,32.7471,28,788.1614,0.3751,0.9911,8,2,55775.2422,3.0776,0.0000,3.0776,0.4467,0.5721,0.0000,4.9523,28375.7734,33,2.1780,881704.8125,9.1207,104143
43,278,LosAngeles_Small,train,MAPPO,3600,6,102,55,0.5392,1.0000,0.0000,750.5091,750.5091,0.2655,4.6556,263.3044,509.9211,1034.9244,0.7861,22.4012,18.8606,794.8839,212.6887,440.5784,73429.7422,0,0,-0.0000,0.6953,0.6927,1.4066,350,0.5392,0.4608,4.6529,944.3675,wave,0.2609,0.4822,1.5470,0.0000,1.0000,0.0000,56.3195,28,786.8795,0.3683,0.8872,9,2,56920.8477,3.4314,0.0000,3.4314,0.6206,0.8842,0.0000,4.2668,30931.0000,30,2.2898,422442.4375,6.8824,44939
43,279,Tokyo_Small,train,IPPO,3600,6,102,50,0.4902,1.0000,0.0000,887.1400,443.5700,0.3649,4.0487,285.3182,670.4211,1018.2144,0.7137,26.8868,24.3334,850.8340,206.3306,865.3333,144222.2188,0,0,-0.0001,1.0950,0.6927,1.7348,273,0.4902,0.5098,4.0410,177.0000,flat,0.3155,0.5852,1.7284,0.0000,1.0000,0.0000,81.6753,12,177.0933,0.0527,0.7146,11,1,50910.7148,2.6765,0.0000,2.6765,0.4930,0.9021,0.0000,2.3781,11667.3359,10,2.1245,854307.1250,7.0196,88264
43,280,Tokyo_Small,train,FaithfulMAPPER,3600,6,100,53,0.5300,1.0000,0.0000,815.5283,815.5283,0.3234,4.0436,219.4146,629.4167,970.1311,0.8843,29.8486,27.4999,805.5930,261.7319,469.6500,78275.0000,0,0,-0.0002,0.7109,0.6861,0.9390,354,0.5300,0.4700,4.0372,177.0000,flat,0.2417,0.4349,1.7322,0.0000,1.0000,0.0000,25.3884,12,177.4600,0.0539,0.8198,10,2,51416.9492,3.5400,0.0000,3.5400,0.5118,0.8228,0.0000,2.1267,10668.4600,7,2.2558,459186.6875,8.3500,46965
43,281,Tokyo_Small,train,MAPPO,3600,6,98,48,0.4898,1.0000,0.0000,839.7083,419.8542,0.3439,4.0472,219.1250,680.0256,1042.4399,0.9515,29.9499,28.5504,844.4358,251.7535,559.4286,93238.0938,0,0,-0.0000,1.1386,0.6927,1.7411,289,0.4898,0.5102,4.0441,177.0000,flat,0.1369,0.2651,1.6442,0.0000,1.0000,0.0000,10.6370,14,177.2381,0.0507,0.8147,7,3,50037.1133,2.9490,0.0000,2.9490,0.3345,0.6223,0.0000,2.3706,11308.6172,9,2.4910,547947.5000,8.7041,54824
43,282,Kyoto_Small,train,IPPO,3600,6,96,49,0.5104,1.0000,0.0000,879.7143,439.8571,0.4163,4.3172,321.2000,581.3658,1220.2886,0.7598,19.7143,18.2462,818.5720,197.7095,418.6875,69781.2500,0,0,-0.0000,0.5531,0.6927,1.2093,343,0.5104,0.4896,4.3382,347.1364,ramp_up_down,0.1705,0.3149,1.6289,0.0000,1.0000,0.0000,77.1423,24,309.4806,0.3176,0.8537,8,2,59794.1406,3.5729,0.0000,3.5729,0.5840,0.9290,0.0000,4.9280,21450.3965,24,2.9320,408306.6562,6.3438,40194
43,283,Kyoto_Small,train,FaithfulMAPPER,3600,6,121,61,0.5041,1.0000,0.0000,787.4262,393.7131,0.4752,4.3085,276.5869,488.7500,1150.7972,0.8321,20.0263,18.1474,852.9424,183.6781,638.3223,106387.0547,0,0,-0.0007,0.8460,0.6858,0.9537,417,0.5041,0.4959,4.3975,347.1364,ramp_up_down,0.0787,0.1434,1.5953,0.0000,1.0000,0.0000,46.4275,24,310.5292,0.3132,0.9158,8,5,70198.6250,3.4463,0.0000,3.4463,0.4508,0.7324,0.0000,4.1008,20717.9043,22,145.9317,630177.4375,6.2562,77237
43,284,Kyoto_Small,train,MAPPO,3600,6,102,57,0.5588,1.0000,0.0000,897.1579,448.5789,0.4695,4.3190,251.8235,656.2558,1101.5620,0.8749,19.6656,17.8655,783.9309,194.4632,390.1176,65019.6094,0,0,-0.0000,0.6743,0.6927,1.3711,318,0.5588,0.4412,4.3839,347.1364,ramp_up_down,0.1823,0.3536,1.6511,0.0000,1.0000,0.0000,31.5111,24,310.1197,0.3048,0.8864,10,4,62789.0352,3.1176,0.0000,3.1176,0.5341,0.8047,0.0000,3.2713,19835.4727,21,2.1183,380687.0938,7.3137,39792
43,285,LosAngeles_Small,train,IPPO,3600,6,108,51,0.4722,1.0000,0.0000,896.6667,298.8889,0.5218,4.6554,236.8095,642.8857,1101.1592,0.9300,22.5859,20.0592,761.6066,210.4816,976.6019,162766.9688,0,0,-0.0000,0.8434,0.6926,1.5236,336,0.4722,0.5278,4.6624,944.3675,wave,0.2471,0.4357,1.6934,0.0000,1.0000,0.0000,16.5777,28,786.7144,0.3673,0.8910,9,2,56159.1172,3.1111,0.0000,3.1111,0.4954,0.7749,0.0000,4.6336,29546.3457,36,4.0031,961862.7500,7.2130,105473
43,286,LosAngeles_Small,train,FaithfulMAPPER,3600,6,118,57,0.4831,1.0000,0.0000,744.0526,248.0175,0.5122,4.6555,247.8824,592.5000,1057.9421,0.8536,23.4942,21.5920,797.3912,189.6941,743.8220,123970.3359,0,0,-0.0001,0.5958,0.6857,0.8628,384,0.4831,0.5169,4.6713,944.3675,wave,0.2633,0.4618,1.6463,0.0000,1.0000,0.0000,36.2939,24,786.8456,0.3699,0.9090,10,2,60302.6992,3.2542,0.0000,3.2542,0.5237,0.8346,0.0000,8.1120,41635.1055,37,2.1493,728776.5625,9.0254,87771
43,287,LosAngeles_Small,train,MAPPO,3600,6,92,52,0.5652,1.0000,0.0000,1063.5769,354.5256,0.5526,4.6555,325.5116,710.1025,1241.5662,0.7628,23.2754,21.1018,901.3519,235.2056,784.6304,130771.7422,0,0,-0.0000,1.1822,0.6927,1.8227,285,0.5652,0.4348,4.6630,944.3675,wave,0.1541,0.2781,1.6694,0.0000,1.0000,0.0000,77.1984,28,787.0392,0.3639,0.7445,8,3,64561.4375,3.0978,0.0000,3.0978,0.6183,0.9782,0.0000,3.8318,30411.4453,38,3.2161,764262.5000,6.9674,72186
43,288,Tokyo_Small,train,IPPO,3600,6,112,52,0.4643,1.0000,0.0000,908.3846,302.7949,0.5803,4.0397,263.1111,642.7073,1253.9821,0.9532,28.9867,27.5694,867.9951,228.7658,1038.3392,173056.5469,0,0,-0.0000,0.8624,0.6926,1.5399,337,0.4643,0.5357,4.0360,177.0000,flat,0.1782,0.3234,1.5893,0.0000,1.0000,0.0000,12.3147,12,177.9403,0.0539,0.7197,8,3,65207.0664,3.0089,0.0000,3.0089,0.5018,0.8772,0.0000,2.1658,12046.4424,10,2.4072,1028271.0000,6.9286,116294
43,289,Tokyo_Small,train,FaithfulMAPPER,3600,6,105,52,0.4952,1.0000,0.0000,985.4039,328.4680,0.5576,4.0420,270.1739,694.3589,1098.4736,0.8132,28.4817,26.4607,897.3192,225.9990,858.2476,143041.2656,0,0,-0.0003,0.6938,0.6860,0.9214,350,0.4952,0.5048,4.0344,177.0000,flat,0.1193,0.2227,1.5230,0.0000,1.0000,0.0000,50.4792,16,177.6150,0.0522,0.8500,8,4,57120.6289,3.3333,0.0000,3.3333,0.5709,0.9583,0.0000,1.9006,11428.6084,6,3.4964,848006.5000,8.0762,90116
43,290,Tokyo_Small,train,MAPPO,3600,6,104,56,0.5385,1.0000,0.0000,762.4286,254.1429,0.5710,4.0470,269.6383,499.4615,988.8781,0.7335,28.5016,26.6802,865.5258,222.6883,876.1923,146032.0469,0,0,-0.0000,0.6685,0.6927,1.3941,351,0.5385,0.4615,4.0374,177.0000,flat,0.2261,0.4120,1.7287,0.0000,1.0000,0.0000,71.8627,12,177.3125,0.0540,0.8366,10,2,55377.1680,3.3750,0.0000,3.3750,0.4505,0.7641,0.0000,1.9785,10030.4111,6,4.6183,865488.9375,8.0577,91124
43,291,Kyoto_Small,train,IPPO,3600,6,94,43,0.4574,1.0000,0.0000,856.5349,214.1337,0.7725,4.0127,286.2433,574.9143,1035.9204,0.7238,19.8825,17.8017,820.1255,214.8374,787.7553,131292.5469,0,0,-0.0001,0.8573,0.6926,1.5183,311,0.4574,0.5426,4.0061,99.0000,flat,0.1318,0.2402,1.5869,0.0000,1.0000,0.0000,79.0592,12,100.8350,0.0728,0.7719,6,3,44544.5742,3.3085,0.0000,3.3085,0.4337,0.7711,0.0000,1.9513,9002.7490,7,4.6947,779826.0625,7.0213,74049
43,292,Kyoto_Small,train,FaithfulMAPPER,3600,6,121,62,0.5124,1.0000,0.0000,731.5000,146.3000,0.9618,4.0024,205.0000,522.0000,1003.5720,0.9791,19.5537,18.0605,797.9137,166.2040,954.6364,159106.0625,0,0,-0.0002,0.6285,0.6862,0.9214,388,0.5124,0.4876,3.9952,99.0000,flat,0.2854,0.5115,1.6056,0.0000,1.0000,0.0000,4.2856,12,101.4222,0.0728,0.7406,13,2,62221.4609,3.2066,0.0000,3.2066,0.5534,0.8797,0.0000,1.7408,5772.9321,0,4.2185,947832.9375,6.7273,115511
43,293,Kyoto_Small,train,MAPPO,3600,6,116,56,0.4828,1.0000,0.0000,875.4464,218.8616,0.7655,4.0132,223.5652,623.1750,1119.5078,1.0000,19.5256,17.9750,865.0756,175.2159,1215.9569,202659.5000,0,0,-0.0000,0.7733,0.6927,1.5018,319,0.4828,0.5172,4.0032,99.0000,flat,0.2675,0.4889,1.6422,0.0000,1.0000,0.0000,0.0000,12,100.9933,0.0703,0.9599,10,1,62692.4375,2.7500,0.0000,2.7500,0.5087,0.9073,0.0000,2.1787,9406.1436,9,7.2356,1209481.7500,8.1638,141051
43,294,LosAngeles_Small,train,IPPO,3600,6,100,53,0.5300,1.0000,0.0000,929.7547,464.8773,0.4276,4.5005,333.5714,643.2500,1245.2417,0.7466,23.4192,22.3671,958.0480,253.4238,848.8100,141468.3281,0,0,-0.0000,0.9598,0.6926,1.6077,307,0.5300,0.4700,4.5559,741.5442,building_up,0.2321,0.4442,1.4693,0.0000,1.0000,0.0000,84.5231,28,636.5733,0.3390,0.8061,8,0,65997.8125,3.0700,0.0000,3.0700,0.4896,0.7437,0.0000,4.7809,29271.0059,25,3.2504,833276.0000,7.9000,84881
43,295,LosAngeles_Small,train,FaithfulMAPPER,3600,6,122,46,0.3770,1.0000,0.0000,1015.2174,1015.2174,0.2550,4.5061,198.2927,761.0500,1024.5879,1.0000,23.3135,22.2128,864.8538,206.6553,716.1312,119355.1875,0,0,-0.0003,1.2484,0.6858,1.0091,391,0.3770,0.6230,4.5802,741.5442,building_up,0.2820,0.5004,1.6810,0.0000,1.0000,0.0000,0.0000,28,636.3572,0.3317,1.0277,9,2,47131.0430,3.2049,0.0000,3.2049,0.3829,0.8971,0.0000,5.8527,39722.0000,40,1.9437,702984.0625,7.1885,87368
43,296,LosAngeles_Small,train,MAPPO,3600,6,103,45,0.4369,1.0000,0.0000,829.5778,414.7889,0.4078,4.4993,279.4250,480.8108,1292.1486,0.9249,22.8337,21.2524,883.0825,237.5113,708.6019,118100.3203,0,0,-0.0000,0.7037,0.6927,1.4315,364,0.4369,0.5631,4.6173,741.5442,building_up,0.1375,0.2449,1.6226,0.0000,1.0000,0.0000,20.9953,28,636.9511,0.3347,0.8492,7,3,58146.6875,3.5340,0.0000,3.5340,0.4795,0.9119,0.0000,6.1977,41205.1445,36,2.0096,694537.6875,6.3398,72986
43,297,Tokyo_Small,train,IPPO,3600,6,122,64,0.5246,1.0000,0.0000,823.4062,164.6812,0.8673,4.3309,279.0192,590.3571,1109.1699,0.7950,29.4802,27.4350,913.8499,214.9455,1653.3197,275553.2812,0,0,-0.0000,1.5717,0.6926,2.0021,373,0.5246,0.4754,4.3203,618.6302,ramp_up_down,0.1446,0.2594,1.7251,0.0000,1.0000,0.0000,57.1852,24,549.3044,0.3032,0.8273,9,4,70986.8750,3.0574,0.0000,3.0574,0.4503,0.8707,0.0000,3.0249,17691.0742,24,2.9494,1640049.8750,7.4836,201705
43,298,Tokyo_Small,train,FaithfulMAPPER,3600,6,91,58,0.6374,1.0000,0.0000,721.1552,180.2888,0.7784,4.3384,245.5319,485.7317,929.6299,0.7572,28.1382,26.0523,785.5520,254.4435,1260.0000,210000.0000,0,0,-0.0004,0.6495,0.6862,0.7219,255,0.6374,0.3626,4.3465,618.6302,ramp_up_down,0.1607,0.3102,1.5906,0.0000,1.0000,0.0000,59.6059,24,548.3622,0.2999,0.8454,10,4,53918.5352,2.8022,0.0000,2.8022,0.5783,0.6596,0.0000,2.7451,19060.5234,20,5.8062,1242289.1250,7.1868,114660
43,299,Tokyo_Small,train,MAPPO,3600,6,115,56,0.4870,1.0000,0.0000,840.0536,168.0107,0.8787,4.3317,261.1667,640.6957,1049.5001,0.8037,29.3614,27.0287,780.6355,212.9699,1442.4783,240413.0312,0,0,-0.0000,0.5813,0.6927,1.2968,397,0.4870,0.5130,4.3553,618.6302,ramp_up_down,0.1985,0.3502,1.6101,0.0000,1.0000,0.0000,51.2666,28,548.9805,0.3057,0.9854,10,3,58772.0078,3.4522,0.0000,3.4522,0.5054,0.8447,0.0000,5.1622,35192.2969,25,3.7963,1428567.3750,9.5565,165885
43,300,Kyoto_Small,train,IPPO,3600,6,105,48,0.4571,1.0000,0.0000,1036.0625,259.0156,0.6756,4.0105,263.4762,739.7632,1154.2120,0.8761,19.9546,18.4222,810.3995,217.7642,916.0190,152669.8438,0,0,-0.0000,0.8245,0.6926,1.5037,330,0.4571,0.5429,3.9987,99.0000,flat,0.1565,0.3086,1.5192,0.0000,1.0000,0.0000,32.6338,12,101.0017,0.0689,0.7882,10,4,55402.1758,3.1429,0.0000,3.1429,0.4888,0.7993,0.0000,2.0160,7021.5356,2,5.1387,907639.9375,7.9048,96182
43,301,Kyoto_Small,train,FaithfulMAPPER,3600,6,116,61,0.5259,1.0000,0.0000,834.9016,208.7254,0.7390,3.9945,224.0189,622.4255,1141.9548,1.0000,19.5892,17.8836,847.2779,174.7154,885.2328,147538.7969,0,0,-0.0004,0.7675,0.6861,0.9088,348,0.5259,0.4741,3.9915,99.0000,flat,0.0916,0.1709,1.6419,0.0000,1.0000,0.0000,0.0000,12,101.7294,0.0703,0.8663,9,6,69659.2422,3.0000,0.0000,3.0000,0.6143,1.0352,0.0000,1.9234,7851.5703,4,12.2254,878289.3750,7.6983,102687
43,302,Kyoto_Small,train,MAPPO,3600,6,123,56,0.4553,1.0000,0.0000,912.1250,228.0312,0.7317,4.0018,226.5833,708.5000,891.6512,0.7870,19.8438,18.1576,784.6978,172.7585,991.7642,165294.0312,0,0,-0.0000,1.5975,0.6927,2.1449,409,0.4553,0.5447,3.9935,99.0000,flat,0.0973,0.1903,1.7627,0.0000,1.0000,0.0000,48.2531,16,101.4881,0.0777,0.8978,8,4,49932.4648,3.3252,0.0000,3.3252,0.4587,0.8708,0.0000,2.0583,7970.6606,6,3.0515,984936.6875,7.4309,121987
43,303,LosAngeles_Small,train,IPPO,3600,6,104,52,0.5000,1.0000,0.0000,628.7692,209.5897,0.5779,4.3335,218.2250,361.5151,1115.5596,1.0000,22.1748,20.8388,849.0190,195.1357,1083.4519,180575.3281,0,0,-0.0000,0.9643,0.6926,1.6016,343,0.5000,0.5000,4.3866,519.0942,ramp_up_down,0.2955,0.5530,1.6257,0.0000,1.0000,0.0000,0.0000,24,460.3833,0.3072,0.7768,12,1,58009.1016,3.2981,0.0000,3.2981,0.4736,0.8990,0.0000,4.1605,33095.7695,16,8.1488,1071872.1250,7.9423,112679
43,304,LosAngeles_Small,train,FaithfulMAPPER,3600,6,108,51,0.4722,1.0000,0.0000,918.3922,459.1961,0.4614,4.3414,286.0698,675.7143,1122.8269,0.7850,23.1292,20.9041,887.1413,223.2059,849.2315,141538.5781,0,0,-0.0004,2.1131,0.6858,1.1572,334,0.4722,0.5278,4.3755,519.0942,ramp_up_down,0.2957,0.5293,1.6306,0.0000,1.0000,0.0000,61.5044,24,460.0939,0.3027,0.9575,9,1,57264.1680,3.0926,0.0000,3.0926,0.4491,0.9255,0.0000,3.8496,23077.2832,23,2.1913,836596.7500,7.8981,91717
43,305,LosAngeles_Small,train,MAPPO,3600,6,109,54,0.4954,1.0000,0.0000,890.3519,296.7840,0.5163,4.3300,296.9583,578.9783,1099.4697,0.7405,24.0109,21.3501,861.4725,214.8294,817.3578,136226.2969,0,0,-0.0000,0.7114,0.6927,1.4283,386,0.4954,0.5046,4.3473,519.0942,ramp_up_down,0.1760,0.3102,1.6796,0.0000,1.0000,0.0000,77.0644,28,461.2267,0.3042,0.9161,9,3,59371.3633,3.5413,0.0000,3.5413,0.4372,0.7328,0.0000,3.1107,21623.9336,21,8.9902,805420.2500,7.6330,89092
43,306,Tokyo_Small,train,IPPO,3600,6,109,51,0.4679,1.0000,0.0000,857.3922,428.6961,0.4224,4.2487,229.4651,640.4167,1028.1747,0.8961,28.4842,26.0290,764.2607,203.7676,883.1652,147194.1875,0,0,-0.0001,1.7628,0.6926,2.1965,311,0.4679,0.5321,4.3343,513.2000,shock_burst,0.1905,0.3532,1.8150,0.0000,1.0000,0.0000,23.8302,28,434.1778,0.4329,0.8466,9,3,52436.9062,2.8532,0.0000,2.8532,0.4464,0.7526,0.0000,2.9272,14387.6592,11,2.8035,867593.3750,7.2569,96265
43,307,Tokyo_Small,train,FaithfulMAPPER,3600,6,100,39,0.3900,1.0000,0.0000,874.4615,437.2308,0.4278,4.2632,312.2727,641.6000,1153.2770,0.7386,29.4410,26.3928,866.6230,210.4804,933.2300,155538.3281,0,0,-0.0003,1.6713,0.6864,1.0656,301,0.3900,0.6100,4.4112,513.2000,shock_burst,0.2188,0.3953,1.6186,0.0000,1.0000,0.0000,81.6173,24,433.1872,0.4264,0.8535,6,1,44977.8047,3.0100,0.0000,3.0100,0.3326,0.7118,0.0000,3.9978,24751.0625,22,2.5771,920169.1875,6.3400,93323
43,308,Tokyo_Small,train,MAPPO,3600,6,94,46,0.4894,1.0000,0.0000,859.0652,429.5326,0.4117,4.2519,213.1111,769.3243,1131.8282,1.0000,29.0764,26.5212,984.5929,257.0147,659.3192,109886.5234,0,0,-0.0001,1.8520,0.6927,2.3231,293,0.4894,0.5106,4.2918,513.2000,shock_burst,0.2216,0.4360,1.6612,0.0000,1.0000,0.0000,0.0000,24,433.8703,0.4323,0.6853,11,3,52064.0977,3.1170,0.0000,3.1170,0.4565,1.0131,0.0000,3.5196,25498.6016,16,4.0092,644879.7500,7.1383,61976
43,309,Kyoto_Small,train,IPPO,3600,6,106,53,0.5000,1.0000,0.0000,792.2830,264.0943,0.5050,4.3159,260.2766,506.2195,998.6490,0.7674,19.3236,17.1223,751.8577,176.9844,703.6132,117268.8672,0,0,-0.0000,0.9157,0.6925,1.5893,353,0.5000,0.5000,4.3173,347.1364,ramp_up_down,0.1397,0.2475,1.5857,0.0000,1.0000,0.0000,60.5468,24,309.9014,0.3114,0.8454,9,4,52928.4023,3.3302,0.0000,3.3302,0.5038,0.7677,0.0000,2.4302,10585.7490,12,4.4765,693141.5625,8.4528,74583
43,310,Kyoto_Small,train,FaithfulMAPPER,3600,6,119,49,0.4118,1.0000,0.0000,886.8163,443.4082,0.4796,4.3177,309.1707,550.3514,1204.8314,0.7794,19.9961,18.6839,735.0871,189.5538,807.9076,134651.2656,0,0,-0.0006,0.6420,0.6860,0.8145,369,0.4118,0.5882,4.4191,347.1364,ramp_up_down,0.1329,0.2526,1.6902,0.0000,1.0000,0.0000,68.2045,24,309.5531,0.3154,0.8862,8,3,59036.7383,3.1008,0.0000,3.1008,0.4723,0.8827,0.0000,2.4318,15117.6758,12,16.5710,799033.0000,6.6723,96141
43,311,Kyoto_Small,train,MAPPO,3600,6,94,43,0.4574,1.0000,0.0000,757.3023,378.6512,0.4630,4.3214,254.6667,556.3333,1043.9994,0.8199,19.7294,17.5661,801.7517,201.0217,729.5213,121586.8828,0,0,-0.0000,0.4662,0.6927,1.1630,294,0.4574,0.5426,4.3273,347.1364,ramp_up_down,0.2239,0.4256,1.6683,0.0000,1.0000,0.0000,45.8668,24,309.4233,0.3064,0.9500,8,1,44891.9727,3.1277,0.0000,3.1277,0.4957,0.8203,0.0000,2.6796,13797.5059,17,5.7366,719011.5625,8.8191,68575
43,312,LosAngeles_Small,train,IPPO,3600,6,96,44,0.4583,1.0000,0.0000,792.4091,396.2046,0.4216,4.6537,217.9460,646.1389,1025.9767,0.9415,22.1364,20.7476,800.4308,227.0637,785.3854,130897.5703,0,0,-0.0000,1.1931,0.6925,1.8196,305,0.4583,0.5417,4.6950,944.3675,wave,0.3494,0.6191,1.5856,0.0000,1.0000,0.0000,12.7506,28,787.1556,0.3645,0.8651,10,1,45142.9766,3.1771,0.0000,3.1771,0.4509,0.7830,0.0000,4.6262,33975.5625,25,3.2365,767131.7500,7.7812,75397
43,313,LosAngeles_Small,train,FaithfulMAPPER,3600,6,119,37,0.3109,1.0000,0.0000,869.6757,434.8378,0.4165,4.6547,340.9375,649.7879,1209.0444,0.7092,24.1262,20.4715,773.0652,204.3599,935.6555,155942.5781,0,0,-0.0002,1.2645,0.6864,1.0919,386,0.3109,0.6891,4.7091,944.3675,wave,0.1169,0.2392,1.6313,0.0000,1.0000,0.0000,99.1286,28,786.8091,0.3704,0.7472,6,3,44734.6445,3.2437,0.0000,3.2437,0.3703,1.0229,0.0000,4.5137,30154.6934,42,3.0546,919903.7500,6.7227,111343
43,314,LosAngeles_Small,train,MAPPO,3600,6,94,54,0.5745,1.0000,0.0000,984.2222,492.1111,0.4681,4.6550,304.0667,705.2571,1182.2412,0.7776,23.9037,21.4187,894.4354,241.9377,543.3085,90551.4219,0,0,-0.0000,0.9351,0.6927,1.6514,313,0.5745,0.4255,4.6992,944.3675,wave,0.1964,0.3658,1.6403,0.0000,1.0000,0.0000,67.6184,28,787.3817,0.3620,0.8800,7,2,63841.0234,3.3298,0.0000,3.3298,0.5657,0.9538,0.0000,8.3061,107203.0391,48,4.1450,525088.9375,5.6383,51071
43,315,Tokyo_Small,train,IPPO,3600,6,108,41,0.3796,1.0000,0.0000,964.5854,241.1463,0.6997,4.0478,285.7429,729.3428,1199.7769,0.8398,29.3039,26.8203,796.8233,205.8481,1506.0093,251001.5312,0,0,-0.0000,0.9056,0.6925,1.5844,337,0.3796,0.6204,4.0479,177.0000,flat,0.1464,0.2785,1.6237,0.0000,1.0000,0.0000,45.7875,12,177.1328,0.0536,0.7477,7,3,49190.8516,3.1204,0.0000,3.1204,0.4909,1.0516,0.0000,1.9304,9554.3398,6,4.2808,1495145.3750,8.1574,162649
43,316,Tokyo_Small,train,FaithfulMAPPER,3600,6,98,42,0.4286,1.0000,0.0000,835.2619,278.4206,0.6294,4.0528,240.2222,542.5938,1103.1729,0.9185,29.4948,26.4594,750.8849,253.4028,1051.1327,175188.7812,0,0,-0.0002,1.8911,0.6859,0.9615,301,0.4286,0.5714,4.0545,177.0000,flat,0.2196,0.4036,1.6253,0.0000,1.0000,0.0000,19.5877,16,176.6767,0.0511,0.7905,7,1,46333.2617,3.0714,0.0000,3.0714,0.4204,0.7907,0.0000,1.8378,9185.1553,6,9.2092,1039243.1875,8.7041,103011
43,317,Tokyo_Small,train,MAPPO,3600,6,104,52,0.5000,1.0000,0.0000,975.1346,325.0449,0.6238,4.0556,326.6829,631.0667,1117.7133,0.6843,28.2599,26.0616,770.7296,243.9244,1171.1923,195198.7188,0,0,-0.0001,0.8904,0.6927,1.5884,308,0.5000,0.5000,4.0603,177.0000,flat,0.2578,0.4602,1.8003,0.0000,1.0000,0.0000,103.1403,12,176.6531,0.0512,0.7904,10,2,58121.0898,2.9615,0.0000,2.9615,0.5505,0.9839,0.0000,2.0843,10310.7363,9,3.9397,1158857.8750,9.7692,121804
43,318,Kyoto_Small,train,IPPO,3600,6,113,51,0.4513,1.0000,0.0000,845.1569,211.2892,0.7433,4.0047,254.5854,650.1892,1096.8307,0.8617,20.1199,19.1646,763.6442,206.4654,1076.4071,179401.1875,0,0,-0.0000,0.9001,0.6925,1.5161,380,0.4513,0.5487,4.0038,99.0000,flat,0.0974,0.1846,1.6758,0.0000,1.0000,0.0000,35.2192,12,101.3361,0.0727,0.8557,8,5,55938.3633,3.3628,0.0000,3.3628,0.3820,0.6739,0.0000,1.8645,8175.2012,4,5.4895,1069033.5000,7.7080,121634
43,319,Kyoto_Small,train,FaithfulMAPPER,3600,6,102,40,0.3922,1.0000,0.0000,837.9000,209.4750,0.7276,4.0073,259.8857,629.6000,1054.9259,0.8118,19.7862,18.1942,716.1502,188.5852,1100.1177,183352.9375,0,0,-0.0002,0.8386,0.6856,0.7871,327,0.3922,0.6078,4.0086,99.0000,flat,0.1654,0.2930,1.6487,0.0000,1.0000,0.0000,48.9005,12,100.9172,0.0681,0.6753,8,3,42197.0352,3.2059,0.0000,3.2059,0.3674,0.6472,0.0000,1.7538,7201.1914,4,266.6994,1091652.5000,6.4608,112212
43,320,Kyoto_Small,train,MAPPO,3600,6,97,58,0.5979,1.0000,0.0000,829.3793,207.3448,0.7485,4.0067,235.7292,636.2368,970.2395,0.8232,19.8609,18.3602,754.6356,203.2567,846.9279,141154.6406,0,0,-0.0000,0.6763,0.6927,1.3769,294,0.5979,0.4021,4.0166,99.0000,flat,0.2083,0.3773,1.5594,0.0000,1.0000,0.0000,41.6813,12,101.1139,0.0724,0.8067,11,3,56273.8945,3.0309,0.0000,3.0309,0.5396,0.6442,0.0000,1.8341,6819.2451,3,6.0015,838385.3125,8.6082,82152
43,321,LosAngeles_Small,train,IPPO,3600,6,112,61,0.5446,1.0000,0.0000,930.1803,232.5451,0.7280,4.2249,338.4706,625.3846,1092.2426,0.6454,24.2146,22.1713,845.6898,218.8490,1257.0714,209511.9062,0,0,-0.0000,1.3495,0.6925,1.9343,390,0.5446,0.4554,4.3639,430.0000,shock_burst,0.2031,0.3632,1.6557,0.0000,1.0000,0.0000,120.0221,24,365.6922,0.4389,0.8345,9,3,66626.7969,3.4821,0.0000,3.4821,0.6131,1.0609,0.0000,2.5686,19181.7305,9,4.7342,1246263.6250,8.2054,140792
43,322,LosAngeles_Small,train,FaithfulMAPPER,3600,6,109,60,0.5505,1.0000,0.0000,833.3000,208.3250,0.6997,4.2317,257.2449,580.5814,1042.6942,0.8107,22.5574,20.5007,801.2715,216.0525,834.7064,139117.7344,0,0,-0.0003,0.6553,0.6853,0.8846,363,0.5505,0.4495,4.3677,430.0000,shock_burst,0.1923,0.3525,1.5614,0.0000,1.0000,0.0000,48.7061,24,365.4475,0.4368,0.8584,11,4,62561.6523,3.3303,0.0000,3.3303,0.5229,0.7277,0.0000,4.6277,31559.2188,14,4.1460,822470.3750,7.7156,90983
43,323,LosAngeles_Small,train,MAPPO,3600,6,84,53,0.6310,1.0000,0.0000,854.8113,284.9371,0.6079,4.2412,240.5455,645.2051,969.7867,0.8063,22.8420,20.4195,809.5553,219.7517,783.2024,130533.7266,0,0,-0.0001,0.6123,0.6927,1.1718,268,0.6310,0.3690,4.2232,430.0000,shock_burst,0.3250,0.5892,1.6627,0.0000,1.0000,0.0000,46.5881,24,364.3378,0.4372,0.8819,12,2,51398.6953,3.1905,0.0000,3.1905,0.5601,0.7121,0.0000,7.3198,37538.5938,14,4.5778,768691.3125,6.8571,65789
43,324,Tokyo_Small,train,IPPO,3600,6,111,51,0.4595,1.0000,0.0000,1024.9412,341.6471,0.5421,4.0483,229.2619,813.8235,1052.4976,0.9182,29.4807,27.0346,872.7749,219.8410,1556.6577,259442.9375,0,0,-0.0000,0.9434,0.6925,1.5813,367,0.4595,0.5405,4.0456,177.0000,flat,0.1742,0.3085,1.6310,0.0000,1.0000,0.0000,18.7624,12,177.0867,0.0511,0.8839,8,3,53677.3711,3.3063,0.0000,3.3063,0.3823,0.7571,0.0000,2.1996,11490.8701,4,3.1713,1545038.2500,8.5315,172789
43,325,Tokyo_Small,train,FaithfulMAPPER,3600,6,98,55,0.5612,1.0000,0.0000,1052.1637,350.7212,0.6044,4.0483,262.3111,823.2500,1158.1436,0.8830,29.2841,27.5341,944.9276,240.1652,1195.0817,199180.2656,0,0,-0.0001,1.4474,0.6860,1.1665,271,0.5612,0.4388,4.0389,177.0000,flat,0.1753,0.3371,1.6481,0.0000,1.0000,0.0000,30.6824,16,177.1072,0.0539,0.8591,10,4,63697.8984,2.7653,0.0000,2.7653,0.5953,1.0002,0.0000,1.8195,8631.6299,4,4.0659,1181226.2500,8.7551,117118
43,326,Tokyo_Small,train,MAPPO,3600,6,129,53,0.4109,1.0000,0.0000,665.6981,332.8491,0.4918,4.0498,222.8445,517.1025,989.1531,0.8878,29.4480,27.8654,825.2933,184.1602,1364.0775,227346.2500,0,0,-0.0001,0.9804,0.6927,1.5109,370,0.4109,0.5891,4.0442,177.0000,flat,0.2126,0.4720,1.6029,0.0000,1.0000,0.0000,25.0138,12,177.1072,0.0545,0.9311,13,4,52425.1133,2.8682,0.0000,2.8682,0.3501,0.6990,0.0000,2.1516,9782.4326,6,4.2583,1354070.3750,10.4264,175966
43,327,Kyoto_Small,train,IPPO,3600,6,114,50,0.4386,1.0000,0.0000,1087.8000,543.9000,0.3704,4.3258,271.2000,755.7368,899.9598,0.6637,19.7333,18.4275,762.6796,170.6708,812.0526,135342.1094,0,0,-0.0000,1.5532,0.6925,1.9909,334,0.4386,0.5614,4.3434,347.1364,ramp_up_down,0.1837,0.3450,1.8313,0.0000,1.0000,0.0000,91.2080,28,309.0867,0.3086,0.8943,9,3,44997.9922,2.9298,0.0000,2.9298,0.3595,0.7730,0.0000,2.8731,11777.3057,22,2.8982,801863.2500,8.3947,92574
43,328,Kyoto_Small,train,FaithfulMAPPER,3600,6,111,54,0.4865,1.0000,0.0000,1088.2037,544.1019,0.3438,4.3250,210.2292,809.0476,989.4268,0.9413,19.9506,17.5104,813.9781,180.2613,581.2072,96867.8672,0,0,-0.0001,1.0718,0.6851,0.9047,337,0.4865,0.5135,4.3314,347.1364,ramp_up_down,0.1905,0.3705,1.5729,0.0000,1.0000,0.0000,12.3438,24,309.2358,0.3084,0.9354,11,4,53429.0430,3.0360,0.0000,3.0360,0.3874,0.6426,0.0000,2.4423,10146.9492,10,1.8521,571540.5000,7.6486,64514
43,329,Kyoto_Small,train,MAPPO,3600,6,101,42,0.4158,1.0000,0.0000,1085.3810,542.6905,0.4303,4.3244,330.1714,669.2333,1226.1351,0.7427,19.2127,17.7506,823.7533,196.8520,679.4852,113247.5234,0,0,-0.0000,0.7363,0.6926,1.4124,346,0.4158,0.5842,4.3567,347.1364,ramp_up_down,0.1878,0.3381,1.6610,0.0000,1.0000,0.0000,84.9444,24,308.8947,0.3136,0.8472,7,2,51497.6719,3.4257,0.0000,3.4257,0.3854,0.7106,0.0000,5.1317,38154.1602,27,2.4303,668834.8750,6.7327,68628
43,330,LosAngeles_Small,train,IPPO,3600,6,110,58,0.5273,1.0000,0.0000,711.3448,711.3448,0.1714,4.2318,241.4583,634.0000,918.3114,0.7606,24.2573,21.4500,747.6561,193.8408,533.8091,88968.1797,0,0,-0.0000,1.1795,0.6925,1.7855,325,0.5273,0.4727,4.3337,430.0000,shock_burst,0.2794,0.4979,1.8642,0.0000,1.0000,0.0000,57.7961,24,364.5464,0.4438,0.9686,12,2,53262.0625,2.9545,0.0000,2.9545,0.4921,0.8146,0.0000,2.6775,11527.5488,9,8.2193,522494.4062,7.7091,58719
43,331,LosAngeles_Small,train,FaithfulMAPPER,3600,6,102,49,0.4804,1.0000,0.0000,929.9796,929.9796,0.2236,4.2494,207.9048,733.4390,1118.0665,1.0000,23.2244,21.8167,844.1535,238.7357,622.0294,103671.5703,0,0,-0.0002,0.8132,0.6847,0.9707,336,0.4804,0.5196,4.3695,430.0000,shock_burst,0.1714,0.3095,1.7163,0.0000,1.0000,0.0000,0.0000,28,363.5986,0.4372,0.8740,9,3,54785.2617,3.2941,0.0000,3.2941,0.4652,0.8971,0.0000,3.0971,19911.3652,13,2.3266,610260.3125,6.8824,63447
43,332,LosAngeles_Small,train,MAPPO,3600,6,107,41,0.3832,1.0000,0.0000,1017.6829,1017.6829,0.1927,4.2400,328.8055,692.0303,1235.0375,0.7512,23.5954,21.3776,847.2205,220.8768,666.2336,111038.9375,0,0,-0.0000,1.0444,0.6926,1.6854,351,0.3832,0.6168,4.3573,430.0000,shock_burst,0.1544,0.2985,1.5861,0.0000,1.0000,0.0000,81.7980,24,364.4033,0.4358,0.8616,7,2,50636.5352,3.2804,0.0000,3.2804,0.3848,0.8101,0.0000,2.6488,12511.0195,9,2.2884,654896.6250,8.5140,71287
43,333,Tokyo_Small,train,IPPO,3600,6,107,50,0.4673,1.0000,0.0000,974.9600,974.9600,0.3263,4.0485,279.5128,733.3750,1146.2852,0.8202,29.8114,28.1255,813.1344,245.3857,987.6636,164610.5938,0,0,-0.0002,1.5159,0.6925,2.0452,317,0.4673,0.5327,4.0362,177.0000,flat,0.0952,0.1782,1.6700,0.0000,1.0000,0.0000,50.2558,12,177.0669,0.0535,0.8448,7,4,57314.2617,2.9626,0.0000,2.9626,0.4177,0.8105,0.0000,1.9577,9237.5293,4,4.0764,974925.3125,7.3458,105680
43,334,Tokyo_Small,train,FaithfulMAPPER,3600,6,99,55,0.5556,1.0000,0.0000,809.5091,809.5091,0.2921,4.0558,234.7500,598.2105,972.9559,0.8289,29.3737,26.3053,684.2789,218.9967,732.4747,122079.1250,0,0,-0.0005,0.9289,0.6861,0.7059,248,0.5556,0.4444,4.0523,177.0000,flat,0.1677,0.3135,1.5598,0.0000,1.0000,0.0000,40.1588,12,176.5706,0.0539,0.8983,9,3,53512.5703,2.5051,0.0000,2.5051,0.5425,0.6564,0.0000,2.0503,9206.0166,8,2.6377,720687.5000,8.5758,72515
43,335,Tokyo_Small,train,MAPPO,3600,6,121,51,0.4215,1.0000,0.0000,944.3333,472.1667,0.3355,4.0436,288.0250,686.9429,1097.8816,0.7624,28.8366,26.4531,820.2339,226.8900,1003.0661,167177.6875,0,0,-0.0001,0.7100,0.6926,1.3573,365,0.4215,0.5785,4.0378,177.0000,flat,0.2525,0.4557,1.6533,0.0000,1.0000,0.0000,68.4487,16,177.4308,0.0535,0.7556,10,1,55991.9609,3.0165,0.0000,3.0165,0.4058,0.7470,0.0000,2.0271,10557.5889,8,2.5618,994094.8125,7.2149,121371
43,336,Kyoto_Small,train,IPPO,3600,6,106,40,0.3774,1.0000,0.0000,1010.7750,336.9250,0.5980,4.0117,260.0303,756.5588,880.4422,0.6772,19.6669,17.8742,770.9007,192.4683,1167.6321,194605.3438,0,0,-0.0003,1.5891,0.6924,1.9079,330,0.3774,0.6226,4.0011,99.0000,flat,0.1667,0.3017,1.6438,0.0000,1.0000,0.0000,83.9419,16,100.8711,0.0774,0.7792,8,3,35217.6875,3.1132,0.0000,3.1132,0.2655,0.5844,0.0000,1.9073,6814.9980,3,2.7810,1159687.8750,7.4245,123769
43,337,Kyoto_Small,train,FaithfulMAPPER,3600,6,104,58,0.5577,1.0000,0.0000,936.5345,312.1782,0.5989,4.0147,242.2667,592.7429,1163.1339,0.9602,19.3187,17.6609,893.8034,189.4173,962.1250,160354.1719,0,0,-0.0001,1.1704,0.6859,0.9950,322,0.5577,0.4423,4.0113,99.0000,flat,0.1884,0.3351,1.6585,0.0000,1.0000,0.0000,9.6399,12,100.8300,0.0762,0.8015,10,4,67461.7656,3.0962,0.0000,3.0962,0.6076,1.1135,0.0000,1.9415,7163.3472,6,5.0245,953835.2500,9.4808,100061
43,338,Kyoto_Small,train,MAPPO,3600,6,110,66,0.6000,1.0000,0.0000,876.7879,292.2626,0.6225,3.9991,279.6379,555.8261,1058.9609,0.7574,19.4924,18.3272,867.2286,154.3253,847.2273,141204.5469,0,0,-0.0001,0.7533,0.6927,1.4587,331,0.6000,0.4000,4.0007,99.0000,flat,0.1737,0.3088,1.6234,0.0000,1.0000,0.0000,67.8457,12,101.4739,0.0725,0.8366,10,4,69891.4219,3.0091,0.0000,3.0091,0.5542,0.7672,0.0000,2.2300,13835.3105,6,5.8176,837766.8125,7.9455,93195
43,339,LosAngeles_Small,train,IPPO,3600,6,101,42,0.4158,1.0000,0.0000,883.3095,294.4365,0.5223,4.3329,267.0811,614.9375,1280.8684,0.9592,23.6115,21.9922,928.8943,248.5423,1016.8416,169473.5938,0,0,-0.0000,0.9148,0.6924,1.5720,323,0.4158,0.5842,4.3514,519.0942,ramp_up_down,0.1429,0.2635,1.6069,0.0000,1.0000,0.0000,10.9074,24,460.2300,0.3089,0.8276,7,3,53796.4727,3.1980,0.0000,3.1980,0.4140,0.9777,0.0000,3.8992,23798.6504,21,11.7456,1003119.1875,7.2871,102701
43,340,LosAngeles_Small,train,FaithfulMAPPER,3600,6,99,45,0.4545,1.0000,0.0000,839.7778,419.8889,0.4760,4.3378,283.0000,554.0312,1241.0776,0.8771,23.2023,21.3949,888.7316,207.8943,986.0101,164335.0156,0,0,-0.0001,1.3551,0.6845,0.9895,320,0.4545,0.5455,4.3396,519.0942,ramp_up_down,0.1538,0.3012,1.5656,0.0000,1.0000,0.0000,34.7845,24,460.2264,0.3020,0.8179,9,3,55848.4922,3.2323,0.0000,3.2323,0.4043,0.8200,0.0000,2.7143,14562.4570,13,4.1239,972058.6875,7.5253,97615
43,341,LosAngeles_Small,train,MAPPO,3600,6,125,47,0.3760,1.0000,0.0000,1037.8298,518.9149,0.3478,4.3341,267.7750,782.9375,1076.5492,0.8041,23.5978,20.6101,779.9772,203.1434,1252.0640,208677.3281,0,0,-0.0001,1.7191,0.6926,2.0944,348,0.3760,0.6240,4.3608,519.0942,ramp_up_down,0.2297,0.4230,1.6912,0.0000,1.0000,0.0000,52.4651,24,460.6167,0.3015,0.7854,11,3,50597.8125,2.7840,0.0000,2.7840,0.4542,0.9880,0.0000,2.3590,10466.2646,11,3.1285,1240279.0000,9.4080,156508
43,342,Tokyo_Small,train,IPPO,3600,6,120,55,0.4583,1.0000,0.0000,874.2909,437.1454,0.4286,4.0463,253.3478,634.9773,1153.7067,0.9108,29.0936,28.0086,920.0906,225.2485,1063.6250,177270.8281,0,0,-0.0000,0.9174,0.6924,1.5856,377,0.4583,0.5417,4.0352,177.0000,flat,0.2150,0.4138,1.6900,0.0000,1.0000,0.0000,22.6065,16,177.4306,0.0510,0.8725,11,2,63453.8672,3.1417,0.0000,3.1417,0.4136,0.9392,0.0000,1.9396,10777.7939,4,2.3993,1053040.6250,8.1500,127635
43,343,Tokyo_Small,train,FaithfulMAPPER,3600,6,90,37,0.4111,1.0000,0.0000,748.7297,748.7297,0.2409,4.0610,260.9355,481.4333,1141.1659,0.8747,29.2727,26.0790,872.2449,237.5153,535.6222,89270.3672,0,0,-0.0003,1.7520,0.6854,0.8909,248,0.4111,0.5889,4.0456,177.0000,flat,0.3068,0.5480,1.6660,0.0000,1.0000,0.0000,32.7023,12,176.1108,0.0518,0.8377,8,1,42223.1367,2.7556,0.0000,2.7556,0.4701,1.0340,0.0000,2.3681,7431.4341,5,2.5611,523880.9688,7.5111,48206
43,344,Tokyo_Small,train,MAPPO,3600,6,95,50,0.5263,1.0000,0.0000,827.5200,413.7600,0.4174,4.0507,169.0476,644.2093,1089.5736,1.0000,29.5313,26.5168,855.2451,248.4053,842.2000,140366.6719,0,0,-0.0000,0.9236,0.6926,1.5140,307,0.5263,0.4737,4.0400,177.0000,flat,0.2135,0.3819,1.6001,0.0000,1.0000,0.0000,0.0000,16,176.9911,0.0556,0.8222,10,3,54478.6797,3.2316,0.0000,3.2316,0.5575,0.8153,0.0000,1.7608,7715.3232,2,3.3783,831902.1250,8.1895,80009
43,345,Kyoto_Small,train,IPPO,3600,6,104,49,0.4712,1.0000,0.0000,777.1429,259.0476,0.6494,4.4866,195.0698,577.0526,792.1853,0.8122,19.7776,16.8812,699.2662,148.1383,776.4231,129403.8438,0,0,-0.0000,0.9531,0.6924,1.6167,319,0.4712,0.5288,4.5681,495.8625,building_up,0.2000,0.3588,1.6547,0.0000,1.0000,0.0000,36.6327,24,427.2761,0.3474,0.9262,9,3,38817.0820,3.0673,0.0000,3.0673,0.4268,0.6883,0.0000,5.5037,38996.3359,28,16.5671,765016.6250,8.7788,80748
43,346,Kyoto_Small,train,FaithfulMAPPER,3600,6,117,52,0.4444,1.0000,0.0000,868.7115,289.5705,0.6643,4.4826,215.7391,667.6136,1095.5721,1.0000,19.9308,18.6810,798.7421,154.6849,889.7094,148284.9062,0,0,-0.0004,1.0510,0.6852,0.8432,377,0.4444,0.5556,4.5401,495.8625,building_up,0.1581,0.2948,1.6725,0.0000,1.0000,0.0000,0.0000,24,427.6825,0.3528,0.8974,9,3,56969.7500,3.2222,0.0000,3.2222,0.3901,0.7217,0.0000,4.3176,36216.6328,31,8.9538,880474.8750,7.3333,104096
43,347,Kyoto_Small,train,MAPPO,3600,6,85,41,0.4824,1.0000,0.0000,815.4878,271.8293,0.5727,4.4944,229.8485,524.7586,1150.7524,1.0000,19.6501,17.0195,825.2917,240.8617,588.2118,98035.2969,0,0,-0.0000,0.8157,0.6926,1.5387,276,0.4824,0.5176,4.5336,495.8625,building_up,0.1429,0.2635,1.6890,0.0000,1.0000,0.0000,0.0000,24,426.3275,0.3466,0.8610,7,3,47180.8516,3.2471,0.0000,3.2471,0.5260,0.9222,0.0000,4.0072,23605.6152,21,10.6749,576012.5625,7.6824,49998
43,348,LosAngeles_Small,train,IPPO,3600,6,112,49,0.4375,1.0000,0.0000,1029.4082,0.0000,0.0000,4.2421,282.6250,749.1875,1100.6802,0.7789,23.7565,21.6708,802.7435,214.7242,336.4911,56081.8438,0,0,-0.0000,0.7968,0.6924,1.4665,358,0.4375,0.5625,4.3515,430.0000,shock_burst,0.1216,0.2179,1.5797,0.0000,1.0000,0.0000,62.4890,24,364.2114,0.4360,0.9098,8,4,53933.3281,3.1964,0.0000,3.1964,0.4745,0.8166,0.0000,3.3170,15248.3779,17,1.0000,325361.5625,8.1607,37687
43,349,LosAngeles_Small,train,FaithfulMAPPER,3600,6,103,40,0.3883,1.0000,0.0000,800.2750,0.0000,0.0000,4.2440,240.0294,643.2500,932.1842,0.7767,23.7776,21.8564,858.0529,242.2854,345.0583,57509.7070,0,0,-0.0001,1.8797,0.6842,1.0104,315,0.3883,0.6117,4.3265,430.0000,shock_burst,0.1574,0.2887,1.7308,0.0000,1.0000,0.0000,53.5926,28,363.6533,0.4410,0.8178,8,3,37287.3711,3.0583,0.0000,3.0583,0.3260,0.8246,0.0000,4.5170,21086.9785,16,1.0000,334484.3750,7.7087,35541
43,350,LosAngeles_Small,train,MAPPO,3600,6,102,36,0.3529,1.0000,0.0000,919.5278,0.0000,0.0000,4.2513,239.7647,648.5667,1174.4469,0.9797,22.9135,20.2846,889.1917,222.8335,290.2353,48372.5508,0,0,-0.0001,1.6305,0.6926,2.0156,300,0.3529,0.6471,4.3119,430.0000,shock_burst,0.0875,0.1593,1.6815,0.0000,1.0000,0.0000,4.8753,20,363.2428,0.4365,0.9484,8,5,42280.0898,2.9412,0.0000,2.9412,0.3537,0.8884,0.0000,3.5426,14891.6523,11,1.0000,279290.5000,8.7353,29604
43,351,Tokyo_Small,train,IPPO,3600,6,99,50,0.5051,1.0000,0.0000,978.9200,489.4600,0.4933,4.5054,259.9535,718.3589,1201.6257,0.9245,28.0409,26.4466,810.8060,222.0592,716.5657,119427.6094,0,0,-0.0000,0.7601,0.6924,1.3616,308,0.5051,0.4949,4.5445,883.7547,building_up,0.1890,0.3473,1.4966,0.0000,1.0000,0.0000,19.6283,28,757.9597,0.3330,0.8778,8,2,60081.2891,3.1111,0.0000,3.1111,0.5415,0.8156,0.0000,5.6674,47452.2656,28,2.3257,699137.4375,6.9596,70940
43,352,Tokyo_Small,train,FaithfulMAPPER,3600,6,97,51,0.5258,1.0000,0.0000,988.0196,494.0098,0.4696,4.5019,286.7073,753.7568,1168.5707,0.8152,28.1617,26.0041,899.6756,242.9482,669.8453,111640.8906,0,0,-0.0003,0.7916,0.6850,0.8866,316,0.5258,0.4742,4.5116,883.7547,building_up,0.1657,0.2932,1.6665,0.0000,1.0000,0.0000,52.9932,28,758.0175,0.3390,0.8613,8,3,59597.1055,3.2577,0.0000,3.2577,0.5835,1.0177,0.0000,4.2561,28091.3926,22,2.2580,652968.6250,6.5876,64975
43,353,Tokyo_Small,train,MAPPO,3600,6,91,47,0.5165,1.0000,0.0000,937.2341,937.2341,0.3157,4.5118,321.0488,562.4000,1107.8052,0.6901,29.1964,27.9632,813.8878,226.5579,432.5604,72093.4062,0,0,-0.0000,1.9846,0.6926,2.4067,253,0.5165,0.4835,4.6068,883.7547,building_up,0.2532,0.4858,1.6500,0.0000,1.0000,0.0000,99.4877,24,757.2056,0.3276,0.8886,8,0,52066.8438,2.7802,0.0000,2.7802,0.4856,0.8321,0.0000,4.5124,30350.4258,32,2.6244,415517.1562,8.1648,39363
43,354,Kyoto_Small,train,IPPO,3600,6,102,49,0.4804,1.0000,0.0000,755.1633,251.7211,0.6146,4.4880,262.8140,491.5428,1041.3274,0.7924,19.3640,18.5712,775.5148,184.6927,690.8627,115143.7891,0,0,-0.0000,1.2854,0.6924,1.8764,275,0.4804,0.5196,4.5609,495.8625,building_up,0.2784,0.5064,1.6080,0.0000,1.0000,0.0000,54.5485,24,427.0125,0.3505,0.9675,10,2,51025.0430,2.6961,0.0000,2.6961,0.4593,0.7014,0.0000,5.1326,29698.2773,39,2.1368,680381.9375,9.0196,70468
43,355,Kyoto_Small,train,FaithfulMAPPER,3600,6,109,57,0.5229,1.0000,0.0000,859.0351,214.7588,0.6792,4.4815,299.5555,566.8947,1289.1516,0.8607,19.7399,18.5596,822.6506,205.9520,758.4771,126412.8438,0,0,-0.0001,0.9161,0.6856,0.8907,338,0.5229,0.4771,4.4830,495.8625,building_up,0.2143,0.3853,1.6746,0.0000,1.0000,0.0000,41.7252,28,427.2833,0.3654,0.8838,11,4,73481.6484,3.1009,0.0000,3.1009,0.5821,1.0315,0.0000,5.2987,34152.2188,24,2.8238,748667.8125,8.7248,82674
43,356,Kyoto_Small,train,MAPPO,3600,6,119,58,0.4874,1.0000,0.0000,868.6724,289.5575,0.6515,4.4905,220.1837,657.9268,1030.2750,0.9358,19.6552,17.5832,799.3347,181.7927,881.1177,146852.9375,0,0,-0.0000,1.0528,0.6926,1.7260,345,0.4874,0.5126,4.5745,495.8625,building_up,0.1071,0.2125,1.7461,0.0000,1.0000,0.0000,14.1287,24,427.2803,0.3428,0.9239,8,4,59755.9531,2.8992,0.0000,2.8992,0.5059,0.8857,0.0000,5.1250,31176.2539,30,82.6036,872352.5000,9.1429,104853
43,357,LosAngeles_Small,train,IPPO,3600,6,98,35,0.3571,1.0000,0.0000,1085.6571,0.0000,0.0683,4.6598,298.4138,735.0833,1030.6864,0.6908,23.5444,21.7636,818.9435,219.4060,821.2959,136882.6562,0,0,-0.0001,1.0055,0.6923,1.5179,300,0.3571,0.6429,4.7162,944.3675,wave,0.2759,0.5044,1.5670,0.0000,1.0000,0.0000,92.2765,28,785.6528,0.3662,0.9294,10,1,36074.0234,3.0612,0.0000,3.0612,0.2782,0.5871,0.0000,7.8649,42703.2852,30,1.2377,804928.0000,10.8061,80487
43,358,LosAngeles_Small,train,FaithfulMAPPER,3600,6,117,37,0.3162,1.0000,0.0000,1067.7028,0.0000,0.0683,4.6561,220.1471,825.0345,994.0093,0.9030,23.8638,21.0867,867.5165,186.8758,742.4445,123740.7422,0,0,-0.0002,1.8256,0.6839,0.7836,340,0.3162,0.6838,4.6926,944.3675,wave,0.1935,0.3444,1.5909,0.0000,1.0000,0.0000,21.3452,24,786.3872,0.3668,0.8599,9,3,36778.3438,2.9060,0.0000,2.9060,0.3338,0.9145,0.0000,4.9351,23519.1250,19,1.1359,728447.6875,10.0940,86866
43,359,LosAngeles_Small,train,MAPPO,3600,6,121,42,0.3471,1.0000,0.0000,940.3095,0.0000,0.0683,4.6598,331.2632,723.3714,1202.0449,0.7257,23.3827,20.1058,853.2388,202.4722,500.3058,83384.2969,0,0,-0.0000,1.1935,0.6925,1.5774,347,0.3471,0.6529,4.7148,944.3675,wave,0.1444,0.2693,1.7382,0.0000,1.0000,0.0000,90.8542,28,785.9253,0.3662,0.9506,10,4,50485.8828,2.8678,0.0000,2.8678,0.3381,0.8047,0.0000,4.6969,14596.5996,26,2.4464,486881.1562,9.2975,60537
43,360,Tokyo_Small,train,IPPO,3600,6,126,64,0.5079,1.0000,0.0000,884.7188,442.3594,0.4792,4.6533,266.1897,574.3555,999.9012,0.7513,28.5910,27.2157,879.2018,213.0164,1059.2063,176534.3906,0,0,-0.0001,1.4211,0.6923,1.9941,397,0.5079,0.4921,4.7089,1125.4863,wave,0.1811,0.3207,1.7048,0.0000,1.0000,0.0000,66.2094,32,937.9878,0.3695,0.9243,9,3,63993.6758,3.1508,0.0000,3.1508,0.4578,0.8839,0.0000,4.5163,38353.5352,40,2.4300,1044265.7500,8.1746,133460
43,361,Tokyo_Small,train,FaithfulMAPPER,3600,6,111,50,0.4505,1.0000,0.0000,914.3400,304.7800,0.5235,4.6564,250.5227,679.4000,1184.5066,0.9456,29.4388,27.5411,849.4971,244.0051,1084.9819,180830.3281,0,0,-0.0001,1.0938,0.6901,1.1151,348,0.4505,0.5495,4.6777,1125.4863,wave,0.1715,0.3076,1.6860,0.0000,1.0000,0.0000,13.6214,28,937.7892,0.3620,1.0015,8,3,59225.3320,3.1351,0.0000,3.1351,0.5092,1.0203,0.0000,4.6587,42431.2500,46,4.1165,1068516.0000,7.5045,120433
43,362,Tokyo_Small,train,MAPPO,3600,6,105,51,0.4857,1.0000,0.0000,1009.5883,336.5294,0.5383,4.6552,274.9318,832.8205,1052.4047,0.7656,28.7636,26.5278,811.0311,242.5219,883.6476,147274.6094,0,0,-0.0000,0.6860,0.6926,1.4150,356,0.4857,0.5143,4.6849,1125.4863,wave,0.2083,0.3969,1.5684,0.0000,1.0000,0.0000,64.4509,28,937.5958,0.3675,0.8905,9,1,53672.6406,3.3905,0.0000,3.3905,0.5032,0.9129,0.0000,3.8513,42692.6797,27,23.7504,864545.7500,7.2000,92783
43,363,Kyoto_Small,train,IPPO,3600,6,84,40,0.4762,1.0000,0.0000,859.5750,214.8938,0.7175,4.0202,302.3333,599.2188,1231.3270,0.8145,19.8364,17.0550,902.9102,194.8904,570.8452,95140.8750,0,0,-0.0001,1.1126,0.6923,1.7704,278,0.4762,0.5238,4.0185,99.0000,flat,0.1306,0.2390,1.6202,0.0000,1.0000,0.0000,56.0679,12,100.3972,0.0710,0.8191,7,3,49253.0820,3.3095,0.0000,3.3095,0.4845,1.0143,0.0000,2.0978,7069.6099,4,4.6751,561262.7500,7.3810,47951
43,364,Kyoto_Small,train,FaithfulMAPPER,3600,6,99,52,0.5253,1.0000,0.0000,845.4231,211.3558,0.7066,4.0129,284.2683,586.0909,1245.1497,0.8760,19.6619,18.4533,794.2460,194.1608,745.6667,124277.7812,0,0,-0.0002,0.7972,0.6890,0.8843,333,0.5253,0.4747,4.0114,99.0000,flat,0.1794,0.3305,1.7171,0.0000,1.0000,0.0000,35.2383,12,100.8994,0.0756,0.7970,10,3,64747.7812,3.3636,0.0000,3.3636,0.5768,0.9826,0.0000,2.1128,9068.1104,3,4.6812,738160.5000,8.2323,73821
43,365,Kyoto_Small,train,MAPPO,3600,6,123,63,0.5122,1.0000,0.0000,866.4921,216.6230,0.7806,3.9992,268.6274,695.8781,1024.9730,0.7631,20.1529,18.2150,804.5375,170.8123,849.5610,141593.5000,0,0,-0.0001,0.7319,0.6926,1.4575,366,0.5122,0.4878,3.9886,99.0000,flat,0.1232,0.2401,1.6577,0.0000,1.0000,0.0000,63.6328,12,101.6475,0.0747,0.8844,10,4,64573.3008,2.9756,0.0000,2.9756,0.5167,0.8505,0.0000,2.0868,8600.8594,4,7.4551,842849.2500,8.2927,104496
43,366,LosAngeles_Small,train,IPPO,3600,6,102,37,0.3627,1.0000,0.0000,909.3514,0.0000,0.1435,4.0547,317.8214,576.6923,1047.5006,0.6592,23.6973,21.6210,813.9443,229.3632,784.6470,130774.5078,0,0,-0.0000,1.5839,0.6923,1.9129,309,0.3627,0.6373,4.0486,149.0000,flat,0.2250,0.4146,1.6464,0.0000,1.0000,0.0000,108.3213,12,148.7483,0.0525,0.8121,10,2,38757.5195,3.0294,0.0000,3.0294,0.3174,0.7596,0.0000,1.8908,4561.2437,3,1.3063,775206.1250,9.9216,80034
43,367,LosAngeles_Small,train,FaithfulMAPPER,3600,6,105,36,0.3429,1.0000,0.0000,843.5000,0.0000,0.1139,4.0548,288.7812,590.1000,1275.7744,0.8836,23.1460,20.1983,789.6974,191.4466,552.7238,92120.6328,0,0,-0.0002,1.7334,0.6905,0.9003,275,0.3429,0.6571,4.0372,149.0000,flat,0.1161,0.2140,1.6541,0.0000,1.0000,0.0000,33.6264,12,148.6720,0.0564,0.8282,8,4,45927.8789,2.6190,0.0000,2.6190,0.3919,0.9385,0.0000,1.9812,5812.0728,7,2.5006,543469.0000,8.0476,58036
43,368,LosAngeles_Small,train,MAPPO,3600,6,105,43,0.4095,1.0000,0.0000,1049.4884,0.0000,0.1435,4.0524,274.6053,831.0588,1054.9156,0.7683,23.6171,21.0857,823.5334,217.4982,418.7238,69787.3047,0,0,-0.0002,1.4232,0.6926,1.8959,294,0.4095,0.5905,4.0443,149.0000,flat,0.0324,0.0662,1.6353,0.0000,1.0000,0.0000,63.6221,16,148.9444,0.0566,0.9295,8,7,45361.3750,2.8000,0.0000,2.8000,0.4395,0.9292,0.0000,2.2619,8448.3965,3,1.8479,410731.5000,10.3429,43966
43,369,Tokyo_Small,train,IPPO,3600,6,107,67,0.6262,1.0000,0.0000,788.8806,394.4403,0.4553,4.6574,262.0000,516.1591,993.4877,0.7584,29.6680,26.9516,743.8870,211.4331,615.1028,102517.1328,0,0,-0.0000,1.3599,0.6923,1.9660,310,0.6262,0.3738,4.6821,1125.4863,wave,0.1574,0.3121,1.6531,0.0000,1.0000,0.0000,63.3025,28,937.1266,0.3688,0.9152,9,2,66563.6719,2.8972,0.0000,2.8972,0.5753,0.7736,0.0000,4.1661,32221.9336,41,3.1111,597491.1250,6.6449,65816
43,370,Tokyo_Small,train,FaithfulMAPPER,3600,6,92,37,0.4022,1.0000,0.0000,975.3514,487.6757,0.4612,4.6617,264.6875,804.0000,1252.0703,0.9461,28.9194,27.0835,888.5113,263.3861,826.1739,137695.6562,0,0,-0.0004,1.1876,0.6901,0.9144,310,0.4022,0.5978,4.7450,1125.4863,wave,0.1172,0.2165,1.6199,0.0000,1.0000,0.0000,14.2734,32,936.7497,0.3563,0.7673,5,3,46326.6016,3.3696,0.0000,3.3696,0.3712,0.8427,0.0000,4.1566,26568.0234,29,5.2673,806638.4375,6.7826,76008
43,371,Tokyo_Small,train,MAPPO,3600,6,108,45,0.4167,1.0000,0.0000,679.7556,679.7556,0.2861,4.6604,230.9512,458.8718,1106.4314,0.9582,29.0070,26.6128,855.2964,243.2926,531.0463,88507.7188,0,0,-0.0000,1.1012,0.6926,1.7550,330,0.4167,0.5833,4.6479,1125.4863,wave,0.2625,0.4796,1.5166,0.0000,1.0000,1.0000,9.6649,32,935.8750,0.3675,0.9732,9,1,49789.4102,3.0556,0.0000,3.0556,0.3815,0.7545,0.0000,7.6443,42993.6602,30,2.4314,513739.2188,7.6759,57353
43,372,Kyoto_Small,train,IPPO,3600,6,118,41,0.3475,1.0000,0.0000,852.3903,284.1301,0.6508,4.3283,292.0540,490.7941,1111.9695,0.7615,19.5256,18.0585,783.5031,171.8192,987.2373,164539.5469,0,0,-0.0000,1.1786,0.6922,1.7436,352,0.3475,0.6525,4.4065,347.1364,ramp_up_down,0.2063,0.4082,1.5573,0.0000,1.0000,0.0000,69.6602,28,309.2797,0.3015,0.8882,7,1,45590.7461,2.9831,0.0000,2.9831,0.3150,0.6938,0.0000,4.2421,26042.2930,28,6.8681,977887.7500,7.1102,116494
43,373,Kyoto_Small,train,FaithfulMAPPER,3600,6,100,49,0.4900,1.0000,0.0000,876.2449,219.0612,0.7915,4.3077,284.2143,612.9744,1132.9905,0.7973,19.6653,17.8228,820.2800,204.3248,865.3600,144226.6719,0,0,-0.0002,0.7224,0.6885,0.7943,330,0.4900,0.5100,4.3242,347.1364,ramp_up_down,0.0909,0.1639,1.7275,0.0000,1.0000,0.0000,57.6162,24,309.5081,0.3368,0.8908,8,5,55516.5352,3.3000,0.0000,3.3000,0.5154,0.8720,0.0000,4.0146,20825.2891,19,5.3169,855252.5625,6.3500,86536
43,374,Kyoto_Small,train,MAPPO,3600,6,106,53,0.5000,1.0000,0.0000,755.2830,188.8208,0.7820,4.3262,266.2000,599.7297,900.4560,0.6765,19.3573,16.4597,739.5525,187.5328,876.0566,146009.4375,0,0,-0.0000,1.4793,0.6926,2.0314,319,0.5000,0.5000,4.3486,347.1364,ramp_up_down,0.3312,0.6115,1.7283,0.0000,1.0000,0.0000,86.1088,24,308.8989,0.3147,0.8739,13,2,47724.1680,3.0094,0.0000,3.0094,0.3963,0.6813,0.0000,2.8270,15525.6250,17,3.8830,866353.8125,9.1698,92862
43,375,LosAngeles_Small,train,IPPO,3600,6,114,35,0.3070,1.0000,0.0000,831.5143,0.0000,0.1435,4.0455,247.2500,691.7500,1108.1356,0.8964,23.4708,20.9639,881.7222,215.6480,1050.3860,175064.3281,0,0,-0.0001,1.9307,0.6922,2.0526,344,0.3070,0.6930,4.0417,149.0000,flat,0.1625,0.3062,1.7063,0.0000,1.0000,0.0000,25.6229,16,149.0947,0.0565,0.8727,9,3,38784.7461,3.0175,0.0000,3.0175,0.2431,0.7961,0.0000,1.8107,4733.7388,1,1.3299,1041994.8125,7.3158,119744
43,376,LosAngeles_Small,train,FaithfulMAPPER,3600,6,102,38,0.3725,1.0000,0.0000,1138.2632,0.0000,0.1425,4.0505,267.2258,834.9231,1120.3503,0.8385,23.1338,20.6732,840.4843,226.0218,560.1961,93366.0156,0,0,-0.0000,1.3547,0.6904,0.8022,312,0.3725,0.6275,4.0512,149.0000,flat,0.0875,0.1593,1.7325,0.0000,1.0000,0.0000,43.1557,16,148.9197,0.0572,0.8939,8,5,42573.3125,3.0588,0.0000,3.0588,0.3792,0.9709,0.0000,2.1570,7412.4834,3,1.7057,550530.8750,9.3137,57140
43,377,LosAngeles_Small,train,MAPPO,3600,6,111,39,0.3514,1.0000,0.0000,960.3846,0.0000,0.1435,4.0452,297.8438,813.0000,1281.5154,0.8605,23.2478,20.7856,873.8917,202.0713,758.5946,126432.4297,0,0,-0.0001,1.5462,0.6926,1.8280,348,0.3514,0.6486,4.0419,149.0000,flat,0.1375,0.2539,1.6611,0.0000,1.0000,0.0000,41.5407,16,149.3025,0.0575,0.8216,9,4,49979.1016,3.1351,0.0000,3.1351,0.3345,0.8694,0.0000,1.7470,5172.6943,1,1.3113,749082.9375,10.5225,84204
43,378,Tokyo_Small,train,IPPO,3600,6,106,41,0.3868,1.0000,0.0000,832.8536,0.0000,0.1281,4.3432,251.9706,651.8235,1349.2208,1.0000,29.7212,27.8628,991.6746,221.3337,636.4623,106077.0469,0,0,-0.0000,1.0012,0.6922,1.6751,350,0.3868,0.6132,4.3779,618.6302,ramp_up_down,0.1645,0.2930,1.6348,0.0000,1.0000,0.0000,0.0000,24,547.9133,0.2963,0.8798,7,3,55318.0547,3.3019,0.0000,3.3019,0.3808,0.9934,0.0000,3.3941,24081.8359,21,1.8829,624189.0000,7.0943,67465
43,379,Tokyo_Small,train,FaithfulMAPPER,3600,6,94,50,0.5319,1.0000,0.0000,921.7600,921.7600,0.2223,4.3383,269.9333,640.8684,1175.2953,0.8708,29.8588,26.9024,851.3704,266.5635,256.9468,42824.4688,0,0,-0.0003,1.4395,0.6900,1.1667,277,0.5319,0.4681,4.3576,618.6302,ramp_up_down,0.1677,0.3299,1.7843,0.0000,1.0000,0.0000,34.8743,28,547.5009,0.3103,0.8094,9,3,58764.7656,2.9468,0.0000,2.9468,0.5498,1.0163,0.0000,3.1322,24214.0508,16,3.0318,243083.4531,9.7553,24153
43,380,Tokyo_Small,train,MAPPO,3600,6,116,50,0.4310,1.0000,0.0000,972.7400,0.0000,0.1317,4.3400,259.7317,737.5405,1141.9265,0.8793,29.7581,27.4165,837.2184,198.3822,420.3190,70053.1641,0,0,-0.0001,1.3314,0.6926,1.9772,332,0.4310,0.5690,4.3805,618.6302,ramp_up_down,0.2045,0.3748,1.7829,0.0000,1.0000,0.0000,31.3464,24,547.8972,0.3029,0.8240,9,2,57096.3281,2.8621,0.0000,2.8621,0.4843,1.0067,0.0000,6.3491,64712.7188,24,2.5998,407472.5938,7.6897,48757
43,381,Kyoto_Small,train,IPPO,3600,6,81,40,0.4938,1.0000,0.0000,884.3000,294.7667,0.5389,4.6459,261.2778,665.5883,1109.8689,0.8496,20.0297,17.3515,849.2960,197.9149,503.0864,83847.7344,0,0,-0.0000,0.8439,0.6922,1.5429,271,0.4938,0.5062,4.6857,631.4694,wave,0.2689,0.4851,1.6650,0.0000,1.0000,0.0000,39.3040,28,527.1778,0.3796,0.8577,8,1,44394.7578,3.3457,0.0000,3.3457,0.5087,1.0061,0.0000,7.2005,45272.3828,39,6.0674,487641.8750,7.1975,40750
43,382,Kyoto_Small,train,FaithfulMAPPER,3600,6,92,43,0.4674,1.0000,0.0000,743.4186,247.8062,0.5066,4.6508,219.5500,510.7059,928.5291,0.8458,19.8623,18.2069,818.2998,216.0285,495.7609,82626.8125,0,0,-0.0001,0.8934,0.6892,0.7059,287,0.4674,0.5326,4.6702,631.4694,wave,0.1633,0.3024,1.5764,0.0000,1.0000,0.0000,33.8442,28,526.7344,0.3772,0.8426,8,3,39926.7539,3.1196,0.0000,3.1196,0.4124,0.7023,0.0000,6.7002,44450.1172,42,4.0254,483901.9062,7.3043,45610
43,383,Kyoto_Small,train,MAPPO,3600,6,108,53,0.4907,1.0000,0.0000,870.7170,435.3585,0.4606,4.6459,224.6279,663.8823,1017.9944,0.9064,19.5629,18.0157,787.5373,184.8715,1122.9537,187158.9531,0,0,-0.0000,0.6388,0.6925,1.3610,351,0.4907,0.5093,4.7658,631.4694,wave,0.1179,0.2140,1.6003,0.0000,1.0000,0.0000,21.0290,28,527.9497,0.3686,0.9858,9,5,53953.7070,3.2500,0.0000,3.2500,0.5066,0.8523,0.0000,4.7902,28886.9395,36,11.3186,1111930.0000,9.1481,121279
43,384,LosAngeles_Small,train,IPPO,3600,6,99,43,0.4343,1.0000,0.0000,1143.3489,1143.3489,0.3148,4.5084,303.5757,834.1379,1084.1541,0.7143,23.4934,21.7280,831.0605,246.5522,855.3535,142558.9219,0,0,-0.0000,0.8922,0.6922,1.5740,292,0.4343,0.5657,4.5583,741.5442,building_up,0.1189,0.2196,1.6954,0.0000,1.0000,0.0000,86.7449,24,635.4595,0.3346,0.9406,10,5,46618.6211,2.9495,0.0000,2.9495,0.4078,0.8742,0.0000,3.9366,21973.0449,29,1.8665,840687.2500,9.3333,84680
43,385,LosAngeles_Small,train,FaithfulMAPPER,3600,6,95,45,0.4737,1.0000,0.0000,780.8666,780.8666,0.3148,4.5022,179.5122,625.8571,959.1840,1.0000,22.7512,19.6090,833.1160,203.8999,755.7474,125957.8984,0,0,-0.0002,0.8651,0.6906,0.5361,248,0.4737,0.5263,4.5722,741.5442,building_up,0.2162,0.4063,1.7161,0.0000,1.0000,0.0000,0.0000,24,635.9681,0.3386,1.0950,11,2,43163.2812,2.6105,0.0000,2.6105,0.4305,0.7655,0.0000,4.3946,11515.8213,16,2.9714,740088.3125,9.2316,71796
43,386,LosAngeles_Small,train,MAPPO,3600,6,101,45,0.4455,1.0000,0.0000,941.9778,941.9778,0.3148,4.5064,240.4872,714.6451,1103.8265,0.9180,23.7429,21.9000,893.7341,206.9457,854.9802,142496.7031,0,0,-0.0000,1.6468,0.6925,2.1772,291,0.4455,0.5545,4.5081,741.5442,building_up,0.0667,0.1361,1.5781,0.0000,1.0000,0.0000,19.7219,28,635.6603,0.3362,0.9632,9,6,49672.1953,2.8812,0.0000,2.8812,0.4891,1.0389,0.0000,3.8534,18645.0723,19,2.1128,840105.4375,9.0792,86353
43,387,Tokyo_Small,train,IPPO,3600,6,110,62,0.5636,1.0000,0.0000,720.0645,180.0161,0.7172,4.6591,250.5385,506.4043,954.1509,0.7617,29.1019,25.7278,810.4130,213.4213,874.3727,145728.7812,0,0,-0.0000,1.3054,0.6922,1.9345,332,0.5636,0.4364,4.6802,1125.4863,wave,0.1250,0.2379,1.7160,0.0000,1.0000,0.0000,59.7083,28,937.6142,0.3585,0.8702,8,4,59157.3594,3.0182,0.0000,3.0182,0.4694,0.7745,0.0000,9.6305,78691.3281,39,6.6786,857670.6250,7.4273,96181
43,388,Tokyo_Small,train,FaithfulMAPPER,3600,6,112,55,0.4911,1.0000,0.0000,806.2364,201.5591,0.7430,4.6576,270.9184,675.2609,1065.4619,0.7866,29.5859,28.4740,903.1091,215.1289,1229.0267,204837.8125,0,0,-0.0001,1.3408,0.6901,1.2463,335,0.4911,0.5089,4.6785,1125.4863,wave,0.1615,0.2887,1.6587,0.0000,1.0000,0.0000,57.8260,28,937.4294,0.3669,0.9371,8,3,58600.4062,2.9911,0.0000,2.9911,0.4720,0.9175,0.0000,7.8965,51387.7852,40,2.2203,1211417.1250,8.0804,137651
43,389,Tokyo_Small,train,MAPPO,3600,6,96,54,0.5625,1.0000,0.0000,996.0370,332.0124,0.6251,4.6557,269.2391,680.8975,922.1380,0.6850,29.0898,26.4924,731.2587,250.3611,675.7188,112619.7891,0,0,-0.0000,1.0668,0.6926,1.7481,283,0.5625,0.4375,4.6059,1125.4863,wave,0.2446,0.4900,1.5152,0.0000,1.0000,0.0000,84.8115,28,936.7358,0.3720,0.8342,12,2,49795.4531,2.9479,0.0000,2.9479,0.6202,0.8276,0.0000,4.8909,39768.5039,50,359604.0938,655173.4375,8.2604,64869
43,390,Kyoto_Small,train,IPPO,3600,6,99,55,0.5556,1.0000,0.0000,1058.0364,352.6788,0.5827,4.3252,327.6818,705.3030,1050.4318,0.6411,19.4259,17.8606,765.6476,177.8053,668.8990,111483.1641,0,0,-0.0000,1.2700,0.6922,1.9085,288,0.5556,0.4444,4.3656,347.1364,ramp_up_down,0.1970,0.3491,1.7990,0.0000,1.0000,0.0000,117.5955,28,309.2492,0.3082,0.9081,11,4,57773.7461,2.9091,0.0000,2.9091,0.6365,1.0337,0.0000,2.4722,13376.5293,13,4.3524,658548.6875,11.1010,66221
43,391,Kyoto_Small,train,FaithfulMAPPER,3600,6,110,51,0.4636,1.0000,0.0000,827.1177,275.7059,0.6027,4.3130,206.9091,709.8889,1027.1012,0.9928,19.8201,18.3435,811.0502,181.4964,914.2818,152380.2969,0,0,-0.0002,0.9334,0.6898,0.7637,355,0.4636,0.5364,4.3347,347.1364,ramp_up_down,0.1429,0.2608,1.5680,0.0000,1.0000,0.0000,1.4888,24,309.3003,0.3271,0.9493,10,5,52382.1602,3.2273,0.0000,3.2273,0.4428,0.7325,0.0000,3.9864,21568.1875,30,5.5177,904763.3750,7.9818,100571
43,392,Kyoto_Small,train,MAPPO,3600,6,104,56,0.5385,1.0000,0.0000,837.0536,279.0179,0.6099,4.3218,205.8775,619.2564,870.6298,0.8458,19.1105,16.5810,762.4844,200.0081,571.8750,95312.5000,0,0,-0.0000,0.8786,0.6925,1.6058,325,0.5385,0.4615,4.3099,347.1364,ramp_up_down,0.1899,0.3457,1.6553,0.0000,1.0000,0.0000,31.7516,28,309.4544,0.3081,0.9628,10,4,48755.2656,3.1250,0.0000,3.1250,0.4434,0.6059,0.0000,3.4578,18625.1445,27,3.2646,562183.1250,8.2404,59475
43,393,LosAngeles_Small,train,IPPO,3600,6,107,33,0.3084,1.0000,0.0000,1010.6970,0.0000,0.0683,4.5052,357.2222,699.6000,1539.5580,0.8620,23.6316,22.0253,890.6110,235.5972,421.4579,70242.9922,0,0,-0.0001,1.3833,0.6921,1.8884,352,0.3084,0.6916,4.6396,741.5442,building_up,0.2286,0.4165,1.5471,0.0000,1.0000,0.0000,49.3106,24,635.6472,0.3369,0.8474,8,2,50805.4141,3.2897,0.0000,3.2897,0.5200,1.4849,0.0000,3.6973,16357.7744,17,1.3947,408497.3750,7.8131,45096
43,394,LosAngeles_Small,train,FaithfulMAPPER,3600,6,97,29,0.2990,1.0000,0.0000,1045.1724,0.0000,0.0683,4.5091,250.1304,816.6364,863.9366,0.6908,23.6824,20.7347,773.3832,237.4428,757.4639,126243.9844,0,0,-0.0002,1.0230,0.6905,0.5491,275,0.2990,0.7010,4.5647,741.5442,building_up,0.0962,0.1720,1.5164,0.0000,1.0000,0.0000,77.3431,24,635.2769,0.3331,0.8895,8,5,25054.1621,2.8351,0.0000,2.8351,0.2853,0.6272,0.0000,3.4829,17241.6035,18,1.1927,743714.6250,9.3918,73474
43,395,LosAngeles_Small,train,MAPPO,3600,6,101,38,0.3762,1.0000,0.0000,951.6842,0.0000,0.0683,4.5135,338.2500,683.0741,1140.2274,0.6742,24.0870,22.5726,898.8610,253.7377,652.5941,108765.6797,0,0,-0.0001,1.8615,0.6925,2.1371,281,0.3762,0.6238,4.6286,741.5442,building_up,0.1333,0.2357,1.6187,0.0000,1.0000,0.0000,110.2045,28,635.0530,0.3293,0.9264,8,4,43328.6406,2.7822,0.0000,2.7822,0.3535,0.8123,0.0000,4.3498,25138.0156,24,3.1378,638258.7500,8.8416,65912
43,396,Tokyo_Small,train,IPPO,3600,6,76,30,0.3947,1.0000,0.0000,1087.7667,543.8834,0.3448,4.6601,277.5385,820.4348,1073.0618,0.7733,28.8317,25.6104,854.3976,279.9022,603.9605,100660.0859,0,0,-0.0001,2.3111,0.6921,2.4880,211,0.3947,0.6053,4.6880,1125.4863,wave,0.2400,0.4454,1.6415,0.0000,1.0000,0.0000,62.9261,28,936.2375,0.3614,0.7413,6,2,32191.8535,2.7763,0.0000,2.7763,0.3140,0.6917,0.0000,4.3836,20930.1484,18,3.0221,579907.6875,7.4211,45901
43,397,Tokyo_Small,train,FaithfulMAPPER,3600,6,88,34,0.3864,1.0000,0.0000,878.3530,0.0000,0.1325,4.6599,247.4483,629.7778,1216.2560,0.9830,29.4052,27.8296,816.1460,280.5978,406.7500,67791.6641,0,0,-0.0003,1.0814,0.6904,0.7962,270,0.3864,0.6136,4.6437,1125.4863,wave,0.3524,0.6325,1.6777,0.0000,1.0000,0.0000,4.1971,28,936.6828,0.3586,0.9091,8,1,41352.7031,3.0682,0.0000,3.0682,0.4077,0.9050,0.0000,4.0428,27340.6016,19,4.5241,388625.2188,8.1136,35794
43,398,Tokyo_Small,train,MAPPO,3600,6,109,43,0.3945,1.0000,0.0000,876.1395,438.0698,0.4662,4.6645,249.9730,766.6667,1153.2554,0.9227,29.5839,26.4989,858.7394,231.6981,1099.5597,183259.9375,0,0,-0.0000,1.4576,0.6925,2.0522,367,0.3945,0.6055,4.7158,1125.4863,wave,0.2466,0.4449,1.5916,0.0000,1.0000,0.0000,19.3219,28,936.2156,0.3584,0.8870,7,1,49589.9805,3.3670,0.0000,3.3670,0.5043,1.1125,0.0000,4.4294,34607.0508,32,2.8053,1083340.5000,7.9083,119852
43,399,Kyoto_Small,train,IPPO,3600,6,108,56,0.5185,1.0000,0.0000,745.5357,372.7679,0.4870,4.0128,244.5814,506.2941,1011.5682,0.8272,19.5221,17.8814,783.7350,195.2184,710.1945,118365.7422,0,0,-0.0000,0.6425,0.6922,1.3584,346,0.5185,0.4815,4.0021,99.0000,flat,0.1377,0.2460,1.6035,0.0000,1.0000,0.0000,42.2678,12,100.9614,0.0755,0.8921,10,5,56647.8203,3.2037,0.0000,3.2037,0.4715,0.7661,0.0000,1.9638,6806.3647,4,5.6897,703228.8750,9.8981,76701
43,400,Kyoto_Small,train,FaithfulMAPPER,3600,6,90,42,0.4667,1.0000,0.0000,857.4286,428.7143,0.4689,4.0285,277.1389,601.7353,1231.6283,0.8888,19.9498,17.0647,813.3150,180.0498,693.8444,115640.7422,0,0,-0.0001,0.8039,0.6902,0.7607,309,0.4667,0.5333,4.0084,99.0000,flat,0.1216,0.2179,1.6275,0.0000,1.0000,0.0000,30.8132,12,100.1597,0.0681,0.8338,8,4,51728.3867,3.4333,0.0000,3.4333,0.5617,1.0864,0.0000,1.9642,6618.3247,3,4.5671,685220.4375,7.7333,62446
43,401,Kyoto_Small,train,MAPPO,3600,6,75,35,0.4667,1.0000,0.0000,633.5143,316.7571,0.4047,4.0376,219.0645,483.4667,922.7438,0.8424,18.7699,17.2069,750.4070,227.5893,524.7600,87460.0000,0,0,-0.0003,1.1051,0.6926,1.8057,209,0.4667,0.5333,4.0388,99.0000,flat,0.2097,0.3776,1.7063,0.0000,1.0000,0.0000,34.5157,12,99.6028,0.0684,0.8288,8,2,32296.0332,2.7867,0.0000,2.7867,0.3881,0.6597,0.0000,1.8329,4904.2012,3,20.6293,517272.6875,7.3333,39357
43,402,LosAngeles_Small,train,IPPO,3600,6,110,37,0.3364,1.0000,0.0000,982.1622,0.0000,0.0683,4.5043,250.4062,812.3104,1332.4634,1.0000,23.9437,22.1008,901.5193,222.7899,774.6636,129110.6094,0,0,-0.0000,1.7230,0.6921,1.9202,311,0.3364,0.6636,4.5790,741.5442,building_up,0.1875,0.3508,1.6232,0.0000,1.0000,0.0000,0.0000,24,635.4775,0.3436,0.9808,10,4,49301.1445,2.8273,0.0000,2.8273,0.2869,0.7751,0.0000,3.8160,12455.3115,20,2.0589,762509.3750,9.0818,85213
43,403,LosAngeles_Small,train,FaithfulMAPPER,3600,6,84,32,0.3810,1.0000,0.0000,991.5000,0.0000,0.0683,4.5096,205.9643,765.6957,1194.3160,1.0000,23.2047,18.8454,811.5729,219.7472,472.2024,78700.3984,0,0,-0.0001,2.0528,0.6905,0.7028,227,0.3810,0.6190,4.6000,741.5442,building_up,0.3231,0.6008,1.6995,0.0000,1.0000,0.0000,0.0000,28,634.9078,0.3352,0.9680,9,1,38218.1133,2.7024,0.0000,2.7024,0.3481,0.7791,0.0000,6.8675,39685.8125,17,1.8147,456535.4688,11.7381,39665
43,404,LosAngeles_Small,train,MAPPO,3600,6,84,33,0.3929,1.0000,0.0000,728.3333,0.0000,0.0683,4.5075,241.9310,661.2414,948.7991,0.7844,23.3446,19.6684,719.2692,251.2077,435.6071,72601.1875,0,0,-0.0001,1.1592,0.6925,1.8266,253,0.3929,0.6071,4.6135,741.5442,building_up,0.3034,0.5496,1.6483,0.0000,1.0000,0.0000,52.1712,28,635.7614,0.3317,0.9146,11,2,31310.3691,3.0119,0.0000,3.0119,0.4240,0.8179,0.0000,4.1282,16054.0186,19,2.2142,419030.3750,9.7976,36591
43,405,Tokyo_Small,train,IPPO,3600,6,111,46,0.4144,1.0000,0.0000,801.8043,400.9022,0.4156,4.0461,298.3171,562.7692,1210.6316,0.8116,29.2382,28.0142,957.4146,219.1743,910.2162,151702.7031,0,0,-0.0000,1.6618,0.6921,2.0851,335,0.4144,0.5856,4.0425,177.0000,flat,0.1921,0.3707,1.6395,0.0000,1.0000,0.0000,56.1908,12,177.3103,0.0517,0.8549,7,2,55689.0547,3.0180,0.0000,3.0180,0.3652,0.9554,0.0000,1.8097,8231.2012,4,3.5102,900601.2500,6.8378,101034
43,406,Tokyo_Small,train,FaithfulMAPPER,3600,6,107,44,0.4112,1.0000,0.0000,958.2045,479.1023,0.4881,4.0523,345.6487,753.5676,1301.3070,0.7530,29.0881,27.2872,947.8869,213.3148,784.4486,130741.4297,0,0,-0.0003,1.8999,0.6897,1.4944,303,0.4112,0.5888,4.0485,177.0000,flat,0.2829,0.5130,1.7021,0.0000,1.0000,0.0000,85.3872,12,176.8758,0.0528,0.7541,8,1,57257.5078,2.8318,0.0000,2.8318,0.4748,1.2595,0.0000,1.8604,9260.6494,5,2.0136,774258.4375,8.7664,83936
43,407,Tokyo_Small,train,MAPPO,3600,6,114,51,0.4474,1.0000,0.0000,805.5098,402.7549,0.4472,4.0512,234.9524,629.0256,1201.8984,1.0000,29.8085,27.9101,850.3262,208.5269,858.2632,143043.8594,0,0,-0.0000,0.7408,0.6925,1.4729,336,0.4474,0.5526,4.0419,177.0000,flat,0.2557,0.4724,1.6169,0.0000,1.0000,0.0000,0.0000,16,176.8803,0.0509,0.8802,10,3,61296.8164,2.9474,0.0000,2.9474,0.4999,0.8630,0.0000,2.1452,9589.9102,3,2.2332,848407.8750,7.7632,97842
43,408,Kyoto_Small,train,IPPO,3600,6,91,40,0.4396,1.0000,0.0000,852.9500,852.9500,0.2643,4.0304,233.5758,624.0714,948.9673,0.8126,19.9792,17.7345,708.8563,209.8313,342.4945,57082.4180,0,0,-0.0000,0.9015,0.6921,1.6081,257,0.4396,0.5604,4.0226,99.0000,flat,0.2083,0.3698,1.6060,0.0000,1.0000,0.0000,43.7823,12,99.9622,0.0687,0.7741,8,2,37958.6914,2.8242,0.0000,2.8242,0.4472,0.7036,0.0000,1.7282,5384.2085,1,3.8024,335128.9375,7.1868,31167
43,409,Kyoto_Small,train,FaithfulMAPPER,3600,6,100,45,0.4500,1.0000,0.0000,1045.2444,522.6222,0.3743,4.0153,236.7949,769.1212,961.0492,0.8117,19.7027,17.7929,770.5067,192.6423,599.9300,99988.3359,0,0,-0.0002,1.8581,0.6891,0.7685,316,0.4500,0.5500,4.0092,99.0000,flat,0.1325,0.2473,1.5628,0.0000,1.0000,0.0000,44.5850,12,100.7422,0.0735,0.8666,8,4,43247.2148,3.1600,0.0000,3.1600,0.3997,0.6634,0.0000,1.9160,6890.8394,3,2.6500,593360.7500,8.1200,59993
43,410,Kyoto_Small,train,MAPPO,3600,6,114,42,0.3684,1.0000,0.0000,908.8095,454.4048,0.3784,4.0146,209.1389,729.5714,1024.9147,0.9801,19.6663,19.0756,937.5598,186.6706,823.8158,137302.6250,0,0,-0.0000,1.1079,0.6924,1.6304,356,0.3684,0.6316,4.0038,99.0000,flat,0.1239,0.2308,1.6483,0.0000,1.0000,0.0000,4.1559,12,100.7353,0.0719,0.8974,9,5,43046.4141,3.1228,0.0000,3.1228,0.2785,0.7271,0.0000,2.0319,6748.5674,5,4.5962,817001.0625,6.8596,93915
43,411,LosAngeles_Small,train,IPPO,3600,6,97,28,0.2887,1.0000,0.0000,984.0357,0.0000,0.1030,4.2631,289.7200,724.8261,1166.2224,0.8051,22.9234,19.9895,910.6395,244.6361,505.9794,84329.8984,0,0,-0.0000,1.4049,0.6921,1.6455,346,0.2887,0.7113,4.4965,430.0000,shock_burst,0.0833,0.1559,1.6146,0.0000,1.0000,0.0000,56.4755,24,363.2917,0.4227,0.7041,6,4,32654.2266,3.5670,0.0000,3.5670,0.2463,0.8161,0.0000,2.6884,7878.8735,11,2.1685,495197.0625,9.0619,49080
43,412,LosAngeles_Small,train,FaithfulMAPPER,3600,6,112,42,0.3750,1.0000,0.0000,734.5952,0.0000,0.1030,4.2498,244.2571,612.9032,1061.5499,0.8692,23.6094,20.9702,787.2377,178.0893,625.5714,104261.9062,0,0,-0.0003,0.9646,0.6900,0.6631,355,0.3750,0.6250,4.3629,430.0000,shock_burst,0.1371,0.2556,1.4925,0.0000,1.0000,0.0000,31.9472,24,363.4311,0.4361,0.9649,9,5,44585.0977,3.1696,0.0000,3.1696,0.2971,0.5755,0.0000,3.0560,12486.2139,8,2.9504,615028.6875,7.4107,70064
43,413,LosAngeles_Small,train,MAPPO,3600,6,108,43,0.3981,1.0000,0.0000,1059.3024,0.0000,0.1030,4.2527,293.3243,821.8666,1379.0500,0.9403,24.1119,22.8293,926.2894,208.4290,581.2315,96871.9141,0,0,-0.0000,1.6367,0.6924,1.9386,322,0.3981,0.6019,4.3873,430.0000,shock_burst,0.1529,0.2852,1.7875,0.0000,1.0000,0.0000,17.5143,24,363.6356,0.4303,0.8882,10,5,59299.1484,2.9815,0.0000,2.9815,0.3833,0.9857,0.0000,4.4707,19042.3945,18,1.8319,571570.0000,8.5000,62773
43,414,Tokyo_Small,train,IPPO,3600,6,117,55,0.4701,1.0000,0.0000,977.8546,488.9273,0.4842,4.0373,287.1333,702.2750,1101.7120,0.7674,28.9860,26.4117,737.0685,225.0784,804.3846,134064.1094,0,0,-0.0000,0.9200,0.6921,1.6387,340,0.4701,0.5299,4.0315,177.0000,flat,0.0931,0.1793,1.6824,0.0000,1.0000,0.0000,66.7909,12,178.0011,0.0513,0.7924,8,5,60594.1602,2.9060,0.0000,2.9060,0.5091,0.8663,0.0000,1.7951,10539.6387,6,36.6441,794461.3750,7.5897,94113
43,415,Tokyo_Small,train,FaithfulMAPPER,3600,6,93,42,0.4516,1.0000,0.0000,888.5714,444.2857,0.4091,4.0511,264.8378,660.9167,1261.3710,0.9526,28.9634,26.3689,974.4532,268.7192,817.6022,136267.0312,0,0,-0.0002,0.6891,0.6897,0.9017,309,0.4516,0.5484,4.0439,177.0000,flat,0.1926,0.3408,1.6695,0.0000,1.0000,0.0000,12.5636,12,176.8553,0.0514,0.8350,7,2,52977.5820,3.3226,0.0000,3.3226,0.5602,1.2947,0.0000,1.8125,7794.1787,5,2.3950,806119.7500,7.9140,76037
43,416,Tokyo_Small,train,MAPPO,3600,6,103,64,0.6214,1.0000,0.0000,856.8594,428.4297,0.4041,4.0457,208.4000,686.9091,848.1048,0.8139,29.3608,25.8810,724.1954,195.7712,696.4757,116079.2891,0,0,-0.0001,1.4770,0.6924,2.0780,284,0.6214,0.3786,4.0400,177.0000,flat,0.2200,0.3980,1.7361,0.0000,1.0000,0.0000,38.7790,16,177.4086,0.0501,0.8930,11,3,54278.7070,2.7573,0.0000,2.7573,0.4220,0.5199,0.0000,1.9753,9618.6602,5,2.2455,685809.5625,9.6602,71737
43,417,Kyoto_Small,train,IPPO,3600,6,108,51,0.4722,1.0000,0.0000,932.9216,310.9738,0.5006,4.3204,299.3721,609.8889,1075.0215,0.7182,20.1304,17.8574,862.5989,180.0079,614.9815,102496.9141,0,0,-0.0000,1.0918,0.6921,1.7263,288,0.4722,0.5278,4.3470,347.1364,ramp_up_down,0.1500,0.2693,1.6258,0.0000,1.0000,0.0000,84.3678,28,309.5555,0.3065,0.9913,9,4,54826.0977,2.6667,0.0000,2.6667,0.4142,0.7771,0.0000,3.9957,19320.1895,21,3.0047,606677.3750,10.1667,66418
43,418,Kyoto_Small,train,FaithfulMAPPER,3600,6,108,43,0.3981,1.0000,0.0000,756.1628,378.0814,0.4620,4.3247,247.2000,544.3448,1119.3348,0.9056,19.8864,17.3973,835.1003,198.0970,632.7593,105459.8750,0,0,-0.0002,1.6787,0.6895,0.9576,305,0.3981,0.6019,4.3689,347.1364,ramp_up_down,0.1757,0.3429,1.6745,0.0000,1.0000,0.0000,23.3330,24,309.0183,0.3078,0.8913,8,2,48131.3945,2.8241,0.0000,2.8241,0.4193,0.9179,0.0000,4.8102,25953.3516,12,18951.0586,623111.0625,9.3241,68338
43,419,Kyoto_Small,train,MAPPO,3600,6,112,38,0.3393,1.0000,0.0000,982.4474,327.4825,0.5393,4.3267,254.6333,711.2222,1092.5330,0.8581,20.0659,18.6465,788.3107,175.2038,1124.3839,187397.3281,0,0,-0.0000,1.1163,0.6923,1.7555,346,0.3393,0.6607,4.3242,347.1364,ramp_up_down,0.2353,0.4632,1.6208,0.0000,1.0000,1.0000,36.1267,28,308.0964,0.3240,0.8118,11,3,41516.2500,3.0893,0.0000,3.0893,0.3716,0.8873,0.0000,4.6132,21347.7969,12,23.5732,1115505.1250,9.2411,125931
43,420,LosAngeles_Small,train,IPPO,3600,6,103,41,0.3981,1.0000,0.0000,1203.7561,0.0000,0.0683,4.5016,222.2059,1090.0333,989.6671,0.8908,23.0507,21.2635,816.0520,226.0636,581.5534,96925.5625,0,0,-0.0000,0.7708,0.6920,1.3281,283,0.3981,0.6019,4.4678,741.5442,building_up,0.1059,0.1951,1.7115,0.0000,1.0000,0.0000,24.2725,28,635.8389,0.3427,0.8276,9,5,40576.3516,2.7476,0.0000,2.7476,0.3622,0.7829,0.0000,3.7394,19154.6387,26,3.0513,567627.0625,11.0000,59900
43,421,LosAngeles_Small,train,FaithfulMAPPER,3600,6,122,41,0.3361,1.0000,0.0000,928.2439,0.0000,0.0683,4.5028,205.2162,743.2059,1039.9543,1.0000,23.9980,22.8720,877.2472,203.9601,588.9016,98150.2734,0,0,-0.0001,0.8985,0.6900,0.6903,373,0.3361,0.6639,4.5804,741.5442,building_up,0.1143,0.2020,1.5942,0.0000,1.0000,0.0000,0.0000,24,636.1219,0.3374,1.0277,9,5,42638.1289,3.0574,0.0000,3.0574,0.3139,0.7617,0.0000,3.8791,20249.3281,20,1.5862,577202.5000,8.2459,71846
43,422,LosAngeles_Small,train,MAPPO,3600,6,119,46,0.3866,1.0000,0.0000,1101.4783,0.0000,0.0683,4.5042,214.2927,763.5555,1117.4031,1.0000,23.9087,21.0305,862.6022,176.3836,475.2605,79210.0859,0,0,-0.0000,0.6168,0.6923,1.2885,389,0.3866,0.6134,4.5926,741.5442,building_up,0.0821,0.1495,1.5705,0.0000,1.0000,0.0000,0.0000,24,635.8378,0.3404,1.0452,9,6,51400.5391,3.2689,0.0000,3.2689,0.4088,0.8972,0.0000,4.6426,23217.7578,25,2.0247,462691.0938,8.5546,56556
43,423,Tokyo_Small,train,IPPO,3600,6,98,40,0.4082,1.0000,0.0000,850.2500,425.1250,0.4922,4.0516,226.9143,674.4857,1333.6053,1.0000,29.8677,27.5229,915.8926,227.9624,1125.0714,187511.9062,0,0,-0.0000,0.7535,0.6921,1.4804,325,0.4082,0.5918,4.0372,177.0000,flat,0.2361,0.4303,1.5431,0.0000,1.0000,0.0000,0.0000,12,176.7678,0.0516,0.7700,8,1,53344.2148,3.3163,0.0000,3.3163,0.4117,0.9111,0.0000,1.7598,6588.3735,2,2.9389,1113486.7500,6.7959,110257
43,424,Tokyo_Small,train,FaithfulMAPPER,3600,6,107,60,0.5607,1.0000,0.0000,891.5500,297.1833,0.5113,4.0425,207.5400,681.6750,1063.1853,1.0000,29.5228,26.2399,972.2142,233.6658,625.9159,104319.3125,0,0,-0.0002,1.6539,0.6896,1.2867,334,0.5607,0.4393,4.0416,177.0000,flat,0.2168,0.4276,1.5677,0.0000,1.0000,0.0000,0.0000,12,177.6233,0.0543,0.8434,12,4,63791.1172,3.1215,0.0000,3.1215,0.4078,0.6974,0.0000,2.2470,12310.6475,8,2.4541,614888.6875,7.6729,66973
43,425,Tokyo_Small,train,MAPPO,3600,6,91,44,0.4835,1.0000,0.0000,936.6364,312.2121,0.5272,4.0476,246.1316,716.5000,1157.0302,0.9402,28.1931,26.3082,899.5883,274.8278,674.8461,112474.3594,0,0,-0.0000,1.2747,0.6924,1.9438,274,0.4835,0.5165,4.0425,177.0000,flat,0.2036,0.3780,1.6360,0.0000,1.0000,0.0000,14.7255,12,177.0192,0.0485,0.8121,6,2,50909.3242,3.0110,0.0000,3.0110,0.5039,0.9121,0.0000,1.7931,8850.0088,4,5.7265,662984.0000,7.0110,61411
43,426,Kyoto_Small,train,IPPO,3600,6,114,51,0.4474,1.0000,0.0000,970.0588,323.3529,0.5500,3.9995,271.7046,641.3589,1153.5597,0.8491,19.6831,17.7363,800.9273,199.7742,933.0614,155510.2344,0,0,-0.0000,0.6188,0.6920,1.3384,351,0.4474,0.5526,3.9942,99.0000,flat,0.1667,0.3015,1.7373,0.0000,1.0000,0.0000,40.9926,12,101.4408,0.0747,0.8912,10,4,58831.5430,3.0789,0.0000,3.0789,0.5137,0.9589,0.0000,2.1781,8930.6387,9,4.1576,923537.6250,6.6754,106369
43,427,Kyoto_Small,train,FaithfulMAPPER,3600,6,104,41,0.3942,1.0000,0.0000,910.4634,455.2317,0.4606,4.0236,241.4167,659.8333,983.2372,0.8146,19.4496,18.0284,762.2346,173.3306,730.4711,121745.1953,0,0,-0.0001,0.9033,0.6894,0.7154,331,0.3942,0.6058,4.0255,99.0000,flat,0.2273,0.4296,1.7072,0.0000,1.0000,0.0000,44.7692,12,100.3600,0.0705,0.8111,10,3,40312.7266,3.1827,0.0000,3.1827,0.3938,0.7752,0.0000,1.8788,5769.9590,2,3.7285,723109.2500,7.3173,75969
43,428,Kyoto_Small,train,MAPPO,3600,6,80,44,0.5500,1.0000,0.0000,1021.3864,340.4621,0.5269,4.0262,216.4359,813.2059,1068.5071,0.9874,18.4830,15.8931,776.6667,221.6825,543.3125,90552.0859,0,0,-0.0000,0.5878,0.6924,1.2830,219,0.5500,0.4500,4.0257,99.0000,flat,0.2456,0.4435,1.5589,0.0000,1.0000,0.0000,2.7345,16,100.3353,0.0748,0.7954,11,3,47014.3125,2.7375,0.0000,2.7375,0.5368,0.7530,0.0000,1.9391,6203.4541,5,3.1532,533902.6875,9.6000,43465
43,429,LosAngeles_Small,train,IPPO,3600,6,109,39,0.3578,1.0000,0.0000,965.5897,0.0000,0.1030,4.3407,223.1667,708.2174,1178.2556,1.0000,23.8953,19.9169,883.8952,197.8285,761.2752,126879.2031,0,0,-0.0000,1.3085,0.6920,1.7576,297,0.3578,0.6422,4.3597,519.0942,ramp_up_down,0.1694,0.3077,1.6827,0.0000,1.0000,0.0000,0.0000,28,459.4181,0.3034,1.0675,11,5,45951.9727,2.7248,0.0000,2.7248,0.3394,0.8462,0.0000,3.3460,19134.4863,13,1.1012,750818.0625,11.9174,82979
43,430,LosAngeles_Small,train,FaithfulMAPPER,3600,6,111,44,0.3964,1.0000,0.0000,939.3636,0.0000,0.1030,4.3359,255.9737,790.5333,949.8628,0.7422,23.8280,21.5345,772.5278,217.8798,511.3694,85228.2266,0,0,-0.0001,1.3463,0.6901,0.7583,317,0.3964,0.6036,4.3249,519.0942,ramp_up_down,0.1486,0.2997,1.7568,0.0000,1.0000,0.0000,66.0011,24,459.9597,0.3066,0.8385,11,5,41793.9648,2.8559,0.0000,2.8559,0.3588,0.7530,0.0000,2.3228,9724.2236,8,1.3360,499393.8438,9.6306,56762
43,431,LosAngeles_Small,train,MAPPO,3600,6,103,33,0.3204,1.0000,0.0000,1161.3636,0.0000,0.1030,4.3383,366.3846,893.6000,969.5674,0.5293,24.0324,21.0285,727.3486,204.7055,595.5825,99263.7578,0,0,-0.0000,1.3876,0.6924,1.8063,282,0.3204,0.6796,4.4439,519.0942,ramp_up_down,0.2462,0.4452,1.6224,0.0000,1.0000,0.0000,172.4711,24,459.5025,0.3048,0.7181,8,2,31995.7246,2.7379,0.0000,2.7379,0.3069,0.6612,0.0000,1.9390,6512.8804,4,1.7048,583671.9375,10.2233,61345
43,432,Tokyo_Small,train,IPPO,3600,6,102,47,0.4608,1.0000,0.0000,873.3617,174.6723,0.8916,4.0449,353.2381,612.2381,1216.9883,0.6890,29.3468,27.0159,833.9587,257.3361,1363.9608,227326.7969,0,0,-0.0000,0.7559,0.6921,1.3950,336,0.4608,0.5392,4.0376,177.0000,flat,0.1921,0.3441,1.5845,0.0000,1.0000,0.0000,109.8404,12,177.3550,0.0520,0.7101,8,3,57198.4453,3.2941,0.0000,3.2941,0.6076,1.0932,0.0000,1.8286,8525.1221,6,3.7630,1353094.1250,7.2745,139124
43,433,Tokyo_Small,train,FaithfulMAPPER,3600,6,130,58,0.4462,1.0000,0.0000,855.1724,171.0345,0.8823,4.0392,276.7800,671.4000,1150.3199,0.8312,29.5758,27.3789,815.2883,213.5051,1754.6077,292434.6250,0,0,-0.0002,1.5121,0.6896,1.1663,440,0.4462,0.5538,4.0322,177.0000,flat,0.1446,0.2710,1.6404,0.0000,1.0000,0.0000,46.7160,12,178.0244,0.0520,0.7731,10,4,66718.5547,3.3846,0.0000,3.3846,0.4506,0.9116,0.0000,1.7210,9223.0381,5,5.7486,1744643.5000,8.3462,228099
43,434,Tokyo_Small,train,MAPPO,3600,6,95,46,0.4842,1.0000,0.0000,835.9348,167.1870,0.8421,4.0446,243.0000,611.7838,1151.3972,0.9477,29.2512,25.9536,848.8187,223.8367,1266.4736,211078.9531,0,0,-0.0000,0.8972,0.6924,1.6278,322,0.4842,0.5158,4.0405,177.0000,flat,0.1688,0.3162,1.5660,0.0000,1.0000,0.0000,12.7206,12,177.1931,0.0500,0.8472,8,3,52964.2734,3.3895,0.0000,3.3895,0.4627,0.8189,0.0000,1.8248,9038.0605,2,4.6094,1252690.5000,7.9789,120315
43,435,Kyoto_Small,train,IPPO,3600,6,108,54,0.5000,1.0000,0.0000,794.2407,264.7469,0.5031,4.0117,271.6956,505.6487,844.7247,0.6218,19.5847,17.2893,772.4836,199.3598,651.4352,108572.5312,0,0,-0.0001,0.8875,0.6920,1.5582,308,0.5000,0.5000,4.0094,99.0000,flat,0.1000,0.1846,1.6295,0.0000,1.0000,0.0000,102.7507,12,100.9122,0.0731,0.9541,10,6,45615.1328,2.8519,0.0000,2.8519,0.3652,0.5464,0.0000,2.0303,7667.6382,6,2.7074,644589.1250,7.9537,70355
43,436,Kyoto_Small,train,FaithfulMAPPER,3600,6,96,46,0.4792,1.0000,0.0000,940.3261,313.4420,0.5363,4.0142,334.1622,712.9677,1169.3566,0.6999,19.6262,17.2302,734.4397,204.4727,640.7708,106795.1406,0,0,-0.0001,0.6300,0.6897,0.7777,278,0.4792,0.5208,4.0110,99.0000,flat,0.1389,0.2546,1.4846,0.0000,1.0000,0.0000,100.2909,12,100.6822,0.0654,0.7880,8,4,53790.4023,2.8958,0.0000,2.8958,0.6765,0.9840,0.0000,1.8077,5648.8999,4,17.0563,632846.4375,7.3958,61514
43,437,Kyoto_Small,train,MAPPO,3600,6,96,50,0.5208,1.0000,0.0000,793.1400,264.3800,0.5258,4.0158,250.6585,555.9688,1061.5265,0.8470,19.4819,18.3272,823.0982,209.1802,484.0521,80675.3438,0,0,-0.0000,1.3327,0.6924,1.9907,287,0.5208,0.4792,4.0206,99.0000,flat,0.1667,0.3172,1.7051,0.0000,1.0000,0.0000,38.3532,16,100.5900,0.0679,0.8011,10,3,53076.3203,2.9896,0.0000,2.9896,0.4987,0.8163,0.0000,1.8846,6628.0195,5,12.4515,476716.7812,8.5312,46469
43,438,LosAngeles_Small,train,IPPO,3600,6,110,43,0.3909,1.0000,0.0000,908.6512,0.0000,0.0683,4.3425,296.5526,607.1562,1164.1194,0.7851,24.0971,21.2680,851.6326,196.7135,728.1818,121363.6328,0,0,-0.0000,0.9837,0.6920,1.6296,336,0.3909,0.6091,4.4026,519.0942,ramp_up_down,0.1778,0.3333,1.6858,0.0000,1.0000,0.0000,63.7288,24,459.6322,0.3005,0.9268,11,5,50057.1367,3.0545,0.0000,3.0545,0.3842,0.8496,0.0000,4.4611,13667.3721,13,1.0344,716279.4375,9.4091,80100
43,439,LosAngeles_Small,train,FaithfulMAPPER,3600,6,101,35,0.3465,1.0000,0.0000,784.9714,0.0000,0.0683,4.3451,235.2903,556.7586,1145.2523,0.9735,22.4369,20.1634,808.8041,228.9366,460.8020,76800.3281,0,0,-0.0002,0.9144,0.6902,0.5895,274,0.3465,0.6535,4.3926,519.0942,ramp_up_down,0.2839,0.5241,1.5822,0.0000,1.0000,0.0000,6.2399,24,459.3247,0.2984,1.0413,10,1,40083.8320,2.7129,0.0000,2.7129,0.3238,0.6714,0.0000,3.5146,11614.8203,18,1.6318,448633.7500,9.3267,46541
43,440,LosAngeles_Small,train,MAPPO,3600,6,110,35,0.3182,1.0000,0.0000,967.2000,0.0000,0.0683,4.3377,251.2581,657.8214,1000.9936,0.7968,23.4583,22.3054,805.8334,229.5889,641.3273,106887.8750,0,0,-0.0000,1.4600,0.6923,1.6939,339,0.3182,0.6818,4.3562,519.0942,ramp_up_down,0.0533,0.1054,1.7009,0.0000,1.0000,0.0000,51.0594,28,459.8108,0.3032,0.8323,7,5,35034.7734,3.0818,0.0000,3.0818,0.2834,0.7890,0.0000,2.1404,8433.5840,7,1.8300,630350.3750,9.6364,70546
43,441,Tokyo_Small,train,IPPO,3600,6,92,47,0.5109,1.0000,0.0000,832.2553,277.4184,0.5580,4.3442,245.5385,619.4167,1037.1964,0.8448,29.8849,25.6386,804.1787,292.6250,891.1630,148527.1719,0,0,-0.0000,1.0330,0.6921,1.7047,279,0.5109,0.4891,4.3554,618.6302,ramp_up_down,0.2165,0.3955,1.8071,0.0000,1.0000,0.0000,38.0992,24,547.4531,0.3002,0.8511,9,3,48748.2344,3.0326,0.0000,3.0326,0.5169,0.9413,0.0000,3.5480,22070.0742,22,3.5727,872895.5000,8.0761,81987
43,442,Tokyo_Small,train,FaithfulMAPPER,3600,6,100,42,0.4200,1.0000,0.0000,852.6190,426.3095,0.4845,4.3420,229.1351,610.6154,1036.0614,0.9043,29.0970,26.5614,782.7275,247.5507,780.6700,130111.6641,0,0,-0.0001,0.4986,0.6898,0.7931,358,0.4200,0.5800,4.3772,618.6302,ramp_up_down,0.1616,0.2997,1.5819,0.0000,1.0000,0.0000,21.9229,24,547.7453,0.3003,0.8136,7,2,43514.5781,3.5800,0.0000,3.5800,0.4467,0.7785,0.0000,3.5342,30162.7852,21,2.7763,764807.6250,8.3700,78067
43,443,Tokyo_Small,train,MAPPO,3600,6,118,57,0.4831,1.0000,0.0000,683.1053,341.5526,0.4714,4.3373,195.2549,542.1042,973.1705,0.9968,29.3289,25.2994,818.1244,236.9578,677.5763,112929.3750,0,0,-0.0001,0.9053,0.6923,1.6361,371,0.4831,0.5169,4.3528,618.6302,ramp_up_down,0.2066,0.4197,1.5769,0.0000,1.0000,0.0000,0.6208,24,548.3014,0.3035,0.9131,12,3,55470.7188,3.1441,0.0000,3.1441,0.4044,0.6586,0.0000,4.0827,31222.2852,36,2.2571,664363.6875,7.7203,79954
43,444,Kyoto_Small,train,IPPO,3600,6,115,41,0.3565,1.0000,0.0000,868.9025,289.6342,0.5583,4.6444,265.0571,585.2759,1284.5535,0.9693,19.8353,18.8509,865.9697,193.4399,1089.2174,181536.2344,0,0,-0.0000,1.3971,0.6919,1.9324,359,0.3565,0.6435,4.7287,631.4694,wave,0.1176,0.2201,1.6646,0.0000,1.0000,0.0000,8.1464,24,527.4692,0.3793,0.8666,8,4,52666.6914,3.1217,0.0000,3.1217,0.3745,0.9545,0.0000,5.1114,34943.1211,25,3.9376,1078774.1250,6.2087,125260
43,445,Kyoto_Small,train,FaithfulMAPPER,3600,6,90,39,0.4333,1.0000,0.0000,1128.6154,376.2051,0.5599,4.6525,334.5625,740.8929,1250.7760,0.7477,19.8401,17.7228,840.0331,208.9818,607.9445,101324.0703,0,0,-0.0001,1.2935,0.6896,1.0228,277,0.4333,0.5667,4.6490,631.4694,wave,0.1667,0.3278,1.6825,0.0000,1.0000,0.0000,84.4073,28,526.6000,0.3740,0.7573,8,4,48780.2617,3.0778,0.0000,3.0778,0.5403,1.1042,0.0000,4.9113,26074.4023,29,12.4744,594235.3750,8.2222,54715
43,446,Kyoto_Small,train,MAPPO,3600,6,99,41,0.4141,1.0000,0.0000,1024.9512,341.6504,0.5467,4.6486,263.8571,771.0606,1031.7688,0.7821,19.9075,18.6989,878.5289,194.0817,556.6061,92767.6797,0,0,-0.0000,1.8747,0.6923,2.2035,275,0.4141,0.5859,4.6692,631.4694,wave,0.1286,0.2304,1.6838,0.0000,1.0000,0.0000,57.5034,24,527.4639,0.3700,0.8838,8,4,42302.5234,2.7778,0.0000,2.7778,0.4133,0.9729,0.0000,5.3411,22411.1172,35,2.9237,544557.8125,6.8586,55104
43,447,LosAngeles_Small,train,IPPO,3600,6,124,58,0.4677,1.0000,0.0000,920.9310,920.9310,0.2118,4.0389,280.1739,695.3428,916.4055,0.6542,23.2859,20.2627,795.2246,188.4121,660.4113,110068.5469,0,0,-0.0000,1.1782,0.6920,1.7714,369,0.4677,0.5323,4.0403,149.0000,flat,0.1867,0.3370,1.6085,0.0000,1.0000,0.0000,96.8928,12,149.7253,0.0530,0.9417,14,5,53151.5156,2.9758,0.0000,2.9758,0.3961,0.6851,0.0000,1.9545,7472.3579,6,2.3274,652966.7500,9.6452,81891
43,448,LosAngeles_Small,train,FaithfulMAPPER,3600,6,99,48,0.4848,1.0000,0.0000,864.7292,864.7292,0.2118,4.0512,203.7714,639.7308,882.9428,0.8666,23.6168,19.7878,873.9214,231.4176,905.0707,150845.1250,0,0,-0.0001,1.1793,0.6902,0.7965,312,0.4848,0.5152,4.0475,149.0000,flat,0.0737,0.1342,1.6566,0.0000,1.0000,0.0000,27.1829,12,148.9964,0.0572,0.8277,9,6,42381.2539,3.1515,0.0000,3.1515,0.3784,0.6644,0.0000,1.8934,6135.0991,2,2.3190,896081.0000,9.3131,89602
43,449,LosAngeles_Small,train,MAPPO,3600,6,88,34,0.3864,1.0000,0.0000,901.9412,0.0000,0.1651,4.0561,242.9286,625.5217,1157.1572,0.9527,23.2148,22.1193,868.0887,245.0056,588.4659,98077.6484,0,0,-0.0000,1.2780,0.6923,1.7794,257,0.3864,0.6136,4.0513,149.0000,flat,0.2000,0.3677,1.5995,0.0000,1.0000,0.0000,11.4971,12,148.4939,0.0572,0.8757,8,2,39343.3477,2.9205,0.0000,2.9205,0.3328,0.7624,0.0000,2.0866,5817.2393,6,2.2015,579405.2500,10.1591,51785
43,450,Tokyo_Small,train,IPPO,3600,6,112,42,0.3750,1.0000,0.0000,864.0238,0.0000,0.0898,4.3406,290.5428,610.0323,1173.3374,0.8077,29.4774,28.0151,908.1627,235.5322,586.4821,97747.0234,0,0,-0.0000,0.8487,0.6920,1.5536,347,0.3750,0.6250,4.3731,618.6302,ramp_up_down,0.3193,0.5764,1.6077,0.0000,1.0000,0.0000,55.8754,24,547.2808,0.3062,0.8909,10,1,49280.1719,3.0982,0.0000,3.0982,0.4256,0.9873,0.0000,3.6806,29272.8086,18,2.8125,574694.3750,7.7857,65686
43,451,Tokyo_Small,train,FaithfulMAPPER,3600,6,113,53,0.4690,1.0000,0.0000,958.9434,958.9434,0.1944,4.3283,325.1136,687.2703,1262.8726,0.7769,29.7155,26.7511,880.6370,221.1861,424.1239,70687.3125,0,0,-0.0001,1.4920,0.6898,1.1713,313,0.4690,0.5310,4.3008,618.6302,ramp_up_down,0.2078,0.3870,1.6713,0.0000,1.0000,0.0000,72.5391,24,548.2539,0.3201,0.8551,9,2,66932.2422,2.7699,0.0000,2.7699,0.4578,0.8723,0.0000,2.6476,17866.8652,18,2.3307,412769.6875,9.2743,47926
43,452,Tokyo_Small,train,MAPPO,3600,6,103,58,0.5631,1.0000,0.0000,758.1207,758.1207,0.1903,4.3401,240.3922,573.6667,954.5053,0.7941,28.1287,25.2559,713.9445,232.1831,321.7670,53627.8320,0,0,-0.0000,0.9572,0.6924,1.6859,299,0.5631,0.4369,4.3816,618.6302,ramp_up_down,0.1641,0.3255,1.6579,0.0000,1.0000,0.0000,49.4911,28,547.9631,0.3023,1.0795,10,5,55361.3086,2.9029,0.0000,2.9029,0.5258,0.7022,0.0000,4.0678,24111.9941,20,3.1434,309542.4062,9.3010,33142
43,453,Kyoto_Small,train,IPPO,3600,6,113,47,0.4159,1.0000,0.0000,949.4681,474.7340,0.3385,4.4957,247.5385,755.0555,1178.5460,0.9522,19.9190,17.8818,807.8430,181.5894,602.0797,100346.6094,0,0,-0.0000,1.0468,0.6920,1.7588,319,0.4159,0.5841,4.5807,495.8625,building_up,0.1270,0.2333,1.5626,0.0000,1.0000,0.0000,11.8293,24,426.1728,0.3536,0.9670,9,4,55391.6641,2.8230,0.0000,2.8230,0.4497,0.8472,0.0000,3.3155,15018.6426,24,1.7421,594196.8750,8.0531,68035
43,454,Kyoto_Small,train,FaithfulMAPPER,3600,6,119,43,0.3613,1.0000,0.0000,882.9070,441.4535,0.3730,4.4965,215.8108,685.3030,1230.4824,1.0000,19.2313,18.0629,868.2679,178.5967,728.9076,121484.5938,0,0,-0.0001,0.8152,0.6898,0.6985,376,0.3613,0.6387,4.5776,495.8625,building_up,0.1754,0.3114,1.6382,0.0000,1.0000,0.0000,0.0000,24,426.6325,0.3421,0.9295,9,3,52910.7422,3.1597,0.0000,3.1597,0.3734,0.8715,0.0000,7.1301,33967.7422,38,3.6404,720191.1875,8.3277,86740
43,455,Kyoto_Small,train,MAPPO,3600,6,99,59,0.5960,1.0000,0.0000,851.6271,425.8136,0.3509,4.4883,216.2083,695.8421,919.6200,0.8507,19.8997,18.1820,795.7061,217.5909,372.0909,62015.1523,0,0,-0.0000,0.7915,0.6923,1.5275,283,0.5960,0.4040,4.4927,495.8625,building_up,0.1525,0.2700,1.5903,0.0000,1.0000,0.0000,32.2843,32,426.8369,0.3548,0.8754,11,5,54257.5820,2.8586,0.0000,2.8586,0.5339,0.6719,0.0000,4.7422,46381.5352,25,1.9418,360304.2812,9.3737,36837
43,456,LosAngeles_Small,train,IPPO,3600,6,97,31,0.3196,1.0000,0.0000,1204.2581,1204.2581,0.2813,4.0549,373.0833,930.5000,1196.1271,0.6412,23.1353,20.9558,859.3660,235.2512,976.7629,162793.8125,0,0,-0.0000,1.5217,0.6919,1.8157,291,0.3196,0.6804,4.0478,149.0000,flat,0.1692,0.3077,1.6623,0.0000,1.0000,0.0000,133.8579,12,148.6969,0.0522,0.8025,7,3,37079.9414,3.0000,0.0000,3.0000,0.2965,0.8544,0.0000,2.2304,7426.7285,3,4.1033,966191.1875,10.0825,94746
43,457,LosAngeles_Small,train,FaithfulMAPPER,3600,6,121,42,0.3471,1.0000,0.0000,855.9286,427.9643,0.3378,4.0517,271.6286,646.4643,915.3652,0.6740,23.9866,22.2854,742.2339,185.8439,1282.0331,213672.1719,0,0,-0.0001,1.6831,0.6898,0.8999,340,0.3471,0.6529,4.0602,149.0000,flat,0.2588,0.4687,1.6706,0.0000,1.0000,0.0000,88.5555,12,149.0022,0.0583,0.8992,12,3,38445.3359,2.8099,0.0000,2.8099,0.2849,0.7034,0.0000,1.8249,5184.2329,1,2.9011,1273832.7500,9.6198,155126
43,458,LosAngeles_Small,train,MAPPO,3600,6,113,52,0.4602,1.0000,0.0000,1115.0577,557.5289,0.3341,4.0389,255.2619,771.3226,1007.2501,0.7892,23.5836,20.9128,834.0500,215.1929,932.9380,155489.6719,0,0,-0.0000,1.2917,0.6922,1.8030,341,0.4602,0.5398,4.0341,149.0000,flat,0.1100,0.2092,1.5227,0.0000,1.0000,0.0000,53.8119,12,149.7014,0.0536,0.9393,10,6,52377.0078,3.0177,0.0000,3.0177,0.4332,0.7663,0.0000,1.8889,6311.4946,3,2.4279,922859.9375,10.3451,105422
43,459,Tokyo_Small,train,IPPO,3600,6,100,48,0.4800,1.0000,0.0000,722.5417,0.0000,0.1394,4.3405,204.4359,504.3429,1040.1892,1.0000,29.5961,26.9988,802.2725,229.9449,387.6800,64613.3320,0,0,-0.0001,0.4974,0.6920,1.2037,308,0.4800,0.5200,4.3756,618.6302,ramp_up_down,0.2313,0.4272,1.6169,0.0000,1.0000,0.0000,0.0000,24,547.9936,0.2990,0.8893,9,1,49929.0820,3.0800,0.0000,3.0800,0.4769,0.8362,0.0000,5.5684,61381.3984,19,2.3662,375498.4688,9.1700,38768
43,460,Tokyo_Small,train,FaithfulMAPPER,3600,6,94,51,0.5426,1.0000,0.0000,952.8039,0.0000,0.1618,4.3415,263.8511,700.6154,1119.7617,0.8488,28.2054,24.8097,865.2128,222.3103,269.7553,44959.2188,0,0,-0.0001,0.6625,0.6898,0.7817,307,0.5426,0.4574,4.3473,618.6302,ramp_up_down,0.2653,0.4714,1.6335,0.0000,1.0000,0.0000,39.8987,24,547.5758,0.3021,0.8974,10,1,57107.8438,3.2660,0.0000,3.2660,0.5315,0.9479,0.0000,2.7029,16744.7715,21,2.4172,256431.3125,7.7979,25357
43,461,Tokyo_Small,train,MAPPO,3600,6,109,49,0.4495,1.0000,0.0000,1080.6123,0.0000,0.0662,4.3370,270.7381,747.8530,1056.5750,0.7805,29.1583,27.3438,811.1102,231.0561,314.7890,52464.8320,0,0,-0.0000,0.9807,0.6923,1.6984,334,0.4495,0.5505,4.3827,618.6302,ramp_up_down,0.1714,0.3464,1.6592,0.0000,1.0000,0.0000,59.4231,24,548.2842,0.3003,0.8424,10,4,51772.1758,3.0642,0.0000,3.0642,0.5310,0.9763,0.0000,3.2430,21044.6094,21,2.5491,303561.3125,8.4679,34312
43,462,Kyoto_Small,train,IPPO,3600,6,117,59,0.5043,1.0000,0.0000,652.4068,217.4689,0.5263,4.0053,216.6042,446.6579,818.7010,0.7559,19.8411,18.4064,758.2311,165.4229,878.4872,146414.5312,0,0,-0.0000,0.9389,0.6919,1.6679,303,0.5043,0.4957,4.0008,99.0000,flat,0.1458,0.2795,1.7047,0.0000,1.0000,0.0000,52.8640,12,101.0881,0.0741,0.9005,10,4,48303.3594,2.5897,0.0000,2.5897,0.4467,0.6675,0.0000,2.0070,9099.2559,4,4.6392,872891.4375,7.5641,102783
43,463,Kyoto_Small,train,FaithfulMAPPER,3600,6,118,55,0.4661,1.0000,0.0000,985.1818,328.3940,0.5273,4.0090,232.5111,692.6286,1013.8346,0.8721,19.7092,18.1625,846.7401,183.2313,687.4661,114577.6875,0,0,-0.0000,1.2968,0.6898,0.9717,338,0.4661,0.5339,4.0099,99.0000,flat,0.2063,0.3869,1.6149,0.0000,1.0000,0.0000,29.7442,16,100.9956,0.0713,0.8386,12,4,55760.9023,2.8644,0.0000,2.8644,0.4493,0.8303,0.0000,1.9603,7949.1714,3,4.5834,681046.9375,9.5169,81121
43,464,Kyoto_Small,train,MAPPO,3600,6,106,50,0.4717,1.0000,0.0000,954.3400,318.1133,0.5713,4.0156,253.6667,694.2059,1066.3138,0.8407,19.8896,17.2921,903.0050,168.8113,744.3679,124061.3203,0,0,-0.0000,0.7421,0.6922,1.4894,338,0.4717,0.5283,4.0163,99.0000,flat,0.1032,0.1844,1.6839,0.0000,1.0000,0.0000,40.4039,12,100.8156,0.0716,0.8638,9,5,53315.6914,3.1887,0.0000,3.1887,0.4043,0.7800,0.0000,1.9469,6850.4121,5,3.5913,737352.0000,7.0377,78903
43,465,LosAngeles_Small,train,IPPO,3600,6,129,43,0.3333,1.0000,0.0000,1057.6279,1057.6279,0.2118,4.2462,356.6857,716.4643,1179.1393,0.6612,24.1609,22.2735,804.8540,190.3415,1022.4883,170414.7344,0,0,-0.0001,1.4087,0.6918,1.9399,356,0.3333,0.6667,4.3328,430.0000,shock_burst,0.2514,0.4607,1.7455,0.0000,1.0000,0.0000,120.8578,24,364.1197,0.4310,0.9504,12,2,50702.9883,2.7597,0.0000,2.7597,0.3812,0.9489,0.0000,2.4855,11972.3428,11,2.0279,1013553.6250,10.9070,131901
43,466,LosAngeles_Small,train,FaithfulMAPPER,3600,6,101,41,0.4059,1.0000,0.0000,1064.9269,1064.9269,0.2118,4.2519,226.5143,812.9310,1088.1709,0.9608,22.2387,19.4847,848.0954,229.7448,506.4258,84404.2891,0,0,-0.0000,1.1338,0.6899,0.8730,294,0.4059,0.5941,4.3183,430.0000,shock_burst,0.1059,0.1951,1.5585,0.0000,1.0000,0.0000,8.8801,24,363.7203,0.4298,0.7947,9,5,44615.0078,2.9109,0.0000,2.9109,0.4156,0.8673,0.0000,5.2718,18876.6230,12,3.4677,495646.6562,10.4455,51149
43,467,LosAngeles_Small,train,MAPPO,3600,6,101,42,0.4158,1.0000,0.0000,1083.6428,1083.6428,0.2118,4.2472,341.3333,805.1724,1191.0795,0.6979,23.1736,21.5857,741.4778,242.4924,626.6634,104443.8906,0,0,-0.0000,1.1313,0.6922,1.7244,298,0.4158,0.5842,4.3208,430.0000,shock_burst,0.1697,0.3120,1.6484,0.0000,1.0000,0.0000,103.1174,24,364.3697,0.4267,0.8852,10,4,50025.3398,2.9505,0.0000,2.9505,0.3773,0.6935,0.0000,2.2273,6793.3916,10,2.0191,616545.5000,9.0396,63293
43,468,Tokyo_Small,train,IPPO,3600,6,106,41,0.3868,1.0000,0.0000,820.7317,0.0000,0.1493,4.3454,270.1945,520.6177,1156.8300,0.8563,28.7251,26.8016,840.3055,197.4523,591.1132,98518.8672,0,0,-0.0000,1.2360,0.6919,1.9117,306,0.3868,0.6132,4.3032,618.6302,ramp_up_down,0.1880,0.3795,1.6888,0.0000,1.0000,0.0000,38.8285,24,547.1450,0.3012,0.8094,10,3,47430.0273,2.8868,0.0000,2.8868,0.4713,1.1000,0.0000,2.1681,11587.6641,9,2.6444,579076.0000,8.9151,62658
43,469,Tokyo_Small,train,FaithfulMAPPER,3600,6,87,45,0.5172,1.0000,0.0000,928.4222,0.0000,0.1569,4.3392,247.7949,653.4243,959.5285,0.7745,28.6460,27.2347,728.8271,261.2008,353.3333,58888.8906,0,0,-0.0002,0.6235,0.6899,0.7388,274,0.5172,0.4828,4.3628,618.6302,ramp_up_down,0.2063,0.3664,1.4894,0.0000,1.0000,0.0000,55.8892,28,547.6778,0.3036,0.8609,8,2,43178.7812,3.1494,0.0000,3.1494,0.4392,0.5511,0.0000,3.3889,15896.2129,16,2.5750,340005.0938,8.3448,30740
43,470,Tokyo_Small,train,MAPPO,3600,6,111,55,0.4955,1.0000,0.0000,964.9818,0.0000,0.1630,4.3378,225.3830,778.4750,917.1288,0.8138,29.3926,25.2046,844.1854,235.8971,505.2793,84213.2109,0,0,-0.0000,1.7875,0.6922,2.2647,337,0.4955,0.5045,4.3465,618.6302,ramp_up_down,0.1494,0.3032,1.6374,0.0000,1.0000,0.0000,41.9572,24,547.8134,0.3076,0.9016,8,2,50442.0820,3.0360,0.0000,3.0360,0.3953,0.7024,0.0000,4.0244,40258.0273,17,1.5974,493276.3125,8.2162,56086
43,471,Kyoto_Small,train,IPPO,3600,6,91,39,0.4286,1.0000,0.0000,1137.1794,379.0598,0.5351,4.0215,282.2258,881.2963,935.1128,0.6627,18.5232,17.2217,756.9197,206.6232,581.6594,96943.2266,0,0,-0.0000,1.0104,0.6919,1.7267,281,0.4286,0.5714,4.0183,99.0000,flat,0.2059,0.3767,1.7378,0.0000,1.0000,0.0000,95.2032,12,100.3747,0.0744,0.8105,9,3,36469.3984,3.0879,0.0000,3.0879,0.4954,0.9474,0.0000,1.9803,7192.1050,5,5.1768,574035.6250,8.9560,52931
43,472,Kyoto_Small,train,FaithfulMAPPER,3600,6,109,41,0.3761,1.0000,0.0000,801.4878,400.7439,0.3777,4.0232,227.8000,670.9333,1179.4755,1.0000,19.7133,17.5571,846.4993,171.7794,452.4862,75414.3750,0,0,-0.0000,1.5780,0.6899,0.8966,336,0.3761,0.6239,4.0184,99.0000,flat,0.2451,0.4402,1.7398,0.0000,1.0000,0.0000,0.0000,12,100.3269,0.0740,0.8881,9,2,48358.4922,3.0826,0.0000,3.0826,0.3825,0.9201,0.0000,1.7371,5419.2090,1,3.3684,445511.3438,8.5505,49321
43,473,Kyoto_Small,train,MAPPO,3600,6,115,51,0.4435,1.0000,0.0000,929.0784,309.6928,0.5432,4.0110,246.0000,610.2105,1009.4501,0.8207,19.6756,17.9198,835.9217,169.9217,675.9391,112656.5234,0,0,-0.0000,1.0132,0.6922,1.7102,301,0.4435,0.5565,4.0068,99.0000,flat,0.2063,0.3869,1.5949,0.0000,1.0000,0.0000,44.1100,12,100.9444,0.0726,0.8705,12,4,51481.9570,2.6174,0.0000,2.6174,0.4411,0.8504,0.0000,1.9056,6235.7388,2,3.2520,670954.9375,8.0174,77733
43,474,LosAngeles_Small,train,IPPO,3600,6,101,46,0.4554,1.0000,0.0000,1096.6086,0.0000,0.0683,4.3393,257.2820,752.3939,832.9838,0.6475,24.0140,21.4890,796.9362,219.6808,490.1980,81699.6719,0,0,-0.0000,2.3313,0.6918,2.3363,251,0.4554,0.5446,4.3307,519.0942,ramp_up_down,0.2154,0.3922,1.5816,0.0000,1.0000,0.0000,90.6853,24,459.7403,0.3016,0.9577,13,4,38317.2539,2.4851,0.0000,2.4851,0.2916,0.5377,0.0000,3.5986,15669.4775,16,2.1350,479072.2812,11.2475,49510
43,475,LosAngeles_Small,train,FaithfulMAPPER,3600,6,127,39,0.3071,1.0000,0.0000,1130.0256,0.0000,0.0683,4.3388,225.2647,902.5714,1057.8917,0.9392,23.8403,21.8328,839.4470,199.5864,813.8583,135643.0469,0,0,-0.0001,1.9943,0.6898,0.8361,341,0.3071,0.6929,4.3978,519.0942,ramp_up_down,0.2375,0.4593,1.6200,0.0000,1.0000,0.0000,13.6864,24,459.8842,0.3012,0.8670,9,1,41257.7773,2.6850,0.0000,2.6850,0.3343,0.9950,0.0000,3.8968,11118.0518,10,1.3684,805339.8750,10.1732,103360
43,476,LosAngeles_Small,train,MAPPO,3600,6,104,38,0.3654,1.0000,0.0000,908.3947,0.0000,0.0683,4.3401,210.7333,725.6539,1029.0494,0.9766,23.4017,21.7469,862.2227,207.5875,586.9231,97820.5156,0,0,-0.0000,1.0862,0.6922,1.7171,295,0.3654,0.6346,4.3367,519.0942,ramp_up_down,0.1677,0.3128,1.5563,0.0000,1.0000,0.0000,4.9234,28,459.4472,0.3049,0.9660,9,3,39103.8789,2.8365,0.0000,2.8365,0.3991,0.9842,0.0000,2.3311,7434.1294,10,1.2487,575165.3125,8.3654,61040
43,477,Tokyo_Small,train,IPPO,3600,6,109,50,0.4587,1.0000,0.0000,722.7600,722.7600,0.3080,4.6559,187.2727,581.9268,863.4814,0.9222,29.2316,27.5326,825.8624,229.4775,717.6697,119611.6172,0,0,-0.0000,0.7831,0.6919,1.5120,311,0.4587,0.5413,4.6797,1125.4863,wave,0.2987,0.5622,1.5086,0.0000,1.0000,0.0000,14.5764,28,937.1186,0.3684,0.9812,12,3,43174.0703,2.8532,0.0000,2.8532,0.3174,0.5084,0.0000,5.0398,45587.2734,32,3.0144,701772.6250,9.8440,78226
43,478,Tokyo_Small,train,FaithfulMAPPER,3600,6,85,40,0.4706,1.0000,0.0000,835.5750,835.5750,0.3280,4.6552,310.0263,542.2000,1172.2596,0.7562,29.8592,27.4436,811.4849,259.8624,462.9176,77152.9375,0,0,-0.0001,0.7232,0.6900,0.8507,254,0.4706,0.5294,4.6338,1125.4863,wave,0.1469,0.2619,1.6588,0.0000,1.0000,0.0000,75.5744,28,937.5725,0.3632,0.8254,7,3,46890.3867,2.9882,0.0000,2.9882,0.5998,1.0108,0.0000,4.1575,31125.3926,27,2.4436,442699.8438,7.6353,39348
43,479,Tokyo_Small,train,MAPPO,3600,6,103,45,0.4369,1.0000,0.0000,973.0222,973.0222,0.3298,4.6644,265.6250,723.4545,1179.5819,0.8882,29.2210,25.7728,902.8028,229.3317,842.7767,140462.7812,0,0,-0.0001,1.0958,0.6922,1.7747,310,0.4369,0.5631,4.7726,1125.4863,wave,0.3095,0.5827,1.5588,0.0000,1.0000,0.0000,29.7086,28,936.4056,0.3536,0.9292,11,2,53081.1836,3.0097,0.0000,3.0097,0.4233,0.8102,0.0000,9.3651,101573.3203,37,3.9851,826181.1875,9.7670,86806
43,480,Kyoto_Small,train,IPPO,3600,6,95,45,0.4737,1.0000,0.0000,1010.4000,505.2000,0.4628,4.0169,330.4445,666.6334,1061.4945,0.6425,19.4194,17.4816,819.4474,206.6803,466.4948,77749.1250,0,0,-0.0000,0.8110,0.6919,1.5330,311,0.4737,0.5263,4.0102,99.0000,flat,0.0833,0.1667,1.6481,0.0000,1.0000,0.0000,118.1456,16,100.7050,0.0700,0.8284,7,4,47767.2500,3.2737,0.0000,3.2737,0.4442,0.7935,0.0000,1.9403,6268.7363,2,4.9777,459001.5938,8.9263,44317
43,481,Kyoto_Small,train,FaithfulMAPPER,3600,6,91,39,0.4286,1.0000,0.0000,853.3077,426.6538,0.3838,4.0259,241.9143,603.2424,1241.8562,1.0000,19.5726,17.6286,973.6714,211.1135,551.7033,91950.5469,0,0,-0.0001,1.5387,0.6898,0.9219,265,0.4286,0.5714,4.0156,99.0000,flat,0.1762,0.3344,1.6365,0.0000,1.0000,0.0000,0.0000,12,100.2158,0.0773,0.8938,8,2,48432.3906,2.9121,0.0000,2.9121,0.3887,0.8622,0.0000,2.0219,7156.0449,4,2.2355,544237.3750,7.5385,50205
43,482,Kyoto_Small,train,MAPPO,3600,6,100,47,0.4700,1.0000,0.0000,865.1915,432.5957,0.4370,4.0099,250.4103,718.7143,956.1777,0.7637,19.9036,18.3230,730.5554,194.0590,603.7000,100616.6641,0,0,-0.0000,1.1005,0.6922,1.8013,272,0.4700,0.5300,4.0142,99.0000,flat,0.0385,0.0769,1.7820,0.0000,1.0000,0.0000,59.1747,12,100.8978,0.0700,0.7429,7,6,44940.3516,2.7200,0.0000,2.7200,0.5082,0.9089,0.0000,1.8517,6564.2705,2,8.8816,597298.5000,9.6300,60370
43,483,LosAngeles_Small,train,IPPO,3600,6,94,34,0.3617,1.0000,0.0000,981.1765,981.1765,0.2118,4.6629,296.8214,744.7826,1014.5762,0.6836,23.9602,22.6638,786.4711,236.9496,660.4149,110069.1484,0,0,-0.0000,1.6204,0.6918,2.1310,267,0.3617,0.6383,4.7766,944.3675,wave,0.2857,0.5487,1.6897,0.0000,1.0000,0.0000,93.9062,28,785.7325,0.3576,0.7767,11,3,34495.5898,2.8404,0.0000,2.8404,0.4536,1.1241,0.0000,4.8620,19121.6348,26,5.0264,643885.5625,8.5957,62079
43,484,LosAngeles_Small,train,FaithfulMAPPER,3600,6,103,37,0.3592,1.0000,0.0000,1425.0000,1425.0000,0.2118,4.6572,388.6364,1109.0000,1174.1355,0.6042,23.0047,21.5347,927.5605,223.1977,721.5922,120265.3750,0,0,-0.0002,2.2204,0.6896,0.9267,324,0.3592,0.6408,4.7081,944.3675,wave,0.1538,0.2826,1.7485,0.0000,1.0000,0.0000,153.8092,28,786.4456,0.3619,0.8751,7,3,43443.0117,3.1456,0.0000,3.1456,0.3583,1.0702,0.0000,6.6250,51331.4648,27,1.9745,707172.2500,9.8058,74324
43,485,LosAngeles_Small,train,MAPPO,3600,6,101,53,0.5248,1.0000,0.0000,774.5849,774.5849,0.2118,4.6572,254.2727,688.5143,1062.5054,0.8357,21.2078,18.1101,821.5393,202.6416,491.9505,81991.7500,0,0,-0.0000,0.6123,0.6922,1.2809,315,0.5248,0.4752,4.6534,944.3675,wave,0.0488,0.0913,1.5792,0.0000,1.0000,0.0000,41.7717,28,786.4817,0.3651,0.9868,9,7,56312.7852,3.1188,0.0000,3.1188,0.6429,0.8949,0.0000,4.9842,28672.8945,30,1.8939,476821.7812,10.3267,49687
43,486,Tokyo_Small,train,IPPO,3600,6,79,32,0.4051,1.0000,0.0000,962.1562,962.1562,0.2078,4.3443,280.1071,726.4516,1358.9901,0.9703,28.1256,25.0794,921.4301,281.3714,431.0760,71845.9922,0,0,-0.0000,1.6606,0.6919,2.1768,226,0.4051,0.5949,4.3103,618.6302,ramp_up_down,0.2949,0.5512,1.8386,0.0000,1.0000,0.0000,8.3091,24,546.8422,0.3028,0.7240,9,2,43487.6836,2.8608,0.0000,2.8608,0.5017,1.3913,0.0000,2.1849,11041.7070,11,2.5351,413430.0312,8.7215,34055
43,487,Tokyo_Small,train,FaithfulMAPPER,3600,6,94,40,0.4255,1.0000,0.0000,1050.6500,0.0000,0.1058,4.3448,287.7647,693.2069,1174.2719,0.8161,29.0494,26.3350,906.6593,223.6884,400.8404,66806.7344,0,0,-0.0001,1.5262,0.6898,1.0310,284,0.4255,0.5745,4.3944,618.6302,ramp_up_down,0.2251,0.4043,1.7209,0.0000,1.0000,0.0000,52.9103,24,547.5875,0.2973,0.8920,8,2,46970.8750,3.0213,0.0000,3.0213,0.3467,0.7913,0.0000,2.8542,19134.5312,15,1.5186,386621.3750,7.5319,37679
43,488,Tokyo_Small,train,MAPPO,3600,6,92,39,0.4239,1.0000,0.0000,917.0513,0.0000,0.0683,4.3469,223.5862,870.6429,1179.5129,1.0000,28.6424,25.8063,870.5595,257.3785,431.8369,71972.8281,0,0,-0.0000,0.8705,0.6921,1.6185,300,0.4239,0.5761,4.3792,618.6302,ramp_up_down,0.1667,0.3037,1.5924,0.0000,1.0000,0.0000,0.0000,24,547.0294,0.2988,0.8284,9,4,46001.0039,3.2609,0.0000,3.2609,0.3726,0.7568,0.0000,2.9180,18490.2578,19,2.1031,418229.7500,10.1848,39729
43,489,Kyoto_Small,train,IPPO,3600,6,106,58,0.5472,1.0000,0.0000,1056.3103,528.1552,0.4584,4.3144,319.9348,811.9730,1043.2773,0.6522,19.7839,17.7904,826.4164,189.2744,674.0849,112347.4844,0,0,-0.0000,1.4023,0.6919,2.0439,277,0.5472,0.4528,4.3479,347.1364,ramp_up_down,0.1159,0.2085,1.6366,0.0000,1.0000,0.0000,111.2793,24,309.6056,0.3186,0.9929,10,5,60510.0859,2.6132,0.0000,2.6132,0.4344,0.6664,0.0000,3.0554,15587.3340,21,2.3012,665392.3750,8.6038,71453
43,490,Kyoto_Small,train,FaithfulMAPPER,3600,6,112,43,0.3839,1.0000,0.0000,1044.2791,522.1395,0.4496,4.3261,291.7895,747.6857,1109.3574,0.7604,19.6798,18.1493,846.7138,202.2046,781.4018,130233.6328,0,0,-0.0001,1.3774,0.6899,0.8041,314,0.3839,0.6161,4.3520,347.1364,ramp_up_down,0.1491,0.2834,1.5644,0.0000,1.0000,0.0000,69.9180,28,309.1078,0.3055,0.9074,9,3,47702.3672,2.8036,0.0000,2.8036,0.3406,0.7293,0.0000,3.3563,17638.9316,25,3.5872,772962.3750,8.8929,87517
43,491,Kyoto_Small,train,MAPPO,3600,6,108,41,0.3796,1.0000,0.0000,887.9025,443.9512,0.4507,4.3149,303.6857,601.2059,1118.5144,0.7366,19.2693,17.4889,824.5703,169.3161,632.7222,105453.7031,0,0,-0.0000,0.8022,0.6921,1.4285,335,0.3796,0.6204,4.3241,347.1364,ramp_up_down,0.1306,0.2873,1.5648,0.0000,1.0000,0.0000,79.9828,24,309.4883,0.3184,0.8211,10,5,45859.0938,3.1019,0.0000,3.1019,0.3455,0.7471,0.0000,2.6140,12470.0381,14,331585.2812,622701.0625,7.4722,68334
43,492,LosAngeles_Small,train,IPPO,3600,6,79,40,0.5063,1.0000,0.0000,766.2750,766.2750,0.3046,4.0562,231.0588,593.1724,914.0071,0.7911,23.4303,20.7983,801.7255,256.8920,512.5316,85421.9375,0,0,-0.0000,0.9584,0.6919,1.6980,210,0.5063,0.4937,4.0576,149.0000,flat,0.2235,0.4097,1.5166,0.0000,1.0000,0.0000,48.2574,12,148.6247,0.0579,1.0207,11,4,36560.2852,2.6582,0.0000,2.6582,0.4740,0.6755,0.0000,1.8954,5712.7524,1,2.5101,502002.9375,9.2658,40490
43,493,LosAngeles_Small,train,FaithfulMAPPER,3600,6,117,48,0.4103,1.0000,0.0000,948.7917,474.3958,0.3333,4.0450,255.2927,665.3714,1041.6572,0.8160,22.6687,20.7064,869.2894,200.9558,1028.6154,171435.8906,0,0,-0.0000,1.1561,0.6897,0.8330,389,0.4103,0.5897,4.0392,149.0000,flat,0.1600,0.2850,1.7206,0.0000,1.0000,0.0000,46.9612,12,149.3864,0.0566,0.9235,11,5,49999.5469,3.3248,0.0000,3.3248,0.4414,0.9869,0.0000,1.9341,6763.2681,4,2.2269,1020643.8125,8.8889,120348
43,494,LosAngeles_Small,train,MAPPO,3600,6,93,45,0.4839,1.0000,0.0000,1060.3112,1060.3112,0.3256,4.0582,355.4412,742.7037,1208.0837,0.6798,23.5110,21.6592,956.2315,214.1723,787.6129,131268.8125,0,0,-0.0001,2.1653,0.6921,2.4513,296,0.4839,0.5161,4.0434,149.0000,flat,0.1778,0.3333,1.8736,0.0000,1.0000,0.0000,113.8244,16,148.5753,0.0541,0.7801,11,5,54363.7695,3.1828,0.0000,3.1828,0.4547,1.1643,0.0000,1.7837,4698.9600,2,2.9055,777523.2500,8.1828,73248
43,495,Tokyo_Small,train,IPPO,3600,6,114,61,0.5351,1.0000,0.0000,870.0820,870.0820,0.2315,4.3311,255.0385,619.0227,1050.1453,0.8235,29.4862,27.0916,863.2705,180.0137,601.1842,100197.3672,0,0,-0.0000,1.8221,0.6918,2.3471,346,0.5351,0.4649,4.2998,618.6302,ramp_up_down,0.2057,0.3699,1.6612,0.0000,1.0000,0.0000,45.0094,28,548.6047,0.3109,0.8958,12,4,64058.8633,3.0351,0.0000,3.0351,0.4475,0.7893,0.0000,2.5327,16614.6777,16,2.1437,587743.0000,10.1228,68535
43,496,Tokyo_Small,train,FaithfulMAPPER,3600,6,92,41,0.4457,1.0000,0.0000,974.7561,0.0000,0.1019,4.3417,287.3529,686.9355,1207.2664,0.8403,28.3318,26.9748,888.4170,250.6147,508.4456,84740.9453,0,0,-0.0001,1.2670,0.6900,0.9950,279,0.4457,0.5543,4.3465,618.6302,ramp_up_down,0.3918,0.6928,1.6498,0.0000,1.0000,0.0000,45.8997,24,547.0939,0.3059,0.9057,10,0,49497.9219,3.0326,0.0000,3.0326,0.4828,1.0298,0.0000,2.5537,14108.7920,10,2.3670,492094.8125,7.7065,46777
43,497,Tokyo_Small,train,MAPPO,3600,6,111,37,0.3333,1.0000,0.0000,699.7568,0.0000,0.1635,4.3433,214.3333,631.3549,975.0936,0.9099,29.4172,27.6519,799.0315,232.4605,967.1171,161186.1875,0,0,-0.0001,0.9403,0.6921,1.5680,308,0.3333,0.6667,4.3813,618.6302,ramp_up_down,0.2120,0.3789,1.6282,0.0000,1.0000,0.0000,19.3146,24,546.9459,0.3038,0.8138,7,2,36078.4648,2.7748,0.0000,2.7748,0.3075,0.6888,0.0000,2.1371,9716.9541,11,2.3186,955492.8125,8.9550,107350
43,498,Kyoto_Small,train,IPPO,3600,6,101,47,0.4653,1.0000,0.0000,1118.9362,372.9787,0.5381,4.0101,201.6190,837.9500,967.7455,0.9600,19.5527,17.0560,753.4288,166.6632,676.2277,112704.6172,0,0,-0.0000,1.0139,0.6918,1.7456,295,0.4653,0.5347,4.0079,99.0000,flat,0.1905,0.3401,1.6614,0.0000,1.0000,0.0000,8.0699,12,100.9514,0.0739,0.8960,11,4,45484.0430,2.9208,0.0000,2.9208,0.4245,0.6470,0.0000,2.3095,12866.3408,8,3.3413,669126.6250,8.6832,68299
43,499,Kyoto_Small,train,FaithfulMAPPER,3600,6,110,34,0.3091,1.0000,0.0000,1161.6471,387.2157,0.5355,4.0176,383.5555,869.5555,1169.4193,0.6098,19.6877,17.5851,926.0805,184.0273,814.2727,135712.1250,0,0,-0.0001,2.0229,0.6899,0.9249,329,0.3091,0.6909,4.0122,99.0000,flat,0.0556,0.1155,1.6446,0.0000,1.0000,0.0000,149.6717,12,100.4664,0.0685,0.7351,6,4,39760.2578,2.9909,0.0000,2.9909,0.3035,0.8769,0.0000,1.7928,5346.9795,3,4.2868,807180.5000,7.5273,89570
43,500,Kyoto_Small,train,MAPPO,3600,6,96,50,0.5208,1.0000,0.0000,1017.0200,339.0067,0.5246,4.0131,315.9762,688.6562,1051.8192,0.6658,19.5081,17.2264,769.9980,200.2010,674.3958,112399.3047,0,0,-0.0000,0.6132,0.6921,1.3605,306,0.5208,0.4792,4.0087,99.0000,flat,0.2083,0.4031,1.7529,0.0000,1.0000,0.0000,105.6124,12,100.7358,0.0729,0.7892,10,3,52590.9609,3.1875,0.0000,3.1875,0.5157,0.7772,0.0000,2.0054,9986.6006,7,39.4938,665930.5625,7.3750,64742
43,501,LosAngeles_Small,train,IPPO,3600,6,100,37,0.3700,1.0000,0.0000,1169.8649,0.0000,0.1030,4.5162,303.0000,718.1200,1357.1532,0.8958,23.5865,22.4843,819.6059,222.2543,663.7300,110621.6641,0,0,-0.0000,1.1435,0.6918,1.8089,294,0.3700,0.6300,4.5273,741.5442,building_up,0.1250,0.2339,1.6688,0.0000,1.0000,0.0000,31.5694,28,634.7017,0.3298,0.8594,8,4,50214.6680,2.9400,0.0000,2.9400,0.4109,0.8871,0.0000,3.9690,24351.0039,27,1.1889,649679.8750,10.4900,66373
43,502,LosAngeles_Small,train,FaithfulMAPPER,3600,6,88,38,0.4318,1.0000,0.0000,742.6316,0.0000,0.0536,4.5081,214.3428,547.8000,851.7266,0.7947,24.0404,22.1680,791.7119,231.8539,308.5114,51418.5625,0,0,-0.0001,0.7754,0.6901,0.6345,217,0.4318,0.5682,4.5595,741.5442,building_up,0.1875,0.3508,1.5859,0.0000,1.0000,0.0000,43.9975,28,635.0861,0.3376,0.7995,10,3,32365.6094,2.4659,0.0000,2.4659,0.3082,0.5106,0.0000,4.6646,16801.4238,15,2.1777,292067.3750,10.8977,27149
43,503,LosAngeles_Small,train,MAPPO,3600,6,96,36,0.3750,1.0000,0.0000,935.5833,0.0000,0.1030,4.5042,224.9091,877.5938,1039.9180,0.9247,23.3671,21.3303,853.4119,227.0202,539.6562,89942.7109,0,0,-0.0000,0.7625,0.6920,1.4263,280,0.3750,0.6250,4.4926,741.5442,building_up,0.0970,0.1818,1.5361,0.0000,1.0000,0.0000,16.9255,28,636.0689,0.3362,0.8404,8,5,37437.0469,2.9167,0.0000,2.9167,0.3361,0.7766,0.0000,3.8059,17930.1855,17,1.0822,524631.9375,8.6771,51807
43,504,Tokyo_Small,train,IPPO,3600,6,104,41,0.3942,1.0000,0.0000,1079.2927,1079.2927,0.2889,4.2554,238.1316,803.0000,1049.5825,0.8815,29.3151,27.8315,788.8531,241.6962,752.8269,125471.1562,0,0,-0.0000,0.9159,0.6918,1.6524,317,0.3942,0.6058,4.4174,513.2000,shock_burst,0.1544,0.2809,1.6028,0.0000,1.0000,0.0000,28.2151,28,433.4550,0.4322,0.7225,8,3,43032.8828,3.0481,0.0000,3.0481,0.4450,0.9556,0.0000,3.1991,14271.0098,12,4.8631,738758.5625,7.7692,78294
43,505,Tokyo_Small,train,FaithfulMAPPER,3600,6,115,50,0.4348,1.0000,0.0000,1050.8199,1050.8199,0.2349,4.2489,259.7675,813.2703,944.7810,0.7274,28.5864,27.0192,854.2360,202.9926,645.0696,107511.5938,0,0,-0.0001,1.2987,0.6900,0.9243,335,0.4348,0.5652,4.3606,513.2000,shock_burst,0.1565,0.3086,1.5227,0.0000,1.0000,0.0000,70.8112,28,434.2006,0.4330,0.8287,8,2,47239.0508,2.9130,0.0000,2.9130,0.2979,0.5349,0.0000,3.4332,17130.2773,10,2.0566,632449.9375,7.2174,74183
43,506,Tokyo_Small,train,MAPPO,3600,6,94,45,0.4787,1.0000,0.0000,655.6667,655.6667,0.2725,4.2617,231.5897,407.5882,902.6332,0.7795,29.1007,26.3183,765.2402,241.7710,454.5957,75765.9609,0,0,-0.0000,1.0882,0.6921,1.8056,271,0.4787,0.5213,4.3784,513.2000,shock_burst,0.2256,0.4043,1.7207,0.0000,1.0000,0.0000,51.0631,28,433.4075,0.4255,0.8677,9,3,40618.4961,2.8830,0.0000,2.8830,0.5070,0.9761,0.0000,3.1160,19245.3301,13,3.2111,441313.0625,9.8723,42732
43,507,Kyoto_Small,train,IPPO,3600,6,127,50,0.3937,1.0000,0.0000,962.3800,320.7933,0.5725,4.6414,243.9091,670.7568,973.2194,0.7980,19.8708,18.3338,808.4728,173.0160,1102.9291,183821.5156,0,0,-0.0000,1.2082,0.6918,1.7362,410,0.3937,0.6063,4.6884,631.4694,wave,0.1589,0.3264,1.6417,0.0000,1.0000,1.0000,49.2652,24,528.0369,0.3700,1.0043,12,5,48660.9727,3.2283,0.0000,3.2283,0.2932,0.6005,0.0000,4.6587,30631.3105,30,11.6486,1092561.8750,8.6142,140072
43,508,Kyoto_Small,train,FaithfulMAPPER,3600,6,96,40,0.4167,1.0000,0.0000,1077.4750,359.1583,0.5838,4.6462,341.8485,756.9286,1145.8615,0.6704,19.5068,18.0822,880.9196,216.6743,1062.4791,177079.8594,0,0,-0.0000,1.3315,0.6900,0.9142,303,0.4167,0.5833,4.6902,631.4694,wave,0.1569,0.2821,1.5808,0.0000,1.0000,0.0000,112.6762,24,527.5825,0.3703,0.8082,8,3,45834.4609,3.1562,0.0000,3.1562,0.4004,0.9129,0.0000,4.9603,28416.8906,28,12.1792,1048006.0625,9.2917,101998
43,509,Kyoto_Small,train,MAPPO,3600,6,88,51,0.5795,1.0000,0.0000,928.8823,309.6274,0.5137,4.6463,304.9268,721.3235,1024.6737,0.6721,19.7470,16.7983,776.9293,199.2796,566.0227,94337.1250,0,0,-0.0000,0.8399,0.6921,1.5198,259,0.5795,0.4205,4.6384,631.4694,wave,0.2381,0.4442,1.6047,0.0000,1.0000,0.0000,99.9921,32,527.4078,0.3756,0.9633,11,1,52258.3555,2.9432,0.0000,2.9432,0.5567,0.8055,0.0000,3.6083,19592.4043,25,3.3582,551270.0625,8.6364,49810
43,510,LosAngeles_Small,train,IPPO,3600,6,117,42,0.3590,1.0000,0.0000,1031.3810,0.0000,0.1030,4.5077,303.7297,690.0000,937.2185,0.6171,23.7317,21.2991,758.5505,236.9398,575.6496,95941.5938,0,0,-0.0000,1.0402,0.6917,1.4924,381,0.3590,0.6410,4.5355,741.5442,building_up,0.2065,0.3734,1.6729,0.0000,1.0000,0.0000,116.2860,24,636.0392,0.3301,1.0723,10,3,39363.1758,3.2564,0.0000,3.2564,0.2789,0.5943,0.0000,3.5163,18055.0996,17,1.8109,562714.8125,10.1111,67351
43,511,LosAngeles_Small,train,FaithfulMAPPER,3600,6,106,42,0.3962,1.0000,0.0000,749.1190,0.0000,0.1030,4.5043,290.3421,545.1667,1068.9366,0.7363,22.8455,19.0795,906.3812,215.0939,582.6321,97105.3438,0,0,-0.0000,1.3012,0.6899,0.7100,327,0.3962,0.6038,4.5187,741.5442,building_up,0.2125,0.4485,1.5834,0.0000,1.0000,0.0000,76.5548,24,635.6358,0.3413,0.8959,12,4,44895.3398,3.0849,0.0000,3.0849,0.3289,0.7394,0.0000,5.9708,37139.7773,24,2.3704,567829.5625,8.2736,61759
43,512,LosAngeles_Small,train,MAPPO,3600,6,89,44,0.4944,1.0000,0.0000,996.0000,0.0000,0.0960,4.5020,244.7838,767.9677,919.0191,0.7509,23.7836,21.3594,738.8155,261.3723,419.2472,69874.5312,0,0,-0.0000,1.2297,0.6920,1.9117,255,0.4944,0.5056,4.5346,741.5442,building_up,0.2000,0.3589,1.6037,0.0000,1.0000,0.0000,60.9800,24,635.3820,0.3503,1.0161,11,4,40436.8398,2.8652,0.0000,2.8652,0.4417,0.7033,0.0000,4.0837,24420.5098,31,2.0918,403517.2188,10.9213,37313
43,513,Tokyo_Small,train,IPPO,3600,6,138,54,0.3913,1.0000,0.0000,908.7778,302.9259,0.6107,4.6553,226.9130,700.5122,1021.4489,0.9003,29.5015,26.6653,811.1501,192.7888,1570.1377,261689.6250,0,0,-0.0000,1.9556,0.6918,2.3160,415,0.3913,0.6087,4.6626,1125.4863,wave,0.2143,0.4082,1.6928,0.0000,1.0000,0.0000,22.6233,28,937.4225,0.3685,0.8055,10,1,55158.2383,3.0072,0.0000,3.0072,0.3354,0.7609,0.0000,5.0651,45236.4922,53,3.0298,1554728.7500,9.6087,216679
43,514,Tokyo_Small,train,FaithfulMAPPER,3600,6,109,43,0.3945,1.0000,0.0000,964.9767,321.6589,0.5871,4.6603,246.7714,716.3226,970.0737,0.7862,29.4498,26.7559,836.3369,246.2367,1489.4496,248241.5938,0,0,-0.0001,1.0421,0.6899,0.9468,336,0.3945,0.6055,4.7364,1125.4863,wave,0.1905,0.3514,1.6663,0.0000,1.0000,0.0000,52.7567,24,936.4744,0.3646,0.8983,7,2,41713.1719,3.0826,0.0000,3.0826,0.3644,0.8664,0.0000,5.0142,49852.2461,31,2.4384,1471072.0000,8.3211,162350
43,515,Tokyo_Small,train,MAPPO,3600,6,122,53,0.4344,1.0000,0.0000,909.4528,303.1509,0.5512,4.6565,202.2143,731.8333,972.4098,0.9618,29.0133,26.9831,806.8152,229.9726,1244.4098,207401.6406,0,0,-0.0000,1.2612,0.6920,1.9486,365,0.4344,0.5656,4.6527,1125.4863,wave,0.2222,0.3975,1.5240,0.0000,1.0000,0.0000,7.7323,28,937.1725,0.3664,0.8487,10,2,51537.7188,2.9918,0.0000,2.9918,0.4545,0.8471,0.0000,4.9125,33234.8242,38,3.5687,1226328.2500,9.8607,151818
43,516,Kyoto_Small,train,IPPO,3600,6,110,44,0.4000,1.0000,0.0000,944.1136,314.7046,0.5195,4.4945,207.7105,772.7500,1001.2839,0.9641,19.9777,18.2840,812.0961,166.1254,934.3909,155731.8125,0,0,-0.0000,0.9659,0.6918,1.7016,328,0.4000,0.6000,4.5321,495.8625,building_up,0.1036,0.1968,1.4550,0.0000,1.0000,0.0000,7.4538,32,426.4903,0.3459,0.8547,8,4,44056.4922,2.9818,0.0000,2.9818,0.3698,0.7408,0.0000,4.1073,23938.2656,29,4.7910,924219.6875,8.1000,102783
43,517,Kyoto_Small,train,FaithfulMAPPER,3600,6,108,40,0.3704,1.0000,0.0000,910.7750,303.5917,0.5380,4.4929,300.6176,650.8125,1417.8073,0.9433,19.9639,17.8263,870.2515,198.5689,749.0093,124834.8750,0,0,-0.0000,0.6965,0.6900,0.6762,314,0.3704,0.6296,4.5402,495.8625,building_up,0.2048,0.3625,1.6239,0.0000,1.0000,0.0000,17.0562,28,426.7811,0.3438,0.7488,9,3,56712.2891,2.9074,0.0000,2.9074,0.4977,1.0912,0.0000,4.1154,31091.2441,20,3.9055,738489.5000,8.0556,80893
43,518,Kyoto_Small,train,MAPPO,3600,6,110,51,0.4636,1.0000,0.0000,766.3922,383.1961,0.4656,4.4947,276.6190,437.2973,1049.7169,0.7590,19.8151,17.5318,807.0684,172.0995,815.8364,135972.7344,0,0,-0.0000,0.9044,0.6920,1.6535,321,0.4636,0.5364,4.5536,495.8625,building_up,0.2829,0.5122,1.6961,0.0000,1.0000,0.0000,66.6757,32,426.8575,0.3394,0.9512,12,3,53535.5664,2.9182,0.0000,2.9182,0.4491,0.7959,0.0000,3.8802,19652.7422,23,5.5225,806971.0625,10.0182,89742
43,519,LosAngeles_Small,train,IPPO,3600,6,110,34,0.3091,1.0000,0.0000,815.0000,407.5000,0.4043,4.6589,253.4333,514.0357,1311.5706,1.0000,23.0708,20.9063,995.2667,208.0627,1758.9000,293150.0000,0,0,-0.0000,1.2944,0.6917,1.8208,359,0.3091,0.6909,4.7108,944.3675,wave,0.1067,0.2108,1.7155,0.0000,1.0000,0.0000,0.0000,28,786.2047,0.3648,0.8329,8,5,44593.3984,3.2636,0.0000,3.2636,0.3013,0.9836,0.0000,4.0426,19055.4980,23,3.3192,1744512.8750,7.8636,193479
43,520,LosAngeles_Small,train,FaithfulMAPPER,3600,6,107,27,0.2523,1.0000,0.0000,792.1852,792.1852,0.3323,4.6616,329.1154,454.7273,1093.8774,0.6647,23.2587,20.4263,805.5267,190.2014,1408.5795,234763.2344,0,0,-0.0001,2.0429,0.6901,0.7026,262,0.2523,0.7477,4.6808,944.3675,wave,0.2609,0.4683,1.7822,0.0000,1.0000,0.0000,110.3399,28,785.1083,0.3687,0.7902,8,2,29534.6914,2.4486,0.0000,2.4486,0.3409,1.1585,0.0000,9.8646,27946.8691,25,2.6885,1391888.7500,11.1121,150718
43,521,LosAngeles_Small,train,MAPPO,3600,6,120,40,0.3333,1.0000,0.0000,1172.3250,586.1625,0.4031,4.6588,234.5588,977.2500,1191.1173,1.0000,23.6852,21.2550,881.3222,198.4173,1366.7250,227787.5156,0,0,-0.0000,1.5230,0.6920,2.0260,379,0.3333,0.6667,4.6787,944.3675,wave,0.2105,0.4043,1.7314,0.0000,1.0000,0.0000,0.0000,28,786.1334,0.3659,1.0098,13,5,47644.6953,3.1583,0.0000,3.1583,0.3619,1.0251,0.0000,4.6727,34245.2344,35,25.9999,1351727.6250,10.6750,164007
43,522,Tokyo_Small,train,IPPO,3600,6,109,43,0.3945,1.0000,0.0000,845.0698,422.5349,0.3868,4.6627,301.8286,593.7879,1341.4636,0.8889,29.9307,27.7473,1090.9524,237.3571,1331.3395,221889.9062,0,0,-0.0000,1.3120,0.6917,2.0093,325,0.3945,0.6055,4.7322,1125.4863,wave,0.2491,0.4485,1.6815,0.0000,1.0000,0.0000,33.5359,28,936.8177,0.3538,0.7821,10,2,57682.9336,2.9817,0.0000,2.9817,0.4017,1.1348,0.0000,4.4188,28232.4902,32,1.9206,1311877.3750,7.1193,145116
43,523,Tokyo_Small,train,FaithfulMAPPER,3600,6,105,50,0.4762,1.0000,0.0000,961.6600,480.8300,0.3954,4.6620,279.5000,669.7742,1030.1826,0.7372,29.4555,27.1096,832.3550,222.4566,1035.5143,172585.7188,0,0,-0.0001,1.1385,0.6901,1.0023,327,0.4762,0.5238,4.7472,1125.4863,wave,0.0952,0.1782,1.6825,0.0000,1.0000,0.0000,73.4635,28,936.0997,0.3657,0.8923,8,5,51509.1328,3.1143,0.0000,3.1143,0.4601,0.8603,0.0000,7.0191,63953.7227,28,2.4869,1016430.5625,7.7048,108729
43,524,Tokyo_Small,train,MAPPO,3600,6,92,40,0.4348,1.0000,0.0000,837.7750,418.8875,0.3712,4.6637,242.0571,654.0938,1254.7498,1.0000,29.4981,25.4077,881.0273,227.5294,806.7283,134454.7031,0,0,-0.0000,0.9145,0.6920,1.6648,297,0.4348,0.5652,4.7490,1125.4863,wave,0.2857,0.5127,1.7091,0.0000,1.0000,0.0000,0.0000,28,935.9355,0.3603,0.8183,9,1,50189.9922,3.2283,0.0000,3.2283,0.4145,0.8832,0.0000,4.3144,26809.2793,25,2.8828,784833.5625,8.8370,74219
43,525,Kyoto_Small,train,IPPO,3600,6,112,47,0.4196,1.0000,0.0000,804.8936,804.8936,0.2055,4.3179,221.1429,650.5789,991.9133,0.8971,20.0319,18.3409,821.7718,182.3366,451.3393,75223.2109,0,0,-0.0000,1.2028,0.6917,1.8973,374,0.4196,0.5804,4.3154,347.1364,ramp_up_down,0.1239,0.2308,1.6512,0.0000,1.0000,0.0000,22.7602,28,309.5128,0.3151,0.9645,8,4,46619.9258,3.3393,0.0000,3.3393,0.4238,0.8382,0.0000,2.2616,10581.7119,12,4.7156,441148.4375,7.4732,50550
43,526,Kyoto_Small,train,FaithfulMAPPER,3600,6,101,43,0.4257,1.0000,0.0000,997.7907,0.0000,0.1126,4.3181,278.7647,682.9259,1138.0282,0.8165,19.6605,18.2225,851.0969,200.7356,382.4653,63744.2227,0,0,-0.0000,1.1872,0.6901,0.8938,304,0.4257,0.5743,4.3496,347.1364,ramp_up_down,0.2059,0.3767,1.6013,0.0000,1.0000,0.0000,51.1591,28,309.1872,0.3146,0.9505,8,2,48935.2109,3.0099,0.0000,3.0099,0.4148,0.8508,0.0000,5.2724,34508.4258,15,1.3832,373147.4062,7.1683,38629
43,527,Kyoto_Small,train,MAPPO,3600,6,112,44,0.3929,1.0000,0.0000,895.9318,895.9318,0.1991,4.3158,251.5128,677.0883,1137.5564,0.9046,19.8893,18.7973,917.7549,192.1815,359.9286,59988.0938,0,0,-0.0000,1.0142,0.6919,1.6872,372,0.3929,0.6071,4.3353,347.1364,ramp_up_down,0.0676,0.1455,1.5617,0.0000,1.0000,0.0000,24.0015,24,309.3353,0.3201,0.9314,8,5,50052.4805,3.3214,0.0000,3.3214,0.4222,0.9159,0.0000,2.7947,14639.1934,22,1.7124,351825.8438,7.7321,40312
43,528,LosAngeles_Small,train,IPPO,3600,6,114,41,0.3596,1.0000,0.0000,909.0000,0.0000,0.1030,4.3358,255.7500,750.1724,1053.6130,0.8239,23.6835,22.0044,818.0315,214.7641,762.1930,127032.1641,0,0,-0.0000,1.0100,0.6917,1.6695,337,0.3596,0.6404,4.3884,519.0942,ramp_up_down,0.0848,0.1545,1.6925,0.0000,1.0000,0.0000,45.0274,24,460.0364,0.3055,0.9012,8,5,43198.1367,2.9561,0.0000,2.9561,0.3676,0.8251,0.0000,4.0633,18855.5820,18,1.2385,749881.1250,9.8070,86890
43,529,LosAngeles_Small,train,FaithfulMAPPER,3600,6,117,49,0.4188,1.0000,0.0000,802.6122,0.0000,0.1030,4.3340,250.8462,607.1667,968.4285,0.7721,23.4941,22.4508,809.1924,199.6915,568.9573,94826.2109,0,0,-0.0000,1.8450,0.6901,0.8680,342,0.4188,0.5812,4.3465,519.0942,ramp_up_down,0.1579,0.2954,1.7079,0.0000,1.0000,0.0000,57.1605,24,459.7283,0.3138,0.9312,11,4,47452.9961,2.9231,0.0000,2.9231,0.3986,0.8387,0.0000,3.0722,13153.4297,18,1.3494,558367.4375,8.7607,66568
43,530,LosAngeles_Small,train,MAPPO,3600,6,105,35,0.3333,1.0000,0.0000,1077.1143,0.0000,0.1030,4.3447,201.2069,853.2000,1117.5194,1.0000,22.0887,19.7504,912.1108,207.4510,602.4191,100403.1719,0,0,-0.0000,1.5692,0.6920,1.9304,310,0.3333,0.6667,4.3870,519.0942,ramp_up_down,0.2207,0.3992,1.6758,0.0000,1.0000,0.0000,0.0000,28,459.2022,0.3017,0.9195,9,2,39113.1797,2.9524,0.0000,2.9524,0.3205,0.9207,0.0000,3.1108,10741.9082,11,1.9673,591394.9375,10.0000,63254
43,531,Tokyo_Small,train,IPPO,3600,6,98,47,0.4796,1.0000,0.0000,943.0851,943.0851,0.3175,4.0537,294.1842,709.7742,1203.9902,0.8185,28.7384,26.9955,903.7479,204.4597,519.5102,86585.0312,0,0,-0.0000,1.1444,0.6918,1.8810,308,0.4796,0.5204,4.0469,177.0000,flat,0.2782,0.5007,1.7231,0.0000,1.0000,0.0000,53.3862,16,176.7711,0.0545,0.7730,10,1,56587.5391,3.1429,0.0000,3.1429,0.4425,0.8240,0.0000,1.7647,7760.9565,1,3.5415,508881.6875,6.4082,50912
43,532,Tokyo_Small,train,FaithfulMAPPER,3600,6,112,45,0.4018,1.0000,0.0000,950.1778,475.0889,0.3344,4.0493,248.2500,739.8108,993.8854,0.8007,28.2079,26.4267,761.2036,233.2251,888.3839,148063.9844,0,0,-0.0001,0.7098,0.6902,0.8310,331,0.4018,0.5982,4.0525,177.0000,flat,0.2051,0.3698,1.5255,0.0000,1.0000,0.0000,49.4729,12,177.0739,0.0500,0.7886,8,2,44724.8398,2.9554,0.0000,2.9554,0.4023,0.7138,0.0000,1.9157,8499.9551,7,4.0447,880273.3750,7.7500,99499
43,533,Tokyo_Small,train,MAPPO,3600,6,85,43,0.5059,1.0000,0.0000,779.2791,779.2791,0.2733,4.0550,262.6389,532.9688,1102.4065,0.8395,28.3403,26.2747,851.8031,293.0763,340.6823,56780.3906,0,0,-0.0000,0.9934,0.6921,1.7346,232,0.5059,0.4941,4.0620,177.0000,flat,0.3012,0.5324,1.6325,0.0000,1.0000,0.0000,42.1576,16,176.5817,0.0507,0.7956,10,1,47403.4766,2.7294,0.0000,2.7294,0.4411,0.7608,0.0000,2.0779,9742.9688,7,2.9666,329317.3125,8.6588,28958
43,534,Kyoto_Small,train,IPPO,3600,6,100,55,0.5500,1.0000,0.0000,835.3818,278.4606,0.5470,4.6398,305.5869,565.5405,1052.6499,0.6889,19.9500,18.1166,851.6829,192.9938,669.4100,111568.3359,0,0,-0.0000,0.9469,0.6918,1.7079,293,0.5500,0.4500,4.7496,631.4694,wave,0.1212,0.2180,1.6026,0.0000,1.0000,0.0000,95.0570,24,528.1431,0.3798,1.0093,10,5,57895.7461,2.9300,0.0000,2.9300,0.5071,0.7838,0.0000,5.6001,38512.2422,30,15.0138,659399.5000,8.0000,66941
43,535,Kyoto_Small,train,FaithfulMAPPER,3600,6,93,43,0.4624,1.0000,0.0000,983.1860,327.7287,0.5311,4.6531,280.8857,716.5806,1268.8741,0.9035,19.6612,18.9828,881.2656,201.7699,581.1613,96860.2188,0,0,-0.0000,1.1711,0.6901,0.9378,278,0.4624,0.5376,4.6989,631.4694,wave,0.0946,0.1731,1.7110,0.0000,1.0000,0.0000,27.1109,28,526.7361,0.3712,0.8110,8,5,54561.5859,2.9892,0.0000,2.9892,0.4847,1.0092,0.0000,3.9780,18760.9766,27,2.4604,568948.4375,7.8925,54048
43,536,Kyoto_Small,train,MAPPO,3600,6,97,48,0.4948,1.0000,0.0000,892.9375,297.6458,0.5170,4.6493,236.1219,636.5946,1139.4707,0.9652,19.7204,18.4834,838.5587,193.7458,839.9587,139993.1250,0,0,-0.0000,0.8996,0.6920,1.6311,279,0.4948,0.5052,4.6830,631.4694,wave,0.1349,0.2608,1.6011,0.0000,1.0000,0.0000,8.2278,28,527.0347,0.3786,0.9289,9,4,54694.5938,2.8763,0.0000,2.8763,0.4544,0.8048,0.0000,5.1302,28160.6816,35,4.0761,828568.6875,9.1031,81476
43,537,LosAngeles_Small,train,IPPO,3600,6,99,42,0.4242,1.0000,0.0000,978.9048,0.0000,0.1030,4.2575,241.1765,819.7857,954.1722,0.7913,22.7645,20.2092,817.3104,231.9806,554.7172,92452.8594,0,0,-0.0000,1.3483,0.6917,1.9643,308,0.4242,0.5758,4.3818,430.0000,shock_burst,0.1176,0.2353,1.7153,0.0000,1.0000,0.0000,50.3420,24,363.1533,0.4302,0.7728,8,4,40075.2344,3.1111,0.0000,3.1111,0.3976,0.8261,0.0000,2.8458,18018.5645,11,1.8378,543753.3125,9.1010,54917
43,538,LosAngeles_Small,train,FaithfulMAPPER,3600,6,94,34,0.3617,1.0000,0.0000,881.2647,0.0000,0.0961,4.2488,261.6786,799.6154,1030.0348,0.7873,23.3970,21.1221,823.2578,251.5101,391.5745,65262.4102,0,0,-0.0000,0.9745,0.6900,0.7109,312,0.3617,0.6383,4.3147,430.0000,shock_burst,0.0533,0.1054,1.7345,0.0000,1.0000,0.0000,55.6716,28,363.3430,0.4367,0.8912,7,5,35021.1836,3.3191,0.0000,3.3191,0.3484,0.8406,0.0000,2.9784,13367.5508,7,2.2447,380156.0938,7.0851,36808
43,539,LosAngeles_Small,train,MAPPO,3600,6,102,37,0.3627,1.0000,0.0000,1038.7028,0.0000,0.1030,4.2568,251.4194,760.5185,871.2221,0.6930,23.3508,20.1624,704.0247,201.8998,564.7843,94130.7188,0,0,-0.0000,1.5229,0.6920,1.9298,279,0.3627,0.6373,4.3604,430.0000,shock_burst,0.1500,0.2898,1.7271,0.0000,1.0000,0.0000,77.1749,24,363.0692,0.4307,0.8867,8,3,32235.2188,2.7353,0.0000,2.7353,0.3733,0.8057,0.0000,3.8121,13014.0352,16,1.5648,555082.7500,9.5882,57608
