seed,global_episode,city,phase,policy_mode,total_steps,n_agents_max,tasks_appeared,tasks_completed,throughput_rate,accept_rate,refuse_rate,latency_mean,latency_per_agent,agent_utilisation,mean_congestion,mean_trip_steps,mean_wait_steps,mean_road_pd_m,delivery_route_efficiency,bbox_area_km2,convex_hull_km2,mean_pd_hav_m,mean_nn_pickup_m,compute_time_per_task_ms,compute_time_per_decision_us,pairing_violations,capacity_violations,actor_loss,critic_loss,entropy,adv_std,n_experiences,completion_per_accepted,unfinished_accept_rate,mean_congestion_at_decision,n_ghost_active_mean,congestion_profile,agent_completed_gini,agent_completed_std,mean_imp_accepted,mean_imp_refused,accept_rate_high_cong,accept_rate_low_cong,mean_extra_steps_per_task,peak_congestion,mean_overlap_edges,congestion_variance,route_congestion_exposure,max_agent_completed,min_agent_completed,total_fleet_distance_m,mean_agents_offered_per_task,mean_recall_rounds_per_task,mean_candidates_scored_per_task,value_throughput_rate,mean_completion_value,value_loss_to_refusal,mean_bpr_along_route,time_lost_to_congestion_steps,n_traversals_in_jam,marginal_cost_ratio_vs_oracle,mean_allocation_time_us,mean_tam_dijkstra_steps,wallclock_ms
42,0,Tokyo_Small,eval_normal_wave,MAPPO,3600,6,115,59,0.5130,0.8261,0.1739,676.0339,225.3446,0.5675,4.6575,233.5098,447.6889,1127.6019,0.9658,28.4385,24.2132,882.6306,237.0872,270.3826,45063.7695,0,0,0.0000,0.0000,0.0000,0.0000,0,0.6211,0.3789,4.7216,1125.4863,wave,0.3039,0.5508,1.2258,1.2577,0.8261,0.0000,7.9894,28,937.5100,0.3600,0.9276,10,1,66528.5156,1.0348,0.5652,0.0000,0.5353,0.5014,4.4113,5.0858,42575.7617,40,1.3646,260528.5938,4.5652,31094
42,1,Tokyo_Small,eval_normal_wave,MAPPO,3600,6,109,69,0.6330,0.9541,0.0459,649.4637,324.7319,0.3800,4.6521,224.6000,435.6000,1037.2040,0.9236,29.5271,27.0010,867.8145,253.6333,304.8716,50811.9258,0,0,0.0000,0.0000,0.0000,0.0000,0,0.6635,0.3365,4.6550,1125.4863,wave,0.3308,0.5924,1.2565,0.9962,0.9541,0.0000,17.1592,28,937.8755,0.3716,0.9533,11,1,71567.0781,1.1468,0.1927,0.0000,0.6038,0.5167,0.5666,6.7251,52003.2188,57,3.0990,293252.8125,2.8349,33231
42,2,Tokyo_Small,eval_normal_wave,MAPPO,3600,6,115,61,0.5304,0.8783,0.1217,718.7213,239.5738,0.5720,4.6525,275.4310,431.6035,1230.9612,0.8938,27.7436,26.1468,911.8432,255.7246,213.0174,35502.8984,0,0,0.0000,0.0000,0.0000,0.0000,0,0.6040,0.3960,4.6956,1125.4863,wave,0.3602,0.6897,1.2862,1.3794,0.8783,0.0000,29.2388,28,938.2294,0.3703,0.7985,10,1,75088.6328,1.2348,0.3739,0.0000,0.6023,0.6040,2.8416,4.9424,47551.9453,48,111.1926,201371.2031,4.1565,24497
42,3,Tokyo_Small,eval_normal_ramp,MAPPO,3600,6,105,69,0.6571,0.9619,0.0381,738.4927,738.4927,0.2685,4.3345,288.0500,469.1961,1318.8911,0.9157,29.4667,27.2106,974.9412,230.7678,236.2952,39382.5391,0,0,0.0000,0.0000,0.0000,0.0000,0,0.6832,0.3168,4.3837,618.6302,ramp_up_down,0.4437,0.8006,1.2799,1.4116,0.9619,0.0000,24.2718,24,548.9817,0.3008,0.7081,10,0,91003.4922,1.2476,0.1238,0.0000,0.7459,0.6844,0.8463,3.1006,25702.6992,22,1.1377,226443.4688,2.9810,24811
42,4,Tokyo_Small,eval_normal_ramp,MAPPO,3600,6,106,63,0.5943,0.9528,0.0472,643.8571,643.8571,0.2982,4.3342,251.7091,385.2941,1049.0145,0.8335,28.6007,25.3107,791.6157,271.5292,178.4528,29742.1387,0,0,0.0000,0.0000,0.0000,0.0000,0,0.6238,0.3762,4.3713,618.6302,ramp_up_down,0.4307,0.7831,1.1983,1.0164,0.9528,0.0000,41.9062,24,548.7164,0.3063,0.8452,10,0,66087.9141,1.2642,0.2075,0.0000,0.6255,0.4817,0.8880,3.0610,28600.5957,27,1.0595,169743.3750,3.2830,18916
42,5,Tokyo_Small,eval_normal_ramp,MAPPO,3600,6,104,71,0.6827,0.9231,0.0769,650.1268,650.1268,0.2237,4.3337,254.6154,408.8727,1113.7606,0.8749,29.3286,27.4400,885.5757,244.5582,123.5577,20592.9492,0,0,0.0000,0.0000,0.0000,0.0000,0,0.7396,0.2604,4.3248,618.6302,ramp_up_down,0.3578,0.6678,1.2069,1.2911,0.9231,0.0000,31.8633,24,548.6775,0.3033,0.9162,10,1,79077.0000,1.2500,0.2404,0.0000,0.7222,0.5369,1.4775,4.3160,28376.7520,25,1.3258,114560.0469,3.5673,12850
42,6,Tokyo_Small,eval_stress_shock,MAPPO,3600,6,170,88,0.5176,0.8000,0.2000,714.8523,357.4261,0.4060,4.2022,271.2436,490.1169,1104.5076,0.8144,28.5064,25.3236,992.6233,91.0946,156.0765,26012.7441,2,0,0.0000,0.0000,0.0000,0.0000,0,0.6471,0.3529,4.1869,513.2000,shock_burst,0.4232,0.8286,1.2535,1.2399,0.8000,0.0000,50.3421,28,437.2414,0.4590,0.6872,8,0,97196.6641,1.1706,0.6471,0.0000,0.4651,0.4802,7.6505,3.0222,36864.7227,32,1.6784,150828.6406,4.1176,26533
42,7,Tokyo_Small,eval_stress_shock,MAPPO,3600,6,165,104,0.6303,0.8909,0.1091,692.9423,692.9423,0.2075,4.2045,280.3656,403.1932,1162.7886,0.8295,28.3004,24.4544,892.6036,79.5289,113.4485,18908.0801,0,0,0.0000,0.0000,0.0000,0.0000,0,0.7075,0.2925,4.1799,513.2000,shock_burst,0.4057,0.9283,1.2720,1.2330,0.8909,0.0000,47.8079,24,436.6270,0.4675,0.8531,16,0,120930.0156,1.3091,0.3636,0.0000,0.6675,0.5753,6.6091,4.5419,81192.5391,49,1.0244,107641.0391,4.0000,18719
42,8,Tokyo_Small,eval_stress_shock,MAPPO,3600,6,162,111,0.6852,0.8642,0.1358,672.0901,672.0901,0.2682,4.2011,237.4388,421.4773,1031.6973,0.8690,27.0967,24.9581,859.1532,74.7348,91.7963,15299.3828,1,0,0.0000,0.0000,0.0000,0.0000,0,0.7929,0.2071,4.1685,513.2000,shock_burst,0.4330,0.8771,1.2923,0.9773,0.8642,0.0000,31.0993,24,437.9964,0.4586,0.8479,10,0,114518.3984,1.3025,0.4136,0.0000,0.7221,0.5275,3.2986,3.9432,66473.8125,54,2.0138,85838.4766,3.3333,14871
42,9,Tokyo_Small,eval_stress_buildup,MAPPO,3600,6,168,101,0.6012,0.8095,0.1905,627.4653,627.4653,0.1872,4.4849,262.5807,421.9579,1097.8207,0.8362,29.0338,24.0455,926.4498,48.9009,58.8452,9807.5400,0,0,0.0000,0.0000,0.0000,0.0000,0,0.7426,0.2574,4.4523,883.7547,building_up,0.4185,0.8496,1.2961,1.1643,0.8095,0.0000,43.0165,32,761.6992,0.3506,0.7542,10,0,110879.8906,1.3512,0.6131,0.0000,0.6183,0.5352,4.8667,3.3488,67095.0547,61,1.0983,51043.2578,3.9762,9886
42,10,Tokyo_Small,eval_stress_buildup,MAPPO,3600,6,198,156,0.7879,0.8434,0.1566,519.9359,519.9359,0.2524,4.4649,203.6690,305.4420,946.4152,0.9294,26.8595,23.4711,708.5273,50.4080,48.2626,8043.7710,0,0,0.0000,0.0000,0.0000,0.0000,0,0.9341,0.0659,4.4313,883.7547,building_up,0.4088,0.7425,1.2477,1.2793,0.8434,0.0000,14.3860,24,765.0444,0.3657,0.8989,8,0,147640.7656,1.3889,0.4899,0.0000,0.8261,0.4395,6.8851,3.6838,77784.6875,79,1.0572,41335.3242,3.4192,9556
42,11,Tokyo_Small,eval_stress_buildup,MAPPO,3600,6,246,153,0.6220,0.7805,0.2195,609.3660,0.0000,0.1250,4.4723,241.9702,370.7401,1066.1230,0.8812,29.1404,25.6248,846.5921,46.5052,51.0894,8514.9053,0,0,0.0000,0.0000,0.0000,0.0000,0,0.7969,0.2031,4.4578,883.7547,building_up,0.4223,0.8389,1.2395,1.3085,0.7805,0.0000,28.7455,24,764.5803,0.3556,0.8855,11,0,163116.8125,1.2276,0.6870,0.0000,0.7052,0.4992,9.4371,3.7302,77401.5391,69,1.0000,45633.3164,4.1423,12568
42,12,Tokyo_Small,eval_over_fleet,MAPPO,3600,6,55,49,0.8909,0.9636,0.0364,495.7347,99.1469,0.9592,4.6677,224.8333,281.4000,1004.9344,0.8939,28.0722,24.5414,773.3770,360.6060,552.4909,92081.8203,0,0,0.0000,0.0000,0.0000,0.0000,0,0.9245,0.0755,4.7379,1125.4863,wave,0.2611,0.5496,1.2300,1.2159,0.9636,0.0000,23.8464,28,935.4128,0.3573,0.8989,4,1,49241.7891,1.6000,0.2182,0.0000,0.9513,0.5022,0.3057,6.0666,46513.8281,50,1.4828,529925.6250,2.6000,30387
42,13,Tokyo_Small,eval_over_fleet,MAPPO,3600,6,51,46,0.9020,0.9608,0.0392,537.3913,107.4783,0.9747,4.6606,263.6364,294.4773,1127.3406,0.8552,27.4802,23.4517,893.5690,361.4071,615.2745,102545.7500,0,0,0.0000,0.0000,0.0000,0.0000,0,0.9388,0.0612,4.7272,1125.4863,wave,0.3140,0.6482,1.2878,0.9030,0.9608,0.0000,38.1682,28,936.4864,0.3596,0.8536,5,0,51857.6680,1.7843,0.1176,0.0000,0.9178,0.5794,0.2167,4.3038,34366.4844,38,1.9384,593008.3750,2.5490,31379
42,14,Tokyo_Small,eval_over_fleet,MAPPO,3600,6,52,50,0.9615,0.9808,0.0192,521.4000,86.9000,1.0188,4.6635,245.7872,288.3617,1005.1183,0.8179,27.6764,20.6823,809.0831,312.8793,487.0000,81166.6641,0,0,0.0000,0.0000,0.0000,0.0000,0,0.9804,0.0196,4.6988,1125.4863,wave,0.3347,0.6330,1.2958,1.1467,0.9808,0.0000,44.7636,28,936.5492,0.3537,0.8647,5,0,50255.9141,1.7308,0.0577,0.0000,0.9107,0.4702,0.2195,5.4009,54770.2539,41,1.6059,464409.9688,2.4808,25324
42,15,Tokyo_Small,eval_normal_wave,FaithfulMAPPER,3600,6,115,87,0.7565,0.9130,0.0870,527.0920,527.0920,0.2705,4.6506,246.5581,295.5761,1110.5664,0.9009,28.4385,26.3428,842.0399,227.5986,72.6870,12114.4932,0,0,0.0000,0.0000,0.0000,0.0000,0,0.8286,0.1714,4.7125,1125.4863,wave,0.3271,0.6094,1.2138,1.4152,0.9130,0.0000,24.4449,28,939.7656,0.3614,0.8117,4,0,96619.2734,1.5652,0.3652,0.0000,0.7736,0.4914,1.8499,6.6316,97643.8516,85,1.1311,61351.7305,2.5826,8359
42,16,Tokyo_Small,eval_normal_wave,FaithfulMAPPER,3600,6,109,89,0.8165,0.9358,0.0642,521.0449,521.0449,0.1765,4.6470,236.6322,296.1290,1119.3832,0.9461,29.5271,26.9985,878.4750,265.0851,59.9725,9995.4131,0,0,0.0000,0.0000,0.0000,0.0000,0,0.8725,0.1275,4.6490,1125.4863,wave,0.3401,0.6223,1.2385,1.3331,0.9358,0.0000,12.7556,28,939.3594,0.3738,0.7919,4,0,99625.1094,1.3303,0.2294,0.0000,0.8550,0.5673,1.1969,5.5445,99611.6328,69,1.0693,47590.3320,2.2018,6537
42,17,Tokyo_Small,eval_normal_wave,FaithfulMAPPER,3600,6,115,84,0.7304,0.9130,0.0870,541.7143,541.7143,0.2805,4.6491,248.7590,326.0319,1132.5614,0.9106,27.9401,26.6945,898.5249,253.9383,67.2087,11201.4492,0,0,0.0000,0.0000,0.0000,0.0000,0,0.8000,0.2000,4.6904,1125.4863,wave,0.2892,0.5868,1.2847,1.4318,0.9130,0.0000,22.2467,28,939.4033,0.3686,0.7221,5,0,95135.1562,1.4348,0.3043,0.0000,0.7442,0.5420,1.4623,4.6434,72062.8359,66,1.0489,55155.1289,2.3043,7729
42,18,Tokyo_Small,eval_normal_ramp,FaithfulMAPPER,3600,6,105,85,0.8095,0.9619,0.0381,592.6000,0.0000,0.1144,4.3292,277.1310,326.7841,1235.7238,0.8918,29.4667,27.2014,975.3504,239.2602,65.3048,10884.1270,0,0,0.0000,0.0000,0.0000,0.0000,0,0.8416,0.1584,4.3802,618.6302,ramp_up_down,0.3259,0.6153,1.2750,1.5363,0.9619,0.0000,29.9862,24,550.5145,0.2984,0.7047,5,0,105036.5234,1.6857,0.1238,0.0000,0.8256,0.6150,0.8686,3.3164,56412.7969,42,1.0977,55373.4297,2.4476,6857
42,19,Tokyo_Small,eval_normal_ramp,FaithfulMAPPER,3600,6,106,88,0.8302,0.9528,0.0472,526.0795,0.0000,0.1492,4.3279,240.9081,293.3222,1111.9122,0.9231,28.6007,25.3107,793.5716,275.0441,43.3396,7223.2705,0,0,0.0000,0.0000,0.0000,0.0000,0,0.8713,0.1287,4.3651,618.6302,ramp_up_down,0.3021,0.5788,1.2013,0.9559,0.9528,0.0000,18.5256,24,549.8784,0.3079,0.7806,6,0,97848.2812,1.6792,0.2170,0.0000,0.9102,0.5018,0.7158,3.5828,60652.4648,47,1.1010,34275.3125,2.6038,4594
42,20,Tokyo_Small,eval_normal_ramp,FaithfulMAPPER,3600,6,104,87,0.8365,0.9327,0.0673,570.8851,0.0000,0.1021,4.3224,246.4390,320.5977,1132.0784,0.9187,29.3286,27.4400,881.8679,237.4840,55.0481,9174.6797,0,0,0.0000,0.0000,0.0000,0.0000,0,0.8969,0.1031,4.3137,618.6302,ramp_up_down,0.4424,0.8217,1.2049,1.3317,0.9327,0.0000,20.0233,24,550.4111,0.3092,0.8079,6,0,98490.8203,1.4904,0.2788,0.0000,0.8553,0.5189,1.1592,4.1474,57956.3008,45,1.0742,45657.1445,2.7019,5725
42,21,Tokyo_Small,eval_stress_shock,FaithfulMAPPER,3600,6,170,116,0.6824,0.8353,0.1647,560.7845,280.3922,0.3523,4.1711,240.1293,340.4841,1107.6394,0.9225,28.5064,25.3236,980.9901,84.8501,45.6588,7609.8037,0,0,0.0000,0.0000,0.0000,0.0000,0,0.8169,0.1831,4.1503,513.2000,shock_burst,0.3183,0.5988,1.2432,1.2894,0.8353,0.0000,18.6014,28,439.0555,0.4814,0.6922,6,0,128486.1797,1.4059,0.5471,0.0000,0.6162,0.4826,6.1072,2.9539,64408.9141,42,1.3655,40363.4180,2.7588,7762
42,22,Tokyo_Small,eval_stress_shock,FaithfulMAPPER,3600,6,165,120,0.7273,0.8364,0.1636,646.1917,0.0000,0.1656,4.1812,262.7193,380.9655,1170.9669,0.8914,28.3004,24.4544,945.6064,91.3849,37.7030,6283.8384,1,0,0.0000,0.0000,0.0000,0.0000,0,0.8696,0.1304,4.1476,513.2000,shock_burst,0.3549,0.6496,1.2578,1.3183,0.8364,0.0000,28.5259,24,437.8531,0.4848,0.7004,7,0,140516.0312,1.3636,0.5697,0.0000,0.7383,0.5514,8.2972,2.7860,57012.8359,61,1.0286,30861.9570,2.8061,6221
42,23,Tokyo_Small,eval_stress_shock,FaithfulMAPPER,3600,6,162,118,0.7284,0.8210,0.1790,568.3305,568.3305,0.2919,4.1828,250.9825,314.5462,1072.8470,0.8549,27.2683,25.0128,882.9144,73.7908,35.4691,5911.5225,0,0,0.0000,0.0000,0.0000,0.0000,0,0.8872,0.1128,4.1523,513.2000,shock_burst,0.3188,0.6308,1.2866,1.0793,0.8210,0.0000,36.4130,24,438.9353,0.4710,0.7589,6,0,126595.9531,1.3827,0.6111,0.0000,0.7876,0.5412,5.5628,3.2164,86728.6562,47,1.0944,29415.9570,2.6111,5746
42,24,Tokyo_Small,eval_stress_buildup,FaithfulMAPPER,3600,6,168,104,0.6190,0.7560,0.2440,591.4904,591.4904,0.1924,4.4788,274.7353,330.6487,1219.2626,0.8876,28.1834,23.5024,975.4734,64.7138,30.0119,5001.9839,0,0,0.0000,0.0000,0.0000,0.0000,0,0.8189,0.1811,4.4475,883.7547,building_up,0.3201,0.6241,1.3072,1.1590,0.7560,0.0000,30.8828,32,761.6191,0.3634,0.7078,7,0,126803.3047,1.3036,0.7917,0.0000,0.7113,0.5979,7.0890,3.4829,82063.7734,70,1.1693,22371.6133,3.3571,5042
42,25,Tokyo_Small,eval_stress_buildup,FaithfulMAPPER,3600,6,198,129,0.6515,0.7323,0.2677,534.2325,0.0000,0.1130,4.4656,230.2937,293.0303,1010.1113,0.8772,26.8595,23.9111,758.4483,75.1989,27.7727,4628.7881,0,0,0.0000,0.0000,0.0000,0.0000,0,0.8897,0.1103,4.4343,883.7547,building_up,0.2990,0.5447,1.2692,1.2074,0.7323,0.0000,28.2714,24,763.6866,0.3730,0.8088,6,0,130304.3516,1.2222,0.8990,0.0000,0.7284,0.4687,11.1486,4.2911,100805.5312,92,1.0000,21445.4805,3.1616,5499
42,26,Tokyo_Small,eval_stress_buildup,FaithfulMAPPER,3600,6,246,145,0.5894,0.6951,0.3049,546.7172,546.7172,0.2805,4.4738,252.5704,297.2905,1114.6652,0.8827,29.0603,25.6133,918.0183,62.0087,45.3415,7556.9106,0,0,0.0000,0.0000,0.0000,0.0000,0,0.8480,0.1520,4.4581,883.7547,building_up,0.3004,0.5700,1.2367,1.2956,0.6951,0.0000,29.6374,24,763.8875,0.3577,0.7546,8,0,161626.4375,1.1504,0.9675,0.0000,0.6819,0.5093,13.8893,5.0615,161168.1719,97,1.1991,39874.0234,3.3821,11154
42,27,Tokyo_Small,eval_over_fleet,FaithfulMAPPER,3600,6,55,48,0.8727,0.9636,0.0364,479.4792,95.8958,0.9556,4.6673,223.0833,268.0566,980.9061,0.8794,28.0722,24.5414,773.6929,352.0241,113.4364,18906.0605,0,0,0.0000,0.0000,0.0000,0.0000,0,0.9057,0.0943,4.7394,1125.4863,wave,0.2826,0.6009,1.2286,1.2540,0.9636,0.0000,26.9021,28,935.3261,0.3590,0.8401,4,0,47083.4922,1.8727,0.1818,0.0000,0.8887,0.4789,0.3080,7.4111,65590.4297,40,1.6205,89480.7422,2.7273,6239
42,28,Tokyo_Small,eval_over_fleet,FaithfulMAPPER,3600,6,51,44,0.8627,0.9412,0.0588,539.0227,89.8371,1.0102,4.6624,244.3023,309.7391,1127.9661,0.9234,27.4802,23.4517,905.4388,366.3806,140.4314,23405.2285,0,0,0.0000,0.0000,0.0000,0.0000,0,0.9167,0.0833,4.7269,1125.4863,wave,0.3208,0.6772,1.2915,0.9728,0.9412,0.0000,18.7091,28,936.4233,0.3560,0.8224,5,0,49630.5039,1.5294,0.1765,0.0000,0.8846,0.5838,0.3968,5.7405,44792.0508,37,1.6629,115551.0234,2.0588,7162
42,29,Tokyo_Small,eval_over_fleet,FaithfulMAPPER,3600,6,52,42,0.8077,0.9615,0.0385,494.6667,98.9333,0.9562,4.6624,229.2857,285.5510,1004.2880,0.8760,27.6764,20.6823,813.7415,313.0189,122.2308,20371.7949,0,0,0.0000,0.0000,0.0000,0.0000,0,0.8400,0.1600,4.7011,1125.4863,wave,0.3051,0.5624,1.2993,1.1351,0.9615,0.0000,28.4281,28,936.4344,0.3566,0.8731,3,0,42180.0938,1.8462,0.1538,0.0000,0.7701,0.4733,0.5431,5.3858,69092.4688,40,1.7335,99139.3281,2.6923,6356
42,30,Tokyo_Small,eval_normal_wave,IPPO,3600,6,115,83,0.7217,0.8609,0.1391,544.1085,544.1085,0.2546,4.6517,248.6265,325.7340,1111.4015,0.8940,28.4385,26.1532,873.4931,247.3751,71.4522,11908.6953,0,0,0.0000,0.0000,0.0000,0.0000,0,0.8384,0.1616,4.7135,1125.4863,wave,0.3646,0.7389,1.2107,1.3592,0.8609,0.0000,26.3462,28,939.5072,0.3607,0.7285,6,0,92246.3281,1.5478,0.4609,0.0000,0.7476,0.4979,3.0838,5.7863,100018.5078,80,1.4910,59498.4883,2.5739,8217
42,31,Tokyo_Small,eval_normal_wave,IPPO,3600,6,109,86,0.7890,0.8991,0.1009,549.9186,549.9186,0.1741,4.6504,252.7738,303.7143,1165.7397,0.9224,29.4760,26.9752,903.1909,272.4192,67.9541,11325.6885,0,0,0.0000,0.0000,0.0000,0.0000,0,0.8776,0.1224,4.6490,1125.4863,wave,0.3343,0.6768,1.2106,1.5479,0.8991,0.0000,19.6259,28,939.0222,0.3682,0.7652,7,0,100253.6172,1.6697,0.3394,0.0000,0.8613,0.5914,2.2935,4.9666,86255.2969,76,1.0812,55021.0273,2.4771,7407
42,32,Tokyo_Small,eval_normal_wave,IPPO,3600,6,115,83,0.7217,0.8696,0.1304,564.0120,564.0120,0.2418,4.6483,247.3293,327.4575,1115.6471,0.9022,27.9401,26.6945,929.7997,253.0847,83.3739,13895.6523,0,0,0.0000,0.0000,0.0000,0.0000,0,0.8300,0.1700,4.6879,1125.4863,wave,0.3622,0.6993,1.2904,1.3451,0.8696,0.0000,24.1998,28,939.5072,0.3700,0.7411,6,0,92598.7109,1.5217,0.4522,0.0000,0.7069,0.5210,2.2453,4.1735,90469.7891,71,1.1097,70712.9766,2.6000,9588
42,33,Tokyo_Small,eval_normal_ramp,IPPO,3600,6,105,82,0.7810,0.9333,0.0667,592.5854,592.5854,0.2604,4.3312,275.6667,328.5000,1259.1509,0.9135,29.4667,27.2014,997.4573,239.7828,59.1143,9852.3809,0,0,0.0000,0.0000,0.0000,0.0000,0,0.8367,0.1633,4.3788,618.6302,ramp_up_down,0.3100,0.6648,1.2772,1.3933,0.9333,0.0000,23.8365,24,550.0447,0.2989,0.7007,7,0,103250.3672,1.6952,0.2571,0.0000,0.8120,0.6269,1.3321,3.1009,52339.5547,50,1.2979,49317.0781,2.6952,6207
42,34,Tokyo_Small,eval_normal_ramp,IPPO,3600,6,106,85,0.8019,0.9340,0.0660,548.0588,0.0000,0.1078,4.3288,241.5357,308.8667,1102.5188,0.9129,28.6007,25.2373,803.6701,275.0225,35.0094,5834.9058,0,0,0.0000,0.0000,0.0000,0.0000,0,0.8586,0.1414,4.3656,618.6302,ramp_up_down,0.3345,0.6566,1.2068,0.9471,0.9340,0.0000,21.0320,24,549.6614,0.3084,0.7706,6,0,93714.1016,1.6038,0.2642,0.0000,0.8567,0.4890,0.9900,4.0327,59532.1211,51,1.2712,26203.3770,2.7170,3711
42,35,Tokyo_Small,eval_normal_ramp,IPPO,3600,6,104,80,0.7692,0.9038,0.0962,519.2125,519.2125,0.1667,4.3240,249.4805,292.1609,1145.8647,0.9186,28.9018,27.2583,899.1537,253.3301,27.7596,4626.6025,0,0,0.0000,0.0000,0.0000,0.0000,0,0.8511,0.1489,4.3150,618.6302,ramp_up_down,0.3433,0.6335,1.2036,1.3054,0.9038,0.0000,20.3076,24,549.9892,0.3094,0.7646,4,0,91669.1797,1.5288,0.3558,0.0000,0.7803,0.5149,1.7555,3.7325,70643.4141,49,1.2598,18409.0762,2.5192,2887
42,36,Tokyo_Small,eval_stress_shock,IPPO,3600,6,170,112,0.6588,0.7882,0.2118,587.3661,293.6830,0.3641,4.1804,256.2973,350.1102,1149.3900,0.8969,28.5064,25.2635,1020.8976,89.4632,31.7353,5289.2158,0,0,0.0000,0.0000,0.0000,0.0000,0,0.8358,0.1642,4.1632,513.2000,shock_burst,0.3163,0.6082,1.2385,1.2966,0.7882,0.0000,26.4193,28,438.5230,0.4743,0.6651,6,1,128731.6875,1.3471,0.7294,0.0000,0.6241,0.5062,7.9555,3.7014,91911.6797,43,1.0495,26779.7344,2.7294,5395
42,37,Tokyo_Small,eval_stress_shock,IPPO,3600,6,165,122,0.7394,0.8303,0.1697,593.3525,593.3525,0.3323,4.1816,260.3000,337.9600,1188.8771,0.9135,28.3004,24.4544,945.0137,86.7803,41.7394,6956.5654,0,0,0.0000,0.0000,0.0000,0.0000,0,0.8905,0.1095,4.1511,513.2000,shock_burst,0.2837,0.5137,1.2428,1.3894,0.8303,0.0000,22.5246,24,437.8486,0.4836,0.7287,5,0,145043.0156,1.5152,0.5455,0.0000,0.7676,0.5639,9.3101,3.2677,85197.9297,64,1.0463,35902.8555,2.6909,6887
42,38,Tokyo_Small,eval_stress_shock,IPPO,3600,6,162,115,0.7099,0.8148,0.1852,535.6087,535.6087,0.3049,4.1826,242.6348,298.4380,1103.7026,0.9098,28.5263,25.5796,892.3055,92.2102,38.0123,6335.3911,0,0,0.0000,0.0000,0.0000,0.0000,0,0.8712,0.1288,4.1546,513.2000,shock_burst,0.2691,0.5116,1.2966,1.0422,0.8148,0.0000,21.8943,24,438.6536,0.4730,0.7512,6,1,126925.8047,1.3272,0.6235,0.0000,0.7822,0.5515,5.3751,2.7587,61556.6445,32,1.2331,31706.1113,2.5062,6158
42,39,Tokyo_Small,eval_stress_buildup,IPPO,3600,6,168,95,0.5655,0.7083,0.2917,611.6000,611.6000,0.1933,4.4833,288.7895,344.8762,1317.2103,0.9122,28.1834,23.5024,1029.4146,71.4390,34.6964,5782.7383,0,0,0.0000,0.0000,0.0000,0.0000,0,0.7983,0.2017,4.4511,883.7547,building_up,0.3374,0.6266,1.3263,1.1367,0.7083,0.0000,25.3474,32,760.9236,0.3589,0.6670,4,0,125134.9766,1.3452,0.9405,0.0000,0.6951,0.6396,7.5302,4.0291,96441.0156,78,1.0210,26950.8281,3.1131,5829
42,40,Tokyo_Small,eval_stress_buildup,IPPO,3600,6,198,129,0.6515,0.7172,0.2828,547.7287,0.0000,0.1464,4.4674,235.8837,301.6765,1026.9587,0.8707,26.8595,23.9111,775.7365,79.8670,27.3535,4558.9224,0,0,0.0000,0.0000,0.0000,0.0000,0,0.9085,0.0915,4.4350,883.7547,building_up,0.2797,0.5052,1.2623,1.2280,0.7172,0.0000,30.4920,24,763.3195,0.3725,0.7854,5,0,132477.6719,1.3081,0.9242,0.0000,0.7386,0.4752,11.8674,3.6115,70925.7344,81,1.1465,20636.5859,2.9141,5416
42,41,Tokyo_Small,eval_stress_buildup,IPPO,3600,6,246,135,0.5488,0.6707,0.3293,578.3630,578.3630,0.1674,4.4746,249.7313,326.0845,1130.4485,0.9053,29.0603,25.6133,933.8818,66.8843,27.4512,4575.2031,0,0,0.0000,0.0000,0.0000,0.0000,0,0.8182,0.1818,4.4605,883.7547,building_up,0.2469,0.4494,1.2434,1.2775,0.6707,0.0000,23.6416,24,763.7064,0.3572,0.7396,5,1,152610.5469,1.3049,1.0813,0.0000,0.6595,0.5291,15.4770,3.3467,86656.5938,97,1.3325,21923.7227,3.6341,6753
42,42,Tokyo_Small,eval_over_fleet,IPPO,3600,6,55,47,0.8545,0.9455,0.0545,500.5107,83.4184,1.0196,4.6666,223.0426,283.7843,996.0200,0.8931,28.0722,24.5414,782.0940,371.6614,100.4727,16745.4551,0,0,0.0000,0.0000,0.0000,0.0000,0,0.9038,0.0962,4.7387,1125.4863,wave,0.2438,0.5383,1.2524,0.8333,0.9455,0.0000,23.8386,28,935.3497,0.3608,0.8614,3,0,46812.9375,1.7455,0.2545,0.0000,0.8843,0.4867,0.4044,5.9928,48184.2539,32,1.7086,73010.2188,2.7273,5526
42,43,Tokyo_Small,eval_over_fleet,IPPO,3600,6,51,44,0.8627,0.9412,0.0588,540.3636,90.0606,1.0812,4.6632,253.0465,307.4889,1144.3607,0.9045,27.4802,23.4517,905.4388,366.3806,98.4902,16415.0332,0,0,0.0000,0.0000,0.0000,0.0000,0,0.9167,0.0833,4.7279,1125.4863,wave,0.2513,0.5015,1.2915,0.9728,0.9412,0.0000,24.1744,28,936.3636,0.3543,0.7922,4,1,50351.8711,1.7451,0.1765,0.0000,0.9094,0.6002,0.3968,4.6848,44190.8867,35,1.6235,74973.9766,2.3529,5023
42,44,Tokyo_Small,eval_over_fleet,IPPO,3600,6,52,42,0.8077,0.9231,0.0769,481.8095,96.3619,0.9132,4.6640,225.7143,281.6087,1016.0544,0.9003,27.6764,20.6823,830.4432,326.7988,82.1538,13692.3076,0,0,0.0000,0.0000,0.0000,0.0000,0,0.8750,0.1250,4.7016,1125.4863,wave,0.2949,0.5450,1.3019,1.1858,0.9231,0.0000,22.5034,28,936.1816,0.3546,0.8398,3,0,42674.2852,1.7115,0.2885,0.0000,0.8071,0.4961,1.0642,4.8262,40871.5664,42,1.7890,58345.6523,2.4231,4272
42,45,Tokyo_Small,eval_normal_wave,Hybrid,3600,6,115,84,0.7304,0.8783,0.1217,527.5119,527.5119,0.2896,4.6514,239.4048,312.0425,1087.5331,0.9085,28.4385,26.3428,860.7452,241.1661,62.1391,10356.5215,0,0,-0.0075,0.0000,0.0000,0.0000,237,0.8317,0.1683,4.7129,1125.4863,wave,0.2862,0.5492,1.2107,1.3798,0.8783,0.0000,21.8981,28,939.7917,0.3590,0.7532,4,0,91352.7812,1.7652,0.5043,0.0000,0.7301,0.4804,2.8350,6.2205,97179.0078,94,1.4367,50645.1406,2.8348,7146
42,46,Tokyo_Small,eval_normal_wave,Hybrid,3600,6,109,85,0.7798,0.8991,0.1009,510.2471,0.0000,0.1635,4.6504,242.9879,294.6452,1144.1317,0.9417,29.4760,26.9752,903.9205,269.1728,46.0183,7669.7246,0,0,-0.0760,0.0000,0.0000,0.0000,211,0.8673,0.1327,4.6499,1125.4863,wave,0.2862,0.5652,1.2362,1.3198,0.8991,0.0000,14.1616,28,939.0664,0.3677,0.7706,5,0,97251.1953,1.6147,0.3945,0.0000,0.8229,0.5716,1.9259,5.8655,104649.6094,67,1.0916,33031.0469,2.6055,5016
42,47,Tokyo_Small,eval_normal_wave,Hybrid,3600,6,115,92,0.8000,0.8957,0.1043,532.1739,532.1739,0.1921,4.6488,242.9022,310.6000,1106.4727,0.9110,28.4844,26.9381,908.5969,251.1371,50.6696,8444.9277,0,0,-0.0561,0.0000,0.0000,0.0000,226,0.8932,0.1068,4.6871,1125.4863,wave,0.3179,0.6246,1.2954,1.3159,0.8957,0.0000,21.6077,28,939.7253,0.3668,0.7382,5,0,101795.4844,1.6696,0.4261,0.0000,0.8112,0.5393,1.8004,5.1586,101060.5469,85,1.0000,38937.0273,2.6957,5827
42,48,Tokyo_Small,eval_normal_ramp,Hybrid,3600,6,105,75,0.7143,0.9333,0.0667,570.0800,570.0800,0.2526,4.3304,272.8243,335.7640,1236.2644,0.9063,29.4667,27.2014,996.1854,241.4744,70.4190,11736.5078,0,0,-0.0628,0.0000,0.0000,0.0000,209,0.7653,0.2347,4.3800,618.6302,ramp_up_down,0.3290,0.6181,1.2736,1.4434,0.9333,0.0000,25.5714,24,550.1003,0.2994,0.7102,4,0,92719.8281,1.7619,0.2381,0.0000,0.7479,0.6314,1.4409,3.5434,49968.5430,49,1.0194,60396.7031,2.5714,7394
42,49,Tokyo_Small,eval_normal_ramp,Hybrid,3600,6,106,85,0.8019,0.9623,0.0377,529.6470,529.6470,0.2199,4.3275,237.0357,309.2292,1076.7334,0.9085,28.6007,25.3107,791.7424,278.7884,50.4811,8413.5225,0,0,-0.0796,0.0000,0.0000,0.0000,188,0.8333,0.1667,4.3635,618.6302,ramp_up_down,0.3353,0.7237,1.2045,0.8116,0.9623,0.0000,21.6890,24,549.9842,0.3075,0.7862,8,0,91522.3438,1.5943,0.1698,0.0000,0.8254,0.4711,0.3912,4.2543,55333.9180,57,1.0188,40383.5469,2.2642,5351
42,50,Tokyo_Small,eval_normal_ramp,Hybrid,3600,6,104,79,0.7596,0.8942,0.1058,520.8481,0.0000,0.1510,4.3232,248.6329,294.1555,1158.7744,0.9321,29.3286,27.4400,905.7217,247.6818,43.3173,7219.5513,0,0,-0.0256,0.0000,0.0000,0.0000,224,0.8495,0.1505,4.3163,618.6302,ramp_up_down,0.3962,0.7282,1.2147,1.2024,0.8942,0.0000,16.8780,24,550.0369,0.3105,0.7484,4,0,91543.1797,1.7596,0.3750,0.0000,0.7935,0.5301,1.7864,4.7676,67586.6016,55,1.1178,34737.0859,2.6442,4505
42,51,Tokyo_Small,eval_stress_shock,Hybrid,3600,6,170,115,0.6765,0.7941,0.2059,516.6609,258.3304,0.4031,4.1767,244.5739,306.4309,1120.5231,0.9163,28.5064,25.3236,1014.6678,90.3032,38.9588,6493.1372,0,0,-0.0482,0.0000,0.0000,0.0000,259,0.8519,0.1481,4.1610,513.2000,shock_burst,0.3238,0.5851,1.2526,1.2438,0.7941,0.0000,20.4693,28,438.6639,0.4772,0.6990,5,0,128860.1562,1.4000,0.6765,0.0000,0.6279,0.4960,7.5898,3.0759,63189.4531,46,1.5894,33913.3594,2.4294,6623
42,52,Tokyo_Small,eval_stress_shock,Hybrid,3600,6,165,123,0.7455,0.8424,0.1576,577.4309,577.4309,0.2369,4.1846,261.0976,321.5573,1195.2041,0.9155,28.0234,24.2977,938.8325,83.0485,30.2242,5037.3735,0,0,-0.1607,0.0000,0.0000,0.0000,241,0.8849,0.1151,4.1594,513.2000,shock_burst,0.3078,0.5625,1.2631,1.2925,0.8424,0.0000,22.0567,24,437.8286,0.4799,0.7259,6,0,147010.1094,1.3515,0.5152,0.0000,0.7870,0.5735,8.0563,4.9527,136769.4844,73,1.0330,24110.5762,2.1879,4987
42,53,Tokyo_Small,eval_stress_shock,Hybrid,3600,6,162,116,0.7160,0.8333,0.1667,510.8965,510.8965,0.2142,4.1835,239.0517,284.6641,1075.4918,0.8998,28.3468,25.5249,875.3322,81.9484,30.8210,5136.8311,0,0,-0.0600,0.0000,0.0000,0.0000,287,0.8593,0.1407,4.1568,513.2000,shock_burst,0.2786,0.5285,1.2801,1.0964,0.8333,0.0000,23.9534,24,438.7372,0.4707,0.7753,5,0,124757.0469,1.5864,0.5864,0.0000,0.7731,0.5404,5.5345,2.7315,49022.8125,39,1.2612,24221.7402,2.4938,4993
42,54,Tokyo_Small,eval_stress_buildup,Hybrid,3600,6,168,101,0.6012,0.7440,0.2560,615.0594,615.0594,0.1752,4.4817,286.0200,340.7838,1277.7238,0.8935,29.0338,24.0455,1001.0450,61.6213,31.1190,5186.5078,0,0,-0.0596,0.0000,0.0000,2.0000,278,0.8080,0.1920,4.4496,883.7547,building_up,0.3186,0.5865,1.3230,1.1199,0.7440,0.0000,30.4752,32,761.5311,0.3586,0.7034,4,0,129050.1016,1.5417,0.8155,0.0000,0.7344,0.6357,5.9773,4.1367,102155.3281,88,1.1319,22820.6016,2.9940,5228
42,55,Tokyo_Small,eval_stress_buildup,Hybrid,3600,6,198,118,0.5960,0.6616,0.3384,539.6440,539.6440,0.1675,4.4736,239.1271,306.4000,1041.9431,0.8715,26.8595,23.9111,786.2840,85.3737,31.8737,5312.2896,0,0,-0.0635,0.0000,0.0000,2.0000,259,0.9008,0.0992,4.4413,883.7547,building_up,0.3090,0.5649,1.2429,1.2716,0.6616,0.0000,30.7385,24,762.5061,0.3645,0.7624,5,0,122949.2969,1.1515,1.0960,0.0000,0.6745,0.4745,17.2599,3.2315,75378.7734,74,1.0336,25150.2773,2.9848,6311
42,56,Tokyo_Small,eval_stress_buildup,Hybrid,3600,6,246,137,0.5569,0.6626,0.3374,571.8905,0.0000,0.1467,4.4771,250.6765,316.3262,1123.1395,0.8961,29.0603,25.6133,921.7928,52.3766,25.4024,4233.7397,0,0,-0.0301,0.0000,0.0000,1.0000,359,0.8405,0.1595,4.4624,883.7547,building_up,0.2686,0.5012,1.2228,1.3171,0.6626,0.0000,26.0486,24,763.3725,0.3547,0.7347,6,0,153870.1094,1.2439,1.1098,0.0000,0.6424,0.5078,18.3377,4.3308,124830.7188,110,1.0295,20327.6211,3.0488,6249
42,57,Tokyo_Small,eval_over_fleet,Hybrid,3600,6,55,45,0.8182,0.9273,0.0727,465.4667,93.0933,0.9996,4.6674,224.5111,258.0784,994.9802,0.8864,28.0722,24.5414,790.9216,375.2553,75.8000,12633.3330,0,0,-0.0496,0.0000,0.0000,1.0000,114,0.8824,0.1176,4.7394,1125.4863,wave,0.2154,0.5774,1.2145,1.4213,0.9273,0.0000,25.5151,28,935.1722,0.3605,0.8475,4,0,44774.1055,1.7818,0.3636,0.0000,0.8600,0.4944,0.8059,4.8470,40077.5703,38,1.5739,50172.3438,2.3273,4169
42,58,Tokyo_Small,eval_over_fleet,Hybrid,3600,6,51,41,0.8039,0.9216,0.0784,560.2927,93.3821,1.0494,4.6634,262.6585,309.8667,1182.8782,0.9007,27.4802,23.4517,920.4686,377.5481,72.8431,12140.5225,0,0,-0.0928,0.0000,0.0000,0.0000,105,0.8723,0.1277,4.7273,1125.4863,wave,0.2831,0.6185,1.2855,1.1223,0.9216,0.0000,26.0829,28,936.3544,0.3539,0.7682,4,0,48498.0039,1.8824,0.2941,0.0000,0.8671,0.6141,0.5539,4.0912,37864.3906,39,1.8747,48241.4102,2.7059,3715
42,59,Tokyo_Small,eval_over_fleet,Hybrid,3600,6,52,42,0.8077,0.9231,0.0769,504.4762,100.8952,0.9930,4.6629,231.8333,282.0000,1022.7626,0.8823,27.6764,20.6823,831.5628,330.7181,58.6923,9782.0518,0,0,-0.0612,0.0000,0.0000,0.0000,96,0.8750,0.1250,4.7015,1125.4863,wave,0.2594,0.4994,1.2877,1.3562,0.9231,0.0000,27.2808,28,936.2714,0.3566,0.8276,3,0,42956.0312,1.6731,0.2885,0.0000,0.8023,0.4931,1.1579,4.3630,38581.3242,40,1.5626,35692.3672,2.3654,3052
42,60,Kyoto_Small,eval_normal_wave,MAPPO,3600,6,94,58,0.6170,0.9681,0.0319,763.8448,381.9224,0.3769,4.6352,200.6415,535.9167,920.2651,0.9173,19.7078,17.3749,769.1786,188.2641,277.8085,46301.4180,0,0,0.0000,0.0000,0.0000,0.0000,0,0.6374,0.3626,4.6003,631.4694,wave,0.4080,0.7483,1.3048,1.2368,0.9681,0.0000,16.5885,24,527.4314,0.4021,0.9662,12,1,53375.3750,1.2021,0.1064,0.0000,0.5926,0.4567,0.3710,4.6202,23993.1328,24,1.0689,270543.4375,2.8191,26114
42,61,Kyoto_Small,eval_normal_wave,MAPPO,3600,6,103,51,0.4951,0.8932,0.1068,757.8235,757.8235,0.2596,4.6455,219.7111,517.2820,1130.7994,1.0000,19.0341,17.6680,953.9301,211.7849,229.1651,38194.1758,0,0,0.0000,0.0000,0.0000,0.0000,0,0.5543,0.4457,4.7210,631.4694,wave,0.3849,0.7331,1.2424,1.2020,0.8932,0.0000,0.0000,24,527.3209,0.3825,0.9243,10,1,57670.7695,1.1553,0.3592,0.0000,0.4829,0.5237,1.7313,6.5949,40987.9844,29,1.4777,221377.0156,3.9709,23604
42,62,Kyoto_Small,eval_normal_wave,MAPPO,3600,6,85,63,0.7412,0.9882,0.0118,672.7619,336.3810,0.3495,4.6419,255.8182,441.5000,1069.0406,0.8358,19.7847,17.0403,821.7233,218.4989,90.7059,15117.6475,0,0,0.0000,0.0000,0.0000,0.0000,0,0.7500,0.2500,4.6418,631.4694,wave,0.3571,0.6527,1.3291,0.6140,0.9882,0.0000,42.0100,24,528.0047,0.3806,0.9163,9,1,67349.5625,1.4941,0.1059,0.0000,0.7368,0.5396,0.0614,6.5623,76987.0625,50,1.0491,81428.5859,3.2000,7710
42,63,Kyoto_Small,eval_normal_ramp,MAPPO,3600,6,108,71,0.6574,0.9630,0.0370,609.5775,304.7887,0.3430,4.3052,233.2222,378.8793,1064.9714,0.9133,19.9501,18.5804,829.4163,205.1904,143.7685,23961.4199,0,0,0.0000,0.0000,0.0000,0.0000,0,0.6827,0.3173,4.3433,347.1364,ramp_up_down,0.4764,0.9558,1.2334,1.1132,0.9630,0.0000,20.2279,24,310.1258,0.3258,0.8381,13,1,75612.9688,1.2870,0.1389,0.0000,0.6951,0.5282,0.5050,3.6035,25506.6934,28,1.0682,138441.5312,3.0185,15527
42,64,Kyoto_Small,eval_normal_ramp,MAPPO,3600,6,113,55,0.4867,0.9204,0.0796,651.2182,651.2182,0.1931,4.3256,253.9400,415.9792,1136.7422,0.8953,19.3949,17.4640,839.9016,190.1345,200.0443,33340.7070,0,0,0.0000,0.0000,0.0000,0.0000,0,0.5288,0.4712,4.3712,347.1364,ramp_up_down,0.4565,0.9364,1.2329,1.2325,0.9204,0.0000,26.5916,24,309.1511,0.3089,0.9050,10,1,62520.8164,1.1327,0.2478,0.0000,0.5253,0.5297,1.3912,6.4316,79926.9766,25,1.0161,195116.8906,3.1239,22605
42,65,Kyoto_Small,eval_normal_ramp,MAPPO,3600,6,104,79,0.7596,0.9519,0.0481,698.8608,698.8608,0.2541,4.3020,268.3143,497.5714,1142.5996,0.8517,19.9882,18.6317,846.0166,188.4547,147.9423,24657.0508,0,0,0.0000,0.0000,0.0000,0.0000,0,0.7980,0.2020,4.2847,347.1364,ramp_up_down,0.3945,0.7276,1.1937,1.4013,0.9519,0.0000,39.7944,28,310.8667,0.3265,0.8271,10,1,90265.3750,1.4904,0.1442,0.0000,0.7731,0.5063,0.8229,3.5450,44020.7266,27,1.1422,142190.0938,3.5096,15386
42,66,Kyoto_Small,eval_stress_shock,MAPPO,3600,6,150,85,0.5667,0.9067,0.0933,792.1059,396.0529,0.4020,4.1592,286.8356,512.6716,1219.3042,0.8502,19.7086,17.0701,916.3531,50.3069,212.1200,35353.3320,1,0,0.0000,0.0000,0.0000,0.0000,0,0.6250,0.3750,4.1288,288.0000,shock_burst,0.4336,0.8025,1.1959,0.8127,0.9067,0.0000,42.9748,28,247.4733,0.4887,0.7573,10,0,103640.8594,1.2667,0.2867,0.0000,0.6009,0.5194,1.8075,3.2720,31499.8164,31,2.3043,208032.7188,3.3867,31818
42,67,Kyoto_Small,eval_stress_shock,MAPPO,3600,6,179,116,0.6480,0.8492,0.1508,647.5345,647.5345,0.2445,4.1126,251.7778,382.4524,1049.3591,0.8336,19.3504,17.3186,836.5439,42.6935,47.2570,7876.1641,0,0,0.0000,0.0000,0.0000,0.0000,0,0.7632,0.2368,4.1067,288.0000,shock_burst,0.4055,0.7434,1.2073,1.3047,0.8492,0.0000,41.9059,24,249.8567,0.5077,0.8539,10,1,121725.6641,1.2514,0.5028,0.0000,0.6412,0.4591,7.2412,2.4540,21892.0547,21,1.5254,43638.8047,3.9106,8459
42,68,Kyoto_Small,eval_stress_shock,MAPPO,3600,6,167,107,0.6407,0.8683,0.1317,768.2991,768.2991,0.2593,4.1104,284.8710,514.0625,1328.1416,0.9325,19.6060,18.2227,974.3467,53.5963,51.0240,8503.9922,0,0,0.0000,0.0000,0.0000,0.0000,0,0.7379,0.2621,4.0254,288.0000,shock_burst,0.3963,0.8302,1.2394,1.2641,0.8683,0.0000,19.2426,24,249.4311,0.5150,0.7472,10,1,142111.1406,1.3054,0.4132,0.0000,0.6894,0.5871,6.7499,4.6199,105474.8750,44,1.1858,46920.9180,4.2156,8521
42,69,Kyoto_Small,eval_stress_buildup,MAPPO,3600,6,220,134,0.6091,0.8318,0.1682,648.9552,324.4776,0.4233,4.4274,296.5968,372.9908,1176.3324,0.7932,19.2430,17.3076,833.1831,38.3352,123.4273,20571.2129,0,0,0.0000,0.0000,0.0000,0.0000,0,0.7322,0.2678,4.4303,495.8625,building_up,0.3684,0.6935,1.1799,1.2392,0.8318,0.0000,61.3303,24,433.3367,0.3979,0.8501,9,0,157628.5469,1.2182,0.5227,0.0000,0.6768,0.4969,8.0597,4.7153,119113.3672,86,68.5282,119128.7266,3.7955,27154
42,70,Kyoto_Small,eval_stress_buildup,MAPPO,3600,6,214,123,0.5748,0.8972,0.1028,603.1707,603.1707,0.1747,4.4451,240.8108,364.8036,1095.4072,0.9098,19.7568,17.7732,888.3653,33.5718,72.4813,12080.2178,3,0,0.0000,0.0000,0.0000,0.0000,0,0.6406,0.3594,4.4248,495.8625,building_up,0.3953,0.9372,1.2340,1.6758,0.8972,0.0000,21.7294,28,431.8311,0.3799,0.7936,14,1,134735.0938,1.3458,0.3364,0.0000,0.5329,0.4805,4.0677,5.0618,80602.4141,76,1.3474,68462.3438,3.5607,15511
42,71,Kyoto_Small,eval_stress_buildup,MAPPO,3600,6,192,142,0.7396,0.9219,0.0781,636.7817,636.7817,0.2627,4.4287,248.0156,395.1453,1063.2577,0.8574,18.2253,16.2602,814.4296,35.9939,92.8854,15480.9023,0,0,0.0000,0.0000,0.0000,0.0000,0,0.8023,0.1977,4.3411,495.8625,building_up,0.4193,0.8805,1.3548,1.2406,0.9219,0.0000,35.3641,28,432.3622,0.4139,0.9096,11,0,150982.5938,1.3906,0.2500,0.0000,0.7643,0.5392,2.3333,4.7211,79380.3047,99,1.0447,88093.2734,3.2240,17834
42,72,Kyoto_Small,eval_over_fleet,MAPPO,3600,6,48,39,0.8125,0.9792,0.0208,530.3846,132.5962,0.7967,4.6500,238.6154,311.1000,1054.2520,0.8836,19.5729,18.0564,714.5872,355.6030,526.9792,87829.8594,0,0,0.0000,0.0000,0.0000,0.0000,0,0.8298,0.1702,4.7203,631.4694,wave,0.3055,0.6007,1.1465,1.1057,0.9792,0.0000,27.7650,24,526.5311,0.3759,0.8652,4,0,41115.8242,1.4792,0.1667,0.0000,0.8608,0.4364,0.2610,8.1864,51617.1445,38,1.3799,511376.0000,2.3542,25295
42,73,Kyoto_Small,eval_over_fleet,MAPPO,3600,6,56,46,0.8214,0.9464,0.0536,635.7609,105.9601,1.0223,4.6505,276.5454,362.3556,1224.9563,0.8859,19.5585,16.7803,912.2305,289.9002,431.7500,71958.3359,0,0,0.0000,0.0000,0.0000,0.0000,0,0.8679,0.1321,4.7506,631.4694,wave,0.3741,0.8157,1.3109,1.2434,0.9464,0.0000,31.5542,32,526.6255,0.3799,0.7661,7,0,56347.9883,1.9464,0.1607,0.0000,0.8816,0.6221,0.3852,4.8407,44315.3633,40,1.7964,418719.7188,2.9107,24178
42,74,Kyoto_Small,eval_over_fleet,MAPPO,3600,6,45,42,0.9333,1.0000,0.0000,485.9286,97.1857,0.8569,4.6544,242.5500,254.8333,1035.2589,0.8536,17.8833,15.3812,810.3737,280.3361,330.5778,55096.2969,0,0,0.0000,0.0000,0.0000,0.0000,0,0.9333,0.0667,4.7332,631.4694,wave,0.3460,0.6847,1.3794,0.0000,1.0000,0.0000,35.4982,28,526.2386,0.3706,0.8711,4,0,43480.8750,1.6444,0.0222,0.0000,0.9209,0.5651,0.0000,4.5526,24556.4219,35,1.6526,316018.8750,2.1778,14876
42,75,Kyoto_Small,eval_normal_wave,FaithfulMAPPER,3600,6,94,82,0.8723,1.0000,0.0000,466.5000,0.0000,0.1591,4.6260,205.1818,275.9879,950.2949,0.9263,19.7078,17.3749,750.1530,184.2525,38.7447,6457.4468,0,0,0.0000,0.0000,0.0000,0.0000,0,0.8723,0.1277,4.5867,631.4694,wave,0.4711,0.9617,1.3026,0.0000,1.0000,0.0000,15.1228,24,529.3903,0.3991,0.8744,8,0,77924.1797,1.6489,0.0426,0.0000,0.8574,0.4673,0.0000,5.5828,82427.6562,59,1.2942,30718.0312,2.2660,3642
42,76,Kyoto_Small,eval_normal_wave,FaithfulMAPPER,3600,6,103,85,0.8252,0.9417,0.0583,565.7765,565.7765,0.2948,4.6337,258.6786,319.0659,1182.2603,0.9141,19.0341,17.7501,919.6913,192.4631,37.1942,6199.0293,0,0,0.0000,0.0000,0.0000,0.0000,0,0.8763,0.1237,4.7094,631.4694,wave,0.3262,0.6420,1.2464,1.1045,0.9417,0.0000,22.2265,24,529.4058,0.3879,0.7550,6,0,100492.1250,1.6408,0.2039,0.0000,0.8481,0.5519,0.7699,5.1396,87311.2969,73,2.6393,29039.3789,2.3689,3831
42,77,Kyoto_Small,eval_normal_wave,FaithfulMAPPER,3600,6,85,72,0.8471,0.9647,0.0353,501.6111,0.0000,0.1549,4.6352,228.2029,281.6234,1071.2528,0.9389,19.7847,17.0358,836.0169,223.7988,47.6353,7939.2158,0,0,0.0000,0.0000,0.0000,0.0000,0,0.8780,0.1220,4.6356,631.4694,wave,0.3762,0.8175,1.3182,1.3885,0.9647,0.0000,13.9523,24,528.9233,0.3846,0.8329,6,0,77130.2031,1.5765,0.1647,0.0000,0.8758,0.5612,0.4514,3.6671,40455.6836,45,1.0000,38836.0352,2.4588,4049
42,78,Kyoto_Small,eval_normal_ramp,FaithfulMAPPER,3600,6,108,94,0.8704,0.9444,0.0556,520.2128,520.2128,0.2553,4.2938,240.1839,277.0000,1073.5331,0.8939,19.9501,18.5564,840.4772,208.8720,35.1389,5856.4814,0,0,0.0000,0.0000,0.0000,0.0000,0,0.9216,0.0784,4.3249,347.1364,ramp_up_down,0.3705,0.8101,1.2296,1.2169,0.9444,0.0000,25.4773,24,311.7172,0.3246,0.8325,8,0,100912.1094,1.7407,0.1852,0.0000,0.9060,0.5201,0.8536,3.2304,42613.5898,52,1.0420,29426.7031,2.5648,3795
42,79,Kyoto_Small,eval_normal_ramp,FaithfulMAPPER,3600,6,113,95,0.8407,0.9823,0.0177,469.7790,469.7790,0.2940,4.3005,221.5699,265.6634,1049.0730,0.9469,20.0217,18.6003,802.9265,186.1648,42.3982,7066.3716,0,0,0.0000,0.0000,0.0000,0.0000,0,0.8559,0.1441,4.3484,347.1364,ramp_up_down,0.3519,0.6715,1.2265,1.5856,0.9823,0.0000,11.7553,24,311.9972,0.3144,0.8351,6,0,99661.9375,1.6106,0.1062,0.0000,0.8471,0.4946,0.3669,3.3790,44755.9180,42,1.2127,36927.0195,2.3628,4791
42,80,Kyoto_Small,eval_normal_ramp,FaithfulMAPPER,3600,6,104,91,0.8750,0.9712,0.0288,540.9341,0.0000,0.1409,4.2934,235.8445,303.5521,1146.0255,0.9718,19.9882,18.6317,833.8311,181.1402,41.2019,6866.9873,0,0,0.0000,0.0000,0.0000,0.0000,0,0.9010,0.0990,4.2764,347.1364,ramp_up_down,0.3507,0.6566,1.1987,1.3734,0.9712,0.0000,6.6393,28,311.8383,0.3278,0.7952,5,0,104288.3203,1.6154,0.1346,0.0000,0.9074,0.5159,0.5030,3.5820,42214.0234,51,1.0957,34869.6836,2.2885,4285
42,81,Kyoto_Small,eval_stress_shock,FaithfulMAPPER,3600,6,150,120,0.8000,0.8933,0.1067,593.1166,593.1166,0.1817,4.0927,273.0672,315.1935,1205.3447,0.8828,19.7086,17.0709,939.6658,50.2747,23.4733,3912.2222,0,0,0.0000,0.0000,0.0000,0.0000,0,0.8955,0.1045,4.0452,288.0000,shock_burst,0.2905,0.5397,1.1707,1.0711,0.8933,0.0000,31.9983,28,249.6367,0.5406,0.7134,5,1,144641.3594,1.5867,0.3667,0.0000,0.8466,0.5183,1.9836,5.5630,103417.0703,74,1.2285,19451.7598,2.3200,3521
42,82,Kyoto_Small,eval_stress_shock,FaithfulMAPPER,3600,6,179,140,0.7821,0.8771,0.1229,515.9000,257.9500,0.3794,4.0686,237.6691,275.8723,1080.0460,0.9089,19.3504,17.3186,843.7689,40.8369,32.9497,5491.6201,0,0,0.0000,0.0000,0.0000,0.0000,0,0.8917,0.1083,4.0569,288.0000,shock_burst,0.2582,0.4817,1.2329,1.1436,0.8771,0.0000,21.6599,24,251.5639,0.5383,0.8224,6,1,151206.4531,1.5196,0.4413,0.0000,0.8009,0.4752,4.0235,3.6410,69380.1562,43,1.0877,29293.3066,2.5587,5898
42,83,Kyoto_Small,eval_stress_shock,FaithfulMAPPER,3600,6,167,136,0.8144,0.9222,0.0778,644.3088,644.3088,0.2406,4.0683,284.6222,342.1314,1288.1702,0.9052,19.7558,18.3348,932.6270,51.3158,26.0419,4340.3193,0,0,0.0000,0.0000,0.0000,0.0000,0,0.8831,0.1169,3.9827,288.0000,shock_burst,0.2709,0.5091,1.2449,1.2167,0.9222,0.0000,26.9882,24,251.3525,0.5405,0.6851,6,1,175191.1562,1.5928,0.2515,0.0000,0.8354,0.5597,4.9603,3.6400,99197.8281,46,1.0864,22043.7480,2.2635,4349
42,84,Kyoto_Small,eval_stress_buildup,FaithfulMAPPER,3600,6,220,149,0.6773,0.7636,0.2364,591.5436,591.5436,0.2376,4.4168,263.0000,329.2763,1196.1309,0.9096,19.2430,16.8800,879.1085,40.1325,18.4818,3080.3030,1,0,0.0000,0.0000,0.0000,0.0000,0,0.8869,0.1131,4.4205,495.8625,building_up,0.2263,0.4317,1.1805,1.2202,0.7636,0.0000,23.7738,24,434.2625,0.4090,0.7269,6,0,178223.5000,1.3182,0.7636,0.0000,0.7500,0.4952,11.3881,4.0271,118231.2891,115,1.1838,14202.5957,2.9227,4066
42,85,Kyoto_Small,eval_stress_buildup,FaithfulMAPPER,3600,6,214,153,0.7150,0.8178,0.1822,678.4445,678.4445,0.2804,4.4236,283.8027,390.3467,1237.9327,0.8724,19.7747,17.8110,944.9849,40.5870,27.5888,4598.1309,0,0,0.0000,0.0000,0.0000,0.0000,0,0.8743,0.1257,4.4037,495.8625,building_up,0.3101,0.5711,1.2260,1.5191,0.8178,0.0000,36.2162,28,434.5522,0.3918,0.7184,6,0,189403.7188,1.4486,0.6075,0.0000,0.7972,0.5779,7.5822,5.6788,205197.1562,111,2.2940,22910.6035,3.2664,5904
42,86,Kyoto_Small,eval_stress_buildup,FaithfulMAPPER,3600,6,192,142,0.7396,0.8229,0.1771,633.8732,633.8732,0.1677,4.4229,262.9926,357.4088,1162.7418,0.8842,18.2253,16.2602,892.2080,55.0807,29.5625,4927.0835,0,0,0.0000,0.0000,0.0000,0.0000,0,0.8987,0.1013,4.3369,495.8625,building_up,0.3678,0.7316,1.3653,1.2558,0.8229,0.0000,30.4443,28,433.1953,0.4143,0.7700,10,0,165109.3281,1.5365,0.5729,0.0000,0.8247,0.5819,5.9347,3.7162,84547.4531,96,1.0210,24332.5059,3.0312,5676
42,87,Kyoto_Small,eval_over_fleet,FaithfulMAPPER,3600,6,48,42,0.8750,0.9375,0.0625,522.7619,104.5524,0.8342,4.6531,246.4390,259.5000,1074.2969,0.8719,19.5729,17.9753,737.4601,369.4674,89.4583,14909.7227,0,0,0.0000,0.0000,0.0000,0.0000,0,0.9333,0.0667,4.7194,631.4694,wave,0.3336,0.7182,1.1697,0.7851,0.9375,0.0000,31.5797,24,526.5953,0.3665,0.8769,4,0,45120.4688,1.6667,0.2708,0.0000,0.9404,0.4427,0.3909,7.6282,68803.1484,44,1.5425,73010.0391,2.3333,4294
42,88,Kyoto_Small,eval_over_fleet,FaithfulMAPPER,3600,6,56,49,0.8750,0.9464,0.0536,572.1021,95.3503,1.0882,4.6547,263.7708,301.3800,1206.3948,0.9147,19.5585,16.7803,912.2305,289.9002,98.0893,16348.2139,0,0,0.0000,0.0000,0.0000,0.0000,0,0.9245,0.0755,4.7495,631.4694,wave,0.2980,0.6997,1.3109,1.2434,0.9464,0.0000,22.4919,32,526.6761,0.3665,0.7727,6,0,59113.3477,1.3929,0.1607,0.0000,0.9292,0.6156,0.3852,4.7492,38455.1719,39,1.8515,86142.4844,1.8214,5493
42,89,Kyoto_Small,eval_over_fleet,FaithfulMAPPER,3600,6,45,40,0.8889,0.9778,0.0222,479.6750,95.9350,0.8469,4.6549,234.4000,246.7209,1068.7506,0.9119,17.8833,15.3812,823.5114,286.6317,96.9333,16155.5557,0,0,0.0000,0.0000,0.0000,0.0000,0,0.9091,0.0909,4.7329,631.4694,wave,0.2722,0.5624,1.3860,1.0868,0.9778,0.0000,20.6499,28,526.2222,0.3698,0.8729,4,0,42750.0273,1.6444,0.0667,0.0000,0.9207,0.5932,0.1262,6.3203,31414.0254,33,1.6700,82160.4922,2.0667,4362
42,90,Kyoto_Small,eval_normal_wave,IPPO,3600,6,94,82,0.8723,0.9574,0.0426,414.1097,0.0000,0.0679,4.6281,195.6203,243.6163,947.4070,0.9686,19.7078,17.3735,774.4570,193.0566,28.9681,4828.0142,0,0,0.0000,0.0000,0.0000,0.0000,0,0.9111,0.0889,4.5875,631.4694,wave,0.4184,0.8739,1.3136,1.0552,0.9574,0.0000,6.1389,24,529.0670,0.3982,0.8821,7,0,77687.3750,1.5638,0.1596,0.0000,0.8626,0.4702,0.4744,6.4508,75674.3359,42,1.1234,21664.4570,2.1277,2723
42,91,Kyoto_Small,eval_normal_wave,IPPO,3600,6,103,87,0.8447,0.9320,0.0680,514.1724,0.0000,0.0944,4.6382,255.8046,269.6264,1190.0288,0.9304,19.0341,17.8157,926.9219,197.5127,37.4757,6245.9546,0,0,0.0000,0.0000,0.0000,0.0000,0,0.9062,0.0938,4.7100,631.4694,wave,0.2864,0.5444,1.2509,1.0628,0.9320,0.0000,17.7988,24,529.2800,0.3764,0.7563,4,0,103532.5000,1.6796,0.2718,0.0000,0.8952,0.5692,0.8627,4.1096,57122.8711,84,1.0484,29927.2910,2.3689,3860
42,92,Kyoto_Small,eval_normal_wave,IPPO,3600,6,85,67,0.7882,0.9529,0.0471,472.3433,0.0000,0.1473,4.6336,223.6716,267.8077,1071.7592,0.9583,19.7847,16.7779,843.8977,231.8524,33.3412,5556.8628,0,0,0.0000,0.0000,0.0000,0.0000,0,0.8272,0.1728,4.6336,631.4694,wave,0.3239,0.6232,1.3317,1.0971,0.9529,0.0000,9.3198,24,528.7714,0.3923,0.8350,4,0,71807.8672,2.0471,0.2471,0.0000,0.8225,0.5663,0.5034,4.0806,45889.4688,42,1.1128,23961.9766,2.7176,2834
42,93,Kyoto_Small,eval_normal_ramp,IPPO,3600,6,108,94,0.8704,0.9815,0.0185,517.2447,0.0000,0.0592,4.2894,240.6374,285.3636,1052.3436,0.8746,19.9501,18.5564,818.2360,201.3099,24.7778,4129.6294,0,0,0.0000,0.0000,0.0000,0.0000,0,0.8868,0.1132,4.3236,347.1364,ramp_up_down,0.3565,0.6679,1.2246,1.4552,0.9815,0.0000,30.1686,24,312.1772,0.3258,0.7752,6,0,98920.2969,1.8333,0.1111,0.0000,0.8804,0.5054,0.3095,3.0633,55021.4219,39,1.0530,19138.4824,2.5556,2676
42,94,Kyoto_Small,eval_normal_ramp,IPPO,3600,6,113,89,0.7876,0.9292,0.0708,523.7640,523.7640,0.2451,4.3060,233.9540,301.2210,1084.2323,0.9269,20.0217,18.5879,835.0854,194.0632,38.3717,6395.2803,0,0,0.0000,0.0000,0.0000,0.0000,0,0.8476,0.1524,4.3505,347.1364,ramp_up_down,0.3592,0.7378,1.2089,1.5482,0.9292,0.0000,17.1076,24,311.6003,0.3115,0.8071,7,0,96496.6719,1.5664,0.3009,0.0000,0.8277,0.5158,1.4990,4.4248,72256.8125,72,1.1095,32667.2129,2.7788,4336
42,95,Kyoto_Small,eval_normal_ramp,IPPO,3600,6,104,88,0.8462,0.9327,0.0673,569.5341,569.5341,0.2684,4.2965,260.0930,315.7333,1182.4331,0.9092,19.9882,18.7133,854.8405,186.9240,48.9712,8161.8589,0,0,0.0000,0.0000,0.0000,0.0000,0,0.9072,0.0928,4.2755,347.1364,ramp_up_down,0.2909,0.5832,1.2078,1.1477,0.9327,0.0000,23.6064,28,311.3442,0.3294,0.7377,5,0,104054.1094,1.6827,0.2596,0.0000,0.9031,0.5310,1.0663,3.3680,40168.1914,40,1.0661,42528.9922,3.2019,5093
42,96,Kyoto_Small,eval_stress_shock,IPPO,3600,6,150,113,0.7533,0.8467,0.1533,615.6637,615.6637,0.2079,4.1015,277.6161,319.6250,1266.1310,0.9121,19.7086,17.0709,974.8170,57.9513,17.5867,2931.1111,0,0,0.0000,0.0000,0.0000,0.0000,0,0.8898,0.1102,4.0719,288.0000,shock_burst,0.3042,0.5566,1.1836,1.0304,0.8467,0.0000,24.3899,28,249.4897,0.5314,0.7210,5,0,143072.7969,1.5133,0.5067,0.0000,0.8354,0.5431,3.0852,3.4505,61601.1641,53,1.1303,13960.1064,2.4467,2638
42,97,Kyoto_Small,eval_stress_shock,IPPO,3600,6,179,127,0.7095,0.8212,0.1788,549.7795,549.7795,0.3076,4.0853,249.3465,298.7556,1123.5509,0.9012,19.3504,17.3186,871.3816,49.3453,39.0112,6501.8623,0,0,0.0000,0.0000,0.0000,0.0000,0,0.8639,0.1361,4.0791,288.0000,shock_burst,0.2588,0.4906,1.1892,1.3727,0.8212,0.0000,24.6363,24,250.9006,0.5272,0.7638,6,1,142690.9688,1.5251,0.6201,0.0000,0.7442,0.4867,7.8853,4.1674,71206.2031,49,1.1471,35201.9727,2.5810,6983
42,98,Kyoto_Small,eval_stress_shock,IPPO,3600,6,167,129,0.7725,0.8563,0.1437,660.7597,660.7597,0.2756,4.0788,279.0469,382.0074,1353.4370,0.9700,19.7558,18.3348,969.4816,60.5433,30.2156,5035.9282,0,0,0.0000,0.0000,0.0000,0.0000,0,0.9021,0.0979,3.9974,288.0000,shock_burst,0.2483,0.4633,1.2315,1.3095,0.8563,0.0000,8.3595,24,251.0875,0.5312,0.6766,5,1,174593.3750,1.6946,0.5389,0.0000,0.8239,0.5819,8.5958,2.8621,73171.1172,60,1.2866,25953.4316,3.0898,5046
42,99,Kyoto_Small,eval_stress_buildup,IPPO,3600,6,220,153,0.6955,0.8000,0.2000,574.0196,574.0196,0.1918,4.4134,262.5461,330.1902,1152.2434,0.8777,19.2430,17.3239,853.8627,39.8623,16.9909,2831.8181,0,0,0.0000,0.0000,0.0000,0.0000,0,0.8693,0.1307,4.4207,495.8625,building_up,0.2404,0.4475,1.1938,1.1744,0.8000,0.0000,32.0974,24,434.7367,0.4108,0.7559,6,1,176293.2500,1.5773,0.6955,0.0000,0.7425,0.4774,9.6062,4.6402,148584.5938,135,1.0854,12727.5225,2.9727,3738
42,100,Kyoto_Small,eval_stress_buildup,IPPO,3600,6,214,146,0.6822,0.7944,0.2056,629.4863,629.4863,0.2954,4.4255,283.1338,356.1126,1240.0547,0.8759,19.7747,17.5482,946.4116,41.5015,25.1589,4193.1465,0,0,0.0000,0.0000,0.0000,0.0000,0,0.8588,0.1412,4.4060,495.8625,building_up,0.2985,0.5376,1.2379,1.4401,0.7944,0.0000,35.1228,28,434.0483,0.3938,0.6999,6,0,181047.9844,1.5607,0.6682,0.0000,0.7844,0.5959,9.5874,4.5918,145377.6094,126,1.1153,20504.4531,3.3178,5384
42,101,Kyoto_Small,eval_stress_buildup,IPPO,3600,6,192,134,0.6979,0.7917,0.2083,621.7164,0.0000,0.0766,4.4222,266.7744,352.0211,1175.8959,0.8816,18.1576,16.2112,894.8207,51.7112,19.2865,3214.4097,0,0,0.0000,0.0000,0.0000,0.0000,0,0.8816,0.1184,4.3329,495.8625,building_up,0.2832,0.5191,1.3540,1.3149,0.7917,0.0000,31.5953,28,432.6583,0.4243,0.7156,6,0,157570.0469,1.5052,0.6771,0.0000,0.7889,0.5898,10.0330,3.9766,102717.4453,113,1.0000,14296.4170,3.0938,3703
42,102,Kyoto_Small,eval_over_fleet,IPPO,3600,6,48,42,0.8750,0.8542,0.1458,490.0000,122.5000,0.7674,4.6568,239.5610,255.0500,1074.9951,0.8975,19.4676,17.7525,788.8448,395.8430,50.9375,8489.5830,0,0,0.0000,0.0000,0.0000,0.0000,0,1.0244,-0.0244,4.7208,631.4694,wave,0.2584,0.6044,1.1722,0.9905,0.8542,0.0000,24.5620,24,526.3058,0.3600,0.8350,5,1,45149.7969,1.6042,0.5208,0.0000,0.9562,0.4502,0.9426,7.8649,84723.1484,33,1.4676,34148.6250,2.6458,2445
42,103,Kyoto_Small,eval_over_fleet,IPPO,3600,6,56,45,0.8036,0.9464,0.0536,568.8889,94.8148,1.1456,4.6513,270.9111,305.6667,1193.7275,0.8813,19.5585,16.7803,912.2305,289.9002,51.2321,8538.6904,0,0,0.0000,0.0000,0.0000,0.0000,0,0.8491,0.1509,4.7497,631.4694,wave,0.2908,0.6536,1.3109,1.2434,0.9464,0.0000,32.1656,32,526.6639,0.3765,0.7505,5,0,53717.7422,1.8750,0.2143,0.0000,0.8475,0.6114,0.3852,6.7067,61481.6328,42,1.8016,38394.5195,2.4464,2869
42,104,Kyoto_Small,eval_over_fleet,IPPO,3600,6,45,40,0.8889,1.0000,0.0000,479.4000,95.8800,0.8988,4.6557,219.9750,262.8889,1039.4297,0.9450,17.8833,15.3812,810.3737,280.3361,56.5778,9429.6299,0,0,0.0000,0.0000,0.0000,0.0000,0,0.8889,0.1111,4.7313,631.4694,wave,0.2484,0.4899,1.3794,0.0000,1.0000,0.0000,12.0891,28,526.2928,0.3657,0.8600,2,0,41577.1875,1.9333,0.0667,0.0000,0.8849,0.5702,0.0000,6.2948,44739.4570,33,1.9918,41398.8672,2.2444,2546
42,105,Kyoto_Small,eval_normal_wave,Hybrid,3600,6,94,78,0.8298,0.9362,0.0638,443.6923,443.6923,0.1927,4.6267,200.5195,255.4024,979.1251,0.9766,19.7078,17.3735,784.8549,193.5923,33.7660,5627.6597,0,0,-0.0502,0.0000,0.0000,0.0000,184,0.8864,0.1136,4.5883,631.4694,wave,0.3586,0.6673,1.3131,1.1492,0.9362,0.0000,4.6945,24,528.9219,0.4041,0.8906,5,0,76371.7578,1.6596,0.2234,0.0000,0.8324,0.4770,0.9298,3.3512,33901.2891,44,1.1489,26125.5000,2.4362,3174
42,106,Kyoto_Small,eval_normal_wave,Hybrid,3600,6,103,79,0.7670,0.9223,0.0777,549.6202,0.0000,0.1160,4.6395,265.8987,300.6889,1195.9814,0.8996,19.0341,17.8157,934.2341,199.0243,27.9709,4661.8125,0,0,-0.0866,0.0000,0.0000,0.0000,195,0.8316,0.1684,4.7109,631.4694,wave,0.2646,0.5313,1.2520,1.0729,0.9223,0.0000,26.7025,24,529.2161,0.3718,0.7246,4,0,94482.5391,1.6893,0.3301,0.0000,0.8096,0.5668,0.9955,4.7113,89504.7812,76,1.0473,20054.4863,2.4175,2881
42,107,Kyoto_Small,eval_normal_wave,Hybrid,3600,6,85,74,0.8706,0.9765,0.0235,472.6622,472.6622,0.2360,4.6383,232.0411,255.1728,1045.2408,0.9009,19.7847,17.0403,828.1030,221.7623,42.2588,7043.1372,0,0,-0.0481,0.0000,0.0000,0.0000,188,0.8916,0.1084,4.6353,631.4694,wave,0.2990,0.5765,1.3288,0.9828,0.9765,0.0000,22.9929,24,528.8489,0.3786,0.8569,4,0,77347.8203,1.8588,0.1294,0.0000,0.8796,0.5484,0.2589,5.2738,70517.6484,70,1.1652,32423.2715,2.4353,3592
42,108,Kyoto_Small,eval_normal_ramp,Hybrid,3600,6,108,90,0.8333,0.9352,0.0648,515.4556,0.0000,0.1497,4.2923,249.0909,274.9891,1107.3862,0.8891,19.9501,18.5564,844.7420,208.3458,22.8426,3807.0989,0,0,-0.0840,0.0000,0.0000,0.0000,200,0.8911,0.1089,4.3266,347.1364,ramp_up_down,0.3825,0.7428,1.2356,1.1322,0.9352,0.0000,27.6137,24,311.7647,0.3267,0.7993,5,0,99664.7656,1.6759,0.2407,0.0000,0.8891,0.5330,0.9506,4.0123,53802.3633,43,1.2213,17421.0645,2.3426,2467
42,109,Kyoto_Small,eval_normal_ramp,Hybrid,3600,6,113,90,0.7965,0.9381,0.0619,516.0889,516.0889,0.2078,4.3055,236.7386,286.9785,1081.1349,0.9134,20.0217,18.5879,830.0145,191.5667,30.9115,5151.9175,0,0,-0.0672,0.0000,0.0000,0.0000,218,0.8491,0.1509,4.3521,347.1364,ramp_up_down,0.2869,0.5363,1.2181,1.4569,0.9381,0.0000,20.5117,24,311.5653,0.3128,0.8084,5,0,97302.1406,1.6814,0.2920,0.0000,0.8422,0.5190,1.2263,3.1481,46069.8984,54,1.0680,25419.1855,2.4513,3493
42,110,Kyoto_Small,eval_normal_ramp,Hybrid,3600,6,104,91,0.8750,0.9615,0.0385,508.1648,0.0000,0.1594,4.2950,256.2000,261.1753,1150.9490,0.8985,19.9882,18.7133,835.7004,184.1844,39.2019,6533.6538,0,0,-0.1433,0.0000,0.0000,1.0000,175,0.9100,0.0900,4.2766,347.1364,ramp_up_down,0.2769,0.5212,1.2085,1.0841,0.9615,0.0000,26.0102,28,311.5608,0.3289,0.7639,4,0,104736.3594,1.5673,0.1346,0.0000,0.9058,0.5150,0.6656,3.5974,40573.5859,42,1.0601,33250.2305,2.0096,4077
42,111,Kyoto_Small,eval_stress_shock,Hybrid,3600,6,150,111,0.7400,0.8133,0.1867,594.5856,594.5856,0.1673,4.1100,280.3909,313.4174,1281.1255,0.9138,19.7086,17.0709,1001.3428,59.3083,18.4467,3074.4443,0,0,-0.0701,0.0000,0.0000,0.0000,271,0.9098,0.0902,4.0625,288.0000,shock_burst,0.2855,0.5257,1.1855,1.0494,0.8133,0.0000,24.1658,28,248.8481,0.5301,0.6698,5,0,142204.9375,1.6333,0.6267,0.0000,0.8418,0.5572,4.1032,3.0855,68776.4062,42,1.0816,14422.1602,2.6933,2767
42,112,Kyoto_Small,eval_stress_shock,Hybrid,3600,6,179,136,0.7598,0.8380,0.1620,509.0221,509.0221,0.2319,4.0810,242.9412,265.5000,1108.9426,0.9129,19.3504,17.3186,865.8477,45.9995,19.8492,3308.1936,0,0,-0.0688,0.0000,0.0000,0.0000,315,0.9067,0.0933,4.0716,288.0000,shock_burst,0.2814,0.5130,1.2037,1.3165,0.8380,0.0000,21.1526,24,251.0614,0.5303,0.7852,5,0,150816.2031,1.6369,0.5642,0.0000,0.8043,0.4912,6.3348,2.9267,44815.0781,49,1.0812,16171.2686,2.5698,3553
42,113,Kyoto_Small,eval_stress_shock,Hybrid,3600,6,167,136,0.8144,0.9102,0.0898,599.8750,599.8750,0.2738,4.0653,274.7500,330.9792,1269.8442,0.9244,19.7558,18.3348,942.3132,57.4080,25.7964,4299.4014,0,0,-0.0916,0.0000,0.0000,0.0000,315,0.8947,0.1053,3.9781,288.0000,shock_burst,0.2428,0.4606,1.2503,1.1653,0.9102,0.0000,20.7812,24,251.3219,0.5440,0.6787,6,1,172698.8125,1.7425,0.3234,0.0000,0.8335,0.5584,5.1504,2.7352,56350.0859,54,1.2135,21595.6699,2.4132,4308
42,114,Kyoto_Small,eval_stress_buildup,Hybrid,3600,6,220,153,0.6955,0.8136,0.1864,577.8889,577.8889,0.3035,4.4131,264.3553,322.5706,1155.1320,0.8739,19.2430,17.3076,853.0480,36.7568,19.5455,3257.5757,0,0,-0.0683,0.0000,0.0000,1.0000,351,0.8547,0.1453,4.4197,495.8625,building_up,0.2715,0.4913,1.1905,1.1875,0.8136,0.0000,33.3289,24,434.8411,0.4103,0.7400,6,0,176735.1875,1.4909,0.6273,0.0000,0.7340,0.4720,8.1854,4.1612,130299.9844,128,1.1883,15134.4775,2.4318,4300
42,115,Kyoto_Small,eval_stress_buildup,Hybrid,3600,6,214,153,0.7150,0.8131,0.1869,602.1569,602.1569,0.2103,4.4246,269.5294,339.8210,1220.0460,0.9053,19.7747,17.5482,937.1138,36.4398,17.8832,2980.5295,0,0,-0.1190,0.0000,0.0000,2.0000,326,0.8793,0.1207,4.4048,495.8625,building_up,0.2754,0.5040,1.2329,1.4820,0.8131,0.0000,25.5202,28,434.2858,0.3933,0.7224,6,0,186667.0312,1.3879,0.6075,0.0000,0.7777,0.5638,8.9711,4.0927,145924.4219,116,1.2561,13495.3506,2.6729,3827
42,116,Kyoto_Small,eval_stress_buildup,Hybrid,3600,6,192,127,0.6615,0.7552,0.2448,585.8189,0.0000,0.1135,4.4268,275.2914,319.0075,1213.1780,0.8814,18.2253,16.2602,930.8574,53.2981,17.1823,2863.7153,0,0,-0.1192,0.0000,0.0000,0.0000,279,0.8759,0.1241,4.3356,495.8625,building_up,0.2647,0.4843,1.3582,1.3079,0.7552,0.0000,32.6558,28,432.1067,0.4213,0.6934,5,0,154073.6094,1.3646,0.7865,0.0000,0.7725,0.6094,10.4693,4.2013,88858.9219,88,1.2513,12119.2080,2.6562,3299
42,117,Kyoto_Small,eval_over_fleet,Hybrid,3600,6,48,34,0.7083,0.8333,0.1667,540.6177,108.1235,0.9403,4.6551,252.2647,298.0250,1134.6960,0.8996,19.4676,17.6243,801.6222,407.3755,42.6042,7100.6943,0,0,-0.0885,0.0000,0.0000,0.0000,74,0.8500,0.1500,4.7211,631.4694,wave,0.3914,0.7276,1.1875,0.9365,0.8333,0.0000,25.3255,24,526.2272,0.3665,0.7783,3,0,38579.6680,1.3542,0.5833,0.0000,0.8048,0.4680,1.0202,8.1509,85391.5547,42,1.6397,24671.4160,2.3542,2045
42,118,Kyoto_Small,eval_over_fleet,Hybrid,3600,6,56,49,0.8750,0.9821,0.0179,529.3062,75.6152,1.1986,4.6519,258.7959,270.3636,1156.8721,0.8940,19.5585,16.7803,885.8685,280.8759,60.1786,10029.7617,0,0,-0.1186,0.0000,0.0000,0.0000,110,0.8909,0.1091,4.7501,631.4694,wave,0.3034,0.6095,1.3060,1.3745,0.9821,0.0000,27.4215,32,526.9172,0.3695,0.8147,4,0,56686.7344,1.7679,0.1429,0.0000,0.8992,0.5957,0.1415,7.4282,56515.6250,48,1.7513,47096.1953,2.1964,3370
42,119,Kyoto_Small,eval_over_fleet,Hybrid,3600,6,45,39,0.8667,1.0000,0.0000,475.8205,95.1641,0.8448,4.6540,230.5897,250.9091,1028.5596,0.8921,17.8833,15.3812,810.3737,280.3361,39.1333,6522.2222,0,0,-0.0682,0.0000,0.0000,0.0000,94,0.8667,0.1333,4.7324,631.4694,wave,0.2880,0.5670,1.3794,0.0000,1.0000,0.0000,24.8778,28,526.2725,0.3714,0.8744,3,0,40113.8242,1.9333,0.0889,0.0000,0.8464,0.5593,0.0000,8.3935,53723.9883,27,3.4410,23528.0898,2.1778,1761
42,120,LosAngeles_Small,eval_normal_wave,MAPPO,3600,6,106,51,0.4811,0.9151,0.0849,803.7451,267.9150,0.6474,4.6547,289.1087,480.0244,1198.6846,0.8292,22.8671,20.2440,919.6140,213.8964,549.7264,91621.0703,0,0,0.0000,0.0000,0.0000,0.0000,0,0.5258,0.4742,4.7381,944.3675,wave,0.3667,0.6459,1.2615,1.2813,0.9151,0.0000,49.3718,28,786.9297,0.3685,0.8768,8,0,61132.9102,0.9906,0.2736,0.0000,0.5255,0.5942,1.7223,3.6353,23509.8516,23,2.4136,539698.3125,3.8868,58271
42,121,LosAngeles_Small,eval_normal_wave,MAPPO,3600,6,99,49,0.4949,0.9798,0.0202,815.2857,815.2857,0.2751,4.6590,253.8182,579.9524,1235.7314,0.9737,23.6872,21.1645,897.3337,230.1703,226.9596,37826.5977,0,0,0.0000,0.0000,0.0000,0.0000,0,0.5052,0.4948,4.7328,944.3675,wave,0.4441,0.8238,1.2512,1.3974,0.9798,0.0000,6.6719,28,786.2311,0.3667,0.8209,10,0,60550.8438,1.2727,0.0707,0.0000,0.5572,0.6192,0.3242,4.5763,30583.8340,32,1.3878,214529.9062,2.9394,22469
42,122,LosAngeles_Small,eval_normal_wave,MAPPO,3600,6,106,69,0.6509,0.9245,0.0755,866.1739,288.7246,0.5128,4.6561,290.9661,560.4667,1187.1154,0.8160,23.8920,21.6457,882.4197,242.5944,321.0472,53507.8633,0,0,0.0000,0.0000,0.0000,0.0000,0,0.7041,0.2959,4.6842,944.3675,wave,0.3750,0.6684,1.2121,1.1381,0.9245,0.0000,53.5430,28,787.1094,0.3657,0.9911,9,0,81910.9609,1.1226,0.2547,0.0000,0.7019,0.5397,1.4579,4.4418,37844.8867,33,1.5719,310640.3125,3.6981,34031
42,123,LosAngeles_Small,eval_normal_ramp,MAPPO,3600,6,98,51,0.5204,0.9490,0.0510,715.8039,357.9019,0.3588,4.3438,283.0222,440.3111,1173.5435,0.8293,22.8941,19.4678,924.8330,213.8905,259.7347,43289.1172,0,0,0.0000,0.0000,0.0000,0.0000,0,0.5484,0.4516,4.3818,519.0942,ramp_up_down,0.3785,0.7790,1.2250,1.1298,0.9490,0.0000,48.3135,28,459.7617,0.2984,0.7413,9,0,59850.7148,1.3980,0.1633,0.0000,0.5191,0.5273,0.8842,2.8849,18708.2871,16,1.5203,251282.1250,3.3878,25454
42,124,LosAngeles_Small,eval_normal_ramp,MAPPO,3600,6,103,64,0.6214,0.9126,0.0874,813.1406,406.5703,0.3818,4.3297,297.4561,468.0000,1323.7146,0.8900,23.7260,20.9130,946.8705,250.3886,249.9515,41658.5742,0,0,0.0000,0.0000,0.0000,0.0000,0,0.6809,0.3191,4.3242,519.0942,ramp_up_down,0.4167,0.8360,1.2184,1.2128,0.9126,0.0000,32.7132,24,461.1822,0.3064,0.7917,11,1,84717.7344,1.2427,0.2718,0.0000,0.6682,0.5854,1.3925,3.5866,38317.7422,25,2.2696,241937.7031,3.5437,25745
42,125,LosAngeles_Small,eval_normal_ramp,MAPPO,3600,6,107,82,0.7664,0.9533,0.0467,650.3903,325.1951,0.4451,4.3241,242.9189,377.9412,1015.6404,0.8362,23.2409,21.4451,782.6482,225.9203,233.3738,38895.6367,0,0,0.0000,0.0000,0.0000,0.0000,0,0.8039,0.1961,4.3294,519.0942,ramp_up_down,0.5106,1.0442,1.2351,1.6183,0.9533,0.0000,39.7908,28,461.9947,0.3072,0.8839,13,0,83282.5078,1.2150,0.1776,0.0000,0.7665,0.4690,0.9872,2.7120,21923.4492,25,1.1878,225531.8125,2.9720,24971
42,126,LosAngeles_Small,eval_stress_shock,MAPPO,3600,6,161,64,0.3975,0.8882,0.1118,917.0781,917.0781,0.2951,4.2194,263.2034,658.2143,1214.8040,0.9231,23.4280,20.1042,961.0025,81.3225,407.3044,67884.0547,0,0,0.0000,0.0000,0.0000,0.0000,0,0.4476,0.5524,4.1966,430.0000,shock_burst,0.3470,0.7550,1.2220,1.3585,0.8882,0.0000,20.2426,24,365.5583,0.4483,0.8108,10,1,77747.4531,1.2671,0.3665,0.0000,0.3918,0.5334,4.0925,5.9350,58147.4805,19,1.2940,402736.9375,3.2733,65576
42,127,LosAngeles_Small,eval_stress_shock,MAPPO,3600,6,141,88,0.6241,0.8582,0.1418,690.4091,690.4091,0.2466,4.2068,215.8289,435.1014,921.9332,0.8543,20.4426,18.4781,777.3258,70.9483,88.6738,14778.9600,0,0,0.0000,0.0000,0.0000,0.0000,0,0.7273,0.2727,4.1866,430.0000,shock_burst,0.4079,0.7920,1.1930,1.3148,0.8582,0.0000,31.4423,24,366.4897,0.4537,0.8934,13,0,81130.1172,1.0922,0.4681,0.0000,0.6323,0.4321,3.7991,3.2668,28895.6699,27,1.0982,82946.8594,3.2766,12503
42,128,LosAngeles_Small,eval_stress_shock,MAPPO,3600,6,141,101,0.7163,0.9078,0.0922,804.8020,804.8020,0.2280,4.1742,281.8470,527.1945,1172.8237,0.8322,21.9954,19.8760,986.5538,74.9720,83.6099,13934.9883,0,0,0.0000,0.0000,0.0000,0.0000,0,0.7891,0.2109,4.0930,430.0000,shock_burst,0.4031,0.7438,1.2307,1.5819,0.9078,0.0000,47.2823,24,367.2022,0.4879,0.8287,10,0,118455.1953,1.3546,0.2766,0.0000,0.6991,0.5787,3.2437,3.4001,53724.1328,33,1.0549,77536.5156,3.7021,11789
42,129,LosAngeles_Small,eval_stress_buildup,MAPPO,3600,6,230,152,0.6609,0.8261,0.1739,665.4671,665.4671,0.1744,4.4751,213.8425,421.8318,948.3391,0.8870,21.7209,20.6682,797.2079,37.9444,87.2478,14541.3047,2,0,0.0000,0.0000,0.0000,0.0000,0,0.8000,0.2000,4.4715,741.5442,building_up,0.4503,0.8536,1.3048,1.2011,0.8261,0.0000,24.1747,24,642.2448,0.3471,0.9441,12,0,144147.5312,1.2000,0.5348,0.0000,0.6850,0.4923,6.8140,4.4148,68944.8750,74,1.1106,81761.0234,3.8957,20067
42,130,LosAngeles_Small,eval_stress_buildup,MAPPO,3600,6,178,107,0.6011,0.8539,0.1461,661.7103,661.7103,0.2093,4.4830,267.2474,389.3765,1140.6591,0.8536,23.0127,20.4475,965.7214,44.2838,138.9045,23150.7500,0,0,0.0000,0.0000,0.0000,0.0000,0,0.7039,0.2961,4.4377,741.5442,building_up,0.3699,0.8446,1.3122,1.2440,0.8539,0.0000,39.1156,24,639.4958,0.3527,0.8484,13,1,122050.5234,1.3539,0.4607,0.0000,0.6193,0.5654,4.8299,5.0248,78529.5156,58,1.0000,132368.0156,3.7921,24725
42,131,LosAngeles_Small,eval_stress_buildup,MAPPO,3600,6,212,140,0.6604,0.9057,0.0943,775.6143,775.6143,0.1781,4.4621,301.9594,507.8818,1368.4747,0.9064,23.9168,21.3141,1121.4349,40.3333,97.2028,16200.4717,1,0,0.0000,0.0000,0.0000,0.0000,0,0.7292,0.2708,4.4157,741.5442,building_up,0.4325,0.8763,1.4013,1.5663,0.9057,0.0000,28.2644,28,642.7528,0.3661,0.7709,12,1,191586.4688,1.3821,0.2972,0.0000,0.6802,0.7599,5.2431,5.0468,92784.5938,83,1.2563,90680.8906,3.8491,20607
42,132,LosAngeles_Small,eval_over_fleet,MAPPO,3600,6,42,36,0.8571,0.9524,0.0476,489.3055,122.3264,0.7639,4.6615,224.7714,283.5641,991.2661,0.8820,21.9707,17.9973,797.4761,400.8117,554.3571,92392.8594,0,0,0.0000,0.0000,0.0000,0.0000,0,0.9000,0.1000,4.6834,944.3675,wave,0.2837,0.6526,1.2388,0.8481,0.9524,0.0000,26.5182,28,785.2592,0.3644,0.8306,4,0,35685.5820,1.8810,0.1667,0.0000,0.8179,0.4243,0.2843,3.4124,16856.3281,22,1.5580,527337.0625,2.7143,23283
42,133,LosAngeles_Small,eval_over_fleet,MAPPO,3600,6,55,52,0.9455,0.9818,0.0182,631.0192,90.1456,1.1865,4.6550,290.3600,321.1633,1285.8832,0.8857,22.6787,20.2619,967.3472,328.0884,578.7273,96454.5469,0,0,0.0000,0.0000,0.0000,0.0000,0,0.9630,0.0370,4.6943,944.3675,wave,0.3255,0.7288,1.3469,0.5325,0.9818,0.0000,33.1833,28,787.2681,0.3580,0.7373,5,1,66865.9219,1.6545,0.1091,0.0000,1.0112,0.6833,0.0533,2.9554,23372.9473,38,2.2384,559150.1875,2.5455,31830
42,134,LosAngeles_Small,eval_over_fleet,MAPPO,3600,6,58,55,0.9483,0.9483,0.0517,617.5637,102.9273,1.1569,4.6603,301.1373,301.4167,1325.8405,0.8806,22.7278,20.5476,1001.9677,340.2075,587.4138,97902.2969,0,0,0.0000,0.0000,0.0000,0.0000,0,1.0000,0.0000,4.7702,944.3675,wave,0.3441,0.6826,1.2771,1.2980,0.9483,0.0000,35.9692,28,786.5783,0.3549,0.7496,4,0,72921.2266,1.5517,0.2241,0.0000,1.0270,0.6487,0.4199,5.4301,51179.3281,44,1.8709,569161.5625,2.5172,34070
42,135,LosAngeles_Small,eval_normal_wave,FaithfulMAPPER,3600,6,106,89,0.8396,0.9623,0.0377,502.5393,502.5393,0.2387,4.6455,237.1046,283.0435,1156.5396,0.9756,23.0538,20.2803,893.6196,208.2976,60.0566,10009.4336,0,0,0.0000,0.0000,0.0000,0.0000,0,0.8725,0.1275,4.7280,944.3675,wave,0.3703,0.6749,1.2614,1.3105,0.9623,0.0000,5.7967,28,789.3250,0.3719,0.8236,5,0,102932.0234,1.6887,0.1226,0.0000,0.8363,0.5418,0.5471,5.0873,79418.0234,73,1.0160,49410.8672,2.6415,6366
42,136,LosAngeles_Small,eval_normal_wave,FaithfulMAPPER,3600,6,99,84,0.8485,0.9798,0.0202,556.8214,0.0000,0.1312,4.6479,258.4000,310.7675,1176.8552,0.9109,23.6872,21.1645,898.5906,234.7339,58.1313,9688.5518,0,0,0.0000,0.0000,0.0000,0.0000,0,0.8660,0.1340,4.7219,944.3675,wave,0.3194,0.6608,1.2476,1.5738,0.9798,0.0000,23.0289,28,788.6083,0.3763,0.8469,7,1,98855.8438,1.4646,0.1010,0.0000,0.8757,0.5677,0.3148,6.5542,102112.9141,92,1.2434,44740.3555,2.4242,5755
42,137,LosAngeles_Small,eval_normal_wave,FaithfulMAPPER,3600,6,106,91,0.8585,0.9528,0.0472,578.7802,578.7802,0.2862,4.6461,257.5682,328.6631,1127.7800,0.8757,23.8920,21.7495,865.4390,233.5381,58.2170,9702.8301,0,0,0.0000,0.0000,0.0000,0.0000,0,0.9010,0.0990,4.6759,944.3675,wave,0.3230,0.6761,1.2263,0.8065,0.9528,0.0000,32.0122,28,788.8897,0.3768,0.8264,7,1,102627.9844,1.3585,0.1698,0.0000,0.8870,0.5172,0.6388,6.7236,135919.1875,83,1.2183,46877.0469,2.5189,6171
42,138,LosAngeles_Small,eval_normal_ramp,FaithfulMAPPER,3600,6,98,81,0.8265,0.9490,0.0510,575.1111,0.0000,0.1570,4.3324,267.0000,322.6707,1218.7578,0.9129,22.8514,19.5287,928.4132,217.7454,50.4898,8414.9658,0,0,0.0000,0.0000,0.0000,0.0000,0,0.8710,0.1290,4.3707,519.0942,ramp_up_down,0.3536,0.7729,1.2314,1.0096,0.9490,0.0000,23.2484,28,461.8694,0.2991,0.7099,8,0,98719.3828,1.5306,0.1837,0.0000,0.8552,0.5469,0.6179,3.2019,39146.3984,41,1.1092,41282.2773,2.5816,4948
42,139,LosAngeles_Small,eval_normal_ramp,FaithfulMAPPER,3600,6,103,77,0.7476,0.9029,0.0971,606.7013,606.7013,0.1909,4.3218,282.4342,329.9759,1303.7084,0.9232,23.7548,22.2144,951.8862,251.7423,54.2524,9042.0713,0,0,0.0000,0.0000,0.0000,0.0000,0,0.8280,0.1720,4.3149,519.0942,ramp_up_down,0.3612,0.6689,1.2250,1.1518,0.9029,0.0000,21.6925,24,462.0503,0.3115,0.6797,5,0,100385.5391,1.5631,0.3398,0.0000,0.8461,0.6161,1.6516,3.0542,45831.4922,40,1.0549,45624.1250,3.1262,5588
42,140,LosAngeles_Small,eval_normal_ramp,FaithfulMAPPER,3600,6,107,89,0.8318,0.9346,0.0654,531.5731,0.0000,0.1355,4.3199,238.2558,283.0222,1084.0222,0.9100,23.8398,21.5031,795.1348,228.6515,43.0000,7166.6665,0,0,0.0000,0.0000,0.0000,0.0000,0,0.8900,0.1100,4.3263,519.0942,ramp_up_down,0.3649,0.6903,1.2405,1.4318,0.9346,0.0000,21.4514,28,462.9436,0.3058,0.8514,6,0,96477.9844,1.4860,0.2710,0.0000,0.8535,0.4811,1.1219,3.0008,41752.4883,38,1.0000,35021.2539,2.5981,4601
42,141,LosAngeles_Small,eval_stress_shock,FaithfulMAPPER,3600,6,161,121,0.7516,0.8820,0.1180,612.8595,612.8595,0.2794,4.1488,274.9504,339.9291,1230.0107,0.8947,23.4280,19.9251,975.7961,78.2804,32.4720,5412.0083,0,0,0.0000,0.0000,0.0000,0.0000,0,0.8521,0.1479,4.1257,430.0000,shock_burst,0.2931,0.5324,1.2184,1.3777,0.8820,0.0000,28.9483,24,369.3906,0.4959,0.6962,5,0,148831.2969,1.5652,0.3727,0.0000,0.7852,0.5655,3.7344,3.3743,68391.7109,47,1.0686,27306.5840,2.4286,5228
42,142,LosAngeles_Small,eval_stress_shock,FaithfulMAPPER,3600,6,141,90,0.6383,0.7589,0.2411,531.4111,531.4111,0.2435,4.1891,239.9667,304.0619,1095.1615,0.9128,24.0137,20.2350,844.2731,96.3659,39.6170,6602.8369,0,0,0.0000,0.0000,0.0000,0.0000,0,0.8411,0.1589,4.1651,430.0000,shock_burst,0.2739,0.5305,1.2324,1.1408,0.7589,0.0000,20.9344,24,366.9244,0.4701,0.7676,5,0,98564.5391,1.4752,0.7730,0.0000,0.7450,0.4978,5.7482,2.5667,35166.3672,37,1.0492,33543.3984,2.8865,5586
42,143,LosAngeles_Small,eval_stress_shock,FaithfulMAPPER,3600,6,141,107,0.7589,0.9078,0.0922,642.3552,642.3552,0.2806,4.1598,270.4038,381.4107,1205.4218,0.8916,21.9954,19.8760,990.7362,77.5364,45.1064,7517.7305,1,0,0.0000,0.0000,0.0000,0.0000,0,0.8359,0.1641,4.0759,430.0000,shock_burst,0.3528,0.6504,1.2356,1.5333,0.9078,0.0000,29.3195,24,368.0614,0.4975,0.6974,6,0,128980.1328,1.5106,0.2908,0.0000,0.7574,0.5919,3.1888,2.5122,41501.4336,37,1.2812,38749.3984,2.6099,6360
42,144,LosAngeles_Small,eval_stress_buildup,FaithfulMAPPER,3600,6,230,152,0.6609,0.7348,0.2652,507.7763,507.7763,0.2523,4.4637,221.5274,290.4079,1037.7375,0.9369,21.7209,20.6682,868.6803,51.0817,35.1000,5850.0000,1,0,0.0000,0.0000,0.0000,0.0000,0,0.8994,0.1006,4.4642,741.5442,building_up,0.2516,0.4697,1.3082,1.2275,0.7348,0.0000,13.9799,24,642.8872,0.3652,0.8279,7,1,157736.1094,1.2652,0.8217,0.0000,0.7554,0.5429,10.5808,4.8007,103272.8281,110,1.2034,29669.5312,2.9391,8073
42,145,LosAngeles_Small,eval_stress_buildup,FaithfulMAPPER,3600,6,178,126,0.7079,0.7921,0.2079,646.2064,0.0000,0.0906,4.4711,299.5667,360.5635,1262.8831,0.8431,23.0127,20.3656,1008.7976,50.3612,35.7472,5957.8652,1,0,0.0000,0.0000,0.0000,0.0000,0,0.8936,0.1064,4.4256,741.5442,building_up,0.2843,0.5135,1.3139,1.2576,0.7921,0.0000,46.9901,24,641.3222,0.3619,0.6848,5,0,159123.2656,1.3258,0.6404,0.0000,0.7950,0.6163,7.3826,3.8874,105151.6094,83,1.0000,28552.1289,2.8708,6363
42,146,LosAngeles_Small,eval_stress_buildup,FaithfulMAPPER,3600,6,212,153,0.7217,0.8632,0.1368,692.4902,692.4902,0.2576,4.4511,320.1973,385.7105,1436.3765,0.8972,23.5091,21.1214,1176.6147,47.3132,48.5047,8084.1196,0,0,0.0000,0.0000,0.0000,0.0000,0,0.8361,0.1639,4.4028,741.5442,building_up,0.2227,0.4201,1.4018,1.5120,0.8632,0.0000,32.9220,28,644.1866,0.3778,0.6467,6,1,219765.5938,1.6509,0.4340,0.0000,0.7519,0.7686,6.2345,3.7149,129067.2578,104,1.5951,41589.8906,3.1887,10283
42,147,LosAngeles_Small,eval_over_fleet,FaithfulMAPPER,3600,6,42,38,0.9048,0.9762,0.0238,485.2368,97.0474,0.9113,4.6639,231.9211,258.6829,1028.2437,0.8867,21.9707,18.2561,785.8051,408.1939,158.4286,26404.7617,0,0,0.0000,0.0000,0.0000,0.0000,0,0.9268,0.0732,4.6816,944.3675,wave,0.2020,0.4951,1.2300,0.8171,0.9762,0.0000,26.2723,28,785.3739,0.3587,0.8322,3,0,39073.2578,1.8095,0.1905,0.0000,0.9055,0.4451,0.1441,4.4336,17878.8516,26,1.7770,128893.8594,2.2381,6654
42,148,LosAngeles_Small,eval_over_fleet,FaithfulMAPPER,3600,6,55,46,0.8364,0.9273,0.0727,568.4130,94.7355,1.1556,4.6563,288.6304,305.8367,1286.5826,0.8915,21.8949,19.6493,1014.1833,344.0281,145.3455,24224.2422,0,0,0.0000,0.0000,0.0000,0.0000,0,0.9020,0.0980,4.6943,944.3675,wave,0.1829,0.3961,1.3653,0.9087,0.9273,0.0000,31.3139,28,786.9650,0.3574,0.7114,3,1,59182.8047,1.7818,0.2364,0.0000,0.8916,0.6811,0.3635,5.1094,50209.7656,47,1.9307,126505.3828,2.3091,7994
42,149,LosAngeles_Small,eval_over_fleet,FaithfulMAPPER,3600,6,58,48,0.8276,0.9310,0.0690,613.2708,87.6101,1.2587,4.6593,296.7083,326.9808,1335.3120,0.9001,22.7278,20.5476,1016.0632,346.9295,127.5517,21258.6211,0,0,0.0000,0.0000,0.0000,0.0000,0,0.8889,0.1111,4.7709,944.3675,wave,0.2525,0.5103,1.2912,1.1028,0.9310,0.0000,29.6459,28,786.4323,0.3581,0.7101,3,0,64094.9766,1.4310,0.2414,0.0000,0.8985,0.6503,0.4822,4.8066,53280.8828,49,1.6655,107778.8438,1.8793,7398
42,150,LosAngeles_Small,eval_normal_wave,IPPO,3600,6,106,83,0.7830,0.9528,0.0472,533.5181,533.5181,0.1738,4.6453,253.2593,307.1075,1167.2477,0.9218,23.0538,20.2803,897.0433,211.1502,50.5094,8418.2393,0,0,0.0000,0.0000,0.0000,0.0000,0,0.8218,0.1782,4.7282,944.3675,wave,0.3855,0.7389,1.2557,1.4151,0.9528,0.0000,19.8097,28,789.1970,0.3726,0.7744,6,0,96881.5547,1.6887,0.1887,0.0000,0.8015,0.5568,0.9914,5.4937,80215.8828,75,1.1156,39691.3867,2.3396,5354
42,151,LosAngeles_Small,eval_normal_wave,IPPO,3600,6,99,85,0.8586,0.9697,0.0303,564.6706,564.6706,0.2647,4.6515,268.0964,298.1910,1179.6132,0.8800,23.6872,21.1637,905.0278,237.5386,57.6869,9614.4785,0,0,0.0000,0.0000,0.0000,0.0000,0,0.8854,0.1146,4.7225,944.3675,wave,0.2854,0.5476,1.2481,1.4470,0.9697,0.0000,32.1737,28,788.5500,0.3657,0.7560,5,0,100267.1172,1.8788,0.1414,0.0000,0.8817,0.5648,0.4822,5.8071,100285.7031,75,1.1106,44448.2617,2.7677,5711
42,152,LosAngeles_Small,eval_normal_wave,IPPO,3600,6,106,85,0.8019,0.9057,0.0943,574.7765,574.7765,0.3026,4.6519,249.4524,340.0000,1145.3472,0.9183,23.8920,21.5587,896.9434,243.4649,63.1887,10531.4463,0,0,0.0000,0.0000,0.0000,0.0000,0,0.8854,0.1146,4.6768,944.3675,wave,0.2711,0.5034,1.2165,1.1113,0.9057,0.0000,20.3829,28,788.5511,0.3649,0.7973,4,0,97354.5078,1.5472,0.3208,0.0000,0.8545,0.5334,1.7002,7.0548,109251.2422,84,1.9038,51101.6875,2.7075,6698
42,153,LosAngeles_Small,eval_normal_ramp,IPPO,3600,6,98,80,0.8163,0.9592,0.0408,532.7000,0.0000,0.1027,4.3332,252.4177,299.7931,1175.0883,0.9311,22.8514,19.5287,904.7863,219.4624,32.3878,5397.9590,0,0,0.0000,0.0000,0.0000,0.0000,0,0.8511,0.1489,4.3702,519.0942,ramp_up_down,0.3296,0.6367,1.2311,0.9621,0.9592,0.0000,17.4001,28,461.7872,0.2983,0.7366,5,0,94007.0625,1.6429,0.1429,0.0000,0.8117,0.5256,1.5544,3.8296,37554.9961,46,1.0187,23777.4082,2.8571,3174
42,154,LosAngeles_Small,eval_normal_ramp,IPPO,3600,6,103,84,0.8155,0.9223,0.0777,578.5476,578.5476,0.2322,4.3201,270.2262,321.1333,1275.0734,0.9437,23.8220,22.2343,937.6071,245.9185,38.0583,6343.0420,0,0,0.0000,0.0000,0.0000,0.0000,0,0.8842,0.1158,4.3131,519.0942,ramp_up_down,0.2813,0.5401,1.2270,1.1100,0.9223,0.0000,15.2115,24,462.4281,0.3114,0.7111,4,0,107106.1641,1.6893,0.2816,0.0000,0.8732,0.5828,1.2777,2.7962,43487.8984,42,1.0253,29183.1562,2.4272,3920
42,155,LosAngeles_Small,eval_normal_ramp,IPPO,3600,6,107,86,0.8037,0.9159,0.0841,478.1860,0.0000,0.1339,4.3188,227.2588,269.2581,1043.5375,0.9184,23.8398,21.7353,805.1785,234.8166,50.0000,8333.3330,0,0,0.0000,0.0000,0.0000,0.0000,0,0.8776,0.1224,4.3264,519.0942,ramp_up_down,0.3509,0.7155,1.2442,1.3480,0.9159,0.0000,18.5513,28,462.8375,0.3086,0.8273,8,0,89744.2188,1.4860,0.3271,0.0000,0.8318,0.4853,1.4728,3.3044,42461.3516,44,1.0644,42119.8047,2.3738,5350
42,156,LosAngeles_Small,eval_stress_shock,IPPO,3600,6,161,120,0.7453,0.8696,0.1304,602.2584,602.2584,0.2763,4.1505,261.3109,347.3231,1215.1927,0.9301,23.4280,19.9251,982.6365,85.4850,29.3292,4888.1987,0,0,0.0000,0.0000,0.0000,0.0000,0,0.8571,0.1429,4.1259,430.0000,shock_burst,0.2557,0.4734,1.2131,1.3981,0.8696,0.0000,18.2724,24,369.3781,0.4947,0.6911,5,0,145823.1250,1.6149,0.4099,0.0000,0.7709,0.5598,4.4874,3.1498,65720.3281,46,1.1160,24460.4355,2.5901,4722
42,157,LosAngeles_Small,eval_stress_shock,IPPO,3600,6,141,95,0.6738,0.7801,0.2199,519.7684,519.7684,0.2212,4.1876,237.8936,275.7228,1082.3751,0.9100,24.0137,20.2350,832.5835,92.6624,28.2128,4702.1274,0,0,0.0000,0.0000,0.0000,0.0000,0,0.8636,0.1364,4.1690,430.0000,shock_burst,0.3240,0.5893,1.2216,1.1701,0.7801,0.0000,21.4186,24,367.2322,0.4696,0.7859,4,0,102825.6328,1.3262,0.7376,0.0000,0.7814,0.4946,5.3201,2.7417,34839.1523,23,1.0444,21475.0352,2.5106,3978
42,158,LosAngeles_Small,eval_stress_shock,IPPO,3600,6,141,108,0.7660,0.9220,0.0780,599.4815,599.4815,0.2420,4.1613,257.6389,352.2705,1192.2395,0.9255,21.9954,19.8760,981.1510,74.8767,36.6312,6105.2012,0,0,0.0000,0.0000,0.0000,0.0000,0,0.8308,0.1692,4.0723,430.0000,shock_burst,0.3289,0.6009,1.2427,1.5037,0.9220,0.0000,19.1910,24,368.0064,0.4960,0.6816,5,0,128761.8594,1.7447,0.2695,0.0000,0.7423,0.5747,2.5418,2.3645,38429.2070,31,1.1160,30434.4121,2.4894,5165
42,159,LosAngeles_Small,eval_stress_buildup,IPPO,3600,6,230,135,0.5870,0.6957,0.3043,520.2148,520.2148,0.2085,4.4647,231.7926,306.8742,1065.4238,0.9193,21.7209,20.4291,891.6980,51.8214,33.1000,5516.6665,0,0,0.0000,0.0000,0.0000,0.0000,0,0.8438,0.1562,4.4672,741.5442,building_up,0.2499,0.4556,1.3197,1.2116,0.6957,0.0000,18.7078,24,642.3483,0.3671,0.7927,5,0,143832.2188,1.3478,0.9652,0.0000,0.7081,0.5730,12.8043,4.4536,144595.9688,106,1.2355,27689.5820,3.0913,7613
42,160,LosAngeles_Small,eval_stress_buildup,IPPO,3600,6,178,132,0.7416,0.8090,0.1910,613.8561,613.8561,0.2813,4.4700,271.7054,357.6571,1242.6736,0.9147,23.0127,20.3656,1000.2401,52.2901,31.2865,5214.4194,0,0,0.0000,0.0000,0.0000,0.0000,0,0.9167,0.0833,4.4243,741.5442,building_up,0.2491,0.4726,1.3025,1.3010,0.8090,0.0000,23.1707,24,641.6136,0.3620,0.6970,6,0,164032.9062,1.4494,0.6236,0.0000,0.8168,0.6045,7.0752,3.4438,80052.4922,86,1.3287,24139.6914,2.6461,5569
42,161,LosAngeles_Small,eval_stress_buildup,IPPO,3600,6,212,147,0.6934,0.8255,0.1745,698.9048,698.9048,0.1694,4.4538,322.4150,396.1677,1472.9515,0.9137,23.5091,21.1605,1212.9081,49.1918,33.0660,5511.0063,0,0,0.0000,0.0000,0.0000,0.0000,0,0.8400,0.1600,4.4070,741.5442,building_up,0.2512,0.4533,1.3976,1.5082,0.8255,0.0000,27.8247,28,644.0005,0.3734,0.6207,5,0,216523.8750,1.5189,0.5660,0.0000,0.7434,0.7909,9.1396,3.9133,118700.6406,117,1.0664,26375.2070,2.8160,7010
42,162,LosAngeles_Small,eval_over_fleet,IPPO,3600,6,42,35,0.8333,0.9524,0.0476,486.1429,97.2286,0.8812,4.6631,221.9143,280.7250,1006.2056,0.9068,21.9707,17.9973,797.4761,400.8117,94.0000,15666.6670,0,0,0.0000,0.0000,0.0000,0.0000,0,0.8750,0.1250,4.6826,944.3675,wave,0.2837,0.6299,1.2388,0.8481,0.9524,0.0000,20.6732,28,785.2367,0.3612,0.8170,4,0,35217.1953,2.1190,0.3333,0.0000,0.8080,0.4312,0.2843,4.0392,25682.7793,30,1.8446,61395.3086,2.7857,3948
42,163,LosAngeles_Small,eval_over_fleet,IPPO,3600,6,55,49,0.8909,0.9455,0.0545,570.0612,81.4373,1.2204,4.6568,270.1224,311.5882,1260.4169,0.9332,21.8949,19.6493,997.8820,343.9317,111.4364,18572.7266,0,0,0.0000,0.0000,0.0000,0.0000,0,0.9423,0.0577,4.6947,944.3675,wave,0.2276,0.4725,1.3674,0.7188,0.9455,0.0000,18.0391,28,787.0536,0.3557,0.7487,3,1,61760.4258,1.8182,0.2182,0.0000,0.9248,0.6632,0.2156,4.6906,38826.5078,43,1.8483,91520.8750,2.4364,6129
42,164,LosAngeles_Small,eval_over_fleet,IPPO,3600,6,58,48,0.8276,0.9310,0.0690,598.5417,74.8177,1.3436,4.6614,299.2500,307.6415,1339.6387,0.8953,22.7278,20.5476,1017.4968,344.0053,69.8103,11635.0576,0,0,0.0000,0.0000,0.0000,0.0000,0,0.8889,0.1111,4.7710,944.3675,wave,0.2745,0.5465,1.2896,1.1240,0.9310,0.0000,31.3223,28,786.3967,0.3532,0.7386,3,0,64302.6562,1.7069,0.2414,0.0000,0.8751,0.6334,0.4802,5.5947,61611.9609,56,1.6314,49891.2070,2.3103,4049
42,165,LosAngeles_Small,eval_normal_wave,Hybrid,3600,6,106,88,0.8302,0.9717,0.0283,527.3523,527.3523,0.2994,4.6482,239.5455,300.1939,1152.7462,0.9624,23.0538,20.2803,886.3638,202.3973,51.6038,8600.6289,0,0,-0.1387,0.0000,0.0000,1.0000,175,0.8544,0.1456,4.7267,944.3675,wave,0.3267,0.6030,1.2689,1.0683,0.9717,0.0000,8.9962,28,789.3655,0.3629,0.7896,5,0,101441.6641,1.5377,0.1321,0.0000,0.8424,0.5519,0.3529,4.4911,76807.2500,78,1.2988,40400.3203,2.0000,5470
42,166,LosAngeles_Small,eval_normal_wave,Hybrid,3600,6,99,86,0.8687,0.9697,0.0303,523.8372,523.8372,0.2225,4.6516,251.8256,272.2151,1181.2389,0.9381,23.6872,21.1637,904.5392,237.0281,53.3535,8892.2559,0,0,-0.1007,0.0000,0.0000,1.0000,192,0.8958,0.1042,4.7216,944.3675,wave,0.2766,0.5339,1.2608,1.0429,0.9697,0.0000,15.5778,28,788.4425,0.3664,0.8116,5,0,101586.5391,1.7071,0.1212,0.0000,0.8842,0.5598,0.3618,4.9520,87293.6250,74,1.3249,39950.4844,2.1818,5282
42,167,LosAngeles_Small,eval_normal_wave,Hybrid,3600,6,106,90,0.8491,0.9340,0.0660,515.5778,515.5778,0.2506,4.6500,246.4719,281.9362,1125.3741,0.9132,23.8920,21.6625,878.4471,236.8991,37.5094,6251.5723,0,0,-0.0779,0.0000,0.0000,2.0000,202,0.9091,0.0909,4.6768,944.3675,wave,0.2448,0.4652,1.2347,0.8085,0.9340,0.0000,21.3971,28,788.5992,0.3682,0.8338,4,1,101283.6719,1.6698,0.2925,0.0000,0.8856,0.5221,0.9065,5.1687,82773.8125,73,1.6318,26102.0840,2.5094,3976
42,168,LosAngeles_Small,eval_normal_ramp,Hybrid,3600,6,98,72,0.7347,0.9286,0.0714,536.1111,0.0000,0.1334,4.3325,253.5139,304.3256,1212.8771,0.9569,22.6797,19.4438,927.3562,218.5117,48.4184,8069.7280,0,0,-0.0695,0.0000,0.0000,0.0000,184,0.7912,0.2088,4.3718,519.0942,ramp_up_down,0.3681,0.7201,1.2242,1.1667,0.9286,0.0000,10.9385,28,461.8430,0.2986,0.7437,5,0,87327.1562,1.7245,0.2245,0.0000,0.7694,0.5536,2.0290,3.1807,42655.1133,54,1.0101,39281.7227,2.4184,4745
42,169,LosAngeles_Small,eval_normal_ramp,Hybrid,3600,6,103,90,0.8738,0.9612,0.0388,574.5000,574.5000,0.2128,4.3201,268.4719,328.9575,1238.3735,0.9225,23.8220,22.2392,910.3655,246.2106,42.9417,7156.9580,0,0,-0.1249,0.0000,0.0000,0.0000,187,0.9091,0.0909,4.3140,519.0942,ramp_up_down,0.3210,0.6623,1.2174,1.2323,0.9612,0.0000,20.7972,24,462.5886,0.3105,0.7154,6,0,111453.6172,1.5922,0.1942,0.0000,0.8936,0.5567,0.7532,2.8009,38495.4336,41,1.0423,33604.8164,2.3398,4423
42,170,LosAngeles_Small,eval_normal_ramp,Hybrid,3600,6,107,86,0.8037,0.9065,0.0935,487.0581,243.5291,0.4195,4.3189,222.3488,278.3158,1061.1353,0.9545,23.8398,21.7353,809.2693,231.7274,56.7664,9461.0596,0,0,-0.0868,0.0000,0.0000,0.0000,186,0.8866,0.1134,4.3257,519.0942,ramp_up_down,0.3362,0.6170,1.2462,1.3191,0.9065,0.0000,10.1218,28,462.7825,0.3084,0.8118,5,0,91257.6328,1.5327,0.3551,0.0000,0.8276,0.4828,1.6874,3.3694,36697.2305,41,1.1613,47997.2227,2.2617,6074
42,171,LosAngeles_Small,eval_stress_shock,Hybrid,3600,6,161,119,0.7391,0.8696,0.1304,602.0672,301.0336,0.4000,4.1514,263.7143,338.0385,1230.2307,0.9330,23.4280,20.1042,982.3355,87.3475,28.4969,4749.4824,0,0,-0.1562,0.0000,0.0000,0.0000,231,0.8500,0.1500,4.1232,430.0000,shock_burst,0.2498,0.4652,1.2316,1.2745,0.8696,0.0000,17.6682,24,369.3531,0.4936,0.6996,5,1,146397.4688,1.3540,0.4286,0.0000,0.7715,0.5649,4.1196,3.1953,62749.6367,40,1.2548,23464.6016,2.1863,4588
42,172,LosAngeles_Small,eval_stress_shock,Hybrid,3600,6,141,95,0.6738,0.7801,0.2199,505.5368,505.5368,0.1810,4.1874,237.0745,271.3061,1082.1764,0.9129,24.0137,20.2529,831.9987,102.2590,31.5957,5265.9575,0,0,-0.0818,0.0000,0.0000,1.0000,199,0.8636,0.1364,4.1626,430.0000,shock_burst,0.3134,0.5893,1.2215,1.1706,0.7801,0.0000,20.6392,24,367.0905,0.4700,0.7851,5,0,102806.7578,1.2624,0.7163,0.0000,0.7705,0.4877,5.2922,3.1505,47505.2461,34,1.1430,24764.4609,2.3333,4455
42,173,LosAngeles_Small,eval_stress_shock,Hybrid,3600,6,141,109,0.7730,0.9078,0.0922,567.4220,0.0000,0.1620,4.1627,249.8165,329.7583,1204.8973,0.9646,21.9954,19.8760,990.7426,76.7411,33.4610,5576.8320,0,0,-0.1327,0.0000,0.0000,0.0000,227,0.8516,0.1484,4.0772,430.0000,shock_burst,0.2890,0.5265,1.2333,1.5561,0.9078,0.0000,8.8371,24,367.6983,0.4961,0.7078,4,0,131333.8125,1.5461,0.2979,0.0000,0.7562,0.5801,3.2574,2.9021,49066.8867,39,1.4554,27900.6738,2.1064,4718
42,174,LosAngeles_Small,eval_stress_buildup,Hybrid,3600,6,230,153,0.6652,0.7348,0.2652,505.6013,505.6013,0.2518,4.4629,230.7189,281.1491,1033.6921,0.8961,21.7209,20.6220,856.2424,50.6370,44.3348,7389.1304,0,0,-0.1160,0.0000,0.0000,0.0000,318,0.9053,0.0947,4.4635,741.5442,building_up,0.2230,0.4147,1.3311,1.1641,0.7348,0.0000,23.9805,24,642.7936,0.3678,0.7986,6,1,158154.8906,1.2565,0.8391,0.0000,0.7598,0.5424,11.1843,4.5685,118846.2422,115,1.0486,38916.5742,2.6652,10197
42,175,LosAngeles_Small,eval_stress_buildup,Hybrid,3600,6,178,134,0.7528,0.8202,0.1798,575.4850,575.4850,0.2540,4.4691,270.0376,313.2270,1242.6750,0.9204,23.0127,20.3656,994.3719,51.2327,34.5449,5757.4907,0,0,-0.1552,0.0000,0.0000,1.0000,263,0.9178,0.0822,4.4232,741.5442,building_up,0.2327,0.4224,1.3041,1.2934,0.8202,0.0000,21.5026,24,641.7000,0.3628,0.7278,4,0,166518.4688,1.4157,0.5899,0.0000,0.8319,0.6064,6.1520,4.0052,114451.4453,82,1.4785,27494.9824,2.3315,6149
42,176,LosAngeles_Small,eval_stress_buildup,Hybrid,3600,6,212,155,0.7311,0.8632,0.1368,733.7097,366.8548,0.3564,4.4516,319.3856,412.9879,1488.7963,0.9323,23.5091,21.1214,1174.9381,46.0302,38.2170,6369.4971,0,0,-0.1823,0.0000,0.0000,0.0000,363,0.8470,0.1530,4.4031,741.5442,building_up,0.2098,0.3858,1.4120,1.4479,0.8632,0.0000,21.6264,28,644.2869,0.3759,0.6183,5,1,230763.4219,1.5613,0.4764,0.0000,0.7968,0.8040,6.5699,3.9566,142376.6719,119,1.5437,31568.7070,2.8962,8102
42,177,LosAngeles_Small,eval_over_fleet,Hybrid,3600,6,42,35,0.8333,0.9524,0.0476,483.1714,120.7929,0.7864,4.6640,223.1429,274.3500,991.3151,0.8885,21.9707,17.9973,797.4761,400.8117,67.4524,11242.0635,0,0,-0.0896,0.0000,0.0000,1.0000,66,0.8750,0.1250,4.6815,944.3675,wave,0.2276,0.5890,1.2388,0.8481,0.9524,0.0000,24.8798,28,785.3120,0.3587,0.8194,4,0,34696.0312,1.4048,0.2857,0.0000,0.7862,0.4196,0.2843,3.3095,17126.1348,23,1.4877,31638.2617,1.8333,2833
42,178,LosAngeles_Small,eval_over_fleet,Hybrid,3600,6,55,50,0.9091,0.9636,0.0364,573.5800,81.9400,1.2851,4.6555,278.5800,301.2076,1258.6219,0.9036,21.8949,19.6493,982.2256,337.4473,67.5818,11263.6367,0,0,-0.2095,0.0000,0.0000,0.0000,100,0.9434,0.0566,4.6947,944.3675,wave,0.2259,0.4733,1.3549,0.7260,0.9636,0.0000,26.8556,28,787.0867,0.3585,0.7325,3,1,62931.1016,1.6909,0.1818,0.0000,0.9598,0.6745,0.1452,5.7213,50080.8867,49,1.8594,47797.0000,2.1636,3717
42,179,LosAngeles_Small,eval_over_fleet,Hybrid,3600,6,58,48,0.8276,0.9310,0.0690,582.3125,83.1875,1.2276,4.6610,291.3333,301.7358,1319.3665,0.9057,22.7278,20.5476,1016.0527,359.6057,64.8103,10801.7246,0,0,-0.1934,0.0000,0.0000,0.0000,92,0.8889,0.1111,4.7709,944.3675,wave,0.3083,0.6305,1.3141,0.7935,0.9310,0.0000,27.4601,28,786.3856,0.3540,0.7250,4,0,63329.5898,1.5000,0.2241,0.0000,0.8740,0.6326,0.3585,5.8451,65111.4531,51,1.5758,44581.5156,1.9138,3759
42,180,NewYork,generalize_normal_wave,MAPPO,3600,15,63,18,0.2857,0.6825,0.3175,1846.5555,263.7936,0.4837,4.6773,628.0555,1250.3500,3180.1304,1.0000,589.5813,386.3419,2373.5791,1837.1271,10860.0635,724004.2500,0,0,0.0000,0.0000,0.0000,0.0000,0,0.4186,0.5814,4.7221,15802.1201,wave,0.2899,0.5549,1.3907,1.3279,0.6825,0.0000,0.0000,28,13094.7109,0.3452,0.3703,2,0,57242.3477,0.9524,1.0159,0.0000,0.3768,1.7820,12.6981,4.4427,44004.4570,35,1.1203,10460032.0000,3.8889,684184
42,181,NewYork,generalize_normal_wave,MAPPO,3600,15,54,12,0.2222,0.6296,0.3704,1328.7500,332.1875,0.3016,4.6777,601.7273,1070.2667,2600.6179,0.8644,552.1737,383.2258,2594.8521,1735.8917,7194.6113,479640.7188,0,0,0.0000,0.0000,0.0000,0.0000,0,0.3529,0.6471,4.7975,15802.1201,wave,0.5519,1.0947,1.2132,1.2108,0.6296,0.0000,81.6037,28,13092.3662,0.3460,0.3762,3,0,31207.4160,0.9259,1.1852,0.0000,0.2775,1.5088,10.0650,6.0802,47259.7812,35,5.1527,6674196.0000,4.3148,388509
42,182,NewYork,generalize_normal_wave,MAPPO,3600,15,59,17,0.2881,0.6780,0.3220,1507.8823,251.3137,0.4111,4.6762,666.2667,1219.1000,3152.5771,0.9463,515.6191,357.6700,2575.8215,1731.8268,9682.6445,645509.6250,0,0,0.0000,0.0000,0.0000,0.0000,0,0.4250,0.5750,4.7777,15802.1201,wave,0.3854,0.7071,1.2796,1.2034,0.6780,0.0000,35.7512,32,13097.1025,0.3454,0.3889,3,0,53593.8125,0.8136,1.0508,0.0000,0.3551,1.6010,10.3448,4.2605,38594.6523,30,1.6304,9199270.0000,3.5254,571276
42,183,NewYork,generalize_normal_ramp,MAPPO,3600,15,57,16,0.2807,0.8246,0.1754,1513.7500,302.7500,0.3936,4.3634,703.1875,1121.7368,3187.1638,0.9065,625.3060,393.9797,2570.1328,1532.9014,8390.5791,559371.9375,0,0,0.0000,0.0000,0.0000,0.0000,0,0.3404,0.6596,4.2491,8684.3291,ramp_up_down,0.4375,0.8921,1.2830,1.2054,0.8246,0.0000,65.7548,28,7631.7627,0.2906,0.3591,3,0,50994.6211,1.2632,0.5965,0.0000,0.3099,1.6607,6.1448,2.9116,20300.5664,15,1.4241,8126118.5000,3.4912,478263
42,184,NewYork,generalize_normal_ramp,MAPPO,3600,15,53,19,0.3585,0.8113,0.1887,1587.8948,264.6491,0.4323,4.3642,615.2105,1058.5454,2923.1477,0.9503,609.9825,440.4026,2439.7661,1514.1750,7960.0376,530669.1875,0,0,0.0000,0.0000,0.0000,0.0000,0,0.4419,0.5581,4.3287,8684.3291,ramp_up_down,0.3806,0.7670,1.2400,1.0968,0.8113,0.0000,30.5810,28,7631.7979,0.2894,0.3429,3,0,55539.8086,1.2264,0.6415,0.0000,0.4117,1.5539,4.8878,2.6113,18204.3105,18,1.5010,7669815.0000,3.1321,421882
42,185,NewYork,generalize_normal_ramp,MAPPO,3600,15,53,18,0.3396,0.8302,0.1698,1446.2222,289.2444,0.3699,4.3634,718.2222,810.8400,3483.5371,0.9700,572.9790,408.7233,2556.9182,1466.7677,6685.6792,445711.9375,0,0,0.0000,0.0000,0.0000,0.0000,0,0.4091,0.5909,4.3113,8684.3291,ramp_up_down,0.2778,0.5774,1.2245,1.1232,0.8302,0.0000,21.5148,36,7632.3525,0.2901,0.3917,2,0,62703.6680,1.1132,0.6415,0.0000,0.3803,1.5528,4.2716,1.8669,10913.5146,12,1.7674,6400730.5000,3.1887,354341
42,186,NewYork,generalize_stress_shock,MAPPO,3600,15,83,22,0.2651,0.6627,0.3373,1167.8636,291.9659,0.3273,4.3046,529.5238,776.8077,2583.7495,0.9759,476.5251,340.5940,2560.5266,623.3147,3431.8433,228789.5625,0,0,0.0000,0.0000,0.0000,0.0000,0,0.4000,0.6000,4.3035,7198.3999,shock_burst,0.4174,0.7977,1.2436,1.1298,0.6627,0.0000,12.7739,28,6027.8779,0.4024,0.4024,3,0,56842.4922,0.9277,1.0602,0.0000,0.2823,1.3165,13.6646,2.0202,12215.6064,19,3.0224,3274848.5000,3.6145,284843
42,187,NewYork,generalize_stress_shock,MAPPO,3600,15,105,21,0.2000,0.4857,0.5143,1459.9048,486.6349,0.2313,4.3045,617.7143,1123.2000,2978.6963,0.9644,554.4956,406.1749,3060.6782,551.1828,2780.2666,185351.1094,0,0,0.0000,0.0000,0.0000,0.0000,0,0.4118,0.5882,4.2121,7198.3999,shock_burst,0.2043,0.4991,1.2667,1.2303,0.4857,0.0000,21.9750,24,6027.6602,0.4025,0.3303,2,0,62552.6250,0.6952,1.6190,0.0000,0.2164,1.4167,40.1399,2.0027,13717.1572,12,1.4658,2650576.5000,4.5143,291928
42,188,NewYork,generalize_stress_shock,MAPPO,3600,15,111,29,0.2613,0.6757,0.3243,1445.1379,361.2845,0.3324,4.3032,547.5926,1008.6896,2481.3757,0.9063,589.1512,370.4870,2821.6133,532.7028,3035.6667,202377.7812,0,0,0.0000,0.0000,0.0000,0.0000,0,0.3867,0.6133,4.3071,7198.3999,shock_burst,0.1848,0.4449,1.1603,1.0603,0.6757,0.0000,51.3174,28,6029.2729,0.4030,0.3576,2,0,71959.8906,0.9640,1.0360,0.0000,0.2031,1.0495,22.2827,2.2840,20797.2734,9,1.2119,2910399.2500,3.9820,336959
42,189,NewYork,generalize_stress_buildup,MAPPO,3600,15,118,30,0.2542,0.6441,0.3559,1438.0000,479.3333,0.2039,4.5255,580.8333,948.1515,2730.5952,0.9402,498.6894,339.9487,2974.7097,484.4618,2247.8813,149858.7500,0,0,0.0000,0.0000,0.0000,0.0000,0,0.3947,0.6053,4.5221,12407.5537,building_up,0.2969,0.6106,1.2681,1.2041,0.6441,0.0000,34.7143,28,10577.0889,0.3228,0.3724,2,0,81917.8516,0.9068,1.0932,0.0000,0.2374,1.3838,28.6367,2.9001,46151.9883,32,1.3322,2029748.5000,3.4576,265250
42,190,NewYork,generalize_stress_buildup,MAPPO,3600,15,116,33,0.2845,0.5517,0.4483,1603.1515,534.3839,0.2054,4.5238,602.6667,1113.0000,3077.1462,1.0000,545.8158,357.4372,2858.3696,486.6384,1517.5431,101169.5469,1,0,0.0000,0.0000,0.0000,0.0000,0,0.5156,0.4844,4.4306,12407.5537,building_up,0.3979,0.7513,1.3565,1.2366,0.5517,0.0000,0.0000,32,10580.8555,0.3227,0.3636,2,0,101545.8203,0.8448,1.4224,0.0000,0.3692,1.8482,34.7013,3.1690,53255.7812,57,1.2002,1296042.5000,4.0603,176035
42,191,NewYork,generalize_stress_buildup,MAPPO,3600,15,126,30,0.2381,0.6190,0.3810,1394.8000,348.7000,0.2683,4.5249,529.6071,1152.9025,2824.3052,1.0000,505.1718,363.8890,2899.8018,318.3362,2544.9919,169666.1406,2,0,0.0000,0.0000,0.0000,0.0000,0,0.3846,0.6154,4.4855,12407.5537,building_up,0.4878,0.9051,1.1353,1.0812,0.6190,0.0000,0.0000,28,10579.4492,0.3222,0.3082,2,0,84729.1562,1.0079,1.1667,0.0000,0.2423,1.3170,28.5737,3.6921,73977.7969,51,1.1152,2348890.2500,4.0317,320669
42,192,NewYork,generalize_over_fleet,MAPPO,3600,15,32,23,0.7188,0.9062,0.0938,1049.6957,149.9565,0.5093,4.6773,497.7273,651.7407,2120.7832,0.8522,454.7556,330.8421,1956.4194,2067.1279,26690.4375,1779362.5000,0,0,0.0000,0.0000,0.0000,0.0000,0,0.7931,0.2069,4.7479,15802.1201,wave,0.4071,0.8977,1.3856,1.3811,0.9062,0.0000,73.5706,32,13094.7471,0.3450,0.4532,4,0,48778.0117,1.5000,0.2812,0.0000,0.7025,1.1863,1.2900,4.1636,39479.8203,46,1.3385,25755968.0000,2.0938,854094
42,193,NewYork,generalize_over_fleet,MAPPO,3600,15,32,22,0.6875,0.9688,0.0312,858.2727,95.3636,0.6491,4.6770,436.3636,634.8000,1906.5137,0.8738,583.5894,399.2305,1798.4216,1926.3765,24425.3438,1628356.2500,0,0,0.0000,0.0000,0.0000,0.0000,0,0.7097,0.2903,4.7250,15802.1201,wave,0.3303,0.6983,1.1068,1.0657,0.9688,0.0000,55.0609,32,13095.1152,0.3453,0.4068,2,0,41943.3008,1.4688,0.0938,0.0000,0.5841,0.7575,0.2855,3.5008,42545.1172,32,1.2799,23618590.0000,1.8438,781611
42,194,NewYork,generalize_over_fleet,MAPPO,3600,15,32,22,0.6875,0.9375,0.0625,1137.7727,162.5390,0.4820,4.6771,573.0455,660.0345,2545.5403,0.8884,472.8059,359.7397,1883.9885,2068.0383,23074.5000,1538300.0000,0,0,0.0000,0.0000,0.0000,0.0000,0,0.7333,0.2667,4.6548,15802.1201,wave,0.2655,0.5856,1.3233,1.1741,0.9375,0.0000,63.9374,32,13093.3818,0.3464,0.4088,2,0,56001.8867,2.0625,0.3750,0.0000,0.7378,1.3074,0.8877,3.4485,26566.8770,33,1.4592,22238212.0000,2.6562,738384
42,195,NewYork,generalize_normal_wave,FaithfulMAPPER,3600,15,63,46,0.7302,0.9365,0.0635,1049.6740,524.8370,0.1481,4.6768,480.4445,681.0000,2161.4854,0.8998,589.5813,420.3059,1996.8146,1446.7607,2433.7302,162248.6719,0,0,0.0000,0.0000,0.0000,0.0000,0,0.7797,0.2203,4.7218,15802.1201,wave,0.3161,0.6522,1.3933,1.0375,0.9365,0.0000,48.1474,28,13096.3252,0.3454,0.4079,2,0,99428.3281,1.7778,0.2857,0.0000,0.6743,1.2479,1.5209,4.2961,72382.5391,61,1.1621,2019133.3750,2.1429,153325
42,196,NewYork,generalize_normal_wave,FaithfulMAPPER,3600,15,54,31,0.5741,0.8889,0.1111,1151.3871,0.0000,0.0467,4.6771,553.5161,750.1087,2463.0149,0.8900,576.3459,408.4596,2104.4468,1517.2523,2040.4073,136027.1562,0,0,0.0000,0.0000,0.0000,0.0000,0,0.6458,0.3542,4.7972,15802.1201,wave,0.4216,0.8864,1.1808,1.4641,0.8889,0.0000,60.9131,28,13093.9775,0.3465,0.3774,3,0,76353.4609,1.7407,0.4074,0.0000,0.5918,1.2453,2.6726,3.9273,42468.7891,45,1.0212,1496311.5000,2.3704,110182
42,197,NewYork,generalize_normal_wave,FaithfulMAPPER,3600,15,59,41,0.6949,0.8983,0.1017,1154.8536,577.4268,0.1376,4.6762,554.7073,710.0600,2429.2544,0.8759,631.2211,430.8992,2187.6733,1500.3903,1801.9661,120131.0703,0,0,0.0000,0.0000,0.0000,0.0000,0,0.7736,0.2264,4.7774,15802.1201,wave,0.3110,0.7378,1.2848,0.9922,0.8983,0.0000,68.8564,32,13098.4297,0.3448,0.3812,4,0,99599.4297,1.6949,0.3729,0.0000,0.6795,1.2704,2.0510,4.1208,54785.8594,57,1.1278,1316461.5000,2.2203,106316
42,198,NewYork,generalize_normal_ramp,FaithfulMAPPER,3600,15,57,46,0.8070,0.9474,0.0526,1291.5652,645.7826,0.1959,4.3628,616.1304,686.0588,2826.4907,0.9175,635.7915,410.8412,2385.5569,1430.6444,2409.1228,160608.1875,0,0,0.0000,0.0000,0.0000,0.0000,0,0.8519,0.1481,4.2484,8684.3291,ramp_up_down,0.1731,0.4529,1.2554,1.5205,0.9474,0.0000,50.8323,28,7633.1587,0.2908,0.3380,2,0,130018.5703,1.7719,0.2807,0.0000,0.8215,1.5313,1.2894,2.9484,35711.8320,33,1.1070,2130013.5000,2.1579,137320
42,199,NewYork,generalize_normal_ramp,FaithfulMAPPER,3600,15,53,32,0.6038,0.9245,0.0755,1163.2500,581.6250,0.1517,4.3639,561.6875,710.7708,2560.2124,0.9116,609.9825,443.4570,2260.3452,1442.7131,2732.5095,182167.3125,0,0,0.0000,0.0000,0.0000,0.0000,0,0.6531,0.3469,4.3284,8684.3291,ramp_up_down,0.3852,0.8244,1.2396,0.8859,0.9245,0.0000,49.6450,28,7632.7412,0.2895,0.3671,3,0,81926.7969,1.5660,0.2453,0.0000,0.6235,1.3973,1.1285,2.2916,24685.0762,26,1.1690,2436356.0000,1.9057,144823
42,200,NewYork,generalize_normal_ramp,FaithfulMAPPER,3600,15,53,34,0.6415,0.9811,0.0189,1181.1471,1181.1471,0.1195,4.3630,569.9117,757.2292,2664.5815,0.9351,572.9790,431.6385,2305.4414,1367.8058,1606.4340,107095.5938,0,0,0.0000,0.0000,0.0000,0.0000,0,0.6538,0.3462,4.3109,8684.3291,ramp_up_down,0.3567,0.7382,1.2122,0.9555,0.9811,0.0000,36.9954,36,7633.3423,0.2902,0.3443,2,0,90595.7734,1.7358,0.1321,0.0000,0.5683,1.2284,0.2206,2.5896,28709.5859,31,1.1254,1308524.6250,1.9434,85141
42,201,NewYork,generalize_stress_shock,FaithfulMAPPER,3600,15,83,50,0.6024,0.8916,0.1084,1044.2200,0.0000,0.0608,4.3027,490.2600,620.2656,2203.4465,0.8989,486.3690,359.6148,2164.7246,368.0820,850.6868,56712.4492,0,0,0.0000,0.0000,0.0000,0.0000,0,0.6757,0.3243,4.3020,7198.3999,shock_burst,0.4368,0.8579,1.2101,1.1645,0.8916,0.0000,49.5707,28,6029.7788,0.4034,0.3951,3,0,110172.3359,1.6024,0.3735,0.0000,0.4657,0.9555,2.4593,2.8714,52216.9805,47,1.0000,689350.6250,2.0723,70607
42,202,NewYork,generalize_stress_shock,FaithfulMAPPER,3600,15,105,57,0.5429,0.7905,0.2095,1182.8596,1182.8596,0.1249,4.3019,575.1053,763.2958,2555.6313,0.8888,609.7695,435.3415,2459.2483,299.3673,1399.9524,93330.1641,0,0,0.0000,0.0000,0.0000,0.0000,0,0.6867,0.3133,4.2086,7198.3999,shock_burst,0.3818,0.7860,1.2708,1.1622,0.7905,0.0000,63.9790,24,6030.0879,0.4039,0.3292,3,0,145670.9844,1.4286,0.7048,0.0000,0.5423,1.3082,9.2445,2.5686,53016.3984,49,1.0439,1278205.5000,2.3714,146995
42,203,NewYork,generalize_stress_shock,FaithfulMAPPER,3600,15,111,60,0.5405,0.8108,0.1892,1245.2000,622.6000,0.1454,4.3012,577.9833,750.3649,2637.8762,0.9128,589.1512,386.2451,2637.3916,422.2888,1291.7388,86115.9219,0,0,0.0000,0.0000,0.0000,0.0000,0,0.6667,0.3333,4.3054,7198.3999,shock_burst,0.3610,0.7348,1.1717,0.9400,0.8108,0.0000,50.4081,28,6031.2275,0.4039,0.3290,2,0,158272.5781,1.5946,0.5766,0.0000,0.4999,1.2487,7.7611,2.6065,64784.5391,51,1.0785,1165176.6250,2.4144,143383
42,204,NewYork,generalize_stress_buildup,FaithfulMAPPER,3600,15,118,61,0.5169,0.8220,0.1780,1204.4590,1204.4590,0.0975,4.5248,570.9000,699.0759,2643.7957,0.9262,548.8923,375.2834,2660.6831,348.6044,816.3051,54420.3398,0,0,0.0000,0.0000,0.0000,0.0000,0,0.6289,0.3711,4.5213,12407.5537,building_up,0.3757,0.7640,1.2522,1.2135,0.8220,0.0000,42.1409,28,10579.5303,0.3230,0.3744,2,0,161271.5312,1.4915,0.6102,0.0000,0.4370,1.2528,8.1207,3.0627,61775.8398,83,1.0221,604410.6250,2.1780,96324
42,205,NewYork,generalize_stress_buildup,FaithfulMAPPER,3600,15,116,62,0.5345,0.7328,0.2672,1352.1451,0.0000,0.0613,4.5232,635.3065,774.6892,2822.1851,0.8884,545.8158,392.3257,2571.1558,324.9504,693.1810,46212.0703,0,0,0.0000,0.0000,0.0000,0.0000,0,0.7294,0.2706,4.4300,12407.5537,building_up,0.2783,0.6163,1.3443,1.1887,0.7328,0.0000,70.8694,32,10582.4697,0.3232,0.3451,2,0,174975.4688,1.3276,0.8534,0.0000,0.6010,1.6015,13.7051,3.5178,97946.0781,70,1.0000,486406.3438,2.3707,80409
42,206,NewYork,generalize_stress_buildup,FaithfulMAPPER,3600,15,126,56,0.4444,0.7778,0.2222,1315.7678,1315.7678,0.1005,4.5242,604.8929,845.9733,2730.9119,0.9029,551.0621,396.5032,2663.9717,278.2262,768.8889,51259.2578,0,0,0.0000,0.0000,0.0000,0.0000,0,0.5714,0.4286,4.4852,12407.5537,building_up,0.4483,0.8882,1.1004,1.1646,0.7778,0.0000,58.7105,28,10581.0107,0.3228,0.3362,2,0,152931.0625,1.3810,0.7302,0.0000,0.4021,1.1708,12.6107,3.5248,103632.0078,80,1.0175,580096.0000,2.2460,96880
42,207,NewYork,generalize_over_fleet,FaithfulMAPPER,3600,15,32,21,0.6562,0.9062,0.0938,993.6667,165.6111,0.4541,4.6772,492.8571,616.6786,2169.0830,0.8802,454.7556,330.8421,1956.4194,2067.1279,3274.7812,218318.7500,0,0,0.0000,0.0000,0.0000,0.0000,0,0.7241,0.2759,4.7480,15802.1201,wave,0.2759,0.6172,1.3856,1.3811,0.9062,0.0000,59.0406,32,13094.6465,0.3452,0.4446,1,0,45550.7461,1.5938,0.2812,0.0000,0.6574,1.2157,1.2900,4.9361,46310.2305,46,1.4129,2347025.0000,2.1562,104793
42,208,NewYork,generalize_over_fleet,FaithfulMAPPER,3600,15,32,22,0.6875,0.9688,0.0312,960.9091,120.1136,0.5701,4.6769,481.0000,667.1334,2117.3018,0.8804,583.5894,399.2305,1798.4216,1926.3765,2254.9688,150331.2500,0,0,0.0000,0.0000,0.0000,0.0000,0,0.7097,0.2903,4.7252,15802.1201,wave,0.3668,0.7469,1.1068,1.0657,0.9688,0.0000,57.5396,32,13095.1143,0.3457,0.4086,2,0,46580.6367,1.7188,0.1250,0.0000,0.5986,0.7763,0.2855,4.5168,51173.1602,35,1.2343,1445710.2500,1.9688,72159
42,209,NewYork,generalize_over_fleet,FaithfulMAPPER,3600,15,32,23,0.7188,0.9375,0.0625,1170.2609,167.1801,0.5191,4.6771,563.6087,651.4828,2495.7783,0.8856,472.8059,359.7397,1883.9885,2068.0383,2672.2812,178152.0781,0,0,0.0000,0.0000,0.0000,0.0000,0,0.7667,0.2333,4.6549,15802.1201,wave,0.2834,0.6149,1.3233,1.1741,0.9375,0.0000,64.4530,32,13093.3164,0.3465,0.4028,2,0,57402.8984,1.7500,0.2188,0.0000,0.7267,1.2318,0.8877,3.5654,36399.8359,40,1.5074,1876746.3750,2.0938,85513
42,210,NewYork,generalize_normal_wave,IPPO,3600,15,63,51,0.8095,0.9365,0.0635,1150.2549,1150.2549,0.1041,4.6769,534.0000,661.7719,2386.3660,0.8938,589.5813,420.3059,1994.4786,1404.9855,1138.6508,75910.0547,0,0,0.0000,0.0000,0.0000,0.0000,0,0.8644,0.1356,4.7218,15802.1201,wave,0.1927,0.4685,1.3907,1.0771,0.9365,0.0000,56.7268,28,13096.3174,0.3453,0.4191,2,0,121704.6641,1.6032,0.3333,0.0000,0.8244,1.3761,1.6235,5.7462,116254.0859,90,1.4696,732674.1250,2.0159,71735
42,211,NewYork,generalize_normal_wave,IPPO,3600,15,54,32,0.5926,0.9259,0.0741,1034.3750,1034.3750,0.1253,4.6772,481.2500,664.0667,2209.8850,0.9184,586.8892,410.6428,2029.2340,1378.5879,1875.1482,125009.8750,0,0,0.0000,0.0000,0.0000,0.0000,0,0.6400,0.3600,4.7972,15802.1201,wave,0.3859,0.7856,1.1962,1.4141,0.9259,0.0000,39.2730,28,13093.9766,0.3464,0.3940,2,0,70716.3203,1.7407,0.2963,0.0000,0.5635,1.1489,2.1752,3.6999,50298.2852,50,1.2054,1321067.3750,2.1296,101258
42,212,NewYork,generalize_normal_wave,IPPO,3600,15,59,41,0.6949,0.9322,0.0678,1197.6097,598.8049,0.1491,4.6758,562.7317,724.8909,2447.8835,0.8700,631.2211,441.0003,2128.7012,1485.7224,1139.7457,75983.0547,0,0,0.0000,0.0000,0.0000,0.0000,0,0.7455,0.2545,4.7774,15802.1201,wave,0.3051,0.6526,1.2599,1.1892,0.9322,0.0000,73.1550,32,13098.6074,0.3456,0.3863,2,0,100363.2188,1.6441,0.3220,0.0000,0.6682,1.2492,1.7161,4.6472,80249.4141,70,1.0339,647959.5000,2.0508,67245
42,213,NewYork,generalize_normal_ramp,IPPO,3600,15,57,44,0.7719,0.9825,0.0175,1127.2046,563.6023,0.1452,4.3626,576.0000,647.4464,2589.1919,0.8990,635.7915,415.0894,2315.7373,1464.6764,1097.9824,73198.8281,0,0,0.0000,0.0000,0.0000,0.0000,0,0.7857,0.2143,4.2481,8684.3291,ramp_up_down,0.2614,0.5856,1.2670,1.4055,0.9825,0.0000,58.1616,28,7633.4365,0.2909,0.3622,2,0,113924.4453,1.9298,0.1579,0.0000,0.7459,1.4537,0.5417,2.5043,31724.5391,36,1.0025,807266.3125,2.1053,62585
42,214,NewYork,generalize_normal_ramp,IPPO,3600,15,53,34,0.6415,0.8679,0.1321,1238.0588,619.0294,0.1479,4.3639,613.3530,724.9318,2749.6018,0.8966,609.9825,443.4570,2368.0154,1575.4729,797.8113,53187.4219,0,0,0.0000,0.0000,0.0000,0.0000,0,0.7391,0.2609,4.3285,8684.3291,ramp_up_down,0.2626,0.5897,1.2549,0.9376,0.8679,0.0000,63.4326,28,7632.4922,0.2895,0.3372,2,0,93486.4609,1.8302,0.4151,0.0000,0.7136,1.5052,2.0524,3.0486,46645.5039,28,1.1690,492578.5000,2.3962,42284
42,215,NewYork,generalize_normal_ramp,IPPO,3600,15,53,33,0.6226,0.9623,0.0377,1142.2424,1142.2424,0.0747,4.3630,588.7576,684.2653,2647.4983,0.8994,572.9790,431.6385,2340.2080,1397.1963,1081.0377,72069.1797,0,0,0.0000,0.0000,0.0000,0.0000,0,0.6471,0.3529,4.3108,8684.3291,ramp_up_down,0.3661,0.7582,1.2052,1.2616,0.9623,0.0000,59.2579,36,7633.2656,0.2903,0.3403,2,0,87367.4453,1.9434,0.1698,0.0000,0.5838,1.3001,0.6379,2.4693,30734.1504,30,1.3155,782102.6875,2.3774,57295
42,216,NewYork,generalize_stress_shock,IPPO,3600,15,83,46,0.5542,0.8434,0.1566,1065.7609,1065.7609,0.0916,4.3030,509.8696,637.9672,2368.6057,0.9291,486.3690,358.0105,2253.3472,428.0667,432.7831,28852.2090,0,0,0.0000,0.0000,0.0000,0.0000,0,0.6571,0.3429,4.3020,7198.3999,shock_burst,0.4160,0.8363,1.1919,1.2767,0.8434,0.0000,36.1484,28,6029.4814,0.4032,0.3939,3,0,108955.8594,1.6386,0.5060,0.0000,0.4589,1.0235,4.4107,3.0773,43703.3242,42,2.4755,257100.8125,2.3012,35921
42,217,NewYork,generalize_stress_shock,IPPO,3600,15,105,63,0.6000,0.8190,0.1810,1182.5873,1182.5873,0.0885,4.3015,599.7936,678.0676,2622.5059,0.8745,609.7695,434.5260,2403.6162,232.1164,589.5714,39304.7617,0,0,0.0000,0.0000,0.0000,0.0000,0,0.7326,0.2674,4.2081,7198.3999,shock_burst,0.3404,0.7143,1.2654,1.1695,0.8190,0.0000,75.2925,24,6030.2715,0.4041,0.3419,3,0,165217.8594,1.4381,0.6095,0.0000,0.6165,1.3455,7.7923,2.8123,55021.1406,35,1.0081,467613.6875,2.2286,61905
42,218,NewYork,generalize_stress_shock,IPPO,3600,15,111,62,0.5586,0.8649,0.1351,1163.6451,581.8226,0.1411,4.3008,540.3710,739.9506,2504.4590,0.9269,589.1512,387.4422,2529.3528,338.1645,852.4234,56828.2266,0,0,0.0000,0.0000,0.0000,0.0000,0,0.6458,0.3542,4.3049,7198.3999,shock_burst,0.3705,0.7627,1.1462,1.0105,0.8649,0.0000,39.4792,28,6031.6621,0.4042,0.3349,3,0,155276.4531,1.5856,0.4775,0.0000,0.5146,1.2440,6.1301,2.2169,50284.5508,41,1.0541,727581.9375,2.1441,94619
42,219,NewYork,generalize_stress_buildup,IPPO,3600,15,118,55,0.4661,0.8051,0.1949,1264.0728,1264.0728,0.1047,4.5247,589.0909,777.7922,2631.9617,0.8936,548.8923,388.2332,2687.9175,335.4221,553.4492,36896.6094,0,0,0.0000,0.0000,0.0000,0.0000,0,0.5789,0.4211,4.5213,12407.5537,building_up,0.3763,0.7742,1.2594,1.1873,0.8051,0.0000,62.6985,28,10579.3389,0.3232,0.3534,2,0,144757.8906,1.5678,0.6695,0.0000,0.3904,1.2414,9.6102,4.1712,120231.7578,97,1.0221,336809.3438,2.3644,65307
42,220,NewYork,generalize_stress_buildup,IPPO,3600,15,116,61,0.5259,0.7241,0.2759,1376.0656,0.0000,0.0314,4.5233,637.6229,782.8533,2836.6716,0.8898,545.8158,392.3257,2573.0935,400.7020,519.7069,34647.1250,0,0,0.0000,0.0000,0.0000,0.0000,0,0.7262,0.2738,4.4299,12407.5537,building_up,0.3249,0.6717,1.3553,1.1649,0.7241,0.0000,70.2886,32,10582.4219,0.3231,0.3483,2,0,173036.9688,1.4310,0.9052,0.0000,0.5966,1.6158,14.6582,3.9164,124646.5938,79,1.0272,306644.7188,2.5517,60286
42,221,NewYork,generalize_stress_buildup,IPPO,3600,15,126,55,0.4365,0.7857,0.2143,1342.5818,671.2909,0.1489,4.5242,600.0364,847.1622,2723.2439,0.9077,552.6581,396.7118,2643.1121,246.2825,640.6905,42712.6992,0,0,0.0000,0.0000,0.0000,0.0000,0,0.5556,0.4444,4.4850,12407.5537,building_up,0.4197,0.8413,1.0951,1.1866,0.7857,0.0000,55.3876,28,10581.0498,0.3228,0.3288,2,0,149778.4219,1.4206,0.7698,0.0000,0.3914,1.1605,12.7992,4.0290,130033.7344,93,1.0372,452564.0000,2.3095,80727
42,222,NewYork,generalize_over_fleet,IPPO,3600,15,32,22,0.6875,0.9062,0.0938,1061.8636,151.6948,0.4994,4.6773,471.0454,708.8214,2072.8235,0.8801,454.7556,330.8421,1956.4194,2067.1279,2214.6250,147641.6719,0,0,0.0000,0.0000,0.0000,0.0000,0,0.7586,0.2414,4.7480,15802.1201,wave,0.2559,0.5821,1.3856,1.3811,0.9062,0.0000,56.4807,32,13094.6436,0.3449,0.4050,2,0,45602.1172,2.3438,0.3750,0.0000,0.6739,1.1896,1.2900,3.7070,32625.4434,35,1.5129,1272212.3750,2.9062,70868
42,223,NewYork,generalize_over_fleet,IPPO,3600,15,32,22,0.6875,0.9688,0.0312,872.2273,96.9141,0.6199,4.6770,436.3636,673.1379,1906.5137,0.8738,583.5894,399.2305,1798.4216,1926.3765,2363.1562,157543.7500,0,0,0.0000,0.0000,0.0000,0.0000,0,0.7097,0.2903,4.7251,15802.1201,wave,0.3303,0.6983,1.1068,1.0657,0.9688,0.0000,55.0609,32,13095.0820,0.3455,0.3978,2,0,41943.3008,1.5938,0.1250,0.0000,0.5841,0.7575,0.2855,4.3695,55942.9375,36,1.3084,1560523.1250,1.7812,75621
42,224,NewYork,generalize_over_fleet,IPPO,3600,15,32,26,0.8125,0.9375,0.0625,1141.6154,163.0879,0.5033,4.6771,549.3077,630.5667,2432.6414,0.8857,472.8059,359.7397,1883.9885,2068.0383,1868.2188,124547.9141,0,0,0.0000,0.0000,0.0000,0.0000,0,0.8667,0.1333,4.6549,15802.1201,wave,0.2336,0.5274,1.3233,1.1741,0.9375,0.0000,62.7794,32,13093.3418,0.3466,0.4238,2,0,63248.6758,1.4375,0.1875,0.0000,0.8278,1.2412,0.8877,4.6043,42394.7773,41,1.3952,1032551.7500,1.6875,59783
42,225,NewYork,generalize_normal_wave,Hybrid,3600,15,63,47,0.7460,0.9206,0.0794,1139.9574,569.9787,0.1741,4.6766,520.1915,712.4107,2345.1067,0.9016,589.5813,420.3059,2024.2501,1468.6716,1177.3969,78493.1250,0,0,-0.3372,0.0000,0.0000,0.0000,118,0.8103,0.1897,4.7218,15802.1201,wave,0.2192,0.5212,1.3837,1.2207,0.9206,0.0000,51.1701,28,13096.1699,0.3459,0.4016,2,0,110220.0078,1.7937,0.3016,0.0000,0.7514,1.3609,1.9169,4.8359,101104.3281,73,1.5450,754308.0000,2.1746,74176
42,226,NewYork,generalize_normal_wave,Hybrid,3600,15,54,31,0.5741,0.8889,0.1111,1085.6774,542.8387,0.1353,4.6772,496.5484,700.0682,2218.4417,0.8935,573.5574,407.7872,2094.0610,1430.5062,1796.0555,119737.0391,0,0,-0.1800,0.0000,0.0000,0.0000,87,0.6458,0.3542,4.7972,15802.1201,wave,0.3805,0.7762,1.2153,1.1880,0.8889,0.0000,52.8601,28,13093.9189,0.3463,0.3739,2,0,68771.6875,1.5741,0.3704,0.0000,0.5573,1.1727,2.3469,4.3393,57636.0234,61,1.1872,1242900.0000,2.0741,96987
42,227,NewYork,generalize_normal_wave,Hybrid,3600,15,59,41,0.6949,0.8983,0.1017,1214.0488,607.0244,0.1488,4.6762,603.0244,675.0816,2675.9238,0.8875,631.2211,439.0127,2190.6514,1546.9021,1117.7966,74519.7734,0,0,-0.2268,0.0000,0.0000,0.0000,130,0.7736,0.2264,4.7774,15802.1201,wave,0.2768,0.6083,1.2743,1.0853,0.8983,0.0000,67.8397,32,13098.3682,0.3450,0.3871,2,0,109712.8750,1.9831,0.3729,0.0000,0.7427,1.3886,2.0801,4.0589,67139.6953,61,1.2870,615914.9375,2.5254,65950
42,228,NewYork,generalize_normal_ramp,Hybrid,3600,15,57,44,0.7719,1.0000,0.0000,1123.1591,1123.1591,0.1229,4.3627,555.9091,677.4107,2455.7583,0.8835,635.7915,415.0894,2288.6340,1462.1819,1257.1754,83811.6953,0,0,-0.2747,0.0000,0.0000,1.0000,119,0.7719,0.2281,4.2480,8684.3291,ramp_up_down,0.2419,0.5604,1.2694,0.0000,1.0000,0.0000,64.7574,28,7633.4443,0.2908,0.3559,2,0,108053.3672,1.9474,0.1404,0.0000,0.6675,1.3007,0.0000,2.1869,24427.6445,30,1.0550,951010.1875,2.1579,71659
42,229,NewYork,generalize_normal_ramp,Hybrid,3600,15,53,33,0.6226,0.9057,0.0943,1138.6666,1138.6666,0.1223,4.3639,586.9697,661.8261,2627.2510,0.8952,609.9825,448.6994,2303.6863,1510.1210,996.4717,66431.4453,0,0,-0.3568,0.0000,0.0000,0.0000,83,0.6875,0.3125,4.3285,8684.3291,ramp_up_down,0.3052,0.7100,1.2555,0.8046,0.9057,0.0000,61.5195,28,7632.5815,0.2895,0.3802,3,0,86699.2812,1.4340,0.3585,0.0000,0.6500,1.4125,1.1534,2.5262,24955.6094,28,1.0831,662349.0000,1.9057,52813
42,230,NewYork,generalize_normal_ramp,Hybrid,3600,15,53,31,0.5849,0.9245,0.0755,1256.3871,0.0000,0.0639,4.3631,618.7419,813.7659,2789.4670,0.9017,572.9790,431.3679,2414.9099,1507.4189,978.6604,65244.0234,0,0,-0.2203,0.0000,0.0000,2.0000,96,0.6327,0.3673,4.3109,8684.3291,ramp_up_down,0.3404,0.7184,1.2098,1.1766,0.9245,0.0000,60.8485,36,7633.1567,0.2902,0.3273,1,0,86473.4766,1.7925,0.2453,0.0000,0.5793,1.3732,1.2347,2.2669,27070.2305,32,1.9864,663490.6250,2.1132,51869
42,231,NewYork,generalize_stress_shock,Hybrid,3600,15,83,50,0.6024,0.8434,0.1566,1043.4800,1043.4800,0.0795,4.3028,520.7000,586.7049,2363.2395,0.9077,486.3690,359.6148,2245.6667,378.8894,455.2289,30348.5938,0,0,-0.0917,0.0000,0.0000,1.0000,157,0.7143,0.2857,4.3021,7198.3999,shock_burst,0.2893,0.6261,1.2112,1.1729,0.8434,0.0000,48.0521,28,6029.5298,0.4034,0.3973,2,0,118161.9766,1.7229,0.5663,0.0000,0.5402,1.1083,4.1398,2.5659,47957.4336,34,1.1583,276496.6562,2.4458,37784
42,232,NewYork,generalize_stress_shock,Hybrid,3600,15,105,63,0.6000,0.8095,0.1905,1272.6190,636.3095,0.1558,4.3016,600.6190,749.0685,2663.3210,0.8869,609.7695,435.3415,2422.0312,286.6811,597.2952,39819.6836,0,0,-0.2493,0.0000,0.0000,1.0000,172,0.7412,0.2588,4.2084,7198.3999,shock_burst,0.3194,0.6877,1.2692,1.1581,0.8095,0.0000,67.9548,24,6030.2422,0.4041,0.3293,3,0,167789.2188,1.5048,0.7048,0.0000,0.6374,1.3913,8.2579,2.6338,54334.7188,46,1.0121,472631.3438,2.3333,62716
42,233,NewYork,generalize_stress_shock,Hybrid,3600,15,111,61,0.5495,0.8198,0.1802,1267.0819,422.3606,0.2016,4.3011,592.7213,773.7778,2637.2883,0.8899,589.1512,387.4422,2620.4524,394.7789,767.0721,51138.1367,0,0,-0.1243,0.0000,0.0000,0.0000,186,0.6703,0.3297,4.3050,7198.3999,shock_burst,0.3138,0.6681,1.1548,1.0056,0.8198,0.0000,65.2637,28,6031.4668,0.4040,0.3293,2,0,160874.5938,1.6126,0.5766,0.0000,0.4976,1.2224,8.3291,2.3369,54158.2422,37,1.0545,641312.1875,2.2793,85145
42,234,NewYork,generalize_stress_buildup,Hybrid,3600,15,118,57,0.4831,0.8136,0.1864,1161.9122,1161.9122,0.1001,4.5247,546.9298,742.9375,2507.8887,0.9171,548.8923,375.2834,2662.7349,277.7655,585.8475,39056.4961,0,0,0.0246,0.0000,0.0000,0.0000,197,0.5938,0.4062,4.5212,12407.5537,building_up,0.3817,0.7807,1.2308,1.3087,0.8136,0.0000,45.3521,28,10579.4863,0.3231,0.3762,2,0,142949.6562,1.5847,0.6017,0.0000,0.3845,1.1798,10.5937,3.9654,108561.8438,107,1.0000,373757.1562,2.2627,69130
42,235,NewYork,generalize_stress_buildup,Hybrid,3600,15,116,69,0.5948,0.7931,0.2069,1224.3623,0.0000,0.0432,4.5230,576.0000,719.7722,2635.5029,0.9151,545.8158,392.3257,2429.0037,353.9649,444.3448,29622.9883,0,0,-0.2866,0.0000,0.0000,0.0000,179,0.7500,0.2500,4.4295,12407.5537,building_up,0.3232,0.6961,1.3367,1.1727,0.7931,0.0000,48.8994,32,10582.8291,0.3235,0.3587,3,0,181849.7031,1.4052,0.7241,0.0000,0.6176,1.4787,10.7688,3.8948,108489.2656,87,1.0000,229432.6875,2.3103,51544
42,236,NewYork,generalize_stress_buildup,Hybrid,3600,15,126,54,0.4286,0.7857,0.2143,1329.1296,1329.1296,0.0961,4.5243,595.2963,840.3919,2714.0913,0.9118,552.6581,396.7118,2643.1421,267.7704,730.6190,48707.9375,0,0,0.0458,0.0000,0.0000,0.0000,216,0.5455,0.4545,4.4851,12407.5537,building_up,0.4515,0.8877,1.0829,1.2312,0.7857,0.0000,52.4781,28,10580.9766,0.3227,0.3281,2,0,146560.9375,1.5714,0.7302,0.0000,0.3808,1.1500,13.1384,3.8997,131028.7734,88,1.1438,544157.1250,2.4444,92058
42,237,NewYork,generalize_over_fleet,Hybrid,3600,15,32,20,0.6250,0.9062,0.0938,1051.5500,131.4438,0.5592,4.6771,486.6500,699.1786,2141.4038,0.8801,454.7556,330.8421,1956.4194,2067.1279,1834.4688,122297.9141,0,0,-0.1910,0.0000,0.0000,0.0000,59,0.6897,0.3103,4.7480,15802.1201,wave,0.3692,0.7483,1.3856,1.3811,0.9062,0.0000,58.3692,32,13094.6426,0.3454,0.4311,2,0,42828.0781,1.7812,0.3438,0.0000,0.6265,1.2166,1.2900,5.5174,54336.3438,46,1.5109,868427.7500,2.2188,58703
42,238,NewYork,generalize_over_fleet,Hybrid,3600,15,32,22,0.6875,0.9688,0.0312,897.8636,99.7626,0.6206,4.6771,436.3636,721.5357,1906.5137,0.8738,583.5894,399.2305,1798.4216,1926.3765,1594.7188,106314.5859,0,0,-0.0671,0.0000,0.0000,0.0000,62,0.7097,0.2903,4.7251,15802.1201,wave,0.2903,0.6396,1.1068,1.0657,0.9688,0.0000,55.0609,32,13095.0703,0.3452,0.4000,1,0,41943.3008,1.8125,0.1562,0.0000,0.5841,0.7575,0.2855,4.2991,63286.0195,41,1.4867,782543.2500,2.0625,51031
42,239,NewYork,generalize_over_fleet,Hybrid,3600,15,32,23,0.7188,0.9375,0.0625,1118.5217,139.8152,0.5340,4.6771,565.1739,617.1035,2495.7783,0.8832,472.8059,359.7397,1883.9885,2068.0383,1313.4062,87560.4141,0,0,-0.2786,0.0000,0.0000,0.0000,59,0.7667,0.2333,4.6549,15802.1201,wave,0.2834,0.6149,1.3233,1.1741,0.9375,0.0000,66.0182,32,13093.3115,0.3465,0.4013,2,0,57402.8984,1.6562,0.3125,0.0000,0.7267,1.2318,0.8877,4.1179,37656.9258,37,1.5564,502008.5312,2.1250,42029
42,240,Paris,generalize_normal_wave,MAPPO,3600,11,66,30,0.4545,0.8939,0.1061,1349.6333,337.4083,0.4114,4.6754,448.7037,917.7241,2124.9180,0.9471,187.8100,146.6248,1741.2726,687.9507,2410.4697,219133.6250,0,0,0.0000,0.0000,0.0000,0.0000,0,0.5085,0.4915,4.6476,9251.6201,wave,0.3377,0.6980,1.3776,1.2750,0.8939,0.0000,23.7201,28,7668.8911,0.3475,0.5917,7,1,63747.5391,1.0909,0.3485,0.0000,0.5536,1.3511,2.0713,5.9238,59703.7461,49,1.2262,2226613.5000,2.6515,159091
42,241,Paris,generalize_normal_wave,MAPPO,3600,11,60,25,0.4167,0.8167,0.1833,1401.8000,467.2667,0.3475,4.6752,597.2609,825.8000,2635.6787,0.8826,160.3411,138.4411,1914.9286,890.9954,2293.4167,208492.4062,0,0,0.0000,0.0000,0.0000,0.0000,0,0.5102,0.4898,4.6865,9251.6201,wave,0.3750,0.8165,1.2638,1.4329,0.8167,0.0000,70.1251,28,7669.6484,0.3462,0.5003,6,1,65891.9688,0.9833,0.5833,0.0000,0.5719,1.4624,3.4927,6.9689,74538.2500,41,1.3277,2068973.3750,3.3333,137605
42,242,Paris,generalize_normal_wave,MAPPO,3600,11,78,36,0.4615,0.8333,0.1667,1187.5000,237.5000,0.4654,4.6745,419.4193,786.3333,1836.9039,0.8759,180.5135,145.3485,1807.5929,811.2789,2997.0129,272455.7188,0,0,0.0000,0.0000,0.0000,0.0000,0,0.5538,0.4462,4.6942,9251.6201,wave,0.4107,0.7289,1.2504,1.1619,0.8333,0.0000,52.0385,32,7671.0889,0.3465,0.5287,5,0,66128.5469,1.1154,0.5385,0.0000,0.4142,0.8866,3.5053,4.0993,48000.9023,43,1.1532,2831331.2500,3.4744,233767
42,243,Paris,generalize_normal_ramp,MAPPO,3600,11,57,32,0.5614,0.8596,0.1404,1113.5938,278.3984,0.4479,4.3623,525.3571,668.2414,2389.5981,0.9097,173.8195,135.0098,1920.6281,930.0538,3672.7017,333881.9688,0,0,0.0000,0.0000,0.0000,0.0000,0,0.6531,0.3469,4.2804,5084.4316,ramp_up_down,0.3325,0.6178,1.2451,0.9177,0.8596,0.0000,47.4375,28,4469.7686,0.2913,0.5019,5,0,76467.1406,1.2281,0.4912,0.0000,0.6574,1.2175,2.0318,3.2162,28569.5605,22,1.2277,3527507.2500,3.1579,209344
42,244,Paris,generalize_normal_ramp,MAPPO,3600,11,71,43,0.6056,0.9014,0.0986,1090.7441,363.5814,0.3066,4.3595,440.5135,756.3158,2146.4404,0.9745,182.8696,166.1009,1818.1746,833.0366,2563.6338,233057.6250,0,0,0.0000,0.0000,0.0000,0.0000,0,0.6719,0.3281,4.2702,5084.4316,ramp_up_down,0.3000,0.5820,1.2646,0.9940,0.9014,0.0000,11.2254,28,4473.6396,0.2901,0.4877,5,1,92296.9375,1.0986,0.3521,0.0000,0.6530,1.1390,1.7202,2.3800,19615.2461,31,1.0048,2444758.0000,2.8310,182018
42,245,Paris,generalize_normal_ramp,MAPPO,3600,11,69,33,0.4783,0.8406,0.1594,1267.8788,316.9697,0.4066,4.3618,520.2812,760.0000,2632.9841,1.0000,181.6355,149.9410,1891.2742,946.4140,2485.9421,225994.7344,0,0,0.0000,0.0000,0.0000,0.0000,0,0.5690,0.4310,4.3155,5084.4316,ramp_up_down,0.3016,0.5896,1.2227,1.1991,0.8406,0.0000,0.0000,28,4470.4829,0.2911,0.4534,3,0,86888.4766,1.2609,0.4783,0.0000,0.6687,1.3986,3.6282,3.3553,38527.5703,16,1.3098,2374444.0000,3.3768,171530
42,246,Paris,generalize_stress_shock,MAPPO,3600,11,107,48,0.4486,0.8037,0.1963,1396.1250,698.0625,0.2344,4.2984,564.1190,939.3409,2430.9019,0.8618,166.1793,144.2741,2203.0364,262.3745,1055.9440,95994.8984,0,0,0.0000,0.0000,0.0000,0.0000,0,0.5581,0.4419,4.2015,4214.6001,shock_burst,0.2580,0.5303,1.2458,1.2542,0.8037,0.0000,77.9387,28,3531.8308,0.4069,0.4066,4,1,116683.2891,1.3084,0.6262,0.0000,0.4692,1.2531,7.3877,2.6883,32771.2773,24,1.0739,988599.0000,3.3271,112986
42,247,Paris,generalize_stress_shock,MAPPO,3600,11,108,50,0.4630,0.7315,0.2685,1074.7600,358.2533,0.3185,4.2972,412.2609,687.5455,2010.0692,0.9751,162.1571,116.3924,1825.5209,272.6046,1149.6573,104514.3125,1,0,0.0000,0.0000,0.0000,0.0000,0,0.6329,0.3671,4.2379,4214.6001,shock_burst,0.4319,0.8513,1.0361,1.0404,0.7315,0.0000,10.2470,28,3532.9670,0.4066,0.4593,6,0,100503.4609,1.0278,0.8981,0.0000,0.5169,0.8294,9.5584,2.7975,33363.1367,29,1.3148,1067389.7500,3.9074,124163
42,248,Paris,generalize_stress_shock,MAPPO,3600,11,99,51,0.5152,0.7071,0.2929,1112.5294,556.2647,0.2394,4.2971,456.3256,699.7209,2063.1123,0.9042,171.7911,134.7233,1908.8533,300.8780,1315.6162,119601.4688,1,0,0.0000,0.0000,0.0000,0.0000,0,0.7286,0.2714,4.2862,4214.6001,shock_burst,0.3732,0.7106,1.2163,1.1513,0.7071,0.0000,43.7031,28,3532.6841,0.4070,0.4998,4,0,105218.7266,1.1414,0.8990,0.0000,0.6115,1.0965,9.5531,2.8453,37028.5547,28,1.0805,1236727.5000,3.5960,130246
42,249,Paris,generalize_stress_buildup,MAPPO,3600,11,144,74,0.5139,0.7639,0.2361,1131.4595,1131.4595,0.1715,4.5202,428.1111,786.1194,1890.6013,0.8832,189.8598,169.9135,1840.2178,122.7921,775.2083,70473.4844,1,0,0.0000,0.0000,0.0000,0.0000,0,0.6727,0.3273,4.3955,7264.2334,building_up,0.3400,0.6325,1.2041,1.2473,0.7639,0.0000,49.9908,28,6198.9790,0.3272,0.4776,4,0,139904.5000,1.1875,0.7500,0.0000,0.4986,0.9445,15.8993,3.3265,78980.3281,65,1.2097,686663.2500,3.5694,111630
42,250,Paris,generalize_stress_buildup,MAPPO,3600,11,146,81,0.5548,0.8151,0.1849,1143.1357,571.5679,0.2469,4.5222,427.4028,785.2535,2107.9546,0.9864,152.7666,108.6696,1871.8373,101.1128,1325.8219,120529.2656,0,0,0.0000,0.0000,0.0000,0.0000,0,0.6807,0.3193,4.4400,7264.2334,building_up,0.3421,0.6652,1.2312,1.2758,0.8151,0.0000,5.8119,28,6198.2017,0.3245,0.5335,5,0,170744.3125,1.4178,0.5753,0.0000,0.6250,1.1670,10.3031,3.5140,73121.7031,84,1.2709,1224325.3750,3.6849,193570
42,251,Paris,generalize_stress_buildup,MAPPO,3600,11,160,77,0.4812,0.7688,0.2312,1062.7142,531.3571,0.2135,4.5207,434.4697,722.9296,2009.4059,0.9250,182.7781,135.4441,2016.3489,158.3449,872.9125,79355.6797,1,0,0.0000,0.0000,0.0000,0.0000,0,0.6260,0.3740,4.4853,7264.2334,building_up,0.4714,0.9480,1.3127,1.2170,0.7688,0.0000,32.5885,32,6199.0010,0.3261,0.4709,6,0,154724.2500,1.2062,0.7625,0.0000,0.4966,1.1927,12.6600,4.7108,100570.1172,82,1.2916,769793.1875,3.4813,139666
42,252,Paris,generalize_over_fleet,MAPPO,3600,11,36,29,0.8056,1.0000,0.0000,1189.7241,198.2874,0.5782,4.6752,535.0741,616.9655,2418.5288,0.9040,167.4854,137.7017,1831.8285,1106.0604,10675.0557,970459.6250,0,0,0.0000,0.0000,0.0000,0.0000,0,0.8056,0.1944,4.7889,9251.6201,wave,0.2370,0.5393,1.2932,0.0000,1.0000,0.0000,51.3683,36,7669.3276,0.3469,0.4777,3,0,70137.3359,2.1667,0.0000,0.0000,0.8605,1.2770,0.0000,6.5917,67812.1562,40,1.6060,10227036.0000,2.3611,384302
42,253,Paris,generalize_over_fleet,MAPPO,3600,11,34,23,0.6765,0.9706,0.0294,1200.3914,200.0652,0.6046,4.6761,532.5000,673.7778,2538.8123,0.9535,186.9940,155.1410,2019.4131,1307.3435,11953.9707,1086724.6250,0,0,0.0000,0.0000,0.0000,0.0000,0,0.6970,0.3030,4.7806,9251.6201,wave,0.2195,0.4802,1.1927,1.8585,0.9706,0.0000,24.7375,28,7668.9087,0.3453,0.4245,2,0,58392.6797,2.1471,0.0882,0.0000,0.6921,1.2222,0.3678,5.6411,66300.6719,43,1.5451,11574906.0000,2.3529,406435
42,254,Paris,generalize_over_fleet,MAPPO,3600,11,30,20,0.6667,0.8667,0.1333,1070.9000,214.1800,0.4934,4.6758,447.0500,700.6400,1961.7202,0.8776,149.3644,105.2963,1982.8741,1317.0995,8898.2002,808927.2500,0,0,0.0000,0.0000,0.0000,0.0000,0,0.7692,0.2308,4.7232,9251.6201,wave,0.2905,0.6042,1.1340,1.3047,0.8667,0.0000,54.7059,32,7669.3501,0.3450,0.4138,2,0,39234.4062,1.8000,0.4333,0.0000,0.6793,0.9751,1.0798,5.0209,42247.0508,40,1.6169,8467353.0000,2.6667,266946
42,255,Paris,generalize_normal_wave,FaithfulMAPPER,3600,11,66,53,0.8030,0.9394,0.0606,922.6981,922.6981,0.1690,4.6752,467.2500,474.9310,2028.0222,0.8681,187.8100,159.6699,1682.8081,647.2852,812.9243,73902.2031,0,0,0.0000,0.0000,0.0000,0.0000,0,0.8548,0.1452,4.6471,9251.6201,wave,0.2764,0.7257,1.3683,1.3418,0.9394,0.0000,61.6456,28,7669.9487,0.3473,0.5128,5,0,107485.1797,1.8030,0.2879,0.0000,0.8773,1.2121,0.9945,5.2630,83562.1328,81,1.2504,616547.5000,2.3485,53653
42,256,Paris,generalize_normal_wave,FaithfulMAPPER,3600,11,60,48,0.8000,0.9167,0.0833,950.0625,950.0625,0.1530,4.6748,458.9167,523.7222,2061.4075,0.8984,160.3411,138.6022,1757.4330,840.2260,950.2500,86386.3672,0,0,0.0000,0.0000,0.0000,0.0000,0,0.8727,0.1273,4.6860,9251.6201,wave,0.2847,0.6208,1.3137,1.0872,0.9167,0.0000,46.6352,28,7670.9146,0.3462,0.4804,3,0,98947.5547,1.7000,0.2833,0.0000,0.8283,1.1031,1.0820,5.2690,94902.3828,71,1.2296,689889.8750,2.1500,57015
42,257,Paris,generalize_normal_wave,FaithfulMAPPER,3600,11,78,55,0.7051,0.8846,0.1154,959.7818,959.7818,0.1483,4.6736,424.8148,572.2500,1977.7968,0.9311,182.2791,152.5446,1739.5092,819.0096,986.0128,89637.5312,0,0,0.0000,0.0000,0.0000,0.0000,0,0.7971,0.2029,4.6938,9251.6201,wave,0.3311,0.7389,1.2538,1.0968,0.8846,0.0000,29.2555,32,7672.2046,0.3474,0.4913,4,0,108778.8203,1.5128,0.3846,0.0000,0.7237,1.0140,1.9730,4.2369,77428.2344,84,1.0905,803022.6250,2.2564,76909
42,258,Paris,generalize_normal_ramp,FaithfulMAPPER,3600,11,57,40,0.7018,0.8596,0.1404,1039.2750,0.0000,0.0783,4.3621,522.6000,550.2245,2353.5286,0.9007,173.8195,156.5116,1942.5658,1005.8820,957.3509,87031.8984,0,0,0.0000,0.0000,0.0000,0.0000,0,0.8163,0.1837,4.2801,5084.4316,ramp_up_down,0.3070,0.6305,1.2191,1.0770,0.8596,0.0000,51.8943,28,4470.1055,0.2914,0.4176,2,0,94141.1484,1.6842,0.4386,0.0000,0.7639,1.1318,1.8121,3.1151,55621.9648,41,1.0000,774412.6250,2.4211,54569
42,259,Paris,generalize_normal_ramp,FaithfulMAPPER,3600,11,71,64,0.9014,0.9577,0.0423,969.7969,969.7969,0.1224,4.3588,448.2857,540.2424,2022.0311,0.9021,182.8696,166.1009,1732.1661,788.6420,693.4507,63040.9727,0,0,0.0000,0.0000,0.0000,0.0000,0,0.9412,0.0588,4.2692,5084.4316,ramp_up_down,0.2240,0.5674,1.2260,1.5080,0.9577,0.0000,43.8795,28,4474.3716,0.2907,0.4354,4,0,129409.9922,1.8873,0.1972,0.0000,0.8761,1.0267,1.3351,2.6363,48986.8008,37,1.2697,555332.0625,2.2676,49235
42,260,Paris,generalize_normal_ramp,FaithfulMAPPER,3600,11,69,55,0.7971,0.9130,0.0870,965.1818,965.1818,0.1289,4.3607,476.5660,517.9000,2136.9248,0.8968,181.6355,157.0497,1800.1454,925.3436,822.4637,74769.4297,0,0,0.0000,0.0000,0.0000,0.0000,0,0.8730,0.1270,4.3147,5084.4316,ramp_up_down,0.3424,0.8109,1.2175,1.2343,0.9130,0.0000,49.1811,28,4471.5610,0.2918,0.4463,5,0,117530.8594,2.0000,0.3043,0.0000,0.8679,1.0890,1.2326,3.0120,66305.4141,32,1.0894,683084.3750,2.4928,56750
42,261,Paris,generalize_stress_shock,FaithfulMAPPER,3600,11,107,78,0.7290,0.8505,0.1495,1178.3718,589.1859,0.2404,4.2947,535.5385,660.5057,2453.8726,0.9164,171.0149,148.7228,2146.9944,260.0549,669.7196,60883.6016,0,0,0.0000,0.0000,0.0000,0.0000,0,0.8571,0.1429,4.1961,4214.6001,shock_burst,0.2166,0.4887,1.2453,1.2594,0.8505,0.0000,44.7639,28,3533.4844,0.4090,0.3781,3,0,191402.0625,1.6075,0.4953,0.0000,0.8038,1.3210,4.6828,2.9168,91178.4531,62,1.1016,580325.5625,2.3645,71660
42,262,Paris,generalize_stress_shock,FaithfulMAPPER,3600,11,108,72,0.6667,0.8611,0.1389,891.2222,445.6111,0.1843,4.2950,399.9167,530.3929,1822.1675,0.9113,162.1571,123.1488,1672.8942,190.3111,400.9445,36449.4961,0,0,0.0000,0.0000,0.0000,0.0000,0,0.7742,0.2258,4.2360,4214.6001,shock_burst,0.2853,0.6051,1.0066,1.2267,0.8611,0.0000,35.4832,28,3534.0693,0.4077,0.4620,3,0,131196.0625,1.5278,0.4815,0.0000,0.6722,0.7490,4.5705,2.5490,48571.9766,46,1.1097,293165.1562,2.2500,43302
42,263,Paris,generalize_stress_shock,FaithfulMAPPER,3600,11,99,65,0.6566,0.7980,0.2020,881.2615,881.2615,0.1204,4.2957,427.1231,501.7162,1876.5789,0.8787,171.7911,134.7233,1810.0536,239.7332,429.6970,39063.3594,0,0,0.0000,0.0000,0.0000,0.0000,0,0.8228,0.1772,4.2854,4214.6001,shock_burst,0.2886,0.6219,1.1950,1.2064,0.7980,0.0000,51.8073,28,3533.3137,0.4077,0.4613,3,0,121977.6250,1.5253,0.6465,0.0000,0.7035,0.9898,5.7577,3.4450,56798.2305,47,1.0000,349456.0000,2.3737,42540
42,264,Paris,generalize_stress_buildup,FaithfulMAPPER,3600,11,144,89,0.6181,0.7847,0.2153,1071.0674,1071.0674,0.1184,4.5199,479.4157,647.4112,2092.4934,0.8729,190.8791,169.1140,1903.2561,120.1788,570.1597,51832.7031,0,0,0.0000,0.0000,0.0000,0.0000,0,0.7876,0.2124,4.3951,7264.2334,building_up,0.2482,0.5339,1.1785,1.3448,0.7847,0.0000,60.9171,28,6199.6333,0.3273,0.4147,2,0,186231.9062,1.3333,0.6806,0.0000,0.6675,1.0514,12.1548,3.5919,137883.6406,101,1.0000,472977.2812,2.2708,82103
42,265,Paris,generalize_stress_buildup,FaithfulMAPPER,3600,11,146,101,0.6918,0.8767,0.1233,986.2673,986.2673,0.1785,4.5211,448.7374,547.0275,2019.7878,0.9002,152.7666,108.6696,1812.6273,80.3855,521.8288,47438.9805,0,0,0.0000,0.0000,0.0000,0.0000,0,0.7891,0.2109,4.4387,7264.2334,building_up,0.2565,0.5290,1.2420,1.2215,0.8767,0.0000,44.7798,28,6199.2266,0.3259,0.4566,3,0,203998.5625,1.6164,0.3973,0.0000,0.6967,1.0433,5.6309,3.2677,86795.0391,103,1.2577,412727.5312,2.2123,76187
42,266,Paris,generalize_stress_buildup,FaithfulMAPPER,3600,11,160,95,0.5938,0.8000,0.2000,998.6631,499.3316,0.2198,4.5202,491.9579,541.5273,2154.8870,0.8760,182.7781,135.4441,2036.5460,148.8879,580.0000,52727.2734,0,0,0.0000,0.0000,0.0000,0.0000,0,0.7422,0.2578,4.4844,7264.2334,building_up,0.3554,0.6919,1.2993,1.2560,0.8000,0.0000,60.9805,32,6199.8833,0.3264,0.4470,4,0,204714.2500,1.4937,0.6687,0.0000,0.6209,1.2087,9.5610,4.4417,146147.3281,108,1.3812,465816.0938,2.4750,92800
42,267,Paris,generalize_over_fleet,FaithfulMAPPER,3600,11,36,31,0.8611,0.9722,0.0278,1121.8710,140.2339,0.8039,4.6755,537.6774,581.5883,2339.2561,0.8701,167.4854,137.7017,1871.0552,1096.5996,2473.1667,224833.3281,0,0,0.0000,0.0000,0.0000,0.0000,0,0.8857,0.1143,4.7889,9251.6201,wave,0.1193,0.3650,1.2917,1.3472,0.9722,0.0000,69.8262,36,7669.2295,0.3464,0.4501,2,0,72516.9375,1.8889,0.2500,0.0000,0.9245,1.2835,0.3091,4.8438,61879.7305,62,1.6500,1962011.3750,2.3889,89034
42,268,Paris,generalize_over_fleet,FaithfulMAPPER,3600,11,34,23,0.6765,0.9412,0.0588,1035.0435,172.5072,0.5681,4.6763,516.0870,570.3549,2317.6562,0.8982,186.9940,155.1410,2061.1426,1301.4703,2143.5588,194868.9844,0,0,0.0000,0.0000,0.0000,0.0000,0,0.7188,0.2812,4.7806,9251.6201,wave,0.2834,0.6149,1.1831,1.6790,0.9412,0.0000,52.5557,28,7668.8662,0.3449,0.4252,2,0,53306.0938,1.4706,0.2353,0.0000,0.6476,1.1437,0.8806,5.1070,49469.0039,51,1.5345,1683090.1250,1.7941,72881
42,269,Paris,generalize_over_fleet,FaithfulMAPPER,3600,11,30,22,0.7333,0.8667,0.1333,896.4091,224.1023,0.3836,4.6758,413.2273,579.8077,1875.4639,0.9077,149.3644,105.2963,1982.8741,1317.0995,1524.3667,138578.7812,0,0,0.0000,0.0000,0.0000,0.0000,0,0.8462,0.1538,4.7233,9251.6201,wave,0.1964,0.4896,1.1340,1.3047,0.8667,0.0000,38.1345,32,7669.3335,0.3449,0.4641,2,0,41260.2070,1.5333,0.4333,0.0000,0.7028,0.9170,1.0798,4.5199,33996.5273,38,1.3980,1050873.3750,2.1000,45731
42,270,Paris,generalize_normal_wave,IPPO,3600,11,66,48,0.7273,0.8939,0.1061,947.0000,947.0000,0.1005,4.6754,470.5208,506.6250,2071.3630,0.8805,187.8100,159.6699,1754.5179,733.6697,889.0151,80819.5625,0,0,0.0000,0.0000,0.0000,0.0000,0,0.8136,0.1864,4.6473,9251.6201,wave,0.2839,0.6124,1.3636,1.3928,0.8939,0.0000,56.2482,28,7669.6699,0.3469,0.4805,3,0,99425.4297,1.6061,0.4697,0.0000,0.8217,1.2534,1.5811,5.1783,89703.9609,88,1.0979,678279.8750,2.2424,58675
42,271,Paris,generalize_normal_wave,IPPO,3600,11,60,47,0.7833,0.9167,0.0833,998.4042,998.4042,0.1133,4.6743,465.1064,542.3091,2126.2351,0.9143,160.3411,138.6022,1762.4471,837.7646,905.9833,82362.1250,0,0,0.0000,0.0000,0.0000,0.0000,0,0.8545,0.1455,4.6860,9251.6201,wave,0.2506,0.5323,1.2981,1.2580,0.9167,0.0000,39.8594,28,7671.0508,0.3471,0.4863,2,0,99933.0469,1.7833,0.3167,0.0000,0.8529,1.1600,1.1146,4.5736,96192.8281,60,1.0667,612432.6875,2.3167,54359
42,272,Paris,generalize_normal_wave,IPPO,3600,11,78,58,0.7436,0.8974,0.1026,911.1207,911.1207,0.0914,4.6737,421.4483,572.4493,1846.6101,0.8763,180.5333,149.7473,1721.1670,798.3017,929.4103,84491.8438,0,0,0.0000,0.0000,0.0000,0.0000,0,0.8286,0.1714,4.6937,9251.6201,wave,0.2918,0.6423,1.2525,1.0888,0.8974,0.0000,52.1263,32,7672.2778,0.3472,0.4863,4,0,107103.3828,1.6154,0.3462,0.0000,0.7188,0.9551,1.7071,4.7216,86287.5625,92,1.0000,732825.8125,2.1538,72494
42,273,Paris,generalize_normal_ramp,IPPO,3600,11,57,46,0.8070,0.9298,0.0702,967.2609,967.2609,0.1433,4.3619,475.0217,519.4340,2193.0547,0.9233,173.8195,157.8022,1827.4464,934.3409,660.8421,60076.5547,0,0,0.0000,0.0000,0.0000,0.0000,0,0.8679,0.1321,4.2801,5084.4316,ramp_up_down,0.2433,0.5369,1.1913,1.3032,0.9298,0.0000,36.4108,28,4470.4062,0.2914,0.4414,2,0,100880.5156,1.7719,0.2281,0.0000,0.8141,1.0488,1.0420,2.4138,33082.0430,39,1.0000,426157.9062,2.1053,37668
42,274,Paris,generalize_normal_ramp,IPPO,3600,11,71,60,0.8451,0.9155,0.0845,1022.1000,1022.1000,0.1599,4.3590,475.5333,550.9375,2168.5117,0.9120,182.8696,166.1009,1802.8101,857.2397,818.9437,74449.4219,0,0,0.0000,0.0000,0.0000,0.0000,0,0.9231,0.0769,4.2694,5084.4316,ramp_up_down,0.1667,0.3944,1.2429,1.1835,0.9155,0.0000,41.8310,28,4474.1362,0.2906,0.4230,2,0,130110.7109,1.5915,0.3944,0.0000,0.8891,1.1114,1.5094,2.3412,30725.0898,34,1.0453,641313.1250,2.1268,58145
42,275,Paris,generalize_normal_ramp,IPPO,3600,11,69,59,0.8551,0.9420,0.0580,939.9661,939.9661,0.1158,4.3608,467.2542,489.8125,2067.5078,0.8850,181.6355,159.1921,1758.4932,891.8514,743.6377,67603.4219,0,0,0.0000,0.0000,0.0000,0.0000,0,0.9077,0.0923,4.3145,5084.4316,ramp_up_down,0.2046,0.4654,1.2286,1.0624,0.9420,0.0000,53.7527,28,4471.6274,0.2917,0.4520,2,0,121982.9609,1.7826,0.2754,0.0000,0.8784,1.0274,0.5809,3.2981,46376.6133,46,1.0000,576386.9375,2.2899,51311
42,276,Paris,generalize_stress_shock,IPPO,3600,11,107,77,0.7196,0.8598,0.1402,1223.9611,1223.9611,0.1601,4.2948,514.1334,733.8588,2408.1409,0.9368,171.0149,146.3141,2126.8845,246.3258,592.2804,53843.6719,0,0,0.0000,0.0000,0.0000,0.0000,0,0.8370,0.1630,4.1962,4214.6001,shock_burst,0.1895,0.4763,1.2464,1.2539,0.8598,0.0000,32.5052,28,3533.6531,0.4089,0.3682,3,0,185426.8438,1.6916,0.4579,0.0000,0.7676,1.2778,4.4431,2.6022,73584.8906,52,1.0736,485842.0312,2.4112,63374
42,277,Paris,generalize_stress_shock,IPPO,3600,11,108,69,0.6389,0.8519,0.1481,906.1594,906.1594,0.1195,4.2949,418.7971,544.5000,1834.7721,0.8762,162.1571,122.0139,1687.8848,218.2858,629.7407,57249.1602,0,0,0.0000,0.0000,0.0000,0.0000,0,0.7500,0.2500,4.2355,4214.6001,shock_burst,0.2873,0.5898,1.0051,1.2221,0.8519,0.0000,51.8427,28,3534.0576,0.4079,0.4506,2,0,126599.2734,1.9630,0.5556,0.0000,0.6550,0.7615,4.7795,2.1094,39291.0039,47,1.1538,500324.8125,2.6574,68012
42,278,Paris,generalize_stress_shock,IPPO,3600,11,99,72,0.7273,0.8485,0.1515,880.2361,880.2361,0.1632,4.2956,407.3889,493.1039,1871.3973,0.9187,171.7911,134.7233,1741.4005,225.0538,571.6869,51971.5352,0,0,0.0000,0.0000,0.0000,0.0000,0,0.8571,0.1429,4.2850,4214.6001,shock_burst,0.2826,0.5803,1.2017,1.1723,0.8485,0.0000,33.1094,28,3533.5403,0.4076,0.4786,3,0,134740.6094,1.7778,0.4949,0.0000,0.7808,0.9917,3.6349,2.9902,49518.0625,48,1.2334,463528.6562,2.3535,56597
42,279,Paris,generalize_stress_buildup,IPPO,3600,11,144,94,0.6528,0.8194,0.1806,1015.0425,0.0000,0.0845,4.5194,456.7021,614.7982,1980.6605,0.8674,193.6047,170.1859,1830.6785,161.2986,506.3889,46035.3555,0,0,0.0000,0.0000,0.0000,0.0000,0,0.7966,0.2034,4.3947,7264.2334,building_up,0.2736,0.5723,1.1880,1.3337,0.8194,0.0000,60.5700,28,6199.8789,0.3281,0.4350,3,0,186182.0938,1.6319,0.5764,0.0000,0.6735,1.0043,11.4375,3.1153,95087.9531,112,1.0784,391035.2188,2.3542,72920
42,280,Paris,generalize_stress_buildup,IPPO,3600,11,146,92,0.6301,0.8493,0.1507,1063.9348,1063.9348,0.1774,4.5214,478.5217,616.6731,2121.5444,0.8867,152.7666,108.6696,1864.3583,85.0240,533.9658,48542.3398,0,0,0.0000,0.0000,0.0000,0.0000,0,0.7419,0.2581,4.4389,7264.2334,building_up,0.2558,0.5314,1.2438,1.2154,0.8493,0.0000,54.2128,28,6198.8135,0.3257,0.4212,3,0,195182.0781,1.9247,0.5205,0.0000,0.6904,1.1349,5.9739,2.8589,90413.3516,99,1.2099,402361.0625,2.8219,77959
42,281,Paris,generalize_stress_buildup,IPPO,3600,11,160,94,0.5875,0.7937,0.2063,1022.0000,1022.0000,0.1281,4.5203,512.3723,550.9189,2225.3098,0.8686,181.6866,129.9911,2048.8254,122.3102,527.0062,47909.6602,0,0,0.0000,0.0000,0.0000,0.0000,0,0.7402,0.2598,4.4848,7264.2334,building_up,0.3609,0.7095,1.3085,1.2217,0.7937,0.0000,67.3104,32,6199.8018,0.3263,0.4383,4,0,209179.1250,1.5187,0.6687,0.0000,0.6587,1.2959,9.5351,4.4895,155971.5938,122,1.3359,378383.7500,2.4125,84321
42,282,Paris,generalize_over_fleet,IPPO,3600,11,36,31,0.8611,0.9722,0.0278,1108.1290,158.3042,0.7157,4.6753,535.5484,576.1177,2331.4590,0.8707,167.4854,137.7017,1865.1082,1149.9117,1607.0555,146095.9531,0,0,0.0000,0.0000,0.0000,0.0000,0,0.8857,0.1143,4.7889,9251.6201,wave,0.0606,0.2540,1.2797,1.7680,0.9722,0.0000,69.2566,36,7669.2046,0.3468,0.4470,1,0,72275.2266,1.9444,0.1944,0.0000,0.9180,1.2745,0.5897,5.2425,69531.2578,58,1.5638,974293.6875,2.1944,57854
42,283,Paris,generalize_over_fleet,IPPO,3600,11,34,25,0.7353,0.9706,0.0294,1022.8000,146.1143,0.6808,4.6761,502.7200,585.7500,2252.3130,0.8961,186.9940,155.1410,2019.4131,1307.3435,1716.8529,156077.5469,0,0,0.0000,0.0000,0.0000,0.0000,0,0.7576,0.2424,4.7806,9251.6201,wave,0.2957,0.6235,1.1927,1.8585,0.9706,0.0000,52.2574,28,7668.9180,0.3453,0.4459,2,0,56307.8242,1.7647,0.0882,0.0000,0.6705,1.0894,0.3678,6.6335,80278.2656,59,1.5750,1147561.8750,1.9706,58373
42,284,Paris,generalize_over_fleet,IPPO,3600,11,30,20,0.6667,0.8333,0.1667,946.6500,189.3300,0.5344,4.6758,442.4500,603.8400,1933.6530,0.8741,149.3644,105.2963,2042.7267,1376.3593,1550.8667,140987.8750,0,0,0.0000,0.0000,0.0000,0.0000,0,0.8000,0.2000,4.7233,9251.6201,wave,0.2000,0.5000,1.1520,1.1807,0.8333,0.0000,55.7194,32,7669.2627,0.3450,0.4225,1,0,38673.0586,1.5000,0.6000,0.0000,0.6597,0.9469,1.2463,4.7448,35886.6680,36,1.6400,939839.7500,2.3000,46526
42,285,Paris,generalize_normal_wave,Hybrid,3600,11,66,51,0.7727,0.8939,0.1061,956.2941,956.2941,0.1516,4.6753,460.5800,506.4483,2079.2395,0.9029,187.8100,159.6699,1755.2571,744.2123,1070.3182,97301.6562,0,0,-0.3975,0.0000,0.0000,0.0000,115,0.8644,0.1356,4.6471,9251.6201,wave,0.2855,0.6197,1.3654,1.3780,0.8939,0.0000,44.7321,28,7669.7725,0.3472,0.5030,3,0,106041.2188,1.6212,0.4242,0.0000,0.8686,1.2470,1.5310,4.7911,63841.7812,71,1.2702,805877.4375,2.2576,70641
42,286,Paris,generalize_normal_wave,Hybrid,3600,11,60,47,0.7833,0.9167,0.0833,966.4894,966.4894,0.1495,4.6746,477.3192,529.0926,2076.7256,0.8702,160.3411,138.6022,1762.4471,837.7646,800.2667,72751.5156,0,0,-0.2761,0.0000,0.0000,0.0000,112,0.8545,0.1455,4.6859,9251.6201,wave,0.2734,0.5946,1.2981,1.2580,0.9167,0.0000,61.9740,28,7670.9321,0.3464,0.4650,3,0,97606.1016,1.8167,0.2833,0.0000,0.7895,1.0737,1.1146,5.2834,110411.1094,69,1.4537,446383.8438,2.2667,48016
42,287,Paris,generalize_normal_wave,Hybrid,3600,11,78,55,0.7051,0.8333,0.1667,983.3455,983.3455,0.1277,4.6738,447.4182,585.6667,2025.2510,0.9053,180.5333,149.7473,1817.8958,870.2318,746.8718,67897.4375,0,0,-0.2880,0.0000,0.0000,1.0000,129,0.8462,0.1538,4.6938,9251.6201,wave,0.3138,0.6618,1.2496,1.1659,0.8333,0.0000,42.3680,32,7671.9268,0.3472,0.4657,4,0,111388.8047,1.4872,0.6026,0.0000,0.7586,1.0629,3.1718,6.0732,105960.9531,89,1.1085,500910.1562,2.5256,58256
42,288,Paris,generalize_normal_ramp,Hybrid,3600,11,57,43,0.7544,0.8947,0.1053,1091.2325,1091.2325,0.1585,4.3621,511.9535,606.1765,2262.7952,0.8840,179.0239,159.1813,1886.7919,987.3337,747.7368,67976.0781,0,0,-0.4064,0.0000,0.0000,0.0000,90,0.8431,0.1569,4.2799,5084.4316,ramp_up_down,0.2791,0.6223,1.2170,1.0478,0.8947,0.0000,59.3945,28,4470.2563,0.2913,0.4034,3,0,97300.1875,1.5088,0.3333,0.0000,0.8471,1.1675,1.2049,2.8461,61345.2305,35,1.0000,499277.9062,2.0877,42621
42,289,Paris,generalize_normal_ramp,Hybrid,3600,11,71,60,0.8451,0.9437,0.0563,1028.0834,1028.0834,0.1071,4.3589,470.4167,565.1818,2158.2637,0.9176,182.8696,166.1009,1762.8977,827.3947,648.1127,58919.3359,0,0,-0.2805,0.0000,0.0000,0.0000,146,0.8955,0.1045,4.2697,5084.4316,ramp_up_down,0.2373,0.5244,1.2404,1.1970,0.9437,0.0000,38.7639,28,4474.3232,0.2906,0.4318,3,0,129495.8281,1.8028,0.3099,0.0000,0.8699,1.0874,0.8942,2.4693,44575.3359,27,1.3497,469543.5938,2.2113,46016
42,290,Paris,generalize_normal_ramp,Hybrid,3600,11,69,55,0.7971,0.9275,0.0725,993.0000,993.0000,0.1623,4.3609,474.3091,559.4762,2063.6672,0.8702,181.6355,157.0497,1780.0408,902.3220,765.3333,69575.7578,0,0,-0.2674,0.0000,0.0000,0.0000,136,0.8594,0.1406,4.3145,5084.4316,ramp_up_down,0.2374,0.5378,1.2391,0.9619,0.9275,0.0000,61.5756,28,4471.5874,0.2915,0.4306,3,0,113501.7031,1.8841,0.2899,0.0000,0.8438,1.0588,0.6871,3.6665,76877.3906,39,1.2242,563382.5000,2.3623,52808
42,291,Paris,generalize_stress_shock,Hybrid,3600,11,107,78,0.7290,0.8411,0.1589,1200.4359,600.2180,0.2519,4.2949,553.5897,649.6429,2472.5911,0.8933,171.0149,146.3141,2154.0984,251.7997,721.0934,65553.9531,0,0,-0.4062,0.0000,0.0000,0.0000,173,0.8667,0.1333,4.1978,4214.6001,shock_burst,0.1975,0.4351,1.2430,1.2708,0.8411,0.0000,59.0715,28,3533.3706,0.4089,0.3702,2,0,192862.0938,1.5421,0.5421,0.0000,0.8084,1.3286,5.8848,2.5505,67523.0547,39,1.0373,589537.4375,2.2617,77157
42,292,Paris,generalize_stress_shock,Hybrid,3600,11,108,78,0.7222,0.8519,0.1481,923.0513,923.0513,0.1791,4.2951,427.7949,507.5000,1876.7185,0.8774,162.1571,123.1488,1688.7417,185.4586,531.6574,48332.4922,0,0,-0.1765,0.0000,0.0000,2.0000,182,0.8478,0.1522,4.2364,4214.6001,shock_burst,0.1827,0.4551,0.9928,1.2925,0.8519,0.0000,52.4512,28,3533.9321,0.4077,0.4607,3,0,146384.0469,1.4630,0.5833,0.0000,0.7444,0.7657,5.0835,2.6516,51286.8086,57,1.1393,380561.3438,2.2222,57419
42,293,Paris,generalize_stress_shock,Hybrid,3600,11,99,71,0.7172,0.8384,0.1616,860.4789,860.4789,0.1741,4.2954,407.3662,486.2911,1865.2435,0.9158,171.7911,134.7233,1754.1566,227.9829,514.3232,46756.6562,0,0,-0.3325,0.0000,0.0000,0.0000,142,0.8554,0.1446,4.2856,4214.6001,shock_burst,0.2397,0.5259,1.1957,1.2055,0.8384,0.0000,34.3175,28,3533.5261,0.4078,0.4881,3,0,132432.2969,1.3939,0.5152,0.0000,0.7722,0.9946,4.1809,3.0455,49249.5547,38,1.1239,404806.7500,1.9798,50918
42,294,Paris,generalize_stress_buildup,Hybrid,3600,11,144,97,0.6736,0.7986,0.2014,977.5670,977.5670,0.1152,4.5196,453.9072,552.4863,2025.3896,0.8924,192.5709,170.9854,1855.8943,179.4787,446.9167,40628.7891,0,0,-0.2529,0.0000,0.0000,0.0000,216,0.8435,0.1565,4.3948,7264.2334,building_up,0.2857,0.6166,1.1713,1.3848,0.7986,0.0000,48.8293,28,6199.6187,0.3278,0.4423,4,0,196462.7969,1.3889,0.6528,0.0000,0.6745,0.9748,13.6824,2.8115,82714.3438,95,1.0036,328353.1250,2.2222,64356
42,295,Paris,generalize_stress_buildup,Hybrid,3600,11,146,100,0.6849,0.8767,0.1233,946.0000,473.0000,0.1876,4.5210,449.3900,530.3217,1972.3057,0.8778,152.7666,108.6696,1812.6189,83.1008,495.7808,45070.9844,0,0,-0.2434,0.0000,0.0000,0.0000,233,0.7812,0.2188,4.4386,7264.2334,building_up,0.2395,0.5099,1.2374,1.2543,0.8767,0.0000,54.9289,28,6199.2676,0.3260,0.4685,3,0,197230.5625,1.5000,0.3973,0.0000,0.6791,1.0271,5.8067,3.0486,83107.6094,87,1.1658,356059.1875,2.0548,72384
42,296,Paris,generalize_stress_buildup,Hybrid,3600,11,160,92,0.5750,0.7937,0.2063,1042.6631,1042.6631,0.1411,4.5205,491.3587,575.1770,2131.8018,0.8677,181.6866,129.9911,2044.4144,137.6567,428.8875,38989.7734,0,0,-0.2105,0.0000,0.0000,0.0000,256,0.7244,0.2756,4.4850,7264.2334,building_up,0.3706,0.7672,1.3148,1.1975,0.7937,0.0000,64.9984,32,6199.8589,0.3258,0.4224,5,0,196125.7656,1.4688,0.7000,0.0000,0.6182,1.2426,9.5735,3.1200,108527.3359,116,1.0000,282674.9688,2.4062,68622
