seed,global_episode,city,phase,policy_mode,total_steps,n_agents_max,tasks_appeared,tasks_completed,throughput_rate,accept_rate,refuse_rate,latency_mean,latency_per_agent,agent_utilisation,mean_congestion,mean_trip_steps,mean_wait_steps,mean_road_pd_m,delivery_route_efficiency,bbox_area_km2,convex_hull_km2,mean_pd_hav_m,mean_nn_pickup_m,compute_time_per_task_ms,compute_time_per_decision_us,pairing_violations,capacity_violations,actor_loss,critic_loss,entropy,adv_std,n_experiences,completion_per_accepted,unfinished_accept_rate,mean_congestion_at_decision,n_ghost_active_mean,congestion_profile,agent_completed_gini,agent_completed_std,mean_imp_accepted,mean_imp_refused,accept_rate_high_cong,accept_rate_low_cong,mean_extra_steps_per_task,peak_congestion,mean_overlap_edges,congestion_variance,route_congestion_exposure,max_agent_completed,min_agent_completed,total_fleet_distance_m,wallclock_ms
42,0,Tokyo_Small,eval,MAPPO,3600,8,130,67,0.5154,0.8692,0.1308,744.1194,148.8239,0.6611,1.0027,307.7963,508.7292,1166.8180,0.7582,29.6079,25.6958,906.9254,241.2281,69.0000,8625.0000,0,0,0.0000,0.0000,0.0000,0.0000,0,0.5929,0.4071,1.0000,2.0000,flat,0.1591,0.3387,1.2342,1.2663,0.8692,0.0000,74.4327,2,0.0136,0.0232,0.4023,9,3,78176.8047,8970
42,1,Tokyo_Small,eval,MAPPO,3600,8,135,94,0.6963,0.9556,0.0444,706.0745,141.2149,0.7138,1.0007,235.9091,455.8571,1067.0454,0.9046,29.3572,26.9962,794.1068,199.1124,122.6222,15327.7773,0,0,0.0000,0.0000,0.0000,0.0000,0,0.7287,0.2713,1.0007,2.0000,flat,0.2158,0.3846,1.2551,1.2542,0.9556,0.0000,22.5000,2,0.0061,0.0092,0.3874,11,3,100302.2734,16554
42,2,Tokyo_Small,eval,MAPPO,3600,8,129,75,0.5814,0.9225,0.0775,823.3066,164.6613,0.6656,1.0001,267.8594,558.8475,1228.0513,0.9169,29.2780,27.4186,855.8423,216.2665,86.1318,10766.4727,0,0,0.0000,0.0000,0.0000,0.0000,0,0.6303,0.3697,1.0000,2.0000,flat,0.2188,0.4075,1.2247,1.2759,0.9225,0.0000,22.2491,2,0.0011,0.0029,0.3837,10,3,92103.8438,11111
42,3,Tokyo_Small,eval,MAPPO,3600,8,117,64,0.5470,0.9487,0.0513,873.7812,218.4453,0.5202,1.0003,237.7018,630.7358,1337.3141,1.0000,29.4716,26.1189,930.2014,219.8676,143.4872,17935.8965,0,0,0.0000,0.0000,0.0000,0.0000,0,0.5766,0.4234,1.0000,2.0000,flat,0.3289,0.6264,1.2075,1.2995,0.9487,0.0000,0.0000,2,0.0025,0.0069,0.3580,12,1,85588.1016,16788
42,4,Tokyo_Small,eval,MAPPO,3600,8,132,84,0.6364,0.9621,0.0379,792.3810,158.4762,0.6393,1.0002,252.8630,560.4769,1254.0410,0.9919,29.4076,26.1272,907.3547,218.1253,102.4773,12809.6592,0,0,0.0000,0.0000,0.0000,0.0000,0,0.6614,0.3386,1.0011,2.0000,flat,0.1713,0.3263,1.2933,1.2274,0.9621,0.0000,2.0548,2,0.0031,0.0046,0.4055,11,4,105339.4531,13527
42,5,Tokyo_Small,eval,FaithfulMAPPER,3600,8,130,54,0.4154,0.8231,0.1769,735.0555,147.0111,0.6303,1.0002,285.5800,502.6111,1184.8446,0.8298,29.3044,25.5336,943.4174,239.0952,85.1769,10647.1152,0,0,0.0000,0.0000,0.0000,0.0000,0,0.5047,0.4953,1.0000,2.0000,flat,0.1716,0.3057,1.2313,1.2716,0.8231,0.0000,48.6111,2,0.0014,0.0047,0.3317,6,2,63981.6055,11073
42,6,Tokyo_Small,eval,FaithfulMAPPER,3600,8,135,46,0.3407,0.6444,0.3556,993.5000,198.7000,0.7237,1.0002,334.2750,663.6047,1280.6351,0.7662,29.3013,26.2887,1005.9069,290.6109,88.3407,11042.5928,0,0,0.0000,0.0000,0.0000,0.0000,0,0.5287,0.4713,1.0000,2.0000,flat,0.1349,0.2736,1.2201,1.3184,0.6444,0.0000,78.1480,2,0.0011,0.0046,0.2713,6,2,58909.2148,11926
42,7,Tokyo_Small,eval,FaithfulMAPPER,3600,8,129,38,0.2946,0.7054,0.2946,1061.2632,265.3158,0.6191,1.0001,378.8000,708.4054,1507.8652,0.7961,29.0937,27.3014,1022.9826,267.5758,113.2868,14160.8525,0,0,0.0000,0.0000,0.0000,0.0000,0,0.4176,0.5824,1.0000,2.0000,flat,0.1689,0.3093,1.2015,1.2937,0.7054,0.0000,77.2269,2,0.0006,0.0028,0.2633,5,2,57298.8789,14614
42,8,Tokyo_Small,eval,FaithfulMAPPER,3600,8,117,47,0.4017,0.7179,0.2821,1080.4255,270.1064,0.6126,1.0001,397.8974,700.9412,1695.3542,0.8522,29.0472,25.5526,1121.3132,265.0749,105.7863,13223.2910,0,0,0.0000,0.0000,0.0000,0.0000,0,0.5595,0.4405,1.0000,2.0000,flat,0.2292,0.4123,1.1983,1.2478,0.7179,0.0000,58.8266,2,0.0011,0.0042,0.2542,6,1,79681.6484,12377
42,9,Tokyo_Small,eval,FaithfulMAPPER,3600,8,132,50,0.3788,0.7500,0.2500,868.6200,173.7240,0.6790,1.0001,338.6087,579.6326,1522.7527,0.8994,29.3355,26.3223,1065.4536,249.8800,125.7652,15720.6436,0,0,0.0000,0.0000,0.0000,0.0000,0,0.5051,0.4949,1.0000,2.0000,flat,0.1848,0.3340,1.3254,1.1872,0.7500,0.0000,34.0582,2,0.0008,0.0030,0.3004,6,2,76137.6328,16601
42,10,Tokyo_Small,eval,TamAlwaysAccept,3600,8,130,46,0.3538,0.6462,0.3538,798.1087,159.6217,0.6460,1.0001,313.0909,522.9783,1360.4136,0.8690,28.6545,24.6153,1048.4136,288.2741,86.2077,10775.9619,0,0,0.0000,0.0000,0.0000,0.0000,0,0.5476,0.4524,1.0000,2.0000,flat,0.1609,0.2895,1.2325,1.2492,0.6462,0.0000,41.0082,2,0.0006,0.0024,0.3051,5,2,62579.0273,11207
42,11,Tokyo_Small,eval,TamAlwaysAccept,3600,8,135,45,0.3333,0.5259,0.4741,819.1556,163.8311,0.6939,1.0000,340.1429,533.4348,1448.0125,0.8514,29.1526,26.2065,1115.8047,323.8124,74.2889,9286.1113,0,0,0.0000,0.0000,0.0000,0.0000,0,0.6338,0.3662,1.0000,2.0000,flat,0.1402,0.2571,1.2153,1.2991,0.5259,0.0000,50.5404,1,0.0000,0.0000,0.2566,5,2,65160.5586,10029
42,12,Tokyo_Small,eval,TamAlwaysAccept,3600,8,129,31,0.2403,0.5039,0.4961,891.2903,178.2581,0.6662,1.0000,368.2903,557.7632,1640.3287,0.8908,29.0937,26.4222,1183.1426,359.9701,81.5659,10195.7363,0,0,0.0000,0.0000,0.0000,0.0000,0,0.4769,0.5231,1.0000,2.0000,flat,0.2070,0.4016,1.2249,1.2325,0.5039,0.0000,40.2246,1,0.0000,0.0000,0.2338,5,1,50850.1914,10522
42,13,Tokyo_Small,eval,TamAlwaysAccept,3600,8,117,40,0.3419,0.5299,0.4701,839.1250,209.7812,0.6164,1.0000,371.2973,511.4872,1646.0847,0.8867,28.6766,25.3108,1315.5349,331.1472,91.3675,11420.9404,0,0,0.0000,0.0000,0.0000,0.0000,0,0.6452,0.3548,1.0000,2.0000,flat,0.2719,0.4965,1.2329,1.1890,0.5299,0.0000,42.0804,2,0.0003,0.0028,0.2423,6,0,65843.3906,10690
42,14,Tokyo_Small,eval,TamAlwaysAccept,3600,8,132,42,0.3182,0.5682,0.4318,886.8333,177.3667,0.6927,1.0005,381.9286,573.3913,1625.0311,0.8510,29.1026,25.9341,1234.6362,295.6624,94.1742,11771.7803,0,0,0.0000,0.0000,0.0000,0.0000,0,0.5600,0.4400,1.0000,2.0000,flat,0.1565,0.3037,1.3229,1.2486,0.5682,0.0000,56.9223,2,0.0042,0.0082,0.2337,5,1,68251.3047,12431
42,15,Tokyo_Small,eval,CongestionAware,3600,8,130,47,0.3615,1.0000,0.0000,699.0000,139.8000,0.6938,1.0002,244.1861,479.0000,1169.1589,0.9576,29.6079,26.1481,839.9340,219.7594,197.9000,24737.5000,0,0,0.0000,0.0000,0.0000,0.0000,0,0.3615,0.6385,1.0010,2.0000,flat,0.1831,0.3346,1.2384,0.0000,1.0000,0.0000,10.3543,2,0.0014,0.0057,0.3718,8,2,54950.4688,25727
42,16,Tokyo_Small,eval,CongestionAware,3600,8,135,67,0.4963,1.0000,0.0000,884.8806,176.9761,0.7245,1.0009,229.3704,688.2609,957.0095,0.8345,29.3572,26.9962,783.9375,191.9491,158.4889,19811.1113,0,0,0.0000,0.0000,0.0000,0.0000,0,0.4963,0.5037,1.0011,2.0000,flat,0.2568,0.4625,1.2550,0.0000,1.0000,0.0000,37.9685,2,0.0056,0.0124,0.4119,11,2,64119.6328,21396
42,17,Tokyo_Small,eval,CongestionAware,3600,8,129,58,0.4496,1.0000,0.0000,1041.5000,208.3000,0.7016,1.0001,257.1200,785.1951,1073.0148,0.8346,29.2780,27.4186,813.4323,200.2791,134.8450,16855.6211,0,0,0.0000,0.0000,0.0000,0.0000,0,0.4496,0.5504,1.0000,2.0000,flat,0.2730,0.5191,1.2287,0.0000,1.0000,0.0000,42.5170,2,0.0008,0.0034,0.4162,10,0,62234.8594,17395
42,18,Tokyo_Small,eval,CongestionAware,3600,8,117,49,0.4188,1.0000,0.0000,714.2857,142.8571,0.6644,1.0003,240.2000,516.3889,1272.1361,1.0000,29.5886,26.6193,896.0030,227.6813,176.7350,22091.8809,0,0,0.0000,0.0000,0.0000,0.0000,0,0.4188,0.5812,1.0000,2.0000,flat,0.3631,0.6371,1.2122,0.0000,1.0000,0.0000,0.0000,2,0.0019,0.0079,0.3949,10,0,62334.6680,20678
42,19,Tokyo_Small,eval,CongestionAware,3600,8,132,50,0.3788,1.0000,0.0000,831.8400,166.3680,0.7006,1.0002,260.4222,567.6342,1157.9207,0.8893,29.5305,26.4191,892.4816,214.0693,177.4848,22185.6055,0,0,0.0000,0.0000,0.0000,0.0000,0,0.3788,0.6212,1.0000,2.0000,flat,0.2259,0.4121,1.2908,0.0000,1.0000,0.0000,28.8381,2,0.0014,0.0054,0.4291,11,3,57896.0352,23428
42,20,Tokyo_Small,eval,TrafficFlow,3600,8,130,50,0.3846,1.0000,0.0000,875.4200,175.0840,0.6857,1.0004,288.2222,557.7297,1098.4043,0.7622,29.6079,26.1481,839.9340,219.7594,155.3231,19415.3848,0,0,0.0000,0.0000,0.0000,0.0000,0,0.3846,0.6154,1.0037,2.0000,flat,0.1882,0.3344,1.2384,0.0000,1.0000,0.0000,68.5414,2,0.0033,0.0076,0.3827,9,3,54920.2148,20192
42,21,Tokyo_Small,eval,TrafficFlow,3600,8,135,59,0.4370,1.0000,0.0000,1034.2543,206.8509,0.6906,1.0002,213.3125,805.7111,1081.2456,1.0000,29.3572,26.9962,783.9375,191.9491,123.2074,15400.9258,0,0,0.0000,0.0000,0.0000,0.0000,0,0.4370,0.5630,1.0000,2.0000,flat,0.3942,0.7134,1.2550,0.0000,1.0000,0.0000,0.0000,2,0.0017,0.0064,0.4324,15,0,63793.4883,16633
42,22,Tokyo_Small,eval,TrafficFlow,3600,8,129,57,0.4419,1.0000,0.0000,803.3333,160.6667,0.6917,1.0003,207.6600,604.2889,1010.3017,0.9730,29.2780,27.4186,813.4323,200.2791,123.4961,15437.0156,0,0,0.0000,0.0000,0.0000,0.0000,0,0.4419,0.5581,1.0000,2.0000,flat,0.2274,0.4041,1.2287,0.0000,1.0000,0.0000,5.5997,2,0.0019,0.0063,0.4252,11,2,57587.1992,15931
42,23,Tokyo_Small,eval,TrafficFlow,3600,8,117,47,0.4017,1.0000,0.0000,856.2553,171.2511,0.6902,1.0007,258.0976,665.3415,1355.0123,1.0000,29.5886,26.6193,896.0030,227.6813,143.3590,17919.8711,0,0,0.0000,0.0000,0.0000,0.0000,0,0.4017,0.5983,1.0000,2.0000,flat,0.3512,0.6227,1.2122,0.0000,1.0000,0.0000,0.0000,2,0.0044,0.0104,0.4039,10,0,63685.5820,16773
42,24,Tokyo_Small,eval,TrafficFlow,3600,8,132,57,0.4318,1.0000,0.0000,684.8596,136.9719,0.6800,1.0002,227.6667,505.0909,1007.3675,0.8849,29.5305,26.4191,892.4816,214.0693,132.7045,16588.0684,0,0,0.0000,0.0000,0.0000,0.0000,0,0.4318,0.5682,1.0009,2.0000,flat,0.2321,0.4156,1.2908,0.0000,1.0000,0.0000,26.1932,2,0.0017,0.0057,0.4501,11,2,57419.9453,17517
42,25,Tokyo_Small,eval,TokenPassing,3600,8,130,54,0.4154,1.0000,0.0000,848.2963,169.6593,0.6807,1.0004,272.7174,586.3415,1060.7253,0.7779,29.6079,26.1481,839.9340,219.7594,140.8308,17603.8457,0,0,0.0000,0.0000,0.0000,0.0000,0,0.4154,0.5846,1.0000,2.0000,flat,0.2826,0.5271,1.2384,0.0000,1.0000,0.0000,60.5723,2,0.0025,0.0089,0.3982,10,0,57279.1680,18308
42,26,Tokyo_Small,eval,TokenPassing,3600,8,135,67,0.4963,1.0000,0.0000,848.1940,169.6388,0.6719,1.0001,185.9322,702.9623,919.0145,0.9885,29.3572,26.9962,783.9375,191.9491,129.9556,16244.4443,0,0,0.0000,0.0000,0.0000,0.0000,0,0.4963,0.5037,1.0000,2.0000,flat,0.3616,0.6389,1.2550,0.0000,1.0000,0.0000,2.1293,2,0.0008,0.0048,0.4848,14,1,61573.9766,17544
42,27,Tokyo_Small,eval,TokenPassing,3600,8,129,61,0.4729,1.0000,0.0000,609.7049,121.9410,0.6798,1.0002,229.1800,423.5000,955.6942,0.8340,29.2780,27.4186,813.4323,200.2791,123.8295,15478.6826,0,0,0.0000,0.0000,0.0000,0.0000,0,0.4729,0.5271,1.0008,2.0000,flat,0.2740,0.4925,1.2287,0.0000,1.0000,0.0000,38.0412,2,0.0014,0.0060,0.4619,12,2,58297.3398,15974
42,28,Tokyo_Small,eval,TokenPassing,3600,8,117,47,0.4017,1.0000,0.0000,906.0000,181.2000,0.6272,1.0002,285.6500,590.2500,1186.9921,0.8311,29.5886,26.6193,896.0030,227.6813,192.3932,24049.1445,0,0,0.0000,0.0000,0.0000,0.0000,0,0.4017,0.5983,1.0000,2.0000,flat,0.2286,0.4153,1.2122,0.0000,1.0000,0.0000,48.2516,2,0.0011,0.0063,0.3961,10,3,55788.6250,22510
42,29,Tokyo_Small,eval,TokenPassing,3600,8,132,67,0.5076,1.0000,0.0000,699.7313,139.9463,0.6670,1.0003,203.2679,491.0417,992.6068,0.9766,29.5305,26.4191,892.4816,214.0693,107.5152,13439.3936,0,0,0.0000,0.0000,0.0000,0.0000,0,0.5076,0.4924,1.0000,2.0000,flat,0.2449,0.4629,1.2908,0.0000,1.0000,0.0000,4.7465,2,0.0025,0.0064,0.4560,14,4,66504.6562,14192
42,30,Kyoto_Small,eval,MAPPO,3600,8,128,74,0.5781,0.8906,0.1094,959.5135,191.9027,0.6790,1.0007,304.3279,645.3860,1178.3883,0.7744,19.7537,18.1549,863.7494,187.0628,63.5312,7941.4062,0,0,0.0000,0.0000,0.0000,0.0000,0,0.6491,0.3509,1.0000,2.0000,flat,0.1839,0.3311,1.2589,1.3088,0.8906,0.0000,68.6502,2,0.0039,0.0112,0.3533,9,3,87200.7344,8132
42,31,Kyoto_Small,eval,MAPPO,3600,8,128,82,0.6406,1.0000,0.0000,700.9634,140.1927,0.6618,1.0004,263.1884,443.4219,1219.4398,0.9267,19.5607,17.7516,839.4874,166.2143,113.1328,14141.6016,0,0,0.0000,0.0000,0.0000,0.0000,0,0.6406,0.3594,1.0007,2.0000,flat,0.0993,0.1952,1.2421,0.0000,1.0000,0.0000,19.3004,2,0.0036,0.0066,0.3902,9,4,99994.0625,14481
42,32,Kyoto_Small,eval,MAPPO,3600,8,110,70,0.6364,0.9636,0.0364,732.5428,244.1810,0.4945,1.0004,248.3607,498.5769,1090.2507,0.8780,20.1420,18.0842,812.4146,190.8663,48.0636,6007.9546,0,0,0.0000,0.0000,0.0000,0.0000,0,0.6604,0.3396,1.0020,2.0000,flat,0.2816,0.5902,1.2994,1.5243,0.9636,0.0000,30.3105,2,0.0039,0.0059,0.3903,13,1,76317.5469,5287
42,33,Kyoto_Small,eval,MAPPO,3600,8,128,83,0.6484,0.9609,0.0391,844.4940,168.8988,0.6263,1.0001,290.1857,586.3448,1107.4951,0.7633,19.9105,18.1277,751.5557,170.7802,45.8750,5734.3750,0,0,0.0000,0.0000,0.0000,0.0000,0,0.6748,0.3252,1.0000,2.0000,flat,0.2574,0.4575,1.3043,1.1355,0.9609,0.0000,68.6867,2,0.0008,0.0047,0.3925,11,2,91922.0938,5872
42,34,Kyoto_Small,eval,MAPPO,3600,8,126,83,0.6587,0.9841,0.0159,790.4819,158.0964,0.6676,1.0004,271.2162,544.4143,1239.3207,0.9139,19.7259,17.9326,850.2814,178.9816,45.1667,5645.8335,0,0,0.0000,0.0000,0.0000,0.0000,0,0.6694,0.3306,1.0006,2.0000,flat,0.2083,0.3788,1.1969,1.5840,0.9841,0.0000,23.3521,2,0.0033,0.0073,0.3954,11,3,102863.6172,5691
42,35,Kyoto_Small,eval,FaithfulMAPPER,3600,8,128,60,0.4688,0.7734,0.2266,843.1166,168.6233,0.6977,1.0006,281.1454,527.5741,1264.4431,0.8995,19.7517,17.9310,942.4836,214.6832,76.5000,9562.5000,0,0,0.0000,0.0000,0.0000,0.0000,0,0.6061,0.3939,1.0000,2.0000,flat,0.1220,0.2202,1.2516,1.3081,0.7734,0.0000,28.2568,2,0.0039,0.0095,0.3312,6,3,75866.5938,9792
42,36,Kyoto_Small,eval,FaithfulMAPPER,3600,8,128,54,0.4219,0.8203,0.1797,837.0370,209.2593,0.6246,1.0001,317.9583,557.6735,1441.8282,0.9069,19.5607,17.7006,956.9325,179.1338,72.8281,9103.5156,0,0,0.0000,0.0000,0.0000,0.0000,0,0.5143,0.4857,1.0000,2.0000,flat,0.1100,0.2154,1.2546,1.1849,0.8203,0.0000,29.5927,2,0.0008,0.0032,0.3266,5,2,77858.7266,9322
42,37,Kyoto_Small,eval,FaithfulMAPPER,3600,8,110,56,0.5091,0.8545,0.1455,685.6786,137.1357,0.6523,1.0001,291.9608,366.1000,1223.2032,0.8379,19.7316,17.8762,884.1431,216.8784,68.0818,8510.2275,0,0,0.0000,0.0000,0.0000,0.0000,0,0.5957,0.4043,1.0000,2.0000,flat,0.1667,0.3028,1.2907,1.4068,0.8545,0.0000,47.3201,2,0.0006,0.0027,0.3190,7,2,68499.3828,7489
42,38,Kyoto_Small,eval,FaithfulMAPPER,3600,8,128,51,0.3984,0.7188,0.2812,961.2157,192.2431,0.6941,1.0004,327.4783,683.5833,1374.8474,0.8397,19.6532,17.6945,892.8883,207.6696,72.3672,9045.8984,0,0,0.0000,0.0000,0.0000,0.0000,0,0.5543,0.4457,1.0000,2.0000,flat,0.1268,0.2341,1.3106,1.2647,0.7188,0.0000,52.5088,2,0.0022,0.0081,0.3215,5,2,70117.2188,9263
42,39,Kyoto_Small,eval,FaithfulMAPPER,3600,8,126,56,0.4444,0.8413,0.1587,835.5357,167.1071,0.6401,1.0005,287.9811,564.3889,1335.3717,0.9274,19.7259,17.7959,943.1053,204.8994,64.8571,8107.1431,0,0,0.0000,0.0000,0.0000,0.0000,0,0.5283,0.4717,1.0000,2.0000,flat,0.1520,0.2738,1.1594,1.4347,0.8413,0.0000,20.9068,2,0.0033,0.0087,0.3351,6,2,74780.8125,8172
42,40,Kyoto_Small,eval,TamAlwaysAccept,3600,8,128,52,0.4062,0.6719,0.3281,873.4231,174.6846,0.7089,1.0004,301.8800,581.2745,1361.7222,0.9022,19.7517,17.7832,980.2638,228.3374,47.6250,5953.1250,0,0,0.0000,0.0000,0.0000,0.0000,0,0.6047,0.3953,1.0000,2.0000,flat,0.1294,0.2435,1.2458,1.3024,0.6719,0.0000,29.5356,2,0.0025,0.0087,0.2764,6,3,70809.5547,6096
42,41,Kyoto_Small,eval,TamAlwaysAccept,3600,8,128,44,0.3438,0.6016,0.3984,775.1591,155.0318,0.6916,1.0000,326.6667,483.0909,1564.4681,0.9578,18.7971,17.3415,1119.5746,239.7209,45.8906,5736.3281,0,0,0.0000,0.0000,0.0000,0.0000,0,0.5714,0.4286,1.0000,2.0000,flat,0.1553,0.2802,1.2451,1.2375,0.6016,0.0000,13.7730,1,0.0000,0.0000,0.2887,5,2,68836.5938,5874
42,42,Kyoto_Small,eval,TamAlwaysAccept,3600,8,110,44,0.4000,0.6273,0.3727,769.0000,192.2500,0.6219,1.0000,315.8837,461.2222,1444.2260,0.9144,19.5154,17.2651,1050.5017,273.2733,38.0727,4759.0908,0,0,0.0000,0.0000,0.0000,0.0000,0,0.6377,0.3623,1.0000,2.0000,flat,0.1151,0.2182,1.2936,1.3312,0.6273,0.0000,27.0385,1,0.0000,0.0000,0.2710,5,2,63545.9414,4188
42,43,Kyoto_Small,eval,TamAlwaysAccept,3600,8,128,43,0.3359,0.5781,0.4219,794.5582,158.9116,0.6511,1.0001,288.7857,514.7111,1270.8956,0.8802,19.5665,17.0439,960.0610,224.6796,42.3750,5296.8750,0,0,0.0000,0.0000,0.0000,0.0000,0,0.5811,0.4189,1.0000,2.0000,flat,0.1310,0.2474,1.2946,1.3018,0.5781,0.0000,34.6066,2,0.0008,0.0043,0.2667,5,2,54648.5156,5424
42,44,Kyoto_Small,eval,TamAlwaysAccept,3600,8,126,51,0.4048,0.7143,0.2857,908.2157,181.6431,0.6372,1.0004,301.5510,606.4583,1368.6897,0.9078,19.3372,17.6875,1017.7264,238.3772,52.4365,6554.5635,0,0,0.0000,0.0000,0.0000,0.0000,0,0.5667,0.4333,1.0000,2.0000,flat,0.1436,0.2649,1.1680,1.2909,0.7143,0.0000,27.8131,2,0.0025,0.0073,0.3187,6,2,69803.1719,6607
42,45,Kyoto_Small,eval,CongestionAware,3600,8,128,59,0.4609,1.0000,0.0000,862.3898,172.4780,0.7061,1.0007,226.7447,565.3000,948.0356,0.8362,19.7537,18.1549,799.6271,171.2587,108.6328,13579.1016,0,0,0.0000,0.0000,0.0000,0.0000,0,0.4609,0.5391,1.0000,2.0000,flat,0.3550,0.6387,1.2644,0.0000,1.0000,0.0000,37.1376,2,0.0042,0.0110,0.4220,13,1,55934.0977,13905
42,46,Kyoto_Small,eval,CongestionAware,3600,8,128,65,0.5078,1.0000,0.0000,900.7077,180.1415,0.6899,1.0002,236.4286,690.6364,1096.7540,0.9278,19.5607,17.7516,839.4874,166.2143,78.3047,9788.0859,0,0,0.0000,0.0000,0.0000,0.0000,0,0.5078,0.4922,1.0000,2.0000,flat,0.2198,0.4007,1.2421,0.0000,1.0000,0.0000,17.0778,2,0.0017,0.0057,0.4285,12,3,71289.0156,10023
42,47,Kyoto_Small,eval,CongestionAware,3600,8,110,58,0.5273,1.0000,0.0000,710.8793,142.1759,0.6801,1.0010,204.6042,536.3778,964.5322,0.9428,20.1420,18.0842,792.4923,189.7080,72.5182,9064.7725,0,0,0.0000,0.0000,0.0000,0.0000,0,0.5273,0.4727,1.0000,2.0000,flat,0.1887,0.3590,1.3076,0.0000,1.0000,0.0000,11.6977,2,0.0050,0.0149,0.4386,11,2,55942.8633,7977
42,48,Kyoto_Small,eval,CongestionAware,3600,8,128,65,0.5078,1.0000,0.0000,850.0154,170.0031,0.6983,1.0006,239.2115,513.6047,1010.2193,0.8446,19.9105,18.1277,730.7985,164.3711,135.8047,16975.5859,0,0,0.0000,0.0000,0.0000,0.0000,0,0.5078,0.4922,1.0000,2.0000,flat,0.3231,0.5745,1.2977,0.0000,1.0000,0.0000,37.1677,2,0.0047,0.0091,0.4018,12,1,65664.2578,17383
42,49,Kyoto_Small,eval,CongestionAware,3600,8,126,60,0.4762,1.0000,0.0000,804.5000,160.9000,0.6736,1.0003,241.9423,498.0816,1236.8621,1.0000,19.7259,17.9326,840.4702,172.6555,75.4841,9435.5156,0,0,0.0000,0.0000,0.0000,0.0000,0,0.4762,0.5238,1.0000,2.0000,flat,0.3221,0.5858,1.2031,0.0000,1.0000,0.0000,0.0000,2,0.0022,0.0073,0.4493,13,1,74211.7266,9511
42,50,Kyoto_Small,eval,TrafficFlow,3600,8,128,61,0.4766,1.0000,0.0000,767.2623,153.4525,0.7175,1.0005,206.6364,620.7292,1025.3203,0.9924,19.7537,18.1549,799.6271,171.2587,79.7734,9971.6797,0,0,0.0000,0.0000,0.0000,0.0000,0,0.4766,0.5234,1.0000,2.0000,flat,0.3456,0.6222,1.2644,0.0000,1.0000,0.0000,1.5723,2,0.0036,0.0090,0.4400,13,1,62544.5391,10211
42,51,Kyoto_Small,eval,TrafficFlow,3600,8,128,57,0.4453,1.0000,0.0000,818.8070,163.7614,0.7065,1.0004,209.4400,593.1224,1060.3232,1.0000,19.5607,17.7516,839.4874,166.2143,76.4844,9560.5469,0,0,0.0000,0.0000,0.0000,0.0000,0,0.4453,0.5547,1.0000,2.0000,flat,0.3036,0.5911,1.2421,0.0000,1.0000,0.0000,0.0000,2,0.0028,0.0069,0.4269,13,0,60438.4219,9790
42,52,Kyoto_Small,eval,TrafficFlow,3600,8,110,60,0.5455,1.0000,0.0000,664.3500,132.8700,0.6786,1.0003,182.3404,446.2927,944.3193,1.0000,20.1420,18.0842,792.4923,189.7080,79.9818,9997.7275,0,0,0.0000,0.0000,0.0000,0.0000,0,0.5455,0.4545,1.0000,2.0000,flat,0.3029,0.5439,1.3076,0.0000,1.0000,0.0000,0.0000,2,0.0019,0.0060,0.4064,13,1,56659.1602,8798
42,53,Kyoto_Small,eval,TrafficFlow,3600,8,128,56,0.4375,1.0000,0.0000,820.7679,164.1536,0.6956,1.0002,232.0000,636.7556,1025.1710,0.8838,19.9105,18.1277,730.7985,164.3711,86.1484,10768.5547,0,0,0.0000,0.0000,0.0000,0.0000,0,0.4375,0.5625,1.0000,2.0000,flat,0.3315,0.5882,1.2977,0.0000,1.0000,0.0000,26.9658,2,0.0008,0.0063,0.3901,11,1,57409.5820,11027
42,54,Kyoto_Small,eval,TrafficFlow,3600,8,126,70,0.5556,1.0000,0.0000,710.1714,142.0343,0.6990,1.0004,262.5254,444.2889,1090.0156,0.8304,19.7259,17.9326,840.4702,172.6555,74.7222,9340.2773,0,0,0.0000,0.0000,0.0000,0.0000,0,0.5556,0.4444,1.0000,2.0000,flat,0.2917,0.5380,1.2031,0.0000,1.0000,0.0000,44.5223,2,0.0033,0.0077,0.4176,14,3,76301.0859,9415
42,55,Kyoto_Small,eval,TokenPassing,3600,8,128,65,0.5078,1.0000,0.0000,804.1385,160.8277,0.7022,1.0006,181.6607,784.8163,1076.6752,1.0000,19.7537,18.1549,799.6271,171.2587,50.1250,6265.6250,0,0,0.0000,0.0000,0.0000,0.0000,0,0.5078,0.4922,1.0000,2.0000,flat,0.2366,0.4345,1.2644,0.0000,1.0000,0.0000,0.0000,2,0.0033,0.0100,0.4501,11,1,69983.8828,6416
42,56,Kyoto_Small,eval,TokenPassing,3600,8,128,70,0.5469,1.0000,0.0000,787.9429,157.5886,0.7020,1.0003,248.7818,593.2826,1076.6438,0.8655,19.5607,17.7516,839.4874,166.2143,65.0781,8134.7656,0,0,0.0000,0.0000,0.0000,0.0000,0,0.5469,0.4531,1.0000,2.0000,flat,0.2542,0.4807,1.2421,0.0000,1.0000,0.0000,33.4530,2,0.0014,0.0074,0.4534,15,2,75365.0625,8330
42,57,Kyoto_Small,eval,TokenPassing,3600,8,110,58,0.5273,1.0000,0.0000,847.2931,169.4586,0.6993,1.0007,242.7255,602.0435,904.3157,0.7451,20.1420,18.0842,792.4923,189.7080,54.4727,6809.0908,0,0,0.0000,0.0000,0.0000,0.0000,0,0.5273,0.4727,1.0011,2.0000,flat,0.2083,0.4007,1.3076,0.0000,1.0000,0.0000,61.8624,2,0.0056,0.0104,0.4860,12,2,52450.3125,5992
42,58,Kyoto_Small,eval,TokenPassing,3600,8,128,58,0.4531,1.0000,0.0000,761.1552,152.2310,0.6698,1.0003,202.4490,623.3256,949.2663,0.9378,19.9105,18.1277,730.7985,164.3711,99.5234,12440.4297,0,0,0.0000,0.0000,0.0000,0.0000,0,0.4531,0.5469,1.0000,2.0000,flat,0.3438,0.6346,1.2977,0.0000,1.0000,0.0000,12.5957,2,0.0017,0.0086,0.4371,12,1,55057.4453,12739
42,59,Kyoto_Small,eval,TokenPassing,3600,8,126,70,0.5556,1.0000,0.0000,745.0000,149.0000,0.6700,1.0002,209.9508,537.3125,1009.8205,0.9620,19.7259,17.9326,840.4702,172.6555,79.9127,9989.0869,0,0,0.0000,0.0000,0.0000,0.0000,0,0.5556,0.4444,1.0000,2.0000,flat,0.3009,0.5481,1.2031,0.0000,1.0000,0.0000,7.9867,2,0.0017,0.0059,0.4749,14,1,70687.4375,10069
42,60,LosAngeles_Small,eval,MAPPO,3600,8,129,61,0.4729,0.8450,0.1550,939.2623,187.8524,0.6837,1.0002,329.8085,668.2325,1417.0830,0.8593,23.3982,21.9962,941.7793,243.6626,115.5659,14445.7363,0,0,0.0000,0.0000,0.0000,0.0000,0,0.5596,0.4404,1.0000,2.0000,flat,0.1582,0.2908,1.2567,1.4268,0.8450,0.0000,46.3919,2,0.0017,0.0069,0.3174,6,2,86442.0625,14908
42,61,LosAngeles_Small,eval,MAPPO,3600,8,125,60,0.4800,0.9440,0.0560,799.6334,199.9083,0.5922,1.0000,254.8036,570.3704,1204.9640,0.9458,24.3266,21.7589,985.6321,204.7868,129.4240,16178.0000,0,0,0.0000,0.0000,0.0000,0.0000,0,0.5085,0.4915,1.0000,2.0000,flat,0.2068,0.3685,1.1602,1.2246,0.9440,0.0000,13.8108,1,0.0000,0.0000,0.3635,7,2,72297.8359,16178
42,62,LosAngeles_Small,eval,MAPPO,3600,8,135,77,0.5704,0.9481,0.0519,811.4545,202.8636,0.6178,1.0001,270.0769,535.6271,1137.6234,0.8424,23.8920,22.2562,846.2119,185.8918,96.6444,12080.5557,0,0,0.0000,0.0000,0.0000,0.0000,0,0.6016,0.3984,1.0000,2.0000,flat,0.1859,0.3325,1.2774,1.0535,0.9481,0.0000,42.5522,2,0.0006,0.0023,0.3971,9,3,87597.0078,13047
42,63,LosAngeles_Small,eval,MAPPO,3600,8,148,81,0.5473,0.9459,0.0541,825.7161,165.1432,0.6257,1.0002,280.0000,555.7049,1074.5420,0.7675,23.3269,22.0276,796.4623,212.9915,108.8581,13607.2637,0,0,0.0000,0.0000,0.0000,0.0000,0,0.5786,0.4214,1.0000,2.0000,flat,0.2234,0.4086,1.2962,1.4369,0.9459,0.0000,65.0916,2,0.0022,0.0045,0.3959,11,2,87037.8984,16111
42,64,LosAngeles_Small,eval,MAPPO,3600,8,124,74,0.5968,0.9113,0.0887,837.4324,167.4865,0.6772,1.0006,294.5397,564.5000,1315.2367,0.8931,22.8191,21.1628,864.7922,214.6074,81.9516,10243.9512,0,0,0.0000,0.0000,0.0000,0.0000,0,0.6549,0.3451,1.0000,2.0000,flat,0.1489,0.2719,1.2270,1.0740,0.9113,0.0000,31.4923,2,0.0047,0.0092,0.3986,7,3,97327.5156,10162
42,65,LosAngeles_Small,eval,FaithfulMAPPER,3600,8,129,47,0.3643,0.7209,0.2791,1009.5958,201.9192,0.6867,1.0002,344.8537,663.0732,1371.8850,0.7956,23.2800,20.3053,1033.8254,263.8888,115.4109,14426.3564,0,0,0.0000,0.0000,0.0000,0.0000,0,0.5054,0.4946,1.0000,2.0000,flat,0.1405,0.2611,1.2728,1.3097,0.7209,0.0000,70.4767,2,0.0017,0.0061,0.2895,5,2,64478.5938,14888
42,66,LosAngeles_Small,eval,FaithfulMAPPER,3600,8,125,51,0.4080,0.8320,0.1680,898.8235,179.7647,0.6785,1.0001,326.2245,639.3958,1469.4371,0.9009,24.2820,21.4879,1076.2584,211.1017,128.3280,16041.0000,0,0,0.0000,0.0000,0.0000,0.0000,0,0.4904,0.5096,1.0007,2.0000,flat,0.1304,0.2460,1.1505,1.2296,0.8320,0.0000,32.3371,2,0.0008,0.0032,0.3130,6,3,74941.2969,16041
42,67,LosAngeles_Small,eval,FaithfulMAPPER,3600,8,135,53,0.3926,0.7556,0.2444,958.0189,191.6038,0.7031,1.0004,367.0217,585.0833,1357.2195,0.7396,23.8920,22.2392,982.9225,234.0496,115.8963,14487.0371,0,0,0.0000,0.0000,0.0000,0.0000,0,0.5196,0.4804,1.0000,2.0000,flat,0.1455,0.2713,1.2741,1.2398,0.7556,0.0000,95.5778,2,0.0028,0.0068,0.2857,7,3,71932.6328,15646
42,68,LosAngeles_Small,eval,FaithfulMAPPER,3600,8,148,60,0.4054,0.7568,0.2432,785.6500,157.1300,0.7330,1.0001,274.5555,498.4445,1232.2943,0.8977,22.3615,20.2663,908.8666,230.1999,124.4797,15559.9658,0,0,0.0000,0.0000,0.0000,0.0000,0,0.5357,0.4643,1.0000,2.0000,flat,0.1786,0.3499,1.2904,1.3457,0.7568,0.0000,28.0967,2,0.0008,0.0038,0.3817,9,3,73937.6641,18423
42,69,LosAngeles_Small,eval,FaithfulMAPPER,3600,8,124,54,0.4355,0.7177,0.2823,981.5185,196.3037,0.7078,1.0004,328.4348,674.1224,1525.0670,0.9287,22.5843,20.9620,1031.8885,269.1100,87.1774,10897.1777,0,0,0.0000,0.0000,0.0000,0.0000,0,0.6067,0.3933,1.0000,2.0000,flat,0.1818,0.3227,1.2060,1.2325,0.7177,0.0000,23.4214,2,0.0022,0.0087,0.3132,7,2,82353.6172,10810
42,70,LosAngeles_Small,eval,TamAlwaysAccept,3600,8,129,42,0.3256,0.6047,0.3953,968.9524,193.7905,0.6978,1.0000,390.2820,571.9250,1644.6371,0.8428,23.1239,18.6721,1118.1110,262.1613,100.5349,12566.8604,0,0,0.0000,0.0000,0.0000,0.0000,0,0.5385,0.4615,1.0000,2.0000,flat,0.1166,0.2206,1.3366,1.2013,0.6047,0.0000,61.3546,2,0.0003,0.0021,0.2435,5,2,69074.7578,12969
42,71,LosAngeles_Small,eval,TamAlwaysAccept,3600,8,125,37,0.2960,0.6880,0.3120,1020.5676,204.1135,0.6834,1.0001,370.1622,651.8205,1845.4775,0.9971,24.2372,21.4188,1177.9033,246.2548,99.9760,12497.0000,0,0,0.0000,0.0000,0.0000,0.0000,0,0.4302,0.5698,1.0000,2.0000,flat,0.2121,0.3928,1.1370,1.2228,0.6880,0.0000,1.0667,2,0.0008,0.0035,0.2735,6,2,68282.6641,12497
42,72,LosAngeles_Small,eval,TamAlwaysAccept,3600,8,135,46,0.3407,0.6370,0.3630,858.1304,171.6261,0.6860,1.0001,313.6591,525.8261,1394.7074,0.8893,23.6956,20.9420,1059.1559,251.3276,72.0963,9012.0371,0,0,0.0000,0.0000,0.0000,0.0000,0,0.5349,0.4651,1.0000,2.0000,flat,0.1281,0.2384,1.2819,1.2373,0.6370,0.0000,34.7176,2,0.0006,0.0039,0.2831,6,3,64156.5430,9733
42,73,LosAngeles_Small,eval,TamAlwaysAccept,3600,8,148,44,0.2973,0.5541,0.4459,898.6364,179.7273,0.6990,1.0001,340.9512,561.5952,1400.6747,0.8216,22.3288,19.2669,1018.0537,285.0093,80.9662,10120.7773,0,0,0.0000,0.0000,0.0000,0.0000,0,0.5366,0.4634,1.0000,2.0000,flat,0.1522,0.2771,1.2974,1.3118,0.5541,0.0000,60.8163,2,0.0006,0.0030,0.2421,6,2,61629.6836,11983
42,74,LosAngeles_Small,eval,TamAlwaysAccept,3600,8,124,45,0.3629,0.5726,0.4274,1061.0000,212.2000,0.6741,1.0003,383.2500,634.2895,1594.2349,0.8320,22.5069,19.1495,1180.4730,290.7172,74.8629,9357.8633,0,0,0.0000,0.0000,0.0000,0.0000,0,0.6338,0.3662,1.0000,2.0000,flat,0.0736,0.1506,1.1990,1.2328,0.5726,0.0000,64.4030,2,0.0022,0.0073,0.2414,5,3,71740.5703,9283
42,75,LosAngeles_Small,eval,CongestionAware,3600,8,129,59,0.4574,1.0000,0.0000,935.0000,187.0000,0.6919,1.0002,291.1569,573.9048,1145.7595,0.7870,23.4000,22.0315,868.2529,208.3362,156.3799,19547.4805,0,0,0.0000,0.0000,0.0000,0.0000,0,0.4574,0.5426,1.0010,2.0000,flat,0.2553,0.4553,1.2831,0.0000,1.0000,0.0000,62.0050,2,0.0019,0.0057,0.4247,12,2,67599.8125,20173
42,76,LosAngeles_Small,eval,CongestionAware,3600,8,125,55,0.4400,1.0000,0.0000,819.0364,163.8073,0.6481,1.0002,234.2619,557.6923,1322.3519,1.0000,24.3266,21.7965,950.2605,201.7419,129.8640,16233.0000,0,0,0.0000,0.0000,0.0000,0.0000,0,0.4400,0.5600,1.0000,2.0000,flat,0.3648,0.7090,1.1638,0.0000,1.0000,0.0000,0.0000,2,0.0014,0.0060,0.4562,16,1,72729.3516,16233
42,77,LosAngeles_Small,eval,CongestionAware,3600,8,135,63,0.4667,1.0000,0.0000,729.2064,145.8413,0.6761,1.0002,233.1017,491.1731,1090.5044,0.9356,24.1084,22.4875,817.3375,176.6603,148.4667,18558.3340,0,0,0.0000,0.0000,0.0000,0.0000,0,0.4667,0.5333,1.0000,2.0000,flat,0.3194,0.5726,1.2658,0.0000,1.0000,0.0000,15.0008,2,0.0017,0.0058,0.4450,13,1,68701.7812,20043
42,78,LosAngeles_Small,eval,CongestionAware,3600,8,148,68,0.4595,1.0000,0.0000,701.9853,140.3971,0.6937,1.0004,217.6035,521.7200,935.9783,0.8603,23.3269,22.0276,769.9100,203.4088,151.9730,18996.6211,0,0,0.0000,0.0000,0.0000,0.0000,0,0.4595,0.5405,1.0000,2.0000,flat,0.3793,0.6678,1.3038,0.0000,1.0000,0.0000,30.4078,2,0.0028,0.0072,0.4116,15,0,63646.5234,22492
42,79,LosAngeles_Small,eval,CongestionAware,3600,8,124,63,0.5081,1.0000,0.0000,751.3810,150.2762,0.6878,1.0012,202.8000,546.0400,1026.6956,1.0000,22.8191,21.6520,814.4276,216.0177,162.5484,20318.5488,0,0,0.0000,0.0000,0.0000,0.0000,0,0.5081,0.4919,1.0009,2.0000,flat,0.2386,0.4329,1.2135,0.0000,1.0000,0.0000,0.0000,2,0.0097,0.0125,0.4574,11,1,64681.8164,20156
42,80,LosAngeles_Small,eval,TrafficFlow,3600,8,129,60,0.4651,1.0000,0.0000,819.0500,163.8100,0.6507,1.0003,192.6600,584.6512,1157.1799,1.0000,23.4000,22.0315,868.2529,208.3362,184.6046,23075.5820,0,0,0.0000,0.0000,0.0000,0.0000,0,0.4651,0.5349,1.0000,2.0000,flat,0.2633,0.4681,1.2831,0.0000,1.0000,0.0000,0.0000,2,0.0022,0.0075,0.4629,12,2,69430.7969,23814
42,81,LosAngeles_Small,eval,TrafficFlow,3600,8,125,53,0.4240,1.0000,0.0000,764.2075,152.8415,0.6716,1.0007,254.6956,500.1628,1350.3176,1.0000,24.3266,21.7965,950.2605,201.7419,101.0560,12632.0000,0,0,0.0000,0.0000,0.0000,0.0000,0,0.4240,0.5760,1.0000,2.0000,flat,0.3958,0.7120,1.1638,0.0000,1.0000,0.0000,0.0000,2,0.0047,0.0104,0.3803,14,0,71566.8359,12632
42,82,LosAngeles_Small,eval,TrafficFlow,3600,8,135,56,0.4148,1.0000,0.0000,944.7143,188.9429,0.6574,1.0004,193.0612,680.8444,967.5700,1.0000,24.1084,22.4875,817.3375,176.6603,145.5333,18191.6660,0,0,0.0000,0.0000,0.0000,0.0000,0,0.4148,0.5852,1.0019,2.0000,flat,0.3393,0.6502,1.2658,0.0000,1.0000,0.0000,0.0000,2,0.0019,0.0093,0.4682,15,2,54183.9180,19647
42,83,LosAngeles_Small,eval,TrafficFlow,3600,8,148,64,0.4324,1.0000,0.0000,710.5000,142.1000,0.6868,1.0006,204.7193,474.7600,809.3698,0.7907,23.3269,22.0276,769.9100,203.4088,149.9662,18745.7773,0,0,0.0000,0.0000,0.0000,0.0000,0,0.4324,0.5676,1.0011,2.0000,flat,0.2642,0.4728,1.3038,0.0000,1.0000,0.0000,42.8454,2,0.0044,0.0098,0.4642,13,2,51799.6641,22195
42,84,LosAngeles_Small,eval,TrafficFlow,3600,8,124,49,0.3952,1.0000,0.0000,758.7143,151.7429,0.6330,1.0004,270.3954,436.4146,973.9474,0.7204,22.8191,21.6520,814.4276,216.0177,172.7903,21598.7910,0,0,0.0000,0.0000,0.0000,0.0000,0,0.3952,0.6048,1.0009,2.0000,flat,0.3583,0.6406,1.2135,0.0000,1.0000,0.0000,75.6059,2,0.0033,0.0071,0.4218,11,1,47723.4258,21426
42,85,LosAngeles_Small,eval,TokenPassing,3600,8,129,64,0.4961,1.0000,0.0000,957.3594,191.4719,0.6932,1.0002,253.1346,694.2195,1133.4282,0.8955,23.4000,22.0315,868.2529,208.3362,94.0620,11757.7520,0,0,0.0000,0.0000,0.0000,0.0000,0,0.4961,0.5039,1.0011,2.0000,flat,0.2596,0.4679,1.2831,0.0000,1.0000,0.0000,26.4490,2,0.0017,0.0060,0.4537,11,1,72539.4062,12134
42,86,LosAngeles_Small,eval,TokenPassing,3600,8,125,58,0.4640,1.0000,0.0000,724.1207,181.0302,0.6223,1.0001,216.6596,571.6829,1076.1178,0.9934,24.3266,21.7965,950.2605,201.7419,112.0560,14007.0000,0,0,0.0000,0.0000,0.0000,0.0000,0,0.4640,0.5360,1.0000,2.0000,flat,0.3486,0.6917,1.1638,0.0000,1.0000,0.0000,1.4360,2,0.0011,0.0039,0.4640,18,3,62414.8320,14007
42,87,LosAngeles_Small,eval,TokenPassing,3600,8,135,61,0.4519,1.0000,0.0000,655.3115,131.0623,0.6613,1.0004,239.5556,451.2766,965.3680,0.8060,24.1084,22.4875,817.3375,176.6603,125.9778,15747.2227,0,0,0.0000,0.0000,0.0000,0.0000,0,0.4519,0.5481,1.0000,2.0000,flat,0.2548,0.4742,1.2658,0.0000,1.0000,0.0000,46.4820,2,0.0022,0.0084,0.4471,11,3,58887.4453,17007
42,88,LosAngeles_Small,eval,TokenPassing,3600,8,148,57,0.3851,1.0000,0.0000,782.1404,156.4281,0.7126,1.0003,196.0816,536.0213,956.8546,0.9760,23.3269,22.0276,769.9100,203.4088,136.2365,17029.5605,0,0,0.0000,0.0000,0.0000,0.0000,0,0.3851,0.6149,1.0000,2.0000,flat,0.2751,0.5172,1.3038,0.0000,1.0000,0.0000,4.7107,2,0.0019,0.0063,0.3873,16,3,54540.7109,20163
42,89,LosAngeles_Small,eval,TokenPassing,3600,8,124,56,0.4516,1.0000,0.0000,660.9643,132.1929,0.7018,1.0005,207.5510,527.2667,1074.4237,1.0000,22.8191,21.6520,814.4276,216.0177,91.1694,11396.1689,0,0,0.0000,0.0000,0.0000,0.0000,0,0.4516,0.5484,1.0000,2.0000,flat,0.3250,0.5755,1.2135,0.0000,1.0000,0.0000,0.0000,2,0.0031,0.0084,0.4419,12,1,60167.7305,11305
42,90,Tokyo_Small,stress,MAPPO,3600,8,130,35,0.2692,0.5769,0.4231,747.9714,373.9857,0.3454,1.0002,318.1714,569.9286,1379.7584,0.8673,29.3044,24.0028,1060.6287,318.4666,122.4385,15304.8076,0,0,0.0000,0.0000,0.0000,0.0000,0,0.4667,0.5333,1.0000,2.0000,flat,0.1500,0.2955,1.2574,1.2126,0.5769,0.0000,42.2197,2,0.0011,0.0061,0.2350,5,2,48291.5430,15917
42,91,Tokyo_Small,stress,MAPPO,3600,8,135,38,0.2815,0.4741,0.5259,864.8421,288.2807,0.4060,1.0001,343.9211,554.0000,1448.3333,0.8422,28.2866,24.9832,1145.5089,343.4279,121.9185,15239.8145,0,0,0.0000,0.0000,0.0000,0.0000,0,0.5938,0.4062,1.0000,2.0000,flat,0.1535,0.2834,1.2539,1.2560,0.4741,0.0000,54.2544,2,0.0003,0.0033,0.2380,5,2,55036.6641,16459
42,92,Tokyo_Small,stress,MAPPO,3600,8,129,34,0.2636,0.4031,0.5969,873.9117,436.9559,0.3705,1.0000,392.6176,512.5122,1603.0643,0.8166,29.0937,25.2594,1232.3333,403.5387,101.9845,12748.0625,0,0,0.0000,0.0000,0.0000,0.0000,0,0.6538,0.3462,1.0000,2.0000,flat,0.1520,0.2821,1.2149,1.2380,0.4031,0.0000,72.0048,2,0.0003,0.0021,0.2390,4,2,54504.1875,13156
42,93,Tokyo_Small,stress,MAPPO,3600,8,117,31,0.2650,0.4103,0.5897,977.2258,325.7419,0.3770,1.0001,444.3548,607.6572,1850.9768,0.8331,28.3884,23.6593,1437.9285,370.3618,113.2479,14155.9824,0,0,0.0000,0.0000,0.0000,0.0000,0,0.6458,0.3542,1.0028,2.0000,flat,0.2231,0.4016,1.2685,1.1731,0.4103,0.0000,74.1595,2,0.0003,0.0056,0.2255,4,1,57380.2812,13250
42,94,Tokyo_Small,stress,MAPPO,3600,8,132,37,0.2803,0.4773,0.5227,994.3784,331.4594,0.4233,1.0002,417.1143,579.7000,1766.7939,0.8472,29.0660,25.7861,1329.4851,323.9872,119.5000,14937.5000,0,0,0.0000,0.0000,0.0000,0.0000,0,0.5873,0.4127,1.0000,2.0000,flat,0.1343,0.2722,1.3070,1.2760,0.4773,0.0000,63.7555,2,0.0008,0.0057,0.2213,5,2,65371.3750,15774
42,95,Tokyo_Small,stress,FaithfulMAPPER,3600,8,130,41,0.3154,0.4538,0.5462,742.7805,371.3903,0.3692,1.0000,316.1750,458.3333,1325.2290,0.8383,27.8479,21.6007,1100.6854,350.9614,116.7154,14589.4229,0,0,0.0000,0.0000,0.0000,0.0000,0,0.6949,0.3051,1.0000,2.0000,flat,0.1375,0.2550,1.2418,1.2357,0.4538,0.0000,51.1292,2,0.0003,0.0028,0.2717,5,2,54334.3906,15173
42,96,Tokyo_Small,stress,FaithfulMAPPER,3600,8,135,40,0.2963,0.4074,0.5926,894.5000,298.1667,0.4402,1.0004,378.8718,519.4634,1386.9005,0.7321,28.4309,24.8654,1120.2035,406.4148,120.8222,15102.7773,0,0,0.0000,0.0000,0.0000,0.0000,0,0.7273,0.2727,1.0000,2.0000,flat,0.1474,0.3109,1.1819,1.3053,0.4074,0.0000,101.4917,2,0.0014,0.0119,0.2399,6,2,55476.0195,16311
42,97,Tokyo_Small,stress,FaithfulMAPPER,3600,8,129,28,0.2171,0.3178,0.6822,977.3929,325.7976,0.4235,1.0000,411.8214,603.9394,1780.5242,0.8647,29.0937,26.2841,1307.6229,493.9402,108.3798,13547.4805,0,0,0.0000,0.0000,0.0000,0.0000,0,0.6829,0.3171,1.0000,2.0000,flat,0.1667,0.3194,1.2081,1.2382,0.3178,0.0000,55.7166,1,0.0000,0.0000,0.1944,3,1,49854.6758,13981
42,98,Tokyo_Small,stress,FaithfulMAPPER,3600,8,117,30,0.2564,0.3504,0.6496,923.6000,461.8000,0.3735,1.0000,440.9000,521.8823,1764.0272,0.8002,28.4441,25.0998,1408.7375,372.3588,106.1624,13270.2988,0,0,0.0000,0.0000,0.0000,0.0000,0,0.7317,0.2683,1.0000,2.0000,flat,0.2278,0.4163,1.2840,1.1735,0.3504,0.0000,88.0945,1,0.0000,0.0000,0.2070,4,1,52920.8164,12421
42,99,Tokyo_Small,stress,FaithfulMAPPER,3600,8,132,33,0.2500,0.3636,0.6364,947.8182,315.9394,0.3972,1.0001,403.3333,564.0270,1867.4475,0.9260,28.9616,24.2231,1415.6610,373.8938,118.5530,14819.1289,0,0,0.0000,0.0000,0.0000,0.0000,0,0.6875,0.3125,1.0000,2.0000,flat,0.2348,0.4232,1.4178,1.2183,0.3636,0.0000,29.8438,2,0.0003,0.0056,0.2238,5,1,61625.7695,15649
42,100,Tokyo_Small,stress,TamAlwaysAccept,3600,8,130,36,0.2769,0.3923,0.6077,707.3333,235.7778,0.3834,1.0000,293.4722,452.1860,1272.4381,0.8672,28.3278,21.3898,1043.9054,381.9704,117.8231,14727.8848,0,0,0.0000,0.0000,0.0000,0.0000,0,0.7059,0.2941,1.0000,2.0000,flat,0.1759,0.3333,1.3424,1.1713,0.3923,0.0000,38.9846,1,0.0000,0.0000,0.2562,5,1,45807.7734,15317
42,101,Tokyo_Small,stress,TamAlwaysAccept,3600,8,135,41,0.3037,0.3704,0.6296,809.7561,269.9187,0.3993,1.0000,396.7805,430.1395,1380.9514,0.6961,28.4309,25.1344,1123.1984,385.3164,112.4519,14056.4814,0,0,0.0000,0.0000,0.0000,0.0000,0,0.8200,0.1800,1.0000,2.0000,flat,0.2053,0.4045,1.2675,1.2477,0.3704,0.0000,120.5902,1,0.0000,0.0000,0.2461,7,2,56619.0078,15181
42,102,Tokyo_Small,stress,TamAlwaysAccept,3600,8,129,35,0.2713,0.3411,0.6589,830.1429,415.0714,0.3645,1.0000,355.1714,481.0244,1557.6842,0.8771,29.0937,26.4854,1238.4060,439.3620,105.8062,13225.7754,0,0,0.0000,0.0000,0.0000,0.0000,0,0.7955,0.2045,1.0000,2.0000,flat,0.2024,0.3823,1.1938,1.2467,0.3411,0.0000,43.6346,1,0.0000,0.0000,0.2287,5,1,54518.9453,13649
42,103,Tokyo_Small,stress,TamAlwaysAccept,3600,8,117,31,0.2650,0.3248,0.6752,899.8387,449.9193,0.3493,1.0000,426.4839,494.9167,1972.6802,0.9251,28.0709,24.5701,1500.6174,455.5793,93.5812,11697.6494,0,0,0.0000,0.0000,0.0000,0.0000,0,0.8158,0.1842,1.0000,2.0000,flat,0.1801,0.3337,1.2652,1.1868,0.3248,0.0000,31.9478,1,0.0000,0.0000,0.2182,4,1,61153.0859,10949
42,104,Tokyo_Small,stress,TamAlwaysAccept,3600,8,132,34,0.2576,0.3333,0.6667,928.3823,309.4608,0.3910,1.0000,448.6176,528.4737,1743.1754,0.7771,29.4076,24.0431,1387.7483,396.0464,110.4091,13801.1367,0,0,0.0000,0.0000,0.0000,0.0000,0,0.7727,0.2273,1.0000,2.0000,flat,0.1814,0.3480,1.3878,1.2423,0.3333,0.0000,99.9826,2,0.0003,0.0028,0.2130,5,1,59267.9648,14574
42,105,Tokyo_Small,stress,CongestionAware,3600,8,130,30,0.2308,1.0000,0.0000,982.6000,327.5333,0.4069,1.0001,276.8846,643.0435,926.6333,0.6693,29.6079,26.1481,839.9340,219.7594,196.2769,24534.6152,0,0,0.0000,0.0000,0.0000,0.0000,0,0.2308,0.7692,1.0000,2.0000,flat,0.2500,0.5352,1.2384,0.0000,1.0000,0.0000,91.5580,2,0.0006,0.0039,0.4113,12,4,27798.9980,25516
42,106,Tokyo_Small,stress,CongestionAware,3600,8,135,37,0.2741,1.0000,0.0000,1048.9459,349.6487,0.4259,1.0006,255.6071,612.7500,1156.6667,0.9050,29.3572,26.9962,783.9375,191.9491,140.8519,17606.4824,0,0,0.0000,0.0000,0.0000,0.0000,0,0.2741,0.7259,1.0000,2.0000,flat,0.3467,0.6412,1.2550,0.0000,1.0000,0.0000,24.2738,2,0.0036,0.0109,0.4346,10,0,42796.6680,19015
42,107,Tokyo_Small,stress,CongestionAware,3600,8,129,25,0.1938,1.0000,0.0000,792.2000,264.0667,0.4281,1.0001,218.7083,580.3077,983.4547,0.8993,29.2780,27.4186,813.4323,200.2791,238.0155,29751.9375,0,0,0.0000,0.0000,0.0000,0.0000,0,0.1938,0.8062,1.0000,2.0000,flat,0.1913,0.4032,1.2287,0.0000,1.0000,0.0000,22.0174,2,0.0008,0.0041,0.3822,6,1,24586.3672,30704
42,108,Tokyo_Small,stress,CongestionAware,3600,8,117,34,0.2906,1.0000,0.0000,852.4706,284.1569,0.4186,1.0001,255.8571,607.5000,1136.5947,0.8885,29.5886,26.6193,896.0030,227.6813,162.9658,20370.7266,0,0,0.0000,0.0000,0.0000,0.0000,0,0.2906,0.7094,1.0000,2.0000,flat,0.2800,0.5477,1.2122,0.0000,1.0000,0.0000,28.5382,2,0.0008,0.0047,0.4642,10,0,38644.2227,19067
42,109,Tokyo_Small,stress,CongestionAware,3600,8,132,43,0.3258,1.0000,0.0000,673.9767,224.6589,0.4323,1.0003,247.8056,464.5172,947.0153,0.7643,29.5305,26.4191,892.4816,214.0693,116.6818,14585.2275,0,0,0.0000,0.0000,0.0000,0.0000,0,0.3258,0.6742,1.0013,2.0000,flat,0.1214,0.2195,1.2908,0.0000,1.0000,0.0000,58.4025,2,0.0017,0.0083,0.4718,11,6,40721.6562,15402
42,110,Tokyo_Small,stress,TrafficFlow,3600,8,130,30,0.2308,1.0000,0.0000,833.1334,277.7111,0.3832,1.0002,190.0000,515.2917,975.0742,1.0000,29.6079,26.1481,839.9340,219.7594,142.2385,17779.8086,0,0,0.0000,0.0000,0.0000,0.0000,0,0.2308,0.7692,1.0000,2.0000,flat,0.3704,0.7463,1.2384,0.0000,1.0000,0.0000,0.0000,2,0.0014,0.0063,0.3777,13,1,29252.2246,18491
42,111,Tokyo_Small,stress,TrafficFlow,3600,8,135,33,0.2444,1.0000,0.0000,1103.5758,367.8586,0.4170,1.0005,274.0800,757.7222,1080.9043,0.7888,29.3572,26.9962,783.9375,191.9491,97.2815,12160.1855,0,0,0.0000,0.0000,0.0000,0.0000,0,0.2444,0.7556,1.0000,2.0000,flat,0.2292,0.4249,1.2550,0.0000,1.0000,0.0000,57.8991,2,0.0025,0.0096,0.3977,9,3,35669.8398,13133
42,112,Tokyo_Small,stress,TrafficFlow,3600,8,129,29,0.2248,1.0000,0.0000,754.6207,251.5402,0.4343,1.0001,240.4444,576.0769,1055.7603,0.8782,29.2780,27.4186,813.4323,200.2791,135.9612,16995.1543,0,0,0.0000,0.0000,0.0000,0.0000,0,0.2248,0.7752,1.0000,2.0000,flat,0.2400,0.4561,1.2287,0.0000,1.0000,0.0000,29.2924,2,0.0008,0.0049,0.3992,8,1,30617.0469,17539
42,113,Tokyo_Small,stress,TrafficFlow,3600,8,117,29,0.2479,1.0000,0.0000,880.1379,293.3793,0.4134,1.0000,207.6154,760.4167,997.9756,0.9614,29.5886,26.6193,896.0030,227.6813,85.4872,10685.8975,0,0,0.0000,0.0000,0.0000,0.0000,0,0.2479,0.7521,1.0000,2.0000,flat,0.1300,0.2366,1.2122,0.0000,1.0000,0.0000,8.0203,2,0.0003,0.0024,0.4200,8,4,28941.2910,10002
42,114,Tokyo_Small,stress,TrafficFlow,3600,8,132,32,0.2424,1.0000,0.0000,915.0000,305.0000,0.4358,1.0003,263.5517,781.0741,1026.8503,0.7792,29.5305,26.4191,892.4816,214.0693,213.1288,26641.0977,0,0,0.0000,0.0000,0.0000,0.0000,0,0.2424,0.7576,1.0000,2.0000,flat,0.3852,0.7182,1.2908,0.0000,1.0000,0.0000,58.1817,2,0.0014,0.0074,0.4030,12,0,32859.2109,28133
42,115,Tokyo_Small,stress,TokenPassing,3600,8,130,35,0.2692,1.0000,0.0000,785.3143,261.7714,0.4450,1.0003,220.7931,529.6786,926.9587,0.8397,29.6079,26.1481,839.9340,219.7594,87.7308,10966.3457,0,0,0.0000,0.0000,0.0000,0.0000,0,0.2692,0.7308,1.0000,2.0000,flat,0.3875,0.7369,1.2384,0.0000,1.0000,0.0000,35.4014,2,0.0019,0.0074,0.4081,15,1,32443.5547,11405
42,116,Tokyo_Small,stress,TokenPassing,3600,8,135,35,0.2593,1.0000,0.0000,1190.2285,396.7428,0.4310,1.0005,453.8929,811.6667,890.7256,0.3925,29.3572,26.9962,783.9375,191.9491,220.1926,27524.0742,0,0,0.0000,0.0000,0.0000,0.0000,0,0.2593,0.7407,1.0000,2.0000,flat,0.4000,0.7694,1.2550,0.0000,1.0000,0.0000,275.7477,2,0.0025,0.0102,0.3958,12,1,31175.3965,29726
42,117,Tokyo_Small,stress,TokenPassing,3600,8,129,37,0.2868,1.0000,0.0000,700.0270,233.3423,0.4321,1.0001,185.4333,653.8400,776.2422,0.8372,29.2780,27.4186,813.4323,200.2791,252.0155,31501.9375,0,0,0.0000,0.0000,0.0000,0.0000,0,0.2868,0.7132,1.0016,2.0000,flat,0.2000,0.3801,1.2287,0.0000,1.0000,0.0000,30.1849,2,0.0006,0.0047,0.4229,10,3,28720.9629,32510
42,118,Tokyo_Small,stress,TokenPassing,3600,8,117,35,0.2991,1.0000,0.0000,785.4286,261.8095,0.4303,1.0002,184.0323,641.2667,1049.9888,1.0000,29.5886,26.6193,896.0030,227.6813,67.8376,8479.7012,0,0,0.0000,0.0000,0.0000,0.0000,0,0.2991,0.7009,1.0000,2.0000,flat,0.3152,0.6030,1.2122,0.0000,1.0000,0.0000,0.0000,2,0.0014,0.0066,0.4046,10,0,36749.6055,7937
42,119,Tokyo_Small,stress,TokenPassing,3600,8,132,36,0.2727,1.0000,0.0000,781.1111,260.3704,0.4315,1.0001,202.9688,618.9032,979.1268,0.9648,29.5305,26.4191,892.4816,214.0693,141.0758,17634.4688,0,0,0.0000,0.0000,0.0000,0.0000,0,0.2727,0.7273,1.0000,2.0000,flat,0.1406,0.2652,1.2908,0.0000,1.0000,0.0000,7.1434,2,0.0006,0.0039,0.4781,11,6,35248.5625,18622
42,120,Kyoto_Small,stress,MAPPO,3600,8,128,44,0.3438,0.5703,0.4297,842.9773,280.9924,0.3862,1.0001,303.4634,560.0455,1362.7288,0.8981,19.5681,17.7119,1053.8802,257.6905,60.7188,7589.8438,0,0,0.0000,0.0000,0.0000,0.0000,0,0.6027,0.3973,1.0000,2.0000,flat,0.1856,0.3402,1.2697,1.2573,0.5703,0.0000,30.9177,2,0.0006,0.0037,0.2644,6,2,59960.0625,7772
42,121,Kyoto_Small,stress,MAPPO,3600,8,128,38,0.2969,0.5078,0.4922,927.2632,309.0877,0.4151,1.0001,386.9737,541.0263,1608.2021,0.8312,19.3346,17.6275,1198.2148,284.1585,70.8750,8859.3750,0,0,0.0000,0.0000,0.0000,0.0000,0,0.5846,0.4154,1.0000,2.0000,flat,0.0509,0.1361,1.2769,1.2062,0.5078,0.0000,65.3333,2,0.0003,0.0033,0.2548,4,2,61111.6797,9072
42,122,Kyoto_Small,stress,MAPPO,3600,8,110,47,0.4273,0.6364,0.3636,736.1277,245.3759,0.3806,1.0001,350.0000,408.8723,1319.7981,0.7542,19.6929,17.3517,1021.2289,275.4604,66.9273,8365.9092,0,0,0.0000,0.0000,0.0000,0.0000,0,0.6714,0.3286,1.0000,2.0000,flat,0.1196,0.2341,1.2956,1.3286,0.6364,0.0000,86.0404,2,0.0006,0.0043,0.2682,6,3,62030.5078,7362
42,123,Kyoto_Small,stress,MAPPO,3600,8,128,44,0.3438,0.5156,0.4844,725.7045,362.8523,0.3585,1.0017,290.3954,451.3696,1273.2882,0.8769,19.5665,17.4448,974.6525,253.8946,56.1562,7019.5312,0,0,0.0000,0.0000,0.0000,0.0000,0,0.6667,0.3333,1.0000,2.0000,flat,0.2008,0.3910,1.2503,1.3481,0.5156,0.0000,35.7377,2,0.0017,0.0408,0.2928,7,2,56024.6797,7188
42,124,Kyoto_Small,stress,MAPPO,3600,8,126,41,0.3254,0.6032,0.3968,836.9756,278.9919,0.3943,1.0005,320.6342,515.7174,1422.4685,0.8873,19.2545,17.5697,1073.9258,233.7614,66.6270,8328.3730,0,0,0.0000,0.0000,0.0000,0.0000,0,0.5395,0.4605,1.0000,2.0000,flat,0.1175,0.2221,1.1944,1.2163,0.6032,0.0000,36.1404,2,0.0031,0.0083,0.2828,4,2,58321.2070,8395
42,125,Kyoto_Small,stress,FaithfulMAPPER,3600,8,128,41,0.3203,0.4844,0.5156,767.6342,255.8781,0.3958,1.0001,299.6097,571.1875,1244.6042,0.8308,19.5603,17.2123,1031.0782,291.7808,72.2969,9037.1094,0,0,0.0000,0.0000,0.0000,0.0000,0,0.6613,0.3387,1.0000,2.0000,flat,0.0874,0.1873,1.2602,1.2683,0.4844,0.0000,50.6889,2,0.0008,0.0031,0.2479,5,3,51028.7734,9254
42,126,Kyoto_Small,stress,FaithfulMAPPER,3600,8,128,39,0.3047,0.4766,0.5234,763.6411,254.5470,0.4056,1.0001,320.3590,521.1087,1382.8475,0.8633,18.7028,16.9924,1136.1144,266.4070,63.2969,7912.1094,0,0,0.0000,0.0000,0.0000,0.0000,0,0.6393,0.3607,1.0000,2.0000,flat,0.1447,0.2834,1.2189,1.2632,0.4766,0.0000,43.7895,2,0.0008,0.0046,0.2554,4,1,53931.0547,8102
42,127,Kyoto_Small,stress,FaithfulMAPPER,3600,8,110,37,0.3364,0.5091,0.4909,745.3784,372.6892,0.3641,1.0000,351.5676,411.2000,1438.0813,0.8181,19.5057,17.2487,1109.2532,328.6622,62.8909,7861.3638,0,0,0.0000,0.0000,0.0000,0.0000,0,0.6607,0.3393,1.0000,2.0000,flat,0.1464,0.2796,1.3023,1.3131,0.5091,0.0000,63.9513,1,0.0000,0.0000,0.2631,5,2,53209.0078,6918
42,128,Kyoto_Small,stress,FaithfulMAPPER,3600,8,128,42,0.3281,0.4375,0.5625,703.0000,234.3333,0.3863,1.0009,315.4286,410.3750,1312.3969,0.8321,19.5665,17.2180,1008.3040,316.8347,49.0547,6131.8359,0,0,0.0000,0.0000,0.0000,0.0000,0,0.7500,0.2500,1.0000,2.0000,flat,0.1706,0.3194,1.2095,1.3662,0.4375,0.0000,52.9492,2,0.0019,0.0205,0.2674,6,2,55120.6680,6279
42,129,Kyoto_Small,stress,FaithfulMAPPER,3600,8,126,44,0.3492,0.4921,0.5079,884.2727,294.7576,0.4185,1.0004,360.5349,530.0952,1516.5789,0.8413,19.1303,17.1669,1136.0615,256.4638,62.2222,7777.7778,0,0,0.0000,0.0000,0.0000,0.0000,0,0.7097,0.2903,1.0016,2.0000,flat,0.0792,0.1871,1.1600,1.2448,0.4921,0.0000,57.2191,2,0.0019,0.0100,0.2521,5,3,66729.4688,7840
42,130,Kyoto_Small,stress,TamAlwaysAccept,3600,8,128,42,0.3281,0.4297,0.5703,703.5238,234.5079,0.3769,1.0001,298.6190,425.0000,1423.8564,0.9536,19.4482,17.5649,1076.7083,287.7481,57.6641,7208.0078,0,0,0.0000,0.0000,0.0000,0.0000,0,0.7636,0.2364,1.0000,2.0000,flat,0.1310,0.2474,1.3003,1.2373,0.4297,0.0000,13.8477,2,0.0006,0.0026,0.2541,5,2,59801.9727,7381
42,131,Kyoto_Small,stress,TamAlwaysAccept,3600,8,128,43,0.3359,0.4219,0.5781,774.5117,387.2558,0.3707,1.0000,313.0952,461.4318,1261.7308,0.8060,17.9162,15.8646,1019.9810,265.2317,53.2500,6656.2500,0,0,0.0000,0.0000,0.0000,0.0000,0,0.7963,0.2037,1.0000,2.0000,flat,0.0678,0.1376,1.2250,1.2546,0.4219,0.0000,60.7491,1,0.0000,0.0000,0.2588,4,3,54254.4297,6816
42,132,Kyoto_Small,stress,TamAlwaysAccept,3600,8,110,41,0.3727,0.4818,0.5182,720.8536,240.2845,0.3913,1.0000,317.6097,424.7500,1336.2200,0.8414,19.1748,16.3145,1031.5164,300.3335,52.6091,6576.1362,0,0,0.0000,0.0000,0.0000,0.0000,0,0.7736,0.2264,1.0000,2.0000,flat,0.2419,0.5405,1.2922,1.3219,0.4818,0.0000,50.3658,1,0.0000,0.0000,0.2751,9,2,54785.0195,5787
42,133,Kyoto_Small,stress,TamAlwaysAccept,3600,8,128,39,0.3047,0.3984,0.6016,710.3333,236.7778,0.3818,1.0008,307.6923,432.9131,1235.2205,0.8029,19.5430,17.2812,965.2343,365.0011,43.6953,5461.9141,0,0,0.0000,0.0000,0.0000,0.0000,0,0.7647,0.2353,1.0000,2.0000,flat,0.2030,0.3795,1.2501,1.3292,0.3984,0.0000,60.6482,2,0.0017,0.0204,0.2657,6,2,48173.5977,5593
42,134,Kyoto_Small,stress,TamAlwaysAccept,3600,8,126,50,0.3968,0.4762,0.5238,690.7800,230.2600,0.4158,1.0002,320.0425,376.6327,1405.2053,0.8781,19.1303,17.0531,1065.9271,248.4740,61.0714,7633.9287,0,0,0.0000,0.0000,0.0000,0.0000,0,0.8333,0.1667,1.0010,2.0000,flat,0.1424,0.2700,1.1560,1.2459,0.4762,0.0000,39.0015,2,0.0017,0.0047,0.2905,6,3,70260.2656,7695
42,135,Kyoto_Small,stress,CongestionAware,3600,8,128,46,0.3594,1.0000,0.0000,839.7391,279.9131,0.4309,1.0003,181.2250,540.0667,919.8611,1.0000,19.7537,18.1549,799.6271,171.2587,83.0781,10384.7656,0,0,0.0000,0.0000,0.0000,0.0000,0,0.3594,0.6406,1.0000,2.0000,flat,0.0972,0.1757,1.2644,0.0000,1.0000,0.0000,0.0000,2,0.0014,0.0070,0.4564,11,7,42313.6094,10634
42,136,Kyoto_Small,stress,CongestionAware,3600,8,128,46,0.3594,1.0000,0.0000,809.1087,269.7029,0.4413,1.0002,186.5278,638.7333,1069.3160,1.0000,19.5607,17.7516,839.4874,166.2143,104.1484,13018.5547,0,0,0.0000,0.0000,0.0000,0.0000,0,0.3594,0.6406,1.0000,2.0000,flat,0.2051,0.4005,1.2421,0.0000,1.0000,0.0000,0.0000,2,0.0011,0.0047,0.4572,11,2,49188.5352,13331
42,137,Kyoto_Small,stress,CongestionAware,3600,8,110,33,0.3000,1.0000,0.0000,744.2121,248.0707,0.4069,1.0006,218.7857,501.5555,993.3195,0.9080,20.1420,18.0842,792.4923,189.7080,117.1818,14647.7275,0,0,0.0000,0.0000,0.0000,0.0000,0,0.3000,0.7000,1.0000,2.0000,flat,0.1833,0.3333,1.3076,0.0000,1.0000,0.0000,20.1218,2,0.0031,0.0118,0.4045,11,4,32779.5430,12890
42,138,Kyoto_Small,stress,CongestionAware,3600,8,128,45,0.3516,1.0000,0.0000,799.7333,266.5778,0.4308,1.0021,189.8571,656.4828,943.7631,0.9942,19.9105,18.1277,730.7985,164.3711,190.9766,23872.0703,0,0,0.0000,0.0000,0.0000,0.0000,0,0.3516,0.6484,1.0013,2.0000,flat,0.3158,0.5620,1.2977,0.0000,1.0000,0.0000,1.1045,2,0.0075,0.0339,0.4759,13,1,42469.3359,24445
42,139,Kyoto_Small,stress,CongestionAware,3600,8,126,45,0.3571,1.0000,0.0000,768.6667,256.2222,0.4365,1.0002,229.9211,554.8235,1101.8960,0.9585,19.7259,17.9326,840.4702,172.6555,91.3175,11414.6826,0,0,0.0000,0.0000,0.0000,0.0000,0,0.3571,0.6429,1.0000,2.0000,flat,0.3474,0.6205,1.2031,0.0000,1.0000,0.0000,9.5419,2,0.0011,0.0062,0.4401,15,1,49585.3203,11506
42,140,Kyoto_Small,stress,TrafficFlow,3600,8,128,40,0.3125,1.0000,0.0000,972.6500,324.2167,0.4263,1.0000,239.1471,752.0690,932.3175,0.7797,19.7537,18.1549,799.6271,171.2587,159.7969,19974.6094,0,0,0.0000,0.0000,0.0000,0.0000,0,0.3125,0.6875,1.0000,2.0000,flat,0.2303,0.4242,1.2644,0.0000,1.0000,0.0000,52.6836,2,0.0003,0.0028,0.4198,10,2,37292.7031,20454
42,141,Kyoto_Small,stress,TrafficFlow,3600,8,128,36,0.2812,1.0000,0.0000,896.0278,298.6759,0.4283,1.0005,175.7333,678.6000,1117.3618,1.0000,19.5607,17.7516,839.4874,166.2143,110.4922,13811.5234,0,0,0.0000,0.0000,0.0000,0.0000,0,0.2812,0.7188,1.0000,2.0000,flat,0.3412,0.6403,1.2421,0.0000,1.0000,0.0000,0.0000,2,0.0025,0.0111,0.4278,12,2,40225.0234,14143
42,142,Kyoto_Small,stress,TrafficFlow,3600,8,110,26,0.2364,1.0000,0.0000,921.9615,460.9808,0.3707,1.0002,250.2174,762.6500,1295.7080,1.0000,20.1420,18.0842,792.4923,189.7080,130.8182,16352.2725,0,0,0.0000,0.0000,0.0000,0.0000,0,0.2364,0.7636,1.0000,2.0000,flat,0.2045,0.4724,1.3076,0.0000,1.0000,0.0000,0.0000,2,0.0011,0.0064,0.3789,7,1,33688.4062,14390
42,143,Kyoto_Small,stress,TrafficFlow,3600,8,128,38,0.2969,1.0000,0.0000,967.1579,322.3860,0.4299,1.0016,217.6667,875.5000,992.7719,0.9122,19.9105,18.1277,730.7985,164.3711,138.7266,17340.8203,0,0,0.0000,0.0000,0.0000,0.0000,0,0.2969,0.7031,1.0000,2.0000,flat,0.2625,0.5000,1.2977,0.0000,1.0000,0.0000,19.1123,2,0.0064,0.0216,0.4503,11,1,37725.3320,17757
42,144,Kyoto_Small,stress,TrafficFlow,3600,8,126,52,0.4127,1.0000,0.0000,772.0769,257.3590,0.4324,1.0004,213.1956,549.9714,977.7171,0.9172,19.7259,17.9326,840.4702,172.6555,79.1905,9898.8096,0,0,0.0000,0.0000,0.0000,0.0000,0,0.4127,0.5873,1.0000,2.0000,flat,0.2974,0.5463,1.2031,0.0000,1.0000,0.0000,17.6522,2,0.0022,0.0094,0.4411,15,2,50841.2891,9978
42,145,Kyoto_Small,stress,TokenPassing,3600,8,128,43,0.3359,1.0000,0.0000,786.6512,262.2171,0.4350,1.0002,191.4324,699.7333,904.5752,0.9451,19.7537,18.1549,799.6271,171.2587,145.1797,18147.4609,0,0,0.0000,0.0000,0.0000,0.0000,0,0.3359,0.6641,1.0013,2.0000,flat,0.3111,0.5514,1.2644,0.0000,1.0000,0.0000,10.5174,2,0.0008,0.0060,0.4088,13,2,38896.7344,18583
42,146,Kyoto_Small,stress,TokenPassing,3600,8,128,39,0.3047,1.0000,0.0000,1106.8206,368.9402,0.4377,1.0002,226.3226,825.0667,1083.9451,0.9579,19.5607,17.7516,839.4874,166.2143,101.1484,12643.5547,0,0,0.0000,0.0000,0.0000,0.0000,0,0.3047,0.6953,1.0000,2.0000,flat,0.3030,0.5797,1.2421,0.0000,1.0000,0.0000,9.5336,2,0.0008,0.0070,0.4765,13,1,42273.8594,12947
42,147,Kyoto_Small,stress,TokenPassing,3600,8,110,28,0.2545,1.0000,0.0000,826.1071,275.3690,0.3858,1.0005,227.7083,629.6522,1145.2961,1.0000,20.1420,18.0842,792.4923,189.7080,88.7273,11090.9092,0,0,0.0000,0.0000,0.0000,0.0000,0,0.2545,0.7455,1.0028,2.0000,flat,0.5000,0.9071,1.3076,0.0000,1.0000,0.0000,0.0000,2,0.0022,0.0107,0.3750,12,0,32068.2910,9760
42,148,Kyoto_Small,stress,TokenPassing,3600,8,128,42,0.3281,1.0000,0.0000,735.1429,245.0476,0.4370,1.0007,251.0000,533.3793,1012.4751,0.8068,19.9105,18.1277,730.7985,164.3711,142.0938,17761.7188,0,0,0.0000,0.0000,0.0000,0.0000,0,0.3281,0.6719,1.0011,2.0000,flat,0.2857,0.5190,1.2977,0.0000,1.0000,0.0000,48.5050,2,0.0025,0.0143,0.5226,12,1,42523.9531,18188
42,149,Kyoto_Small,stress,TokenPassing,3600,8,126,40,0.3175,1.0000,0.0000,836.2750,278.7583,0.4191,1.0003,260.8529,537.4333,1205.2061,0.9241,19.7259,17.9326,840.4702,172.6555,103.3889,12923.6113,0,0,0.0000,0.0000,0.0000,0.0000,0,0.3175,0.6825,1.0013,2.0000,flat,0.4121,0.7820,1.2031,0.0000,1.0000,0.0000,19.8117,2,0.0017,0.0081,0.3832,16,1,48208.2461,13027
42,150,LosAngeles_Small,stress,MAPPO,3600,8,129,33,0.2558,0.4961,0.5039,1176.6970,392.2323,0.4257,1.0000,409.3548,763.2857,1709.3625,0.8351,22.9575,18.5175,1172.5361,254.7962,124.4574,15557.1709,0,0,0.0000,0.0000,0.0000,0.0000,0,0.5156,0.4844,1.0000,2.0000,flat,0.1349,0.2540,1.3351,1.2318,0.4961,0.0000,67.4823,1,0.0000,0.0000,0.2249,4,2,56408.9648,16055
42,151,LosAngeles_Small,stress,MAPPO,3600,8,125,37,0.2960,0.5440,0.4560,893.7568,297.9189,0.4158,1.0001,375.5278,526.3158,1604.3232,0.8544,23.1685,20.2385,1209.4347,302.4526,151.6640,18958.0000,0,0,0.0000,0.0000,0.0000,0.0000,0,0.5441,0.4559,1.0000,2.0000,flat,0.1768,0.3216,1.0977,1.2426,0.5440,0.0000,54.6631,2,0.0006,0.0024,0.2460,5,2,59359.9609,18958
42,152,LosAngeles_Small,stress,MAPPO,3600,8,135,42,0.3111,0.5704,0.4296,863.2381,287.7460,0.4040,1.0001,367.6500,464.7333,1289.1979,0.7013,23.8763,21.5367,1097.5271,273.6857,116.4593,14557.4072,0,0,0.0000,0.0000,0.0000,0.0000,0,0.5455,0.4545,1.0000,2.0000,flat,0.1242,0.2314,1.2347,1.3070,0.5704,0.0000,109.8104,2,0.0008,0.0040,0.2665,5,2,54146.3125,15722
42,153,LosAngeles_Small,stress,MAPPO,3600,8,148,48,0.3243,0.5338,0.4662,701.7708,233.9236,0.4022,1.0002,299.9783,421.5417,1258.4879,0.8391,22.3288,19.0096,992.1125,270.5436,109.8513,13731.4189,0,0,0.0000,0.0000,0.0000,0.0000,0,0.6076,0.3924,1.0008,2.0000,flat,0.1621,0.3028,1.2974,1.3112,0.5338,0.0000,48.2807,2,0.0014,0.0042,0.2907,6,2,60407.4219,16258
42,154,LosAngeles_Small,stress,MAPPO,3600,8,124,40,0.3226,0.4758,0.5242,971.6750,323.8917,0.4338,1.0001,356.0500,623.1334,1703.6951,0.9570,22.5069,19.0836,1246.8544,349.4979,94.5000,11812.5000,0,0,0.0000,0.0000,0.0000,0.0000,0,0.6780,0.3220,1.0000,2.0000,flat,0.1678,0.3034,1.1940,1.2312,0.4758,0.0000,15.3110,2,0.0008,0.0048,0.2631,5,2,68147.8047,11718
42,155,LosAngeles_Small,stress,FaithfulMAPPER,3600,8,129,32,0.2481,0.3953,0.6047,932.5625,310.8542,0.4060,1.0001,370.2500,585.7436,1539.1768,0.8314,22.7885,18.3902,1129.4160,322.8078,121.1318,15141.4727,0,0,0.0000,0.0000,0.0000,0.0000,0,0.6275,0.3725,1.0000,2.0000,flat,0.0795,0.1768,1.3412,1.2451,0.3953,0.0000,62.4146,2,0.0006,0.0027,0.2295,4,2,49253.6562,15626
42,156,LosAngeles_Small,stress,FaithfulMAPPER,3600,8,125,37,0.2960,0.4480,0.5520,865.2973,288.4324,0.4073,1.0004,374.9445,459.1053,1657.8042,0.8843,22.9696,19.5967,1274.7825,318.2337,127.7520,15969.0000,0,0,0.0000,0.0000,0.0000,0.0000,0,0.6607,0.3393,1.0000,2.0000,flat,0.1425,0.2620,1.0636,1.2451,0.4480,0.0000,43.3836,2,0.0022,0.0078,0.2365,5,2,61338.7539,15969
42,157,LosAngeles_Small,stress,FaithfulMAPPER,3600,8,135,41,0.3037,0.4963,0.5037,717.0244,239.0081,0.4017,1.0001,308.5610,474.1702,1289.0514,0.8355,23.4651,21.0978,1053.0095,308.4148,123.9852,15498.1484,0,0,0.0000,0.0000,0.0000,0.0000,0,0.6119,0.3881,1.0000,2.0000,flat,0.1508,0.2823,1.2591,1.2724,0.4963,0.0000,50.7507,2,0.0008,0.0038,0.2890,6,2,52851.1094,16738
42,158,LosAngeles_Small,stress,FaithfulMAPPER,3600,8,148,38,0.2568,0.4324,0.5676,795.0000,265.0000,0.4177,1.0001,357.2500,456.6410,1353.8353,0.7579,23.2933,19.7158,1083.9397,283.8234,122.7365,15342.0605,0,0,0.0000,0.0000,0.0000,0.0000,0,0.5938,0.4062,1.0000,2.0000,flat,0.1179,0.2293,1.3447,1.2727,0.4324,0.0000,86.4829,2,0.0006,0.0037,0.2555,5,2,51445.7422,18165
42,159,LosAngeles_Small,stress,FaithfulMAPPER,3600,8,124,36,0.2903,0.3952,0.6048,958.3611,319.4537,0.4119,1.0004,390.8286,578.4390,1697.0405,0.8684,22.5069,19.3951,1270.4948,418.3101,117.3790,14672.3789,0,0,0.0000,0.0000,0.0000,0.0000,0,0.7347,0.2653,1.0000,2.0000,flat,0.1919,0.3469,1.1566,1.2506,0.3952,0.0000,51.4205,2,0.0028,0.0073,0.2284,5,2,61093.4570,14555
42,160,LosAngeles_Small,stress,TamAlwaysAccept,3600,8,129,32,0.2481,0.3333,0.6667,857.4688,285.8229,0.3886,1.0000,377.9062,472.4211,1527.4666,0.8084,21.8592,17.8461,1155.7906,379.2335,117.0078,14625.9688,0,0,0.0000,0.0000,0.0000,0.0000,0,0.7442,0.2558,1.0000,2.0000,flat,0.1591,0.3094,1.3410,1.2541,0.3333,0.0000,72.4129,1,0.0000,0.0000,0.2276,5,2,48878.9297,15094
42,161,LosAngeles_Small,stress,TamAlwaysAccept,3600,8,125,34,0.2720,0.3600,0.6400,860.8235,286.9412,0.3923,1.0000,417.2059,447.4865,1665.8782,0.7986,22.9839,18.1671,1284.7216,370.9701,120.8480,15106.0000,0,0,0.0000,0.0000,0.0000,0.0000,0,0.7556,0.2444,1.0000,2.0000,flat,0.1765,0.3222,1.0863,1.2073,0.3600,0.0000,84.0302,1,0.0000,0.0000,0.2380,5,2,56639.8594,15106
42,162,LosAngeles_Small,stress,TamAlwaysAccept,3600,8,135,41,0.3037,0.4074,0.5926,709.0244,236.3415,0.3914,1.0002,310.6829,420.6136,1251.4451,0.8056,22.4740,16.5553,1051.1385,315.8841,107.0000,13375.0000,0,0,0.0000,0.0000,0.0000,0.0000,0,0.7455,0.2545,1.0000,2.0000,flat,0.1508,0.2823,1.2778,1.2574,0.4074,0.0000,60.3939,2,0.0011,0.0064,0.2712,6,2,51309.2461,14445
42,163,LosAngeles_Small,stress,TamAlwaysAccept,3600,8,148,45,0.3041,0.3784,0.6216,679.3111,339.6555,0.3727,1.0000,322.0454,369.1956,1310.8055,0.8141,21.2890,17.3824,1047.2635,287.8234,104.9932,13124.1553,0,0,0.0000,0.0000,0.0000,0.0000,0,0.8036,0.1964,1.0000,2.0000,flat,0.1901,0.3536,1.2877,1.3136,0.3784,0.0000,59.8843,1,0.0000,0.0000,0.2800,7,2,58986.2500,15539
42,164,LosAngeles_Small,stress,TamAlwaysAccept,3600,8,124,36,0.2903,0.3790,0.6210,821.1667,273.7222,0.4050,1.0001,378.2222,440.1579,1486.5588,0.7861,19.9500,17.1062,1142.6445,361.7751,102.3952,12799.3955,0,0,0.0000,0.0000,0.0000,0.0000,0,0.7660,0.2340,1.0000,2.0000,flat,0.1351,0.2619,1.2655,1.1817,0.3790,0.0000,80.9105,2,0.0003,0.0033,0.2472,5,2,53516.1211,12697
42,165,LosAngeles_Small,stress,CongestionAware,3600,8,129,33,0.2558,1.0000,0.0000,985.6364,328.5454,0.4419,1.0001,221.5000,683.4138,1297.0089,1.0000,23.4000,22.0315,868.2529,208.3362,202.2171,25277.1309,0,0,0.0000,0.0000,0.0000,0.0000,0,0.2558,0.7442,1.0000,2.0000,flat,0.2533,0.4714,1.2831,0.0000,1.0000,0.0000,0.0000,2,0.0006,0.0039,0.3988,9,1,42801.2930,26086
42,166,LosAngeles_Small,stress,CongestionAware,3600,8,125,41,0.3280,1.0000,0.0000,700.9268,233.6423,0.4372,1.0002,155.0857,580.8438,841.3911,1.0000,24.3266,21.7965,950.2605,201.7419,173.0000,21625.0000,0,0,0.0000,0.0000,0.0000,0.0000,0,0.3280,0.6720,1.0000,2.0000,flat,0.3111,0.5652,1.1638,0.0000,1.0000,0.0000,0.0000,2,0.0011,0.0061,0.4271,14,2,34497.0352,21625
42,167,LosAngeles_Small,stress,CongestionAware,3600,8,135,39,0.2889,1.0000,0.0000,755.8718,251.9573,0.4211,1.0001,216.0968,576.6429,996.8438,0.9226,24.1084,22.4875,817.3375,176.6603,228.2815,28535.1855,0,0,0.0000,0.0000,0.0000,0.0000,0,0.2889,0.7111,1.0000,2.0000,flat,0.3647,0.6471,1.2658,0.0000,1.0000,0.0000,16.7280,2,0.0003,0.0033,0.4644,13,1,38876.9062,30818
42,168,LosAngeles_Small,stress,CongestionAware,3600,8,148,51,0.3446,1.0000,0.0000,1021.1373,340.3791,0.4479,1.0023,181.9268,816.8823,859.0345,0.9444,23.3269,22.0276,769.9100,203.4088,242.0878,30260.9805,0,0,0.0000,0.0000,0.0000,0.0000,0,0.3446,0.6554,1.0019,2.0000,flat,0.3442,0.6478,1.3038,0.0000,1.0000,0.0000,10.1199,2,0.0128,0.0204,0.4789,14,0,43810.7617,35829
42,169,LosAngeles_Small,stress,CongestionAware,3600,8,124,39,0.3145,1.0000,0.0000,770.9744,256.9915,0.4329,1.0006,200.0286,548.3333,1069.0443,1.0000,22.8191,21.6520,814.4276,216.0177,292.4193,36552.4180,0,0,0.0000,0.0000,0.0000,0.0000,0,0.3145,0.6855,1.0000,2.0000,flat,0.3030,0.5471,1.2135,0.0000,1.0000,0.0000,0.0000,2,0.0033,0.0111,0.4272,12,1,41692.7305,36260
42,170,LosAngeles_Small,stress,TrafficFlow,3600,8,129,35,0.2713,1.0000,0.0000,1130.0571,376.6857,0.4481,1.0002,303.0345,711.3478,1065.2203,0.7030,23.4000,22.0315,868.2529,208.3362,284.4419,35555.2344,0,0,0.0000,0.0000,0.0000,0.0000,0,0.2713,0.7287,1.0000,2.0000,flat,0.2429,0.4601,1.2831,0.0000,1.0000,0.0000,89.9904,2,0.0014,0.0066,0.4234,8,1,37282.7148,36693
42,171,LosAngeles_Small,stress,TrafficFlow,3600,8,125,37,0.2960,1.0000,0.0000,643.0270,214.3423,0.4372,1.0001,159.5484,511.9000,1081.2727,1.0000,24.3266,21.7965,950.2605,201.7419,147.5520,18444.0000,0,0,0.0000,0.0000,0.0000,0.0000,0,0.2960,0.7040,1.0016,2.0000,flat,0.2824,0.5455,1.1638,0.0000,1.0000,0.0000,0.0000,2,0.0006,0.0043,0.4065,11,0,40007.0898,18444
42,172,LosAngeles_Small,stress,TrafficFlow,3600,8,135,40,0.2963,1.0000,0.0000,895.1750,298.3917,0.4330,1.0003,253.6286,585.5172,965.8525,0.7616,24.1084,22.4875,817.3375,176.6603,238.0074,29750.9258,0,0,0.0000,0.0000,0.0000,0.0000,0,0.2963,0.7037,1.0000,2.0000,flat,0.4000,0.7384,1.2658,0.0000,1.0000,0.0000,60.4581,2,0.0017,0.0078,0.3937,14,0,38634.1016,32131
42,173,LosAngeles_Small,stress,TrafficFlow,3600,8,148,50,0.3378,1.0000,0.0000,834.2800,278.0934,0.4432,1.0004,185.1750,590.4857,764.0405,0.8252,23.3269,22.0276,769.9100,203.4088,251.3176,31414.6953,0,0,0.0000,0.0000,0.0000,0.0000,0,0.3378,0.6622,1.0017,2.0000,flat,0.3333,0.6052,1.3038,0.0000,1.0000,0.0000,32.3669,2,0.0019,0.0088,0.4836,15,0,38202.0234,37195
42,174,LosAngeles_Small,stress,TrafficFlow,3600,8,124,36,0.2903,1.0000,0.0000,717.2778,239.0926,0.4160,1.0001,232.6562,457.5385,1044.4418,0.8978,22.8191,21.6520,814.4276,216.0177,278.7258,34840.7266,0,0,0.0000,0.0000,0.0000,0.0000,0,0.2903,0.7097,1.0000,2.0000,flat,0.3600,0.6583,1.2135,0.0000,1.0000,0.0000,23.7679,2,0.0003,0.0033,0.4133,12,1,37599.9023,34562
42,175,LosAngeles_Small,stress,TokenPassing,3600,8,129,41,0.3178,1.0000,0.0000,995.0732,331.6911,0.4484,1.0003,227.3684,763.9375,1079.7931,0.9498,23.4000,22.0315,868.2529,208.3362,145.3333,18166.6660,0,0,0.0000,0.0000,0.0000,0.0000,0,0.3178,0.6822,1.0000,2.0000,flat,0.2788,0.5125,1.2831,0.0000,1.0000,0.0000,11.4098,2,0.0014,0.0074,0.4779,11,1,44271.5195,18748
42,176,LosAngeles_Small,stress,TokenPassing,3600,8,125,39,0.3120,1.0000,0.0000,570.4359,190.1453,0.4233,1.0001,164.9062,435.5333,933.7765,1.0000,24.3266,21.7965,950.2605,201.7419,117.4960,14687.0000,0,0,0.0000,0.0000,0.0000,0.0000,0,0.3120,0.6880,1.0000,2.0000,flat,0.3765,0.6797,1.1638,0.0000,1.0000,0.0000,0.0000,2,0.0006,0.0050,0.4434,13,1,36417.2812,14687
42,177,LosAngeles_Small,stress,TokenPassing,3600,8,135,36,0.2667,1.0000,0.0000,780.6389,260.2130,0.4253,1.0003,272.2121,574.5517,1169.1411,0.8590,24.1084,22.4875,817.3375,176.6603,216.8963,27112.0371,0,0,0.0000,0.0000,0.0000,0.0000,0,0.2667,0.7333,1.0011,2.0000,flat,0.3467,0.6236,1.2658,0.0000,1.0000,0.0000,38.3839,2,0.0014,0.0081,0.3742,12,1,42089.0781,29281
42,178,LosAngeles_Small,stress,TokenPassing,3600,8,148,38,0.2568,1.0000,0.0000,767.3158,255.7719,0.4395,1.0004,206.8438,570.2000,1088.2379,1.0000,23.3269,22.0276,769.9100,203.4088,234.9797,29372.4668,0,0,0.0000,0.0000,0.0000,0.0000,0,0.2568,0.7432,1.0000,2.0000,flat,0.2353,0.5128,1.3038,0.0000,1.0000,0.0000,0.0000,2,0.0022,0.0078,0.3651,9,0,41353.0430,34777
42,179,LosAngeles_Small,stress,TokenPassing,3600,8,124,39,0.3145,1.0000,0.0000,721.8718,240.6239,0.4333,1.0001,264.8889,465.4516,982.6298,0.7419,22.8191,21.6520,814.4276,216.0177,106.8629,13357.8633,0,0,0.0000,0.0000,0.0000,0.0000,0,0.3145,0.6855,1.0000,2.0000,flat,0.3871,0.6949,1.2135,0.0000,1.0000,0.0000,68.3629,2,0.0006,0.0050,0.5086,13,0,38322.5625,13251
42,180,Tokyo_Large,generalize,MAPPO,3600,15,58,8,0.1379,0.6379,0.3621,2121.5000,530.3750,0.3194,1.0000,735.6667,1447.8334,2950.0461,0.8020,656.2720,469.4199,2129.7527,1763.3142,3136.2068,209080.4531,0,0,0.0000,0.0000,0.0000,0.0000,0,0.2162,0.7838,1.0000,8.0000,flat,0.4167,0.9354,1.1985,1.3321,0.6379,0.0000,145.6575,1,0.0000,0.0000,0.1667,4,0,23600.3691,181900
42,181,Tokyo_Large,generalize,MAPPO,3600,15,45,4,0.0889,0.5556,0.4444,2277.0000,759.0000,0.2469,1.0000,1093.0000,1161.6000,4845.5020,0.8866,560.0347,366.9201,2434.0242,1924.1121,2628.2888,175219.2656,0,0,0.0000,0.0000,0.0000,0.0000,0,0.1600,0.8400,1.0000,8.0000,flat,0.3333,0.7071,1.3937,1.2531,0.5556,0.0000,123.8996,1,0.0000,0.0000,0.1500,1,0,19382.0078,118273
42,182,Tokyo_Large,generalize,MAPPO,3600,15,52,16,0.3077,0.8269,0.1731,1519.0625,189.8828,0.5800,1.0000,717.3846,999.2857,2983.9832,0.8319,718.5759,555.5641,2567.2517,1994.6107,1888.9615,125930.7656,0,0,0.0000,0.0000,0.0000,0.0000,0,0.3721,0.6279,1.0000,8.0000,flat,0.5816,1.1339,1.2643,1.3057,0.8269,0.0000,120.5880,1,0.0000,0.0000,0.1430,4,0,47743.7305,98226
42,183,Tokyo_Large,generalize,MAPPO,3600,15,67,20,0.2985,0.6567,0.3433,1437.6500,239.6083,0.4384,1.0000,603.6875,988.4000,3736.1699,1.0000,676.9800,474.6838,2575.2258,1440.8093,1041.5374,69435.8203,0,0,0.0000,0.0000,0.0000,0.0000,0,0.4545,0.5455,1.0000,8.0000,flat,0.2643,0.5099,1.2585,1.1568,0.6567,0.0000,0.0000,1,0.0000,0.0000,0.1490,3,0,74723.3984,69783
42,184,Tokyo_Large,generalize,MAPPO,3600,15,64,24,0.3750,0.8281,0.1719,1797.9584,199.7731,0.6214,1.0000,688.9048,1192.5186,3674.3860,1.0000,709.1215,568.0944,2800.2219,1760.0103,969.8750,64658.3320,0,0,0.0000,0.0000,0.0000,0.0000,0,0.4528,0.5472,1.0000,8.0000,flat,0.2982,0.5652,1.2211,1.2629,0.8281,0.0000,0.0000,1,0.0000,0.0000,0.1520,2,0,88185.2656,62072
42,185,Tokyo_Large,generalize,FaithfulMAPPER,3600,15,58,15,0.2586,0.4138,0.5862,1830.4000,228.8000,0.5440,1.0000,790.2143,1147.8125,3501.0239,0.8861,614.1840,422.9109,3102.6965,2678.2695,1151.8103,76787.3594,0,0,0.0000,0.0000,0.0000,0.0000,0,0.6250,0.3750,1.0000,8.0000,flat,0.3930,0.7775,1.2337,1.2562,0.4138,0.0000,90.0095,1,0.0000,0.0000,0.0975,2,0,52515.3594,66805
42,186,Tokyo_Large,generalize,FaithfulMAPPER,3600,15,45,10,0.2222,0.5111,0.4889,1688.2000,281.3667,0.4280,1.0000,864.6000,1011.8823,3839.3079,0.8881,523.2977,382.7416,2617.4385,1906.0825,1024.3112,68287.4062,0,0,0.0000,0.0000,0.0000,0.0000,0,0.4348,0.5652,1.0000,8.0000,flat,0.4444,0.8944,1.2991,1.3648,0.5111,0.0000,96.7384,1,0.0000,0.0000,0.1123,1,0,38393.0781,46094
42,187,Tokyo_Large,generalize,FaithfulMAPPER,3600,15,52,13,0.2500,0.5769,0.4231,1843.3077,230.4135,0.5498,1.0000,795.1539,1394.5217,3521.3369,0.8857,651.0759,521.4226,3224.7444,2592.0286,1393.8462,92923.0781,0,0,0.0000,0.0000,0.0000,0.0000,0,0.4333,0.5667,1.0000,8.0000,flat,0.5699,1.2138,1.3082,1.2214,0.5769,0.0000,90.8865,1,0.0000,0.0000,0.1013,3,0,45777.3789,72480
42,188,Tokyo_Large,generalize,FaithfulMAPPER,3600,15,67,21,0.3134,0.5075,0.4925,1831.6666,228.9583,0.5855,1.0000,853.8000,1210.1786,3893.5103,0.9120,677.0430,466.4788,3124.1394,2496.0840,1244.5374,82969.1562,0,0,0.0000,0.0000,0.0000,0.0000,0,0.6176,0.3824,1.0000,8.0000,flat,0.3398,0.6684,1.2318,1.2150,0.5075,0.0000,75.0980,1,0.0000,0.0000,0.1083,2,0,81763.7188,83384
42,189,Tokyo_Large,generalize,FaithfulMAPPER,3600,15,64,17,0.2656,0.5781,0.4219,1975.7646,219.5294,0.6314,1.0000,829.5294,1278.8260,3875.6157,0.9344,682.5652,552.2043,3298.6824,2219.4653,1573.5469,104903.1250,0,0,0.0000,0.0000,0.0000,0.0000,0,0.4595,0.5405,1.0000,8.0000,flat,0.3427,0.7156,1.1985,1.2691,0.5781,0.0000,54.4062,1,0.0000,0.0000,0.0937,2,0,65885.4688,100707
42,190,Tokyo_Large,generalize,TamAlwaysAccept,3600,15,58,16,0.2759,0.4310,0.5690,1579.9375,263.3229,0.4110,1.0000,763.5625,862.0526,3396.2847,0.8896,541.2459,415.2045,3137.6665,2396.7598,1216.1207,81074.7109,0,0,0.0000,0.0000,0.0000,0.0000,0,0.6400,0.3600,1.0000,8.0000,flat,0.2000,0.5000,1.2086,1.2759,0.4310,0.0000,84.3055,1,0.0000,0.0000,0.1077,1,0,54340.5547,70535
42,191,Tokyo_Large,generalize,TamAlwaysAccept,3600,15,45,18,0.4000,0.5556,0.4444,1623.4445,324.6889,0.3929,1.0000,743.5000,935.1739,3346.7749,0.9003,641.9438,463.3710,2434.0269,2290.2881,932.2667,62151.1094,0,0,0.0000,0.0000,0.0000,0.0000,0,0.7200,0.2800,1.0000,8.0000,flat,0.2328,0.5443,1.4046,1.2394,0.5556,0.0000,74.1450,1,0.0000,0.0000,0.1296,2,0,60241.9492,41952
42,192,Tokyo_Large,generalize,TamAlwaysAccept,3600,15,52,20,0.3846,0.5577,0.4423,1766.1000,220.7625,0.5444,1.0000,836.0000,1120.4166,3671.6184,0.8784,651.0759,535.8165,3102.7134,2700.5022,1361.4807,90765.3828,0,0,0.0000,0.0000,0.0000,0.0000,0,0.6897,0.3103,1.0000,8.0000,flat,0.2870,0.6164,1.3557,1.1653,0.5577,0.0000,101.6763,1,0.0000,0.0000,0.1025,2,0,73432.3672,70797
42,193,Tokyo_Large,generalize,TamAlwaysAccept,3600,15,67,20,0.2985,0.4328,0.5672,1977.9000,282.5572,0.5262,1.0000,917.6000,1270.5000,4134.8560,0.9012,677.0430,466.4788,3320.1458,2856.2002,1343.6268,89575.1250,0,0,0.0000,0.0000,0.0000,0.0000,0,0.6897,0.3103,1.0000,8.0000,flat,0.2870,0.6164,1.1581,1.2735,0.4328,0.0000,90.6288,1,0.0000,0.0000,0.0919,2,0,82697.1172,90023
42,194,Tokyo_Large,generalize,TamAlwaysAccept,3600,15,64,15,0.2344,0.5000,0.5000,1830.2667,203.3630,0.6054,1.0000,785.0667,1373.4800,3399.7498,0.8661,678.6295,545.2245,3317.8413,2549.1716,1691.8281,112788.5391,0,0,0.0000,0.0000,0.0000,0.0000,0,0.4688,0.5312,1.0000,8.0000,flat,0.4986,0.9707,1.2220,1.2346,0.5000,0.0000,105.1167,1,0.0000,0.0000,0.0910,2,0,50996.2461,108277
42,195,Tokyo_Large,generalize,CongestionAware,3600,15,58,26,0.4483,1.0000,0.0000,1479.7693,184.9712,0.5426,1.0000,542.1905,1002.5000,2209.7515,0.8151,686.8397,538.8223,1973.8093,1460.2596,3473.6035,231573.5469,0,0,0.0000,0.0000,0.0000,0.0000,0,0.4483,0.5517,1.0000,8.0000,flat,0.4246,0.8123,1.2469,0.0000,1.0000,0.0000,100.2402,2,0.0003,0.0015,0.2438,5,0,57453.5352,201469
42,196,Tokyo_Large,generalize,CongestionAware,3600,15,45,21,0.4667,1.0000,0.0000,1395.1904,199.3129,0.4848,1.0000,459.6842,1016.1500,2161.1396,0.9403,646.2506,522.3581,1819.9302,1610.2118,3333.4666,222231.1094,0,0,0.0000,0.0000,0.0000,0.0000,0,0.4667,0.5333,1.0000,8.0000,flat,0.2424,0.4714,1.3312,0.0000,1.0000,0.0000,27.4563,1,0.0000,0.0000,0.2226,3,1,45383.9336,150006
42,197,Tokyo_Large,generalize,CongestionAware,3600,15,52,24,0.4615,1.0000,0.0000,1604.2084,200.5260,0.5830,1.0000,609.5789,1143.8422,2861.7102,0.9389,718.5759,577.9691,2331.2546,1897.2307,3349.6345,223308.9688,0,0,0.0000,0.0000,0.0000,0.0000,0,0.4615,0.5385,1.0000,8.0000,flat,0.3294,0.6227,1.2715,0.0000,1.0000,0.0000,37.2369,1,0.0000,0.0000,0.2012,4,0,68681.0469,174181
42,198,Tokyo_Large,generalize,CongestionAware,3600,15,67,23,0.3433,1.0000,0.0000,1653.1305,206.6413,0.5819,1.0000,536.4117,1024.5294,3338.1946,1.0000,708.4674,538.6162,2012.9728,1314.0564,3891.8359,259455.7188,0,0,0.0000,0.0000,0.0000,0.0000,0,0.3433,0.6567,1.0000,8.0000,flat,0.3373,0.7047,1.2236,0.0000,1.0000,0.0000,0.0000,1,0.0000,0.0000,0.2229,5,0,76778.4688,260753
42,199,Tokyo_Large,generalize,CongestionAware,3600,15,64,16,0.2500,1.0000,0.0000,1599.3125,177.7014,0.6346,1.0000,607.9375,1151.5909,3120.4661,1.0000,709.1215,595.3386,2440.9653,1490.1556,3253.4062,216893.7500,0,0,0.0000,0.0000,0.0000,0.0000,0,0.2500,0.7500,1.0000,8.0000,flat,0.4479,0.8292,1.2283,0.0000,1.0000,0.0000,0.0000,2,0.0003,0.0015,0.1911,3,0,49927.4570,208218
42,200,Tokyo_Large,generalize,TrafficFlow,3600,15,58,23,0.3966,1.0000,0.0000,1582.7391,226.1056,0.4932,1.0001,555.4737,1116.5000,2326.4080,0.8376,686.8397,538.8223,1973.8093,1460.2596,3072.6035,204840.2344,0,0,0.0000,0.0000,0.0000,0.0000,0,0.3966,0.6034,1.0000,8.0000,flat,0.4300,0.7746,1.2469,0.0000,1.0000,0.0000,90.1921,2,0.0008,0.0026,0.2141,5,0,53507.3828,178211
42,201,Tokyo_Large,generalize,TrafficFlow,3600,15,45,19,0.4222,1.0000,0.0000,1477.9474,211.1353,0.5101,1.0000,507.8889,975.0952,2488.2502,0.9798,646.2506,522.3581,1819.9302,1610.2118,3599.7112,239980.7500,0,0,0.0000,0.0000,0.0000,0.0000,0,0.4222,0.5778,1.0000,8.0000,flat,0.3186,0.6733,1.3312,0.0000,1.0000,0.0000,10.2388,1,0.0000,0.0000,0.1822,4,0,47276.7539,161987
42,202,Tokyo_Large,generalize,TrafficFlow,3600,15,52,19,0.3654,1.0000,0.0000,1254.0526,156.7566,0.5771,1.0000,500.3750,1064.9048,2935.6550,1.0000,718.5759,577.9691,2331.2546,1897.2307,3631.5000,242100.0000,0,0,0.0000,0.0000,0.0000,0.0000,0,0.3654,0.6346,1.0000,8.0000,flat,0.3284,0.6085,1.2715,0.0000,1.0000,0.0000,0.0000,2,0.0003,0.0012,0.1868,3,0,55777.4453,188838
42,203,Tokyo_Large,generalize,TrafficFlow,3600,15,67,24,0.3582,1.0000,0.0000,1623.9166,180.4352,0.6197,1.0000,473.4211,1210.9474,3200.5640,1.0000,708.4674,538.6162,2012.9728,1314.0564,3514.4626,234297.5000,0,0,0.0000,0.0000,0.0000,0.0000,0,0.3582,0.6418,1.0000,8.0000,flat,0.2652,0.4896,1.2236,0.0000,1.0000,0.0000,0.0000,1,0.0000,0.0000,0.2119,3,0,76813.5391,235469
42,204,Tokyo_Large,generalize,TrafficFlow,3600,15,64,23,0.3594,1.0000,0.0000,1623.1740,180.3527,0.6425,1.0000,590.9500,1212.4091,3097.7217,1.0000,709.1215,595.3386,2440.9653,1490.1556,3205.5469,213703.1406,0,0,0.0000,0.0000,0.0000,0.0000,0,0.3594,0.6406,1.0000,8.0000,flat,0.3590,0.6667,1.2283,0.0000,1.0000,0.0000,0.0000,2,0.0003,0.0015,0.1877,4,0,71247.5938,205155
42,205,Tokyo_Large,generalize,TokenPassing,3600,15,58,25,0.4310,1.0000,0.0000,1510.3199,167.8133,0.6025,1.0000,560.3182,935.0000,2553.2188,0.9113,686.8397,538.8223,1973.8093,1460.2596,2657.8794,177191.9375,0,0,0.0000,0.0000,0.0000,0.0000,0,0.4310,0.5690,1.0000,8.0000,flat,0.3846,0.7469,1.2469,0.0000,1.0000,0.0000,49.6744,2,0.0003,0.0012,0.2212,5,0,63830.4727,154157
42,206,Tokyo_Large,generalize,TokenPassing,3600,15,45,18,0.4000,1.0000,0.0000,1395.8889,199.4127,0.5139,1.0000,503.0625,1042.6250,2598.5603,1.0000,646.2506,522.3581,1819.9302,1610.2118,3309.1333,220608.9062,0,0,0.0000,0.0000,0.0000,0.0000,0,0.4000,0.6000,1.0000,8.0000,flat,0.2389,0.4761,1.3312,0.0000,1.0000,0.0000,0.0000,1,0.0000,0.0000,0.1888,2,0,46774.0859,148911
42,207,Tokyo_Large,generalize,TokenPassing,3600,15,52,21,0.4038,1.0000,0.0000,1325.0952,165.6369,0.5771,1.0000,399.7368,1004.1429,2587.4761,1.0000,718.5759,577.9691,2331.2546,1897.2307,3346.7114,223114.0938,0,0,0.0000,0.0000,0.0000,0.0000,0,0.4038,0.5962,1.0000,8.0000,flat,0.3308,0.6042,1.2715,0.0000,1.0000,0.0000,0.0000,2,0.0003,0.0015,0.2128,3,0,54336.9961,174029
42,208,Tokyo_Large,generalize,TokenPassing,3600,15,67,20,0.2985,1.0000,0.0000,1493.6000,186.7000,0.5994,1.0000,364.9375,1231.6364,2920.2971,1.0000,708.4674,538.6162,2012.9728,1314.0564,3134.9553,208997.0156,0,0,0.0000,0.0000,0.0000,0.0000,0,0.2985,0.7015,1.0000,8.0000,flat,0.4130,0.7406,1.2236,0.0000,1.0000,0.0000,0.0000,2,0.0006,0.0021,0.2043,3,0,58405.9414,210042
42,209,Tokyo_Large,generalize,TokenPassing,3600,15,64,22,0.3438,1.0000,0.0000,1691.7273,187.9697,0.6075,1.0001,607.9048,1159.0476,2851.0942,0.9380,709.1215,595.3386,2440.9653,1490.1556,3026.9375,201795.8281,0,0,0.0000,0.0000,0.0000,0.0000,0,0.3438,0.6562,1.0000,8.0000,flat,0.4430,0.7930,1.2283,0.0000,1.0000,0.0000,37.6859,2,0.0006,0.0023,0.2002,4,0,62724.0703,193724
42,210,NewYork,generalize,MAPPO,3600,15,58,9,0.1552,0.6724,0.3276,1900.8889,316.8148,0.4425,1.0001,737.6667,1398.5555,4148.5938,1.0000,542.9136,310.9944,2662.5576,1252.0693,2250.5000,150033.3281,0,0,0.0000,0.0000,0.0000,0.0000,0,0.2308,0.7692,1.0000,8.0000,flat,0.4444,0.8165,1.3370,1.2863,0.6724,0.0000,0.0000,2,0.0014,0.0032,0.1424,2,0,37337.3438,130529
42,211,NewYork,generalize,MAPPO,3600,15,58,9,0.1552,0.6724,0.3276,1902.4445,271.7778,0.4846,1.0000,989.8889,1189.4615,4841.5562,0.9782,408.6378,300.5514,2401.6707,1422.0770,875.0517,58336.7812,0,0,0.0000,0.0000,0.0000,0.0000,0,0.2308,0.7692,1.0000,8.0000,flat,0.3981,0.7935,1.2723,1.2787,0.6724,0.0000,21.5777,2,0.0003,0.0012,0.1220,2,0,43574.0078,50753
42,212,NewYork,generalize,MAPPO,3600,15,60,24,0.4000,0.7833,0.2167,1641.1250,234.4464,0.5060,1.0000,613.1429,1196.4584,2944.8782,0.9606,598.6964,416.7273,2439.1499,1556.2977,925.5000,61700.0000,0,0,0.0000,0.0000,0.0000,0.0000,0,0.5106,0.4894,1.0000,8.0000,flat,0.4137,0.8819,1.0617,1.4289,0.7833,0.0000,24.1672,2,0.0003,0.0013,0.1519,5,0,70677.0781,55530
42,213,NewYork,generalize,MAPPO,3600,15,57,19,0.3333,0.8772,0.1228,1507.7894,215.3985,0.5018,1.0000,628.0000,1036.8695,3213.9500,1.0000,595.2886,451.4266,2233.6328,1329.7780,957.1754,63811.6953,0,0,0.0000,0.0000,0.0000,0.0000,0,0.3800,0.6200,1.0000,8.0000,flat,0.3801,0.7244,1.2471,1.4096,0.8772,0.0000,0.0000,1,0.0000,0.0000,0.1704,2,0,61065.0508,54559
42,214,NewYork,generalize,MAPPO,3600,15,66,36,0.5455,0.8939,0.1061,1117.0000,159.5714,0.5292,1.0000,482.4706,775.9714,2547.4236,1.0000,498.3009,394.5472,2237.9780,1146.8997,785.3636,52357.5742,0,0,0.0000,0.0000,0.0000,0.0000,0,0.6102,0.3898,1.0000,8.0000,flat,0.3493,0.6281,1.2586,1.4315,0.8939,0.0000,0.0000,2,0.0003,0.0010,0.2339,4,0,91707.2500,51834
42,215,NewYork,generalize,FaithfulMAPPER,3600,15,58,18,0.3103,0.5862,0.4138,1727.0000,246.7143,0.4913,1.0000,826.7778,1195.8750,3548.0310,0.8583,498.5732,364.1255,3032.2576,1944.2135,1181.2587,78750.5781,0,0,0.0000,0.0000,0.0000,0.0000,0,0.5294,0.4706,1.0000,8.0000,flat,0.3810,0.7454,1.3475,1.2821,0.5862,0.0000,117.1716,1,0.0000,0.0000,0.1040,2,0,63864.5547,68513
42,216,NewYork,generalize,FaithfulMAPPER,3600,15,58,20,0.3448,0.5345,0.4655,1399.4500,233.2417,0.4354,1.0000,832.6000,833.0000,3651.2544,0.8771,408.6378,298.2325,2799.5999,1673.7954,829.8965,55326.4375,0,0,0.0000,0.0000,0.0000,0.0000,0,0.6452,0.3548,1.0000,8.0000,flat,0.3667,0.7583,1.3166,1.2259,0.5345,0.0000,102.3491,1,0.0000,0.0000,0.1260,3,0,73025.0859,48134
42,217,NewYork,generalize,FaithfulMAPPER,3600,15,60,19,0.3167,0.5833,0.4167,1788.3684,198.7076,0.6162,1.0000,905.1667,1125.6000,3749.4141,0.8284,607.2866,438.1410,2957.3516,1884.0011,1031.2167,68747.7812,0,0,0.0000,0.0000,0.0000,0.0000,0,0.5429,0.4571,1.0000,8.0000,flat,0.4798,0.9493,1.0691,1.2423,0.5833,0.0000,155.2839,1,0.0000,0.0000,0.1104,3,0,71238.8672,61873
42,218,NewYork,generalize,FaithfulMAPPER,3600,15,57,15,0.2632,0.6316,0.3684,1779.8667,254.2667,0.5172,1.0000,837.1334,1193.4166,3714.6619,0.8875,591.5903,435.7442,2681.6038,1728.8484,1029.7018,68646.7812,0,0,0.0000,0.0000,0.0000,0.0000,0,0.4167,0.5833,1.0000,8.0000,flat,0.3478,0.7303,1.2561,1.2857,0.6316,0.0000,94.2010,1,0.0000,0.0000,0.1144,1,0,55719.9297,58693
42,219,NewYork,generalize,FaithfulMAPPER,3600,15,66,17,0.2576,0.5909,0.4091,1539.4706,192.4338,0.5782,1.0000,674.2500,1091.2084,3276.0962,0.9718,480.0803,367.8009,2930.1384,1646.4169,1063.3939,70892.9297,0,0,0.0000,0.0000,0.0000,0.0000,0,0.4359,0.5641,1.0000,8.0000,flat,0.4143,0.8193,1.2355,1.3368,0.5909,0.0000,19.0308,1,0.0000,0.0000,0.1162,2,0,55693.6328,70184
42,220,NewYork,generalize,TamAlwaysAccept,3600,15,58,18,0.3103,0.6034,0.3966,1789.4445,223.6806,0.5817,1.0000,845.3333,1002.1200,3821.7974,0.9042,585.6492,401.3129,2983.9141,1729.3116,1315.6897,87712.6406,0,0,0.0000,0.0000,0.0000,0.0000,0,0.5143,0.4857,1.0000,8.0000,flat,0.2677,0.5984,1.3328,1.3015,0.6034,0.0000,80.9738,1,0.0000,0.0000,0.1030,2,0,68792.3516,76310
42,221,NewYork,generalize,TamAlwaysAccept,3600,15,58,21,0.3621,0.5517,0.4483,1468.4762,244.7460,0.4651,1.0000,699.6000,1008.5185,3124.8369,0.8933,554.2931,412.5147,2665.6885,2029.9288,965.9138,64394.2539,0,0,0.0000,0.0000,0.0000,0.0000,0,0.6562,0.3438,1.0000,8.0000,flat,0.4091,0.8039,1.2658,1.2849,0.5517,0.0000,74.6326,1,0.0000,0.0000,0.1176,3,0,65621.5781,56023
42,222,NewYork,generalize,TamAlwaysAccept,3600,15,60,20,0.3333,0.5833,0.4167,1693.4000,211.6750,0.5939,1.0000,862.6500,1055.0358,3735.3499,0.8660,607.2866,434.8087,2909.6531,1705.3911,957.8000,63853.3320,0,0,0.0000,0.0000,0.0000,0.0000,0,0.5714,0.4286,1.0000,8.0000,flat,0.4870,1.0344,1.0814,1.2250,0.5833,0.0000,115.5801,1,0.0000,0.0000,0.1048,4,0,74707.0000,57468
42,223,NewYork,generalize,TamAlwaysAccept,3600,15,57,18,0.3158,0.5088,0.4912,1758.3889,293.0648,0.4483,1.0000,863.9445,1017.4615,3844.2476,0.8899,592.6888,427.4815,2910.8674,1891.2957,862.7895,57519.2969,0,0,0.0000,0.0000,0.0000,0.0000,0,0.6207,0.3793,1.0000,8.0000,flat,0.2677,0.5984,1.3134,1.2190,0.5088,0.0000,95.0950,1,0.0000,0.0000,0.1106,2,0,69196.4609,49179
42,224,NewYork,generalize,TamAlwaysAccept,3600,15,66,19,0.2879,0.5000,0.5000,1401.8422,200.2632,0.5264,1.0000,730.1579,1002.7500,3410.2544,0.9341,490.6255,358.2426,3064.5774,1911.6703,1056.5454,70436.3672,0,0,0.0000,0.0000,0.0000,0.0000,0,0.5758,0.4242,1.0000,8.0000,flat,0.4485,0.8487,1.2420,1.3118,0.5000,0.0000,48.1070,1,0.0000,0.0000,0.1176,2,0,64794.8320,69732
42,225,NewYork,generalize,CongestionAware,3600,15,58,16,0.2759,1.0000,0.0000,2041.9375,291.7054,0.5021,1.0000,595.1429,1464.2000,3141.3049,1.0000,612.9407,418.2774,2291.6938,1131.4567,3103.7932,206919.5469,0,0,0.0000,0.0000,0.0000,0.0000,0,0.2759,0.7241,1.0000,8.0000,flat,0.4467,0.9068,1.3204,0.0000,1.0000,0.0000,0.0000,1,0.0000,0.0000,0.1834,5,0,50260.8789,180020
42,226,NewYork,generalize,CongestionAware,3600,15,58,32,0.5517,1.0000,0.0000,1584.3750,176.0417,0.6558,1.0000,542.1379,1003.4615,2467.1799,0.9102,568.8249,425.7215,1960.4812,1373.3269,2375.6724,158378.1562,0,0,0.0000,0.0000,0.0000,0.0000,0,0.5517,0.4483,1.0000,8.0000,flat,0.3590,0.6667,1.2744,0.0000,1.0000,0.0000,48.7020,1,0.0000,0.0000,0.1959,4,0,78949.7578,137789
42,227,NewYork,generalize,CongestionAware,3600,15,60,26,0.4333,1.0000,0.0000,1532.9231,170.3248,0.6560,1.0000,571.3043,1161.8800,2948.2278,1.0000,640.1763,464.5469,2117.1611,1324.8130,2848.6167,189907.7656,0,0,0.0000,0.0000,0.0000,0.0000,0,0.4333,0.5667,1.0000,8.0000,flat,0.3882,0.8487,1.1413,0.0000,1.0000,0.0000,0.0000,2,0.0003,0.0017,0.1826,6,0,76653.9219,170917
42,228,NewYork,generalize,CongestionAware,3600,15,57,20,0.3509,1.0000,0.0000,1491.1500,186.3938,0.5814,1.0000,625.2105,892.0952,3081.8411,0.9859,625.2173,473.7778,2093.1033,1237.8214,3246.9124,216460.8125,0,0,0.0000,0.0000,0.0000,0.0000,0,0.3509,0.6491,1.0000,8.0000,flat,0.2583,0.5099,1.2670,0.0000,1.0000,0.0000,8.8423,2,0.0006,0.0018,0.1781,3,1,61636.8203,185074
42,229,NewYork,generalize,CongestionAware,3600,15,66,22,0.3333,1.0000,0.0000,1331.6818,190.2402,0.5298,1.0000,412.7500,971.4545,2237.8835,1.0000,541.1348,419.4258,2062.3535,1224.4281,3280.3940,218692.9219,0,0,0.0000,0.0000,0.0000,0.0000,0,0.3333,0.6667,1.0000,8.0000,flat,0.4167,0.7781,1.2769,0.0000,1.0000,0.0000,0.0000,1,0.0000,0.0000,0.2466,5,0,49233.4375,216506
42,230,NewYork,generalize,TrafficFlow,3600,15,58,30,0.5172,1.0000,0.0000,1419.1666,177.3958,0.5633,1.0000,489.5000,861.0417,2825.3708,1.0000,612.9407,418.2774,2291.6938,1131.4567,2390.9138,159394.2500,0,0,0.0000,0.0000,0.0000,0.0000,0,0.5172,0.4828,1.0000,8.0000,flat,0.3000,0.5441,1.3204,0.0000,1.0000,0.0000,0.0000,1,0.0000,0.0000,0.2264,6,1,84761.1250,138673
42,231,NewYork,generalize,TrafficFlow,3600,15,58,32,0.5517,1.0000,0.0000,1465.4062,183.1758,0.5589,1.0000,612.5769,880.9048,2563.1694,0.8368,568.8249,425.7215,1960.4812,1373.3269,2474.1035,164940.2344,0,0,0.0000,0.0000,0.0000,0.0000,0,0.5517,0.4483,1.0000,8.0000,flat,0.2700,0.4980,1.2744,0.0000,1.0000,0.0000,99.9430,1,0.0000,0.0000,0.2286,4,1,82021.4219,143498
42,232,NewYork,generalize,TrafficFlow,3600,15,60,25,0.4167,1.0000,0.0000,1432.5200,159.1689,0.6577,1.0000,539.9000,1011.3333,3056.1511,1.0000,640.1763,464.5469,2117.1611,1324.8130,2827.6001,188506.6719,0,0,0.0000,0.0000,0.0000,0.0000,0,0.4167,0.5833,1.0000,8.0000,flat,0.4048,0.8375,1.1413,0.0000,1.0000,0.0000,0.0000,1,0.0000,0.0000,0.1893,6,0,76403.7734,169656
42,233,NewYork,generalize,TrafficFlow,3600,15,57,18,0.3158,1.0000,0.0000,1514.3889,189.2986,0.5929,1.0001,703.0625,955.5555,3585.5996,1.0000,625.2173,473.7778,2093.1033,1237.8214,2974.9473,198329.8281,0,0,0.0000,0.0000,0.0000,0.0000,0,0.3158,0.6842,1.0000,8.0000,flat,0.2407,0.5092,1.2670,0.0000,1.0000,0.0000,0.0000,2,0.0008,0.0022,0.1721,3,1,64540.7930,169572
42,234,NewYork,generalize,TrafficFlow,3600,15,66,27,0.4091,1.0000,0.0000,1399.2222,174.9028,0.5584,1.0001,432.0000,1117.7620,2494.1338,1.0000,541.1348,419.4258,2062.3535,1224.4281,2872.1211,191474.7500,0,0,0.0000,0.0000,0.0000,0.0000,0,0.4091,0.5909,1.0000,8.0000,flat,0.4551,0.8186,1.2769,0.0000,1.0000,0.0000,0.0000,2,0.0008,0.0022,0.2200,4,0,67341.6094,189560
42,235,NewYork,generalize,TokenPassing,3600,15,58,22,0.3793,1.0000,0.0000,1476.8182,210.9740,0.4965,1.0001,525.4445,945.2609,2549.1653,0.9703,612.9407,418.2774,2291.6938,1131.4567,2206.7068,147113.7969,0,0,0.0000,0.0000,0.0000,0.0000,0,0.3793,0.6207,1.0000,8.0000,flat,0.4343,0.7977,1.3204,0.0000,1.0000,0.0000,15.6114,2,0.0008,0.0028,0.2147,6,0,56081.6406,127989
42,236,NewYork,generalize,TokenPassing,3600,15,58,27,0.4655,1.0000,0.0000,1576.2222,197.0278,0.5587,1.0000,621.1250,989.1500,2730.1716,0.8791,568.8249,425.7215,1960.4812,1373.3269,2188.6206,145908.0469,0,0,0.0000,0.0000,0.0000,0.0000,0,0.4655,0.5345,1.0000,8.0000,flat,0.4689,0.8598,1.2744,0.0000,1.0000,0.0000,75.0907,2,0.0003,0.0015,0.2319,4,0,73714.6328,126940
42,237,NewYork,generalize,TokenPassing,3600,15,60,24,0.4000,1.0000,0.0000,1345.6250,168.2031,0.5797,1.0000,548.3000,926.1739,3057.4287,1.0000,640.1763,464.5469,2117.1611,1324.8130,2713.3167,180887.7812,0,0,0.0000,0.0000,0.0000,0.0000,0,0.4000,0.6000,1.0000,8.0000,flat,0.3949,0.8099,1.1413,0.0000,1.0000,0.0000,0.0000,1,0.0000,0.0000,0.2093,6,0,73378.2891,162799
42,238,NewYork,generalize,TokenPassing,3600,15,57,17,0.2982,1.0000,0.0000,1491.8235,186.4779,0.5432,1.0000,618.8666,991.5000,3286.5352,1.0000,625.2173,473.7778,2093.1033,1237.8214,2972.4912,198166.0781,0,0,0.0000,0.0000,0.0000,0.0000,0,0.2982,0.7018,1.0000,8.0000,flat,0.4479,0.8292,1.2670,0.0000,1.0000,0.0000,0.0000,2,0.0003,0.0015,0.1785,3,0,55871.0977,169432
42,239,NewYork,generalize,TokenPassing,3600,15,66,25,0.3788,1.0000,0.0000,1326.2000,165.7750,0.5921,1.0002,420.1000,1022.1600,2729.8357,1.0000,541.1348,419.4258,2062.3535,1224.4281,2700.7273,180048.4844,0,0,0.0000,0.0000,0.0000,0.0000,0,0.3788,0.6212,1.0000,8.0000,flat,0.3910,0.6997,1.2769,0.0000,1.0000,0.0000,0.0000,2,0.0019,0.0039,0.2304,4,0,68245.8906,178248
42,240,Paris,generalize,MAPPO,3600,12,65,35,0.5385,0.9077,0.0923,1361.3429,170.1679,0.6694,1.0029,525.2414,1030.0000,2719.2256,1.0000,178.9973,149.7372,2078.3347,869.7603,639.2462,53270.5117,0,0,0.0000,0.0000,0.0000,0.0000,0,0.5932,0.4068,1.0031,4.0000,flat,0.3567,0.6843,1.1791,1.1289,0.9077,0.0000,0.0000,2,0.0192,0.0210,0.1910,5,0,95172.8984,41551
42,241,Paris,generalize,MAPPO,3600,12,88,52,0.5909,1.0000,0.0000,1375.9615,196.5659,0.6613,1.0000,490.5778,892.9333,2467.2119,1.0000,165.3490,155.8631,2001.1761,694.2332,748.0909,62340.9102,0,0,0.0000,0.0000,0.0000,0.0000,0,0.5909,0.4091,1.0000,4.0000,flat,0.2139,0.3859,1.2146,0.0000,1.0000,0.0000,0.0000,1,0.0000,0.0000,0.2308,4,1,128295.0234,65832
42,242,Paris,generalize,MAPPO,3600,12,68,35,0.5147,0.8529,0.1471,1120.2000,186.7000,0.5092,1.0000,495.0000,710.0811,2120.3940,0.8567,183.5462,164.0076,1689.5376,810.7092,526.5588,43879.9023,0,0,0.0000,0.0000,0.0000,0.0000,0,0.6034,0.3966,1.0000,4.0000,flat,0.2812,0.5154,1.2745,1.1590,0.8529,0.0000,70.9212,1,0.0000,0.0000,0.2314,3,0,74213.7891,35806
42,243,Paris,generalize,MAPPO,3600,12,78,40,0.5128,0.9615,0.0385,1207.2250,172.4607,0.5898,1.0000,480.5000,850.1190,2635.6899,1.0000,188.1415,172.0684,2062.2925,773.6218,641.5128,53459.4023,0,0,0.0000,0.0000,0.0000,0.0000,0,0.5333,0.4667,1.0000,4.0000,flat,0.1921,0.3625,1.3029,1.8003,0.9615,0.0000,0.0000,1,0.0000,0.0000,0.2224,3,1,105427.6016,50038
42,244,Paris,generalize,MAPPO,3600,12,70,43,0.6143,0.9571,0.0429,1163.7441,193.9574,0.5654,1.0000,461.1111,799.5385,2107.6265,0.9142,178.6899,152.2768,1888.2560,787.8303,613.2143,51101.1914,1,0,0.0000,0.0000,0.0000,0.0000,0,0.6418,0.3582,1.0012,4.0000,flat,0.2896,0.5547,1.2528,1.4962,0.9571,0.0000,39.5858,2,0.0003,0.0014,0.2280,5,1,90627.9453,42925
42,245,Paris,generalize,FaithfulMAPPER,3600,12,65,26,0.4000,0.7231,0.2769,1421.8077,203.1154,0.6564,1.0000,633.4400,891.9062,3030.7717,0.9569,178.9973,141.1136,2513.7012,990.7688,1146.3539,95529.4844,0,0,0.0000,0.0000,0.0000,0.0000,0,0.5532,0.4468,1.0000,4.0000,flat,0.3034,0.5756,1.2031,1.0998,0.7231,0.0000,27.2856,1,0.0000,0.0000,0.1532,3,0,78800.0703,74513
42,246,Paris,generalize,FaithfulMAPPER,3600,12,88,35,0.3977,0.8864,0.1136,1498.8857,187.3607,0.6710,1.0001,605.1765,1038.7949,2604.2961,0.8607,164.4672,133.2710,2166.7229,723.4283,1328.0454,110670.4531,0,0,0.0000,0.0000,0.0000,0.0000,0,0.4487,0.5513,1.0000,4.0000,flat,0.2340,0.4545,1.2247,1.1358,0.8864,0.0000,84.3172,2,0.0008,0.0035,0.1750,4,1,91150.3672,116868
42,247,Paris,generalize,FaithfulMAPPER,3600,12,68,23,0.3382,0.6176,0.3824,1447.1740,241.1957,0.5711,1.0000,608.0000,908.8965,2638.6353,0.8680,181.1401,157.0982,2061.9688,961.6462,1090.9559,90912.9922,0,0,0.0000,0.0000,0.0000,0.0000,0,0.5476,0.4524,1.0000,4.0000,flat,0.2923,0.5719,1.3329,1.1358,0.6176,0.0000,80.2729,2,0.0003,0.0024,0.1424,3,0,60688.6133,74185
42,248,Paris,generalize,FaithfulMAPPER,3600,12,78,26,0.3333,0.7564,0.2436,1545.1923,220.7417,0.6490,1.0001,622.4167,990.7931,2872.7378,0.9231,188.1415,170.7325,2393.2219,924.0136,1263.7307,105310.8984,0,0,0.0000,0.0000,0.0000,0.0000,0,0.4407,0.5593,1.0000,4.0000,flat,0.2436,0.4742,1.2743,1.4704,0.7564,0.0000,47.8691,2,0.0006,0.0027,0.1625,3,0,74691.1875,98571
42,249,Paris,generalize,FaithfulMAPPER,3600,12,70,28,0.4000,0.8000,0.2000,1234.0358,205.6726,0.5341,1.0001,599.9630,727.2812,2704.5227,0.9016,172.7259,148.5882,2131.7048,862.8371,1246.6000,103883.3359,0,0,0.0000,0.0000,0.0000,0.0000,0,0.5000,0.5000,1.0000,4.0000,flat,0.3135,0.5759,1.2662,1.2516,0.8000,0.0000,59.0584,2,0.0008,0.0030,0.1651,3,0,75726.6406,87262
42,250,Paris,generalize,TamAlwaysAccept,3600,12,65,25,0.3846,0.6000,0.4000,1404.8000,234.1333,0.5741,1.0000,659.1600,911.2727,3098.7451,0.9402,178.7301,120.6889,2712.2429,938.4567,1159.4462,96620.5156,0,0,0.0000,0.0000,0.0000,0.0000,0,0.6410,0.3590,1.0000,4.0000,flat,0.2917,0.5590,1.2244,1.0997,0.6000,0.0000,39.4109,1,0.0000,0.0000,0.1401,3,0,77468.6250,75364
42,251,Paris,generalize,TamAlwaysAccept,3600,12,88,32,0.3636,0.7500,0.2500,1505.7188,188.2148,0.6832,1.0000,613.5806,936.0555,2851.5586,0.9295,163.9387,129.1463,2355.8704,761.5311,1460.0682,121672.3516,0,0,0.0000,0.0000,0.0000,0.0000,0,0.4848,0.5152,1.0000,4.0000,flat,0.1595,0.3242,1.2336,1.1575,0.7500,0.0000,43.2689,2,0.0003,0.0024,0.1526,3,1,91249.8750,128486
42,252,Paris,generalize,TamAlwaysAccept,3600,12,68,24,0.3529,0.5882,0.4118,1147.0000,191.1667,0.5663,1.0000,564.2500,777.9688,2385.4380,0.8455,181.1401,157.0982,2087.4185,1117.2157,1165.9117,97159.3125,0,0,0.0000,0.0000,0.0000,0.0000,0,0.6000,0.4000,1.0000,4.0000,flat,0.2639,0.5590,1.3841,1.0767,0.5882,0.0000,87.1624,1,0.0000,0.0000,0.1549,3,0,57250.5156,79282
42,253,Paris,generalize,TamAlwaysAccept,3600,12,78,27,0.3462,0.6667,0.3333,1209.0000,172.7143,0.6256,1.0000,513.5555,827.8286,2662.2815,1.0000,162.7627,136.5908,2358.9392,946.7776,1327.8718,110655.9844,0,0,0.0000,0.0000,0.0000,0.0000,0,0.5192,0.4808,1.0000,4.0000,flat,0.2366,0.4581,1.2619,1.4424,0.6667,0.0000,0.0000,1,0.0000,0.0000,0.1516,3,0,71881.6016,103574
42,254,Paris,generalize,TamAlwaysAccept,3600,12,70,26,0.3714,0.6857,0.3143,1373.1923,196.1703,0.5930,1.0000,605.5600,798.0667,2739.3750,0.9047,173.1843,147.4018,2293.4521,1018.3406,1554.1428,129511.9062,0,0,0.0000,0.0000,0.0000,0.0000,0,0.5417,0.4583,1.0000,4.0000,flat,0.1978,0.4252,1.2464,1.3001,0.6857,0.0000,57.6850,1,0.0000,0.0000,0.1562,3,1,71223.7500,108790
42,255,Paris,generalize,CongestionAware,3600,12,65,26,0.4000,1.0000,0.0000,1254.8846,179.2692,0.6301,1.0001,414.0869,877.2400,1953.9915,0.9438,178.9973,156.1104,2021.4641,805.1591,1534.3539,127862.8203,0,0,0.0000,0.0000,0.0000,0.0000,0,0.4000,0.6000,1.0000,4.0000,flat,0.3435,0.6164,1.1745,0.0000,1.0000,0.0000,23.2887,2,0.0006,0.0032,0.2475,5,0,50803.7773,99733
42,256,Paris,generalize,CongestionAware,3600,12,88,24,0.2727,1.0000,0.0000,1477.5834,246.2639,0.5719,1.0001,501.2857,999.7143,2185.4224,0.8719,165.3490,155.8631,2001.1761,694.2332,1350.1818,112515.1484,0,0,0.0000,0.0000,0.0000,0.0000,0,0.2727,0.7273,1.0000,4.0000,flat,0.4182,0.7820,1.2146,0.0000,1.0000,0.0000,64.2012,2,0.0003,0.0033,0.2494,6,0,52450.1406,118816
42,257,Paris,generalize,CongestionAware,3600,12,68,26,0.3824,1.0000,0.0000,1182.2307,168.8901,0.6236,1.0000,447.1304,888.9615,2046.3231,0.9153,183.5462,166.2685,1521.2836,727.9182,1053.8677,87822.3047,0,0,0.0000,0.0000,0.0000,0.0000,0,0.3824,0.6176,1.0000,4.0000,flat,0.4391,0.7790,1.2576,0.0000,1.0000,0.0000,37.8658,1,0.0000,0.0000,0.2452,5,0,53204.3984,71663
42,258,Paris,generalize,CongestionAware,3600,12,78,35,0.4487,1.0000,0.0000,1139.4857,162.7837,0.5888,1.0001,452.0625,679.3549,2260.4314,1.0000,188.1415,172.0684,1997.0134,789.7314,1100.1282,91677.3516,0,0,0.0000,0.0000,0.0000,0.0000,0,0.4487,0.5513,1.0000,4.0000,flat,0.2733,0.4944,1.3220,0.0000,1.0000,0.0000,0.0000,2,0.0006,0.0027,0.3095,5,1,79115.0938,85810
42,259,Paris,generalize,CongestionAware,3600,12,70,36,0.5143,1.0000,0.0000,959.7500,137.1071,0.6209,1.0001,360.9355,733.3226,1862.5969,1.0000,179.1641,152.4715,1833.5530,791.7366,1025.1714,85430.9531,0,0,0.0000,0.0000,0.0000,0.0000,0,0.5143,0.4857,1.0000,4.0000,flat,0.3774,0.7558,1.2633,0.0000,1.0000,0.0000,0.0000,2,0.0008,0.0043,0.2662,9,0,67053.4922,71762
42,260,Paris,generalize,TrafficFlow,3600,12,65,30,0.4615,1.0000,0.0000,1223.3000,174.7572,0.6275,1.0000,424.6400,927.2500,2332.4409,1.0000,178.9973,156.1104,2021.4641,805.1591,1082.9846,90248.7188,0,0,0.0000,0.0000,0.0000,0.0000,0,0.4615,0.5385,1.0000,4.0000,flat,0.2634,0.4969,1.1745,0.0000,1.0000,0.0000,0.0000,2,0.0003,0.0014,0.2403,6,1,69973.2266,70394
42,261,Paris,generalize,TrafficFlow,3600,12,88,28,0.3182,1.0000,0.0000,1246.6786,178.0969,0.6491,1.0000,433.2592,879.1935,2477.0571,1.0000,165.3490,155.8631,2001.1761,694.2332,1022.0909,85174.2422,0,0,0.0000,0.0000,0.0000,0.0000,0,0.3182,0.6818,1.0000,4.0000,flat,0.3154,0.5756,1.2146,0.0000,1.0000,0.0000,0.0000,2,0.0003,0.0024,0.2742,5,0,69357.6016,89944
42,262,Paris,generalize,TrafficFlow,3600,12,68,33,0.4853,1.0000,0.0000,1197.6061,171.0866,0.6533,1.0002,495.8400,710.6800,2158.1108,0.8705,183.5462,166.2685,1521.2836,727.9182,1085.5146,90459.5625,0,0,0.0000,0.0000,0.0000,0.0000,0,0.4853,0.5147,1.0000,4.0000,flat,0.2724,0.5218,1.2576,0.0000,1.0000,0.0000,64.2178,2,0.0014,0.0053,0.2465,6,1,71217.6562,73815
42,263,Paris,generalize,TrafficFlow,3600,12,78,35,0.4487,1.0000,0.0000,1244.0286,177.7184,0.6008,1.0000,411.6000,840.2593,2159.9717,1.0000,188.1415,172.0684,1997.0134,789.7314,938.9615,78246.7969,0,0,0.0000,0.0000,0.0000,0.0000,0,0.4487,0.5513,1.0000,4.0000,flat,0.2667,0.4714,1.3220,0.0000,1.0000,0.0000,0.0000,1,0.0000,0.0000,0.2827,5,1,75599.0078,73239
42,264,Paris,generalize,TrafficFlow,3600,12,70,29,0.4143,1.0000,0.0000,1119.9310,186.6552,0.5811,1.0001,467.0385,759.1250,2082.2161,0.8917,179.1641,152.4715,1833.5530,791.7366,1028.3286,85694.0469,0,0,0.0000,0.0000,0.0000,0.0000,0,0.4143,0.5857,1.0000,4.0000,flat,0.3111,0.5824,1.2633,0.0000,1.0000,0.0000,50.5952,2,0.0006,0.0027,0.2304,6,0,60384.2656,71983
42,265,Paris,generalize,TokenPassing,3600,12,65,26,0.4000,1.0000,0.0000,1113.8846,185.6474,0.5553,1.0001,399.9091,791.5600,2200.0925,1.0000,178.9973,156.1104,2021.4641,805.1591,1102.6615,91888.4609,0,0,0.0000,0.0000,0.0000,0.0000,0,0.4000,0.6000,1.0000,4.0000,flat,0.3021,0.5528,1.1745,0.0000,1.0000,0.0000,0.0000,2,0.0006,0.0029,0.2741,6,1,57202.4023,71673
42,266,Paris,generalize,TokenPassing,3600,12,88,30,0.3409,1.0000,0.0000,1283.6000,183.3714,0.5976,1.0001,621.5714,829.6250,2386.1689,0.7678,165.3490,155.8631,2001.1761,694.2332,1029.1818,85765.1484,0,0,0.0000,0.0000,0.0000,0.0000,0,0.3409,0.6591,1.0000,4.0000,flat,0.2304,0.4370,1.2146,0.0000,1.0000,0.0000,144.3376,2,0.0008,0.0043,0.2396,4,1,71585.0703,90568
42,267,Paris,generalize,TokenPassing,3600,12,68,28,0.4118,1.0000,0.0000,1193.7142,198.9524,0.5585,1.0001,369.9091,867.0417,1951.7644,1.0000,183.5462,166.2685,1521.2836,727.9182,1114.0441,92837.0078,0,0,0.0000,0.0000,0.0000,0.0000,0,0.4118,0.5882,1.0000,4.0000,flat,0.3240,0.6000,1.2576,0.0000,1.0000,0.0000,0.0000,2,0.0006,0.0035,0.2654,5,0,54649.4062,75755
42,268,Paris,generalize,TokenPassing,3600,12,78,35,0.4487,1.0000,0.0000,1184.3143,169.1878,0.6040,1.0001,498.0690,722.5926,2054.8201,0.8251,188.1415,172.0684,1997.0134,789.7314,1069.6538,89137.8203,0,0,0.0000,0.0000,0.0000,0.0000,0,0.4487,0.5513,1.0000,4.0000,flat,0.2655,0.4741,1.3220,0.0000,1.0000,0.0000,87.1049,2,0.0008,0.0033,0.2816,5,1,71918.7031,83433
42,269,Paris,generalize,TokenPassing,3600,12,70,26,0.3714,1.0000,0.0000,1093.6154,156.2308,0.6082,1.0001,515.9130,669.3333,2394.8479,0.9284,179.1641,152.4715,1833.5530,791.7366,1077.1143,89759.5234,0,0,0.0000,0.0000,0.0000,0.0000,0,0.3714,0.6286,1.0000,4.0000,flat,0.3667,0.6770,1.2633,0.0000,1.0000,0.0000,36.9435,2,0.0006,0.0037,0.2258,6,0,62266.0430,75398
42,270,London,generalize,MAPPO,3600,15,69,13,0.1884,0.8116,0.1884,1812.6154,226.5769,0.5683,1.0001,770.2727,1344.4000,3216.4905,0.8352,279.9759,250.3135,2386.8877,1098.8215,1404.7537,93650.2422,0,0,0.0000,0.0000,0.0000,0.0000,0,0.2321,0.7679,1.0000,8.0000,flat,0.5170,0.9917,1.3554,1.2377,0.8116,0.0000,126.9746,2,0.0014,0.0038,0.1523,2,0,41814.3750,96928
42,271,London,generalize,MAPPO,3600,15,68,33,0.4853,0.8824,0.1176,1326.7273,189.5325,0.5064,1.0000,538.8571,896.7647,2803.3049,1.0000,271.6993,217.0087,2202.7847,943.3395,1132.8677,75524.5078,0,0,0.0000,0.0000,0.0000,0.0000,0,0.5500,0.4500,1.0000,8.0000,flat,0.3614,0.6912,1.2236,1.3168,0.8824,0.0000,0.0000,1,0.0000,0.0000,0.1972,4,0,92509.0625,77035
42,272,London,generalize,MAPPO,3600,15,55,27,0.4909,0.9091,0.0909,1595.4814,227.9259,0.4736,1.0000,826.5000,902.3214,3589.1157,0.8685,254.1977,230.2373,2552.5735,1041.0951,844.3818,56292.1211,0,0,0.0000,0.0000,0.0000,0.0000,0,0.5400,0.4600,1.0000,8.0000,flat,0.2500,0.5493,1.3006,1.2473,0.9091,0.0000,108.6769,1,0.0000,0.0000,0.1585,3,0,96906.1250,46441
42,273,London,generalize,MAPPO,3600,15,48,30,0.6250,0.8958,0.1042,1663.3667,277.2278,0.4472,1.0000,778.3704,937.2593,3193.3652,0.8205,260.7064,227.6611,2285.9355,1211.2859,782.1250,52141.6680,0,0,0.0000,0.0000,0.0000,0.0000,0,0.6977,0.3023,1.0000,8.0000,flat,0.2796,0.5380,1.2394,1.3093,0.8958,0.0000,139.6973,1,0.0000,0.0000,0.1632,3,0,95800.9609,37542
42,274,London,generalize,MAPPO,3600,15,56,31,0.5536,0.9643,0.0357,1493.8387,248.9731,0.4409,1.0000,572.7931,972.1000,2537.9951,0.8862,251.6367,229.9954,2022.7878,938.0995,800.9286,53395.2383,0,0,0.0000,0.0000,0.0000,0.0000,0,0.5741,0.4259,1.0000,8.0000,flat,0.3451,0.6468,1.1534,1.0893,0.9643,0.0000,65.1941,1,0.0000,0.0000,0.1740,3,0,78677.8438,44852
42,275,London,generalize,FaithfulMAPPER,3600,15,69,29,0.4203,0.7101,0.2899,1481.8621,185.2328,0.5862,1.0000,788.6786,877.5625,3474.6626,0.8811,274.0195,246.6862,2584.9177,1269.7651,1335.7246,89048.3125,0,0,0.0000,0.0000,0.0000,0.0000,0,0.5918,0.4082,1.0000,8.0000,flat,0.2702,0.5912,1.3577,1.2733,0.7101,0.0000,93.7461,1,0.0000,0.0000,0.1316,3,0,100765.2188,92165
42,276,London,generalize,FaithfulMAPPER,3600,15,68,26,0.3824,0.7647,0.2353,1408.9231,176.1154,0.5923,1.0000,644.4231,960.8485,2739.0713,0.8501,263.5312,213.4944,2428.1685,1025.8142,1500.0735,100004.8984,0,0,0.0000,0.0000,0.0000,0.0000,0,0.5000,0.5000,1.0000,8.0000,flat,0.4080,0.8374,1.2752,1.1027,0.7647,0.0000,96.6088,2,0.0003,0.0014,0.1311,4,0,71215.8594,102005
42,277,London,generalize,FaithfulMAPPER,3600,15,55,27,0.4909,0.7455,0.2545,1625.4073,232.2010,0.5129,1.0000,813.3704,939.2903,3720.5952,0.9149,240.2957,213.6999,2938.3191,1170.1993,1559.9091,103993.9375,0,0,0.0000,0.0000,0.0000,0.0000,0,0.6585,0.3415,1.0000,8.0000,flat,0.2207,0.4742,1.3521,1.1308,0.7455,0.0000,69.2513,1,0.0000,0.0000,0.1270,2,0,100456.0703,85795
42,278,London,generalize,FaithfulMAPPER,3600,15,48,24,0.5000,0.7708,0.2292,1456.5834,208.0833,0.5114,1.0000,702.1250,914.2759,2985.7559,0.8505,251.3545,222.6572,2523.9346,1325.8145,1248.6250,83241.6641,0,0,0.0000,0.0000,0.0000,0.0000,0,0.6486,0.3514,1.0000,8.0000,flat,0.2689,0.5465,1.2554,1.2172,0.7708,0.0000,104.9738,1,0.0000,0.0000,0.1337,2,0,71658.1406,59934
42,279,London,generalize,FaithfulMAPPER,3600,15,56,21,0.3750,0.8214,0.1786,1616.2858,230.8980,0.5169,1.0000,666.2857,987.7857,2880.9766,0.8648,251.6367,228.8465,2214.2205,1107.6143,1453.5892,96905.9531,0,0,0.0000,0.0000,0.0000,0.0000,0,0.4565,0.5435,1.0000,8.0000,flat,0.1304,0.3873,1.1604,1.1082,0.8214,0.0000,90.0904,1,0.0000,0.0000,0.1319,1,0,60500.5078,81401
42,280,London,generalize,TamAlwaysAccept,3600,15,69,22,0.3188,0.6377,0.3623,1336.0454,167.0057,0.5866,1.0000,731.2727,827.3549,3289.6948,0.8997,271.8500,238.7937,2675.1401,1309.2799,1335.2898,89019.3203,0,0,0.0000,0.0000,0.0000,0.0000,0,0.5000,0.5000,1.0000,8.0000,flat,0.2688,0.5750,1.2853,1.4175,0.6377,0.0000,73.3337,1,0.0000,0.0000,0.1201,2,0,72373.2812,92135
42,281,London,generalize,TamAlwaysAccept,3600,15,68,21,0.3088,0.6324,0.3676,1455.9048,181.9881,0.5754,1.0000,580.3810,1009.5455,2449.8738,0.8442,263.5312,202.5147,2634.5154,1063.7466,1556.0294,103735.2969,0,0,0.0000,0.0000,0.0000,0.0000,0,0.4884,0.5116,1.0000,8.0000,flat,0.3810,0.7854,1.2293,1.2437,0.6324,0.0000,90.4062,1,0.0000,0.0000,0.1228,3,0,51447.3477,105810
42,282,London,generalize,TamAlwaysAccept,3600,15,55,19,0.3455,0.6545,0.3455,1635.3158,204.4145,0.5680,1.0000,856.3684,1065.7667,3584.5569,0.8372,238.2367,212.0526,3078.6914,1331.3358,1783.0546,118870.3047,0,0,0.0000,0.0000,0.0000,0.0000,0,0.5278,0.4722,1.0000,8.0000,flat,0.4027,0.8487,1.3422,1.2078,0.6545,0.0000,139.4570,1,0.0000,0.0000,0.1125,3,0,68106.5781,98068
42,283,London,generalize,TamAlwaysAccept,3600,15,48,22,0.4583,0.6875,0.3125,1603.5909,267.2652,0.4088,1.0000,703.4091,1001.7308,3060.0417,0.8701,244.3288,217.4597,2639.7485,1406.2346,1522.0416,101469.4453,0,0,0.0000,0.0000,0.0000,0.0000,0,0.6667,0.3333,1.0000,8.0000,flat,0.2975,0.6030,1.1997,1.3500,0.6875,0.0000,91.4008,1,0.0000,0.0000,0.1176,2,0,67320.9219,73058
42,284,London,generalize,TamAlwaysAccept,3600,15,56,23,0.4107,0.8036,0.1964,1297.0435,185.2919,0.5041,1.0000,621.9130,759.4138,2695.7761,0.8669,240.2434,214.2935,2171.0879,1124.9728,1482.4108,98827.3828,0,0,0.0000,0.0000,0.0000,0.0000,0,0.5111,0.4889,1.0000,8.0000,flat,0.3554,0.7223,1.1620,1.1065,0.8036,0.0000,82.7578,1,0.0000,0.0000,0.1321,3,0,62002.8477,83015
42,285,London,generalize,CongestionAware,3600,15,69,36,0.5217,1.0000,0.0000,1030.9445,128.8681,0.5995,1.0000,486.4000,619.7143,2575.6248,1.0000,279.9759,259.3763,2110.2788,1016.4895,3020.5942,201372.9375,0,0,0.0000,0.0000,0.0000,0.0000,0,0.5217,0.4783,1.0000,8.0000,flat,0.2581,0.4806,1.3332,0.0000,1.0000,0.0000,0.0000,2,0.0003,0.0014,0.2358,5,1,92722.4922,208421
42,286,London,generalize,CongestionAware,3600,15,68,20,0.2941,1.0000,0.0000,1267.1000,181.0143,0.5174,1.0000,381.0555,980.5417,2006.5789,1.0000,275.5335,244.6089,2022.1736,882.3671,2495.7058,166380.3906,0,0,0.0000,0.0000,0.0000,0.0000,0,0.2941,0.7059,1.0000,8.0000,flat,0.3917,0.7071,1.2346,0.0000,1.0000,0.0000,0.0000,1,0.0000,0.0000,0.2140,4,0,40131.5781,169708
42,287,London,generalize,CongestionAware,3600,15,55,33,0.6000,1.0000,0.0000,1284.3636,160.5455,0.5759,1.0001,565.7333,766.9231,2844.4980,1.0000,263.9706,233.6642,2397.9788,976.4850,2471.8545,164790.2969,0,0,0.0000,0.0000,0.0000,0.0000,0,0.6000,0.4000,1.0000,8.0000,flat,0.2165,0.4801,1.2958,0.0000,1.0000,0.0000,0.0000,2,0.0008,0.0024,0.2211,5,1,93868.4375,135952
42,288,London,generalize,CongestionAware,3600,15,48,29,0.6042,1.0000,0.0000,1459.7587,182.4698,0.5461,1.0000,606.1667,836.1000,2846.2300,0.9391,262.7680,232.5924,2119.1355,1133.1448,2585.4792,172365.2812,0,0,0.0000,0.0000,0.0000,0.0000,0,0.6042,0.3958,1.0000,8.0000,flat,0.1967,0.3644,1.2467,0.0000,1.0000,0.0000,36.9207,1,0.0000,0.0000,0.2032,3,1,82540.6719,124103
42,289,London,generalize,CongestionAware,3600,15,56,31,0.5536,1.0000,0.0000,1412.0968,176.5121,0.5433,1.0000,497.4000,861.9630,2393.8855,0.9626,253.1497,232.0269,1972.8394,904.8091,2894.8750,192991.6562,0,0,0.0000,0.0000,0.0000,0.0000,0,0.5536,0.4464,1.0000,8.0000,flat,0.4121,0.8315,1.1511,0.0000,1.0000,0.0000,18.6229,1,0.0000,0.0000,0.2532,7,0,74210.4453,162113
42,290,London,generalize,TrafficFlow,3600,15,69,33,0.4783,1.0000,0.0000,1423.9697,177.9962,0.5960,1.0000,512.7879,914.0400,2565.5391,1.0000,279.9759,259.3763,2110.2788,1016.4895,3292.0291,219468.5938,0,0,0.0000,0.0000,0.0000,0.0000,0,0.4783,0.5217,1.0000,8.0000,flat,0.2967,0.5699,1.3332,0.0000,1.0000,0.0000,0.0000,2,0.0003,0.0013,0.2411,5,1,84662.7891,227150
42,291,London,generalize,TrafficFlow,3600,15,68,25,0.3676,1.0000,0.0000,1282.8000,160.3500,0.5997,1.0000,512.3913,874.5000,2322.9707,0.9067,275.5335,244.6089,2022.1736,882.3671,2629.2207,175281.3750,0,0,0.0000,0.0000,0.0000,0.0000,0,0.3676,0.6324,1.0000,8.0000,flat,0.3659,0.6888,1.2346,0.0000,1.0000,0.0000,47.7971,2,0.0006,0.0018,0.2192,5,0,58074.2656,178787
42,292,London,generalize,TrafficFlow,3600,15,55,21,0.3818,1.0000,0.0000,1587.1428,226.7347,0.4877,1.0000,569.2105,792.6842,3312.7637,1.0000,263.9706,233.6642,2397.9788,976.4850,2521.9636,168130.9062,0,0,0.0000,0.0000,0.0000,0.0000,0,0.3818,0.6182,1.0000,8.0000,flat,0.3254,0.6093,1.2958,0.0000,1.0000,0.0000,0.0000,1,0.0000,0.0000,0.2348,4,0,69568.0391,138708
42,293,London,generalize,TrafficFlow,3600,15,48,28,0.5833,1.0000,0.0000,1248.7858,156.0982,0.5376,1.0000,600.5600,700.6400,3117.1716,1.0000,262.7680,232.5924,2119.1355,1133.1448,2378.8125,158587.5000,0,0,0.0000,0.0000,0.0000,0.0000,0,0.5833,0.4167,1.0000,8.0000,flat,0.2167,0.4138,1.2467,0.0000,1.0000,0.0000,0.0000,2,0.0006,0.0018,0.2092,4,1,87280.8047,114183
42,294,London,generalize,TrafficFlow,3600,15,56,35,0.6250,1.0000,0.0000,1353.0000,169.1250,0.5946,1.0000,534.1071,846.3600,2374.1301,0.8890,253.1497,232.0269,1972.8394,904.8091,2296.1965,153079.7656,0,0,0.0000,0.0000,0.0000,0.0000,0,0.6250,0.3750,1.0000,8.0000,flat,0.3681,0.7017,1.1511,0.0000,1.0000,0.0000,59.2811,2,0.0003,0.0012,0.2254,6,0,83094.5625,128587
42,295,London,generalize,TokenPassing,3600,15,69,31,0.4493,1.0000,0.0000,1313.0968,145.8996,0.6096,1.0000,415.5000,1060.5000,2486.7004,1.0000,279.9759,259.3763,2110.2788,1016.4895,2917.0725,194471.5000,0,0,0.0000,0.0000,0.0000,0.0000,0,0.4493,0.5507,1.0000,8.0000,flat,0.2500,0.4578,1.3332,0.0000,1.0000,0.0000,0.0000,2,0.0006,0.0019,0.2486,4,1,77087.7109,201278
42,296,London,generalize,TokenPassing,3600,15,68,25,0.3676,1.0000,0.0000,1192.2800,132.4756,0.6025,1.0001,398.3478,988.7407,2284.5596,1.0000,275.5335,244.6089,2022.1736,882.3671,2473.9119,164927.4531,0,0,0.0000,0.0000,0.0000,0.0000,0,0.3676,0.6324,1.0000,8.0000,flat,0.2846,0.5181,1.2346,0.0000,1.0000,0.0000,0.0000,2,0.0006,0.0022,0.2259,4,0,57113.9922,168226
42,297,London,generalize,TokenPassing,3600,15,55,27,0.4909,1.0000,0.0000,1526.5927,190.8241,0.5405,1.0000,485.0000,1032.1428,2764.5706,1.0000,263.9706,233.6642,2397.9788,976.4850,2353.7637,156917.5781,0,0,0.0000,0.0000,0.0000,0.0000,0,0.4909,0.5091,1.0000,8.0000,flat,0.2500,0.4578,1.2958,0.0000,1.0000,0.0000,0.0000,2,0.0003,0.0014,0.2436,4,1,74643.4062,129457
42,298,London,generalize,TokenPassing,3600,15,48,24,0.5000,1.0000,0.0000,1319.1666,188.4524,0.4684,1.0000,657.2857,755.0000,3065.2375,0.9327,262.7680,232.5924,2119.1355,1133.1448,2509.8542,167323.6094,0,0,0.0000,0.0000,0.0000,0.0000,0,0.5000,0.5000,1.0000,8.0000,flat,0.2818,0.5148,1.2467,0.0000,1.0000,0.0000,44.2382,2,0.0003,0.0014,0.2164,3,0,73565.7031,120473
42,299,London,generalize,TokenPassing,3600,15,56,25,0.4464,1.0000,0.0000,1445.2400,206.4629,0.4951,1.0001,517.0476,892.6818,2604.3459,1.0000,253.1497,232.0269,1972.8394,904.8091,2810.6965,187379.7656,0,0,0.0000,0.0000,0.0000,0.0000,0,0.4464,0.5536,1.0000,8.0000,flat,0.3712,0.7329,1.1511,0.0000,1.0000,0.0000,0.0000,2,0.0006,0.0021,0.2332,5,0,65108.6445,157399
