seed,global_episode,city,phase,policy_mode,total_steps,n_agents_max,tasks_appeared,tasks_completed,throughput_rate,accept_rate,refuse_rate,latency_mean,latency_per_agent,agent_utilisation,mean_congestion,mean_trip_steps,mean_wait_steps,mean_road_pd_m,delivery_route_efficiency,bbox_area_km2,convex_hull_km2,mean_pd_hav_m,mean_nn_pickup_m,compute_time_per_task_ms,compute_time_per_decision_us,pairing_violations,capacity_violations,actor_loss,critic_loss,entropy,adv_std,n_experiences,completion_per_accepted,unfinished_accept_rate,mean_congestion_at_decision,n_ghost_active_mean,congestion_profile,agent_completed_gini,agent_completed_std,mean_imp_accepted,mean_imp_refused,accept_rate_high_cong,accept_rate_low_cong,mean_extra_steps_per_task,peak_congestion,mean_overlap_edges,congestion_variance,route_congestion_exposure,max_agent_completed,min_agent_completed,total_fleet_distance_m,wallclock_ms
42,0,Tokyo_Small,eval_slack,MAPPO,3600,8,130,46,0.3538,0.8846,0.1154,733.3696,183.3424,0.5225,1.0001,237.7632,581.2571,1065.4784,0.8963,29.6079,25.7356,899.4297,240.7934,243.2615,30407.6914,0,0,0.0000,0.0000,0.0000,0.0000,0,0.4000,0.6000,1.0000,2.0000,flat,0.4474,0.7930,1.2279,1.3190,0.8846,0.0000,24.6675,2,0.0011,0.0044,0.3977,11,0,49012.0078,31624
42,1,Tokyo_Small,eval_slack,MAPPO,3600,8,135,70,0.5185,0.9778,0.0222,867.5571,289.1857,0.4463,1.0004,253.9483,571.3922,1068.7285,0.8417,29.3572,26.9962,783.7651,194.0712,71.6667,8958.3330,1,0,0.0000,0.0000,0.0000,0.0000,0,0.5303,0.4697,1.0000,2.0000,flat,0.4914,0.9323,1.2603,1.0218,0.9778,0.0000,40.2026,2,0.0025,0.0081,0.3936,14,1,74810.9922,9675
42,2,Tokyo_Small,eval_slack,MAPPO,3600,8,129,63,0.4884,0.9380,0.0620,750.0793,250.0264,0.4360,1.0002,254.3158,492.2857,1045.8594,0.8225,29.2780,27.4186,851.8154,214.7928,73.8605,9232.5586,0,0,0.0000,0.0000,0.0000,0.0000,0,0.5207,0.4793,1.0000,2.0000,flat,0.2444,0.4398,1.2274,1.2479,0.9380,0.0000,45.1439,2,0.0022,0.0051,0.4524,9,2,65889.1406,9528
42,3,Tokyo_Small,eval_normal,MAPPO,3600,8,128,77,0.6016,0.9453,0.0547,668.7013,167.1753,0.5412,1.0003,225.5072,408.9474,1053.0377,0.9339,29.4472,27.2729,832.7620,221.4324,53.4609,6682.6172,0,0,0.0000,0.0000,0.0000,0.0000,0,0.6364,0.3636,1.0010,2.0000,flat,0.3672,0.6510,1.2651,1.5908,0.9453,0.0000,14.8997,2,0.0022,0.0073,0.3906,12,1,81083.9062,6843
42,4,Tokyo_Small,eval_normal,MAPPO,3600,8,133,56,0.4211,0.9549,0.0451,716.4643,238.8214,0.4279,1.0002,211.3600,494.8085,999.1216,0.9454,29.4464,26.1442,836.6882,250.6241,103.7970,12974.6240,0,0,0.0000,0.0000,0.0000,0.0000,0,0.4409,0.5591,1.0000,2.0000,flat,0.4304,0.8199,1.1940,1.3264,0.9549,0.0000,11.5357,2,0.0014,0.0057,0.4370,12,1,55950.8086,13805
42,5,Tokyo_Small,eval_normal,MAPPO,3600,8,135,65,0.4815,0.9481,0.0519,743.8770,247.9590,0.4187,1.0002,231.4407,455.5172,1206.1729,1.0000,29.6133,27.5815,946.0317,195.6834,188.7926,23599.0742,0,0,0.0000,0.0000,0.0000,0.0000,0,0.5078,0.4922,1.0000,2.0000,flat,0.3548,0.6778,1.2118,1.1547,0.9481,0.0000,0.0000,2,0.0011,0.0050,0.4028,15,1,78401.2344,25487
42,6,Tokyo_Small,eval_stress_light,MAPPO,3600,8,135,70,0.5185,0.9185,0.0815,789.9286,789.9286,0.1680,1.0008,243.4915,485.3000,1112.3699,0.9137,29.5257,26.8325,894.5370,204.1227,99.8519,12481.4814,0,0,0.0000,0.0000,0.0000,0.0000,0,0.5645,0.4355,1.0019,2.0000,flat,0.5466,1.0713,1.2120,1.3285,0.9185,0.0000,21.0176,2,0.0061,0.0109,0.4464,17,0,77865.8984,13480
42,7,Tokyo_Small,eval_stress_light,MAPPO,3600,8,132,54,0.4091,0.9242,0.0758,723.2963,361.6482,0.3736,1.0000,216.5870,611.9756,1094.9362,1.0000,29.6340,26.6020,797.6967,204.5704,347.0530,43381.6289,0,0,0.0000,0.0000,0.0000,0.0000,0,0.4426,0.5574,1.0000,2.0000,flat,0.3000,0.5375,1.1852,1.2961,0.9242,0.0000,0.0000,1,0.0000,0.0000,0.3860,9,1,59126.5508,45811
42,8,Tokyo_Small,eval_stress_light,MAPPO,3600,8,136,61,0.4485,0.9191,0.0809,779.1967,389.5984,0.2525,1.0002,238.3571,508.8723,1110.7892,0.9320,29.1774,26.8544,840.2106,200.5752,132.8382,16604.7793,0,0,0.0000,0.0000,0.0000,0.0000,0,0.4880,0.5120,1.0011,2.0000,flat,0.3244,0.5886,1.2986,1.2069,0.9191,0.0000,16.1993,2,0.0014,0.0058,0.4605,10,1,67758.1406,18066
42,9,Tokyo_Small,eval_stress_heavy,MAPPO,3600,8,114,60,0.5263,0.9123,0.0877,693.6166,346.8083,0.3551,1.0001,219.5490,467.3111,1031.3237,0.9395,29.0685,25.4324,813.4594,226.7247,67.4035,8425.4385,0,0,0.0000,0.0000,0.0000,0.0000,0,0.5769,0.4231,1.0000,2.0000,flat,0.4059,0.7360,1.2206,1.3393,0.9123,0.0000,13.2843,2,0.0006,0.0027,0.4304,11,1,61879.4219,7684
42,10,Tokyo_Small,eval_stress_heavy,MAPPO,3600,8,138,53,0.3841,0.9130,0.0870,616.4717,616.4717,0.2241,1.0002,200.3261,428.1219,922.4400,0.9209,29.1327,26.7621,749.9028,211.9394,181.8116,22726.4492,0,0,0.0000,0.0000,0.0000,0.0000,0,0.4206,0.5794,1.0000,2.0000,flat,0.4091,0.7551,1.2312,1.2597,0.9130,0.0000,15.8381,2,0.0008,0.0053,0.4778,9,1,48889.3203,25090
42,11,Tokyo_Small,eval_stress_heavy,MAPPO,3600,8,150,88,0.5867,0.9600,0.0400,759.0568,253.0189,0.3977,1.0000,259.6494,506.4516,1188.9369,0.9158,29.3986,27.3572,901.2241,204.7189,126.4733,15809.1670,0,0,0.0000,0.0000,0.0000,0.0000,0,0.6111,0.3889,1.0000,2.0000,flat,0.2576,0.4803,1.2744,1.1591,0.9600,0.0000,21.8620,1,0.0000,0.0000,0.4717,14,3,104626.4453,18971
42,12,Tokyo_Small,eval_slack,FaithfulMAPPER,3600,8,130,63,0.4846,0.8154,0.1846,679.7460,169.9365,0.6214,1.0002,273.4828,418.1698,1163.4164,0.8508,29.3044,25.5336,946.6683,244.2576,36.5692,4571.1538,0,0,0.0000,0.0000,0.0000,0.0000,0,0.5943,0.4057,1.0000,2.0000,flat,0.2227,0.4494,1.2344,1.2564,0.8154,0.0000,40.7995,2,0.0014,0.0043,0.3748,10,3,73295.2344,4754
42,13,Tokyo_Small,eval_slack,FaithfulMAPPER,3600,8,135,79,0.5852,0.8296,0.1704,717.6962,143.5392,0.6567,1.0002,246.0441,489.8065,1173.8824,0.9542,29.1901,26.2052,882.2200,219.5200,32.6519,4081.4814,0,0,0.0000,0.0000,0.0000,0.0000,0,0.7054,0.2946,1.0000,2.0000,flat,0.2289,0.4109,1.2339,1.3579,0.8296,0.0000,11.2676,2,0.0019,0.0049,0.4107,11,3,92736.7188,4408
42,14,Tokyo_Small,eval_slack,FaithfulMAPPER,3600,8,129,54,0.4186,0.7907,0.2093,841.4259,168.2852,0.6861,1.0002,283.8000,560.6470,1354.2518,0.9544,29.2185,26.8781,940.4290,243.9718,64.2946,8036.8218,0,0,0.0000,0.0000,0.0000,0.0000,0,0.5294,0.4706,1.0000,2.0000,flat,0.2133,0.3899,1.2330,1.2123,0.7907,0.0000,12.9496,2,0.0017,0.0040,0.3552,7,2,73129.6016,8294
42,15,Tokyo_Small,eval_normal,FaithfulMAPPER,3600,8,128,63,0.4922,0.8828,0.1172,728.3651,182.0913,0.5362,1.0003,269.8793,454.0189,1029.9724,0.7633,29.4472,27.2729,911.0754,243.6466,104.4297,13053.7109,0,0,0.0000,0.0000,0.0000,0.0000,0,0.5575,0.4425,1.0023,2.0000,flat,0.3348,0.6264,1.2405,1.6019,0.8828,0.0000,63.8848,2,0.0028,0.0064,0.3761,11,1,64888.2617,13367
42,16,Tokyo_Small,eval_normal,FaithfulMAPPER,3600,8,133,76,0.5714,0.9098,0.0902,708.3553,177.0888,0.5971,1.0001,198.2424,486.0172,1001.6689,1.0000,29.4464,26.1418,869.1779,257.8134,114.8647,14358.0830,0,0,0.0000,0.0000,0.0000,0.0000,0,0.6281,0.3719,1.0000,2.0000,flat,0.3258,0.6098,1.1950,1.2503,0.9098,0.0000,0.0000,2,0.0008,0.0043,0.4253,13,2,76126.8359,15277
42,17,Tokyo_Small,eval_normal,FaithfulMAPPER,3600,8,135,68,0.5037,0.8593,0.1407,752.8530,188.2132,0.5970,1.0002,256.9333,503.6731,1253.0939,0.9754,29.6133,27.5815,1010.5671,212.5195,47.9556,5994.4443,0,0,0.0000,0.0000,0.0000,0.0000,0,0.5862,0.4138,1.0000,2.0000,flat,0.3103,0.5656,1.2026,1.2467,0.8593,0.0000,6.3145,2,0.0014,0.0055,0.3686,10,2,85210.3828,6474
42,18,Tokyo_Small,eval_stress_light,FaithfulMAPPER,3600,8,135,60,0.4444,0.8296,0.1704,724.6000,362.3000,0.3677,1.0001,225.0370,499.6200,1105.0190,0.9821,29.5257,26.7875,958.1217,218.6612,100.2000,12525.0000,0,0,0.0000,0.0000,0.0000,0.0000,0,0.5357,0.4643,1.0000,2.0000,flat,0.3601,0.7187,1.2271,1.1942,0.8296,0.0000,4.0332,2,0.0006,0.0035,0.4217,11,1,66301.1484,13527
42,19,Tokyo_Small,eval_stress_light,FaithfulMAPPER,3600,8,132,65,0.4924,0.8712,0.1288,651.9077,217.3026,0.4336,1.0002,235.3214,430.6000,1033.7382,0.8786,29.7585,26.7277,831.6221,223.4100,66.5076,8313.4473,0,0,0.0000,0.0000,0.0000,0.0000,0,0.5652,0.4348,1.0000,2.0000,flat,0.3056,0.6928,1.2069,1.1036,0.8712,0.0000,28.5738,2,0.0022,0.0053,0.4189,13,3,67192.9766,8779
42,20,Tokyo_Small,eval_stress_light,FaithfulMAPPER,3600,8,136,66,0.4853,0.8382,0.1618,671.8485,223.9495,0.4487,1.0001,242.7241,441.6429,1207.1301,0.9947,28.8748,26.4666,905.1484,208.8358,42.7279,5340.9927,0,0,0.0000,0.0000,0.0000,0.0000,0,0.5789,0.4211,1.0000,2.0000,flat,0.2222,0.4000,1.2948,1.2724,0.8382,0.0000,1.2981,2,0.0006,0.0029,0.4219,9,2,79670.5859,5811
42,21,Tokyo_Small,eval_stress_heavy,FaithfulMAPPER,3600,8,114,52,0.4561,0.8070,0.1930,710.3654,355.1827,0.2515,1.0000,253.4130,461.9348,1162.2170,0.9173,29.0685,25.0424,896.8345,266.4821,39.3860,4923.2456,0,0,0.0000,0.0000,0.0000,0.0000,0,0.5652,0.4348,1.0000,2.0000,flat,0.4058,0.7366,1.2078,1.3281,0.8070,0.0000,20.9696,1,0.0000,0.0000,0.3654,10,0,60435.2852,4490
42,22,Tokyo_Small,eval_stress_heavy,FaithfulMAPPER,3600,8,138,61,0.4420,0.7899,0.2101,603.1967,201.0656,0.3919,1.0001,243.2105,369.4630,1033.8065,0.8501,29.0899,26.5374,829.0134,234.2287,34.9565,4369.5654,0,0,0.0000,0.0000,0.0000,0.0000,0,0.5596,0.4404,1.0000,2.0000,flat,0.2222,0.4006,1.2025,1.3510,0.7899,0.0000,36.4492,2,0.0006,0.0039,0.4140,8,2,63062.1992,4824
42,23,Tokyo_Small,eval_stress_heavy,FaithfulMAPPER,3600,8,150,57,0.3800,0.8333,0.1667,864.5789,432.2895,0.3373,1.0002,268.2115,599.6458,1374.9403,1.0000,29.3986,27.3572,999.1466,234.7289,225.8133,28226.6660,0,0,0.0000,0.0000,0.0000,0.0000,0,0.4560,0.5440,1.0000,2.0000,flat,0.3090,0.5590,1.2730,1.2535,0.8333,0.0000,0.0000,2,0.0014,0.0041,0.4110,9,1,78371.6016,33872
42,24,Tokyo_Small,eval_slack,Hybrid,3600,8,130,56,0.4308,0.7923,0.2077,668.0357,133.6071,0.6696,1.0001,273.4151,406.7843,1189.3761,0.8700,29.3044,25.5336,952.2317,257.1179,47.4231,5927.8848,0,0,0.0948,0.0000,0.0000,0.0000,219,0.5437,0.4563,1.0000,2.0000,flat,0.2133,0.4020,1.2420,1.2249,0.7923,0.0000,35.5399,2,0.0011,0.0037,0.4078,8,2,66605.0625,6165
42,25,Tokyo_Small,eval_slack,Hybrid,3600,8,135,64,0.4741,0.7259,0.2741,858.7812,171.7563,0.7257,1.0002,288.3750,529.7692,1303.0767,0.9037,29.3013,26.4594,962.7557,260.5941,40.5259,5065.7407,0,0,0.0195,0.0000,0.0000,1.0000,203,0.6531,0.3469,1.0000,2.0000,flat,0.2184,0.3947,1.2122,1.3686,0.7259,0.0000,27.7597,2,0.0014,0.0041,0.3484,8,2,83396.9062,5471
42,26,Tokyo_Small,eval_slack,Hybrid,3600,8,129,53,0.4109,0.7442,0.2558,757.7736,151.5547,0.6484,1.0003,290.9388,441.4082,1282.2408,0.8815,29.2780,27.3966,999.2175,263.9661,61.1008,7637.5967,0,0,0.0739,0.0000,0.0000,1.0000,198,0.5521,0.4479,1.0000,2.0000,flat,0.2262,0.4056,1.2392,1.1979,0.7442,0.0000,34.4906,2,0.0025,0.0069,0.3652,7,1,67958.7656,7882
42,27,Tokyo_Small,eval_normal,Hybrid,3600,8,128,52,0.4062,0.7422,0.2578,947.5000,189.5000,0.6312,1.0001,313.0000,574.1739,1331.1824,0.8506,29.3557,26.7404,1017.9866,284.6408,55.8047,6975.5859,0,0,0.0624,0.0000,0.0000,1.0000,186,0.5474,0.4526,1.0000,2.0000,flat,0.2039,0.3679,1.2439,1.3950,0.7422,0.0000,46.7635,2,0.0008,0.0035,0.3083,6,1,69221.4844,7143
42,28,Tokyo_Small,eval_normal,Hybrid,3600,8,133,49,0.3684,0.8045,0.1955,674.8776,337.4388,0.3661,1.0002,252.0000,432.2954,1179.1260,0.9358,29.4464,26.1418,940.6104,293.0715,197.8797,24734.9629,0,0,0.1147,0.0000,0.0000,1.0000,205,0.4579,0.5421,1.0000,2.0000,flat,0.2490,0.4652,1.2037,1.1846,0.8045,0.0000,16.1748,2,0.0011,0.0047,0.3307,8,0,57777.1758,26318
42,29,Tokyo_Small,eval_normal,Hybrid,3600,8,135,56,0.4148,0.8074,0.1926,831.0714,166.2143,0.6377,1.0000,307.0000,588.8627,1344.7561,0.8761,29.6133,27.5815,1059.1661,217.2090,68.6741,8584.2588,0,0,0.0921,0.0000,0.0000,2.0000,223,0.5138,0.4862,1.0025,2.0000,flat,0.2600,0.4682,1.2040,1.2292,0.8074,0.0000,38.0488,1,0.0000,0.0000,0.3409,8,1,75306.3438,9271
42,30,Tokyo_Small,eval_stress_light,Hybrid,3600,8,135,53,0.3926,0.7259,0.2741,774.3774,258.1258,0.4412,1.0001,271.6667,498.6222,1343.6887,0.9892,29.3140,26.4114,1055.4425,247.5877,54.9556,6869.4443,0,0,0.0795,0.0000,0.0000,0.0000,184,0.5408,0.4592,1.0000,2.0000,flat,0.3659,0.6551,1.2555,1.1313,0.7259,0.0000,2.9289,2,0.0006,0.0065,0.3195,9,0,71215.5000,7419
42,31,Tokyo_Small,eval_stress_light,Hybrid,3600,8,132,57,0.4318,0.7576,0.2424,745.8772,248.6257,0.3958,1.0004,303.8518,416.2000,1290.5593,0.8495,29.0131,26.3437,900.1381,231.4675,170.4545,21306.8184,0,0,0.0557,0.0000,0.0000,1.0000,203,0.5700,0.4300,1.0000,2.0000,flat,0.2885,0.6684,1.1875,1.2125,0.7576,0.0000,45.7400,2,0.0025,0.0090,0.3512,13,0,73561.8828,22500
42,32,Tokyo_Small,eval_stress_light,Hybrid,3600,8,136,53,0.3897,0.7721,0.2279,763.0755,254.3585,0.4895,1.0000,299.2340,489.9375,1308.6990,0.8747,28.6384,26.3181,946.9626,232.8661,67.1691,8396.1396,0,0,0.0716,0.0000,0.0000,0.0000,197,0.5048,0.4952,1.0000,2.0000,flat,0.1944,0.3680,1.2713,1.3587,0.7721,0.0000,37.4942,2,0.0003,0.0019,0.3370,7,1,69361.0469,9135
42,33,Tokyo_Small,eval_stress_heavy,Hybrid,3600,8,114,51,0.4474,0.7895,0.2105,617.0980,308.5490,0.2803,1.0002,259.1064,384.3192,1243.5338,0.9599,29.0685,25.2793,907.9518,249.5570,51.6491,6456.1401,0,0,0.0984,0.0000,0.0000,0.0000,187,0.5667,0.4333,1.0000,2.0000,flat,0.2465,0.4355,1.2003,1.3462,0.7895,0.0000,10.3996,2,0.0014,0.0061,0.3730,7,1,63420.2227,5888
42,34,Tokyo_Small,eval_stress_heavy,Hybrid,3600,8,138,46,0.3333,0.6014,0.3986,703.0652,351.5326,0.3389,1.0001,249.8139,468.7500,1322.2524,1.0000,29.0899,25.9606,960.1716,277.6460,42.2246,5278.0796,0,0,0.0735,0.0000,0.0000,1.0000,193,0.5542,0.4458,1.0000,2.0000,flat,0.2538,0.4767,1.2198,1.2547,0.6014,0.0000,0.0000,2,0.0011,0.0038,0.3433,8,1,60823.6133,5827
42,35,Tokyo_Small,eval_stress_heavy,Hybrid,3600,8,150,55,0.3667,0.7467,0.2533,785.2545,261.7515,0.3988,1.0002,298.4583,590.1915,1528.5209,1.0000,29.3986,26.7927,1061.3910,246.0652,67.4933,8436.6670,0,0,0.0575,0.0000,0.0000,0.0000,195,0.4911,0.5089,1.0000,2.0000,flat,0.2767,0.5075,1.2418,1.3521,0.7467,0.0000,0.0000,2,0.0019,0.0053,0.3234,8,1,84068.6484,10124
42,36,Tokyo_Small,eval_slack,TamAlwaysAccept,3600,8,130,53,0.4077,0.7538,0.2462,704.1132,140.8226,0.6658,1.0003,274.7500,423.5102,1305.0886,0.9500,29.3044,25.4878,982.2134,269.8736,76.9077,9613.4619,0,0,0.0000,0.0000,0.0000,0.0000,0,0.5408,0.4592,1.0000,2.0000,flat,0.1967,0.4138,1.2377,1.2408,0.7538,0.0000,13.7323,2,0.0028,0.0059,0.3531,9,2,69169.6953,9998
42,37,Tokyo_Small,eval_slack,TamAlwaysAccept,3600,8,135,54,0.4000,0.6370,0.3630,773.1111,128.8519,0.7526,1.0002,305.5849,475.5179,1333.9762,0.8731,29.1827,26.0877,1027.2689,287.1537,48.1852,6023.1479,0,0,0.0000,0.0000,0.0000,0.0000,0,0.6279,0.3721,1.0000,2.0000,flat,0.1154,0.2176,1.2137,1.3276,0.6370,0.0000,38.7897,2,0.0011,0.0047,0.3094,6,3,72034.7188,6505
42,38,Tokyo_Small,eval_slack,TamAlwaysAccept,3600,8,129,44,0.3411,0.6124,0.3876,899.1136,179.8227,0.7108,1.0001,341.1429,563.1334,1585.0177,0.9292,29.1197,26.3381,1108.7968,305.4045,45.9147,5739.3413,0,0,0.0000,0.0000,0.0000,0.0000,0,0.5570,0.4430,1.0000,2.0000,flat,0.1880,0.3684,1.2242,1.2357,0.6124,0.0000,24.1393,2,0.0006,0.0026,0.2880,7,2,69740.7734,5923
42,39,Tokyo_Small,eval_normal,TamAlwaysAccept,3600,8,128,47,0.3672,0.6250,0.3750,1009.0213,252.2553,0.5824,1.0007,377.8837,553.5349,1600.0471,0.8468,28.2870,26.6160,1127.1681,312.4194,48.8047,6100.5859,0,0,0.0000,0.0000,0.0000,0.0000,0,0.5875,0.4125,1.0020,2.0000,flat,0.1492,0.2895,1.2521,1.3342,0.6250,0.0000,57.8743,2,0.0053,0.0105,0.2933,6,2,75202.2109,6247
42,40,Tokyo_Small,eval_normal,TamAlwaysAccept,3600,8,133,59,0.4436,0.7293,0.2707,859.8475,171.9695,0.6279,1.0005,289.1346,573.6595,1346.5859,0.9315,29.2989,26.0588,995.6816,306.0703,43.8947,5486.8423,0,0,0.0000,0.0000,0.0000,0.0000,0,0.6082,0.3918,1.0000,2.0000,flat,0.2692,0.4742,1.2031,1.1914,0.7293,0.0000,19.8174,2,0.0033,0.0083,0.3000,8,1,79448.5703,5838
42,41,Tokyo_Small,eval_normal,TamAlwaysAccept,3600,8,135,59,0.4370,0.7333,0.2667,788.1865,197.0466,0.6109,1.0005,297.5192,506.4314,1385.5771,0.9314,29.6133,27.0997,1115.2354,245.2851,55.9556,6994.4443,0,0,0.0000,0.0000,0.0000,0.0000,0,0.5960,0.4040,1.0000,2.0000,flat,0.3086,0.6120,1.1940,1.2496,0.7333,0.0000,20.4038,2,0.0028,0.0089,0.3054,12,1,81749.0547,7554
42,42,Tokyo_Small,eval_stress_light,TamAlwaysAccept,3600,8,135,49,0.3630,0.6815,0.3185,711.1837,237.0612,0.4926,1.0002,295.5217,447.2128,1374.8376,0.9304,29.3140,26.4114,1076.0664,263.0144,52.0963,6512.0371,0,0,0.0000,0.0000,0.0000,0.0000,0,0.5326,0.4674,1.0000,2.0000,flat,0.3804,0.7288,1.2443,1.1727,0.6815,0.0000,20.5542,2,0.0011,0.0051,0.3054,11,1,67367.0469,7033
42,43,Tokyo_Small,eval_stress_light,TamAlwaysAccept,3600,8,132,56,0.4242,0.6667,0.3333,874.4107,218.6027,0.5370,1.0042,286.8163,622.2264,1272.4954,0.8873,29.7585,26.6907,963.8995,237.3463,36.2424,4530.3032,0,0,0.0000,0.0000,0.0000,0.0000,0,0.6364,0.3636,1.0116,2.0000,flat,0.2343,0.4755,1.2087,1.1634,0.6667,0.0000,32.3172,2,0.0256,0.0330,0.3314,10,1,71259.7344,4784
42,44,Tokyo_Small,eval_stress_light,TamAlwaysAccept,3600,8,136,52,0.3824,0.6838,0.3162,851.8077,283.9359,0.4293,1.0003,347.8936,468.0222,1405.0042,0.8077,28.6384,26.2793,1026.7075,234.4945,47.5735,5946.6914,0,0,0.0000,0.0000,0.0000,0.0000,0,0.5591,0.4409,1.0000,2.0000,flat,0.2361,0.4208,1.2780,1.3198,0.6838,0.0000,66.8928,2,0.0025,0.0052,0.3119,7,1,73060.2109,6470
42,45,Tokyo_Small,eval_stress_heavy,TamAlwaysAccept,3600,8,114,40,0.3509,0.6316,0.3684,708.3250,354.1625,0.3485,1.0001,316.5385,430.9556,1530.7048,0.9672,29.0685,25.3388,1046.7225,297.2187,42.0614,5257.6753,0,0,0.0000,0.0000,0.0000,0.0000,0,0.5556,0.4444,1.0000,2.0000,flat,0.2625,0.4796,1.2186,1.2523,0.6316,0.0000,10.3975,2,0.0006,0.0047,0.2928,6,1,61228.1953,4795
42,46,Tokyo_Small,eval_stress_heavy,TamAlwaysAccept,3600,8,138,45,0.3261,0.6087,0.3913,750.2444,375.1222,0.2893,1.0001,299.6046,399.7273,1315.9215,0.8784,28.7173,25.6418,959.9124,293.2363,46.0870,5760.8696,0,0,0.0000,0.0000,0.0000,0.0000,0,0.5357,0.4643,1.0000,2.0000,flat,0.1865,0.3401,1.2510,1.2068,0.6087,0.0000,36.4203,2,0.0006,0.0024,0.3734,5,1,59216.4648,6360
42,47,Tokyo_Small,eval_stress_heavy,TamAlwaysAccept,3600,8,150,50,0.3333,0.6333,0.3667,895.2400,298.4133,0.3865,1.0001,308.7234,617.1429,1525.8793,0.9885,29.2705,26.7362,1163.9164,260.4204,53.8733,6734.1665,0,0,0.0000,0.0000,0.0000,0.0000,0,0.5263,0.4737,1.0000,2.0000,flat,0.2569,0.5103,1.2337,1.3320,0.6333,0.0000,3.5476,2,0.0011,0.0045,0.3392,9,0,76293.9609,8081
42,48,Tokyo_Small,eval_slack,CongestionAware,3600,8,130,73,0.5615,1.0000,0.0000,715.3835,119.2306,0.8282,1.0002,216.0339,495.6731,1023.2604,0.9473,29.6079,26.1481,839.9340,219.7594,115.3769,14422.1152,0,0,0.0000,0.0000,0.0000,0.0000,0,0.5615,0.4385,1.0000,2.0000,flat,0.3635,0.6351,1.2384,0.0000,1.0000,0.0000,11.3818,2,0.0017,0.0056,0.4881,12,0,74698.0156,14999
42,49,Tokyo_Small,eval_slack,CongestionAware,3600,8,135,65,0.4815,1.0000,0.0000,824.7692,164.9538,0.6901,1.0001,264.2692,601.8864,1037.2179,0.7850,29.3572,26.9962,783.9375,191.9491,146.5704,18321.2969,0,0,0.0000,0.0000,0.0000,0.0000,0,0.4815,0.5185,1.0000,2.0000,flat,0.4309,0.7639,1.2550,0.0000,1.0000,0.0000,56.8257,2,0.0008,0.0047,0.4890,13,0,67419.1562,19787
42,50,Tokyo_Small,eval_slack,CongestionAware,3600,8,129,64,0.4961,1.0000,0.0000,650.8750,108.4792,0.8332,1.0003,211.5577,483.1373,1070.3955,1.0000,29.2780,27.4186,813.4323,200.2791,129.6589,16207.3643,0,0,0.0000,0.0000,0.0000,0.0000,0,0.4961,0.5039,1.0011,2.0000,flat,0.3414,0.6012,1.2287,0.0000,1.0000,0.0000,0.0000,2,0.0022,0.0067,0.4650,11,1,68505.3125,16726
42,51,Tokyo_Small,eval_normal,CongestionAware,3600,8,128,52,0.4062,1.0000,0.0000,708.6731,141.7346,0.6561,1.0004,180.5000,531.9091,1183.4086,1.0000,29.4472,27.2729,835.8611,211.0758,168.2188,21027.3438,0,0,0.0000,0.0000,0.0000,0.0000,0,0.4062,0.5938,1.0000,2.0000,flat,0.3854,0.6872,1.2829,0.0000,1.0000,0.0000,0.0000,2,0.0025,0.0079,0.4429,12,1,61537.2461,21532
42,52,Tokyo_Small,eval_normal,CongestionAware,3600,8,133,65,0.4887,1.0000,0.0000,844.5231,168.9046,0.6936,1.0001,244.9259,603.8837,946.3934,0.7728,29.4886,26.2407,813.2814,236.1616,89.3759,11171.9922,0,0,0.0000,0.0000,0.0000,0.0000,0,0.4887,0.5113,1.0000,2.0000,flat,0.2966,0.5430,1.1999,0.0000,1.0000,0.0000,55.6472,2,0.0008,0.0045,0.5106,11,0,61515.5703,11887
42,53,Tokyo_Small,eval_normal,CongestionAware,3600,8,135,66,0.4889,1.0000,0.0000,698.5455,139.7091,0.7079,1.0002,229.0172,482.8571,1171.8052,1.0000,29.6133,27.6395,912.2830,180.9836,112.8000,14100.0000,0,0,0.0000,0.0000,0.0000,0.0000,0,0.4889,0.5111,1.0007,2.0000,flat,0.3380,0.6097,1.2088,0.0000,1.0000,0.0000,0.0000,2,0.0019,0.0057,0.4496,14,1,77339.1406,15228
42,54,Tokyo_Small,eval_stress_light,CongestionAware,3600,8,135,59,0.4370,1.0000,0.0000,685.7458,171.4364,0.5882,1.0000,182.6531,540.6829,951.5444,1.0000,29.5463,27.2646,844.9501,200.9635,169.2222,21152.7773,0,0,0.0000,0.0000,0.0000,0.0000,0,0.4370,0.5630,1.0000,2.0000,flat,0.0667,0.1497,1.2215,0.0000,1.0000,0.0000,0.0000,2,0.0003,0.0019,0.5845,11,7,56141.1211,22845
42,55,Tokyo_Small,eval_stress_light,CongestionAware,3600,8,132,51,0.3864,1.0000,0.0000,784.6863,196.1716,0.5591,1.0003,182.7209,602.1951,1046.2844,1.0000,29.7585,27.1858,762.4747,208.7834,147.7045,18463.0684,0,0,0.0000,0.0000,0.0000,0.0000,0,0.3864,0.6136,1.0000,2.0000,flat,0.2826,0.5089,1.1936,0.0000,1.0000,0.0000,0.0000,2,0.0017,0.0065,0.4976,13,2,53360.5078,19497
42,56,Tokyo_Small,eval_stress_light,CongestionAware,3600,8,136,58,0.4265,1.0000,0.0000,981.1724,245.2931,0.5643,1.0001,271.9231,690.1905,933.6790,0.6867,29.1774,27.0230,802.8510,196.9280,125.6471,15705.8828,0,0,0.0000,0.0000,0.0000,0.0000,0,0.4265,0.5735,1.0000,2.0000,flat,0.2319,0.4238,1.2912,0.0000,1.0000,0.0000,85.1873,2,0.0006,0.0037,0.5587,11,3,54153.3789,17088
42,57,Tokyo_Small,eval_stress_heavy,CongestionAware,3600,8,114,42,0.3684,1.0000,0.0000,805.5714,268.5238,0.3899,1.0003,170.5143,652.8965,885.3846,1.0000,29.0685,26.0532,782.4605,216.3616,192.9474,24118.4219,0,0,0.0000,0.0000,0.0000,0.0000,0,0.3684,0.6316,1.0000,2.0000,flat,0.4111,0.7526,1.2310,0.0000,1.0000,0.0000,0.0000,2,0.0019,0.0077,0.5030,13,0,37186.1562,21996
42,58,Tokyo_Small,eval_stress_heavy,CongestionAware,3600,8,138,31,0.2246,1.0000,0.0000,996.0000,332.0000,0.3907,1.0003,214.0000,698.0000,909.3409,0.8499,29.1327,26.8351,715.6344,195.5313,247.5580,30944.7461,0,0,0.0000,0.0000,0.0000,0.0000,0,0.2246,0.7754,1.0008,2.0000,flat,0.3538,0.6706,1.2337,0.0000,1.0000,0.0000,32.1318,2,0.0019,0.0068,0.4763,9,1,28189.5703,34163
42,59,Tokyo_Small,eval_stress_heavy,CongestionAware,3600,8,150,38,0.2533,1.0000,0.0000,713.1316,237.7105,0.4241,1.0004,198.4242,646.0000,1020.8984,1.0000,29.3986,27.3572,883.9948,192.9291,234.8467,29355.8340,0,0,0.0000,0.0000,0.0000,0.0000,0,0.2533,0.7467,1.0000,2.0000,flat,0.3484,0.6238,1.2698,0.0000,1.0000,0.0000,0.0000,2,0.0022,0.0093,0.4629,11,0,38794.1367,35227
42,60,Tokyo_Small,eval_slack,TrafficFlow,3600,8,130,68,0.5231,1.0000,0.0000,743.3970,123.8995,0.8068,1.0001,213.1754,482.4200,1032.6918,0.9689,29.6079,26.1481,839.9340,219.7594,114.0385,14254.8076,0,0,0.0000,0.0000,0.0000,0.0000,0,0.5231,0.4769,1.0006,2.0000,flat,0.3561,0.6279,1.2384,0.0000,1.0000,0.0000,6.6371,2,0.0014,0.0038,0.5030,11,1,70223.0391,14825
42,61,Tokyo_Small,eval_slack,TrafficFlow,3600,8,135,79,0.5852,1.0000,0.0000,881.5823,146.9304,0.7986,1.0007,229.1639,603.2400,1003.7761,0.8760,29.3572,26.9962,783.9375,191.9491,103.6148,12951.8516,0,0,0.0000,0.0000,0.0000,0.0000,0,0.5852,0.4148,1.0000,2.0000,flat,0.3812,0.6746,1.2550,0.0000,1.0000,0.0000,28.4087,2,0.0053,0.0105,0.4811,14,0,79298.3125,13988
42,62,Tokyo_Small,eval_slack,TrafficFlow,3600,8,129,60,0.4651,1.0000,0.0000,802.8000,160.5600,0.7333,1.0003,249.4038,595.7659,944.3467,0.7573,29.2780,27.4186,813.4323,200.2791,110.8140,13851.7441,0,0,0.0000,0.0000,0.0000,0.0000,0,0.4651,0.5349,1.0000,2.0000,flat,0.2618,0.4649,1.2287,0.0000,1.0000,0.0000,60.5345,2,0.0025,0.0060,0.4563,12,2,56660.8008,14295
42,63,Tokyo_Small,eval_normal,TrafficFlow,3600,8,128,55,0.4297,1.0000,0.0000,767.5637,153.5127,0.6379,1.0002,214.5714,537.4445,1030.4602,0.9605,29.4472,27.2729,835.8611,211.0758,139.2031,17400.3906,0,0,0.0000,0.0000,0.0000,0.0000,0,0.4297,0.5703,1.0000,2.0000,flat,0.1763,0.3351,1.2829,0.0000,1.0000,0.0000,8.4794,2,0.0014,0.0056,0.4763,11,3,56675.3125,17818
42,64,Tokyo_Small,eval_normal,TrafficFlow,3600,8,133,57,0.4286,1.0000,0.0000,875.2632,175.0526,0.6778,1.0002,220.9800,687.2857,1028.0021,0.9304,29.4886,26.2407,813.2814,236.1616,100.5263,12565.7891,0,0,0.0000,0.0000,0.0000,0.0000,0,0.4286,0.5714,1.0000,2.0000,flat,0.4069,0.7193,1.1999,0.0000,1.0000,0.0000,15.3796,2,0.0019,0.0047,0.4732,12,0,58596.1172,13370
42,65,Tokyo_Small,eval_normal,TrafficFlow,3600,8,135,56,0.4148,1.0000,0.0000,710.4643,142.0929,0.6376,1.0004,203.4082,506.3696,1199.9363,1.0000,29.6133,27.6395,912.2830,180.9836,100.8444,12605.5557,0,0,0.0000,0.0000,0.0000,0.0000,0,0.4148,0.5852,1.0000,2.0000,flat,0.2689,0.4851,1.2088,0.0000,1.0000,0.0000,0.0000,2,0.0028,0.0081,0.4985,13,3,67196.4297,13614
42,66,Tokyo_Small,eval_stress_light,TrafficFlow,3600,8,135,60,0.4444,1.0000,0.0000,884.1166,221.0292,0.5645,1.0006,256.4615,613.6667,1086.9580,0.8477,29.5463,27.2646,844.9501,200.9635,122.3630,15295.3701,0,0,0.0000,0.0000,0.0000,0.0000,0,0.4444,0.5556,1.0000,2.0000,flat,0.1963,0.3590,1.2215,0.0000,1.0000,0.0000,39.0699,2,0.0031,0.0104,0.4567,11,4,65217.4766,16519
42,67,Tokyo_Small,eval_stress_light,TrafficFlow,3600,8,132,55,0.4167,1.0000,0.0000,651.0182,162.7545,0.5841,1.0004,216.0435,532.5946,974.3071,0.9020,29.7585,27.1858,762.4747,208.7834,121.1212,15140.1514,0,0,0.0000,0.0000,0.0000,0.0000,0,0.4167,0.5833,1.0024,2.0000,flat,0.2630,0.4792,1.1936,0.0000,1.0000,0.0000,21.1821,2,0.0019,0.0085,0.4694,13,2,53586.8906,15988
42,68,Tokyo_Small,eval_stress_light,TrafficFlow,3600,8,136,53,0.3897,1.0000,0.0000,869.5849,217.3962,0.5622,1.0001,213.7000,608.5676,947.1529,0.8864,29.1774,27.0230,802.8510,196.9280,132.9926,16624.0801,0,0,0.0000,0.0000,0.0000,0.0000,0,0.3897,0.6103,1.0000,2.0000,flat,0.1239,0.2308,1.2912,0.0000,1.0000,0.0000,24.2694,2,0.0006,0.0048,0.4744,8,4,50199.1055,18087
42,69,Tokyo_Small,eval_stress_heavy,TrafficFlow,3600,8,114,47,0.4123,1.0000,0.0000,797.0851,265.6950,0.4308,1.0003,162.5135,712.5484,823.6296,1.0000,29.0685,26.0532,782.4605,216.3616,119.9912,14998.9033,0,0,0.0000,0.0000,0.0000,0.0000,0,0.4123,0.5877,1.0000,2.0000,flat,0.2526,0.5170,1.2310,0.0000,1.0000,0.0000,0.0000,2,0.0019,0.0081,0.5070,11,0,38710.5938,13679
42,70,Tokyo_Small,eval_stress_heavy,TrafficFlow,3600,8,138,41,0.2971,1.0000,0.0000,689.5122,229.8374,0.4105,1.0004,176.1389,525.5151,801.8786,0.9105,29.1327,26.8351,715.6344,195.5313,172.4855,21560.6875,0,0,0.0000,0.0000,0.0000,0.0000,0,0.2971,0.7029,1.0000,2.0000,flat,0.2444,0.4763,1.2337,0.0000,1.0000,0.0000,15.7632,2,0.0017,0.0093,0.4531,10,1,32877.0234,23803
42,71,Tokyo_Small,eval_stress_heavy,TrafficFlow,3600,8,150,39,0.2600,1.0000,0.0000,734.5385,244.8461,0.4274,1.0004,178.6970,530.6129,1076.3171,1.0000,29.3986,27.3572,883.9948,192.9291,140.4533,17556.6660,0,0,0.0000,0.0000,0.0000,0.0000,0,0.2600,0.7400,1.0000,2.0000,flat,0.3771,0.6701,1.2698,0.0000,1.0000,0.0000,0.0000,2,0.0025,0.0081,0.5034,13,0,41976.3672,21068
42,72,Tokyo_Small,eval_slack,TokenPassing,3600,8,130,57,0.4385,1.0000,0.0000,638.1228,127.6246,0.7403,1.0001,186.7200,452.2115,1061.6395,1.0000,29.6079,26.1481,839.9340,219.7594,153.8308,19228.8457,0,0,0.0000,0.0000,0.0000,0.0000,0,0.4385,0.5615,1.0000,2.0000,flat,0.4057,0.7212,1.2384,0.0000,1.0000,0.0000,0.0000,2,0.0008,0.0033,0.5401,12,0,60513.4531,19998
42,73,Tokyo_Small,eval_slack,TokenPassing,3600,8,135,74,0.5481,1.0000,0.0000,1001.9189,166.9865,0.8151,1.0002,255.0000,718.4717,1096.1299,0.8597,29.3572,26.9962,783.9375,191.9491,82.4296,10303.7041,0,0,0.0000,0.0000,0.0000,0.0000,0,0.5481,0.4519,1.0000,2.0000,flat,0.3918,0.7564,1.2550,0.0000,1.0000,0.0000,35.7740,2,0.0017,0.0055,0.4570,15,0,81113.6172,11128
42,74,Tokyo_Small,eval_slack,TokenPassing,3600,8,129,65,0.5039,1.0000,0.0000,760.1846,126.6974,0.7774,1.0001,201.8519,693.1800,944.4807,0.9358,29.2780,27.4186,813.4323,200.2791,95.1473,11893.4111,0,0,0.0000,0.0000,0.0000,0.0000,0,0.5039,0.4961,1.0000,2.0000,flat,0.4164,0.7977,1.2287,0.0000,1.0000,0.0000,12.9557,2,0.0006,0.0030,0.4780,14,1,61391.2422,12274
42,75,Tokyo_Small,eval_normal,TokenPassing,3600,8,128,56,0.4375,1.0000,0.0000,724.3571,144.8714,0.7208,1.0002,213.8542,520.9556,1208.2701,1.0000,29.4472,27.2729,835.8611,211.0758,85.8672,10733.3984,0,0,0.0000,0.0000,0.0000,0.0000,0,0.4375,0.5625,1.0000,2.0000,flat,0.3162,0.5707,1.2829,0.0000,1.0000,0.0000,0.0000,2,0.0011,0.0050,0.4846,12,0,67663.1328,10991
42,76,Tokyo_Small,eval_normal,TokenPassing,3600,8,133,67,0.5038,1.0000,0.0000,804.4776,160.8955,0.7074,1.0001,263.9643,531.7500,976.5186,0.7399,29.4886,26.2407,813.2814,236.1616,95.1880,11898.4961,0,0,0.0000,0.0000,0.0000,0.0000,0,0.5038,0.4962,1.0000,2.0000,flat,0.2639,0.4786,1.1999,0.0000,1.0000,0.0000,68.6606,2,0.0008,0.0048,0.4941,12,1,65426.7461,12660
42,77,Tokyo_Small,eval_normal,TokenPassing,3600,8,135,61,0.4519,1.0000,0.0000,907.0984,181.4197,0.6812,1.0025,182.3019,690.8125,1122.4341,1.0000,29.6133,27.6395,912.2830,180.9836,77.7333,9716.6670,0,0,0.0000,0.0000,0.0000,0.0000,0,0.4519,0.5481,1.0031,2.0000,flat,0.3561,0.6312,1.2088,0.0000,1.0000,0.0000,0.0000,2,0.0181,0.0190,0.4653,12,0,68468.4844,10494
42,78,Tokyo_Small,eval_stress_light,TokenPassing,3600,8,135,61,0.4519,1.0000,0.0000,710.9672,177.7418,0.5828,1.0001,242.0566,498.2143,1131.4910,0.9349,29.5463,27.2646,844.9501,200.9635,117.3630,14670.3701,0,0,0.0000,0.0000,0.0000,0.0000,0,0.4519,0.5481,1.0000,2.0000,flat,0.2917,0.5254,1.2215,0.0000,1.0000,0.0000,15.7584,2,0.0006,0.0053,0.5241,15,2,69020.9531,15844
42,79,Tokyo_Small,eval_stress_light,TokenPassing,3600,8,132,55,0.4167,1.0000,0.0000,838.3091,209.5773,0.5370,1.0006,205.2391,598.6744,1065.5491,1.0000,29.7585,27.1858,762.4747,208.7834,126.1061,15763.2578,0,0,0.0000,0.0000,0.0000,0.0000,0,0.4167,0.5833,1.0000,2.0000,flat,0.2755,0.5403,1.1936,0.0000,1.0000,0.0000,0.0000,2,0.0039,0.0092,0.5352,12,2,58605.1992,16646
42,80,Tokyo_Small,eval_stress_light,TokenPassing,3600,8,136,58,0.4265,1.0000,0.0000,960.1207,240.0302,0.5459,1.0001,280.3404,748.2105,979.0985,0.6985,29.1774,27.0230,802.8510,196.9280,155.5368,19442.0957,0,0,0.0000,0.0000,0.0000,0.0000,0,0.4265,0.5735,1.0000,2.0000,flat,0.2234,0.4386,1.2912,0.0000,1.0000,0.0000,84.5207,2,0.0008,0.0044,0.5395,11,1,56787.7148,21153
42,81,Tokyo_Small,eval_stress_heavy,TokenPassing,3600,8,114,46,0.4035,1.0000,0.0000,807.6957,269.2319,0.4140,1.0003,229.5500,634.5000,961.4655,0.8377,29.0685,26.0532,782.4605,216.3616,69.4474,8680.9209,0,0,0.0000,0.0000,0.0000,0.0000,0,0.4035,0.5965,1.0000,2.0000,flat,0.2737,0.4895,1.2310,0.0000,1.0000,0.0000,37.2569,2,0.0019,0.0080,0.5626,12,2,44227.4141,7917
42,82,Tokyo_Small,eval_stress_heavy,TokenPassing,3600,8,138,36,0.2609,1.0000,0.0000,897.1667,299.0556,0.4089,1.0003,205.7812,709.1035,855.6157,0.8316,29.1327,26.8351,715.6344,195.5313,92.7101,11588.7686,0,0,0.0000,0.0000,0.0000,0.0000,0,0.2609,0.7391,1.0000,2.0000,flat,0.2267,0.4082,1.2337,0.0000,1.0000,0.0000,34.6581,2,0.0022,0.0075,0.4974,9,2,30802.1641,12794
42,83,Tokyo_Small,eval_stress_heavy,TokenPassing,3600,8,150,41,0.2733,1.0000,0.0000,633.6585,211.2195,0.4392,1.0005,193.1111,585.5000,915.0603,0.9477,29.3986,27.3572,883.9948,192.9291,66.5600,8320.0000,0,0,0.0000,0.0000,0.0000,0.0000,0,0.2733,0.7267,1.0000,2.0000,flat,0.2788,0.5125,1.2698,0.0000,1.0000,0.0000,10.0991,2,0.0031,0.0095,0.4438,10,1,37517.4727,9984
42,84,Tokyo_Small,eval_slack,PIBT,3600,8,130,39,0.3000,1.0000,0.0000,1185.3846,169.3407,0.8887,1.0003,266.4000,952.8182,923.5408,0.6933,29.6079,26.1481,839.9340,219.7594,129.0615,16132.6924,0,0,0.0000,0.0000,0.0000,0.0000,0,0.3000,0.7000,1.0000,2.0000,flat,0.3485,0.6364,1.2384,0.0000,1.0000,0.0000,81.6918,2,0.0028,0.0057,0.3792,6,0,36018.0938,16778
42,85,Tokyo_Small,eval_slack,PIBT,3600,8,135,41,0.3037,1.0000,0.0000,1209.1219,172.7317,0.8852,1.0003,267.1765,967.0645,1077.6067,0.8067,29.3572,26.9962,783.9375,191.9491,145.6000,18200.0000,0,0,0.0000,0.0000,0.0000,0.0000,0,0.3037,0.6963,1.0019,2.0000,flat,0.2029,0.4091,1.2550,0.0000,1.0000,0.0000,51.6552,2,0.0025,0.0076,0.3647,5,0,44181.8711,19656
42,86,Tokyo_Small,eval_slack,PIBT,3600,8,129,37,0.2868,1.0000,0.0000,1379.4324,229.9054,0.8722,1.0005,275.3125,1030.0646,959.6257,0.6971,29.2780,27.4186,813.4323,200.2791,171.7287,21466.0859,0,0,0.0000,0.0000,0.0000,0.0000,0,0.2868,0.7132,1.0000,2.0000,flat,0.3848,0.6783,1.2287,0.0000,1.0000,0.0000,83.3874,2,0.0044,0.0082,0.3271,7,0,35506.1523,22153
42,87,Tokyo_Small,eval_normal,PIBT,3600,8,128,26,0.2031,1.0000,0.0000,1385.4615,277.0923,0.7372,1.0003,336.5417,978.8077,1509.8457,0.8973,29.4472,27.2729,835.8611,211.0758,202.3281,25291.0156,0,0,0.0000,0.0000,0.0000,0.0000,0,0.2031,0.7969,1.0000,2.0000,flat,0.2950,0.5411,1.2829,0.0000,1.0000,0.0000,34.5725,2,0.0019,0.0080,0.3727,5,0,39255.9883,25898
42,88,Tokyo_Small,eval_normal,PIBT,3600,8,133,43,0.3233,1.0000,0.0000,1047.8605,209.5721,0.7441,1.0004,216.3750,890.3684,884.4980,0.8176,29.4886,26.2407,813.2814,236.1616,141.3308,17666.3535,0,0,0.0000,0.0000,0.0000,0.0000,0,0.3233,0.6767,1.0000,2.0000,flat,0.2171,0.4308,1.1999,0.0000,1.0000,0.0000,39.4754,2,0.0031,0.0075,0.4611,7,0,38033.4141,18797
42,89,Tokyo_Small,eval_normal,PIBT,3600,8,135,37,0.2741,1.0000,0.0000,1228.4595,245.6919,0.7464,1.0003,218.9333,1014.9259,1034.7570,0.9453,29.6133,27.6395,912.2830,180.9836,207.9407,25992.5918,0,0,0.0000,0.0000,0.0000,0.0000,0,0.2741,0.7259,1.0000,2.0000,flat,0.3589,0.6379,1.2088,0.0000,1.0000,0.0000,11.9819,2,0.0025,0.0067,0.3836,7,0,38286.0078,28072
42,90,Tokyo_Small,eval_stress_light,PIBT,3600,8,135,31,0.2296,1.0000,0.0000,1178.1613,294.5403,0.6039,1.0002,213.4231,894.0000,1026.4958,0.9619,29.5463,27.2646,844.9501,200.9635,270.2296,33778.7031,0,0,0.0000,0.0000,0.0000,0.0000,0,0.2296,0.7704,1.0000,2.0000,flat,0.1173,0.2128,1.2215,0.0000,1.0000,0.0000,8.1239,2,0.0008,0.0055,0.3953,6,3,31821.3711,36481
42,91,Tokyo_Small,eval_stress_light,PIBT,3600,8,132,35,0.2652,1.0000,0.0000,1198.1714,299.5428,0.5926,1.0006,284.4286,882.9630,1063.4139,0.7478,29.7585,27.1858,762.4747,208.7834,232.5909,29073.8633,0,0,0.0000,0.0000,0.0000,0.0000,0,0.2652,0.7348,1.0014,2.0000,flat,0.1786,0.3194,1.1936,0.0000,1.0000,0.0000,71.7458,2,0.0042,0.0094,0.3889,7,3,37219.4883,30702
42,92,Tokyo_Small,eval_stress_light,PIBT,3600,8,136,36,0.2647,1.0000,0.0000,1139.1945,284.7986,0.5968,1.0004,259.7667,855.1200,1122.0375,0.8639,29.1774,27.0230,802.8510,196.9280,315.6250,39453.1250,0,0,0.0000,0.0000,0.0000,0.0000,0,0.2647,0.7353,1.0000,2.0000,flat,0.2419,0.4388,1.2912,0.0000,1.0000,0.0000,35.3592,2,0.0025,0.0074,0.4066,9,2,40393.3516,42925
42,93,Tokyo_Small,eval_stress_heavy,PIBT,3600,8,114,22,0.1930,1.0000,0.0000,1215.8182,405.2727,0.4475,1.0000,210.4118,1127.8823,816.9376,0.7765,29.0685,26.0532,782.4605,216.3616,247.8158,30976.9746,0,0,0.0000,0.0000,0.0000,0.0000,0,0.1930,0.8070,1.0000,2.0000,flat,0.2947,0.5620,1.2310,0.0000,1.0000,0.0000,47.0242,2,0.0003,0.0021,0.3922,6,0,17972.6270,28251
42,94,Tokyo_Small,eval_stress_heavy,PIBT,3600,8,138,20,0.1449,1.0000,0.0000,1003.3500,334.4500,0.4365,1.0001,255.0556,870.0625,901.8138,0.7072,29.1327,26.8351,715.6344,195.5313,309.5217,38690.2188,0,0,0.0000,0.0000,0.0000,0.0000,0,0.1449,0.8551,1.0000,2.0000,flat,0.3529,0.6603,1.2337,0.0000,1.0000,0.0000,74.6928,2,0.0006,0.0060,0.3623,7,0,18036.2773,42714
42,95,Tokyo_Small,eval_stress_heavy,PIBT,3600,8,150,25,0.1667,1.0000,0.0000,1067.6400,355.8800,0.4425,1.0003,191.2609,941.9545,1227.6428,1.0000,29.3986,27.3572,883.9948,192.9291,328.1467,41018.3320,0,0,0.0000,0.0000,0.0000,0.0000,0,0.1667,0.8333,1.0000,2.0000,flat,0.2783,0.5430,1.2698,0.0000,1.0000,0.0000,0.0000,2,0.0017,0.0073,0.4616,7,0,30691.0703,49222
42,96,Kyoto_Small,eval_slack,MAPPO,3600,8,128,24,0.1875,0.8906,0.1094,1036.5834,518.2917,0.2982,1.0000,220.8571,650.7368,1078.2626,0.9764,19.7537,18.1549,863.7494,187.0628,850.3750,106296.8750,0,0,0.0000,0.0000,0.0000,0.0000,0,0.2105,0.7895,1.0000,2.0000,flat,0.5143,1.0034,1.2589,1.3088,0.8906,0.0000,5.2046,1,0.0000,0.0000,0.4428,12,0,25878.3027,108848
42,97,Kyoto_Small,eval_slack,MAPPO,3600,8,128,50,0.3906,0.9922,0.0078,887.3000,295.7667,0.4707,1.0006,276.7333,592.8975,989.2911,0.7150,19.5607,17.7516,839.7313,166.9997,364.1484,45518.5547,0,0,0.0000,0.0000,0.0000,0.0000,0,0.3937,0.6063,1.0000,2.0000,flat,0.4286,0.8234,1.2421,1.2356,0.9922,0.0000,78.8751,2,0.0033,0.0107,0.4398,11,1,49464.5547,46611
42,98,Kyoto_Small,eval_slack,MAPPO,3600,8,110,47,0.4273,0.9909,0.0091,647.5745,215.8582,0.4272,1.0004,222.0976,429.0811,1035.2583,0.9323,19.7094,17.8232,773.8244,190.2270,69.7091,8713.6367,0,0,0.0000,0.0000,0.0000,0.0000,0,0.4312,0.5688,1.0010,2.0000,flat,0.3994,0.7329,1.3111,0.9284,0.9909,0.0000,15.0459,2,0.0022,0.0077,0.4780,12,1,48657.1445,7668
42,99,Kyoto_Small,eval_normal,MAPPO,3600,8,157,88,0.5605,0.9427,0.0573,732.0682,183.0170,0.5031,1.0002,209.5714,472.0484,1143.1455,1.0000,19.8492,18.8096,860.4537,167.9782,71.0318,8878.9805,0,0,0.0000,0.0000,0.0000,0.0000,0,0.5946,0.4054,1.0000,2.0000,flat,0.3842,0.6777,1.2975,1.0263,0.9427,0.0000,0.0000,2,0.0014,0.0042,0.4623,14,0,100596.8047,11152
42,100,Kyoto_Small,eval_normal,MAPPO,3600,8,128,62,0.4844,0.9766,0.0234,674.0161,224.6720,0.4878,1.0000,261.1176,451.6000,1219.9067,0.9344,19.7827,18.5679,898.3705,173.8064,132.2891,16536.1328,0,0,0.0000,0.0000,0.0000,0.0000,0,0.4960,0.5040,1.0000,2.0000,flat,0.3316,0.6119,1.2655,1.2809,0.9766,0.0000,17.1363,2,0.0003,0.0014,0.4398,11,1,75634.2188,16933
42,101,Kyoto_Small,eval_normal,MAPPO,3600,8,152,71,0.4671,0.9803,0.0197,924.6479,308.2160,0.4769,1.0002,227.5862,756.2353,1162.6586,1.0000,20.1236,18.3741,888.5610,159.7547,232.3421,29042.7637,0,0,0.0000,0.0000,0.0000,0.0000,0,0.4765,0.5235,1.0008,2.0000,flat,0.4850,0.9067,1.2429,1.6081,0.9803,0.0000,0.0000,2,0.0014,0.0047,0.3844,16,0,82548.7578,35316
42,102,Kyoto_Small,eval_stress_light,MAPPO,3600,8,122,59,0.4836,0.9590,0.0410,668.5255,0.0000,0.1213,1.0003,218.8113,373.5107,1065.7223,0.9741,19.8934,18.4579,836.0095,187.1995,166.1967,20774.5898,0,0,0.0000,0.0000,0.0000,0.0000,0,0.5043,0.4957,1.0000,2.0000,flat,0.4052,0.7487,1.2793,1.3442,0.9590,0.0000,5.6669,2,0.0017,0.0077,0.4669,12,1,62877.6133,20276
42,103,Kyoto_Small,eval_stress_light,MAPPO,3600,8,140,62,0.4429,0.9571,0.0429,853.2903,426.6452,0.3340,1.0008,216.7736,686.0870,1178.4076,1.0000,20.0199,18.4766,845.9887,163.5375,66.8571,8357.1426,0,0,0.0000,0.0000,0.0000,0.0000,0,0.4627,0.5373,1.0013,2.0000,flat,0.3235,0.5912,1.2931,1.1879,0.9571,0.0000,0.0000,2,0.0050,0.0114,0.4290,11,2,73061.2734,9360
42,104,Kyoto_Small,eval_stress_light,MAPPO,3600,8,138,76,0.5507,0.9710,0.0290,645.7368,215.2456,0.4407,1.0005,215.9062,447.8214,1181.7567,1.0000,19.7914,18.7006,888.4639,188.0061,50.5435,6317.9346,0,0,0.0000,0.0000,0.0000,0.0000,0,0.5672,0.4328,1.0000,2.0000,flat,0.4015,0.7292,1.2263,0.9057,0.9710,0.0000,0.0000,2,0.0042,0.0087,0.4352,14,1,89813.5156,6975
42,105,Kyoto_Small,eval_stress_heavy,MAPPO,3600,8,129,76,0.5891,0.9535,0.0465,856.0921,428.0461,0.2956,1.0002,260.5082,534.1091,1111.3324,0.8532,19.9353,18.3283,826.4634,167.2532,69.5194,8689.9229,0,0,0.0000,0.0000,0.0000,0.0000,0,0.6179,0.3821,1.0000,2.0000,flat,0.3944,0.6976,1.2476,1.4667,0.9535,0.0000,38.2417,2,0.0022,0.0053,0.4697,12,0,84461.2578,8968
42,106,Kyoto_Small,eval_stress_heavy,MAPPO,3600,8,127,59,0.4646,0.9685,0.0315,792.5593,792.5593,0.1507,1.0003,185.3333,665.1636,1087.2950,1.0000,19.8715,18.0439,808.3649,169.9812,177.1654,22145.6699,0,0,0.0000,0.0000,0.0000,0.0000,0,0.4797,0.5203,1.0009,2.0000,flat,0.3981,0.8007,1.2766,1.5475,0.9685,0.0000,0.0000,2,0.0017,0.0074,0.4686,16,1,64150.4102,22500
42,107,Kyoto_Small,eval_stress_heavy,MAPPO,3600,8,133,58,0.4361,0.9023,0.0977,864.2759,432.1379,0.3259,1.0004,264.0208,620.1818,1187.8340,0.8998,19.0331,17.6648,804.1068,160.8436,147.3684,18421.0527,0,0,0.0000,0.0000,0.0000,0.0000,0,0.4833,0.5167,1.0009,2.0000,flat,0.4800,0.9716,1.2941,1.3686,0.9023,0.0000,26.4540,2,0.0033,0.0077,0.4306,19,0,68894.3672,19600
42,108,Kyoto_Small,eval_slack,FaithfulMAPPER,3600,8,128,54,0.4219,0.8047,0.1953,769.1111,192.2778,0.5804,1.0000,245.1731,540.3530,1240.6864,1.0000,19.7517,17.9376,917.0139,204.0574,75.8906,9486.3281,0,0,0.0000,0.0000,0.0000,0.0000,0,0.5243,0.4757,1.0000,2.0000,flat,0.3219,0.6160,1.2476,1.3333,0.8047,0.0000,0.0000,2,0.0003,0.0028,0.3678,11,1,66997.0625,9714
42,109,Kyoto_Small,eval_slack,FaithfulMAPPER,3600,8,128,51,0.3984,0.9141,0.0859,758.2549,252.7516,0.4491,1.0003,225.0638,458.2449,1131.2705,1.0000,19.5607,17.7516,887.8028,170.1772,155.8984,19487.3047,0,0,0.0000,0.0000,0.0000,0.0000,0,0.4359,0.5641,1.0000,2.0000,flat,0.4201,0.8685,1.2483,1.1760,0.9141,0.0000,0.0000,2,0.0014,0.0078,0.4217,14,1,57694.7969,19955
42,110,Kyoto_Small,eval_slack,FaithfulMAPPER,3600,8,110,56,0.5091,0.9364,0.0636,707.5357,235.8452,0.4772,1.0006,253.2115,407.8200,1007.6920,0.7959,19.8360,17.9809,821.9937,195.8125,68.9091,8613.6367,0,0,0.0000,0.0000,0.0000,0.0000,0,0.5437,0.4563,1.0000,2.0000,flat,0.3933,0.7889,1.2888,1.5844,0.9364,0.0000,51.6731,2,0.0042,0.0092,0.4403,11,1,56430.7500,7580
42,111,Kyoto_Small,eval_normal,FaithfulMAPPER,3600,8,157,81,0.5159,0.9172,0.0828,702.2099,175.5525,0.5442,1.0004,298.3108,386.4828,1153.9988,0.7737,19.9086,18.8546,890.1656,168.6049,105.5350,13191.8789,0,0,0.0000,0.0000,0.0000,0.0000,0,0.5625,0.4375,1.0000,2.0000,flat,0.3978,0.7235,1.2858,1.2394,0.9172,0.0000,67.5111,2,0.0028,0.0071,0.3814,13,1,93473.9062,16569
42,112,Kyoto_Small,eval_normal,FaithfulMAPPER,3600,8,128,61,0.4766,0.9062,0.0938,638.5410,159.6352,0.5672,1.0003,266.4074,443.3393,1213.1825,0.9108,19.7588,18.3259,951.4426,182.3480,84.8516,10606.4453,0,0,0.0000,0.0000,0.0000,0.0000,0,0.5259,0.4741,1.0000,2.0000,flat,0.3423,0.6329,1.2742,1.1849,0.9062,0.0000,23.7709,2,0.0019,0.0064,0.3958,10,1,74004.1328,10861
42,113,Kyoto_Small,eval_normal,FaithfulMAPPER,3600,8,152,76,0.5000,0.9211,0.0789,958.9079,239.7270,0.6066,1.0006,279.5217,675.5667,1195.6537,0.8555,20.0891,18.3004,935.3123,166.1103,60.0066,7500.8223,0,0,0.0000,0.0000,0.0000,0.0000,0,0.5429,0.4571,1.0013,2.0000,flat,0.3423,0.6371,1.2330,1.4490,0.9211,0.0000,40.3910,2,0.0044,0.0097,0.4220,14,1,90869.6797,9121
42,114,Kyoto_Small,eval_stress_light,FaithfulMAPPER,3600,8,122,75,0.6148,0.9016,0.0984,672.7200,168.1800,0.5076,1.0000,218.1449,401.3125,1014.3378,0.9300,19.8934,18.4579,881.1474,196.2614,43.9098,5488.7295,0,0,0.0000,0.0000,0.0000,0.0000,0,0.6818,0.3182,1.0000,2.0000,flat,0.2624,0.4820,1.2797,1.3023,0.9016,0.0000,15.2774,2,0.0003,0.0017,0.4379,12,2,76075.3359,5357
42,115,Kyoto_Small,eval_stress_light,FaithfulMAPPER,3600,8,140,56,0.4000,0.8357,0.1643,692.5000,230.8333,0.4697,1.0005,268.2245,473.8542,1276.5751,0.9519,20.0199,18.4766,926.9988,180.1797,142.0357,17754.4648,0,0,0.0000,0.0000,0.0000,0.0000,0,0.4786,0.5214,1.0007,2.0000,flat,0.2925,0.5444,1.2643,1.4120,0.8357,0.0000,12.9095,2,0.0044,0.0082,0.3426,10,1,71488.2031,19885
42,116,Kyoto_Small,eval_stress_light,FaithfulMAPPER,3600,8,138,70,0.5072,0.8913,0.1087,837.8714,279.2905,0.4994,1.0001,290.7742,551.9464,1315.0508,0.9045,19.7914,18.6943,954.5043,203.6408,33.5072,4188.4058,0,0,0.0000,0.0000,0.0000,0.0000,0,0.5691,0.4309,1.0000,2.0000,flat,0.3707,0.6905,1.2346,1.0729,0.8913,0.0000,27.7640,2,0.0011,0.0031,0.3967,13,1,92053.5547,4624
42,117,Kyoto_Small,eval_stress_heavy,FaithfulMAPPER,3600,8,129,58,0.4496,0.8527,0.1473,884.8621,442.4310,0.3420,1.0004,329.6667,492.3478,1288.6940,0.7818,19.9022,18.1544,903.2333,189.4025,163.7287,20466.0859,0,0,0.0000,0.0000,0.0000,0.0000,0,0.5273,0.4727,1.0000,2.0000,flat,0.4091,0.8478,1.2658,1.2112,0.8527,0.0000,71.9279,2,0.0025,0.0092,0.3308,14,1,74744.2500,21121
42,118,Kyoto_Small,eval_stress_heavy,FaithfulMAPPER,3600,8,127,63,0.4961,0.9134,0.0866,670.6349,335.3175,0.2819,1.0006,263.6667,411.8214,1121.1215,0.8504,19.8715,17.5182,839.3484,177.6020,137.6850,17210.6309,0,0,0.0000,0.0000,0.0000,0.0000,0,0.5431,0.4569,1.0021,2.0000,flat,0.2471,0.4393,1.2667,1.4795,0.9134,0.0000,39.4424,2,0.0047,0.0084,0.4162,9,2,70630.6484,17486
42,119,Kyoto_Small,eval_stress_heavy,FaithfulMAPPER,3600,8,133,63,0.4737,0.8797,0.1203,600.6031,300.3016,0.2797,1.0001,200.5091,369.5357,1075.9567,1.0000,19.3772,18.2595,828.3815,169.7652,43.3308,5416.3535,0,0,0.0000,0.0000,0.0000,0.0000,0,0.5385,0.4615,1.0000,2.0000,flat,0.4080,0.8138,1.2836,1.4313,0.8797,0.0000,0.0000,2,0.0008,0.0046,0.4498,14,1,67785.2656,5763
42,120,Kyoto_Small,eval_slack,Hybrid,3600,8,128,48,0.3750,0.6719,0.3281,887.2917,221.8229,0.5885,1.0004,331.4000,493.1429,1248.5692,0.7535,19.7517,17.9341,985.9391,228.9634,42.6406,5330.0781,0,0,0.0867,0.0000,0.0000,0.0000,164,0.5581,0.4419,1.0008,2.0000,flat,0.1957,0.3504,1.2503,1.2933,0.6719,0.0000,81.6862,2,0.0033,0.0078,0.3262,6,2,59931.3242,5458
42,121,Kyoto_Small,eval_slack,Hybrid,3600,8,128,54,0.4219,0.7266,0.2734,732.4815,183.1204,0.6185,1.0005,299.8039,420.2353,1330.7990,0.8878,19.3563,17.6478,1024.0198,208.4046,69.7109,8713.8672,0,0,0.0965,0.0000,0.0000,0.0000,237,0.5806,0.4194,1.0000,2.0000,flat,0.2704,0.5045,1.2576,1.2009,0.7266,0.0000,33.6441,2,0.0028,0.0098,0.3302,9,1,71863.1406,8923
42,122,Kyoto_Small,eval_slack,Hybrid,3600,8,110,62,0.5636,0.8636,0.1364,749.5323,149.9065,0.6857,1.0002,251.8214,457.0784,1162.1072,0.9230,19.7316,17.8820,872.8131,215.0174,67.2727,8409.0908,0,0,0.0149,0.0000,0.0000,1.0000,180,0.6526,0.3474,1.0000,2.0000,flat,0.3155,0.5759,1.3012,1.3481,0.8636,0.0000,19.4000,2,0.0011,0.0048,0.3849,10,2,72050.6406,7400
42,123,Kyoto_Small,eval_normal,Hybrid,3600,8,157,65,0.4140,0.8471,0.1529,717.4923,143.4985,0.6505,1.0003,259.0164,484.5965,1285.0929,0.9923,19.9086,18.8546,940.6528,182.7195,81.6115,10201.4336,0,0,0.1046,0.0000,0.0000,0.0000,259,0.4887,0.5113,1.0000,2.0000,flat,0.2946,0.5825,1.3042,1.1583,0.8471,0.0000,1.9978,2,0.0022,0.0063,0.3627,12,1,83531.0391,12813
42,124,Kyoto_Small,eval_normal,Hybrid,3600,8,128,56,0.4375,0.8828,0.1172,677.6071,169.4018,0.5790,1.0001,229.3019,485.1346,1236.3635,1.0000,19.7588,18.2546,968.5402,184.0911,155.5078,19438.4766,0,0,0.1009,0.0000,0.0000,0.0000,229,0.4956,0.5044,1.0008,2.0000,flat,0.2752,0.4931,1.2610,1.3020,0.8828,0.0000,0.0000,2,0.0008,0.0035,0.3671,9,1,69236.3594,19905
42,125,Kyoto_Small,eval_normal,Hybrid,3600,8,152,64,0.4211,0.8421,0.1579,950.9375,237.7344,0.5256,1.0016,286.9434,673.3878,1278.4177,0.8911,20.0891,18.2988,984.7040,177.0498,104.3618,13045.2305,0,0,0.1257,0.0000,0.0000,1.0000,218,0.5000,0.5000,1.0000,2.0000,flat,0.2354,0.4308,1.2183,1.4198,0.8421,0.0000,31.2598,2,0.0111,0.0153,0.3426,8,0,81818.7344,15863
42,126,Kyoto_Small,eval_stress_light,Hybrid,3600,8,122,61,0.5000,0.8279,0.1721,689.0164,344.5082,0.3708,1.0003,242.6038,421.9200,1186.9913,0.9785,19.8920,17.3932,926.8538,206.9209,68.6311,8578.8936,0,0,0.0951,0.0000,0.0000,0.0000,212,0.6040,0.3960,1.0000,2.0000,flat,0.3363,0.5955,1.2922,1.2324,0.8279,0.0000,5.2055,2,0.0019,0.0063,0.3766,9,1,72406.4688,8373
42,127,Kyoto_Small,eval_stress_light,Hybrid,3600,8,140,56,0.4000,0.7357,0.2643,803.7321,267.9107,0.4547,1.0001,285.5200,544.6470,1347.7510,0.9441,20.0199,18.4766,1019.2883,194.5718,97.7429,12217.8574,0,0,0.0391,0.0000,0.0000,1.0000,196,0.5437,0.4563,1.0000,2.0000,flat,0.3186,0.5693,1.2612,1.3646,0.7357,0.0000,15.9698,2,0.0008,0.0036,0.3458,9,1,75474.0547,13684
42,128,Kyoto_Small,eval_stress_light,Hybrid,3600,8,138,52,0.3768,0.8333,0.1667,926.0961,308.6987,0.4207,1.0002,336.4375,536.3261,1519.7034,0.9034,19.7914,18.6943,992.4171,214.8683,81.6812,10210.1445,0,0,0.0901,0.0000,0.0000,0.0000,218,0.4522,0.5478,1.0000,2.0000,flat,0.3493,0.7330,1.2370,1.1170,0.8333,0.0000,32.4968,2,0.0011,0.0054,0.3259,11,1,79024.5703,11272
42,129,Kyoto_Small,eval_stress_heavy,Hybrid,3600,8,129,59,0.4574,0.8062,0.1938,845.3390,422.6695,0.3634,1.0002,341.8793,463.0909,1333.7900,0.7803,19.9022,18.1544,939.5671,202.5615,97.0388,12129.8447,0,0,0.0585,0.0000,0.0000,1.0000,184,0.5673,0.4327,1.0000,2.0000,flat,0.1955,0.3567,1.2495,1.2923,0.8062,0.0000,75.1213,2,0.0017,0.0061,0.3971,7,2,78693.6172,12518
42,130,Kyoto_Small,eval_stress_heavy,Hybrid,3600,8,127,60,0.4724,0.8031,0.1969,752.5500,376.2750,0.3639,1.0003,288.6296,545.2500,1290.4406,0.8942,19.5661,17.4505,905.4343,194.1021,56.1575,7019.6851,0,0,0.0730,0.0000,0.0000,0.0000,186,0.5882,0.4118,1.0000,2.0000,flat,0.2019,0.3807,1.2684,1.3536,0.8031,0.0000,30.5415,2,0.0019,0.0061,0.3572,8,2,77426.4375,7132
42,131,Kyoto_Small,eval_stress_heavy,Hybrid,3600,8,133,61,0.4586,0.7368,0.2632,635.9836,317.9918,0.3582,1.0001,247.7966,396.0179,1192.4475,0.9624,19.0188,17.4550,927.7227,182.3670,57.3835,7172.9321,0,0,0.0284,0.0000,0.0000,0.0000,184,0.6224,0.3776,1.0006,2.0000,flat,0.3258,0.5939,1.2688,1.3927,0.7368,0.0000,9.3071,2,0.0008,0.0032,0.4127,10,1,72739.2969,7632
42,132,Kyoto_Small,eval_slack,TamAlwaysAccept,3600,8,128,51,0.3984,0.5938,0.4062,820.3922,164.0784,0.7394,1.0001,305.6667,500.4167,1326.5912,0.8680,19.7517,17.9112,1020.2661,262.4593,50.8594,6357.4219,0,0,0.0000,0.0000,0.0000,0.0000,0,0.6711,0.3289,1.0000,2.0000,flat,0.1910,0.3536,1.2434,1.2950,0.5938,0.0000,40.3484,2,0.0003,0.0033,0.2989,7,2,67656.1484,6510
42,133,Kyoto_Small,eval_slack,TamAlwaysAccept,3600,8,128,49,0.3828,0.6172,0.3828,768.1429,153.6286,0.7216,1.0001,320.9149,414.2500,1335.5690,0.8324,18.7971,17.3415,1081.5188,235.5054,49.1328,6141.6016,0,0,0.0000,0.0000,0.0000,0.0000,0,0.6203,0.3797,1.0000,2.0000,flat,0.2246,0.4370,1.2464,1.2352,0.6172,0.0000,53.8011,2,0.0006,0.0041,0.2954,8,2,65442.8789,6289
42,134,Kyoto_Small,eval_slack,TamAlwaysAccept,3600,8,110,55,0.5000,0.7455,0.2545,712.2727,142.4545,0.6767,1.0007,275.9608,452.6200,1293.3301,0.9373,19.5154,17.6275,953.8836,245.5187,32.4909,4061.3635,0,0,0.0000,0.0000,0.0000,0.0000,0,0.6707,0.3293,1.0000,2.0000,flat,0.2173,0.3857,1.2972,1.3381,0.7455,0.0000,17.2948,2,0.0042,0.0109,0.3344,7,2,71133.1562,3574
42,135,Kyoto_Small,eval_normal,TamAlwaysAccept,3600,8,157,60,0.3822,0.7962,0.2038,746.4000,186.6000,0.6043,1.0001,300.4000,446.6731,1326.5334,0.8832,19.9086,18.8546,980.4487,189.0144,197.7006,24712.5801,0,0,0.0000,0.0000,0.0000,0.0000,0,0.4800,0.5200,1.0000,2.0000,flat,0.3036,0.5487,1.3103,1.1712,0.7962,0.0000,35.0933,2,0.0008,0.0043,0.3282,10,1,79592.0078,31039
42,136,Kyoto_Small,eval_normal,TamAlwaysAccept,3600,8,128,61,0.4766,0.7578,0.2422,772.6066,257.5355,0.4793,1.0001,267.6182,507.0200,1397.0940,1.0000,19.7588,18.3129,1073.0150,199.1988,47.0078,5875.9766,0,0,0.0000,0.0000,0.0000,0.0000,0,0.6289,0.3711,1.0000,2.0000,flat,0.2167,0.3929,1.2829,1.2125,0.7578,0.0000,0.0000,2,0.0008,0.0041,0.3472,8,2,85222.7344,6017
42,137,Kyoto_Small,eval_normal,TamAlwaysAccept,3600,8,152,52,0.3421,0.6974,0.3026,932.8654,186.5731,0.6619,1.0001,318.2292,609.0204,1602.7437,1.0000,19.9321,17.9613,1089.3154,207.8638,101.8882,12736.0195,0,0,0.0000,0.0000,0.0000,0.0000,0,0.4906,0.5094,1.0007,2.0000,flat,0.1800,0.3370,1.2271,1.3030,0.6974,0.0000,0.0000,2,0.0011,0.0036,0.3176,6,1,83342.6641,15487
42,138,Kyoto_Small,eval_stress_light,TamAlwaysAccept,3600,8,122,59,0.4836,0.7295,0.2705,704.3220,176.0805,0.5133,1.0004,278.6182,454.8182,1266.3682,0.9090,19.8920,17.1671,999.1028,213.1638,32.9918,4123.9756,0,0,0.0000,0.0000,0.0000,0.0000,0,0.6629,0.3371,1.0000,2.0000,flat,0.1840,0.3263,1.3087,1.2098,0.7295,0.0000,25.3446,2,0.0028,0.0086,0.3502,7,2,74715.7188,4025
42,139,Kyoto_Small,eval_stress_light,TamAlwaysAccept,3600,8,140,45,0.3214,0.6214,0.3786,935.1778,311.7259,0.4815,1.0000,292.7805,629.3182,1589.8462,1.0000,19.6351,18.3182,1130.7302,217.1790,56.8357,7104.4644,0,0,0.0000,0.0000,0.0000,0.0000,0,0.5172,0.4828,1.0000,2.0000,flat,0.3043,0.5399,1.2685,1.3215,0.6214,0.0000,0.0000,2,0.0006,0.0021,0.2934,7,1,71543.0781,7957
42,140,Kyoto_Small,eval_stress_light,TamAlwaysAccept,3600,8,138,53,0.3841,0.7464,0.2536,848.9245,212.2311,0.5325,1.0002,352.2449,499.7800,1486.9110,0.8442,19.7914,18.3617,1064.9720,239.2945,74.7609,9345.1084,0,0,0.0000,0.0000,0.0000,0.0000,0,0.5146,0.4854,1.0000,2.0000,flat,0.3090,0.5590,1.2297,1.1796,0.7464,0.0000,54.8627,2,0.0011,0.0048,0.3282,9,1,78806.2812,10317
42,141,Kyoto_Small,eval_stress_heavy,TamAlwaysAccept,3600,8,129,55,0.4264,0.7674,0.2326,807.0182,403.5091,0.3589,1.0001,308.6415,474.5098,1406.8512,0.9116,19.9022,18.1544,959.9517,206.3949,93.2558,11656.9766,0,0,0.0000,0.0000,0.0000,0.0000,0,0.5556,0.4444,1.0010,2.0000,flat,0.2364,0.4631,1.2691,1.2203,0.7674,0.0000,27.2713,2,0.0006,0.0048,0.3488,9,2,77376.8125,12030
42,142,Kyoto_Small,eval_stress_heavy,TamAlwaysAccept,3600,8,127,65,0.5118,0.7323,0.2677,696.4769,348.2385,0.3549,1.0005,282.6610,414.4915,1287.8314,0.9112,19.5661,16.9312,931.8643,213.2738,31.4409,3930.1182,0,0,0.0000,0.0000,0.0000,0.0000,0,0.6989,0.3011,1.0000,2.0000,flat,0.1472,0.3162,1.2762,1.3096,0.7323,0.0000,25.0947,2,0.0036,0.0088,0.3614,9,4,83709.0391,3993
42,143,Kyoto_Small,eval_stress_heavy,TamAlwaysAccept,3600,8,133,64,0.4812,0.7444,0.2556,739.9688,246.6562,0.3849,1.0001,260.2203,466.4286,1271.3970,0.9772,19.3627,18.0497,931.5196,191.5542,49.1353,6141.9175,0,0,0.0000,0.0000,0.0000,0.0000,0,0.6465,0.3535,1.0008,2.0000,flat,0.2939,0.5774,1.2679,1.3990,0.7444,0.0000,5.9409,2,0.0003,0.0033,0.3580,12,2,81369.4062,6535
42,144,Kyoto_Small,eval_slack,CongestionAware,3600,8,128,73,0.5703,1.0000,0.0000,827.1096,165.4219,0.7348,1.0002,205.1642,614.0961,990.0938,0.9652,19.7537,18.1549,799.6271,171.2587,104.2969,13037.1094,0,0,0.0000,0.0000,0.0000,0.0000,0,0.5703,0.4297,1.0000,2.0000,flat,0.3677,0.6428,1.2644,0.0000,1.0000,0.0000,7.1454,2,0.0011,0.0050,0.5163,12,0,72276.8516,13350
42,145,Kyoto_Small,eval_slack,CongestionAware,3600,8,128,73,0.5703,1.0000,0.0000,670.4658,111.7443,0.7631,1.0007,281.5873,417.8269,1149.8983,0.8167,19.5607,17.7516,839.4874,166.2143,104.4844,13060.5469,0,0,0.0000,0.0000,0.0000,0.0000,0,0.5703,0.4297,1.0010,2.0000,flat,0.3390,0.5978,1.2421,0.0000,1.0000,0.0000,51.6077,2,0.0031,0.0144,0.4893,12,1,83942.5781,13374
42,146,Kyoto_Small,eval_slack,CongestionAware,3600,8,110,69,0.6273,1.0000,0.0000,730.2464,121.7077,0.7793,1.0002,272.1552,477.0444,1044.5029,0.7676,20.1420,18.0842,792.4923,189.7080,123.4455,15430.6816,0,0,0.0000,0.0000,0.0000,0.0000,0,0.6273,0.3727,1.0027,2.0000,flat,0.2738,0.5126,1.3076,0.0000,1.0000,0.0000,63.2546,2,0.0014,0.0047,0.4205,13,1,72070.7031,13579
42,147,Kyoto_Small,eval_normal,CongestionAware,3600,8,157,76,0.4841,1.0000,0.0000,651.6447,130.3289,0.7277,1.0003,188.0000,450.3548,1067.2604,1.0000,19.9086,18.8579,836.1594,158.1653,145.8981,18237.2617,0,0,0.0000,0.0000,0.0000,0.0000,0,0.4841,0.5159,1.0016,2.0000,flat,0.3058,0.5450,1.2819,0.0000,1.0000,0.0000,0.0000,2,0.0025,0.0060,0.4731,15,1,81111.7891,22906
42,148,Kyoto_Small,eval_normal,CongestionAware,3600,8,128,66,0.5156,1.0000,0.0000,822.0757,164.4151,0.6777,1.0003,243.6852,651.6364,1038.6534,0.8525,19.7838,18.5696,889.0086,172.4605,118.0625,14757.8125,0,0,0.0000,0.0000,0.0000,0.0000,0,0.5156,0.4844,1.0011,2.0000,flat,0.3420,0.6082,1.2658,0.0000,1.0000,0.0000,35.9545,2,0.0019,0.0061,0.4669,13,1,68551.1250,15112
42,149,Kyoto_Small,eval_normal,CongestionAware,3600,8,152,69,0.4539,1.0000,0.0000,785.7391,157.1478,0.7196,1.0005,231.6429,553.0961,1132.5432,0.9778,20.1236,18.7786,883.7838,160.4765,123.0461,15380.7568,0,0,0.0000,0.0000,0.0000,0.0000,0,0.4539,0.5461,1.0000,2.0000,flat,0.3417,0.6110,1.2501,0.0000,1.0000,0.0000,5.1342,2,0.0028,0.0095,0.5259,16,2,78145.4766,18703
42,150,Kyoto_Small,eval_stress_light,CongestionAware,3600,8,122,65,0.5328,1.0000,0.0000,753.4000,188.3500,0.5927,1.0004,308.2076,417.3810,1118.7209,0.7260,19.8934,18.5240,819.6650,184.9306,148.1148,18514.3438,0,0,0.0000,0.0000,0.0000,0.0000,0,0.5328,0.4672,1.0000,2.0000,flat,0.1415,0.2566,1.2819,0.0000,1.0000,0.0000,84.4634,2,0.0031,0.0078,0.5043,12,5,72716.8594,18070
42,151,Kyoto_Small,eval_stress_light,CongestionAware,3600,8,140,57,0.4071,1.0000,0.0000,716.3860,179.0965,0.5283,1.0002,179.5745,545.8205,1025.2227,1.0000,20.0199,18.4766,821.1459,157.0539,195.5786,24447.3223,0,0,0.0000,0.0000,0.0000,0.0000,0,0.4071,0.5929,1.0000,2.0000,flat,0.2391,0.4370,1.2886,0.0000,1.0000,0.0000,0.0000,2,0.0017,0.0053,0.5382,12,2,58437.6914,27381
42,152,Kyoto_Small,eval_stress_light,CongestionAware,3600,8,138,57,0.4130,1.0000,0.0000,707.7193,176.9298,0.5738,1.0003,197.9804,527.6744,1065.1531,1.0000,19.7914,18.7006,880.0954,186.2003,168.3333,21041.6660,0,0,0.0000,0.0000,0.0000,0.0000,0,0.4130,0.5870,1.0008,2.0000,flat,0.2681,0.4861,1.2170,0.0000,1.0000,0.0000,0.0000,2,0.0019,0.0074,0.4663,14,2,60713.7227,23230
42,153,Kyoto_Small,eval_stress_heavy,CongestionAware,3600,8,129,42,0.3256,1.0000,0.0000,782.3333,260.7778,0.4475,1.0002,286.6945,560.6061,1113.7242,0.7769,19.9353,18.3324,810.4536,162.5477,235.6899,29461.2402,0,0,0.0000,0.0000,0.0000,0.0000,0,0.3256,0.6744,1.0000,2.0000,flat,0.2971,0.5570,1.2578,0.0000,1.0000,0.0000,63.9496,2,0.0008,0.0058,0.5299,11,0,46776.4180,30404
42,154,Kyoto_Small,eval_stress_heavy,CongestionAware,3600,8,127,50,0.3937,1.0000,0.0000,877.1200,292.3733,0.4378,1.0004,218.4634,787.8975,977.6157,0.8950,19.8715,18.0439,796.2191,166.8427,146.8268,18353.3457,0,0,0.0000,0.0000,0.0000,0.0000,0,0.3937,0.6063,1.0011,2.0000,flat,0.3000,0.5768,1.2852,0.0000,1.0000,0.0000,22.9403,2,0.0022,0.0078,0.5125,17,1,48880.7891,18647
42,155,Kyoto_Small,eval_stress_heavy,CongestionAware,3600,8,133,48,0.3609,1.0000,0.0000,744.5000,248.1667,0.4422,1.0003,202.5116,564.5555,909.5959,0.8983,20.0621,18.8460,758.4052,153.1238,387.6165,48452.0664,0,0,0.0000,0.0000,0.0000,0.0000,0,0.3609,0.6391,1.0000,2.0000,flat,0.3100,0.5755,1.3014,0.0000,1.0000,0.0000,20.5925,2,0.0017,0.0065,0.5042,13,0,43660.6016,51553
42,156,Kyoto_Small,eval_slack,TrafficFlow,3600,8,128,77,0.6016,1.0000,0.0000,891.5195,148.5866,0.7914,1.0004,228.8485,606.2182,1154.4937,1.0000,19.7537,18.1549,799.6271,171.2587,92.6719,11583.9844,0,0,0.0000,0.0000,0.0000,0.0000,0,0.6016,0.3984,1.0000,2.0000,flat,0.3021,0.5363,1.2644,0.0000,1.0000,0.0000,0.0000,2,0.0033,0.0066,0.4936,12,0,88896.0078,11862
42,157,Kyoto_Small,eval_slack,TrafficFlow,3600,8,128,78,0.6094,1.0000,0.0000,729.2692,121.5449,0.7781,1.0019,187.3382,478.5938,1114.5586,1.0000,19.5607,17.7516,839.4874,166.2143,83.4922,10436.5234,0,0,0.0000,0.0000,0.0000,0.0000,0,0.6094,0.3906,1.0000,2.0000,flat,0.2917,0.5263,1.2421,0.0000,1.0000,0.0000,0.0000,2,0.0178,0.0167,0.5247,14,2,86935.5625,10687
42,158,Kyoto_Small,eval_slack,TrafficFlow,3600,8,110,64,0.5818,1.0000,0.0000,758.0938,126.3490,0.7544,1.0002,191.1786,565.2708,1019.3876,1.0000,20.1420,18.0842,792.4923,189.7080,91.9182,11489.7725,0,0,0.0000,0.0000,0.0000,0.0000,0,0.5818,0.4182,1.0000,2.0000,flat,0.3419,0.6912,1.3076,0.0000,1.0000,0.0000,0.0000,2,0.0019,0.0054,0.4711,15,0,65240.8047,10111
42,159,Kyoto_Small,eval_normal,TrafficFlow,3600,8,157,72,0.4586,1.0000,0.0000,845.9722,169.1944,0.7266,1.0002,221.7727,607.1228,1048.4764,0.9455,19.9086,18.8579,836.1594,158.1653,142.6815,17835.1914,0,0,0.0000,0.0000,0.0000,0.0000,0,0.4586,0.5414,1.0009,2.0000,flat,0.2602,0.4680,1.2819,0.0000,1.0000,0.0000,12.0774,2,0.0017,0.0052,0.4826,12,1,75490.3047,22401
42,160,Kyoto_Small,eval_normal,TrafficFlow,3600,8,128,65,0.5078,1.0000,0.0000,774.8154,154.9631,0.7150,1.0008,304.9286,560.0909,1262.8615,0.8283,19.7838,18.5696,889.0086,172.4605,105.7578,13219.7266,0,0,0.0000,0.0000,0.0000,0.0000,0,0.5078,0.4922,1.0000,2.0000,flat,0.1700,0.3072,1.2658,0.0000,1.0000,0.0000,52.3563,2,0.0044,0.0119,0.4798,9,3,82085.9922,13537
42,161,Kyoto_Small,eval_normal,TrafficFlow,3600,8,152,63,0.4145,1.0000,0.0000,727.6349,145.5270,0.6265,1.0002,237.0182,457.1304,1102.2476,0.9301,20.1236,18.7786,883.7838,160.4765,146.8092,18351.1504,0,0,0.0000,0.0000,0.0000,0.0000,0,0.4145,0.5855,1.0000,2.0000,flat,0.3606,0.6527,1.2501,0.0000,1.0000,0.0000,16.5687,2,0.0011,0.0061,0.5101,14,1,69441.6016,22315
42,162,Kyoto_Small,eval_stress_light,TrafficFlow,3600,8,122,50,0.4098,1.0000,0.0000,865.2600,216.3150,0.5381,1.0003,244.8409,645.8158,958.8887,0.7833,19.8934,18.5240,819.6650,184.9306,116.1311,14516.3936,0,0,0.0000,0.0000,0.0000,0.0000,0,0.4098,0.5902,1.0000,2.0000,flat,0.2698,0.4949,1.2819,0.0000,1.0000,0.0000,53.0632,2,0.0017,0.0074,0.4946,13,3,47944.4336,14168
42,163,Kyoto_Small,eval_stress_light,TrafficFlow,3600,8,140,60,0.4286,1.0000,0.0000,799.7000,199.9250,0.5724,1.0002,179.4400,688.4583,995.5797,1.0000,20.0199,18.4766,821.1459,157.0539,102.3786,12797.3213,1,0,0.0000,0.0000,0.0000,0.0000,0,0.4286,0.5714,1.0000,2.0000,flat,0.2407,0.4351,1.2886,0.0000,1.0000,0.0000,0.0000,2,0.0014,0.0051,0.5430,15,4,59734.7812,14333
42,164,Kyoto_Small,eval_stress_light,TrafficFlow,3600,8,138,51,0.3696,1.0000,0.0000,795.1961,198.7990,0.5568,1.0003,262.5111,609.0513,1104.4697,0.8415,19.7914,18.7006,880.0954,186.2003,126.4638,15807.9707,0,0,0.0000,0.0000,0.0000,0.0000,0,0.3696,0.6304,1.0000,2.0000,flat,0.2857,0.5281,1.2170,0.0000,1.0000,0.0000,41.6172,2,0.0019,0.0074,0.4362,14,3,56327.9531,17452
42,165,Kyoto_Small,eval_stress_heavy,TrafficFlow,3600,8,129,43,0.3333,1.0000,0.0000,906.8372,302.2791,0.4288,1.0029,216.7027,614.8182,1267.2235,1.0000,19.9353,18.3324,810.4536,162.5477,149.8992,18737.4023,0,0,0.0000,0.0000,0.0000,0.0000,0,0.3333,0.6667,1.0043,2.0000,flat,0.2842,0.5237,1.2578,0.0000,1.0000,0.0000,0.0000,2,0.0106,0.0325,0.4595,13,1,54490.6133,19337
42,166,Kyoto_Small,eval_stress_heavy,TrafficFlow,3600,8,127,48,0.3780,1.0000,0.0000,894.8958,298.2986,0.4317,1.0008,237.0930,729.0789,944.3574,0.7966,19.8715,18.0439,796.2191,166.8427,73.2992,9162.4014,0,0,0.0000,0.0000,0.0000,0.0000,0,0.3780,0.6220,1.0000,2.0000,flat,0.3400,0.6175,1.2852,0.0000,1.0000,0.0000,48.2215,2,0.0039,0.0131,0.5036,16,1,45329.1523,9309
42,167,Kyoto_Small,eval_stress_heavy,TrafficFlow,3600,8,133,50,0.3759,1.0000,0.0000,720.0600,240.0200,0.4509,1.0001,159.2439,531.1714,794.9532,0.9984,20.0621,18.8460,758.4052,153.1238,92.1353,11516.9170,0,0,0.0000,0.0000,0.0000,0.0000,0,0.3759,0.6241,1.0000,2.0000,flat,0.3333,0.6052,1.3014,0.0000,1.0000,0.0000,0.2533,2,0.0008,0.0052,0.5333,16,1,39747.6562,12254
42,168,Kyoto_Small,eval_slack,TokenPassing,3600,8,128,77,0.6016,1.0000,0.0000,843.8571,140.6429,0.8213,1.0006,293.2381,496.3207,1125.2692,0.7675,19.7537,18.1549,799.6271,171.2587,53.5234,6690.4297,0,0,0.0000,0.0000,0.0000,0.0000,0,0.6016,0.3984,1.0000,2.0000,flat,0.3952,0.7065,1.2644,0.0000,1.0000,0.0000,68.1843,2,0.0039,0.0098,0.4835,12,0,86645.7266,6851
42,169,Kyoto_Small,eval_slack,TokenPassing,3600,8,128,73,0.5703,1.0000,0.0000,732.0548,146.4110,0.7439,1.0010,234.2381,514.5185,1108.2124,0.9462,19.5607,17.7516,839.4874,166.2143,55.5469,6943.3594,0,0,0.0000,0.0000,0.0000,0.0000,0,0.5703,0.4297,1.0000,2.0000,flat,0.3242,0.5768,1.2421,0.0000,1.0000,0.0000,12.5956,2,0.0056,0.0140,0.5336,14,1,80899.5078,7110
42,170,Kyoto_Small,eval_slack,TokenPassing,3600,8,110,68,0.6182,1.0000,0.0000,646.1323,107.6887,0.7542,1.0002,209.4098,476.5000,1057.1135,1.0000,20.1420,18.0842,792.4923,189.7080,45.7455,5718.1816,0,0,0.0000,0.0000,0.0000,0.0000,0,0.6182,0.3818,1.0000,2.0000,flat,0.2321,0.4286,1.3076,0.0000,1.0000,0.0000,0.0000,2,0.0014,0.0041,0.4892,12,2,71883.7266,5032
42,171,Kyoto_Small,eval_normal,TokenPassing,3600,8,157,81,0.5159,1.0000,0.0000,716.4815,143.2963,0.6966,1.0004,200.1471,443.9474,1012.0018,1.0000,19.9086,18.8579,836.1594,158.1653,74.0446,9255.5732,0,0,0.0000,0.0000,0.0000,0.0000,0,0.5159,0.4841,1.0000,2.0000,flat,0.3309,0.6028,1.2819,0.0000,1.0000,0.0000,0.0000,2,0.0036,0.0072,0.4866,16,1,81972.1484,11625
42,172,Kyoto_Small,eval_normal,TokenPassing,3600,8,128,71,0.5547,1.0000,0.0000,701.2394,140.2479,0.6528,1.0003,215.3448,506.0833,1021.9483,0.9491,19.7838,18.5696,889.0086,172.4605,54.2188,6777.3438,0,0,0.0000,0.0000,0.0000,0.0000,0,0.5547,0.4453,1.0000,2.0000,flat,0.2888,0.5241,1.2658,0.0000,1.0000,0.0000,10.9552,2,0.0025,0.0071,0.5048,12,1,72558.3281,6940
42,173,Kyoto_Small,eval_normal,TokenPassing,3600,8,152,72,0.4737,1.0000,0.0000,796.5278,159.3056,0.6518,1.0006,261.1035,570.1277,1087.8462,0.8333,20.1236,18.7786,883.7838,160.4765,76.3026,9537.8291,0,0,0.0000,0.0000,0.0000,0.0000,0,0.4737,0.5263,1.0016,2.0000,flat,0.3625,0.6700,1.2501,0.0000,1.0000,0.0000,43.5342,2,0.0033,0.0100,0.4880,18,1,78324.9297,11598
42,174,Kyoto_Small,eval_stress_light,TokenPassing,3600,8,122,52,0.4262,1.0000,0.0000,866.6539,216.6635,0.5668,1.0004,213.6956,703.9535,1043.4662,0.9766,19.8934,18.5240,819.6650,184.9306,61.0328,7629.0981,0,0,0.0000,0.0000,0.0000,0.0000,0,0.4262,0.5738,1.0000,2.0000,flat,0.2163,0.3859,1.2819,0.0000,1.0000,0.0000,5.0024,2,0.0025,0.0085,0.4979,12,3,54260.2383,7446
42,175,Kyoto_Small,eval_stress_light,TokenPassing,3600,8,140,72,0.5143,1.0000,0.0000,706.8472,176.7118,0.5360,1.0001,196.0714,513.7083,1158.8964,1.0000,20.0199,18.4766,821.1459,157.0539,55.5286,6941.0713,0,0,0.0000,0.0000,0.0000,0.0000,0,0.5143,0.4857,1.0000,2.0000,flat,0.2611,0.4690,1.2886,0.0000,1.0000,0.0000,0.0000,2,0.0011,0.0040,0.5692,17,4,83440.5391,7774
42,176,Kyoto_Small,eval_stress_light,TokenPassing,3600,8,138,47,0.3406,1.0000,0.0000,843.5745,210.8936,0.5697,1.0001,229.9024,673.2308,1185.1447,1.0000,19.7914,18.7006,880.0954,186.2003,77.6304,9703.8047,0,0,0.0000,0.0000,0.0000,0.0000,0,0.3406,0.6594,1.0000,2.0000,flat,0.2829,0.5833,1.2170,0.0000,1.0000,0.0000,0.0000,2,0.0006,0.0029,0.4539,16,4,55701.8008,10713
42,177,Kyoto_Small,eval_stress_heavy,TokenPassing,3600,8,129,44,0.3411,1.0000,0.0000,909.0000,303.0000,0.4220,1.0002,146.6757,753.3243,1160.7424,1.0000,19.9353,18.3324,810.4536,162.5477,104.8450,13105.6201,0,0,0.0000,0.0000,0.0000,0.0000,0,0.3411,0.6589,1.0000,2.0000,flat,0.2439,0.4717,1.2578,0.0000,1.0000,0.0000,0.0000,2,0.0011,0.0052,0.5643,12,1,51072.6680,13525
42,178,Kyoto_Small,eval_stress_heavy,TokenPassing,3600,8,127,48,0.3780,1.0000,0.0000,892.8750,297.6250,0.4333,1.0004,310.0000,690.7879,1058.4863,0.6829,19.8715,18.0439,796.2191,166.8427,101.9055,12738.1895,0,0,0.0000,0.0000,0.0000,0.0000,0,0.3780,0.6220,1.0000,2.0000,flat,0.3077,0.5756,1.2852,0.0000,1.0000,0.0000,98.3027,2,0.0022,0.0091,0.4939,12,1,50807.3438,12942
42,179,Kyoto_Small,eval_stress_heavy,TokenPassing,3600,8,133,46,0.3459,1.0000,0.0000,831.7391,277.2464,0.4459,1.0001,222.8718,599.8000,850.8515,0.7635,20.0621,18.8460,758.4052,153.1238,132.1654,16520.6758,0,0,0.0000,0.0000,0.0000,0.0000,0,0.3459,0.6541,1.0000,2.0000,flat,0.2971,0.5345,1.3014,0.0000,1.0000,0.0000,52.7015,2,0.0006,0.0039,0.5072,12,1,39139.1680,17578
42,180,Kyoto_Small,eval_slack,PIBT,3600,8,128,48,0.3750,1.0000,0.0000,1238.1041,176.8720,0.8874,1.0002,285.7857,1021.1177,1164.6398,0.8150,19.7537,18.1549,799.6271,171.2587,53.7578,6719.7266,0,0,0.0000,0.0000,0.0000,0.0000,0,0.3750,0.6250,1.0016,2.0000,flat,0.3811,0.6843,1.2644,0.0000,1.0000,0.0000,52.8578,2,0.0017,0.0058,0.3726,8,0,55902.7070,6881
42,181,Kyoto_Small,eval_slack,PIBT,3600,8,128,47,0.3672,1.0000,0.0000,1214.1063,173.4438,0.8755,1.0005,281.8333,936.2903,1202.7694,0.8535,19.5607,17.7516,839.4874,166.2143,72.6406,9080.0781,0,0,0.0000,0.0000,0.0000,0.0000,0,0.3672,0.6328,1.0000,2.0000,flat,0.2800,0.5244,1.2421,0.0000,1.0000,0.0000,41.2795,2,0.0039,0.0082,0.3921,7,1,56530.1641,9298
42,182,Kyoto_Small,eval_slack,PIBT,3600,8,110,39,0.3545,1.0000,0.0000,1259.0256,179.8608,0.8873,1.0001,225.1935,1038.2122,1147.6937,1.0000,20.1420,18.0842,792.4923,189.7080,77.2545,9656.8184,0,0,0.0000,0.0000,0.0000,0.0000,0,0.3545,0.6455,1.0000,2.0000,flat,0.3500,0.6236,1.3076,0.0000,1.0000,0.0000,0.0000,2,0.0011,0.0042,0.3742,7,0,44760.0547,8498
42,183,Kyoto_Small,eval_normal,PIBT,3600,8,157,46,0.2930,1.0000,0.0000,1128.0217,188.0036,0.7515,1.0003,312.8889,837.5938,1200.2076,0.7672,19.9086,18.8579,836.1594,158.1653,141.2357,17654.4590,0,0,0.0000,0.0000,0.0000,0.0000,0,0.2930,0.7070,1.0000,2.0000,flat,0.2981,0.5565,1.2819,0.0000,1.0000,0.0000,72.8474,2,0.0022,0.0078,0.4178,8,0,55209.5547,22174
42,184,Kyoto_Small,eval_normal,PIBT,3600,8,128,34,0.2656,1.0000,0.0000,1179.7354,235.9471,0.7329,1.0004,310.6774,929.8519,1146.2085,0.7379,19.7838,18.5696,889.0086,172.4605,98.4609,12307.6172,0,0,0.0000,0.0000,0.0000,0.0000,0,0.2656,0.7344,1.0000,2.0000,flat,0.2974,0.5506,1.2658,0.0000,1.0000,0.0000,81.4357,2,0.0025,0.0081,0.3526,6,0,38971.0898,12603
42,185,Kyoto_Small,eval_normal,PIBT,3600,8,152,51,0.3355,1.0000,0.0000,1025.4117,205.0824,0.7349,1.0003,293.0513,857.7273,1053.7704,0.7192,20.1236,18.7786,883.7838,160.4765,128.0000,16000.0000,0,0,0.0000,0.0000,0.0000,0.0000,0,0.3355,0.6645,1.0000,2.0000,flat,0.2381,0.4338,1.2501,0.0000,1.0000,0.0000,82.2972,2,0.0025,0.0059,0.4278,9,1,53742.2930,19456
42,186,Kyoto_Small,eval_stress_light,PIBT,3600,8,122,29,0.2377,1.0000,0.0000,1122.8276,280.7069,0.6038,1.0002,319.4000,944.3913,1176.2249,0.7365,19.8934,18.5240,819.6650,184.9306,124.3934,15549.1807,0,0,0.0000,0.0000,0.0000,0.0000,0,0.2377,0.7623,1.0000,2.0000,flat,0.2067,0.4020,1.2819,0.0000,1.0000,0.0000,84.1550,2,0.0014,0.0041,0.3727,6,1,34110.5195,15176
42,187,Kyoto_Small,eval_stress_light,PIBT,3600,8,140,41,0.2929,1.0000,0.0000,1062.0000,265.5000,0.5957,1.0024,214.8000,755.2000,903.2512,0.8410,20.0199,18.4766,821.1459,157.0539,183.6857,22960.7148,0,0,0.0000,0.0000,0.0000,0.0000,0,0.2929,0.7071,1.0046,2.0000,flat,0.1667,0.2999,1.2886,0.0000,1.0000,0.0000,34.1498,2,0.0133,0.0209,0.4059,8,3,37033.2969,25716
42,188,Kyoto_Small,eval_stress_light,PIBT,3600,8,138,41,0.2971,1.0000,0.0000,1017.7561,254.4390,0.5958,1.0005,248.2857,763.6250,967.4957,0.7793,19.7914,18.7006,880.0954,186.2003,143.8696,17983.6953,0,0,0.0000,0.0000,0.0000,0.0000,0,0.2971,0.7029,1.0014,2.0000,flat,0.1286,0.2507,1.2170,0.0000,1.0000,0.0000,54.7866,2,0.0033,0.0093,0.4101,7,3,39667.3242,19854
42,189,Kyoto_Small,eval_stress_heavy,PIBT,3600,8,129,31,0.2403,1.0000,0.0000,1055.1613,351.7204,0.4519,1.0001,330.0769,724.0000,1137.6599,0.6893,19.9353,18.3324,810.4536,162.5477,146.7054,18338.1777,0,0,0.0000,0.0000,0.0000,0.0000,0,0.2403,0.7597,1.0000,2.0000,flat,0.2963,0.5316,1.2578,0.0000,1.0000,0.0000,102.5450,2,0.0003,0.0033,0.4403,9,1,35267.4570,18925
42,190,Kyoto_Small,eval_stress_heavy,PIBT,3600,8,127,33,0.2598,1.0000,0.0000,1112.4546,370.8182,0.4477,1.0003,267.5357,807.9583,1005.2711,0.7515,19.8715,18.0439,796.2191,166.8427,150.8031,18850.3945,0,0,0.0000,0.0000,0.0000,0.0000,0,0.2598,0.7402,1.0000,2.0000,flat,0.3556,0.6479,1.2852,0.0000,1.0000,0.0000,66.4815,2,0.0011,0.0077,0.5305,9,0,33173.9453,19152
42,191,Kyoto_Small,eval_stress_heavy,PIBT,3600,8,133,34,0.2556,1.0000,0.0000,1294.2941,431.4314,0.4513,1.0011,207.4231,979.6500,1075.1642,1.0000,20.0621,18.8460,758.4052,153.1238,166.6090,20826.1270,0,0,0.0000,0.0000,0.0000,0.0000,0,0.2556,0.7444,1.0000,2.0000,flat,0.3143,0.5933,1.3014,0.0000,1.0000,0.0000,0.0000,2,0.0058,0.0140,0.4960,9,0,36555.5820,22159
42,192,LosAngeles_Small,eval_slack,MAPPO,3600,8,129,38,0.2946,0.8527,0.1473,1203.7894,401.2632,0.4044,1.0003,279.4516,964.6957,1257.3802,0.8999,23.3982,21.9962,935.3279,240.8183,344.2868,43035.8516,0,0,0.0000,0.0000,0.0000,0.0000,0,0.3455,0.6545,1.0000,2.0000,flat,0.1833,0.3590,1.2612,1.4096,0.8527,0.0000,27.9756,2,0.0014,0.0083,0.4505,12,5,47780.4492,44413
42,193,LosAngeles_Small,eval_slack,MAPPO,3600,8,125,36,0.2880,0.9360,0.0640,735.3611,245.1204,0.4224,1.0002,189.1613,600.3104,1149.2260,1.0000,24.3266,21.7589,988.8528,205.0488,770.7680,96346.0000,0,0,0.0000,0.0000,0.0000,0.0000,0,0.3077,0.6923,1.0000,2.0000,flat,0.5791,1.4374,1.1600,1.2193,0.9360,0.0000,0.0000,2,0.0008,0.0073,0.3296,18,1,41372.1328,96346
42,194,LosAngeles_Small,eval_slack,MAPPO,3600,8,135,42,0.3111,0.9556,0.0444,842.8333,421.4167,0.3181,1.0001,242.9722,588.6896,1040.2694,0.8563,23.8920,22.2562,835.8873,184.5138,545.1630,68145.3672,0,0,0.0000,0.0000,0.0000,0.0000,0,0.3256,0.6744,1.0000,2.0000,flat,0.4333,0.8127,1.2796,0.9677,0.9556,0.0000,34.9184,2,0.0008,0.0054,0.4517,15,1,43691.3164,73597
42,195,LosAngeles_Small,eval_normal,MAPPO,3600,8,128,50,0.3906,0.9609,0.0391,803.2600,401.6300,0.3523,1.0002,219.6190,629.3611,1155.8717,1.0000,22.8964,21.1821,900.6414,209.8592,132.7109,16588.8672,0,0,0.0000,0.0000,0.0000,0.0000,0,0.4065,0.5935,1.0000,2.0000,flat,0.4497,0.8631,1.2355,1.1938,0.9609,0.0000,0.0000,2,0.0011,0.0070,0.4496,14,1,57793.5859,16987
42,196,LosAngeles_Small,eval_normal,MAPPO,3600,8,132,64,0.4848,0.9470,0.0530,779.9531,259.9844,0.4660,1.0001,265.3518,480.3404,1367.2178,1.0000,23.7894,20.1182,874.7542,200.3114,124.0606,15507.5762,0,0,0.0000,0.0000,0.0000,0.0000,0,0.5120,0.4880,1.0000,2.0000,flat,0.3717,0.6700,1.2433,1.0848,0.9470,0.0000,0.0000,2,0.0006,0.0035,0.4539,14,1,87501.9375,16376
42,197,LosAngeles_Small,eval_normal,MAPPO,3600,8,130,64,0.4923,0.9692,0.0308,740.1094,370.0547,0.3260,1.0002,190.8491,581.0476,857.6505,0.8988,24.0061,20.4826,709.0249,199.9001,202.7846,25348.0762,0,0,0.0000,0.0000,0.0000,0.0000,0,0.5079,0.4921,1.0000,2.0000,flat,0.4231,0.7731,1.2777,1.1588,0.9692,0.0000,19.3190,2,0.0011,0.0061,0.4930,15,1,54889.6328,26362
42,198,LosAngeles_Small,eval_stress_light,MAPPO,3600,8,128,68,0.5312,0.9844,0.0156,670.8235,335.4118,0.3178,1.0003,226.2667,435.6793,1092.2573,0.9655,23.9032,21.2350,944.8358,215.6054,67.1641,8395.5078,0,0,0.0000,0.0000,0.0000,0.0000,0,0.5397,0.4603,1.0000,2.0000,flat,0.1871,0.3329,1.2649,1.6066,0.9844,0.0000,7.8152,2,0.0028,0.0062,0.4866,10,3,74273.5000,8597
42,199,LosAngeles_Small,eval_stress_light,MAPPO,3600,8,114,43,0.3772,0.9474,0.0526,919.6279,0.0000,0.1046,1.0001,276.9487,638.4516,1149.8990,0.8304,23.9016,21.2860,818.7108,229.0161,261.1316,32641.4473,0,0,0.0000,0.0000,0.0000,0.0000,0,0.3981,0.6019,1.0000,2.0000,flat,0.3973,0.7385,1.2495,1.2311,0.9474,0.0000,46.9689,2,0.0003,0.0033,0.4553,9,1,49445.6562,29769
42,200,LosAngeles_Small,eval_stress_light,MAPPO,3600,8,109,57,0.5229,0.9725,0.0275,785.4035,785.4035,0.2070,1.0003,311.4118,481.8095,1385.2405,0.8897,22.9668,21.8797,906.2850,228.7436,226.0275,28253.4395,0,0,0.0000,0.0000,0.0000,0.0000,0,0.5377,0.4623,1.0000,2.0000,flat,0.3121,0.5548,1.2896,1.2852,0.9725,0.0000,34.3637,2,0.0017,0.0073,0.3954,10,1,78958.7109,24637
42,201,LosAngeles_Small,eval_stress_heavy,MAPPO,3600,8,143,62,0.4336,0.9860,0.0140,769.9355,384.9677,0.3445,1.0002,194.9107,562.5870,989.1133,1.0000,22.9464,20.6644,796.4172,187.7129,370.5385,46317.3086,0,0,0.0000,0.0000,0.0000,0.0000,0,0.4397,0.5603,1.0009,2.0000,flat,0.4582,0.9675,1.2417,1.6029,0.9860,0.0000,0.0000,2,0.0014,0.0059,0.4253,17,0,61325.0234,52987
42,202,LosAngeles_Small,eval_stress_heavy,MAPPO,3600,8,133,80,0.6015,0.9624,0.0376,684.3375,684.3375,0.1994,1.0006,202.0986,450.7931,919.4296,0.9099,22.8195,20.5460,807.3442,204.0486,80.7293,10091.1650,0,0,0.0000,0.0000,0.0000,0.0000,0,0.6250,0.3750,1.0008,2.0000,flat,0.4205,0.7539,1.2581,1.5730,0.9624,0.0000,18.2127,2,0.0047,0.0083,0.4871,14,1,73554.3672,10737
42,203,LosAngeles_Small,eval_stress_heavy,MAPPO,3600,8,139,58,0.4173,0.9424,0.0576,718.7759,718.7759,0.1511,1.0000,261.4118,444.2791,1128.5598,0.8634,23.8219,21.5015,898.1500,199.6211,238.1942,29774.2812,0,0,0.0000,0.0000,0.0000,0.0000,0,0.4427,0.5573,1.0000,2.0000,flat,0.2934,0.5255,1.2929,1.1173,0.9424,0.0000,35.6998,1,0.0000,0.0000,0.4741,10,1,65456.4727,33109
42,204,LosAngeles_Small,eval_slack,FaithfulMAPPER,3600,8,129,56,0.4341,0.8140,0.1860,907.6607,181.5321,0.6591,1.0001,313.1923,537.3265,1335.9755,0.8531,23.3982,19.1428,983.5116,223.3007,94.4884,11811.0469,0,0,0.0000,0.0000,0.0000,0.0000,0,0.5333,0.4667,1.0000,2.0000,flat,0.1879,0.3480,1.3048,1.1880,0.8140,0.0000,45.9972,2,0.0006,0.0029,0.3453,7,2,74814.6250,12189
42,205,LosAngeles_Small,eval_slack,FaithfulMAPPER,3600,8,125,52,0.4160,0.8720,0.1280,789.0000,157.8000,0.6465,1.0002,292.9608,468.3192,1327.9557,0.9066,24.3266,21.6344,1047.8109,210.5783,101.6800,12710.0000,0,0,0.0000,0.0000,0.0000,0.0000,0,0.4771,0.5229,1.0000,2.0000,flat,0.2574,0.5235,1.1417,1.3139,0.8720,0.0000,27.3697,2,0.0011,0.0056,0.3699,9,2,69053.6953,12710
42,206,LosAngeles_Small,eval_slack,FaithfulMAPPER,3600,8,135,64,0.4741,0.8148,0.1852,823.2812,164.6562,0.6913,1.0001,287.7321,432.0909,1118.1591,0.7772,23.8920,22.2562,936.9681,212.3775,57.1926,7149.0742,0,0,0.0000,0.0000,0.0000,0.0000,0,0.5818,0.4182,1.0000,2.0000,flat,0.1868,0.3361,1.2697,1.2484,0.8148,0.0000,64.1003,2,0.0006,0.0036,0.4113,8,2,71562.1797,7721
42,207,LosAngeles_Small,eval_normal,FaithfulMAPPER,3600,8,128,49,0.3828,0.8516,0.1484,714.8571,238.2857,0.4236,1.0001,277.5116,459.8837,1292.4821,0.9315,22.8643,21.0605,980.0073,234.7937,106.6953,13336.9141,0,0,0.0000,0.0000,0.0000,0.0000,0,0.4495,0.5505,1.0000,2.0000,flat,0.3759,0.6810,1.2124,1.3569,0.8516,0.0000,19.0152,2,0.0003,0.0033,0.3719,8,1,63331.6211,13657
42,208,LosAngeles_Small,eval_normal,FaithfulMAPPER,3600,8,132,64,0.4848,0.8485,0.1515,795.3438,265.1146,0.4135,1.0001,309.6607,509.8367,1288.3818,0.8321,23.7894,20.4620,945.0129,210.1772,109.0227,13627.8408,0,0,0.0000,0.0000,0.0000,0.0000,0,0.5714,0.4286,1.0013,2.0000,flat,0.3827,0.6998,1.2423,1.1935,0.8485,0.0000,51.9843,2,0.0008,0.0037,0.3652,11,1,82456.4375,14391
42,209,LosAngeles_Small,eval_normal,FaithfulMAPPER,3600,8,130,68,0.5231,0.7846,0.2154,682.1177,227.3726,0.4849,1.0002,211.7692,417.5000,1028.9856,0.9718,23.8649,20.2665,813.8135,243.3162,68.9923,8624.0381,0,0,0.0000,0.0000,0.0000,0.0000,0,0.6667,0.3333,1.0011,2.0000,flat,0.2667,0.4778,1.2999,1.1798,0.7846,0.0000,5.9721,2,0.0014,0.0044,0.4410,10,1,69971.0156,8969
42,210,LosAngeles_Small,eval_stress_light,FaithfulMAPPER,3600,8,128,51,0.3984,0.9141,0.0859,842.1569,421.0784,0.3431,1.0002,287.7872,553.8444,1281.4579,0.8906,23.9032,21.0306,996.3833,233.4415,90.2031,11275.3906,0,0,0.0000,0.0000,0.0000,0.0000,0,0.4359,0.5641,1.0000,2.0000,flat,0.2909,0.5154,1.2918,1.0417,0.9141,0.0000,31.4957,2,0.0011,0.0058,0.3841,8,1,65354.3555,11546
42,211,LosAngeles_Small,eval_stress_light,FaithfulMAPPER,3600,8,114,53,0.4649,0.8509,0.1491,726.6038,181.6509,0.5172,1.0002,290.2292,477.1333,1265.7787,0.8723,21.4729,20.0159,878.2106,241.3873,30.7105,3838.8157,0,0,0.0000,0.0000,0.0000,0.0000,0,0.5464,0.4536,1.0000,2.0000,flat,0.2398,0.4360,1.2202,1.4102,0.8509,0.0000,37.0734,2,0.0019,0.0049,0.3711,7,2,67086.2734,3501
42,212,LosAngeles_Small,eval_stress_light,FaithfulMAPPER,3600,8,109,66,0.6055,0.9266,0.0734,807.2121,269.0707,0.4216,1.0000,305.3051,458.4151,1178.5488,0.7720,22.9668,21.8797,938.6396,238.3219,40.8899,5111.2388,0,0,0.0000,0.0000,0.0000,0.0000,0,0.6535,0.3465,1.0000,2.0000,flat,0.3008,0.5410,1.2985,1.1757,0.9266,0.0000,69.5953,2,0.0003,0.0024,0.4005,10,1,77784.2266,4457
42,213,LosAngeles_Small,eval_stress_heavy,FaithfulMAPPER,3600,8,143,84,0.5874,0.9231,0.0769,665.9524,221.9841,0.4128,1.0000,222.0137,463.4857,1128.2935,1.0000,22.9464,20.5992,833.6415,194.8666,39.3706,4921.3286,0,0,0.0000,0.0000,0.0000,0.0000,0,0.6364,0.3636,1.0000,2.0000,flat,0.2436,0.4283,1.2312,1.4337,0.9231,0.0000,0.0000,2,0.0003,0.0021,0.4301,11,2,94776.6484,5630
42,214,LosAngeles_Small,eval_stress_heavy,FaithfulMAPPER,3600,8,133,54,0.4060,0.8722,0.1278,652.8889,326.4445,0.3531,1.0001,217.3019,448.7358,981.3683,0.9032,22.8195,20.4277,863.6664,216.7780,105.3684,13171.0527,0,0,0.0000,0.0000,0.0000,0.0000,0,0.4655,0.5345,1.0000,2.0000,flat,0.3690,0.7102,1.2629,1.3182,0.8722,0.0000,21.0282,2,0.0006,0.0060,0.3721,11,1,52993.8906,14014
42,215,LosAngeles_Small,eval_stress_heavy,FaithfulMAPPER,3600,8,139,57,0.4101,0.8849,0.1151,844.6842,422.3421,0.3284,1.0001,321.2000,527.8043,1405.4380,0.8751,23.8219,21.5015,963.8057,206.4546,129.3094,16163.6689,0,0,0.0000,0.0000,0.0000,0.0000,0,0.4634,0.5366,1.0000,2.0000,flat,0.3121,0.6308,1.2753,1.3407,0.8849,0.0000,40.1124,2,0.0003,0.0042,0.3292,10,2,80109.9688,17974
42,216,LosAngeles_Small,eval_slack,Hybrid,3600,8,129,57,0.4419,0.7752,0.2248,829.0877,165.8175,0.7434,1.0002,310.8462,564.4905,1348.9363,0.8679,23.3982,20.6340,1006.1694,248.4462,48.4961,6062.0156,0,0,0.0919,0.0000,0.0000,0.0000,211,0.5700,0.4300,1.0000,2.0000,flat,0.2083,0.3807,1.2980,1.2316,0.7752,0.0000,41.0589,2,0.0017,0.0048,0.3232,8,2,76889.3672,6256
42,217,LosAngeles_Small,eval_slack,Hybrid,3600,8,125,42,0.3360,0.7600,0.2400,804.1667,201.0417,0.6169,1.0012,329.2632,453.1026,1685.2755,1.0000,24.2372,21.4776,1142.4462,221.8455,59.1120,7389.0000,0,0,0.0919,0.0000,0.0000,0.0000,191,0.4421,0.5579,1.0016,2.0000,flat,0.2792,0.5916,1.1484,1.2123,0.7600,0.0000,0.0000,2,0.0069,0.0170,0.2939,9,1,70781.5703,7389
42,218,LosAngeles_Small,eval_slack,Hybrid,3600,8,135,51,0.3778,0.7704,0.2296,789.3726,157.8745,0.7090,1.0001,259.1702,502.5833,1133.7515,0.8749,23.8920,22.2045,965.4443,221.6716,117.6667,14708.3330,0,0,0.1205,0.0000,0.0000,1.0000,178,0.4904,0.5096,1.0000,2.0000,flat,0.3280,0.6792,1.2494,1.3205,0.7704,0.0000,32.4199,2,0.0006,0.0024,0.3542,11,0,57821.3281,15885
42,219,LosAngeles_Small,eval_normal,Hybrid,3600,8,128,48,0.3750,0.7734,0.2266,820.1042,205.0260,0.5271,1.0002,269.0435,544.9583,1374.0366,1.0000,22.6650,20.7143,1027.2974,243.7057,48.3359,6041.9922,0,0,0.0855,0.0000,0.0000,0.0000,180,0.4848,0.5152,1.0020,2.0000,flat,0.3261,0.5817,1.1920,1.3767,0.7734,0.0000,0.0000,2,0.0019,0.0054,0.3430,8,1,65953.7578,6187
42,220,LosAngeles_Small,eval_normal,Hybrid,3600,8,132,55,0.4167,0.8409,0.1591,835.8364,167.1673,0.6266,1.0001,316.7059,516.0208,1270.6075,0.8024,23.7894,20.4573,956.5882,215.0608,158.5909,19823.8633,0,0,0.1389,0.0000,0.0000,0.0000,204,0.4955,0.5045,1.0000,2.0000,flat,0.2200,0.4020,1.2526,1.1413,0.8409,0.0000,62.5844,2,0.0008,0.0041,0.3431,7,1,69883.4141,20934
42,221,LosAngeles_Small,eval_normal,Hybrid,3600,8,130,62,0.4769,0.6769,0.3231,677.2258,169.3065,0.5445,1.0001,266.8364,413.6923,1156.9407,0.8672,22.8603,19.0759,885.7903,245.1304,30.3538,3794.2307,0,0,-0.0191,0.0000,0.0000,0.0000,149,0.7045,0.2955,1.0000,2.0000,flat,0.3143,0.6323,1.2701,1.2822,0.6769,0.0000,35.4482,2,0.0008,0.0034,0.3797,13,1,71730.3203,3946
42,222,LosAngeles_Small,eval_stress_light,Hybrid,3600,8,128,52,0.4062,0.8281,0.1719,737.5769,368.7885,0.3551,1.0003,238.2041,452.6531,1267.5687,1.0000,23.9032,21.0306,1061.5311,258.5823,77.4609,9682.6172,0,0,0.1437,0.0000,0.0000,0.0000,181,0.4906,0.5094,1.0000,2.0000,flat,0.2400,0.4290,1.2710,1.2667,0.8281,0.0000,0.0000,2,0.0022,0.0074,0.3613,8,1,65913.5781,9915
42,223,LosAngeles_Small,eval_stress_light,Hybrid,3600,8,114,45,0.3947,0.7632,0.2368,685.9778,228.6593,0.3927,1.0001,254.2857,428.6667,1243.0059,0.9776,21.3764,19.5410,938.7245,249.2568,104.3246,13040.5703,0,0,0.0753,0.0000,0.0000,0.0000,172,0.5172,0.4828,1.0000,2.0000,flat,0.4325,0.9073,1.2146,1.3578,0.7632,0.0000,5.6846,2,0.0006,0.0043,0.3658,12,0,55935.2656,11893
42,224,LosAngeles_Small,eval_stress_light,Hybrid,3600,8,109,53,0.4862,0.8257,0.1743,939.4717,313.1572,0.4584,1.0013,351.6531,595.0408,1438.6788,0.8182,22.8292,21.6439,1010.6786,271.0431,47.3119,5913.9907,0,0,0.0436,0.0000,0.0000,0.0000,174,0.5889,0.4111,1.0013,2.0000,flat,0.1933,0.3528,1.3127,1.1794,0.8257,0.0000,63.9173,2,0.0069,0.0160,0.3198,6,1,76249.9766,5157
42,225,LosAngeles_Small,eval_stress_heavy,Hybrid,3600,8,143,68,0.4755,0.8042,0.1958,624.9412,208.3137,0.4253,1.0013,226.8769,423.3539,1100.0032,0.9697,22.9464,20.1299,897.1588,200.3496,34.7483,4343.5312,0,0,0.0604,0.0000,0.0000,0.0000,223,0.5913,0.4087,1.0000,2.0000,flat,0.2341,0.4197,1.2528,1.2220,0.8042,0.0000,6.8763,2,0.0092,0.0136,0.3726,9,1,74800.2109,4969
42,226,LosAngeles_Small,eval_stress_heavy,Hybrid,3600,8,133,47,0.3534,0.8045,0.1955,766.3192,383.1596,0.3023,1.0000,265.6087,507.8696,1247.9674,0.9397,22.8195,19.2035,916.0938,207.7432,85.0301,10628.7598,0,0,0.0995,0.0000,0.0000,0.0000,211,0.4393,0.5607,1.0000,2.0000,flat,0.2461,0.4760,1.2537,1.3368,0.8045,0.0000,16.0152,2,0.0003,0.0028,0.3562,7,2,58654.4688,11309
42,227,LosAngeles_Small,eval_stress_heavy,Hybrid,3600,8,139,49,0.3525,0.8489,0.1511,931.0408,310.3470,0.3957,1.0001,355.5208,574.5600,1467.2826,0.8254,23.8219,21.3839,985.6913,216.1064,74.5899,9323.7412,0,0,0.1324,0.0000,0.0000,0.0000,201,0.4153,0.5847,1.0000,2.0000,flat,0.1907,0.3464,1.3027,1.1709,0.8489,0.0000,62.0643,2,0.0011,0.0037,0.3154,6,2,71896.8516,10368
42,228,LosAngeles_Small,eval_slack,TamAlwaysAccept,3600,8,129,47,0.3643,0.6434,0.3566,864.4042,144.0674,0.7877,1.0003,346.2857,557.6739,1527.6143,0.8823,23.2800,20.5911,1103.9648,277.3791,47.3178,5914.7285,0,0,0.0000,0.0000,0.0000,0.0000,0,0.5663,0.4337,1.0000,2.0000,flat,0.1574,0.2906,1.2871,1.2759,0.6434,0.0000,40.7628,2,0.0025,0.0054,0.2901,6,2,71797.8750,6104
42,229,LosAngeles_Small,eval_slack,TamAlwaysAccept,3600,8,125,45,0.3600,0.6960,0.3040,776.4667,155.2933,0.7435,1.0001,335.1395,439.4091,1607.0913,0.9591,24.2372,21.4395,1195.9491,250.5522,42.5200,5315.0000,0,0,0.0000,0.0000,0.0000,0.0000,0,0.5172,0.4828,1.0000,2.0000,flat,0.2348,0.4635,1.1440,1.2090,0.6960,0.0000,13.7213,2,0.0006,0.0027,0.3024,8,2,72319.1094,5315
42,230,LosAngeles_Small,eval_slack,TamAlwaysAccept,3600,8,135,57,0.4222,0.6667,0.3333,777.7018,129.6170,0.7543,1.0014,293.3396,465.7600,1304.4718,0.8894,23.8920,21.9221,1027.8866,242.7384,54.1704,6771.2964,0,0,0.0000,0.0000,0.0000,0.0000,0,0.6333,0.3667,1.0012,2.0000,flat,0.1667,0.3028,1.2455,1.3063,0.6667,0.0000,32.4453,2,0.0050,0.0201,0.3168,7,2,74354.8906,7313
42,231,LosAngeles_Small,eval_normal,TamAlwaysAccept,3600,8,128,41,0.3203,0.7188,0.2812,770.0244,192.5061,0.6083,1.0004,296.0769,482.7143,1412.0942,0.9539,22.6650,20.7811,1076.3132,262.6832,114.8359,14354.4922,0,0,0.0000,0.0000,0.0000,0.0000,0,0.4457,0.5543,1.0000,2.0000,flat,0.2708,0.4950,1.1932,1.3378,0.7188,0.0000,13.6581,2,0.0028,0.0071,0.3253,7,1,57895.8672,14699
42,232,LosAngeles_Small,eval_normal,TamAlwaysAccept,3600,8,132,47,0.3561,0.7500,0.2500,998.0425,199.6085,0.6370,1.0002,336.8000,672.2341,1420.3800,0.8435,23.7894,20.4232,1030.9736,229.8830,40.3258,5040.7197,0,0,0.0000,0.0000,0.0000,0.0000,0,0.4747,0.5253,1.0000,2.0000,flat,0.2539,0.4622,1.2286,1.2535,0.7500,0.0000,52.7240,2,0.0011,0.0049,0.2908,7,1,66757.8594,5323
42,233,LosAngeles_Small,eval_normal,TamAlwaysAccept,3600,8,130,54,0.4154,0.6154,0.3846,722.1852,144.4370,0.6562,1.0000,272.0378,433.9107,1187.7229,0.8732,22.2277,18.5624,922.2636,266.8561,28.4462,3555.7693,0,0,0.0000,0.0000,0.0000,0.0000,0,0.6750,0.3250,1.0000,2.0000,flat,0.2657,0.4844,1.2874,1.2527,0.6154,0.0000,34.4932,1,0.0000,0.0000,0.3596,9,1,64137.0352,3698
42,234,LosAngeles_Small,eval_stress_light,TamAlwaysAccept,3600,8,128,47,0.3672,0.7734,0.2266,798.9149,199.7287,0.5084,1.0001,290.5714,529.9286,1408.3098,0.9693,23.8930,20.9734,1101.8574,266.1790,66.6875,8335.9375,0,0,0.0000,0.0000,0.0000,0.0000,0,0.4747,0.5253,1.0000,2.0000,flat,0.2579,0.5017,1.2683,1.2770,0.7734,0.0000,8.9095,2,0.0008,0.0036,0.3211,7,1,66190.5625,8536
42,235,LosAngeles_Small,eval_stress_light,TamAlwaysAccept,3600,8,114,55,0.4825,0.7544,0.2456,691.2182,230.4061,0.4830,1.0000,301.0000,439.0000,1291.0790,0.8579,21.4729,20.0159,947.7324,255.8093,35.8421,4480.2632,0,0,0.0000,0.0000,0.0000,0.0000,0,0.6395,0.3605,1.0000,2.0000,flat,0.1500,0.2912,1.2108,1.3643,0.7544,0.0000,42.7842,1,0.0000,0.0000,0.3597,7,3,71009.3438,4086
42,236,LosAngeles_Small,eval_stress_light,TamAlwaysAccept,3600,8,109,48,0.4404,0.7706,0.2294,933.5833,233.3958,0.5353,1.0000,337.1522,573.8800,1492.3225,0.8853,22.5895,21.5681,1057.4240,287.4969,48.7339,6091.7432,0,0,0.0000,0.0000,0.0000,0.0000,0,0.5714,0.4286,1.0000,2.0000,flat,0.1630,0.2981,1.3186,1.1917,0.7706,0.0000,38.6877,1,0.0000,0.0000,0.3073,6,2,71631.4844,5312
42,237,LosAngeles_Small,eval_stress_heavy,TamAlwaysAccept,3600,8,143,66,0.4615,0.7343,0.2657,790.1061,263.3687,0.4053,1.0002,281.6032,489.8524,1220.3339,0.8667,22.7743,19.9117,959.8282,223.3630,34.3497,4293.7061,0,0,0.0000,0.0000,0.0000,0.0000,0,0.6286,0.3714,1.0000,2.0000,flat,0.1361,0.2449,1.2552,1.2234,0.7343,0.0000,37.5364,2,0.0019,0.0051,0.3570,7,3,80542.0391,4912
42,238,LosAngeles_Small,eval_stress_heavy,TamAlwaysAccept,3600,8,133,50,0.3759,0.6842,0.3158,791.6200,395.8100,0.3424,1.0000,308.4565,498.3556,1444.3627,0.9365,22.4698,19.7022,1010.4148,240.9701,44.0752,5509.3984,0,0,0.0000,0.0000,0.0000,0.0000,0,0.5495,0.4505,1.0000,2.0000,flat,0.1944,0.3464,1.2547,1.3029,0.6842,0.0000,19.5840,2,0.0003,0.0019,0.3492,6,2,72218.1328,5862
42,239,LosAngeles_Small,eval_stress_heavy,TamAlwaysAccept,3600,8,139,52,0.3741,0.7266,0.2734,750.4039,250.1346,0.3989,1.0000,296.7083,500.5454,1411.4126,0.9514,23.8219,21.3839,1074.8140,227.8509,45.1007,5637.5898,0,0,0.0000,0.0000,0.0000,0.0000,0,0.5149,0.4851,1.0000,2.0000,flat,0.1650,0.3057,1.2980,1.2423,0.7266,0.0000,14.4258,1,0.0000,0.0000,0.3446,7,2,73393.4531,6269
42,240,LosAngeles_Small,eval_slack,CongestionAware,3600,8,129,69,0.5349,1.0000,0.0000,843.7101,140.6184,0.7656,1.0002,228.8833,633.7843,1119.3392,0.9781,23.4000,22.0315,868.2529,208.3362,107.2403,13405.0391,0,0,0.0000,0.0000,0.0000,0.0000,0,0.5349,0.4651,1.0000,2.0000,flat,0.2651,0.4766,1.2831,0.0000,1.0000,0.0000,5.0155,2,0.0014,0.0051,0.4301,10,1,77234.4141,13834
42,241,LosAngeles_Small,eval_slack,CongestionAware,3600,8,125,65,0.5200,1.0000,0.0000,726.3846,121.0641,0.7808,1.0002,264.0000,471.0408,1247.9846,0.9454,24.3266,21.7965,950.2605,201.7419,84.8880,10611.0000,0,0,0.0000,0.0000,0.0000,0.0000,0,0.5200,0.4800,1.0000,2.0000,flat,0.3292,0.5827,1.1638,0.0000,1.0000,0.0000,14.4031,2,0.0019,0.0048,0.4620,11,0,81119.0000,10611
42,242,LosAngeles_Small,eval_slack,CongestionAware,3600,8,135,74,0.5481,1.0000,0.0000,787.4324,157.4865,0.7269,1.0002,267.8485,477.1786,980.9755,0.7325,24.1084,22.4875,817.3375,176.6603,82.6593,10332.4072,0,0,0.0000,0.0000,0.0000,0.0000,0,0.5481,0.4519,1.0000,2.0000,flat,0.3763,0.6755,1.2658,0.0000,1.0000,0.0000,71.6534,2,0.0011,0.0054,0.5073,16,1,72592.1875,11159
42,243,LosAngeles_Small,eval_normal,CongestionAware,3600,8,128,55,0.4297,1.0000,0.0000,743.3455,185.8364,0.5977,1.0003,244.5870,485.3171,1207.7322,0.9876,22.8964,21.1821,884.5166,207.2267,130.6094,16326.1719,0,0,0.0000,0.0000,0.0000,0.0000,0,0.4297,0.5703,1.0000,2.0000,flat,0.0816,0.1549,1.2339,0.0000,1.0000,0.0000,3.0405,2,0.0028,0.0068,0.4670,10,6,66425.2734,16718
42,244,LosAngeles_Small,eval_normal,CongestionAware,3600,8,132,65,0.4924,1.0000,0.0000,861.0615,172.2123,0.6725,1.0002,222.9808,633.6818,1131.7074,1.0000,23.7894,20.4917,844.1656,191.3216,122.8636,15357.9541,0,0,0.0000,0.0000,0.0000,0.0000,0,0.4924,0.5076,1.0000,2.0000,flat,0.3661,0.6507,1.2349,0.0000,1.0000,0.0000,0.0000,2,0.0014,0.0053,0.4820,13,1,73560.9844,16218
42,245,LosAngeles_Small,eval_normal,CongestionAware,3600,8,130,78,0.6000,1.0000,0.0000,727.0513,145.4102,0.7006,1.0003,215.3582,536.6604,851.4365,0.7907,24.0061,20.4826,704.2718,193.2374,96.2385,12029.8076,0,0,0.0000,0.0000,0.0000,0.0000,0,0.6000,0.4000,1.0000,2.0000,flat,0.2766,0.4904,1.2741,0.0000,1.0000,0.0000,45.0709,2,0.0019,0.0074,0.5180,14,2,66412.0391,12511
42,246,LosAngeles_Small,eval_stress_light,CongestionAware,3600,8,128,48,0.3750,1.0000,0.0000,906.8125,226.7031,0.5805,1.0001,197.6341,688.5946,1056.1680,1.0000,23.9032,21.2350,933.6560,212.4880,149.5078,18688.4766,0,0,0.0000,0.0000,0.0000,0.0000,0,0.3750,0.6250,1.0000,2.0000,flat,0.1825,0.3299,1.2703,0.0000,1.0000,0.0000,0.0000,2,0.0008,0.0045,0.4635,10,4,50696.0664,19137
42,247,LosAngeles_Small,eval_stress_light,CongestionAware,3600,8,114,53,0.4649,1.0000,0.0000,786.1698,196.5424,0.5566,1.0003,218.9545,546.1539,1034.9922,0.9454,23.9016,21.3212,789.5261,219.4651,123.5263,15440.7891,0,0,0.0000,0.0000,0.0000,0.0000,0,0.4649,0.5351,1.0009,2.0000,flat,0.2926,0.5263,1.2485,0.0000,1.0000,0.0000,11.9561,2,0.0017,0.0074,0.5194,12,2,54854.5820,14082
42,248,LosAngeles_Small,eval_stress_light,CongestionAware,3600,8,109,56,0.5138,1.0000,0.0000,843.7321,210.9330,0.5865,1.0002,211.6000,619.2143,986.5690,0.9325,22.9668,21.8811,892.1375,222.7929,87.4312,10928.8994,0,0,0.0000,0.0000,0.0000,0.0000,0,0.5138,0.4862,1.0000,2.0000,flat,0.1525,0.2700,1.2895,0.0000,1.0000,0.0000,14.2862,2,0.0014,0.0059,0.4841,11,5,55247.8633,9530
42,249,LosAngeles_Small,eval_stress_heavy,CongestionAware,3600,8,143,43,0.3007,1.0000,0.0000,1029.6046,343.2015,0.4305,1.0007,258.5263,648.9333,1046.1360,0.8093,22.9464,20.6644,789.5718,186.7577,197.8811,24735.1406,0,0,0.0000,0.0000,0.0000,0.0000,0,0.3007,0.6993,1.0017,2.0000,flat,0.2500,0.5192,1.2467,0.0000,1.0000,0.0000,49.2991,2,0.0033,0.0132,0.4476,9,0,44983.8477,28297
42,250,LosAngeles_Small,eval_stress_heavy,CongestionAware,3600,8,133,54,0.4060,1.0000,0.0000,604.5185,201.5062,0.4257,1.0004,155.5435,458.4474,756.8473,0.9732,22.8195,20.5460,792.1373,193.9050,148.9173,18614.6621,0,0,0.0000,0.0000,0.0000,0.0000,0,0.4060,0.5940,1.0000,2.0000,flat,0.3349,0.6002,1.2699,0.0000,1.0000,0.0000,4.1740,2,0.0022,0.0082,0.4960,17,2,40869.7539,19806
42,251,LosAngeles_Small,eval_stress_heavy,CongestionAware,3600,8,139,41,0.2950,1.0000,0.0000,801.9512,267.3171,0.4399,1.0002,233.1818,496.3448,1162.5774,0.9971,23.8219,21.5015,884.4291,188.5329,276.3453,34543.1641,0,0,0.0000,0.0000,0.0000,0.0000,0,0.2950,0.7050,1.0000,2.0000,flat,0.3889,0.6883,1.2828,0.0000,1.0000,0.0000,0.6664,2,0.0011,0.0078,0.4500,14,0,47665.6719,38412
42,252,LosAngeles_Small,eval_slack,TrafficFlow,3600,8,129,78,0.6047,1.0000,0.0000,907.0769,151.1795,0.8286,1.0000,296.1194,613.5102,1132.0731,0.7646,23.4000,22.0315,868.2529,208.3362,85.4264,10678.2949,0,0,0.0000,0.0000,0.0000,0.0000,0,0.6047,0.3953,1.0000,2.0000,flat,0.2759,0.5021,1.2831,0.0000,1.0000,0.0000,69.7048,2,0.0003,0.0019,0.4792,11,0,88301.7031,11020
42,253,LosAngeles_Small,eval_slack,TrafficFlow,3600,8,125,62,0.4960,1.0000,0.0000,684.0806,114.0134,0.7678,1.0003,199.7736,557.7059,1108.0587,1.0000,24.3266,21.7965,950.2605,201.7419,86.0080,10751.0000,0,0,0.0000,0.0000,0.0000,0.0000,0,0.4960,0.5040,1.0000,2.0000,flat,0.4298,0.8268,1.1638,0.0000,1.0000,0.0000,0.0000,2,0.0017,0.0068,0.4698,17,0,68699.6406,10751
42,254,LosAngeles_Small,eval_slack,TrafficFlow,3600,8,135,62,0.4593,1.0000,0.0000,833.7903,166.7581,0.7315,1.0002,198.5636,682.7021,1000.7592,1.0000,24.1084,22.4875,817.3375,176.6603,83.3630,10420.3701,0,0,0.0000,0.0000,0.0000,0.0000,0,0.4593,0.5407,1.0000,2.0000,flat,0.4000,0.7155,1.2658,0.0000,1.0000,0.0000,0.0000,2,0.0014,0.0058,0.5017,12,0,62047.0664,11254
42,255,LosAngeles_Small,eval_normal,TrafficFlow,3600,8,128,62,0.4844,1.0000,0.0000,664.7742,132.9548,0.6705,1.0002,172.2941,549.3111,1072.6523,1.0000,22.8964,21.1821,884.5166,207.2267,92.0000,11500.0000,0,0,0.0000,0.0000,0.0000,0.0000,0,0.4844,0.5156,1.0000,2.0000,flat,0.2116,0.3777,1.2339,0.0000,1.0000,0.0000,0.0000,2,0.0014,0.0046,0.4822,11,3,66504.4453,11776
42,256,LosAngeles_Small,eval_normal,TrafficFlow,3600,8,132,56,0.4242,1.0000,0.0000,910.1071,182.0214,0.6792,1.0003,233.6808,660.2619,1171.8417,1.0000,23.7894,20.4917,844.1656,191.3216,120.8712,15108.9014,0,0,0.0000,0.0000,0.0000,0.0000,0,0.4242,0.5758,1.0000,2.0000,flat,0.2857,0.5196,1.2349,0.0000,1.0000,0.0000,0.0000,2,0.0019,0.0064,0.4722,11,1,65623.1328,15955
42,257,LosAngeles_Small,eval_normal,TrafficFlow,3600,8,130,63,0.4846,1.0000,0.0000,946.6984,189.3397,0.6694,1.0016,187.8654,678.9302,845.8092,0.9004,24.0061,20.4826,704.2718,193.2374,138.0615,17257.6914,0,0,0.0000,0.0000,0.0000,0.0000,0,0.4846,0.5154,1.0000,2.0000,flat,0.2745,0.4851,1.2741,0.0000,1.0000,0.0000,18.7036,2,0.0117,0.0154,0.5384,12,2,53285.9805,17948
42,258,LosAngeles_Small,eval_stress_light,TrafficFlow,3600,8,128,47,0.3672,1.0000,0.0000,727.6383,181.9096,0.5221,1.0006,225.1000,483.6000,946.0967,0.8406,23.9032,21.2350,933.6560,212.4880,104.4688,13058.5938,0,0,0.0000,0.0000,0.0000,0.0000,0,0.3672,0.6328,1.0000,2.0000,flat,0.2886,0.5305,1.2703,0.0000,1.0000,0.0000,35.8807,2,0.0039,0.0106,0.4901,11,2,44466.5469,13372
42,259,LosAngeles_Small,eval_stress_light,TrafficFlow,3600,8,114,48,0.4211,1.0000,0.0000,625.5000,156.3750,0.5613,1.0002,199.3095,415.8974,1013.2991,1.0000,23.9016,21.3212,789.5261,219.4651,89.8158,11226.9736,0,0,0.0000,0.0000,0.0000,0.0000,0,0.4211,0.5789,1.0000,2.0000,flat,0.2063,0.3869,1.2485,0.0000,1.0000,0.0000,0.0000,2,0.0014,0.0062,0.4331,10,2,48638.3555,10239
42,260,LosAngeles_Small,eval_stress_light,TrafficFlow,3600,8,109,46,0.4220,1.0000,0.0000,867.7609,216.9402,0.5838,1.0002,245.4186,650.0811,1159.6473,0.9450,22.9668,21.8811,892.1375,222.7929,105.0734,13134.1738,0,0,0.0000,0.0000,0.0000,0.0000,0,0.4220,0.5780,1.0000,2.0000,flat,0.1667,0.3045,1.2895,0.0000,1.0000,0.0000,13.4891,2,0.0014,0.0053,0.4269,9,3,53343.7773,11453
42,261,LosAngeles_Small,eval_stress_heavy,TrafficFlow,3600,8,143,44,0.3077,1.0000,0.0000,984.4318,328.1440,0.4037,1.0002,197.2432,814.4667,851.9481,0.8639,22.9464,20.6644,789.5718,186.7577,186.9021,23362.7617,0,0,0.0000,0.0000,0.0000,0.0000,0,0.3077,0.6923,1.0000,2.0000,flat,0.4667,0.8714,1.2467,0.0000,1.0000,0.0000,26.8536,2,0.0011,0.0063,0.4957,18,0,37485.7188,26727
42,262,LosAngeles_Small,eval_stress_heavy,TrafficFlow,3600,8,133,42,0.3158,1.0000,0.0000,704.0714,234.6905,0.4340,1.0001,167.7179,544.7576,907.5464,1.0000,22.8195,20.5460,792.1373,193.9050,178.9549,22369.3613,0,0,0.0000,0.0000,0.0000,0.0000,0,0.3158,0.6842,1.0000,2.0000,flat,0.3886,0.7114,1.2699,0.0000,1.0000,0.0000,0.0000,2,0.0008,0.0048,0.4998,15,0,38116.9492,23801
42,263,LosAngeles_Small,eval_stress_heavy,TrafficFlow,3600,8,139,41,0.2950,1.0000,0.0000,746.5366,248.8455,0.4265,1.0003,180.0000,508.3333,1137.3627,1.0000,23.8219,21.5015,884.4291,188.5329,190.0288,23753.5977,0,0,0.0000,0.0000,0.0000,0.0000,0,0.2950,0.7050,1.0000,2.0000,flat,0.1071,0.2040,1.2828,0.0000,1.0000,0.0000,0.0000,2,0.0017,0.0065,0.5099,11,6,46631.8711,26414
42,264,LosAngeles_Small,eval_slack,TokenPassing,3600,8,129,69,0.5349,1.0000,0.0000,920.2754,184.0551,0.7466,1.0001,287.3276,629.1633,1198.7307,0.8344,23.4000,22.0315,868.2529,208.3362,97.9690,12246.1240,0,0,0.0000,0.0000,0.0000,0.0000,0,0.5349,0.4651,1.0000,2.0000,flat,0.2215,0.3997,1.2831,0.0000,1.0000,0.0000,47.5814,2,0.0006,0.0041,0.4543,11,2,82712.4141,12638
42,265,LosAngeles_Small,eval_slack,TokenPassing,3600,8,125,69,0.5520,1.0000,0.0000,654.8840,109.1473,0.7511,1.0003,199.9310,521.7500,1132.5035,1.0000,24.3266,21.7965,950.2605,201.7419,73.4960,9187.0000,0,0,0.0000,0.0000,0.0000,0.0000,0,0.5520,0.4480,1.0000,2.0000,flat,0.3519,0.6285,1.1638,0.0000,1.0000,0.0000,0.0000,2,0.0022,0.0066,0.4827,15,1,78142.7500,9187
42,266,LosAngeles_Small,eval_slack,TokenPassing,3600,8,135,77,0.5704,1.0000,0.0000,766.7922,127.7987,0.8168,1.0003,191.2388,615.7593,947.5613,0.9910,24.1084,22.4875,817.3375,176.6603,83.6000,10450.0000,0,0,0.0000,0.0000,0.0000,0.0000,0,0.5704,0.4296,1.0000,2.0000,flat,0.3066,0.5700,1.2658,0.0000,1.0000,0.0000,1.7265,2,0.0019,0.0069,0.5026,14,2,72962.2188,11286
42,267,LosAngeles_Small,eval_normal,TokenPassing,3600,8,128,50,0.3906,1.0000,0.0000,734.8400,146.9680,0.6252,1.0001,270.8182,432.8947,1050.3593,0.7757,22.8964,21.1821,884.5166,207.2267,109.9062,13738.2812,0,0,0.0000,0.0000,0.0000,0.0000,0,0.3906,0.6094,1.0000,2.0000,flat,0.3071,0.5820,1.2339,0.0000,1.0000,0.0000,60.7463,2,0.0008,0.0035,0.5242,12,0,52517.9648,14068
42,268,LosAngeles_Small,eval_normal,TokenPassing,3600,8,132,59,0.4470,1.0000,0.0000,761.0339,152.2068,0.7020,1.0002,259.7551,488.8750,1022.6686,0.7874,23.7894,20.4917,844.1656,191.3216,148.5909,18573.8633,0,0,0.0000,0.0000,0.0000,0.0000,0,0.4470,0.5530,1.0000,2.0000,flat,0.3324,0.5984,1.2349,0.0000,1.0000,0.0000,55.2214,2,0.0014,0.0049,0.4590,11,1,60337.4453,19614
42,269,LosAngeles_Small,eval_normal,TokenPassing,3600,8,130,77,0.5923,1.0000,0.0000,704.0649,140.8130,0.6903,1.0004,170.2623,525.3077,809.3173,0.9507,24.0061,20.4826,704.2718,193.2374,113.5077,14188.4619,0,0,0.0000,0.0000,0.0000,0.0000,0,0.5923,0.4077,1.0000,2.0000,flat,0.3078,0.5599,1.2741,0.0000,1.0000,0.0000,8.3988,2,0.0031,0.0079,0.4919,15,1,62317.4336,14756
42,270,LosAngeles_Small,eval_stress_light,TokenPassing,3600,8,128,42,0.3281,1.0000,0.0000,937.0714,234.2679,0.5807,1.0005,245.6111,704.4117,1238.9866,1.0000,23.9032,21.2350,933.6560,212.4880,150.3672,18795.8984,0,0,0.0000,0.0000,0.0000,0.0000,0,0.3281,0.6719,1.0011,2.0000,flat,0.2500,0.4410,1.2703,0.0000,1.0000,0.0000,0.0000,2,0.0028,0.0097,0.4474,10,2,52037.4336,19247
42,271,LosAngeles_Small,eval_stress_light,TokenPassing,3600,8,114,55,0.4825,1.0000,0.0000,778.9636,194.7409,0.5597,1.0005,305.6739,566.2286,1044.0077,0.6831,23.9016,21.3212,789.5261,219.4651,109.8070,13725.8770,0,0,0.0000,0.0000,0.0000,0.0000,0,0.4825,0.5175,1.0000,2.0000,flat,0.2317,0.4175,1.2485,0.0000,1.0000,0.0000,96.8724,2,0.0028,0.0094,0.4847,11,2,57420.4258,12518
42,272,LosAngeles_Small,eval_stress_light,TokenPassing,3600,8,109,55,0.5046,1.0000,0.0000,880.8909,220.2227,0.5854,1.0001,216.9000,682.9231,950.6851,0.8766,22.9668,21.8811,892.1375,222.7929,79.1651,9895.6426,0,0,0.0000,0.0000,0.0000,0.0000,0,0.5046,0.4954,1.0000,2.0000,flat,0.2209,0.3981,1.2895,0.0000,1.0000,0.0000,26.7630,2,0.0008,0.0047,0.5104,12,3,52287.6797,8629
42,273,LosAngeles_Small,eval_stress_heavy,TokenPassing,3600,8,143,46,0.3217,1.0000,0.0000,786.3696,262.1232,0.4408,1.0005,172.6829,623.7073,1211.4318,1.0000,22.9464,20.6644,789.5718,186.7577,137.8042,17225.5254,0,0,0.0000,0.0000,0.0000,0.0000,0,0.3217,0.6783,1.0000,2.0000,flat,0.3333,0.6145,1.2467,0.0000,1.0000,0.0000,0.0000,2,0.0025,0.0097,0.5435,14,0,55725.8633,19706
42,274,LosAngeles_Small,eval_stress_heavy,TokenPassing,3600,8,133,38,0.2857,1.0000,0.0000,745.3421,248.4474,0.4331,1.0003,210.0278,649.4000,837.8580,0.7979,22.8195,20.5460,792.1373,193.9050,149.3910,18673.8730,0,0,0.0000,0.0000,0.0000,0.0000,0,0.2857,0.7143,1.0025,2.0000,flat,0.3226,0.5716,1.2699,0.0000,1.0000,0.0000,42.4562,2,0.0014,0.0079,0.4442,11,1,31838.6055,19869
42,275,LosAngeles_Small,eval_stress_heavy,TokenPassing,3600,8,139,45,0.3237,1.0000,0.0000,834.2222,278.0741,0.4353,1.0003,185.4571,651.7419,894.2535,0.9644,23.8219,21.5015,884.4291,188.5329,120.2950,15036.8701,0,0,0.0000,0.0000,0.0000,0.0000,0,0.3237,0.6763,1.0000,2.0000,flat,0.2842,0.5558,1.2828,0.0000,1.0000,0.0000,6.6064,2,0.0014,0.0072,0.5617,13,0,40241.4062,16721
42,276,LosAngeles_Small,eval_slack,PIBT,3600,8,129,51,0.3953,1.0000,0.0000,1218.8040,174.1149,0.8798,1.0001,314.9268,978.5312,1243.4077,0.7896,23.4000,22.0315,868.2529,208.3362,109.8682,13733.5273,0,0,0.0000,0.0000,0.0000,0.0000,0,0.3953,0.6047,1.0000,2.0000,flat,0.3750,0.6708,1.2831,0.0000,1.0000,0.0000,66.2453,2,0.0008,0.0047,0.3788,7,0,63413.7930,14173
42,277,LosAngeles_Small,eval_slack,PIBT,3600,8,125,40,0.3200,1.0000,0.0000,1148.6750,191.4458,0.8607,1.0003,258.6471,819.4000,1270.8145,0.9827,24.3266,21.7965,950.2605,201.7419,58.1760,7272.0000,0,0,0.0000,0.0000,0.0000,0.0000,0,0.3200,0.6800,1.0000,2.0000,flat,0.3158,0.5620,1.1638,0.0000,1.0000,0.0000,4.4842,2,0.0022,0.0059,0.4052,7,0,50832.5781,7272
42,278,LosAngeles_Small,eval_slack,PIBT,3600,8,135,42,0.3111,1.0000,0.0000,1185.7620,169.3946,0.8769,1.0008,207.5000,1049.6061,939.6674,0.9057,24.1084,22.4875,817.3375,176.6603,91.8000,11475.0000,0,0,0.0000,0.0000,0.0000,0.0000,0,0.3111,0.6889,1.0014,2.0000,flat,0.3778,0.6713,1.2658,0.0000,1.0000,0.0000,19.5665,2,0.0064,0.0099,0.3809,7,0,39466.0312,12393
42,279,LosAngeles_Small,eval_normal,PIBT,3600,8,128,39,0.3047,1.0000,0.0000,981.3077,196.2615,0.7145,1.0002,233.1143,726.9429,1102.0616,0.9455,22.8964,21.1821,884.5166,207.2267,136.3359,17041.9922,0,0,0.0000,0.0000,0.0000,0.0000,0,0.3047,0.6953,1.0000,2.0000,flat,0.2868,0.5228,1.2339,0.0000,1.0000,0.0000,12.7020,2,0.0017,0.0053,0.3933,7,0,42980.4023,17451
42,280,LosAngeles_Small,eval_normal,PIBT,3600,8,132,39,0.2955,1.0000,0.0000,1113.6154,222.7231,0.7421,1.0002,288.4000,828.5938,1203.2380,0.8344,23.7894,20.4917,844.1656,191.3216,149.7500,18718.7500,0,0,0.0000,0.0000,0.0000,0.0000,0,0.2955,0.7045,1.0008,2.0000,flat,0.2426,0.4669,1.2349,0.0000,1.0000,0.0000,47.7524,2,0.0011,0.0049,0.4436,6,0,46926.2852,19767
42,281,LosAngeles_Small,eval_normal,PIBT,3600,8,130,45,0.3462,1.0000,0.0000,1201.3556,240.2711,0.7428,1.0005,252.5000,977.7647,952.4472,0.7544,24.0061,20.4826,704.2718,193.2374,170.4615,21307.6914,0,0,0.0000,0.0000,0.0000,0.0000,0,0.3462,0.6538,1.0000,2.0000,flat,0.2404,0.4637,1.2741,0.0000,1.0000,0.0000,62.0106,2,0.0039,0.0076,0.4075,7,0,42860.1211,22160
42,282,LosAngeles_Small,eval_stress_light,PIBT,3600,8,128,29,0.2266,1.0000,0.0000,1140.0344,285.0086,0.6006,1.0002,246.2000,877.4400,1134.8770,0.9219,23.9032,21.2350,933.6560,212.4880,200.8672,25108.3984,0,0,0.0000,0.0000,0.0000,0.0000,0,0.2266,0.7734,1.0000,2.0000,flat,0.2778,0.4927,1.2703,0.0000,1.0000,0.0000,19.2246,2,0.0014,0.0064,0.4157,8,1,32911.4297,25711
42,283,LosAngeles_Small,eval_stress_light,PIBT,3600,8,114,37,0.3246,1.0000,0.0000,1115.3513,278.8378,0.5991,1.0002,250.1250,759.4286,1216.6793,0.9729,23.9016,21.3212,789.5261,219.4651,108.3596,13544.9561,0,0,0.0000,0.0000,0.0000,0.0000,0,0.3246,0.6754,1.0000,2.0000,flat,0.1882,0.3429,1.2485,0.0000,1.0000,0.0000,6.7891,2,0.0014,0.0053,0.4413,7,2,45017.1367,12353
42,284,LosAngeles_Small,eval_stress_light,PIBT,3600,8,109,30,0.2752,1.0000,0.0000,1258.8334,314.7083,0.5907,1.0001,315.5000,972.4400,1058.7371,0.6711,22.9668,21.8811,892.1375,222.7929,152.5872,19073.3945,0,0,0.0000,0.0000,0.0000,0.0000,0,0.2752,0.7248,1.0000,2.0000,flat,0.1790,0.3333,1.2895,0.0000,1.0000,0.0000,103.7526,2,0.0003,0.0033,0.4410,6,2,31762.1133,16632
42,285,LosAngeles_Small,eval_stress_heavy,PIBT,3600,8,143,35,0.2448,1.0000,0.0000,1183.2572,394.4191,0.4484,1.0002,212.3667,1032.6400,984.4926,0.9272,22.9464,20.6644,789.5718,186.7577,148.2657,18533.2168,0,0,0.0000,0.0000,0.0000,0.0000,0,0.2448,0.7552,1.0000,2.0000,flat,0.2345,0.4279,1.2467,0.0000,1.0000,0.0000,15.4682,2,0.0011,0.0060,0.4808,9,2,34457.2383,21202
42,286,LosAngeles_Small,eval_stress_heavy,PIBT,3600,8,133,37,0.2782,1.0000,0.0000,926.3243,308.7748,0.4412,1.0003,170.9697,642.0000,805.1530,0.9419,22.8195,20.5460,792.1373,193.9050,190.1729,23771.6172,0,0,0.0000,0.0000,0.0000,0.0000,0,0.2782,0.7218,1.0000,2.0000,flat,0.2303,0.4556,1.2699,0.0000,1.0000,0.0000,9.9391,2,0.0019,0.0079,0.4437,10,1,29790.6602,25293
42,287,LosAngeles_Small,eval_stress_heavy,PIBT,3600,8,139,28,0.2014,1.0000,0.0000,1176.5714,392.1905,0.4464,1.0001,283.7727,861.8000,1151.2943,0.8114,23.8219,21.5015,884.4291,188.5329,177.9712,22246.4023,0,0,0.0000,0.0000,0.0000,0.0000,0,0.2014,0.7986,1.0000,2.0000,flat,0.3478,0.6240,1.2828,0.0000,1.0000,0.0000,53.5139,2,0.0006,0.0060,0.4662,8,0,32236.2422,24738
42,288,Tokyo_Large,generalize_slack,MAPPO,3600,15,58,4,0.0690,0.6207,0.3793,1655.0000,1655.0000,0.0796,1.0000,356.6667,1412.3334,2163.0876,1.0000,656.2720,469.4199,2172.3159,1771.5013,7053.7588,470250.5938,0,0,0.0000,0.0000,0.0000,0.0000,0,0.1111,0.8889,1.0000,8.0000,flat,0.2500,0.5000,1.1781,1.3595,0.6207,0.0000,0.0000,1,0.0000,0.0000,0.3232,3,1,8652.3506,409118
42,289,Tokyo_Large,generalize_slack,MAPPO,3600,15,45,1,0.0222,0.1778,0.8222,1806.0000,1806.0000,0.1117,1.0000,587.0000,1752.5000,2729.6001,0.9300,162.5647,104.2918,2371.3452,3050.5144,683.2667,45551.1094,0,0,0.0000,0.0000,0.0000,0.0000,0,0.1250,0.8750,1.0000,8.0000,flat,0.6667,1.4142,1.4141,1.3133,0.1778,0.0000,41.0800,1,0.0000,0.0000,0.1373,1,0,2729.6001,30747
42,290,Tokyo_Large,generalize_slack,MAPPO,3600,15,52,11,0.2115,0.7500,0.2500,1835.3636,611.7879,0.2125,1.0000,782.3750,1051.1428,3395.2190,0.8679,716.7482,549.0041,2536.4966,2119.6885,7274.9614,484997.4062,0,0,0.0000,0.0000,0.0000,0.0000,0,0.2821,0.7179,1.0000,8.0000,flat,0.2800,0.5477,1.2821,1.2396,0.7500,0.0000,103.3312,1,0.0000,0.0000,0.2317,4,1,37347.4102,378298
42,291,Tokyo_Large,generalize_normal,MAPPO,3600,15,50,4,0.0800,0.6600,0.3400,1565.5000,782.7500,0.1667,1.0000,533.7500,1128.8334,3684.0046,1.0000,535.7278,331.0117,2534.3665,1797.0754,1867.7200,124514.6641,0,0,0.0000,0.0000,0.0000,0.0000,0,0.1212,0.8788,1.0000,8.0000,flat,0.0000,0.0000,1.1168,1.2814,0.6600,0.0000,0.0000,1,0.0000,0.0000,0.2468,1,1,14736.0186,93386
42,292,Tokyo_Large,generalize_normal,MAPPO,3600,15,52,5,0.0962,0.6731,0.3269,1276.2000,319.0500,0.3021,1.0000,633.5000,1298.6666,2868.9910,0.9058,640.3558,453.7922,2259.3367,1733.8977,1120.6923,74712.8203,0,0,0.0000,0.0000,0.0000,0.0000,0,0.1429,0.8571,1.0000,8.0000,flat,0.6286,1.2329,1.3456,1.1658,0.6731,0.0000,59.7018,1,0.0000,0.0000,0.1579,2,0,14344.9551,58276
42,293,Tokyo_Large,generalize_normal,MAPPO,3600,15,50,8,0.1600,0.7200,0.2800,1475.3750,491.7917,0.2353,1.0001,528.8750,1012.4000,3008.6614,1.0000,611.4721,432.6903,2903.4646,2259.8408,1721.1200,114741.3359,0,0,0.0000,0.0000,0.0000,0.0000,0,0.2222,0.7778,1.0000,8.0000,flat,0.1667,0.3536,1.1668,1.3893,0.7200,0.0000,0.0000,2,0.0006,0.0023,0.2314,2,1,24069.2910,86056
42,294,Tokyo_Large,generalize_stress_light,MAPPO,3600,15,52,7,0.1346,0.5000,0.5000,2020.2858,505.0714,0.2733,1.0000,675.1667,1480.6250,3676.5059,1.0000,318.1623,230.7836,2563.2405,2144.6807,544.8269,36321.7930,0,0,0.0000,0.0000,0.0000,0.0000,0,0.2692,0.7308,1.0000,8.0000,flat,0.5000,0.9147,1.0526,1.3729,0.5000,0.0000,0.0000,1,0.0000,0.0000,0.1537,3,0,25735.5410,28331
42,295,Tokyo_Large,generalize_stress_light,MAPPO,3600,15,62,12,0.1935,0.6774,0.3226,1554.6666,388.6667,0.3196,1.0000,636.4000,1224.8182,3404.5994,1.0000,565.1200,383.5846,2484.0974,1327.0160,657.3065,43820.4297,0,0,0.0000,0.0000,0.0000,0.0000,0,0.2857,0.7143,1.0000,8.0000,flat,0.2444,0.5099,1.2663,1.4210,0.6774,0.0000,0.0000,1,0.0000,0.0000,0.2035,2,0,40855.1914,40753
42,296,Tokyo_Large,generalize_stress_light,MAPPO,3600,15,60,10,0.1667,0.8167,0.1833,1545.0000,309.0000,0.3999,1.0000,555.7500,1465.9333,3528.0281,1.0000,739.1184,541.6969,2834.1711,1644.3199,735.5167,49034.4453,0,0,0.0000,0.0000,0.0000,0.0000,0,0.2041,0.7959,1.0000,8.0000,flat,0.5859,1.1440,1.2168,1.2012,0.8167,0.0000,0.0000,2,0.0003,0.0015,0.1526,3,0,35280.2812,44131
42,297,Tokyo_Large,generalize_stress_heavy,MAPPO,3600,15,58,17,0.2931,0.7414,0.2586,1207.2354,603.6177,0.1705,1.0000,523.8000,962.4117,2428.3022,0.9272,590.3763,456.8678,2168.1074,1662.4442,542.1552,36143.6797,0,0,0.0000,0.0000,0.0000,0.0000,0,0.3953,0.6047,1.0000,8.0000,flat,0.3833,0.8083,1.3005,1.0124,0.7414,0.0000,38.1395,1,0.0000,0.0000,0.2201,4,0,41281.1367,31445
42,298,Tokyo_Large,generalize_stress_heavy,MAPPO,3600,15,57,13,0.2281,0.7368,0.2632,1499.8462,749.9231,0.1754,1.0000,620.8333,1007.3636,2879.4351,0.9276,706.6752,476.8970,2441.4065,1827.4977,871.4211,58094.7383,0,0,0.0000,0.0000,0.0000,0.0000,0,0.3095,0.6905,1.0000,8.0000,flat,0.4298,0.8528,1.3005,1.3114,0.7368,0.0000,44.9463,2,0.0003,0.0019,0.1802,3,0,37432.6562,49671
42,299,Tokyo_Large,generalize_stress_heavy,MAPPO,3600,15,69,19,0.2754,0.7971,0.2029,1441.7368,360.4342,0.2793,1.0000,512.0000,1148.9048,2627.1230,1.0000,647.1847,481.5797,2652.8555,1529.8021,842.1884,56145.8945,0,0,0.0000,0.0000,0.0000,0.0000,0,0.3455,0.6545,1.0000,8.0000,flat,0.4363,0.7870,1.3298,1.2515,0.7971,0.0000,0.0000,1,0.0000,0.0000,0.1925,3,0,49915.3398,58111
42,300,Tokyo_Large,generalize_slack,FaithfulMAPPER,3600,15,58,11,0.1897,0.3966,0.6034,1818.6364,227.3295,0.5436,1.0000,828.3636,1122.4000,3743.5586,0.9038,629.5267,434.1722,3331.1030,2368.2271,692.7414,46182.7578,0,0,0.0000,0.0000,0.0000,0.0000,0,0.4783,0.5217,1.0000,8.0000,flat,0.3879,0.7820,1.2369,1.2534,0.3966,0.0000,79.6519,1,0.0000,0.0000,0.1087,2,0,41179.1445,40179
42,301,Tokyo_Large,generalize_slack,FaithfulMAPPER,3600,15,45,11,0.2444,0.4000,0.6000,1906.7273,381.3455,0.3883,1.0000,826.1818,1217.0714,3711.4377,0.8985,492.4042,364.2869,2963.7729,2575.3577,780.5111,52034.0742,0,0,0.0000,0.0000,0.0000,0.0000,0,0.6111,0.3889,1.0000,8.0000,flat,0.3125,0.6742,1.3046,1.3490,0.4000,0.0000,83.8943,1,0.0000,0.0000,0.1070,1,0,40825.8164,35123
42,302,Tokyo_Large,generalize_slack,FaithfulMAPPER,3600,15,52,13,0.2500,0.5192,0.4808,1747.2307,249.6044,0.5229,1.0000,816.0000,1073.1177,3673.7883,0.9004,651.0759,501.2279,3279.6782,2520.9639,872.8461,58189.7422,0,0,0.0000,0.0000,0.0000,0.0000,0,0.4815,0.5185,1.0000,8.0000,flat,0.4130,0.8285,1.2329,1.3132,0.5192,0.0000,81.2423,2,0.0003,0.0015,0.0964,2,0,47759.2500,45388
42,303,Tokyo_Large,generalize_normal,FaithfulMAPPER,3600,15,50,11,0.2200,0.5600,0.4400,1854.1818,309.0303,0.4072,1.0000,777.2727,1307.0000,3777.5503,0.9720,539.4017,390.5989,3036.6724,2332.4585,805.2000,53680.0000,0,0,0.0000,0.0000,0.0000,0.0000,0,0.3929,0.6071,1.0000,8.0000,flat,0.4211,0.8528,1.1267,1.2314,0.5600,0.0000,21.7626,1,0.0000,0.0000,0.1087,1,0,41553.0547,40260
42,304,Tokyo_Large,generalize_normal,FaithfulMAPPER,3600,15,52,21,0.4038,0.6538,0.3462,1139.9048,227.9810,0.3855,1.0000,521.2000,937.0000,2255.0354,0.8653,618.8159,428.9599,2365.6389,1984.3583,585.7308,39048.7188,0,0,0.0000,0.0000,0.0000,0.0000,0,0.6176,0.3824,1.0000,8.0000,flat,0.4650,0.9487,1.2951,1.2711,0.6538,0.0000,70.1929,1,0.0000,0.0000,0.1436,4,0,47355.7422,30458
42,305,Tokyo_Large,generalize_normal,FaithfulMAPPER,3600,15,50,12,0.2400,0.6200,0.3800,1354.6666,193.5238,0.5158,1.0000,593.9167,1228.1818,2880.6404,0.9700,555.2901,405.9926,3106.6731,2237.8787,712.2000,47480.0000,0,0,0.0000,0.0000,0.0000,0.0000,0,0.3871,0.6129,1.0000,8.0000,flat,0.5439,1.0541,1.1938,1.2867,0.6200,0.0000,17.7886,1,0.0000,0.0000,0.1240,2,0,34567.6836,35610
42,306,Tokyo_Large,generalize_stress_light,FaithfulMAPPER,3600,15,52,16,0.3077,0.5000,0.5000,1402.2500,350.5625,0.2799,1.0000,697.6250,865.9048,3180.2612,0.9117,697.8610,541.7022,2963.9819,2838.3657,623.8654,41591.0273,0,0,0.0000,0.0000,0.0000,0.0000,0,0.6154,0.3846,1.0000,8.0000,flat,0.3819,0.7395,1.1371,1.2883,0.5000,0.0000,61.5728,1,0.0000,0.0000,0.1309,2,0,50884.1797,32441
42,307,Tokyo_Large,generalize_stress_light,FaithfulMAPPER,3600,15,62,22,0.3548,0.5806,0.4194,1420.1364,236.6894,0.4445,1.0000,659.3000,949.0000,3293.2991,0.9990,658.5671,446.6920,2796.8896,1752.2554,522.6129,34840.8594,0,0,0.0000,0.0000,0.0000,0.0000,0,0.6111,0.3889,1.0000,8.0000,flat,0.4115,0.8528,1.3063,1.3300,0.5806,0.0000,0.6402,1,0.0000,0.0000,0.1460,4,0,72452.5781,32402
42,308,Tokyo_Large,generalize_stress_light,FaithfulMAPPER,3600,15,60,22,0.3667,0.7333,0.2667,1439.1818,239.8636,0.4185,1.0000,718.5455,972.5161,3400.6201,0.9465,742.6789,616.4182,2969.1541,2195.6362,683.7167,45581.1094,0,0,0.0000,0.0000,0.0000,0.0000,0,0.5000,0.5000,1.0000,8.0000,flat,0.2975,0.6030,1.1962,1.2627,0.7333,0.0000,38.4214,1,0.0000,0.0000,0.1354,2,0,74813.6406,41023
42,309,Tokyo_Large,generalize_stress_heavy,FaithfulMAPPER,3600,15,58,16,0.2759,0.5862,0.4138,1200.6250,400.2083,0.2391,1.0000,548.7500,980.6154,2505.6775,0.9132,582.2443,461.9020,2425.0100,2057.8669,532.7241,35514.9414,0,0,0.0000,0.0000,0.0000,0.0000,0,0.4706,0.5294,1.0000,8.0000,flat,0.5270,1.0708,1.2076,1.2520,0.5862,0.0000,47.6145,1,0.0000,0.0000,0.1420,3,0,40090.8398,30898
42,310,Tokyo_Large,generalize_stress_heavy,FaithfulMAPPER,3600,15,57,15,0.2632,0.5789,0.4211,1649.2000,824.6000,0.1745,1.0000,818.0000,1031.4210,3855.6372,0.9427,667.4962,467.2011,2969.2300,2152.6624,622.1228,41474.8555,0,0,0.0000,0.0000,0.0000,0.0000,0,0.4545,0.5455,1.0000,8.0000,flat,0.2275,0.5333,1.3901,1.1841,0.5789,0.0000,46.8726,1,0.0000,0.0000,0.1248,2,0,57834.5586,35461
42,311,Tokyo_Large,generalize_stress_heavy,FaithfulMAPPER,3600,15,69,22,0.3188,0.6232,0.3768,1535.2273,383.8068,0.2752,1.0000,722.8500,1085.3214,3624.0876,1.0000,651.3538,493.9383,3195.5667,1889.4692,592.4058,39493.7188,0,0,0.0000,0.0000,0.0000,0.0000,0,0.5116,0.4884,1.0000,8.0000,flat,0.4587,0.8528,1.4031,1.1664,0.6232,0.0000,0.0000,1,0.0000,0.0000,0.1381,3,0,79729.9297,40876
42,312,Tokyo_Large,generalize_slack,Hybrid,3600,15,58,14,0.2414,0.4828,0.5172,1591.7858,198.9732,0.5616,1.0000,696.7143,1131.2858,3050.6494,0.8757,537.9286,385.7513,2974.3428,2084.5151,750.6896,50045.9766,0,0,0.1012,0.0000,0.0000,0.0000,65,0.5000,0.5000,1.0000,8.0000,flat,0.4436,0.8631,1.1899,1.3001,0.4828,0.0000,86.5844,1,0.0000,0.0000,0.1102,2,0,42709.0938,43540
42,313,Tokyo_Large,generalize_slack,Hybrid,3600,15,45,13,0.2889,0.5111,0.4889,1470.8462,367.7115,0.3045,1.0000,792.8461,848.3333,3562.0627,0.8986,641.9438,455.0269,2636.6724,2535.2402,715.8000,47720.0000,0,0,-0.2593,0.0000,0.0000,0.0000,43,0.5652,0.4348,1.0000,8.0000,flat,0.3158,0.6794,1.4596,1.1969,0.5111,0.0000,80.4336,1,0.0000,0.0000,0.1323,1,0,46306.8125,32211
42,314,Tokyo_Large,generalize_slack,Hybrid,3600,15,52,14,0.2692,0.5385,0.4615,1798.2142,256.8878,0.4845,1.0000,792.5714,1232.9500,3556.4595,0.8974,651.0759,510.4162,3223.6890,2549.7383,934.2500,62283.3320,0,0,-0.1111,0.0000,0.0000,0.0000,47,0.5000,0.5000,1.0000,8.0000,flat,0.3000,0.6547,1.3016,1.2364,0.5385,0.0000,81.2795,1,0.0000,0.0000,0.1112,1,0,49790.4336,48581
42,315,Tokyo_Large,generalize_normal,Hybrid,3600,15,50,13,0.2600,0.5600,0.4400,1683.9231,336.7846,0.3968,1.0000,770.9167,1040.2778,3619.6680,0.9391,539.4017,406.6847,3051.4883,2251.3381,1058.0601,70537.3359,0,0,-0.0878,0.0000,0.0000,0.0000,51,0.4643,0.5357,1.0000,8.0000,flat,0.4423,0.8804,1.1664,1.1810,0.5600,0.0000,46.9831,1,0.0000,0.0000,0.1176,2,0,47055.6836,52903
42,316,Tokyo_Large,generalize_normal,Hybrid,3600,15,52,17,0.3269,0.5385,0.4615,1216.9412,202.8235,0.4013,1.0000,658.2353,644.6500,2928.6309,0.8898,618.8159,428.9599,2656.9580,2454.8264,778.9615,51930.7695,0,0,-0.1505,0.0000,0.0000,0.0000,56,0.6071,0.3929,1.0000,8.0000,flat,0.4081,0.7782,1.3032,1.2676,0.5385,0.0000,72.5091,1,0.0000,0.0000,0.1337,3,0,49786.7227,40506
42,317,Tokyo_Large,generalize_normal,Hybrid,3600,15,50,15,0.3000,0.6000,0.4000,1318.8000,219.8000,0.4489,1.0000,640.6667,995.1667,2878.5022,0.8986,607.3159,444.0396,3156.4414,2521.8137,874.2800,58285.3320,0,0,0.0860,0.0000,0.0000,0.0000,58,0.5000,0.5000,1.0000,8.0000,flat,0.3746,0.7659,1.1818,1.3000,0.6000,0.0000,64.9662,1,0.0000,0.0000,0.1221,2,0,43177.5312,43714
42,318,Tokyo_Large,generalize_stress_light,Hybrid,3600,15,52,18,0.3462,0.4808,0.5192,1736.3889,347.2778,0.3352,1.0000,763.5000,966.2857,3606.6130,0.9448,688.1179,541.6799,3101.3005,2600.4504,737.3461,49156.4102,0,0,-0.4345,0.0000,0.0000,0.0000,41,0.7200,0.2800,1.0000,8.0000,flat,0.1975,0.4714,1.1158,1.3025,0.4808,0.0000,42.1774,1,0.0000,0.0000,0.1129,2,0,64919.0312,38342
42,319,Tokyo_Large,generalize_stress_light,Hybrid,3600,15,62,15,0.2419,0.5000,0.5000,1666.4000,333.2800,0.3925,1.0000,747.3333,1018.8500,3479.2175,0.9311,639.1349,433.6706,3091.1064,2198.5601,799.4516,53296.7734,0,0,-0.0440,0.0000,0.0000,0.0000,74,0.4839,0.5161,1.0000,8.0000,flat,0.3088,0.6600,1.2668,1.3656,0.5000,0.0000,51.4898,1,0.0000,0.0000,0.1234,2,0,52188.2617,49566
42,320,Tokyo_Large,generalize_stress_light,Hybrid,3600,15,60,22,0.3667,0.6333,0.3667,1584.1364,264.0227,0.4298,1.0000,766.1364,951.7857,3461.8477,0.9037,739.1184,603.5688,3101.7139,2188.1316,1013.3834,67558.8906,0,0,-0.1206,0.0000,0.0000,0.0000,77,0.5789,0.4211,1.0000,8.0000,flat,0.3953,0.7847,1.2110,1.2190,0.6333,0.0000,73.7668,1,0.0000,0.0000,0.1108,3,0,76160.6484,60803
42,321,Tokyo_Large,generalize_stress_heavy,Hybrid,3600,15,58,21,0.3621,0.5172,0.4828,1433.7620,477.9207,0.2217,1.0000,716.7619,833.6154,3094.0461,0.8633,593.8346,448.9013,2619.6892,2152.0530,683.1724,45544.8281,0,0,-0.2050,0.0000,0.0000,1.0000,59,0.7000,0.3000,1.0000,8.0000,flat,0.3524,0.6856,1.2724,1.1763,0.5172,0.0000,97.9527,1,0.0000,0.0000,0.1476,2,0,64974.9688,39624
42,322,Tokyo_Large,generalize_stress_heavy,Hybrid,3600,15,57,16,0.2807,0.5088,0.4912,1761.9375,587.3125,0.2230,1.0000,826.2500,1061.6364,3765.8623,0.9116,667.4962,467.2011,3154.7546,2483.7847,933.8246,62254.9727,0,0,-0.0686,0.0000,0.0000,0.0000,62,0.5517,0.4483,1.0000,8.0000,flat,0.3421,0.6960,1.4133,1.1895,0.5088,0.0000,73.0775,1,0.0000,0.0000,0.1186,2,0,60253.7969,53228
42,323,Tokyo_Large,generalize_stress_heavy,Hybrid,3600,15,69,25,0.3623,0.6232,0.3768,1651.4000,412.8500,0.2920,1.0000,692.4783,1026.0714,3485.4067,1.0000,651.3538,493.9383,3191.8455,1997.1498,786.3333,52422.2227,0,0,-0.0440,0.0000,0.0000,0.0000,85,0.5814,0.4186,1.0000,8.0000,flat,0.3124,0.6145,1.3674,1.2254,0.6232,0.0000,0.0000,1,0.0000,0.0000,0.1411,3,0,87135.1641,54257
42,324,Tokyo_Large,generalize_slack,TamAlwaysAccept,3600,15,58,17,0.2931,0.4655,0.5345,1610.4706,201.3088,0.5782,1.0000,737.9412,1050.1818,3226.4993,0.8745,629.5267,438.4596,3117.4329,2432.4199,758.1379,50542.5273,0,0,0.0000,0.0000,0.0000,0.0000,0,0.6296,0.3704,1.0000,8.0000,flat,0.3128,0.6681,1.1935,1.2933,0.4655,0.0000,92.6413,1,0.0000,0.0000,0.1100,2,0,54850.4883,43972
42,325,Tokyo_Large,generalize_slack,TamAlwaysAccept,3600,15,45,16,0.3556,0.5111,0.4889,1511.6250,302.3250,0.3623,1.0000,719.7500,852.6000,3243.3523,0.9012,641.9438,434.6980,2549.4890,2141.1326,685.2444,45682.9648,0,0,0.0000,0.0000,0.0000,0.0000,0,0.6957,0.3043,1.0000,8.0000,flat,0.2566,0.5796,1.4391,1.2184,0.5111,0.0000,71.0795,1,0.0000,0.0000,0.1328,2,0,51893.6367,30836
42,326,Tokyo_Large,generalize_slack,TamAlwaysAccept,3600,15,52,19,0.3654,0.5000,0.5000,1465.0000,209.2857,0.4939,1.0000,716.6316,927.5000,3262.7690,0.9106,619.9219,473.5005,2946.3989,2486.7915,829.5000,55300.0000,0,0,0.0000,0.0000,0.0000,0.0000,0,0.7308,0.2692,1.0000,8.0000,flat,0.2657,0.5813,1.3879,1.1550,0.5000,0.0000,64.0778,1,0.0000,0.0000,0.1221,2,0,61992.6094,43134
42,327,Tokyo_Large,generalize_normal,TamAlwaysAccept,3600,15,50,13,0.2600,0.4400,0.5600,1900.6923,380.1385,0.3489,1.0000,946.6154,1136.7894,4264.3843,0.9010,539.4017,399.1828,3480.3567,2790.2563,893.6400,59576.0000,0,0,0.0000,0.0000,0.0000,0.0000,0,0.5909,0.4091,1.0000,8.0000,flat,0.3810,0.7845,1.1119,1.2207,0.4400,0.0000,93.7385,1,0.0000,0.0000,0.1005,1,0,55437.0000,44682
42,328,Tokyo_Large,generalize_normal,TamAlwaysAccept,3600,15,52,18,0.3462,0.5769,0.4231,1168.8334,194.8056,0.4107,1.0000,533.8333,843.2400,2510.7456,0.9406,618.8159,421.1344,2456.5723,2240.0903,691.1539,46076.9219,0,0,0.0000,0.0000,0.0000,0.0000,0,0.6000,0.4000,1.0000,8.0000,flat,0.4259,0.8165,1.2591,1.3245,0.5769,0.0000,31.6842,1,0.0000,0.0000,0.1361,3,0,45193.4219,35940
42,329,Tokyo_Large,generalize_normal,TamAlwaysAccept,3600,15,50,11,0.2200,0.5200,0.4800,1612.9091,230.4156,0.4777,1.0000,855.5455,1014.8261,3847.7534,0.8995,544.0497,372.9629,3417.0806,2561.0659,864.2800,57618.6680,0,0,0.0000,0.0000,0.0000,0.0000,0,0.4231,0.5769,1.0000,8.0000,flat,0.6136,1.2163,1.1207,1.3465,0.5200,0.0000,85.9948,1,0.0000,0.0000,0.1074,2,0,42325.2891,43214
42,330,Tokyo_Large,generalize_stress_light,TamAlwaysAccept,3600,15,52,20,0.3846,0.5577,0.4423,1428.3500,285.6700,0.3557,1.0000,625.1500,877.0800,2860.7795,0.9152,697.8610,508.2201,2667.3457,2287.8792,707.9231,47194.8711,0,0,0.0000,0.0000,0.0000,0.0000,0,0.6897,0.3103,1.0000,8.0000,flat,0.2842,0.5745,1.1855,1.2471,0.5577,0.0000,52.9941,1,0.0000,0.0000,0.1290,2,0,57215.5898,36812
42,331,Tokyo_Large,generalize_stress_light,TamAlwaysAccept,3600,15,62,23,0.3710,0.5000,0.5000,1502.3914,375.5978,0.3331,1.0000,724.8636,915.1481,3505.9436,0.9673,620.1389,391.4503,3026.1389,1915.1525,695.7742,46384.9453,0,0,0.0000,0.0000,0.0000,0.0000,0,0.7419,0.2581,1.0000,8.0000,flat,0.2195,0.4802,1.3324,1.3000,0.5000,0.0000,23.6749,1,0.0000,0.0000,0.1303,2,0,80636.7031,43138
42,332,Tokyo_Large,generalize_stress_light,TamAlwaysAccept,3600,15,60,19,0.3167,0.5667,0.4333,1522.8948,304.5789,0.3909,1.0000,685.8947,1168.8928,3259.7534,0.9505,739.1184,528.2476,3230.5974,2416.4783,932.3666,62157.7773,0,0,0.0000,0.0000,0.0000,0.0000,0,0.5588,0.4412,1.0000,8.0000,flat,0.3936,0.7699,1.1899,1.2453,0.5667,0.0000,33.9440,1,0.0000,0.0000,0.1053,2,0,61935.3164,55942
42,333,Tokyo_Large,generalize_stress_heavy,TamAlwaysAccept,3600,15,58,19,0.3276,0.5345,0.4655,1314.6316,438.2105,0.2544,1.0000,605.3684,921.0741,2654.0654,0.8768,590.2570,412.6258,2440.5581,1932.0673,754.8965,50326.4375,0,0,0.0000,0.0000,0.0000,0.0000,0,0.6129,0.3871,1.0000,8.0000,flat,0.5538,1.0500,1.3134,1.1256,0.5345,0.0000,74.5553,1,0.0000,0.0000,0.1284,3,0,50427.2422,43784
42,334,Tokyo_Large,generalize_stress_heavy,TamAlwaysAccept,3600,15,57,18,0.3158,0.4912,0.5088,1576.8334,525.6111,0.2004,1.0000,802.5000,981.9583,3567.0872,0.8890,579.1057,430.6833,3166.0266,2355.9595,818.6667,54577.7773,0,0,0.0000,0.0000,0.0000,0.0000,0,0.6429,0.3571,1.0000,8.0000,flat,0.3500,0.6939,1.4073,1.2030,0.4912,0.0000,89.0826,1,0.0000,0.0000,0.1184,2,0,64207.5664,46664
42,335,Tokyo_Large,generalize_stress_heavy,TamAlwaysAccept,3600,15,69,22,0.3188,0.5942,0.4058,1520.4091,380.1023,0.2765,1.0000,665.1364,1061.8387,3326.2896,1.0000,651.3538,486.8525,3263.9006,2086.2458,747.6667,49844.4453,0,0,0.0000,0.0000,0.0000,0.0000,0,0.5366,0.4634,1.0000,8.0000,flat,0.3512,0.6742,1.3686,1.2339,0.5942,0.0000,0.0000,1,0.0000,0.0000,0.1245,2,0,73178.3672,51589
42,336,Tokyo_Large,generalize_slack,CongestionAware,3600,15,58,30,0.5172,1.0000,0.0000,1375.5667,171.9458,0.5960,1.0000,577.0000,911.3600,2539.5767,0.8803,686.8397,538.8223,1973.8093,1460.2596,3330.0173,222001.1406,0,0,0.0000,0.0000,0.0000,0.0000,0,0.5172,0.4828,1.0000,8.0000,flat,0.3753,0.7370,1.2469,0.0000,1.0000,0.0000,69.0847,2,0.0006,0.0014,0.2047,5,0,76187.2969,193141
42,337,Tokyo_Large,generalize_slack,CongestionAware,3600,15,45,21,0.4667,1.0000,0.0000,1459.7620,182.4702,0.5838,1.0000,526.8947,966.4286,2399.1340,0.9107,646.2506,522.3581,1819.9302,1610.2118,4532.6445,302176.2812,0,0,0.0000,0.0000,0.0000,0.0000,0,0.4667,0.5333,1.0000,8.0000,flat,0.3812,0.7211,1.3312,0.0000,1.0000,0.0000,47.0679,1,0.0000,0.0000,0.2049,3,0,50381.8125,203969
42,338,Tokyo_Large,generalize_slack,CongestionAware,3600,15,52,22,0.4231,1.0000,0.0000,1243.3636,138.1515,0.6149,1.0000,542.4286,870.1667,2983.2930,1.0000,718.5759,577.9691,2331.2546,1897.2307,4288.7690,285917.9375,0,0,0.0000,0.0000,0.0000,0.0000,0,0.4231,0.5769,1.0000,8.0000,flat,0.3000,0.6042,1.2715,0.0000,1.0000,0.0000,0.0000,1,0.0000,0.0000,0.1924,4,0,65632.4453,223016
42,339,Tokyo_Large,generalize_normal,CongestionAware,3600,15,50,20,0.4000,1.0000,0.0000,1492.6500,213.2357,0.4964,1.0000,489.7778,1137.6111,2302.1416,0.9401,622.3765,503.6381,2170.7747,1436.4225,3655.2600,243684.0156,0,0,0.0000,0.0000,0.0000,0.0000,0,0.4000,0.6000,1.0000,8.0000,flat,0.2674,0.5060,1.1728,0.0000,1.0000,0.0000,29.3495,1,0.0000,0.0000,0.2231,3,0,46042.8320,182763
42,340,Tokyo_Large,generalize_normal,CongestionAware,3600,15,52,13,0.2500,1.0000,0.0000,1494.0769,213.4396,0.4816,1.0000,588.6364,1314.9412,2761.8389,0.9384,661.4778,503.9733,1795.0544,1238.6302,2905.9038,193726.9375,0,0,0.0000,0.0000,0.0000,0.0000,0,0.2500,0.7500,1.0000,8.0000,flat,0.5000,0.9129,1.2868,0.0000,1.0000,0.0000,36.2686,2,0.0006,0.0019,0.1805,3,0,35903.9023,151107
42,341,Tokyo_Large,generalize_normal,CongestionAware,3600,15,50,23,0.4600,1.0000,0.0000,1379.5217,172.4402,0.5463,1.0003,474.1429,964.1905,2497.8940,1.0000,657.5090,522.5032,2418.7385,1845.5754,2977.1001,198473.3438,0,0,0.0000,0.0000,0.0000,0.0000,0,0.4600,0.5400,1.0000,8.0000,flat,0.3929,0.7047,1.2291,0.0000,1.0000,0.0000,0.0000,2,0.0031,0.0046,0.2316,4,0,57451.5625,148855
42,342,Tokyo_Large,generalize_stress_light,CongestionAware,3600,15,52,17,0.3269,1.0000,0.0000,1777.7646,296.2941,0.4511,1.0000,681.0714,1120.6471,2819.2205,0.8279,697.8610,565.3139,1956.0957,1535.6976,2851.4807,190098.7031,0,0,0.0000,0.0000,0.0000,0.0000,0,0.3269,0.6731,1.0000,8.0000,flat,0.3625,0.6960,1.2127,0.0000,1.0000,0.0000,117.2273,1,0.0000,0.0000,0.2043,4,0,47926.7461,148277
42,343,Tokyo_Large,generalize_stress_light,CongestionAware,3600,15,62,24,0.3871,1.0000,0.0000,1401.4584,233.5764,0.4587,1.0000,361.5238,1092.3158,2018.0082,1.0000,676.0355,511.4883,2054.7803,1375.9508,2789.2419,185949.4531,0,0,0.0000,0.0000,0.0000,0.0000,0,0.3871,0.6129,1.0000,8.0000,flat,0.4242,0.8492,1.3162,0.0000,1.0000,0.0000,0.0000,2,0.0003,0.0017,0.2615,5,0,48432.1953,172933
42,344,Tokyo_Large,generalize_stress_light,CongestionAware,3600,15,60,27,0.4500,1.0000,0.0000,1652.5555,206.5694,0.5345,1.0000,574.8261,1058.6842,2743.6650,0.9546,745.3901,643.4057,2484.7346,1601.5920,2825.5166,188367.7812,0,0,0.0000,0.0000,0.0000,0.0000,0,0.4500,0.5500,1.0000,8.0000,flat,0.3000,0.5677,1.2139,0.0000,1.0000,0.0000,26.0931,1,0.0000,0.0000,0.2031,4,1,74078.9531,169531
42,345,Tokyo_Large,generalize_stress_heavy,CongestionAware,3600,15,58,15,0.2586,1.0000,0.0000,1506.1333,301.2267,0.3521,1.0000,466.0000,1202.2727,2128.1890,0.9134,623.0655,519.0427,1804.5865,1325.5618,2512.1035,167473.5625,0,0,0.0000,0.0000,0.0000,0.0000,0,0.2586,0.7414,1.0000,8.0000,flat,0.4519,0.8104,1.2260,0.0000,1.0000,0.0000,40.3622,2,0.0003,0.0014,0.2195,4,0,31922.8340,145702
42,346,Tokyo_Large,generalize_stress_heavy,CongestionAware,3600,15,57,18,0.3158,1.0000,0.0000,1628.8889,271.4815,0.4041,1.0000,535.2308,1325.5000,2211.6863,0.8264,706.6752,520.6490,2084.4717,1378.4037,2395.6316,159708.7812,0,0,0.0000,0.0000,0.0000,0.0000,0,0.3158,0.6842,1.0000,8.0000,flat,0.4821,0.8921,1.3034,0.0000,1.0000,0.0000,92.8935,2,0.0003,0.0017,0.2486,5,0,39810.3516,136551
42,347,Tokyo_Large,generalize_stress_heavy,CongestionAware,3600,15,69,20,0.2899,1.0000,0.0000,1670.5500,278.4250,0.4277,1.0000,515.0000,1296.1177,2804.6887,1.0000,723.6539,576.6031,2317.5718,1497.6559,2450.2319,163348.7969,0,0,0.0000,0.0000,0.0000,0.0000,0,0.2899,0.7101,1.0000,8.0000,flat,0.2083,0.4303,1.3139,0.0000,1.0000,0.0000,0.0000,1,0.0000,0.0000,0.2418,3,0,56093.7734,169066
42,348,Tokyo_Large,generalize_slack,TrafficFlow,3600,15,58,32,0.5517,1.0000,0.0000,1290.2812,143.3646,0.6002,1.0000,456.1923,949.3461,2096.4119,0.9191,686.8397,538.8223,1973.8093,1460.2596,3077.1553,205143.6875,0,0,0.0000,0.0000,0.0000,0.0000,0,0.5517,0.4483,1.0000,8.0000,flat,0.3540,0.6669,1.2469,0.0000,1.0000,0.0000,36.9099,2,0.0006,0.0019,0.2447,5,0,67085.1797,178475
42,349,Tokyo_Large,generalize_slack,TrafficFlow,3600,15,45,17,0.3778,1.0000,0.0000,1628.1177,203.5147,0.5857,1.0000,583.8823,1051.2500,2793.9873,0.9570,646.2506,522.3581,1819.9302,1610.2118,3566.4443,237762.9688,0,0,0.0000,0.0000,0.0000,0.0000,0,0.3778,0.6222,1.0000,8.0000,flat,0.3333,0.6374,1.3312,0.0000,1.0000,0.0000,25.0848,1,0.0000,0.0000,0.1844,2,0,47497.7852,160490
42,350,Tokyo_Large,generalize_slack,TrafficFlow,3600,15,52,26,0.5000,1.0000,0.0000,1318.5385,146.5043,0.6629,1.0000,551.1667,849.9333,2873.2622,1.0000,718.5759,577.9691,2331.2546,1897.2307,3534.9614,235664.1094,0,0,0.0000,0.0000,0.0000,0.0000,0,0.5000,0.5000,1.0000,8.0000,flat,0.2756,0.5559,1.2715,0.0000,1.0000,0.0000,0.0000,2,0.0003,0.0011,0.2196,4,1,74704.8203,183818
42,351,Tokyo_Large,generalize_normal,TrafficFlow,3600,15,50,24,0.4800,1.0000,0.0000,1522.7084,190.3385,0.5354,1.0000,485.1429,1038.4500,2527.6475,1.0000,622.3765,503.6381,2170.7747,1436.4225,4258.0000,283866.6562,0,0,0.0000,0.0000,0.0000,0.0000,0,0.4800,0.5200,1.0000,8.0000,flat,0.3923,0.7036,1.1728,0.0000,1.0000,0.0000,0.0000,1,0.0000,0.0000,0.2245,3,0,60663.5391,212900
42,352,Tokyo_Large,generalize_normal,TrafficFlow,3600,15,52,19,0.3654,1.0000,0.0000,1281.0526,213.5088,0.4550,1.0000,565.5883,945.9048,2337.4773,0.8266,661.4778,503.9733,1795.0544,1238.6302,4019.8845,267992.3125,0,0,0.0000,0.0000,0.0000,0.0000,0,0.3654,0.6346,1.0000,8.0000,flat,0.3941,0.7914,1.2868,0.0000,1.0000,0.0000,98.0928,1,0.0000,0.0000,0.2285,5,0,44412.0664,209034
42,353,Tokyo_Large,generalize_normal,TrafficFlow,3600,15,50,23,0.4600,1.0000,0.0000,1392.1740,174.0217,0.5855,1.0002,524.0476,898.0000,2834.5110,1.0000,657.5090,522.5032,2418.7385,1845.5754,3489.2200,232614.6562,0,0,0.0000,0.0000,0.0000,0.0000,0,0.4600,0.5400,1.0000,8.0000,flat,0.3182,0.6618,1.2291,0.0000,1.0000,0.0000,0.0000,2,0.0017,0.0042,0.2160,4,1,65193.7539,174461
42,354,Tokyo_Large,generalize_stress_light,TrafficFlow,3600,15,52,19,0.3654,1.0000,0.0000,1602.6842,228.9549,0.4692,1.0000,508.4706,1119.1578,1811.3750,0.7125,697.8610,565.3139,1956.0957,1535.6976,3496.0386,233069.2344,0,0,0.0000,0.0000,0.0000,0.0000,0,0.3654,0.6346,1.0000,8.0000,flat,0.4375,0.8004,1.2127,0.0000,1.0000,0.0000,146.1956,1,0.0000,0.0000,0.2246,4,0,34416.1250,181794
42,355,Tokyo_Large,generalize_stress_light,TrafficFlow,3600,15,62,27,0.4355,1.0000,0.0000,1390.6666,198.6667,0.4936,1.0000,360.0000,1127.2000,1956.8945,1.0000,676.0355,511.4883,2054.7803,1375.9508,3381.4194,225427.9531,0,0,0.0000,0.0000,0.0000,0.0000,0,0.4355,0.5645,1.0000,8.0000,flat,0.3874,0.7197,1.3162,0.0000,1.0000,0.0000,0.0000,1,0.0000,0.0000,0.2760,5,0,52836.1523,209648
42,356,Tokyo_Large,generalize_stress_light,TrafficFlow,3600,15,60,20,0.3333,1.0000,0.0000,1725.8000,246.5429,0.4877,1.0000,391.0000,1264.0000,2849.8525,1.0000,745.3901,643.4057,2484.7346,1601.5920,3362.5667,224171.1094,0,0,0.0000,0.0000,0.0000,0.0000,0,0.3333,0.6667,1.0000,8.0000,flat,0.2456,0.4708,1.2139,0.0000,1.0000,0.0000,0.0000,1,0.0000,0.0000,0.2399,3,0,56997.0508,201754
42,357,Tokyo_Large,generalize_stress_heavy,TrafficFlow,3600,15,58,20,0.3448,1.0000,0.0000,1628.5500,325.7100,0.3567,1.0000,370.4375,1297.3077,1957.9938,1.0000,623.0655,519.0427,1804.5865,1325.5618,2809.9656,187331.0312,0,0,0.0000,0.0000,0.0000,0.0000,0,0.3448,0.6552,1.0000,8.0000,flat,0.3906,0.7071,1.2260,0.0000,1.0000,0.0000,0.0000,2,0.0003,0.0013,0.2770,4,0,39159.8750,162978
42,358,Tokyo_Large,generalize_stress_heavy,TrafficFlow,3600,15,57,11,0.1930,1.0000,0.0000,1999.2727,399.8546,0.3967,1.0001,655.5555,1440.1818,3713.4370,1.0000,706.6752,520.6490,2084.4717,1378.4037,2468.8948,164592.9844,0,0,0.0000,0.0000,0.0000,0.0000,0,0.1930,0.8070,1.0018,8.0000,flat,0.3500,0.6633,1.3034,0.0000,1.0000,0.0000,0.0000,2,0.0006,0.0023,0.2259,2,0,40847.8047,140727
42,359,Tokyo_Large,generalize_stress_heavy,TrafficFlow,3600,15,69,14,0.2029,1.0000,0.0000,1793.0714,298.8452,0.4233,1.0000,516.5714,1252.0000,3039.5769,1.0000,723.6539,576.6031,2317.5718,1497.6559,2867.5796,191171.9844,0,0,0.0000,0.0000,0.0000,0.0000,0,0.2029,0.7971,1.0000,8.0000,flat,0.2292,0.4714,1.3139,0.0000,1.0000,0.0000,0.0000,1,0.0000,0.0000,0.2418,2,0,42554.0781,197863
42,360,Tokyo_Large,generalize_slack,TokenPassing,3600,15,58,25,0.4310,1.0000,0.0000,1452.9200,181.6150,0.5591,1.0000,557.3500,1004.5652,2202.0989,0.7902,686.8397,538.8223,1973.8093,1460.2596,3918.9482,261263.2344,0,0,0.0000,0.0000,0.0000,0.0000,0,0.4310,0.5690,1.0000,8.0000,flat,0.4320,0.7868,1.2469,0.0000,1.0000,0.0000,116.9302,1,0.0000,0.0000,0.2424,4,0,55052.4688,227299
42,361,Tokyo_Large,generalize_slack,TokenPassing,3600,15,45,19,0.4222,1.0000,0.0000,1333.5264,166.6908,0.5526,1.0000,537.7778,968.5238,2685.3694,0.9987,646.2506,522.3581,1819.9302,1610.2118,4062.6001,270840.0000,0,0,0.0000,0.0000,0.0000,0.0000,0,0.4222,0.5778,1.0000,8.0000,flat,0.4244,0.7737,1.3312,0.0000,1.0000,0.0000,0.7039,1,0.0000,0.0000,0.2124,3,0,51022.0195,182817
42,362,Tokyo_Large,generalize_slack,TokenPassing,3600,15,52,26,0.5000,1.0000,0.0000,1507.6923,167.5214,0.6366,1.0000,573.5909,983.4783,2850.5791,0.9939,718.5759,577.9691,2331.2546,1897.2307,4220.9424,281396.1562,0,0,0.0000,0.0000,0.0000,0.0000,0,0.5000,0.5000,1.0000,8.0000,flat,0.3820,0.7493,1.2715,0.0000,1.0000,0.0000,3.4750,1,0.0000,0.0000,0.2115,5,0,74115.0625,219489
42,363,Tokyo_Large,generalize_normal,TokenPassing,3600,15,50,18,0.3600,1.0000,0.0000,1306.3334,217.7222,0.4595,1.0000,445.2222,876.2778,2471.5298,1.0000,622.3765,503.6381,2170.7747,1436.4225,4307.5400,287169.3125,0,0,0.0000,0.0000,0.0000,0.0000,0,0.3600,0.6400,1.0000,8.0000,flat,0.3854,0.7071,1.1728,0.0000,1.0000,0.0000,0.0000,1,0.0000,0.0000,0.2265,3,0,44487.5391,215377
42,364,Tokyo_Large,generalize_normal,TokenPassing,3600,15,52,20,0.3846,1.0000,0.0000,1400.1500,233.3583,0.4508,1.0000,500.3529,1080.4210,2003.7323,0.8009,661.4778,503.9733,1795.0544,1238.6302,3307.9424,220529.4844,0,0,0.0000,0.0000,0.0000,0.0000,0,0.3846,0.6154,1.0000,8.0000,flat,0.4444,0.8165,1.2868,0.0000,1.0000,0.0000,99.6065,1,0.0000,0.0000,0.2617,5,0,40074.6484,172013
42,365,Tokyo_Large,generalize_normal,TokenPassing,3600,15,50,21,0.4200,1.0000,0.0000,1231.5714,175.9388,0.5226,1.0002,418.3500,889.6190,2459.8135,1.0000,657.5090,522.5032,2418.7385,1845.5754,3375.1201,225008.0000,0,0,0.0000,0.0000,0.0000,0.0000,0,0.4200,0.5800,1.0000,8.0000,flat,0.3640,0.7499,1.2291,0.0000,1.0000,0.0000,0.0000,2,0.0017,0.0037,0.2130,4,0,51656.0820,168756
42,366,Tokyo_Large,generalize_stress_light,TokenPassing,3600,15,52,19,0.3654,1.0000,0.0000,1619.6842,269.9474,0.4638,1.0000,506.8824,1161.1765,2372.5437,0.9361,697.8610,565.3139,1956.0957,1535.6976,3021.4614,201430.7656,0,0,0.0000,0.0000,0.0000,0.0000,0,0.3654,0.6346,1.0000,8.0000,flat,0.3824,0.6985,1.2127,0.0000,1.0000,0.0000,32.3736,1,0.0000,0.0000,0.2063,4,0,45078.3320,157116
42,367,Tokyo_Large,generalize_stress_light,TokenPassing,3600,15,62,19,0.3065,1.0000,0.0000,1257.2106,209.5351,0.4338,1.0000,378.3529,1104.4000,1849.6855,0.9778,676.0355,511.4883,2054.7803,1375.9508,2797.1453,186476.3594,0,0,0.0000,0.0000,0.0000,0.0000,0,0.3065,0.6935,1.0000,8.0000,flat,0.4306,0.8705,1.3162,0.0000,1.0000,0.0000,8.4158,1,0.0000,0.0000,0.2722,5,0,35144.0273,173423
42,368,Tokyo_Large,generalize_stress_light,TokenPassing,3600,15,60,21,0.3500,1.0000,0.0000,1730.7142,247.2449,0.5104,1.0000,470.5000,1294.3334,2597.7786,1.0000,745.3901,643.4057,2484.7346,1601.5920,3077.4333,205162.2188,0,0,0.0000,0.0000,0.0000,0.0000,0,0.3500,0.6500,1.0000,8.0000,flat,0.3737,0.6842,1.2139,0.0000,1.0000,0.0000,0.0000,1,0.0000,0.0000,0.2186,4,0,54553.3516,184646
42,369,Tokyo_Large,generalize_stress_heavy,TokenPassing,3600,15,58,20,0.3448,1.0000,0.0000,1726.2000,345.2400,0.3708,1.0000,465.2353,1242.2307,1988.5677,0.8549,623.0655,519.0427,1804.5865,1325.5618,2476.6897,165112.6406,0,0,0.0000,0.0000,0.0000,0.0000,0,0.3448,0.6552,1.0000,8.0000,flat,0.3036,0.5533,1.2260,0.0000,1.0000,0.0000,67.5217,1,0.0000,0.0000,0.2554,3,0,39771.3555,143648
42,370,Tokyo_Large,generalize_stress_heavy,TokenPassing,3600,15,57,14,0.2456,1.0000,0.0000,1872.2142,374.4428,0.3485,1.0000,502.1111,1261.1000,3169.0020,1.0000,706.6752,520.6490,2084.4717,1378.4037,2360.5964,157373.0938,0,0,0.0000,0.0000,0.0000,0.0000,0,0.2456,0.7544,1.0000,8.0000,flat,0.2949,0.5600,1.3034,0.0000,1.0000,0.0000,0.0000,2,0.0006,0.0018,0.2194,4,0,44366.0273,134554
42,371,Tokyo_Large,generalize_stress_heavy,TokenPassing,3600,15,69,14,0.2029,1.0000,0.0000,1764.5000,352.9000,0.3760,1.0000,493.7857,1354.3077,2831.4604,1.0000,723.6539,576.6031,2317.5718,1497.6559,3079.8550,205323.6719,0,0,0.0000,0.0000,0.0000,0.0000,0,0.2029,0.7971,1.0000,8.0000,flat,0.2619,0.5137,1.3139,0.0000,1.0000,0.0000,0.0000,2,0.0003,0.0015,0.2682,3,0,39640.4453,212510
42,372,Tokyo_Large,generalize_slack,PIBT,3600,15,58,9,0.1552,1.0000,0.0000,1794.1111,149.5093,0.8461,1.0000,601.0000,1397.6250,1980.8652,0.6592,686.8397,538.8223,1973.8093,1460.2596,734.9828,48998.8516,0,0,0.0000,0.0000,0.0000,0.0000,0,0.1552,0.8448,1.0000,8.0000,flat,0.6891,1.4569,1.2469,0.0000,1.0000,0.0000,204.8270,2,0.0003,0.0014,0.1061,2,0,17827.7871,42629
42,373,Tokyo_Large,generalize_slack,PIBT,3600,15,45,6,0.1333,1.0000,0.0000,2088.5000,174.0417,0.8031,1.0000,827.3333,1516.9000,3688.7546,0.8917,646.2506,522.3581,1819.9302,1610.2118,1110.6222,74041.4844,0,0,0.0000,0.0000,0.0000,0.0000,0,0.1333,0.8667,1.0000,8.0000,flat,0.6667,1.4142,1.3312,0.0000,1.0000,0.0000,89.5824,2,0.0003,0.0017,0.1064,1,0,22132.5273,49978
42,374,Tokyo_Large,generalize_slack,PIBT,3600,15,52,4,0.0769,1.0000,0.0000,2689.7500,224.1458,0.8189,1.0000,815.7500,2106.7144,3782.0918,0.9273,718.5759,577.9691,2331.2546,1897.2307,1749.1538,116610.2578,0,0,0.0000,0.0000,0.0000,0.0000,0,0.0769,0.9231,1.0000,8.0000,flat,0.7647,1.8028,1.2715,0.0000,1.0000,0.0000,59.3317,1,0.0000,0.0000,0.1064,1,0,15128.3672,90956
42,375,Tokyo_Large,generalize_normal,PIBT,3600,15,50,6,0.1200,1.0000,0.0000,2222.8333,222.2833,0.6979,1.0000,484.1667,1965.6666,2151.2217,0.8886,622.3765,503.6381,2170.7747,1436.4225,1457.5601,97170.6641,0,0,0.0000,0.0000,0.0000,0.0000,0,0.1200,0.8800,1.0000,8.0000,flat,0.6905,1.4530,1.1728,0.0000,1.0000,0.0000,53.9223,1,0.0000,0.0000,0.1190,2,0,12907.3291,72878
42,376,Tokyo_Large,generalize_normal,PIBT,3600,15,52,10,0.1923,1.0000,0.0000,2274.0000,227.4000,0.6996,1.0000,442.0000,1865.4000,2299.5781,1.0000,661.4778,503.9733,1795.0544,1238.6302,1278.1923,85212.8203,0,0,0.0000,0.0000,0.0000,0.0000,0,0.1923,0.8077,1.0000,8.0000,flat,0.4143,0.8246,1.2868,0.0000,1.0000,0.0000,0.0000,2,0.0003,0.0019,0.1303,2,0,22995.7812,66466
42,377,Tokyo_Large,generalize_normal,PIBT,3600,15,50,4,0.0800,1.0000,0.0000,2347.0000,234.7000,0.6779,1.0000,501.7500,2197.1667,2245.3848,0.8950,657.5090,522.5032,2418.7385,1845.5754,1694.8400,112989.3359,0,0,0.0000,0.0000,0.0000,0.0000,0,0.0800,0.9200,1.0000,8.0000,flat,0.7143,1.5811,1.2291,0.0000,1.0000,0.0000,52.6730,1,0.0000,0.0000,0.1101,1,0,8981.5391,84742
42,378,Tokyo_Large,generalize_stress_light,PIBT,3600,15,52,3,0.0577,1.0000,0.0000,2175.3333,271.9167,0.5871,1.0000,346.3333,2234.2000,1630.9189,0.9418,697.8610,565.3139,1956.0957,1535.6976,1877.1731,125144.8750,0,0,0.0000,0.0000,0.0000,0.0000,0,0.0577,0.9423,1.0000,8.0000,flat,0.8485,2.2608,1.2127,0.0000,1.0000,0.0000,20.1496,1,0.0000,0.0000,0.1068,2,0,4892.7568,97613
42,379,Tokyo_Large,generalize_stress_light,PIBT,3600,15,62,5,0.0806,1.0000,0.0000,2305.6001,288.2000,0.5751,1.0000,385.6000,1845.4286,1715.4910,0.8898,676.0355,511.4883,2054.7803,1375.9508,2761.9194,184127.9688,0,0,0.0000,0.0000,0.0000,0.0000,0,0.0806,0.9194,1.0000,8.0000,flat,0.6364,1.3229,1.3162,0.0000,1.0000,0.0000,42.5018,1,0.0000,0.0000,0.1451,1,0,8577.4551,171239
42,380,Tokyo_Large,generalize_stress_light,PIBT,3600,15,60,6,0.1000,1.0000,0.0000,2297.6667,287.2083,0.5958,1.0000,609.0000,2121.1667,3523.9006,1.0000,745.3901,643.4057,2484.7346,1601.5920,2829.3999,188626.6719,0,0,0.0000,0.0000,0.0000,0.0000,0,0.1000,0.9000,1.0000,8.0000,flat,0.6061,1.2019,1.2139,0.0000,1.0000,0.0000,0.0000,1,0.0000,0.0000,0.1337,2,0,21143.4043,169764
42,381,Tokyo_Large,generalize_stress_heavy,PIBT,3600,15,58,3,0.0517,1.0000,0.0000,1747.3334,291.2222,0.4167,1.0000,462.0000,1285.3334,2051.9473,0.8883,623.0655,519.0427,1804.5865,1325.5618,3295.7585,219717.2344,0,0,0.0000,0.0000,0.0000,0.0000,0,0.0517,0.9483,1.0000,8.0000,flat,0.6250,1.2910,1.2260,0.0000,1.0000,0.0000,51.6105,2,0.0006,0.0020,0.1600,1,0,6155.8413,191154
42,382,Tokyo_Large,generalize_stress_heavy,PIBT,3600,15,57,10,0.1754,1.0000,0.0000,1750.8000,291.8000,0.4382,1.0000,393.5555,1694.7778,1742.3314,0.8854,706.6752,520.6490,2084.4717,1378.4037,3089.9824,205998.8281,0,0,0.0000,0.0000,0.0000,0.0000,0,0.1754,0.8246,1.0000,8.0000,flat,0.5139,0.9362,1.3034,0.0000,1.0000,0.0000,45.0893,2,0.0003,0.0014,0.1766,3,0,17423.3145,176129
42,383,Tokyo_Large,generalize_stress_heavy,PIBT,3600,15,69,8,0.1159,1.0000,0.0000,1755.5000,292.5833,0.4413,1.0000,700.3750,1131.2000,3069.5076,0.8765,723.6539,576.6031,2317.5718,1497.6559,3648.8262,243255.0625,0,0,0.0000,0.0000,0.0000,0.0000,0,0.1159,0.8841,1.0000,8.0000,flat,0.5750,1.1136,1.3139,0.0000,1.0000,0.0000,86.4735,1,0.0000,0.0000,0.1764,2,0,24556.0605,251769
42,384,NewYork,generalize_slack,MAPPO,3600,15,58,3,0.0517,0.6552,0.3448,2105.0000,1052.5000,0.1821,1.0000,708.3333,1383.4000,4815.0332,1.0000,542.9136,305.6378,2674.7900,1252.8887,4100.1206,273341.3750,0,0,0.0000,0.0000,0.0000,0.0000,0,0.0789,0.9211,1.0000,8.0000,flat,0.2500,0.5774,1.3232,1.3150,0.6552,0.0000,0.0000,1,0.0000,0.0000,0.2218,1,0,14445.0996,237807
42,385,NewYork,generalize_slack,MAPPO,3600,15,58,10,0.1724,0.6207,0.3793,1756.5000,439.1250,0.3068,1.0010,694.2000,1062.3000,3846.9910,1.0000,408.6378,300.5514,2361.7229,1548.9646,1281.4138,85427.5859,0,0,0.0000,0.0000,0.0000,0.0000,0,0.2778,0.7222,1.0017,8.0000,flat,0.2286,0.5099,1.2546,1.3067,0.6207,0.0000,0.0000,2,0.0114,0.0094,0.1861,3,1,38469.9102,74322
42,386,NewYork,generalize_slack,MAPPO,3600,15,60,12,0.2000,0.6667,0.3333,1740.2500,348.0500,0.3764,1.0000,740.0833,1030.4000,3762.4375,1.0000,598.6964,402.5161,2636.0842,1839.7192,1061.1000,70740.0000,0,0,0.0000,0.0000,0.0000,0.0000,0,0.3000,0.7000,1.0000,8.0000,flat,0.1667,0.3536,1.0645,1.2949,0.6667,0.0000,0.0000,1,0.0000,0.0000,0.2002,2,1,45149.2500,63666
42,387,NewYork,generalize_normal,MAPPO,3600,15,61,11,0.1803,0.7869,0.2131,1960.0000,392.0000,0.3941,1.0000,641.6667,1279.8667,2730.9045,0.8512,572.7850,398.4272,2115.6008,1541.2920,681.1147,45407.6484,0,0,0.0000,0.0000,0.0000,0.0000,0,0.2292,0.7708,1.0000,8.0000,flat,0.4646,0.8431,1.1698,1.3469,0.7869,0.0000,95.4858,1,0.0000,0.0000,0.2053,3,0,30039.9492,41548
42,388,NewYork,generalize_normal,MAPPO,3600,15,59,12,0.2034,0.8475,0.1525,1769.6666,442.4167,0.2822,1.0000,553.1000,1320.6364,3521.7070,1.0000,574.0497,428.4871,2900.9070,1510.8402,1584.1526,105610.1719,0,0,0.0000,0.0000,0.0000,0.0000,0,0.2400,0.7600,1.0000,8.0000,flat,0.3056,0.5774,1.2138,1.4737,0.8475,0.0000,0.0000,1,0.0000,0.0000,0.2004,4,1,42260.4844,93465
42,389,NewYork,generalize_normal,MAPPO,3600,15,57,22,0.3860,0.8772,0.1228,1307.4091,261.4818,0.3634,1.0002,414.9000,860.0000,2749.0759,1.0000,581.7510,404.1701,2149.5620,1345.9742,511.1930,34079.5312,0,0,0.0000,0.0000,0.0000,0.0000,0,0.4400,0.5600,1.0000,8.0000,flat,0.2857,0.5345,1.2949,1.2150,0.8772,0.0000,0.0000,2,0.0017,0.0051,0.2191,5,1,60479.6719,29138
42,390,NewYork,generalize_stress_light,MAPPO,3600,15,65,17,0.2615,0.8308,0.1692,1425.0588,356.2647,0.3095,1.0000,566.1177,965.4445,2705.7478,0.9559,567.4940,396.6992,2466.3960,1361.9390,2875.9846,191732.3125,0,0,0.0000,0.0000,0.0000,0.0000,0,0.3148,0.6852,1.0000,8.0000,flat,0.3515,0.6464,1.2377,1.1132,0.8308,0.0000,24.9681,2,0.0003,0.0019,0.2129,3,0,45997.7148,186939
42,391,NewYork,generalize_stress_light,MAPPO,3600,15,54,18,0.3333,0.5926,0.4074,1523.1666,380.7917,0.3040,1.0000,544.8889,1003.6111,2954.1746,1.0000,633.3394,438.8045,2555.9407,1414.6460,283.6667,18911.1113,0,0,0.0000,0.0000,0.0000,0.0000,0,0.5625,0.4375,1.0000,8.0000,flat,0.2882,0.5912,1.1136,1.3158,0.5926,0.0000,0.0000,1,0.0000,0.0000,0.1912,4,1,53175.1406,15318
42,392,NewYork,generalize_stress_light,MAPPO,3600,15,53,9,0.1698,0.6792,0.3208,1300.3334,433.4445,0.2028,1.0001,633.0000,1127.2500,3030.7969,0.9576,517.7019,351.9620,2266.2405,1514.8604,987.8679,65857.8594,0,0,0.0000,0.0000,0.0000,0.0000,0,0.2500,0.7500,1.0000,8.0000,flat,0.3457,0.6667,1.1436,1.0572,0.6792,0.0000,26.8406,2,0.0006,0.0024,0.1833,2,0,27277.1719,52357
42,393,NewYork,generalize_stress_heavy,MAPPO,3600,15,58,11,0.1897,0.7241,0.2759,1558.8182,779.4091,0.1469,1.0000,633.8000,968.0769,3010.2363,0.9499,582.1655,360.3853,2185.5786,1330.0240,718.2931,47886.2070,0,0,0.0000,0.0000,0.0000,0.0000,0,0.2619,0.7381,1.0000,8.0000,flat,0.3140,0.7385,1.2641,1.3447,0.7241,0.0000,31.7527,2,0.0003,0.0014,0.1349,3,0,33112.6016,41661
42,394,NewYork,generalize_stress_heavy,MAPPO,3600,15,63,16,0.2540,0.8413,0.1587,1381.2500,345.3125,0.3114,1.0000,563.7857,1102.5000,2659.8840,0.9436,568.9808,377.7622,2322.6633,1463.3868,727.6031,48506.8789,0,0,0.0000,0.0000,0.0000,0.0000,0,0.3019,0.6981,1.0000,8.0000,flat,0.5165,1.1780,1.2571,1.0136,0.8413,0.0000,31.8089,1,0.0000,0.0000,0.1988,5,0,42558.1445,45839
42,395,NewYork,generalize_stress_heavy,MAPPO,3600,15,70,17,0.2429,0.8143,0.1857,1819.2941,363.8588,0.3590,1.0000,612.1765,1216.9048,3422.9136,1.0000,494.4758,354.9575,2460.0234,1357.4366,477.7857,31852.3809,0,0,0.0000,0.0000,0.0000,0.0000,0,0.2982,0.7018,1.0000,8.0000,flat,0.2750,0.6374,1.2299,1.3742,0.8143,0.0000,0.0000,1,0.0000,0.0000,0.1772,3,0,58189.5312,33445
42,396,NewYork,generalize_slack,FaithfulMAPPER,3600,15,58,16,0.2759,0.6034,0.3966,1926.4375,192.6438,0.6830,1.0000,911.8000,1125.7000,4300.4062,0.9433,587.9555,406.9816,3084.0708,1761.3766,613.8104,40920.6914,0,0,0.0000,0.0000,0.0000,0.0000,0,0.4571,0.5429,1.0000,8.0000,flat,0.2647,0.5728,1.3230,1.3164,0.6034,0.0000,51.7188,2,0.0003,0.0014,0.1108,2,0,68806.5000,35601
42,397,NewYork,generalize_slack,FaithfulMAPPER,3600,15,58,13,0.2241,0.4655,0.5345,1837.0000,262.4286,0.5129,1.0000,925.9231,1210.9474,4105.4492,0.8868,499.7572,336.9989,3155.7048,1910.7179,638.7414,42582.7578,0,0,0.0000,0.0000,0.0000,0.0000,0,0.4815,0.5185,1.0000,8.0000,flat,0.3029,0.6482,1.3048,1.2478,0.4655,0.0000,104.8333,1,0.0000,0.0000,0.1220,2,0,53370.8359,37047
42,398,NewYork,generalize_slack,FaithfulMAPPER,3600,15,60,13,0.2167,0.5000,0.5000,2112.2307,234.6923,0.6186,1.0000,883.0000,1510.3889,4331.6567,0.9811,607.2866,434.4460,3180.1179,2162.9006,733.0500,48870.0000,0,0,0.0000,0.0000,0.0000,0.0000,0,0.4333,0.5667,1.0000,8.0000,flat,0.4231,0.8600,1.0394,1.2432,0.5000,0.0000,16.6686,1,0.0000,0.0000,0.1102,3,0,56311.5391,43983
42,399,NewYork,generalize_normal,FaithfulMAPPER,3600,15,61,14,0.2295,0.5410,0.4590,1745.5714,249.3673,0.5016,1.0000,838.1429,1066.1052,3650.1553,0.8710,563.0994,420.2935,2812.2197,2221.5007,557.8361,37189.0703,0,0,0.0000,0.0000,0.0000,0.0000,0,0.4242,0.5758,1.0000,8.0000,flat,0.3029,0.6482,1.2410,1.1680,0.5410,0.0000,108.1118,1,0.0000,0.0000,0.1200,2,0,51102.1719,34028
42,400,NewYork,generalize_normal,FaithfulMAPPER,3600,15,59,16,0.2712,0.6441,0.3559,1914.4375,319.0729,0.4591,1.0000,855.7500,1105.1578,3888.2986,0.9087,573.1294,418.8228,3462.0969,1924.5626,933.0339,62202.2617,0,0,0.0000,0.0000,0.0000,0.0000,0,0.4211,0.5789,1.0000,8.0000,flat,0.1244,0.3651,1.1522,1.4366,0.6441,0.0000,78.0903,1,0.0000,0.0000,0.1325,2,0,62212.7773,55049
42,401,NewYork,generalize_normal,FaithfulMAPPER,3600,15,57,18,0.3158,0.6316,0.3684,1440.3889,288.0778,0.3719,1.0002,661.8823,900.8182,3092.8711,0.9346,552.8426,395.2596,2579.3379,1579.6471,507.3333,33822.2227,0,0,0.0000,0.0000,0.0000,0.0000,0,0.5000,0.5000,1.0000,8.0000,flat,0.4097,0.7617,1.2864,1.2829,0.6316,0.0000,43.3081,2,0.0017,0.0058,0.1485,3,0,55671.6797,28918
42,402,NewYork,generalize_stress_light,FaithfulMAPPER,3600,15,65,22,0.3385,0.6154,0.3846,1685.4091,280.9015,0.4436,1.0000,764.5714,1004.1200,3129.8958,0.8187,561.8980,386.9317,2931.6379,1752.8137,576.0000,38400.0000,0,0,0.0000,0.0000,0.0000,0.0000,0,0.5500,0.4500,1.0000,8.0000,flat,0.2879,0.6684,1.2035,1.2377,0.6154,0.0000,138.5923,2,0.0003,0.0013,0.1332,3,0,68857.7031,37440
42,403,NewYork,generalize_stress_light,FaithfulMAPPER,3600,15,54,18,0.3333,0.6852,0.3148,1509.0000,301.8000,0.3915,1.0000,560.7778,1038.4166,2666.4165,0.9510,633.3394,441.4719,2487.0962,1516.3920,477.0555,31803.7031,0,0,0.0000,0.0000,0.0000,0.0000,0,0.4865,0.5135,1.0000,8.0000,flat,0.3275,0.7244,1.1932,1.2020,0.6852,0.0000,27.4944,1,0.0000,0.0000,0.1377,3,0,47995.4961,25761
42,404,NewYork,generalize_stress_light,FaithfulMAPPER,3600,15,53,14,0.2642,0.5849,0.4151,1404.4286,351.1071,0.3035,1.0000,697.2857,1018.0000,3139.6169,0.9005,587.7076,378.9993,2689.5603,2157.3040,544.6981,36313.2070,0,0,0.0000,0.0000,0.0000,0.0000,0,0.4516,0.5484,1.0000,8.0000,flat,0.4375,0.8921,1.1174,1.1137,0.5849,0.0000,69.3623,1,0.0000,0.0000,0.1328,3,0,43954.6367,28869
42,405,NewYork,generalize_stress_heavy,FaithfulMAPPER,3600,15,58,24,0.4138,0.5517,0.4483,1454.2916,363.5729,0.3072,1.0000,725.7143,927.0435,3006.0496,0.8284,527.0101,324.8853,2758.4795,1829.7369,563.7241,37581.6094,0,0,0.0000,0.0000,0.0000,0.0000,0,0.7500,0.2500,1.0000,8.0000,flat,0.3232,0.8431,1.2400,1.3434,0.5517,0.0000,124.5044,2,0.0003,0.0014,0.1445,5,0,72145.1953,32696
42,406,NewYork,generalize_stress_heavy,FaithfulMAPPER,3600,15,63,25,0.3968,0.6984,0.3016,1493.6000,373.4000,0.2953,1.0000,604.6522,1014.0667,3253.7549,1.0000,571.5316,390.2850,2601.2583,1831.8085,480.0635,32004.2324,0,0,0.0000,0.0000,0.0000,0.0000,0,0.5682,0.4318,1.0000,8.0000,flat,0.5042,0.9718,1.2664,1.1075,0.6984,0.0000,0.0000,1,0.0000,0.0000,0.1673,4,0,81343.8672,30244
42,407,NewYork,generalize_stress_heavy,FaithfulMAPPER,3600,15,70,23,0.3286,0.6429,0.3571,1444.9131,481.6377,0.2567,1.0000,628.2500,1088.8928,3054.5667,0.9724,494.4758,352.6265,2864.3677,1522.7083,507.1714,33811.4297,0,0,0.0000,0.0000,0.0000,0.0000,0,0.5111,0.4889,1.0000,8.0000,flat,0.4115,0.7551,1.1899,1.3769,0.6429,0.0000,17.3367,1,0.0000,0.0000,0.1452,3,0,70255.0312,35502
42,408,NewYork,generalize_slack,Hybrid,3600,15,58,20,0.3448,0.6379,0.3621,1756.7000,195.1889,0.6607,1.0000,838.8000,1051.1000,3772.2917,0.8994,585.6492,402.3417,2949.1157,1826.1715,736.3621,49090.8047,0,0,-0.2144,0.0000,0.0000,0.0000,70,0.5405,0.4595,1.0000,8.0000,flat,0.2190,0.5099,1.3312,1.3014,0.6379,0.0000,84.3416,1,0.0000,0.0000,0.1211,2,0,75445.8359,42709
42,409,NewYork,generalize_slack,Hybrid,3600,15,58,20,0.3448,0.5172,0.4828,1717.3000,190.8111,0.6045,1.0000,736.4500,1028.2800,3490.2732,0.9479,554.2931,403.3072,2841.2061,2159.8911,697.6724,46511.4961,0,0,-0.4943,0.0000,0.0000,0.0000,45,0.6667,0.3333,1.0000,8.0000,flat,0.2238,0.6042,1.3074,1.2390,0.5172,0.0000,38.3954,1,0.0000,0.0000,0.1232,3,0,69805.4609,40465
42,410,NewYork,generalize_slack,Hybrid,3600,15,60,15,0.2500,0.4833,0.5167,1959.0667,217.6741,0.6037,1.0000,957.2667,1136.0416,4319.5425,0.9025,588.5396,425.2560,3238.0598,2283.2065,740.6667,49377.7773,0,0,-0.1111,0.0000,0.0000,0.0000,51,0.5172,0.4828,1.0000,8.0000,flat,0.3746,0.7659,1.0437,1.2325,0.4833,0.0000,93.3582,1,0.0000,0.0000,0.1033,2,0,64793.1367,44440
42,411,NewYork,generalize_normal,Hybrid,3600,15,61,20,0.3279,0.5738,0.4262,1442.0500,180.2563,0.5549,1.0000,653.2000,1031.5769,3026.5139,0.9267,572.7850,422.6510,2743.8013,2040.6168,643.5574,42903.8242,0,0,0.0117,0.0000,0.0000,0.0000,72,0.5714,0.4286,1.0000,8.0000,flat,0.4565,0.8515,1.2242,1.1851,0.5738,0.0000,47.8972,1,0.0000,0.0000,0.1133,2,0,60530.2773,39257
42,412,NewYork,generalize_normal,Hybrid,3600,15,59,15,0.2542,0.5085,0.4915,1928.2000,275.4571,0.5036,1.0000,956.0667,1234.1500,4416.3667,0.9239,542.4168,402.6711,3811.6160,2188.8159,941.8135,62787.5703,0,0,0.0007,0.0000,0.0000,0.0000,64,0.5000,0.5000,1.0000,8.0000,flat,0.3088,0.6600,1.2002,1.3084,0.5085,0.0000,72.7933,1,0.0000,0.0000,0.1033,2,0,66245.5000,55567
42,413,NewYork,generalize_normal,Hybrid,3600,15,57,19,0.3333,0.4912,0.5088,1479.4736,246.5789,0.4078,1.0002,768.6316,902.4000,3444.1238,0.8962,547.6772,382.7043,2967.0818,1755.5334,573.5789,38238.5977,0,0,-0.3254,0.0000,0.0000,3.0000,54,0.6786,0.3214,1.0000,8.0000,flat,0.2251,0.4965,1.1594,1.4065,0.4912,0.0000,79.8068,2,0.0017,0.0050,0.1282,2,0,65438.3516,32694
42,414,NewYork,generalize_stress_light,Hybrid,3600,15,65,14,0.2154,0.4923,0.5077,1807.4286,301.2381,0.4496,1.0000,768.8571,1226.5264,3448.3142,0.8970,558.4905,384.2774,3285.0784,2211.6357,692.2462,46149.7422,0,0,0.3502,0.0000,0.0000,0.0000,62,0.4375,0.5625,1.0000,8.0000,flat,0.4481,0.8921,1.1740,1.2580,0.4923,0.0000,79.1943,1,0.0000,0.0000,0.0919,2,0,48276.3984,44996
42,415,NewYork,generalize_stress_light,Hybrid,3600,15,54,15,0.2778,0.5741,0.4259,1449.3334,362.3333,0.3110,1.0000,631.0667,956.0000,2855.2949,0.9049,633.3394,434.1147,2691.7834,1725.7054,603.5000,40233.3320,0,0,0.0939,0.0000,0.0000,0.0000,58,0.4839,0.5161,1.0000,8.0000,flat,0.2500,0.5774,1.2402,1.1364,0.5741,0.0000,60.0077,1,0.0000,0.0000,0.1116,1,0,42829.4219,32589
42,416,NewYork,generalize_stress_light,Hybrid,3600,15,53,21,0.3962,0.5472,0.4528,1410.3334,470.1111,0.2550,1.0000,685.9500,709.3636,3084.6274,0.8994,577.5547,395.0073,2595.6748,2171.8218,628.0000,41866.6680,0,0,-0.2963,0.0000,0.0000,0.0000,50,0.7241,0.2759,1.0000,8.0000,flat,0.1754,0.4994,1.1411,1.0855,0.5472,0.0000,69.0245,1,0.0000,0.0000,0.1514,3,0,64777.1797,33284
42,417,NewYork,generalize_stress_heavy,Hybrid,3600,15,58,12,0.2069,0.4655,0.5345,1787.8334,446.9583,0.3186,1.0000,776.8333,1326.9048,3466.3943,0.8924,570.1304,327.2454,3049.0815,2200.7971,615.0517,41003.4492,0,0,-0.0604,0.0000,0.0000,1.0000,48,0.4444,0.5556,1.0000,8.0000,flat,0.4649,0.9204,1.2490,1.3189,0.4655,0.0000,83.5544,1,0.0000,0.0000,0.1084,2,0,41596.7305,35673
42,418,NewYork,generalize_stress_heavy,Hybrid,3600,15,63,19,0.3016,0.6508,0.3492,1541.2632,385.3158,0.3144,1.0001,715.1053,973.5555,3400.1885,0.9510,620.5562,397.3593,2728.4319,1976.7949,645.0635,43004.2344,0,0,0.1266,0.0000,0.0000,0.0000,78,0.4634,0.5366,1.0000,8.0000,flat,0.3158,0.6383,1.2273,1.2021,0.6508,0.0000,35.0676,2,0.0014,0.0032,0.1410,2,0,64603.5820,40639
42,419,NewYork,generalize_stress_heavy,Hybrid,3600,15,70,15,0.2143,0.5143,0.4857,1845.3334,369.0667,0.3949,1.0000,881.4667,1195.8695,4091.6013,0.9284,494.4758,351.9845,3300.4258,1922.3090,926.3428,61756.1914,0,0,0.0030,0.0000,0.0000,1.0000,68,0.4167,0.5833,1.0000,8.0000,flat,0.3216,0.6600,1.2105,1.3055,0.5143,0.0000,63.1464,1,0.0000,0.0000,0.1158,2,0,61374.0195,64844
42,420,NewYork,generalize_slack,TamAlwaysAccept,3600,15,58,20,0.3448,0.5862,0.4138,1716.6500,190.7389,0.6400,1.0000,877.2000,1029.5667,3946.5320,0.8998,585.6492,401.3129,3055.6401,1871.5106,697.5517,46503.4492,0,0,0.0000,0.0000,0.0000,0.0000,0,0.5882,0.4118,1.0000,8.0000,flat,0.3522,0.7036,1.2490,1.4216,0.5862,0.0000,87.8936,1,0.0000,0.0000,0.1087,2,0,78930.6406,40458
42,421,NewYork,generalize_slack,TamAlwaysAccept,3600,15,58,20,0.3448,0.4483,0.5517,1701.2500,212.6562,0.5686,1.0000,790.6500,1041.4584,3503.2668,0.8862,515.3959,356.8793,2856.0513,2183.7324,653.0172,43534.4844,0,0,0.0000,0.0000,0.0000,0.0000,0,0.7692,0.2308,1.0000,8.0000,flat,0.3000,0.6856,1.3051,1.2494,0.4483,0.0000,89.9966,1,0.0000,0.0000,0.1108,3,0,70065.3359,37875
42,422,NewYork,generalize_slack,TamAlwaysAccept,3600,15,60,18,0.3000,0.4667,0.5333,1598.0000,199.7500,0.5989,1.0000,769.8889,998.9583,3533.3481,0.9179,588.5396,425.2560,3188.4382,1951.9363,647.7167,43181.1094,0,0,0.0000,0.0000,0.0000,0.0000,0,0.6429,0.3571,1.0000,8.0000,flat,0.4091,0.7935,1.0631,1.2097,0.4667,0.0000,63.2193,1,0.0000,0.0000,0.1027,2,0,63600.2656,38863
42,423,NewYork,generalize_normal,TamAlwaysAccept,3600,15,61,19,0.3115,0.4754,0.5246,1509.2632,215.6090,0.4864,1.0000,749.3684,1092.0714,3352.7900,0.8948,568.7443,409.9668,2862.2578,2526.0068,578.0820,38538.7969,0,0,0.0000,0.0000,0.0000,0.0000,0,0.6552,0.3448,1.0000,8.0000,flat,0.4027,0.8487,1.3026,1.1213,0.4754,0.0000,78.8104,1,0.0000,0.0000,0.1121,3,0,63703.0078,35263
42,424,NewYork,generalize_normal,TamAlwaysAccept,3600,15,59,18,0.3051,0.5254,0.4746,1566.3334,223.7619,0.5175,1.0000,790.5555,1079.7826,3895.6282,0.9855,573.1294,418.8228,3655.9734,2384.7896,882.8644,58857.6289,0,0,0.0000,0.0000,0.0000,0.0000,0,0.5806,0.4194,1.0000,8.0000,flat,0.4603,0.9718,1.1610,1.3558,0.5254,0.0000,11.4299,1,0.0000,0.0000,0.1016,3,0,70121.3125,52089
42,425,NewYork,generalize_normal,TamAlwaysAccept,3600,15,57,16,0.2807,0.5439,0.4561,1422.9375,203.2768,0.4850,1.0002,687.3750,1033.5385,3187.6887,0.9275,556.4606,382.0700,2757.7163,1666.8436,619.8947,41326.3164,0,0,0.0000,0.0000,0.0000,0.0000,0,0.5161,0.4839,1.0000,8.0000,flat,0.4048,0.8004,1.1678,1.4250,0.5439,0.0000,49.8373,2,0.0017,0.0049,0.1184,2,0,51003.0195,35334
42,426,NewYork,generalize_stress_light,TamAlwaysAccept,3600,15,65,19,0.2923,0.4769,0.5231,1695.3684,282.5614,0.4034,1.0000,786.2632,1087.9584,3474.4939,0.8838,567.4940,394.4406,3183.8860,2005.3878,669.8615,44657.4375,0,0,0.0000,0.0000,0.0000,0.0000,0,0.6129,0.3871,1.0000,8.0000,flat,0.3936,0.7699,1.1991,1.2327,0.4769,0.0000,91.3644,1,0.0000,0.0000,0.1007,2,0,66015.3828,43541
42,427,NewYork,generalize_stress_light,TamAlwaysAccept,3600,15,54,17,0.3148,0.5741,0.4259,1477.2354,295.4471,0.3789,1.0000,657.9412,883.8261,2944.8623,0.8952,633.3394,433.8330,2622.8635,1828.2478,557.1296,37141.9766,0,0,0.0000,0.0000,0.0000,0.0000,0,0.5484,0.4516,1.0000,8.0000,flat,0.2609,0.5941,1.2346,1.1439,0.5741,0.0000,68.9687,1,0.0000,0.0000,0.1173,1,0,50062.6602,30085
42,428,NewYork,generalize_stress_light,TamAlwaysAccept,3600,15,53,20,0.3774,0.5283,0.4717,1337.3500,267.4700,0.3850,1.0000,645.5000,901.9583,2866.6758,0.8882,577.5547,374.5075,2665.1050,2132.4966,591.8679,39457.8633,0,0,0.0000,0.0000,0.0000,0.0000,0,0.7143,0.2857,1.0000,8.0000,flat,0.3000,0.6856,1.0629,1.1752,0.5283,0.0000,72.1649,1,0.0000,0.0000,0.1271,3,0,57333.5117,31369
42,429,NewYork,generalize_stress_heavy,TamAlwaysAccept,3600,15,58,18,0.3103,0.4828,0.5172,1614.6666,403.6667,0.2818,1.0000,753.4445,1046.7693,3532.7473,0.9378,522.2068,313.4647,2964.8372,2048.7161,556.7759,37118.3906,0,0,0.0000,0.0000,0.0000,0.0000,0,0.6429,0.3571,1.0000,8.0000,flat,0.3810,0.7454,1.2688,1.3027,0.4828,0.0000,46.8950,1,0.0000,0.0000,0.1247,2,0,63589.4531,32293
42,430,NewYork,generalize_stress_heavy,TamAlwaysAccept,3600,15,63,19,0.3016,0.5556,0.4444,1445.6316,361.4079,0.2781,1.0000,717.7895,970.8125,3233.3955,0.9009,562.8581,370.5506,2805.5173,2063.4709,554.0952,36939.6836,0,0,0.0000,0.0000,0.0000,0.0000,0,0.5429,0.4571,1.0000,8.0000,flat,0.4485,0.8487,1.2089,1.2303,0.5556,0.0000,71.1104,1,0.0000,0.0000,0.1301,2,0,61434.5156,34908
42,431,NewYork,generalize_stress_heavy,TamAlwaysAccept,3600,15,70,16,0.2286,0.4714,0.5286,1792.0000,358.4000,0.3391,1.0000,810.6875,1151.7307,3573.9392,0.8817,490.2122,339.1324,3345.3250,1982.0525,598.6857,39912.3828,0,0,0.0000,0.0000,0.0000,0.0000,0,0.4848,0.5152,1.0000,8.0000,flat,0.4702,0.8970,1.2145,1.2943,0.4714,0.0000,95.8997,1,0.0000,0.0000,0.1072,2,0,57183.0273,41908
42,432,NewYork,generalize_slack,CongestionAware,3600,15,58,24,0.4138,1.0000,0.0000,1512.2500,189.0312,0.5836,1.0000,588.1500,1069.0869,2830.6609,0.9626,612.9407,418.2774,2291.6938,1131.4567,2749.9656,183331.0312,0,0,0.0000,0.0000,0.0000,0.0000,0,0.4138,0.5862,1.0000,8.0000,flat,0.2950,0.5448,1.3204,0.0000,1.0000,0.0000,22.0178,2,0.0003,0.0013,0.1980,3,0,67935.8594,159498
42,433,NewYork,generalize_slack,CongestionAware,3600,15,58,22,0.3793,1.0000,0.0000,1461.7273,208.8182,0.4902,1.0001,581.6875,1021.1111,2740.4768,0.9423,568.8249,425.7215,1960.4812,1373.3269,2571.0173,171401.1562,0,0,0.0000,0.0000,0.0000,0.0000,0,0.3793,0.6207,1.0000,8.0000,flat,0.5646,1.1603,1.2744,0.0000,1.0000,0.0000,33.5922,2,0.0006,0.0025,0.2218,7,0,60290.4922,149119
42,434,NewYork,generalize_slack,CongestionAware,3600,15,60,29,0.4833,1.0000,0.0000,1496.3448,136.0314,0.7468,1.0000,604.4615,928.3846,2986.5361,0.9882,640.1763,464.5469,2117.1611,1324.8130,2689.3667,179291.1094,0,0,0.0000,0.0000,0.0000,0.0000,0,0.4833,0.5167,1.0000,8.0000,flat,0.3333,0.7454,1.1413,0.0000,1.0000,0.0000,7.1543,1,0.0000,0.0000,0.1995,5,0,86609.5469,161362
42,435,NewYork,generalize_normal,CongestionAware,3600,15,61,23,0.3770,1.0000,0.0000,1687.2609,187.4734,0.6068,1.0000,585.3000,1093.9000,2539.4807,0.8678,572.7850,428.3450,1981.3289,1197.9551,2766.4263,184428.4219,0,0,0.0000,0.0000,0.0000,0.0000,0,0.3770,0.6230,1.0000,8.0000,flat,0.3923,0.7036,1.2075,0.0000,1.0000,0.0000,77.4038,2,0.0003,0.0014,0.2208,3,0,58408.0547,168752
42,436,NewYork,generalize_normal,CongestionAware,3600,15,59,25,0.4237,1.0000,0.0000,1675.2800,209.4100,0.5802,1.0001,555.0000,1203.8636,2886.0073,1.0000,585.0342,444.6265,2599.6199,1303.1483,2281.8982,152126.5469,0,0,0.0000,0.0000,0.0000,0.0000,0,0.4237,0.5763,1.0000,8.0000,flat,0.3004,0.5568,1.2534,0.0000,1.0000,0.0000,0.0000,2,0.0006,0.0025,0.2348,4,0,72150.1797,134632
42,437,NewYork,generalize_normal,CongestionAware,3600,15,57,27,0.4737,1.0000,0.0000,1282.6666,160.3333,0.5667,1.0002,404.4583,1067.3334,2011.9651,0.9949,581.7510,422.5887,1995.7285,1344.1622,2470.8948,164726.3125,0,0,0.0000,0.0000,0.0000,0.0000,0,0.4737,0.5263,1.0000,8.0000,flat,0.2700,0.5352,1.2851,0.0000,1.0000,0.0000,2.0653,2,0.0019,0.0052,0.2113,5,1,54323.0586,140841
42,438,NewYork,generalize_stress_light,CongestionAware,3600,15,65,23,0.3538,1.0000,0.0000,1638.4783,234.0683,0.5192,1.0000,447.2000,1225.9546,2769.3677,1.0000,574.8456,404.1807,2162.7966,1236.5525,2028.1846,135212.3125,0,0,0.0000,0.0000,0.0000,0.0000,0,0.3538,0.6462,1.0000,8.0000,flat,0.3377,0.6494,1.2167,0.0000,1.0000,0.0000,0.0000,2,0.0003,0.0014,0.2504,4,0,63695.4531,131832
42,439,NewYork,generalize_stress_light,CongestionAware,3600,15,54,18,0.3333,1.0000,0.0000,1348.8889,192.6984,0.4987,1.0000,301.9375,1260.4445,2031.2781,1.0000,633.3394,451.3991,1975.4769,1285.0892,2246.9075,149793.8281,0,0,0.0000,0.0000,0.0000,0.0000,0,0.3333,0.6667,1.0000,8.0000,flat,0.4813,0.8882,1.1960,0.0000,1.0000,0.0000,0.0000,2,0.0003,0.0015,0.2020,4,0,36563.0078,121333
42,440,NewYork,generalize_stress_light,CongestionAware,3600,15,53,20,0.3774,1.0000,0.0000,1367.2000,227.8667,0.4059,1.0000,472.0000,992.4375,2129.9514,0.9025,591.3395,431.6645,1913.0792,1234.1375,2625.5850,175039.0000,0,0,0.0000,0.0000,0.0000,0.0000,0,0.3774,0.6226,1.0000,8.0000,flat,0.4568,0.9129,1.1159,0.0000,1.0000,0.0000,46.0097,1,0.0000,0.0000,0.2116,6,0,42599.0273,139156
42,441,NewYork,generalize_stress_heavy,CongestionAware,3600,15,58,14,0.2414,1.0000,0.0000,2055.5715,411.1143,0.3768,1.0000,501.5000,1362.7273,2488.6792,0.9925,631.4806,370.3921,1912.8657,1129.2089,2216.1553,147743.6719,0,0,0.0000,0.0000,0.0000,0.0000,0,0.2414,0.7586,1.0000,8.0000,flat,0.3117,0.5750,1.2864,0.0000,1.0000,0.0000,3.7642,2,0.0003,0.0015,0.2311,3,0,34841.5078,128537
42,442,NewYork,generalize_stress_heavy,CongestionAware,3600,15,63,10,0.1587,1.0000,0.0000,2035.4000,508.8500,0.3316,1.0000,386.4000,1432.8889,2124.7598,1.0000,633.1241,418.5507,2068.4302,1364.9520,3257.2222,217148.1406,0,0,0.0000,0.0000,0.0000,0.0000,0,0.1587,0.8413,1.0000,8.0000,flat,0.5312,1.0000,1.2185,0.0000,1.0000,0.0000,0.0000,2,0.0003,0.0015,0.2378,3,0,21247.5977,205205
42,443,NewYork,generalize_stress_heavy,CongestionAware,3600,15,70,13,0.1857,1.0000,0.0000,1949.2307,389.8461,0.3964,1.0001,453.9091,1361.6666,2439.0037,1.0000,535.2263,373.5264,2128.4883,1143.9729,1776.2572,118417.1406,0,0,0.0000,0.0000,0.0000,0.0000,0,0.1857,0.8143,1.0000,8.0000,flat,0.4167,0.9428,1.2567,0.0000,1.0000,0.0000,0.0000,2,0.0008,0.0025,0.2184,5,0,31707.0469,124338
42,444,NewYork,generalize_slack,TrafficFlow,3600,15,58,28,0.4828,1.0000,0.0000,1515.4642,151.5464,0.7285,1.0000,611.9200,1087.4138,3020.5847,0.9872,612.9407,418.2774,2291.6938,1131.4567,2274.2932,151619.5469,0,0,0.0000,0.0000,0.0000,0.0000,0,0.4828,0.5172,1.0000,8.0000,flat,0.3795,0.7731,1.3204,0.0000,1.0000,0.0000,7.8030,1,0.0000,0.0000,0.2000,5,0,84576.3750,131909
42,445,NewYork,generalize_slack,TrafficFlow,3600,15,58,30,0.5172,1.0000,0.0000,1215.6333,151.9542,0.5586,1.0000,416.4000,1000.6896,2074.6411,0.9965,568.8249,425.7215,1960.4812,1373.3269,2427.7068,161847.1406,0,0,0.0000,0.0000,0.0000,0.0000,0,0.5172,0.4828,1.0000,8.0000,flat,0.4691,0.9771,1.2744,0.0000,1.0000,0.0000,1.4718,2,0.0003,0.0017,0.2547,6,0,62239.2305,140807
42,446,NewYork,generalize_slack,TrafficFlow,3600,15,60,39,0.6500,1.0000,0.0000,1314.6410,131.4641,0.7003,1.0000,577.6970,845.7500,2687.9885,0.9306,640.1763,464.5469,2117.1611,1324.8130,2732.8333,182188.8906,0,0,0.0000,0.0000,0.0000,0.0000,0,0.6500,0.3500,1.0000,8.0000,flat,0.3112,0.6843,1.1413,0.0000,1.0000,0.0000,40.0992,2,0.0003,0.0017,0.2247,6,0,104831.5547,163970
42,447,NewYork,generalize_normal,TrafficFlow,3600,15,61,16,0.2623,1.0000,0.0000,1696.8125,212.1016,0.5907,1.0000,613.5333,1204.1578,2987.7051,0.9739,572.7850,428.3450,1981.3289,1197.9551,3008.4263,200561.7500,0,0,0.0000,0.0000,0.0000,0.0000,0,0.2623,0.7377,1.0000,8.0000,flat,0.4000,0.7483,1.2075,0.0000,1.0000,0.0000,15.9923,2,0.0003,0.0015,0.1972,3,0,47803.2812,183514
42,448,NewYork,generalize_normal,TrafficFlow,3600,15,59,23,0.3898,1.0000,0.0000,1469.7391,183.7174,0.5365,1.0000,503.0555,1056.5714,3156.6855,1.0000,585.0342,444.6265,2599.6199,1303.1483,1867.8983,124526.5547,0,0,0.0000,0.0000,0.0000,0.0000,0,0.3898,0.6102,1.0000,8.0000,flat,0.2636,0.4896,1.2534,0.0000,1.0000,0.0000,0.0000,1,0.0000,0.0000,0.2197,4,1,72603.7656,110206
42,449,NewYork,generalize_normal,TrafficFlow,3600,15,57,24,0.4211,1.0000,0.0000,1326.8334,165.8542,0.5501,1.0002,347.7000,1052.0000,2295.0027,1.0000,581.7510,422.5887,1995.7285,1344.1622,2584.5088,172300.5781,0,0,0.0000,0.0000,0.0000,0.0000,0,0.4211,0.5789,1.0000,8.0000,flat,0.3939,0.7329,1.2851,0.0000,1.0000,0.0000,0.0000,2,0.0019,0.0053,0.2172,5,0,55080.0625,147317
42,450,NewYork,generalize_stress_light,TrafficFlow,3600,15,65,21,0.3231,1.0000,0.0000,1517.2858,216.7551,0.5151,1.0000,479.1765,1166.8096,2702.1501,1.0000,574.8456,404.1807,2162.7966,1236.5525,1818.6461,121243.0781,0,0,0.0000,0.0000,0.0000,0.0000,0,0.3231,0.6769,1.0000,8.0000,flat,0.3526,0.6842,1.2167,0.0000,1.0000,0.0000,0.0000,2,0.0003,0.0015,0.2345,5,0,56745.1562,118212
42,451,NewYork,generalize_stress_light,TrafficFlow,3600,15,54,20,0.3704,1.0000,0.0000,1357.2000,193.8857,0.4802,1.0001,433.8333,1122.2632,2427.6152,1.0000,633.3394,451.3991,1975.4769,1285.0892,2224.1853,148279.0156,0,0,0.0000,0.0000,0.0000,0.0000,0,0.3704,0.6296,1.0000,8.0000,flat,0.4306,0.7856,1.1960,0.0000,1.0000,0.0000,0.0000,2,0.0008,0.0026,0.2079,4,0,48552.3047,120106
42,452,NewYork,generalize_stress_light,TrafficFlow,3600,15,53,17,0.3208,1.0000,0.0000,1777.0000,296.1667,0.4624,1.0000,604.5333,1187.2500,2200.2141,0.7279,591.3395,431.6645,1913.0792,1234.1375,2196.7358,146449.0625,0,0,0.0000,0.0000,0.0000,0.0000,0,0.3208,0.6792,1.0000,8.0000,flat,0.4429,0.8571,1.1159,0.0000,1.0000,0.0000,164.4905,1,0.0000,0.0000,0.2060,4,0,37403.6367,116427
42,453,NewYork,generalize_stress_heavy,TrafficFlow,3600,15,58,7,0.1207,1.0000,0.0000,2137.1428,427.4286,0.3588,1.0000,583.7143,1415.3334,3272.4912,1.0000,631.4806,370.3921,1912.8657,1129.2089,1782.8276,118855.1719,0,0,0.0000,0.0000,0.0000,0.0000,0,0.1207,0.8793,1.0000,8.0000,flat,0.2449,0.5345,1.2864,0.0000,1.0000,0.0000,0.0000,2,0.0003,0.0011,0.2197,2,0,22907.4375,103404
42,454,NewYork,generalize_stress_heavy,TrafficFlow,3600,15,63,13,0.2063,1.0000,0.0000,1705.3846,341.0769,0.3529,1.0000,397.0909,1489.5000,2226.0833,1.0000,633.1241,418.5507,2068.4302,1364.9520,1849.0476,123269.8438,0,0,0.0000,0.0000,0.0000,0.0000,0,0.2063,0.7937,1.0000,8.0000,flat,0.4416,0.8232,1.2185,0.0000,1.0000,0.0000,0.0000,2,0.0003,0.0012,0.2500,4,0,28939.0820,116490
42,455,NewYork,generalize_stress_heavy,TrafficFlow,3600,15,70,19,0.2714,1.0000,0.0000,1502.6842,250.4474,0.4022,1.0000,463.1667,1163.3334,2273.7942,0.9818,535.2263,373.5264,2128.4883,1143.9729,1362.3286,90821.9062,0,0,0.0000,0.0000,0.0000,0.0000,0,0.2714,0.7286,1.0000,8.0000,flat,0.4844,0.8660,1.2567,0.0000,1.0000,0.0000,8.4078,2,0.0003,0.0017,0.2523,5,0,43202.0898,95363
42,456,NewYork,generalize_slack,TokenPassing,3600,15,58,18,0.3103,1.0000,0.0000,1500.8889,214.4127,0.5273,1.0000,511.6875,1216.6190,2566.5132,1.0000,612.9407,418.2774,2291.6938,1131.4567,2635.5518,175703.4531,0,0,0.0000,0.0000,0.0000,0.0000,0,0.3103,0.6897,1.0000,8.0000,flat,0.4069,0.7870,1.3204,0.0000,1.0000,0.0000,0.0000,1,0.0000,0.0000,0.2015,4,0,46197.2383,152862
42,457,NewYork,generalize_slack,TokenPassing,3600,15,58,29,0.5000,1.0000,0.0000,1385.5518,173.1940,0.5817,1.0000,373.2083,1019.0000,2152.6936,1.0000,568.8249,425.7215,1960.4812,1373.3269,2431.2241,162081.6250,0,0,0.0000,0.0000,0.0000,0.0000,0,0.5000,0.5000,1.0000,8.0000,flat,0.4670,0.9295,1.2744,0.0000,1.0000,0.0000,0.0000,2,0.0003,0.0014,0.2123,6,0,62428.1172,141011
42,458,NewYork,generalize_slack,TokenPassing,3600,15,60,33,0.5500,1.0000,0.0000,1464.8182,146.4818,0.6903,1.0000,561.6207,920.8519,2898.5708,1.0000,640.1763,464.5469,2117.1611,1324.8130,2358.7000,157246.6719,0,0,0.0000,0.0000,0.0000,0.0000,0,0.5500,0.4500,1.0000,8.0000,flat,0.3407,0.7370,1.1413,0.0000,1.0000,0.0000,0.0000,2,0.0006,0.0020,0.2151,6,0,95652.8359,141522
42,459,NewYork,generalize_normal,TokenPassing,3600,15,61,23,0.3770,1.0000,0.0000,1562.6957,173.6329,0.6036,1.0000,518.9500,1091.2380,2814.7424,1.0000,572.7850,428.3450,1981.3289,1197.9551,2974.1804,198278.6875,0,0,0.0000,0.0000,0.0000,0.0000,0,0.3770,0.6230,1.0000,8.0000,flat,0.4396,0.7882,1.2075,0.0000,1.0000,0.0000,0.0000,1,0.0000,0.0000,0.2263,4,0,64739.0742,181425
42,460,NewYork,generalize_normal,TokenPassing,3600,15,59,23,0.3898,1.0000,0.0000,1560.9565,195.1196,0.5723,1.0000,472.5555,1153.8572,3446.4475,1.0000,585.0342,444.6265,2599.6199,1303.1483,1825.4576,121697.1719,0,0,0.0000,0.0000,0.0000,0.0000,0,0.3898,0.6102,1.0000,8.0000,flat,0.3306,0.6030,1.2534,0.0000,1.0000,0.0000,0.0000,1,0.0000,0.0000,0.2155,4,0,79268.2969,107702
42,461,NewYork,generalize_normal,TokenPassing,3600,15,57,23,0.4035,1.0000,0.0000,1301.3043,162.6630,0.5375,1.0002,485.1905,1016.8000,2189.1304,0.9024,581.7510,422.5887,1995.7285,1344.1622,2053.0701,136871.3438,0,0,0.0000,0.0000,0.0000,0.0000,0,0.4035,0.5965,1.0000,8.0000,flat,0.3545,0.6964,1.2851,0.0000,1.0000,0.0000,47.3644,2,0.0019,0.0053,0.1974,5,0,50350.0000,117025
42,462,NewYork,generalize_stress_light,TokenPassing,3600,15,65,23,0.3538,1.0000,0.0000,1409.2174,201.3168,0.4897,1.0000,575.4500,969.1905,2966.9368,1.0000,574.8456,404.1807,2162.7966,1236.5525,1347.7076,89847.1797,0,0,0.0000,0.0000,0.0000,0.0000,0,0.3538,0.6462,1.0000,8.0000,flat,0.3000,0.5916,1.2167,0.0000,1.0000,0.0000,0.0000,2,0.0006,0.0020,0.2279,5,1,68239.5469,87601
42,463,NewYork,generalize_stress_light,TokenPassing,3600,15,54,19,0.3519,1.0000,0.0000,1318.6316,188.3759,0.5032,1.0001,351.5882,1280.5264,2069.8445,1.0000,633.3394,451.3991,1975.4769,1285.0892,2160.7593,144050.6250,0,0,0.0000,0.0000,0.0000,0.0000,0,0.3519,0.6481,1.0000,8.0000,flat,0.3743,0.7979,1.1960,0.0000,1.0000,0.0000,0.0000,2,0.0006,0.0024,0.1906,4,0,39327.0469,116681
42,464,NewYork,generalize_stress_light,TokenPassing,3600,15,53,21,0.3962,1.0000,0.0000,1582.9048,226.1293,0.4718,1.0001,598.3684,1034.7368,2393.6494,0.8001,591.3395,431.6645,1913.0792,1234.1375,2113.7170,140914.4688,0,0,0.0000,0.0000,0.0000,0.0000,0,0.3962,0.6038,1.0000,8.0000,flat,0.3137,0.6335,1.1159,0.0000,1.0000,0.0000,119.6385,2,0.0006,0.0024,0.2437,4,1,50266.6406,112027
42,465,NewYork,generalize_stress_heavy,TokenPassing,3600,15,58,14,0.2414,1.0000,0.0000,1841.4286,368.2857,0.3539,1.0000,503.6667,1259.4000,2624.8687,1.0000,631.4806,370.3921,1912.8657,1129.2089,1677.8276,111855.1719,0,0,0.0000,0.0000,0.0000,0.0000,0,0.2414,0.7586,1.0000,8.0000,flat,0.2143,0.4082,1.2864,0.0000,1.0000,0.0000,0.0000,2,0.0003,0.0014,0.2289,3,1,36748.1602,97314
42,466,NewYork,generalize_stress_heavy,TokenPassing,3600,15,63,13,0.2063,1.0000,0.0000,1602.7693,320.5539,0.3529,1.0000,421.6364,1395.0000,2542.3875,1.0000,633.1241,418.5507,2068.4302,1364.9520,1622.1587,108143.9141,0,0,0.0000,0.0000,0.0000,0.0000,0,0.2063,0.7937,1.0000,8.0000,flat,0.4156,0.7497,1.2185,0.0000,1.0000,0.0000,0.0000,2,0.0003,0.0012,0.2454,3,0,33051.0391,102196
42,467,NewYork,generalize_stress_heavy,TokenPassing,3600,15,70,16,0.2286,1.0000,0.0000,2177.3125,362.8854,0.4402,1.0000,428.6000,1645.5294,2545.3901,1.0000,535.2263,373.5264,2128.4883,1143.9729,1420.9857,94732.3828,0,0,0.0000,0.0000,0.0000,0.0000,0,0.2286,0.7714,1.0000,8.0000,flat,0.4464,0.7954,1.2567,0.0000,1.0000,0.0000,0.0000,2,0.0003,0.0015,0.2734,4,0,40726.2422,99469
42,468,NewYork,generalize_slack,PIBT,3600,15,58,6,0.1034,1.0000,0.0000,2120.6667,163.1282,0.8856,1.0001,900.6667,1685.2727,3487.4893,0.7744,612.9407,418.2774,2291.6938,1131.4567,781.6379,52109.1953,0,0,0.0000,0.0000,0.0000,0.0000,0,0.1034,0.8966,1.0000,8.0000,flat,0.7451,1.6667,1.3204,0.0000,1.0000,0.0000,203.1688,2,0.0006,0.0024,0.1065,2,0,20924.9355,45335
42,469,NewYork,generalize_slack,PIBT,3600,15,58,5,0.0862,1.0000,0.0000,1739.4000,144.9500,0.8551,1.0000,723.4000,1866.5454,3187.9053,0.8814,568.8249,425.7215,1960.4812,1373.3269,883.1379,58875.8633,0,0,0.0000,0.0000,0.0000,0.0000,0,0.0862,0.9138,1.0000,8.0000,flat,0.7059,1.5492,1.2744,0.0000,1.0000,0.0000,85.8190,1,0.0000,0.0000,0.1149,1,0,15939.5273,51222
42,470,NewYork,generalize_slack,PIBT,3600,15,60,5,0.0833,1.0000,0.0000,2295.0000,176.5385,0.8891,1.0000,1024.6000,1961.6250,4594.1318,0.8968,640.1763,464.5469,2117.1611,1324.8130,1089.1666,72611.1094,0,0,0.0000,0.0000,0.0000,0.0000,0,0.0833,0.9167,1.0000,8.0000,flat,0.7059,1.5492,1.1413,0.0000,1.0000,0.0000,105.7736,1,0.0000,0.0000,0.1009,1,0,22970.6582,65350
42,471,NewYork,generalize_normal,PIBT,3600,15,61,3,0.0492,1.0000,0.0000,2994.3333,299.4333,0.7269,1.0000,666.0000,2540.6001,4817.8862,1.0000,572.7850,428.3450,1981.3289,1197.9551,1858.0328,123868.8516,0,0,0.0000,0.0000,0.0000,0.0000,0,0.0492,0.9508,1.0000,8.0000,flat,0.7857,1.9149,1.2075,0.0000,1.0000,0.0000,0.0000,1,0.0000,0.0000,0.1068,1,0,14453.6582,113340
42,472,NewYork,generalize_normal,PIBT,3600,15,59,3,0.0508,1.0000,0.0000,2799.0000,254.4545,0.7389,1.0000,821.6667,2008.0000,3608.2471,0.8783,585.0342,444.6265,2599.6199,1303.1483,1155.3729,77024.8594,0,0,0.0000,0.0000,0.0000,0.0000,0,0.0508,0.9492,1.0000,8.0000,flat,0.7857,1.9149,1.2534,0.0000,1.0000,0.0000,100.0173,1,0.0000,0.0000,0.1127,1,0,10824.7412,68167
42,473,NewYork,generalize_normal,PIBT,3600,15,57,4,0.0702,1.0000,0.0000,1961.7500,196.1750,0.7206,1.0002,824.0000,1813.5714,3709.3135,0.9003,581.7510,422.5887,1995.7285,1344.1622,1162.0878,77472.5156,0,0,0.0000,0.0000,0.0000,0.0000,0,0.0702,0.9298,1.0000,8.0000,flat,0.7333,1.6583,1.2851,0.0000,1.0000,0.0000,82.1373,2,0.0017,0.0049,0.1193,1,0,14837.2539,66239
42,474,NewYork,generalize_stress_light,PIBT,3600,15,65,3,0.0462,1.0000,0.0000,2758.3333,306.4815,0.6015,1.0000,848.6667,2206.0000,3708.7285,0.8740,574.8456,404.1807,2162.7966,1236.5525,1632.9385,108862.5625,0,0,0.0000,0.0000,0.0000,0.0000,0,0.0462,0.9538,1.0000,8.0000,flat,0.7500,1.7321,1.2167,0.0000,1.0000,0.0000,106.9210,1,0.0000,0.0000,0.1410,1,0,11126.1855,106141
42,475,NewYork,generalize_stress_light,PIBT,3600,15,54,4,0.0741,1.0000,0.0000,2900.7500,362.5938,0.5808,1.0000,327.0000,2569.5000,1606.3385,0.9825,633.3394,451.3991,1975.4769,1285.0892,1970.6111,131374.0781,0,0,0.0000,0.0000,0.0000,0.0000,0,0.0741,0.9259,1.0000,8.0000,flat,0.7727,1.7678,1.1960,0.0000,1.0000,0.0000,5.7323,1,0.0000,0.0000,0.1386,2,0,6425.3540,106413
42,476,NewYork,generalize_stress_light,PIBT,3600,15,53,3,0.0566,1.0000,0.0000,2837.3333,354.6667,0.5743,1.0000,555.3333,2420.0000,2484.2327,0.8947,591.3395,431.6645,1913.0792,1234.1375,1529.3019,101953.4609,0,0,0.0000,0.0000,0.0000,0.0000,0,0.0566,0.9434,1.0000,8.0000,flat,0.7273,1.6330,1.1159,0.0000,1.0000,0.0000,58.4868,1,0.0000,0.0000,0.1229,1,0,7452.6978,81053
42,477,NewYork,generalize_stress_heavy,PIBT,3600,15,58,7,0.1207,1.0000,0.0000,2012.2858,335.3810,0.4309,1.0000,442.6667,2015.4286,2265.6641,1.0000,631.4806,370.3921,1912.8657,1129.2089,1769.5690,117971.2656,0,0,0.0000,0.0000,0.0000,0.0000,0,0.1207,0.8793,1.0000,8.0000,flat,0.6250,1.2910,1.2864,0.0000,1.0000,0.0000,0.0000,1,0.0000,0.0000,0.1758,3,0,15859.6484,102635
42,478,NewYork,generalize_stress_heavy,PIBT,3600,15,63,2,0.0317,1.0000,0.0000,2028.0000,338.0000,0.4439,1.0000,523.0000,2081.0000,2294.6045,0.8775,633.1241,418.5507,2068.4302,1364.9520,2549.9841,169998.9375,0,0,0.0000,0.0000,0.0000,0.0000,0,0.0317,0.9683,1.0000,8.0000,flat,0.7778,1.8708,1.2185,0.0000,1.0000,0.0000,64.0791,1,0.0000,0.0000,0.1758,1,0,4589.2090,160649
42,479,NewYork,generalize_stress_heavy,PIBT,3600,15,70,3,0.0429,1.0000,0.0000,2876.3333,479.3889,0.4447,1.0000,818.6667,2512.2000,3627.5090,0.8862,535.2263,373.5264,2128.4883,1143.9729,1866.6143,124440.9531,0,0,0.0000,0.0000,0.0000,0.0000,0,0.0429,0.9571,1.0000,8.0000,flat,0.6250,1.2910,1.2567,0.0000,1.0000,0.0000,93.1649,1,0.0000,0.0000,0.1900,1,0,10882.5273,130663
42,480,Paris,generalize_slack,MAPPO,3600,12,65,22,0.3385,0.9077,0.0923,1486.5000,297.3000,0.4909,1.0000,438.6000,1091.2667,2515.9907,1.0000,178.9973,149.7372,2078.3347,869.7603,881.6616,73471.7969,0,0,0.0000,0.0000,0.0000,0.0000,0,0.3729,0.6271,1.0000,4.0000,flat,0.3889,0.6964,1.1791,1.1289,0.9077,0.0000,0.0000,1,0.0000,0.0000,0.2508,5,0,55351.7969,57308
42,481,Paris,generalize_slack,MAPPO,3600,12,88,29,0.3295,0.9432,0.0568,1497.6207,499.2069,0.3324,1.0000,547.3200,957.7391,2501.1785,0.9140,150.5007,129.9063,2063.2917,702.1039,1419.0682,118255.6797,0,0,0.0000,0.0000,0.0000,0.0000,0,0.3494,0.6506,1.0000,4.0000,flat,0.3077,0.6319,1.2161,1.1889,0.9432,0.0000,47.0843,1,0.0000,0.0000,0.2796,5,1,72534.1719,124878
42,482,Paris,generalize_slack,MAPPO,3600,12,68,20,0.2941,0.8088,0.1912,1400.2500,280.0500,0.4320,1.0000,521.5263,828.1000,2557.3374,0.9807,183.5462,164.0076,1732.1870,823.5181,1009.7647,84147.0625,0,0,0.0000,0.0000,0.0000,0.0000,0,0.3636,0.6364,1.0000,4.0000,flat,0.4343,0.8352,1.2760,1.1793,0.8088,0.0000,10.0588,1,0.0000,0.0000,0.2499,5,0,51146.7500,68664
42,483,Paris,generalize_normal,MAPPO,3600,12,73,26,0.3562,0.9315,0.0685,1286.3846,428.7949,0.2857,1.0001,515.8696,768.2963,2252.7332,0.8734,159.3719,139.7736,1827.8792,665.4523,514.2740,42856.1641,0,0,0.0000,0.0000,0.0000,0.0000,0,0.3824,0.6176,1.0000,4.0000,flat,0.4080,0.7404,1.3055,1.2790,0.9315,0.0000,65.3229,2,0.0006,0.0032,0.2272,4,0,58571.0625,37542
42,484,Paris,generalize_normal,MAPPO,3600,12,92,31,0.3370,0.9457,0.0543,1330.1613,266.0323,0.4264,1.0001,468.9655,838.9643,2308.6807,0.9846,170.9659,153.9419,1796.9058,704.6533,752.8370,62736.4141,0,0,0.0000,0.0000,0.0000,0.0000,0,0.3563,0.6437,1.0000,4.0000,flat,0.3956,0.7474,1.2596,1.1986,0.9457,0.0000,7.2294,2,0.0006,0.0030,0.2341,6,0,71569.1016,69261
42,485,Paris,generalize_normal,MAPPO,3600,12,78,36,0.4615,0.9231,0.0769,1251.6389,250.3278,0.4259,1.0001,556.6061,634.7059,2504.1082,0.8998,171.8185,143.9667,1837.5217,708.6392,392.3077,32692.3086,0,0,0.0000,0.0000,0.0000,0.0000,0,0.5000,0.5000,1.0000,4.0000,flat,0.2389,0.4495,1.2222,1.2841,0.9231,0.0000,55.7845,2,0.0014,0.0040,0.2254,4,1,90147.8906,30600
42,486,Paris,generalize_stress_light,MAPPO,3600,12,99,32,0.3232,0.8990,0.1010,1388.0312,694.0156,0.1747,1.0001,455.3448,957.8889,2210.1345,0.9708,167.6399,137.9905,1722.7327,562.5633,541.8990,45158.2500,0,0,0.0000,0.0000,0.0000,0.0000,0,0.3596,0.6404,1.0000,4.0000,flat,0.2357,0.4382,1.2689,1.2449,0.8990,0.0000,13.3179,2,0.0006,0.0032,0.2615,4,1,70724.3047,53648
42,487,Paris,generalize_stress_light,MAPPO,3600,12,56,20,0.3571,0.8393,0.1607,1272.7500,636.3750,0.1956,1.0000,611.7500,909.5238,2540.5071,0.8306,187.4904,160.3473,1986.5294,920.9695,566.7500,47229.1680,0,0,0.0000,0.0000,0.0000,0.0000,0,0.4255,0.5745,1.0000,4.0000,flat,0.4167,0.7935,1.3250,1.2901,0.8393,0.0000,103.6486,2,0.0003,0.0019,0.2185,4,0,50810.1406,31738
42,488,Paris,generalize_stress_light,MAPPO,3600,12,70,27,0.3857,0.9857,0.0143,1228.7037,614.3519,0.1867,1.0001,388.9131,809.0000,2075.8616,1.0000,168.4576,161.1419,1671.7631,816.8823,1004.7143,83726.1875,0,0,0.0000,0.0000,0.0000,0.0000,0,0.3913,0.6087,1.0000,4.0000,flat,0.2982,0.5337,1.2921,0.6920,0.9857,0.0000,0.0000,2,0.0006,0.0030,0.2663,4,0,56048.2617,70330
42,489,Paris,generalize_stress_heavy,MAPPO,3600,12,79,31,0.3924,0.8861,0.1139,1076.5483,1076.5483,0.1572,1.0002,379.4615,713.2308,1877.2853,0.9894,188.7603,157.4949,1529.9647,830.3016,1113.4684,92789.0312,0,0,0.0000,0.0000,0.0000,0.0000,0,0.4429,0.5571,1.0000,4.0000,flat,0.4464,0.8081,1.2573,1.0515,0.8861,0.0000,4.0045,2,0.0014,0.0041,0.2524,5,0,58195.8438,87964
42,490,Paris,generalize_stress_heavy,MAPPO,3600,12,70,24,0.3429,0.8429,0.1571,1166.0834,583.0417,0.1767,1.0000,410.8571,753.9167,1914.8679,0.9321,177.5434,143.1387,1780.2345,706.1945,386.9572,32246.4277,0,0,0.0000,0.0000,0.0000,0.0000,0,0.4068,0.5932,1.0000,4.0000,flat,0.3636,0.6868,1.2605,1.3554,0.8429,0.0000,27.8836,2,0.0003,0.0028,0.2913,5,0,45956.8281,27087
42,491,Paris,generalize_stress_heavy,MAPPO,3600,12,77,31,0.4026,0.8571,0.1429,1221.4839,610.7419,0.1923,1.0000,420.6923,972.8077,2111.1018,1.0000,164.4620,143.9956,1738.6155,625.1700,320.1299,26677.4883,0,0,0.0000,0.0000,0.0000,0.0000,0,0.4697,0.5303,1.0000,4.0000,flat,0.3643,0.7107,1.2231,1.2100,0.8571,0.0000,0.0000,1,0.0000,0.0000,0.2904,7,1,65444.1562,24650
42,492,Paris,generalize_slack,FaithfulMAPPER,3600,12,65,27,0.4154,0.8154,0.1846,1438.5186,179.8148,0.6897,1.0000,620.4615,816.4828,3113.8916,1.0000,172.8802,144.4622,2348.0496,999.5668,500.9385,41744.8711,0,0,0.0000,0.0000,0.0000,0.0000,0,0.5094,0.4906,1.0000,4.0000,flat,0.1917,0.3777,1.1663,1.2104,0.8154,0.0000,0.0000,1,0.0000,0.0000,0.1571,3,1,84075.0703,32561
42,493,Paris,generalize_slack,FaithfulMAPPER,3600,12,88,32,0.3636,0.9545,0.0455,1350.3438,192.9062,0.6151,1.0000,561.7143,772.2069,2377.3665,0.8465,165.3490,154.5868,2073.8779,686.9290,2065.5115,172125.9375,0,0,0.0000,0.0000,0.0000,0.0000,0,0.3810,0.6190,1.0000,4.0000,flat,0.2431,0.4570,1.2159,1.1867,0.9545,0.0000,86.2410,1,0.0000,0.0000,0.1901,3,1,76075.7266,181765
42,494,Paris,generalize_slack,FaithfulMAPPER,3600,12,68,31,0.4559,0.7500,0.2500,1081.2903,216.2581,0.4976,1.0000,488.1667,638.5455,2139.2932,0.8765,181.1401,161.4567,1836.8546,905.5176,341.9706,28497.5488,0,0,0.0000,0.0000,0.0000,0.0000,0,0.6078,0.3922,1.0000,4.0000,flat,0.2637,0.5230,1.2850,1.1753,0.7500,0.0000,60.3080,2,0.0003,0.0021,0.2169,4,1,66318.0938,23254
42,495,Paris,generalize_normal,FaithfulMAPPER,3600,12,73,36,0.4932,0.8630,0.1370,1159.7778,231.9556,0.4337,1.0001,496.3636,692.5143,2327.9424,0.9380,154.8156,127.9197,1963.6144,671.3616,398.4247,33202.0547,0,0,0.0000,0.0000,0.0000,0.0000,0,0.5714,0.4286,1.0000,4.0000,flat,0.2630,0.4851,1.3303,1.1363,0.8630,0.0000,30.7752,2,0.0006,0.0028,0.1993,4,0,83805.9297,29085
42,496,Paris,generalize_normal,FaithfulMAPPER,3600,12,92,33,0.3587,0.8261,0.1739,1278.8182,213.1364,0.5595,1.0000,480.0000,800.0555,2358.4614,0.9827,176.0107,156.3569,2017.0486,806.3181,627.4565,52288.0430,0,0,0.0000,0.0000,0.0000,0.0000,0,0.4342,0.5658,1.0000,4.0000,flat,0.3378,0.7097,1.2702,1.1900,0.8261,0.0000,8.3077,1,0.0000,0.0000,0.2249,5,0,77829.2266,57726
42,497,Paris,generalize_normal,FaithfulMAPPER,3600,12,78,34,0.4359,0.7949,0.2051,1034.3823,206.8765,0.4864,1.0000,468.1935,670.2941,2367.6748,1.0000,170.8725,141.6563,2064.0134,796.3113,637.7692,53147.4375,0,0,0.0000,0.0000,0.0000,0.0000,0,0.5484,0.4516,1.0000,4.0000,flat,0.4141,0.8292,1.2383,1.1830,0.7949,0.0000,0.0000,2,0.0003,0.0013,0.2114,7,0,80500.9453,49746
42,498,Paris,generalize_stress_light,FaithfulMAPPER,3600,12,99,34,0.3434,0.7172,0.2828,1093.5883,364.5294,0.3212,1.0000,447.6875,704.0909,2368.7944,1.0000,159.9739,135.9570,2038.8862,655.1152,1467.8687,122322.3984,0,0,0.0000,0.0000,0.0000,0.0000,0,0.4789,0.5211,1.0000,4.0000,flat,0.2912,0.5821,1.2858,1.2175,0.7172,0.0000,0.0000,2,0.0003,0.0028,0.2058,5,0,80539.0078,145319
42,499,Paris,generalize_stress_light,FaithfulMAPPER,3600,12,56,20,0.3571,0.7143,0.2857,1442.5500,480.8500,0.3297,1.0000,575.5263,876.7619,2803.8625,0.9744,179.3068,157.5746,2279.7566,989.4124,368.5179,30709.8223,0,0,0.0000,0.0000,0.0000,0.0000,0,0.5000,0.5000,1.0000,4.0000,flat,0.3191,0.7425,1.3321,1.2877,0.7143,0.0000,14.7538,1,0.0000,0.0000,0.1666,4,0,56077.2500,20637
42,500,Paris,generalize_stress_light,FaithfulMAPPER,3600,12,70,27,0.3857,0.8000,0.2000,1221.1482,305.2870,0.3965,1.0000,514.3333,692.1429,2420.1360,0.9411,168.3018,157.0595,1948.7557,971.2963,422.0000,35166.6680,0,0,0.0000,0.0000,0.0000,0.0000,0,0.4821,0.5179,1.0000,4.0000,flat,0.3365,0.6106,1.3380,1.0658,0.8000,0.0000,30.3061,1,0.0000,0.0000,0.2197,3,0,65343.6719,29540
42,501,Paris,generalize_stress_heavy,FaithfulMAPPER,3600,12,79,31,0.3924,0.7215,0.2785,1168.1613,389.3871,0.3050,1.0000,471.8965,734.5938,2195.6575,0.9306,178.2815,148.1510,1796.4915,975.2972,441.8861,36823.8398,0,0,0.0000,0.0000,0.0000,0.0000,0,0.5439,0.4561,1.0000,4.0000,flat,0.2250,0.4163,1.2612,1.1630,0.7215,0.0000,32.7650,1,0.0000,0.0000,0.1956,3,1,68065.3828,34909
42,502,Paris,generalize_stress_heavy,FaithfulMAPPER,3600,12,70,29,0.4143,0.6857,0.3143,1091.2413,545.6207,0.2223,1.0001,527.8148,702.5600,2023.3990,0.7667,177.1155,133.2392,2061.0078,839.9484,300.6286,25052.3809,0,0,0.0000,0.0000,0.0000,0.0000,0,0.6042,0.3958,1.0000,4.0000,flat,0.4226,0.8079,1.2599,1.3093,0.6857,0.0000,123.1350,2,0.0006,0.0027,0.2070,5,0,58678.5703,21044
42,503,Paris,generalize_stress_heavy,FaithfulMAPPER,3600,12,77,32,0.4156,0.7403,0.2597,1412.7812,353.1953,0.3555,1.0000,563.4483,913.6774,2663.8384,0.9455,163.4213,143.1694,1998.3250,746.2781,318.0000,26500.0000,0,0,0.0000,0.0000,0.0000,0.0000,0,0.5614,0.4386,1.0000,4.0000,flat,0.3929,0.7423,1.2003,1.2807,0.7403,0.0000,30.6806,2,0.0003,0.0021,0.1925,5,0,85242.8281,24486
42,504,Paris,generalize_slack,Hybrid,3600,12,65,26,0.4000,0.7077,0.2923,1377.3846,196.7692,0.5992,1.0000,645.4231,828.5000,2891.8269,0.8961,178.9973,140.0417,2527.7351,1030.0292,641.6462,53470.5117,0,0,0.0160,0.0000,0.0000,0.0000,84,0.5652,0.4348,1.0000,4.0000,flat,0.2467,0.4883,1.1948,1.1252,0.7077,0.0000,67.0577,2,0.0003,0.0019,0.1538,3,0,75187.5000,41707
42,505,Paris,generalize_slack,Hybrid,3600,12,88,30,0.3409,0.8864,0.1136,1562.5333,195.3167,0.6889,1.0000,586.2414,1046.4375,2736.4568,0.9336,164.4672,133.2710,2186.5945,714.6969,824.4773,68706.4375,0,0,0.2302,0.0000,0.0000,1.0000,149,0.3846,0.6154,1.0000,4.0000,flat,0.2366,0.4738,1.2217,1.1587,0.8864,0.0000,38.9500,1,0.0000,0.0000,0.1867,4,1,82093.7031,72554
42,506,Paris,generalize_slack,Hybrid,3600,12,68,17,0.2500,0.6029,0.3971,1259.5883,179.9412,0.5934,1.0000,610.4117,854.7037,2595.3008,0.8503,181.1401,157.0982,2122.1914,1029.7424,453.1765,37764.7070,0,0,0.0181,0.0000,0.0000,0.0000,63,0.4146,0.5854,1.0000,4.0000,flat,0.3599,0.6860,1.3024,1.1895,0.6029,0.0000,91.3516,2,0.0003,0.0015,0.1493,2,0,44120.1133,30816
42,507,Paris,generalize_normal,Hybrid,3600,12,73,33,0.4521,0.7945,0.2055,1135.4242,189.2374,0.5589,1.0001,454.4516,764.9167,2449.0098,1.0000,149.1351,113.2556,2032.6910,773.0326,498.9041,41575.3438,0,0,-0.0745,0.0000,0.0000,0.0000,99,0.5690,0.4310,1.0000,4.0000,flat,0.2246,0.4133,1.3199,1.2410,0.7945,0.0000,0.0000,2,0.0006,0.0029,0.1879,3,1,80817.3281,36420
42,508,Paris,generalize_normal,Hybrid,3600,12,92,31,0.3370,0.7826,0.2174,1246.7097,178.1014,0.6619,1.0000,555.9677,851.4615,2425.3525,0.8725,176.0107,156.3569,2076.9092,833.0688,565.3804,47115.0352,0,0,0.1444,0.0000,0.0000,0.0000,108,0.4306,0.5694,1.0000,4.0000,flat,0.2407,0.4899,1.2924,1.1260,0.7826,0.0000,70.8972,2,0.0003,0.0017,0.1782,4,1,75185.9297,52015
42,509,Paris,generalize_normal,Hybrid,3600,12,78,28,0.3590,0.7179,0.2821,1434.1072,239.0179,0.5454,1.0001,594.3200,975.8000,2379.4995,0.8007,170.8725,140.8359,2177.7205,806.2121,673.4103,56117.5195,0,0,0.1709,0.0000,0.0000,1.0000,101,0.5000,0.5000,1.0000,4.0000,flat,0.2729,0.5276,1.2293,1.2210,0.7179,0.0000,118.4201,2,0.0006,0.0028,0.1757,3,0,66625.9844,52526
42,510,Paris,generalize_stress_light,Hybrid,3600,12,99,31,0.3131,0.6667,0.3333,1247.7419,311.9355,0.3876,1.0001,510.3667,806.3421,2481.4580,0.9724,161.3703,136.4709,2116.7693,677.0903,429.6060,35800.5039,0,0,0.0736,0.0000,0.0000,1.0000,108,0.4697,0.5303,1.0000,4.0000,flat,0.3423,0.6650,1.2717,1.2559,0.6667,0.0000,14.0751,2,0.0008,0.0029,0.1757,4,0,76925.2031,42531
42,511,Paris,generalize_stress_light,Hybrid,3600,12,56,22,0.3929,0.7143,0.2857,1251.0000,250.2000,0.4198,1.0000,521.0909,816.7037,2595.8855,0.9963,179.3068,157.5746,2288.0579,1066.7686,560.8393,46736.6055,0,0,0.0104,0.0000,0.0000,1.0000,67,0.5500,0.4500,1.0000,4.0000,flat,0.2193,0.4407,1.3283,1.2972,0.7143,0.0000,1.9138,1,0.0000,0.0000,0.1824,2,0,57109.4805,31407
42,512,Paris,generalize_stress_light,Hybrid,3600,12,70,25,0.3571,0.7429,0.2571,1192.5200,298.1300,0.3393,1.0000,507.3478,808.0741,2273.0513,0.8961,167.9038,156.8688,2058.2410,1007.3221,848.8714,70739.2891,0,0,0.1115,0.0000,0.0000,1.0000,106,0.4808,0.5192,1.0000,4.0000,flat,0.2969,0.5774,1.3421,1.1143,0.7429,0.0000,52.7376,2,0.0003,0.0024,0.1956,3,0,56826.2852,59421
42,513,Paris,generalize_stress_heavy,Hybrid,3600,12,79,27,0.3418,0.6456,0.3544,1181.4814,393.8271,0.2835,1.0001,484.2592,827.3333,2230.0439,0.9210,178.2815,148.1510,1900.3888,1036.9402,451.2152,37601.2656,0,0,-0.0268,0.0000,0.0000,0.0000,101,0.5294,0.4706,1.0000,4.0000,flat,0.2266,0.4857,1.2532,1.1986,0.6456,0.0000,38.2505,2,0.0006,0.0025,0.1798,4,1,60211.1875,35646
42,514,Paris,generalize_stress_heavy,Hybrid,3600,12,70,24,0.3429,0.6714,0.3286,1186.0834,395.3611,0.3194,1.0001,498.9565,868.1613,2116.3765,0.8483,161.7043,128.0666,2109.1016,755.4802,457.0428,38086.9062,0,0,0.0363,0.0000,0.0000,0.0000,77,0.5106,0.4894,1.0000,4.0000,flat,0.3939,0.7581,1.2357,1.3565,0.6714,0.0000,75.6812,2,0.0008,0.0030,0.1744,4,0,50793.0352,31993
42,515,Paris,generalize_stress_heavy,Hybrid,3600,12,77,28,0.3636,0.6104,0.3896,1372.6428,343.1607,0.3387,1.0000,605.7037,818.3000,2783.5430,0.9191,162.6342,138.6808,2258.8240,882.8215,492.9351,41077.9219,0,0,-0.1054,0.0000,0.0000,1.0000,84,0.5957,0.4043,1.0000,4.0000,flat,0.1996,0.4006,1.2024,1.2506,0.6104,0.0000,48.9951,1,0.0000,0.0000,0.1769,3,1,77939.2031,37956
42,516,Paris,generalize_slack,TamAlwaysAccept,3600,12,65,27,0.4154,0.6769,0.3231,1408.8148,176.1019,0.7223,1.0000,656.0741,865.5455,2956.0530,0.9011,178.9973,132.9618,2540.7910,998.0717,671.9846,55998.7188,0,0,0.0000,0.0000,0.0000,0.0000,0,0.6136,0.3864,1.0000,4.0000,flat,0.2654,0.5092,1.2208,1.0774,0.6769,0.0000,64.8635,2,0.0003,0.0028,0.1441,3,0,79813.4297,43679
42,517,Paris,generalize_slack,TamAlwaysAccept,3600,12,88,31,0.3523,0.7386,0.2614,1463.6451,146.3645,0.8337,1.0000,616.4333,1044.7894,2829.6914,0.9181,144.9012,114.9652,2404.6794,722.6266,774.3182,64526.5156,0,0,0.0000,0.0000,0.0000,0.0000,0,0.4769,0.5231,1.0000,4.0000,flat,0.2074,0.4000,1.1993,1.2579,0.7386,0.0000,50.4951,2,0.0003,0.0017,0.1740,3,1,87720.4297,68140
42,518,Paris,generalize_slack,TamAlwaysAccept,3600,12,68,30,0.4412,0.6765,0.3235,999.1334,166.5222,0.5541,1.0000,502.7000,603.8788,2137.9944,0.8506,183.3500,163.6103,1918.7308,1056.1686,567.8530,47321.0781,0,0,0.0000,0.0000,0.0000,0.0000,0,0.6522,0.3478,1.0000,4.0000,flat,0.2630,0.4899,1.3228,1.1212,0.6765,0.0000,75.1011,2,0.0003,0.0021,0.1879,3,0,64139.8281,38614
42,519,Paris,generalize_normal,TamAlwaysAccept,3600,12,73,31,0.4247,0.6986,0.3014,1335.8064,190.8295,0.6039,1.0001,597.4828,820.8857,2700.6653,0.9040,141.6293,112.9192,2210.4890,775.0172,592.0000,49333.3320,0,0,0.0000,0.0000,0.0000,0.0000,0,0.6078,0.3922,1.0000,4.0000,flat,0.2563,0.5049,1.2950,1.3239,0.6986,0.0000,57.3497,2,0.0006,0.0030,0.1809,4,0,83720.6250,43216
42,520,Paris,generalize_normal,TamAlwaysAccept,3600,12,92,32,0.3478,0.7391,0.2609,1286.0625,183.7232,0.6138,1.0000,545.8065,840.8108,2536.4482,0.9294,176.0107,156.3569,2146.1199,869.2244,611.2174,50934.7812,0,0,0.0000,0.0000,0.0000,0.0000,0,0.4706,0.5294,1.0000,4.0000,flat,0.2118,0.4002,1.2995,1.1336,0.7391,0.0000,38.5168,2,0.0003,0.0012,0.1697,3,1,81166.3438,56232
42,521,Paris,generalize_normal,TamAlwaysAccept,3600,12,78,29,0.3718,0.6538,0.3462,1314.7241,219.1207,0.5367,1.0000,643.8276,765.8108,2769.7935,0.8604,169.3176,132.0271,2308.1672,853.9717,541.3205,45110.0430,0,0,0.0000,0.0000,0.0000,0.0000,0,0.5686,0.4314,1.0000,4.0000,flat,0.1944,0.3847,1.2554,1.1732,0.6538,0.0000,89.8689,1,0.0000,0.0000,0.1763,3,1,80324.0078,42223
42,522,Paris,generalize_stress_light,TamAlwaysAccept,3600,12,99,24,0.2424,0.5556,0.4444,1414.8334,282.9667,0.4174,1.0000,601.5000,902.1667,2714.6819,0.9026,159.9739,135.6100,2382.1345,820.3199,534.2525,44521.0430,0,0,0.0000,0.0000,0.0000,0.0000,0,0.4364,0.5636,1.0000,4.0000,flat,0.3186,0.5980,1.3134,1.2078,0.5556,0.0000,58.5636,1,0.0000,0.0000,0.1667,3,0,65152.3672,52891
42,523,Paris,generalize_stress_light,TamAlwaysAccept,3600,12,56,23,0.4107,0.6786,0.3214,1243.1740,310.7935,0.4153,1.0000,557.5217,825.6774,2557.1074,0.9173,184.5615,161.2464,2303.7683,1250.9602,596.3750,49697.9180,0,0,0.0000,0.0000,0.0000,0.0000,0,0.6053,0.3947,1.0000,4.0000,flat,0.2150,0.4370,1.3341,1.2885,0.6786,0.0000,46.1003,2,0.0003,0.0021,0.1585,2,0,58813.4727,33397
42,524,Paris,generalize_stress_light,TamAlwaysAccept,3600,12,70,25,0.3571,0.6571,0.3429,1288.8400,322.2100,0.3684,1.0000,573.3600,789.4333,2601.2505,0.9074,165.9991,143.2323,2171.2539,1036.2845,567.0000,47250.0000,0,0,0.0000,0.0000,0.0000,0.0000,0,0.5435,0.4565,1.0000,4.0000,flat,0.2467,0.4883,1.3500,1.1561,0.6571,0.0000,53.1099,1,0.0000,0.0000,0.1682,3,0,65031.2617,39690
42,525,Paris,generalize_stress_heavy,TamAlwaysAccept,3600,12,79,32,0.4051,0.5949,0.4051,1156.6562,385.5521,0.3322,1.0000,536.9062,668.7568,2463.1636,0.9175,187.7323,154.9223,1992.6464,1115.0397,404.2658,33688.8203,0,0,0.0000,0.0000,0.0000,0.0000,0,0.6809,0.3191,1.0000,4.0000,flat,0.2326,0.4419,1.2577,1.1987,0.5949,0.0000,44.2735,1,0.0000,0.0000,0.1795,3,0,78821.2344,31937
42,526,Paris,generalize_stress_heavy,TamAlwaysAccept,3600,12,70,24,0.3429,0.6286,0.3714,1133.9584,377.9861,0.2946,1.0000,501.6087,707.3448,2294.3625,0.9148,153.9428,121.5796,2190.4846,746.7501,452.6714,37722.6172,0,0,0.0000,0.0000,0.0000,0.0000,0,0.5455,0.4545,1.0000,4.0000,flat,0.3519,0.7906,1.2400,1.3353,0.6286,0.0000,42.7362,1,0.0000,0.0000,0.1640,4,0,55064.6992,31687
42,527,Paris,generalize_stress_heavy,TamAlwaysAccept,3600,12,77,28,0.3636,0.5714,0.4286,1333.1428,333.2857,0.3543,1.0000,560.4643,978.0286,2683.5488,0.9576,162.6342,138.5764,2303.6775,877.7460,551.1948,45932.9023,0,0,0.0000,0.0000,0.0000,0.0000,0,0.6364,0.3636,1.0000,4.0000,flat,0.2579,0.4897,1.1932,1.2586,0.5714,0.0000,23.7545,1,0.0000,0.0000,0.1633,3,0,75139.3672,42442
42,528,Paris,generalize_slack,CongestionAware,3600,12,65,27,0.4154,1.0000,0.0000,1115.4814,159.3545,0.6303,1.0000,394.0869,718.6154,2426.1177,1.0000,178.9973,156.1104,2021.4641,805.1591,1131.2461,94270.5156,0,0,0.0000,0.0000,0.0000,0.0000,0,0.4154,0.5846,1.0000,4.0000,flat,0.2130,0.3913,1.1745,0.0000,1.0000,0.0000,0.0000,1,0.0000,0.0000,0.2654,4,1,65505.1797,73531
42,529,Paris,generalize_slack,CongestionAware,3600,12,88,38,0.4318,1.0000,0.0000,1287.7368,160.9671,0.7478,1.0000,453.8235,858.6562,2442.3962,1.0000,165.3490,155.8631,2001.1761,694.2332,917.1477,76428.9766,0,0,0.0000,0.0000,0.0000,0.0000,0,0.4318,0.5682,1.0000,4.0000,flat,0.2344,0.4419,1.2146,0.0000,1.0000,0.0000,0.0000,2,0.0003,0.0019,0.2636,4,0,92811.0547,80709
42,530,Paris,generalize_slack,CongestionAware,3600,12,68,29,0.4265,1.0000,0.0000,1131.3448,141.4181,0.6672,1.0000,461.9200,673.9259,1971.8451,0.8538,183.5462,166.2685,1521.2836,727.9182,1105.3823,92115.1953,0,0,0.0000,0.0000,0.0000,0.0000,0,0.4265,0.5735,1.0000,4.0000,flat,0.3981,0.7057,1.2576,0.0000,1.0000,0.0000,67.5510,1,0.0000,0.0000,0.2798,5,0,57183.5078,75166
42,531,Paris,generalize_normal,CongestionAware,3600,12,73,30,0.4110,1.0000,0.0000,983.0333,140.4333,0.6065,1.0001,404.9630,648.6071,2361.9941,1.0000,164.4843,143.0199,1770.6074,664.2457,830.3151,69192.9219,0,0,0.0000,0.0000,0.0000,0.0000,0,0.4110,0.5890,1.0000,4.0000,flat,0.2786,0.5000,1.3037,0.0000,1.0000,0.0000,0.0000,2,0.0008,0.0029,0.2784,5,1,70859.8203,60613
42,532,Paris,generalize_normal,CongestionAware,3600,12,92,36,0.3913,1.0000,0.0000,1119.4722,159.9246,0.6276,1.0000,371.4333,773.4375,2312.7056,1.0000,176.0107,159.1099,1754.9227,696.3542,918.0109,76500.9062,0,0,0.0000,0.0000,0.0000,0.0000,0,0.3913,0.6087,1.0000,4.0000,flat,0.3788,0.6783,1.2562,0.0000,1.0000,0.0000,0.0000,2,0.0003,0.0017,0.3316,7,0,83257.3984,84457
42,533,Paris,generalize_normal,CongestionAware,3600,12,78,36,0.4615,1.0000,0.0000,1296.3055,185.1865,0.6372,1.0001,496.8438,801.7143,2128.5703,0.8568,176.9689,151.3441,1745.0273,689.0049,890.2564,74188.0312,0,0,0.0000,0.0000,0.0000,0.0000,0,0.4615,0.5385,1.0000,4.0000,flat,0.2571,0.4652,1.2270,0.0000,1.0000,0.0000,71.1297,2,0.0008,0.0037,0.2870,5,1,76628.5312,69440
42,534,Paris,generalize_stress_light,CongestionAware,3600,12,99,31,0.3131,1.0000,0.0000,1220.4517,203.4086,0.5175,1.0001,397.3600,825.3333,2057.3320,1.0000,185.1642,163.9791,1607.3285,575.8835,1153.7778,96148.1484,0,0,0.0000,0.0000,0.0000,0.0000,0,0.3131,0.6869,1.0000,4.0000,flat,0.4198,0.7536,1.2665,0.0000,1.0000,0.0000,0.0000,2,0.0008,0.0034,0.2812,7,0,63777.2930,114224
42,535,Paris,generalize_stress_light,CongestionAware,3600,12,56,24,0.4286,1.0000,0.0000,1223.7500,244.7500,0.4998,1.0000,321.1905,843.7917,1978.8551,1.0000,188.5820,162.0055,1802.3431,804.7410,979.0536,81587.7969,0,0,0.0000,0.0000,0.0000,0.0000,0,0.4286,0.5714,1.0000,4.0000,flat,0.3636,0.6742,1.3194,0.0000,1.0000,0.0000,0.0000,2,0.0003,0.0028,0.2635,5,0,47492.5234,54827
42,536,Paris,generalize_stress_light,CongestionAware,3600,12,70,21,0.3000,1.0000,0.0000,1337.0476,267.4095,0.4838,1.0000,504.5294,824.6000,2251.6975,0.8926,168.4576,161.1419,1651.5536,826.5048,952.4143,79367.8594,0,0,0.0000,0.0000,0.0000,0.0000,0,0.3000,0.7000,1.0000,4.0000,flat,0.3509,0.6489,1.2835,0.0000,1.0000,0.0000,54.1899,2,0.0003,0.0017,0.2397,5,0,47285.6484,66669
42,537,Paris,generalize_stress_heavy,CongestionAware,3600,12,79,23,0.2911,1.0000,0.0000,1164.2174,232.8435,0.4335,1.0002,411.6500,861.7000,1661.2804,0.8071,188.7603,157.4949,1431.8098,782.7365,1265.9747,105497.8906,0,0,0.0000,0.0000,0.0000,0.0000,0,0.2911,0.7089,1.0000,4.0000,flat,0.4060,0.7293,1.2338,0.0000,1.0000,0.0000,79.3939,2,0.0011,0.0055,0.2952,5,0,38209.4492,100012
42,538,Paris,generalize_stress_heavy,CongestionAware,3600,12,70,26,0.3714,1.0000,0.0000,1106.6538,276.6635,0.3881,1.0004,326.4762,760.0000,2243.7844,1.0000,189.5836,160.5847,1582.5439,623.0424,1082.0714,90172.6172,0,0,0.0000,0.0000,0.0000,0.0000,0,0.3714,0.6286,1.0000,4.0000,flat,0.2778,0.5000,1.2754,0.0000,1.0000,0.0000,0.0000,2,0.0022,0.0078,0.3070,7,1,58338.3984,75745
42,539,Paris,generalize_stress_heavy,CongestionAware,3600,12,77,30,0.3896,1.0000,0.0000,1114.5000,278.6250,0.3569,1.0001,390.3704,648.5714,1881.5238,0.9640,164.4620,146.1389,1606.4618,559.2086,1175.8052,97983.7656,0,0,0.0000,0.0000,0.0000,0.0000,0,0.3896,0.6104,1.0000,4.0000,flat,0.2500,0.4564,1.2212,0.0000,1.0000,0.0000,14.0656,2,0.0006,0.0032,0.4521,7,1,56445.7148,90537
42,540,Paris,generalize_slack,TrafficFlow,3600,12,65,31,0.4769,1.0000,0.0000,1276.8387,159.6048,0.6891,1.0001,591.3571,830.4828,2416.3511,0.8172,178.9973,156.1104,2021.4641,805.1591,1098.8462,91570.5156,0,0,0.0000,0.0000,0.0000,0.0000,0,0.4769,0.5231,1.0000,4.0000,flat,0.3273,0.5960,1.1745,0.0000,1.0000,0.0000,108.0869,2,0.0006,0.0025,0.2587,5,0,74906.8828,71425
42,541,Paris,generalize_slack,TrafficFlow,3600,12,88,44,0.5000,1.0000,0.0000,1082.6364,135.3295,0.7339,1.0000,391.8684,717.8684,2569.7129,1.0000,165.3490,155.8631,2001.1761,694.2332,823.8182,68651.5156,0,0,0.0000,0.0000,0.0000,0.0000,0,0.5000,0.5000,1.0000,4.0000,flat,0.1727,0.3162,1.2146,0.0000,1.0000,0.0000,0.0000,1,0.0000,0.0000,0.3089,6,2,113067.3672,72496
42,542,Paris,generalize_slack,TrafficFlow,3600,12,68,40,0.5882,1.0000,0.0000,925.4250,132.2036,0.6356,1.0001,382.5588,599.1613,1739.3022,0.9093,183.5462,166.2685,1521.2836,727.9182,921.4117,76784.3125,0,0,0.0000,0.0000,0.0000,0.0000,0,0.5882,0.4118,1.0018,4.0000,flat,0.3869,0.6843,1.2576,0.0000,1.0000,0.0000,34.6984,2,0.0006,0.0030,0.2988,5,0,69572.0938,62656
42,543,Paris,generalize_normal,TrafficFlow,3600,12,73,26,0.3562,1.0000,0.0000,1324.1923,220.6987,0.5789,1.0000,438.2609,936.3333,2211.1033,1.0000,164.4843,143.0199,1770.6074,664.2457,810.4247,67535.3906,0,0,0.0000,0.0000,0.0000,0.0000,0,0.3562,0.6438,1.0000,4.0000,flat,0.3609,0.6464,1.3037,0.0000,1.0000,0.0000,0.0000,1,0.0000,0.0000,0.2903,5,0,57488.6875,59161
42,544,Paris,generalize_normal,TrafficFlow,3600,12,92,35,0.3804,1.0000,0.0000,1119.1428,159.8775,0.5934,1.0000,290.6667,806.3448,1933.4033,1.0000,176.0107,159.1099,1754.9227,696.3542,1016.6739,84722.8281,0,0,0.0000,0.0000,0.0000,0.0000,0,0.3804,0.6196,1.0000,4.0000,flat,0.4106,0.7384,1.2562,0.0000,1.0000,0.0000,0.0000,2,0.0003,0.0028,0.3023,6,0,67669.1172,93534
42,545,Paris,generalize_normal,TrafficFlow,3600,12,78,29,0.3718,1.0000,0.0000,1201.6897,171.6700,0.5889,1.0000,386.2500,865.8214,2155.9712,1.0000,176.9689,151.3441,1745.0273,689.0049,969.0256,80752.1406,0,0,0.0000,0.0000,0.0000,0.0000,0,0.3718,0.6282,1.0000,4.0000,flat,0.3273,0.5960,1.2270,0.0000,1.0000,0.0000,0.0000,2,0.0003,0.0021,0.2762,5,0,62523.1641,75584
42,546,Paris,generalize_stress_light,TrafficFlow,3600,12,99,33,0.3333,1.0000,0.0000,1037.8788,172.9798,0.5002,1.0000,280.0345,819.7333,1807.8060,1.0000,185.1642,163.9791,1607.3285,575.8835,886.6970,73891.4141,0,0,0.0000,0.0000,0.0000,0.0000,0,0.3333,0.6667,1.0000,4.0000,flat,0.1895,0.3519,1.2665,0.0000,1.0000,0.0000,0.0000,1,0.0000,0.0000,0.3887,6,2,59657.5977,87783
42,547,Paris,generalize_stress_light,TrafficFlow,3600,12,56,24,0.4286,1.0000,0.0000,1316.9166,219.4861,0.5206,1.0000,355.9091,988.1667,1895.3895,1.0000,188.5820,162.0055,1802.3431,804.7410,999.6786,83306.5469,0,0,0.0000,0.0000,0.0000,0.0000,0,0.4286,0.5714,1.0000,4.0000,flat,0.3155,0.6005,1.3194,0.0000,1.0000,0.0000,0.0000,2,0.0003,0.0024,0.2677,6,1,45489.3516,55982
42,548,Paris,generalize_stress_light,TrafficFlow,3600,12,70,20,0.2857,1.0000,0.0000,1150.4000,230.0800,0.4736,1.0001,469.1053,786.6000,2366.9890,1.0000,168.4576,161.1419,1651.5536,826.5048,885.0857,73757.1406,0,0,0.0000,0.0000,0.0000,0.0000,0,0.2857,0.7143,1.0000,4.0000,flat,0.2303,0.4178,1.2835,0.0000,1.0000,0.0000,0.0000,2,0.0006,0.0032,0.2655,4,1,47339.7773,61956
42,549,Paris,generalize_stress_heavy,TrafficFlow,3600,12,79,29,0.3671,1.0000,0.0000,1046.8621,261.7155,0.4043,1.0000,351.3044,639.0435,1298.6831,0.7393,188.7603,157.4949,1431.8098,782.7365,956.3924,79699.3672,0,0,0.0000,0.0000,0.0000,0.0000,0,0.3671,0.6329,1.0000,4.0000,flat,0.3657,0.6669,1.2338,0.0000,1.0000,0.0000,91.5677,2,0.0003,0.0024,0.3917,7,0,37661.8125,75555
42,550,Paris,generalize_stress_heavy,TrafficFlow,3600,12,70,18,0.2571,1.0000,0.0000,1125.6666,281.4167,0.3830,1.0001,319.0000,872.0667,2500.2549,1.0000,189.5836,160.5847,1582.5439,623.0424,1082.8572,90238.0938,0,0,0.0000,0.0000,0.0000,0.0000,0,0.2571,0.7429,1.0020,4.0000,flat,0.4167,0.7395,1.2754,0.0000,1.0000,0.0000,0.0000,2,0.0006,0.0035,0.2870,6,0,45004.5898,75800
42,551,Paris,generalize_stress_heavy,TrafficFlow,3600,12,77,33,0.4286,1.0000,0.0000,1222.3636,305.5909,0.4004,1.0001,338.3462,919.1154,2064.3928,1.0000,164.4620,146.1389,1606.4618,559.2086,602.4545,50204.5469,0,0,0.0000,0.0000,0.0000,0.0000,0,0.4286,0.5714,1.0000,4.0000,flat,0.3153,0.5687,1.2212,0.0000,1.0000,0.0000,0.0000,2,0.0006,0.0037,0.4136,7,0,68124.9609,46389
42,552,Paris,generalize_slack,TokenPassing,3600,12,65,28,0.4308,1.0000,0.0000,1312.0358,164.0045,0.6897,1.0000,494.1538,847.2857,2672.5093,1.0000,178.9973,156.1104,2021.4641,805.1591,978.5385,81544.8750,0,0,0.0000,0.0000,0.0000,0.0000,0,0.4308,0.5692,1.0000,4.0000,flat,0.3900,0.7189,1.1745,0.0000,1.0000,0.0000,0.0000,2,0.0003,0.0024,0.2458,5,0,74830.2578,63605
42,553,Paris,generalize_slack,TokenPassing,3600,12,88,37,0.4205,1.0000,0.0000,1268.0811,140.8979,0.7873,1.0001,435.6286,888.8571,2339.2683,1.0000,165.3490,155.8631,2001.1761,694.2332,762.3636,63530.3047,0,0,0.0000,0.0000,0.0000,0.0000,0,0.4205,0.5795,1.0000,4.0000,flat,0.2955,0.5376,1.2146,0.0000,1.0000,0.0000,0.0000,2,0.0008,0.0031,0.2755,6,1,86552.9219,67088
42,554,Paris,generalize_slack,TokenPassing,3600,12,68,35,0.5147,1.0000,0.0000,996.3143,142.3306,0.6518,1.0001,381.7333,704.3000,1957.1346,1.0000,183.5462,166.2685,1521.2836,727.9182,901.6177,75134.8047,0,0,0.0000,0.0000,0.0000,0.0000,0,0.5147,0.4853,1.0000,4.0000,flat,0.3629,0.6603,1.2576,0.0000,1.0000,0.0000,0.0000,2,0.0008,0.0042,0.2739,5,0,68499.7109,61310
42,555,Paris,generalize_normal,TokenPassing,3600,12,73,32,0.4384,1.0000,0.0000,1111.3125,185.2188,0.5756,1.0001,352.0690,785.9259,2203.1699,1.0000,164.4843,143.0199,1770.6074,664.2457,798.1781,66514.8438,0,0,0.0000,0.0000,0.0000,0.0000,0,0.4384,0.5616,1.0000,4.0000,flat,0.2929,0.5249,1.3037,0.0000,1.0000,0.0000,0.0000,2,0.0006,0.0030,0.2845,5,0,70501.4375,58267
42,556,Paris,generalize_normal,TokenPassing,3600,12,92,36,0.3913,1.0000,0.0000,1102.4722,157.4960,0.5972,1.0001,309.3438,737.2941,2052.0217,1.0000,176.0107,159.1099,1754.9227,696.3542,828.7065,69058.8750,0,0,0.0000,0.0000,0.0000,0.0000,0,0.3913,0.6087,1.0000,4.0000,flat,0.4261,0.7539,1.2562,0.0000,1.0000,0.0000,0.0000,2,0.0008,0.0035,0.3246,6,0,73872.7812,76241
42,557,Paris,generalize_normal,TokenPassing,3600,12,78,35,0.4487,1.0000,0.0000,1150.9143,164.4163,0.6401,1.0000,425.1667,773.9643,2162.9133,1.0000,176.9689,151.3441,1745.0273,689.0049,965.2051,80433.7578,0,0,0.0000,0.0000,0.0000,0.0000,0,0.4487,0.5513,1.0000,4.0000,flat,0.3871,0.7067,1.2270,0.0000,1.0000,0.0000,0.0000,1,0.0000,0.0000,0.3320,7,0,75701.9688,75286
42,558,Paris,generalize_stress_light,TokenPassing,3600,12,99,32,0.3232,1.0000,0.0000,1254.7812,209.1302,0.5093,1.0000,392.3750,974.3636,1903.8246,0.9704,185.1642,163.9791,1607.3285,575.8835,1145.0808,95423.3984,0,0,0.0000,0.0000,0.0000,0.0000,0,0.3232,0.6768,1.0000,4.0000,flat,0.3539,0.6479,1.2665,0.0000,1.0000,0.0000,11.6101,1,0.0000,0.0000,0.3467,7,1,60922.3867,113363
42,559,Paris,generalize_stress_light,TokenPassing,3600,12,56,25,0.4464,1.0000,0.0000,1217.2000,202.8667,0.5268,1.0000,332.0476,892.2273,1924.7925,1.0000,188.5820,162.0055,1802.3431,804.7410,833.8929,69491.0703,0,0,0.0000,0.0000,0.0000,0.0000,0,0.4464,0.5536,1.0000,4.0000,flat,0.3092,0.5568,1.3194,0.0000,1.0000,0.0000,0.0000,1,0.0000,0.0000,0.2766,5,0,48119.8125,46698
42,560,Paris,generalize_stress_light,TokenPassing,3600,12,70,23,0.3286,1.0000,0.0000,1195.3043,199.2174,0.5162,1.0001,499.0476,819.3182,1997.8807,0.8007,168.4576,161.1419,1651.5536,826.5048,752.9000,62741.6680,0,0,0.0000,0.0000,0.0000,0.0000,0,0.3286,0.6714,1.0000,4.0000,flat,0.3000,0.5523,1.2835,0.0000,1.0000,0.0000,99.4715,2,0.0008,0.0047,0.2442,4,0,45951.2539,52703
42,561,Paris,generalize_stress_heavy,TokenPassing,3600,12,79,21,0.2658,1.0000,0.0000,1198.3810,299.5952,0.3981,1.0001,409.5000,857.9412,2041.3525,0.9970,188.7603,157.4949,1431.8098,782.7365,904.4937,75374.4688,0,0,0.0000,0.0000,0.0000,0.0000,0,0.2658,0.7342,1.0000,4.0000,flat,0.2143,0.3956,1.2338,0.0000,1.0000,0.0000,1.2295,2,0.0008,0.0047,0.3276,5,1,42868.4062,71455
42,562,Paris,generalize_stress_heavy,TokenPassing,3600,12,70,22,0.3143,1.0000,0.0000,1049.9091,262.4773,0.3963,1.0002,331.7000,745.9000,1842.8168,1.0000,189.5836,160.5847,1582.5439,623.0424,730.0714,60839.2852,0,0,0.0000,0.0000,0.0000,0.0000,0,0.3143,0.6857,1.0000,4.0000,flat,0.3910,0.7293,1.2754,0.0000,1.0000,0.0000,0.0000,2,0.0014,0.0048,0.3058,6,0,40541.9688,51105
42,563,Paris,generalize_stress_heavy,TokenPassing,3600,12,77,21,0.2727,1.0000,0.0000,1234.4762,308.6190,0.3673,1.0001,496.8333,820.0555,1997.3884,0.8040,164.4620,146.1389,1606.4618,559.2086,1016.6883,84724.0234,0,0,0.0000,0.0000,0.0000,0.0000,0,0.2727,0.7273,1.0000,4.0000,flat,0.3333,0.6086,1.2212,0.0000,1.0000,0.0000,97.3557,2,0.0006,0.0033,0.2730,6,0,41945.1562,78285
42,564,Paris,generalize_slack,PIBT,3600,12,65,15,0.2308,1.0000,0.0000,1891.3334,189.1333,0.8737,1.0001,618.9286,1509.5000,2624.6367,0.8481,178.9973,156.1104,2021.4641,805.1591,585.8923,48824.3594,0,0,0.0000,0.0000,0.0000,0.0000,0,0.2308,0.7692,1.0000,4.0000,flat,0.2604,0.5547,1.1745,0.0000,1.0000,0.0000,94.0012,2,0.0006,0.0035,0.1579,2,0,39369.5508,38083
42,565,Paris,generalize_slack,PIBT,3600,12,88,17,0.1932,1.0000,0.0000,2184.7058,218.4706,0.8770,1.0001,552.2353,1774.5264,2366.0425,0.8569,165.3490,155.8631,2001.1761,694.2332,519.0909,43257.5742,0,0,0.0000,0.0000,0.0000,0.0000,0,0.1932,0.8068,1.0016,4.0000,flat,0.3476,0.6566,1.2146,0.0000,1.0000,0.0000,79.0268,2,0.0011,0.0035,0.2054,2,0,40222.7227,45680
42,566,Paris,generalize_slack,PIBT,3600,12,68,13,0.1912,1.0000,0.0000,1569.1538,156.9154,0.8543,1.0000,324.9231,1509.0588,1611.2092,0.9917,183.5462,166.2685,1521.2836,727.9182,534.3383,44528.1875,0,0,0.0000,0.0000,0.0000,0.0000,0,0.1912,0.8088,1.0000,4.0000,flat,0.4260,0.7845,1.2576,0.0000,1.0000,0.0000,2.6812,2,0.0003,0.0028,0.1694,2,0,20945.7207,36335
42,567,Paris,generalize_normal,PIBT,3600,12,73,15,0.2055,1.0000,0.0000,1716.4000,214.5500,0.7099,1.0001,436.6667,1364.6250,2003.5081,0.9176,164.4843,143.0199,1770.6074,664.2457,674.9726,56247.7188,0,0,0.0000,0.0000,0.0000,0.0000,0,0.2055,0.7945,1.0000,4.0000,flat,0.3776,0.7050,1.3037,0.0000,1.0000,0.0000,35.9651,2,0.0008,0.0042,0.1949,2,0,30052.6211,49273
42,568,Paris,generalize_normal,PIBT,3600,12,92,14,0.1522,1.0000,0.0000,2176.7856,272.0982,0.7061,1.0000,612.3333,1644.2142,2633.7925,0.8602,176.0107,159.1099,1754.9227,696.3542,1084.4891,90374.0938,0,0,0.0000,0.0000,0.0000,0.0000,0,0.1522,0.8478,1.0000,4.0000,flat,0.4336,0.7920,1.2562,0.0000,1.0000,0.0000,85.5748,2,0.0003,0.0019,0.2183,3,0,36873.0977,99773
42,569,Paris,generalize_normal,PIBT,3600,12,78,17,0.2179,1.0000,0.0000,1572.9412,196.6176,0.7124,1.0001,561.0625,1221.0476,2188.2285,0.7800,176.9689,151.3441,1745.0273,689.0049,945.2180,78768.1641,0,0,0.0000,0.0000,0.0000,0.0000,0,0.2179,0.7821,1.0000,4.0000,flat,0.4659,0.8478,1.2270,0.0000,1.0000,0.0000,123.4168,2,0.0003,0.0033,0.2210,4,0,37199.8867,73727
42,570,Paris,generalize_stress_light,PIBT,3600,12,99,15,0.1515,1.0000,0.0000,1694.2000,242.0286,0.5856,1.0001,367.7857,1456.8750,1909.3862,1.0000,185.1642,163.9791,1607.3285,575.8835,1368.8182,114068.1719,0,0,0.0000,0.0000,0.0000,0.0000,0,0.1515,0.8485,1.0000,4.0000,flat,0.4571,0.8571,1.2665,0.0000,1.0000,0.0000,0.0000,2,0.0008,0.0032,0.2515,4,0,28640.7930,135513
42,571,Paris,generalize_stress_light,PIBT,3600,12,56,11,0.1964,1.0000,0.0000,2023.8182,337.3030,0.5700,1.0001,478.4000,1564.0834,2191.7146,0.9163,188.5820,162.0055,1802.3431,804.7410,922.9643,76913.6875,0,0,0.0000,0.0000,0.0000,0.0000,0,0.1964,0.8036,1.0000,4.0000,flat,0.2444,0.5099,1.3194,0.0000,1.0000,0.0000,40.0571,2,0.0008,0.0050,0.1894,2,0,24108.8613,51686
42,572,Paris,generalize_stress_light,PIBT,3600,12,70,10,0.1429,1.0000,0.0000,1844.9000,307.4833,0.5557,1.0000,526.9000,1296.7500,2559.1924,0.9714,168.4576,161.1419,1651.5536,826.5048,786.0714,65505.9531,0,0,0.0000,0.0000,0.0000,0.0000,0,0.1429,0.8571,1.0000,4.0000,flat,0.5000,0.9230,1.2835,0.0000,1.0000,0.0000,15.0616,1,0.0000,0.0000,0.1939,2,0,25591.9238,55025
42,573,Paris,generalize_stress_heavy,PIBT,3600,12,79,17,0.2152,1.0000,0.0000,1463.6471,292.7294,0.4398,1.0000,332.0625,1128.8667,1683.9608,1.0000,188.7603,157.4949,1431.8098,782.7365,1358.8354,113236.2891,0,0,0.0000,0.0000,0.0000,0.0000,0,0.2152,0.7848,1.0000,4.0000,flat,0.4286,0.7655,1.2338,0.0000,1.0000,0.0000,0.0000,2,0.0003,0.0028,0.2900,5,0,28627.3340,107348
42,574,Paris,generalize_stress_heavy,PIBT,3600,12,70,12,0.1714,1.0000,0.0000,1720.4166,344.0833,0.4385,1.0000,400.3636,1155.0000,2321.4424,1.0000,189.5836,160.5847,1582.5439,623.0424,1172.5857,97715.4766,0,0,0.0000,0.0000,0.0000,0.0000,0,0.1714,0.8286,1.0000,4.0000,flat,0.4571,0.8246,1.2754,0.0000,1.0000,0.0000,0.0000,1,0.0000,0.0000,0.2086,3,0,27857.3086,82081
42,575,Paris,generalize_stress_heavy,PIBT,3600,12,77,15,0.1948,1.0000,0.0000,1733.2667,346.6534,0.4401,1.0000,536.3333,1245.5000,2031.6135,0.7576,164.4620,146.1389,1606.4618,559.2086,1234.1039,102841.9922,0,0,0.0000,0.0000,0.0000,0.0000,0,0.1948,0.8052,1.0000,4.0000,flat,0.3333,0.6009,1.2212,0.0000,1.0000,0.0000,130.0106,1,0.0000,0.0000,0.2745,3,0,30474.2031,95026
42,576,London,generalize_slack,MAPPO,3600,15,69,12,0.1739,0.8116,0.1884,1781.0000,445.2500,0.2924,1.0000,687.4545,1060.8000,3628.7861,1.0000,279.9759,250.3135,2386.8877,1098.8215,2670.9131,178060.8594,0,0,0.0000,0.0000,0.0000,0.0000,0,0.2143,0.7857,1.0000,8.0000,flat,0.2338,0.4635,1.3554,1.2377,0.8116,0.0000,0.0000,1,0.0000,0.0000,0.2482,3,1,43545.4336,184293
42,577,London,generalize_slack,MAPPO,3600,15,68,13,0.1912,0.8676,0.1324,1453.5385,290.7077,0.3752,1.0000,519.9091,929.7692,2548.8977,0.9805,271.6993,217.0087,2209.0271,952.5750,2978.3970,198559.8125,0,0,0.0000,0.0000,0.0000,0.0000,0,0.2203,0.7797,1.0000,8.0000,flat,0.5333,1.0770,1.2229,1.3110,0.8676,0.0000,10.1296,1,0.0000,0.0000,0.2106,4,0,33135.6680,202531
42,578,London,generalize_slack,MAPPO,3600,15,55,19,0.3455,0.8909,0.1091,1560.0526,260.0088,0.4357,1.0000,459.5294,1161.0952,2428.6272,1.0000,254.1977,230.2373,2534.4858,1034.0531,1392.4000,92826.6641,0,0,0.0000,0.0000,0.0000,0.0000,0,0.3878,0.6122,1.0000,8.0000,flat,0.4647,0.8745,1.2934,1.3152,0.8909,0.0000,0.0000,2,0.0003,0.0017,0.2150,5,0,46143.9141,76582
42,579,London,generalize_normal,MAPPO,3600,15,48,17,0.3542,0.9167,0.0833,1436.4117,359.1029,0.3015,1.0000,521.3333,886.2143,2785.1772,1.0000,244.6160,214.7654,2247.6997,907.0467,607.8542,40523.6094,0,0,0.0000,0.0000,0.0000,0.0000,0,0.3864,0.6136,1.0000,8.0000,flat,0.4593,0.8485,1.2381,1.4278,0.9167,0.0000,0.0000,1,0.0000,0.0000,0.2546,4,0,47348.0117,29177
42,580,London,generalize_normal,MAPPO,3600,15,71,23,0.3239,0.9296,0.0704,1305.5652,326.3913,0.2925,1.0000,544.1579,973.2222,2859.9226,1.0000,272.1540,244.8646,2059.6516,932.3770,2127.6479,141843.2031,0,0,0.0000,0.0000,0.0000,0.0000,0,0.3485,0.6515,1.0000,8.0000,flat,0.3500,0.6325,1.2430,1.1659,0.9296,0.0000,0.0000,1,0.0000,0.0000,0.2530,4,0,65778.2188,151063
42,581,London,generalize_normal,MAPPO,3600,15,58,15,0.2586,0.8276,0.1724,1151.5333,383.8445,0.2416,1.0000,375.5000,894.8333,3136.9695,1.0000,270.8026,245.1328,2641.1733,1392.8385,1300.8448,86722.9922,0,0,0.0000,0.0000,0.0000,0.0000,0,0.3125,0.6875,1.0000,8.0000,flat,0.3267,0.6146,1.3666,1.4369,0.8276,0.0000,0.0000,2,0.0003,0.0017,0.2275,3,0,47054.5430,75449
42,582,London,generalize_stress_light,MAPPO,3600,15,69,21,0.3043,0.9275,0.0725,1643.4286,410.8571,0.2671,1.0000,713.0555,1090.7273,3353.3120,0.9405,265.3275,226.9967,2414.7727,964.0041,1628.9275,108595.1719,0,0,0.0000,0.0000,0.0000,0.0000,0,0.3281,0.6719,1.0000,8.0000,flat,0.3377,0.6553,1.2799,1.6268,0.9275,0.0000,42.3931,2,0.0003,0.0011,0.1931,4,0,70419.5547,112396
42,583,London,generalize_stress_light,MAPPO,3600,15,53,24,0.4528,0.9623,0.0377,1524.9584,508.3195,0.2623,1.0000,608.1500,966.4762,3394.4363,1.0000,280.7115,241.6210,2540.7788,1126.0088,1531.0377,102069.1797,0,0,0.0000,0.0000,0.0000,0.0000,0,0.4706,0.5294,1.0000,8.0000,flat,0.3883,0.7095,1.2458,0.9066,0.9623,0.0000,0.0000,2,0.0003,0.0014,0.2015,4,0,81466.4688,81145
42,584,London,generalize_stress_light,MAPPO,3600,15,47,19,0.4043,0.9574,0.0426,1416.1052,708.0526,0.1587,1.0000,446.8667,900.7368,2645.8735,1.0000,260.6645,193.8481,2271.6824,1147.8082,628.6595,41910.6367,0,0,0.0000,0.0000,0.0000,0.0000,0,0.4222,0.5778,1.0000,8.0000,flat,0.5159,1.0364,1.3387,1.2803,0.9574,0.0000,0.0000,1,0.0000,0.0000,0.2254,4,0,50271.5977,29547
42,585,London,generalize_stress_heavy,MAPPO,3600,15,42,19,0.4524,0.8333,0.1667,1345.4736,672.7368,0.1683,1.0000,509.8125,838.6316,2531.6458,0.9932,248.9878,215.9833,2108.6252,1303.4247,495.7857,33052.3828,0,0,0.0000,0.0000,0.0000,0.0000,0,0.5429,0.4571,1.0000,8.0000,flat,0.2460,0.5060,1.2486,1.1078,0.8333,0.0000,3.4833,1,0.0000,0.0000,0.2006,3,1,48101.2695,20823
42,586,London,generalize_stress_heavy,MAPPO,3600,15,60,22,0.3667,0.8500,0.1500,1127.0909,1127.0909,0.1254,1.0000,490.2000,842.1154,2232.9050,0.9110,235.1088,180.0830,1986.9847,977.3843,830.8167,55387.7773,0,0,0.0000,0.0000,0.0000,0.0000,0,0.4314,0.5686,1.0000,8.0000,flat,0.3867,0.7071,1.4005,1.1387,0.8500,0.0000,43.6190,2,0.0003,0.0013,0.2122,3,0,49123.9102,49849
42,587,London,generalize_stress_heavy,MAPPO,3600,15,48,11,0.2292,0.8125,0.1875,1474.0909,368.5227,0.2787,1.0000,543.6000,905.8666,2484.9924,0.9143,237.8992,177.4043,2044.3743,1113.0258,662.5000,44166.6680,0,0,0.0000,0.0000,0.0000,0.0000,0,0.2821,0.7179,1.0000,8.0000,flat,0.5124,0.9535,1.2482,1.2527,0.8125,0.0000,46.6015,1,0.0000,0.0000,0.1751,3,0,27334.9160,31800
42,588,London,generalize_slack,FaithfulMAPPER,3600,15,69,24,0.3478,0.7101,0.2899,1446.4584,180.8073,0.5759,1.0000,688.3478,995.1379,3074.9277,0.8934,278.2220,241.4146,2575.1265,1344.0231,638.3043,42553.6250,0,0,0.0000,0.0000,0.0000,0.0000,0,0.4898,0.5102,1.0000,8.0000,flat,0.3667,0.8341,1.3500,1.2921,0.7101,0.0000,73.3623,2,0.0006,0.0019,0.1336,4,0,73798.2656,44043
42,589,London,generalize_slack,FaithfulMAPPER,3600,15,68,25,0.3676,0.7500,0.2500,1209.8400,151.2300,0.5527,1.0000,594.4167,841.1290,2248.4568,0.7565,271.6993,214.9626,2449.4441,1091.0065,645.0294,43001.9609,0,0,0.0000,0.0000,0.0000,0.0000,0,0.4902,0.5098,1.0000,8.0000,flat,0.4292,1.0069,1.2431,1.2091,0.7500,0.0000,144.7253,1,0.0000,0.0000,0.1634,5,0,56211.4219,43862
42,590,London,generalize_slack,FaithfulMAPPER,3600,15,55,24,0.4364,0.8000,0.2000,1717.7500,214.7188,0.5633,1.0000,813.1429,1082.8750,3342.9695,0.8222,238.2367,213.5652,2766.6301,1181.7037,712.5091,47500.6055,0,0,0.0000,0.0000,0.0000,0.0000,0,0.5455,0.4545,1.0000,8.0000,flat,0.2679,0.5785,1.3280,1.1669,0.8000,0.0000,144.5490,2,0.0006,0.0019,0.1524,3,0,80231.2656,39188
42,591,London,generalize_normal,FaithfulMAPPER,3600,15,48,19,0.3958,0.8333,0.1667,1577.4210,394.3553,0.3111,1.0000,726.1250,902.3333,2912.4541,0.8022,244.6160,194.4503,2459.2415,873.7849,637.2083,42480.5547,0,0,0.0000,0.0000,0.0000,0.0000,0,0.4750,0.5250,1.0000,8.0000,flat,0.3750,0.8240,1.2537,1.2546,0.8333,0.0000,143.6342,1,0.0000,0.0000,0.1676,4,0,55336.6250,30586
42,592,London,generalize_normal,FaithfulMAPPER,3600,15,71,27,0.3803,0.8169,0.1831,1498.4073,214.0582,0.4731,1.0000,639.5385,874.9000,2867.0022,0.8966,272.1540,243.6201,2320.3721,1139.4288,592.7324,39515.4922,0,0,0.0000,0.0000,0.0000,0.0000,0,0.4655,0.5345,1.0000,8.0000,flat,0.1615,0.3525,1.2503,1.1812,0.8169,0.0000,66.1380,1,0.0000,0.0000,0.1770,2,1,77409.0547,42084
42,593,London,generalize_normal,FaithfulMAPPER,3600,15,58,23,0.3966,0.7586,0.2414,1547.3478,221.0497,0.5304,1.0000,694.3043,987.4445,3281.4832,0.9453,273.2603,234.2699,2837.6113,1396.6639,779.9828,51998.8516,0,0,0.0000,0.0000,0.0000,0.0000,0,0.5227,0.4773,1.0000,8.0000,flat,0.3602,0.7404,1.3294,1.5338,0.7586,0.0000,38.0077,1,0.0000,0.0000,0.1468,3,0,75474.1094,45239
42,594,London,generalize_stress_light,FaithfulMAPPER,3600,15,69,23,0.3333,0.7971,0.2029,1905.5652,381.1130,0.3817,1.0000,783.4762,1103.7200,3617.8350,0.9235,263.2101,224.6337,2728.2446,1083.0300,1048.6666,69911.1094,0,0,0.0000,0.0000,0.0000,0.0000,0,0.4182,0.5818,1.0000,8.0000,flat,0.3591,0.6983,1.2599,1.4823,0.7971,0.0000,59.9092,1,0.0000,0.0000,0.1370,3,0,83210.2031,72358
42,595,London,generalize_stress_light,FaithfulMAPPER,3600,15,53,22,0.4151,0.8679,0.1321,1686.4091,337.2818,0.3944,1.0000,808.7143,981.4445,3350.0654,0.8285,261.9510,232.9866,2739.8064,1184.1881,764.5095,50967.2969,0,0,0.0000,0.0000,0.0000,0.0000,0,0.4783,0.5217,1.0000,8.0000,flat,0.3132,0.7042,1.2462,1.1461,0.8679,0.0000,138.7012,2,0.0003,0.0012,0.1536,3,0,73701.4375,40519
42,596,London,generalize_stress_light,FaithfulMAPPER,3600,15,47,24,0.5106,0.7660,0.2340,1448.9584,289.7917,0.3464,1.0000,648.5455,889.2000,3156.5825,0.9734,245.1022,187.6979,2706.5073,1424.0885,619.2766,41285.1055,0,0,0.0000,0.0000,0.0000,0.0000,0,0.6667,0.3333,1.0000,8.0000,flat,0.4042,0.8165,1.3597,1.2593,0.7660,0.0000,17.2289,2,0.0003,0.0015,0.1295,4,0,75757.9844,29106
42,597,London,generalize_stress_heavy,FaithfulMAPPER,3600,15,42,21,0.5000,0.8333,0.1667,1474.8572,368.7143,0.2829,1.0000,618.1765,846.0952,2679.1741,0.8668,245.9339,214.5744,2269.2000,1329.1810,615.3571,41023.8086,0,0,0.0000,0.0000,0.0000,0.0000,0,0.6000,0.4000,1.0000,8.0000,flat,0.3471,0.6671,1.2621,1.0401,0.8333,0.0000,82.3416,1,0.0000,0.0000,0.1526,3,0,56262.6562,25845
42,598,London,generalize_stress_heavy,FaithfulMAPPER,3600,15,60,27,0.4500,0.7000,0.3000,1593.2222,398.3055,0.2792,1.0000,667.1154,968.7742,2997.1536,0.8985,243.7272,184.0874,2299.2156,1198.2452,469.8000,31320.0000,0,0,0.0000,0.0000,0.0000,0.0000,0,0.6429,0.3571,1.0000,8.0000,flat,0.3270,0.6597,1.4215,1.2207,0.7000,0.0000,67.6846,1,0.0000,0.0000,0.1480,3,0,80923.1484,28188
42,599,London,generalize_stress_heavy,FaithfulMAPPER,3600,15,48,22,0.4583,0.7917,0.2083,1435.6364,358.9091,0.3129,1.0000,632.5455,866.0714,2735.7666,0.8650,237.8992,177.4043,2224.4077,1315.8990,566.4375,37762.5000,0,0,0.0000,0.0000,0.0000,0.0000,0,0.5789,0.4211,1.0000,8.0000,flat,0.2273,0.4896,1.2820,1.1236,0.7917,0.0000,85.3922,1,0.0000,0.0000,0.1551,2,0,60186.8633,27189
42,600,London,generalize_slack,Hybrid,3600,15,69,18,0.2609,0.6087,0.3913,1463.5000,162.6111,0.6385,1.0000,783.9445,952.8846,3397.6611,0.8668,274.0195,242.1227,2849.0696,1409.6707,730.5797,48705.3125,0,0,0.1404,0.0000,0.0000,0.0000,72,0.4286,0.5714,1.0000,8.0000,flat,0.4091,0.7935,1.3379,1.3259,0.6087,0.0000,104.4122,1,0.0000,0.0000,0.1190,2,0,61157.8984,50410
42,601,London,generalize_slack,Hybrid,3600,15,68,28,0.4118,0.7794,0.2206,1316.6786,164.5848,0.5637,1.0000,597.3750,914.8438,2166.8794,0.7255,271.6993,217.3818,2389.2546,941.8839,878.3088,58553.9219,0,0,0.2153,0.0000,0.0000,0.0000,88,0.5283,0.4717,1.0000,8.0000,flat,0.4038,0.8836,1.2541,1.1657,0.7794,0.0000,163.9991,1,0.0000,0.0000,0.1693,4,0,60672.6211,59725
42,602,London,generalize_slack,Hybrid,3600,15,55,33,0.6000,0.7818,0.2182,1627.0909,180.7879,0.6339,1.0000,743.0000,945.7333,3361.2070,0.9048,240.2957,213.6999,2819.6328,1118.3800,900.3091,60020.6055,0,0,-0.4538,0.0000,0.0000,0.0000,72,0.7674,0.2326,1.0000,8.0000,flat,0.3058,0.6419,1.3416,1.1316,0.7818,0.0000,70.7586,1,0.0000,0.0000,0.1431,4,0,110919.8281,49517
42,603,London,generalize_normal,Hybrid,3600,15,48,19,0.3958,0.7708,0.2292,1499.3684,249.8947,0.4222,1.0000,625.2632,1032.6801,2978.4590,0.9527,244.5847,208.0106,2617.2473,964.0370,823.4167,54894.4453,0,0,0.0217,0.0000,0.0000,1.0000,78,0.5135,0.4865,1.0000,8.0000,flat,0.2657,0.5813,1.2503,1.2658,0.7708,0.0000,29.5714,2,0.0003,0.0015,0.1297,2,0,56590.7188,39524
42,604,London,generalize_normal,Hybrid,3600,15,71,26,0.3662,0.7465,0.2535,1553.4231,221.9176,0.5019,1.0000,624.8800,1064.4333,2840.2546,0.9091,271.2725,234.5360,2441.8652,1152.6785,739.2253,49281.6914,0,0,0.0489,0.0000,0.0000,0.0000,102,0.4906,0.5094,1.0000,8.0000,flat,0.2308,0.5520,1.2443,1.2181,0.7465,0.0000,56.8291,2,0.0003,0.0017,0.1582,3,0,73846.6172,52485
42,605,London,generalize_normal,Hybrid,3600,15,58,23,0.3966,0.7414,0.2586,1637.8695,233.9814,0.4786,1.0000,741.1905,1013.1852,3443.9226,0.9293,273.2603,221.7323,2879.6670,1316.4906,1055.4656,70364.3672,0,0,0.0064,0.0000,0.0000,1.0000,97,0.5349,0.4651,1.0000,8.0000,flat,0.3760,0.7977,1.3304,1.5172,0.7414,0.0000,52.4059,1,0.0000,0.0000,0.1397,3,0,79210.2188,61217
42,606,London,generalize_stress_light,Hybrid,3600,15,69,24,0.3478,0.7391,0.2609,1792.7916,358.5583,0.3714,1.0000,765.3913,1027.7778,3751.3174,0.9802,240.8403,216.0099,2863.2146,1150.3905,1074.9855,71665.7031,0,0,0.1185,0.0000,0.0000,2.0000,84,0.4706,0.5294,1.0000,8.0000,flat,0.2195,0.4802,1.2438,1.4785,0.7391,0.0000,15.1278,1,0.0000,0.0000,0.1424,2,0,90031.6172,74174
42,607,London,generalize_stress_light,Hybrid,3600,15,53,25,0.4717,0.8491,0.1509,1623.4399,405.8600,0.3128,1.0000,791.1250,948.2000,3332.0066,0.8423,261.9510,232.9866,2741.0691,1182.9750,980.7358,65382.3906,0,0,-0.1411,0.0000,0.0000,0.0000,83,0.5556,0.4444,1.0000,8.0000,flat,0.2341,0.4895,1.2304,1.2474,0.8491,0.0000,124.7237,1,0.0000,0.0000,0.1405,2,0,83300.1641,51979
42,608,London,generalize_stress_light,Hybrid,3600,15,47,15,0.3191,0.7021,0.2979,1882.3334,627.4445,0.2575,1.0001,895.2143,1127.5454,3761.1223,0.8403,245.1022,187.6979,2879.0686,1580.8933,1192.4255,79495.0391,0,0,0.0965,0.0000,0.0000,0.0000,63,0.4545,0.5455,1.0000,8.0000,flat,0.4538,0.8571,1.3034,1.4135,0.7021,0.0000,142.9898,2,0.0006,0.0024,0.1225,2,0,56416.8359,56044
42,609,London,generalize_stress_heavy,Hybrid,3600,15,42,25,0.5952,0.7857,0.2143,1411.6000,470.5333,0.2125,1.0000,635.3333,890.1111,2847.4160,0.8964,251.6297,205.8480,2333.4333,1523.1450,808.3571,53890.4766,0,0,-0.4757,0.0000,0.0000,0.0000,51,0.7576,0.2424,1.0000,8.0000,flat,0.2940,0.6132,1.2503,1.1329,0.7857,0.0000,65.8501,1,0.0000,0.0000,0.1410,3,0,71185.3984,33951
42,610,London,generalize_stress_heavy,Hybrid,3600,15,60,19,0.3167,0.6333,0.3667,1530.7894,382.6974,0.2910,1.0000,601.8947,993.0333,2737.4189,0.9096,262.1940,184.3842,2439.5322,1445.0183,796.7833,53118.8906,0,0,0.0255,0.0000,0.0000,0.0000,81,0.5000,0.5000,1.0000,8.0000,flat,0.3936,0.7699,1.3868,1.3172,0.6333,0.0000,54.4109,1,0.0000,0.0000,0.1360,2,0,52010.9609,47807
42,611,London,generalize_stress_heavy,Hybrid,3600,15,48,19,0.3958,0.7083,0.2917,1469.5264,489.8421,0.2109,1.0000,671.2632,824.0000,2893.3416,0.8621,237.8992,177.4043,2381.3860,1441.4440,810.1042,54006.9453,0,0,-0.1068,0.0000,0.0000,0.0000,50,0.5588,0.4412,1.0000,8.0000,flat,0.2251,0.4965,1.2266,1.3034,0.7083,0.0000,92.5948,1,0.0000,0.0000,0.1476,2,0,54973.4883,38885
42,612,London,generalize_slack,TamAlwaysAccept,3600,15,69,19,0.2754,0.5507,0.4493,1580.3684,175.5965,0.6013,1.0000,808.0526,1065.0000,3394.1147,0.8401,263.9417,223.9895,2952.0491,1554.9192,746.6957,49779.7109,0,0,0.0000,0.0000,0.0000,0.0000,0,0.5000,0.5000,1.0000,8.0000,flat,0.1739,0.4588,1.3813,1.2743,0.5507,0.0000,129.2297,1,0.0000,0.0000,0.1202,1,0,64488.1797,51522
42,613,London,generalize_slack,TamAlwaysAccept,3600,15,68,25,0.3676,0.6618,0.3382,1346.1600,168.2700,0.5945,1.0000,638.8800,834.4000,3138.7874,0.9826,260.5393,216.5874,2525.7947,1148.5771,808.6323,53908.8242,0,0,0.0000,0.0000,0.0000,0.0000,0,0.5556,0.4444,1.0000,8.0000,flat,0.3478,0.6614,1.2297,1.2443,0.6618,0.0000,11.1226,2,0.0003,0.0014,0.1273,2,0,78469.6875,54987
42,614,London,generalize_slack,TamAlwaysAccept,3600,15,55,28,0.5091,0.7455,0.2545,1564.1786,173.7976,0.6224,1.0000,777.2222,932.4062,3338.8047,0.8592,254.1977,227.9924,2924.9133,1213.6819,965.8727,64391.5156,0,0,0.0000,0.0000,0.0000,0.0000,0,0.6829,0.3171,1.0000,8.0000,flat,0.3323,0.7249,1.3232,1.2152,0.7455,0.0000,109.4613,1,0.0000,0.0000,0.1269,4,0,93486.5312,53123
42,615,London,generalize_normal,TamAlwaysAccept,3600,15,48,18,0.3750,0.6458,0.3542,1516.2778,216.6111,0.4833,1.0000,767.5555,962.0417,3313.9546,0.8635,235.5616,206.9815,2934.9951,982.0947,924.8958,61659.7227,0,0,0.0000,0.0000,0.0000,0.0000,0,0.5806,0.4194,1.0000,8.0000,flat,0.3434,0.7027,1.2445,1.2710,0.6458,0.0000,104.7646,1,0.0000,0.0000,0.1257,2,0,59651.1836,44395
42,616,London,generalize_normal,TamAlwaysAccept,3600,15,71,22,0.3099,0.5634,0.4366,1540.0000,220.0000,0.4745,1.0001,697.9545,1054.8710,3231.3025,0.9259,242.3304,220.7183,2858.4592,1375.3136,755.0282,50335.2109,0,0,0.0000,0.0000,0.0000,0.0000,0,0.5500,0.4500,1.0000,8.0000,flat,0.2355,0.5222,1.2392,1.2355,0.5634,0.0000,51.6940,2,0.0011,0.0032,0.1313,2,0,71088.6562,53607
42,617,London,generalize_normal,TamAlwaysAccept,3600,15,58,22,0.3793,0.6379,0.3621,1434.5909,239.0985,0.4549,1.0000,794.7727,845.2333,3606.7769,0.9076,237.5511,192.4044,3089.9082,1304.4956,1010.6207,67374.7109,0,0,0.0000,0.0000,0.0000,0.0000,0,0.5946,0.4054,1.0000,8.0000,flat,0.3512,0.6742,1.3427,1.4422,0.6379,0.0000,73.4174,2,0.0006,0.0018,0.1284,2,0,79349.0859,58616
42,618,London,generalize_stress_light,TamAlwaysAccept,3600,15,69,26,0.3768,0.6377,0.3623,1742.5769,290.4295,0.4027,1.0000,874.5000,972.1000,3919.4502,0.8964,234.5948,202.3497,3079.5850,1244.2249,1005.9855,67065.7031,0,0,0.0000,0.0000,0.0000,0.0000,0,0.5909,0.4091,1.0000,8.0000,flat,0.1853,0.4142,1.2709,1.3651,0.6377,0.0000,90.6100,1,0.0000,0.0000,0.1323,2,0,101905.7031,69413
42,619,London,generalize_stress_light,TamAlwaysAccept,3600,15,53,20,0.3774,0.6981,0.3019,1859.7500,371.9500,0.3757,1.0000,867.9474,1084.5385,3854.1409,0.8881,255.9991,230.8196,3081.2324,1394.5304,1140.6415,76042.7656,0,0,0.0000,0.0000,0.0000,0.0000,0,0.5405,0.4595,1.0000,8.0000,flat,0.3522,0.7036,1.2196,1.2640,0.6981,0.0000,97.1192,1,0.0000,0.0000,0.1180,2,0,77082.8125,60454
42,620,London,generalize_stress_light,TamAlwaysAccept,3600,15,47,16,0.3404,0.6596,0.3404,1745.3750,349.0750,0.3525,1.0000,868.1250,1029.0416,3779.9116,0.8708,234.4489,182.9139,2986.5549,1561.7523,962.6383,64175.8867,0,0,0.0000,0.0000,0.0000,0.0000,0,0.5161,0.4839,1.0000,8.0000,flat,0.4276,0.8839,1.3262,1.3555,0.6596,0.0000,112.1427,1,0.0000,0.0000,0.1200,3,0,60478.5859,45244
42,621,London,generalize_stress_heavy,TamAlwaysAccept,3600,15,42,18,0.4286,0.7619,0.2381,1433.2222,477.7407,0.2064,1.0000,651.0588,1000.3461,2875.3633,0.8833,251.6297,217.4707,2414.3726,1625.2360,815.3095,54353.9688,0,0,0.0000,0.0000,0.0000,0.0000,0,0.5625,0.4375,1.0000,8.0000,flat,0.3801,0.7244,1.2850,1.0334,0.7619,0.0000,75.9862,1,0.0000,0.0000,0.1365,2,0,51756.5391,34243
42,622,London,generalize_stress_heavy,TamAlwaysAccept,3600,15,60,23,0.3833,0.6000,0.4000,1563.7826,521.2609,0.2527,1.0000,668.2273,968.3704,3045.5493,0.9115,262.1940,186.1625,2511.3142,1394.4846,798.7500,53250.0000,0,0,0.0000,0.0000,0.0000,0.0000,0,0.6389,0.3611,1.0000,8.0000,flat,0.2668,0.6102,1.4101,1.2880,0.6000,0.0000,59.1174,1,0.0000,0.0000,0.1278,3,0,70047.6328,47925
42,623,London,generalize_stress_heavy,TamAlwaysAccept,3600,15,48,25,0.5208,0.6875,0.3125,1364.3600,454.7867,0.2368,1.0000,637.8400,774.8519,2673.3337,0.8382,237.8992,177.4043,2388.0876,1500.0198,869.1042,57940.2773,0,0,0.0000,0.0000,0.0000,0.0000,0,0.7576,0.2424,1.0000,8.0000,flat,0.2500,0.5000,1.3165,1.1005,0.6875,0.0000,103.1733,1,0.0000,0.0000,0.1481,2,0,66833.3438,41717
42,624,London,generalize_slack,CongestionAware,3600,15,69,31,0.4493,1.0000,0.0000,1283.2903,116.6628,0.7549,1.0000,481.2069,891.3939,2676.9973,1.0000,279.9759,259.3763,2110.2788,1016.4895,2674.5361,178302.4219,0,0,0.0000,0.0000,0.0000,0.0000,0,0.4493,0.5507,1.0000,8.0000,flat,0.3173,0.6106,1.3332,0.0000,1.0000,0.0000,0.0000,1,0.0000,0.0000,0.2293,4,0,82986.9141,184543
42,625,London,generalize_slack,CongestionAware,3600,15,68,29,0.4265,1.0000,0.0000,1431.6207,159.0690,0.6401,1.0000,645.9630,785.4828,2749.0845,0.8512,275.5335,244.6089,2022.1736,882.3671,2134.8823,142325.4844,0,0,0.0000,0.0000,0.0000,0.0000,0,0.4265,0.5735,1.0000,8.0000,flat,0.3304,0.6227,1.2346,0.0000,1.0000,0.0000,96.1461,2,0.0003,0.0013,0.2307,4,0,79723.4531,145172
42,626,London,generalize_slack,CongestionAware,3600,15,55,34,0.6182,1.0000,0.0000,1245.0883,155.6360,0.5929,1.0001,518.6207,685.0714,2751.6233,1.0000,263.9706,233.6642,2397.9788,976.4850,2179.9819,145332.1250,0,0,0.0000,0.0000,0.0000,0.0000,0,0.6182,0.3818,1.0000,8.0000,flat,0.3275,0.7454,1.2958,0.0000,1.0000,0.0000,0.0000,2,0.0008,0.0028,0.2301,8,1,93555.1875,119899
42,627,London,generalize_normal,CongestionAware,3600,15,48,26,0.5417,1.0000,0.0000,1054.5769,175.7628,0.4076,1.0000,386.7273,755.3500,2418.4897,1.0000,244.6160,214.7654,2202.1973,915.1548,2023.7709,134918.0625,0,0,0.0000,0.0000,0.0000,0.0000,0,0.5417,0.4583,1.0000,8.0000,flat,0.2802,0.5253,1.2539,0.0000,1.0000,0.0000,0.0000,2,0.0003,0.0019,0.2558,4,1,62880.7344,97141
42,628,London,generalize_normal,CongestionAware,3600,15,71,29,0.4085,1.0000,0.0000,1285.2413,160.6552,0.5655,1.0000,564.8750,824.3600,2727.6433,0.9658,272.1540,244.8646,2028.9099,947.4020,2036.0704,135738.0156,0,0,0.0000,0.0000,0.0000,0.0000,0,0.4085,0.5915,1.0000,8.0000,flat,0.2372,0.4551,1.2376,0.0000,1.0000,0.0000,19.3463,2,0.0006,0.0017,0.2369,3,0,79101.6562,144561
42,629,London,generalize_normal,CongestionAware,3600,15,58,19,0.3276,1.0000,0.0000,1335.7368,166.9671,0.5851,1.0000,578.4737,906.0000,3221.5994,1.0000,277.6001,249.1437,2346.6731,1165.0768,1972.3966,131493.1094,0,0,0.0000,0.0000,0.0000,0.0000,0,0.3276,0.6724,1.0000,8.0000,flat,0.3496,0.6595,1.3787,0.0000,1.0000,0.0000,0.0000,1,0.0000,0.0000,0.2073,3,0,61210.3867,114399
42,630,London,generalize_stress_light,CongestionAware,3600,15,69,22,0.3188,1.0000,0.0000,1337.2727,191.0390,0.4991,1.0000,396.4211,1124.0416,3053.3447,1.0000,268.9990,234.5267,2339.5132,952.8562,1655.7681,110384.5391,0,0,0.0000,0.0000,0.0000,0.0000,0,0.3188,0.6812,1.0000,8.0000,flat,0.1762,0.3333,1.3050,0.0000,1.0000,0.0000,0.0000,2,0.0003,0.0017,0.2438,3,1,67173.5859,114248
42,631,London,generalize_stress_light,CongestionAware,3600,15,53,25,0.4717,1.0000,0.0000,1289.9600,214.9933,0.4581,1.0000,577.8571,879.5238,3198.4304,1.0000,280.7115,241.6210,2474.9590,1089.2937,1152.9056,76860.3750,0,0,0.0000,0.0000,0.0000,0.0000,0,0.4717,0.5283,1.0000,8.0000,flat,0.4273,0.7551,1.2330,0.0000,1.0000,0.0000,0.0000,1,0.0000,0.0000,0.2165,5,0,79960.7578,61104
42,632,London,generalize_stress_light,CongestionAware,3600,15,47,21,0.4468,1.0000,0.0000,1402.2858,233.7143,0.4446,1.0000,526.6250,855.3684,3096.1182,1.0000,260.6645,193.8481,2265.6526,1090.9082,1916.5957,127773.0469,0,0,0.0000,0.0000,0.0000,0.0000,0,0.4468,0.5532,1.0000,8.0000,flat,0.3951,0.7454,1.3362,0.0000,1.0000,0.0000,0.0000,2,0.0003,0.0012,0.2323,4,0,65018.4844,90080
42,633,London,generalize_stress_heavy,CongestionAware,3600,15,42,14,0.3333,1.0000,0.0000,1480.1428,296.0286,0.3662,1.0000,555.6923,1051.1250,2648.2410,0.9531,255.9464,223.3819,2004.8439,1158.7562,1345.5000,89700.0000,0,0,0.0000,0.0000,0.0000,0.0000,0,0.3333,0.6667,1.0000,8.0000,flat,0.1964,0.3780,1.2251,0.0000,1.0000,0.0000,26.0441,1,0.0000,0.0000,0.2155,3,1,37075.3711,56511
42,634,London,generalize_stress_heavy,CongestionAware,3600,15,60,18,0.3000,1.0000,0.0000,1525.8889,305.1778,0.3652,1.0000,514.0000,1074.3846,2587.2566,1.0000,271.3094,207.4778,1822.3967,925.2569,1904.4500,126963.3359,0,0,0.0000,0.0000,0.0000,0.0000,0,0.3000,0.7000,1.0000,8.0000,flat,0.2476,0.4619,1.3613,0.0000,1.0000,0.0000,0.0000,1,0.0000,0.0000,0.2477,4,1,46570.6172,114267
42,635,London,generalize_stress_heavy,CongestionAware,3600,15,48,19,0.3958,1.0000,0.0000,1380.7368,276.1474,0.3989,1.0000,446.8824,1102.3125,2341.8418,1.0000,237.8992,182.8538,1914.8195,1048.5557,1404.5625,93637.5000,0,0,0.0000,0.0000,0.0000,0.0000,0,0.3958,0.6042,1.0000,8.0000,flat,0.4250,0.8192,1.2490,0.0000,1.0000,0.0000,0.0000,2,0.0003,0.0012,0.1948,5,0,44494.9922,67419
42,636,London,generalize_slack,TrafficFlow,3600,15,69,30,0.4348,1.0000,0.0000,1263.9000,126.3900,0.6677,1.0000,503.5600,833.6552,2808.4658,1.0000,279.9759,259.3763,2110.2788,1016.4895,2604.4492,173629.9531,0,0,0.0000,0.0000,0.0000,0.0000,0,0.4348,0.5652,1.0000,8.0000,flat,0.3704,0.6789,1.3332,0.0000,1.0000,0.0000,0.0000,1,0.0000,0.0000,0.2397,4,0,84253.9766,179707
42,637,London,generalize_slack,TrafficFlow,3600,15,68,35,0.5147,1.0000,0.0000,1316.7715,131.6772,0.7219,1.0000,519.0345,905.6774,2428.2444,0.9357,275.5335,244.6089,2022.1736,882.3671,1988.3235,132554.9062,0,0,0.0000,0.0000,0.0000,0.0000,0,0.5147,0.4853,1.0000,8.0000,flat,0.3555,0.6374,1.2346,0.0000,1.0000,0.0000,33.3856,2,0.0003,0.0011,0.2284,4,0,84988.5547,135206
42,638,London,generalize_slack,TrafficFlow,3600,15,55,30,0.5455,1.0000,0.0000,1261.2000,140.1333,0.6198,1.0000,548.6896,840.5333,2497.4612,0.9103,263.9706,233.6642,2397.9788,976.4850,2065.4182,137694.5469,0,0,0.0000,0.0000,0.0000,0.0000,0,0.5455,0.4545,1.0000,8.0000,flat,0.2564,0.5159,1.2958,0.0000,1.0000,0.0000,49.1974,1,0.0000,0.0000,0.2307,5,1,74923.8359,113598
42,639,London,generalize_normal,TrafficFlow,3600,15,48,26,0.5417,1.0000,0.0000,1080.4231,180.0705,0.4161,1.0000,408.3913,845.9167,2622.0710,1.0000,244.6160,214.7654,2202.1973,915.1548,1578.2500,105216.6641,0,0,0.0000,0.0000,0.0000,0.0000,0,0.5417,0.4583,1.0000,8.0000,flat,0.3200,0.5824,1.2539,0.0000,1.0000,0.0000,0.0000,2,0.0006,0.0021,0.2617,5,1,68173.8438,75756
42,640,London,generalize_normal,TrafficFlow,3600,15,71,30,0.4225,1.0000,0.0000,1443.6000,160.4000,0.6145,1.0000,622.7200,895.0800,2995.2522,0.9620,272.1540,244.8646,2028.9099,947.4020,1925.9014,128393.4375,0,0,0.0000,0.0000,0.0000,0.0000,0,0.4225,0.5775,1.0000,8.0000,flat,0.2959,0.5547,1.2376,0.0000,1.0000,0.0000,23.6696,2,0.0003,0.0015,0.2308,4,0,89857.5625,136739
42,641,London,generalize_normal,TrafficFlow,3600,15,58,17,0.2931,1.0000,0.0000,1393.0588,199.0084,0.4801,1.0000,664.5294,839.2727,3404.0996,1.0000,277.6001,249.1437,2346.6731,1165.0768,1925.4310,128362.0703,0,0,0.0000,0.0000,0.0000,0.0000,0,0.2931,0.7069,1.0000,8.0000,flat,0.4896,0.8839,1.3787,0.0000,1.0000,0.0000,0.0000,2,0.0003,0.0014,0.2128,3,0,57869.6914,111675
42,642,London,generalize_stress_light,TrafficFlow,3600,15,69,18,0.2609,1.0000,0.0000,1510.8889,215.8413,0.4941,1.0001,560.1765,1098.7500,3426.9878,1.0000,268.9990,234.5267,2339.5132,952.8562,1721.1160,114741.0625,0,0,0.0000,0.0000,0.0000,0.0000,0,0.2609,0.7391,1.0000,8.0000,flat,0.4875,0.9763,1.3050,0.0000,1.0000,0.0000,0.0000,2,0.0008,0.0026,0.2040,5,0,61685.7812,118757
42,643,London,generalize_stress_light,TrafficFlow,3600,15,53,18,0.3396,1.0000,0.0000,1489.9445,248.3241,0.4526,1.0000,571.6875,1101.1111,2904.9045,1.0000,280.7115,241.6210,2474.9590,1089.2937,1413.6227,94241.5078,0,0,0.0000,0.0000,0.0000,0.0000,0,0.3396,0.6604,1.0000,8.0000,flat,0.4148,0.7483,1.2330,0.0000,1.0000,0.0000,0.0000,1,0.0000,0.0000,0.2057,4,0,52288.2812,74922
42,644,London,generalize_stress_light,TrafficFlow,3600,15,47,20,0.4255,1.0000,0.0000,1449.2500,241.5417,0.4054,1.0000,474.4375,1057.9333,2914.5469,1.0000,260.6645,193.8481,2265.6526,1090.9082,1761.5745,117438.2969,0,0,0.0000,0.0000,0.0000,0.0000,0,0.4255,0.5745,1.0000,8.0000,flat,0.2303,0.4178,1.3362,0.0000,1.0000,0.0000,0.0000,1,0.0000,0.0000,0.2478,4,1,58290.9336,82794
42,645,London,generalize_stress_heavy,TrafficFlow,3600,15,42,15,0.3571,1.0000,0.0000,1529.4000,305.8800,0.3425,1.0000,668.0909,1039.0000,2810.1802,0.8413,255.9464,223.3819,2004.8439,1158.7562,1357.3096,90487.3047,0,0,0.0000,0.0000,0.0000,0.0000,0,0.3571,0.6429,1.0000,8.0000,flat,0.4519,0.8104,1.2251,0.0000,1.0000,0.0000,106.0549,1,0.0000,0.0000,0.2263,4,0,42152.7031,57007
42,646,London,generalize_stress_heavy,TrafficFlow,3600,15,60,18,0.3000,1.0000,0.0000,1282.6666,256.5333,0.3668,1.0000,526.1429,924.4667,2754.1331,1.0000,271.3094,207.4778,1822.3967,925.2569,1931.1666,128744.4453,0,0,0.0000,0.0000,0.0000,0.0000,0,0.3000,0.7000,1.0000,8.0000,flat,0.3238,0.5812,1.3613,0.0000,1.0000,0.0000,0.0000,2,0.0006,0.0020,0.2187,4,0,49574.3945,115870
42,647,London,generalize_stress_heavy,TrafficFlow,3600,15,48,23,0.4792,1.0000,0.0000,1308.0000,218.0000,0.4224,1.0000,467.8500,856.3684,2162.5129,0.9244,237.8992,182.8538,1914.8195,1048.5557,1117.6041,74506.9453,0,0,0.0000,0.0000,0.0000,0.0000,0,0.4792,0.5208,1.0000,8.0000,flat,0.2125,0.4000,1.2490,0.0000,1.0000,0.0000,35.3474,2,0.0003,0.0013,0.2665,4,1,49737.8008,53645
42,648,London,generalize_slack,TokenPassing,3600,15,69,33,0.4783,1.0000,0.0000,1314.2727,131.4273,0.7026,1.0000,499.2581,753.7241,2324.4187,0.9311,279.9759,259.3763,2110.2788,1016.4895,2913.6521,194243.4844,0,0,0.0000,0.0000,0.0000,0.0000,0,0.4783,0.5217,1.0000,8.0000,flat,0.3616,0.7143,1.3332,0.0000,1.0000,0.0000,34.3743,2,0.0006,0.0020,0.2385,4,0,76705.8125,201042
42,649,London,generalize_slack,TokenPassing,3600,15,68,28,0.4118,1.0000,0.0000,1147.9642,127.5516,0.6513,1.0000,556.6296,752.8788,2541.0105,0.9130,275.5335,244.6089,2022.1736,882.3671,1707.0883,113805.8828,0,0,0.0000,0.0000,0.0000,0.0000,0,0.4118,0.5882,1.0000,8.0000,flat,0.3077,0.5756,1.2346,0.0000,1.0000,0.0000,48.4276,2,0.0003,0.0009,0.2447,4,0,71148.2969,116082
42,650,London,generalize_slack,TokenPassing,3600,15,55,32,0.5818,1.0000,0.0000,1331.0000,147.8889,0.6439,1.0000,529.8621,866.2963,2911.4617,1.0000,263.9706,233.6642,2397.9788,976.4850,1907.5090,127167.2734,0,0,0.0000,0.0000,0.0000,0.0000,0,0.5818,0.4182,1.0000,8.0000,flat,0.3819,0.6859,1.2958,0.0000,1.0000,0.0000,0.0000,2,0.0003,0.0014,0.2120,4,0,93166.7734,104913
42,651,London,generalize_normal,TokenPassing,3600,15,48,21,0.4375,1.0000,0.0000,1135.3334,227.0667,0.3756,1.0000,462.5789,783.6316,3205.8481,1.0000,244.6160,214.7654,2202.1973,915.1548,1801.8125,120120.8359,0,0,0.0000,0.0000,0.0000,0.0000,0,0.4375,0.5625,1.0000,8.0000,flat,0.1871,0.3491,1.2539,0.0000,1.0000,0.0000,0.0000,2,0.0006,0.0021,0.2674,3,1,67322.8125,86487
42,652,London,generalize_normal,TokenPassing,3600,15,71,32,0.4507,1.0000,0.0000,1193.7812,149.2227,0.5990,1.0000,564.6154,821.2414,2673.4680,0.9470,272.1540,244.8646,2028.9099,947.4020,1844.6478,122976.5234,0,0,0.0000,0.0000,0.0000,0.0000,0,0.4507,0.5493,1.0000,8.0000,flat,0.3289,0.6130,1.2376,0.0000,1.0000,0.0000,29.9218,2,0.0003,0.0013,0.2612,5,1,85550.9766,130970
42,653,London,generalize_normal,TokenPassing,3600,15,58,26,0.4483,1.0000,0.0000,1337.0385,167.1298,0.5756,1.0000,474.9167,871.8148,3107.1226,1.0000,277.6001,249.1437,2346.6731,1165.0768,1636.0000,109066.6641,0,0,0.0000,0.0000,0.0000,0.0000,0,0.4483,0.5517,1.0000,8.0000,flat,0.4103,0.7312,1.3787,0.0000,1.0000,0.0000,0.0000,2,0.0003,0.0019,0.2274,4,0,80785.1875,94888
42,654,London,generalize_stress_light,TokenPassing,3600,15,69,22,0.3188,1.0000,0.0000,1595.4091,227.9156,0.4892,1.0000,787.7368,898.9412,3157.5942,0.8017,268.9990,234.5267,2339.5132,952.8562,1560.1594,104010.6250,0,0,0.0000,0.0000,0.0000,0.0000,0,0.3188,0.6812,1.0000,8.0000,flat,0.0523,0.1664,1.3050,0.0000,1.0000,0.0000,156.2180,2,0.0003,0.0013,0.2461,2,1,69467.0703,107651
42,655,London,generalize_stress_light,TokenPassing,3600,15,53,20,0.3774,1.0000,0.0000,1687.7500,281.2917,0.4622,1.0000,552.8889,1153.5000,3215.2021,1.0000,280.7115,241.6210,2474.9590,1089.2937,1414.0566,94270.4375,0,0,0.0000,0.0000,0.0000,0.0000,0,0.3774,0.6226,1.0000,8.0000,flat,0.2469,0.4714,1.2330,0.0000,1.0000,0.0000,0.0000,1,0.0000,0.0000,0.2194,4,1,64304.0430,74945
42,656,London,generalize_stress_light,TokenPassing,3600,15,47,19,0.4043,1.0000,0.0000,1496.2106,213.7444,0.4760,1.0000,563.5294,1121.0952,2932.7866,1.0000,260.6645,193.8481,2265.6526,1090.9082,1727.0851,115139.0078,0,0,0.0000,0.0000,0.0000,0.0000,0,0.4043,0.5957,1.0000,8.0000,flat,0.3137,0.5823,1.3362,0.0000,1.0000,0.0000,0.0000,2,0.0003,0.0014,0.2270,4,0,55722.9453,81173
42,657,London,generalize_stress_heavy,TokenPassing,3600,15,42,7,0.1667,1.0000,0.0000,1794.5714,358.9143,0.3391,1.0000,599.8571,1124.8182,3336.5503,1.0000,255.9464,223.3819,2004.8439,1158.7562,1280.1190,85341.2734,0,0,0.0000,0.0000,0.0000,0.0000,0,0.1667,0.8333,1.0000,8.0000,flat,0.2449,0.5345,1.2251,0.0000,1.0000,0.0000,0.0000,1,0.0000,0.0000,0.2016,2,0,23355.8516,53765
42,658,London,generalize_stress_heavy,TokenPassing,3600,15,60,18,0.3000,1.0000,0.0000,1575.4445,262.5741,0.4090,1.0000,439.3846,1193.5714,2507.3523,1.0000,271.3094,207.4778,1822.3967,925.2569,1554.6666,103644.4453,0,0,0.0000,0.0000,0.0000,0.0000,0,0.3000,0.7000,1.0000,8.0000,flat,0.3603,0.6417,1.3613,0.0000,1.0000,0.0000,0.0000,2,0.0003,0.0019,0.2164,4,0,45132.3398,93280
42,659,London,generalize_stress_heavy,TokenPassing,3600,15,48,17,0.3542,1.0000,0.0000,1280.7646,256.1529,0.3760,1.0000,461.1429,954.9375,2285.1401,0.9911,237.8992,182.8538,1914.8195,1048.5557,1135.1666,75677.7812,0,0,0.0000,0.0000,0.0000,0.0000,0,0.3542,0.6458,1.0000,8.0000,flat,0.3750,0.6903,1.2490,0.0000,1.0000,0.0000,4.1148,1,0.0000,0.0000,0.2508,5,0,38847.3828,54488
42,660,London,generalize_slack,PIBT,3600,15,69,11,0.1594,1.0000,0.0000,2462.4546,189.4196,0.8703,1.0000,522.4545,2011.6250,2469.5769,0.9454,279.9759,259.3763,2110.2788,1016.4895,1029.4348,68628.9844,0,0,0.0000,0.0000,0.0000,0.0000,0,0.1594,0.8406,1.0000,8.0000,flat,0.5176,1.0198,1.3332,0.0000,1.0000,0.0000,28.5392,2,0.0003,0.0017,0.1400,2,0,27165.3457,71031
42,661,London,generalize_slack,PIBT,3600,15,68,16,0.2353,1.0000,0.0000,1646.5000,126.6538,0.8681,1.0000,395.6429,1672.2632,1522.7660,0.7698,275.5335,244.6089,2022.1736,882.3671,680.7059,45380.3906,0,0,0.0000,0.0000,0.0000,0.0000,0,0.2353,0.7647,1.0000,8.0000,flat,0.6218,1.1952,1.2346,0.0000,1.0000,0.0000,91.0897,1,0.0000,0.0000,0.1473,3,0,24364.2559,46288
42,662,London,generalize_slack,PIBT,3600,15,55,10,0.1818,1.0000,0.0000,1892.3000,145.5615,0.8676,1.0000,745.5000,1468.8000,3454.4436,0.9267,263.9706,233.6642,2397.9788,976.4850,632.1273,42141.8164,0,0,0.0000,0.0000,0.0000,0.0000,0,0.1818,0.8182,1.0000,8.0000,flat,0.6000,1.1747,1.2958,0.0000,1.0000,0.0000,54.6113,2,0.0003,0.0017,0.1286,2,0,34544.4336,34767
42,663,London,generalize_normal,PIBT,3600,15,48,12,0.2500,1.0000,0.0000,1954.8334,217.2037,0.6550,1.0000,575.0909,1435.8462,2351.4097,0.8178,244.6160,214.7654,2202.1973,915.1548,698.1042,46540.2773,0,0,0.0000,0.0000,0.0000,0.0000,0,0.2500,0.7500,1.0000,8.0000,flat,0.4481,0.8576,1.2539,0.0000,1.0000,0.0000,104.8090,2,0.0003,0.0014,0.1627,2,0,28216.9160,33509
42,664,London,generalize_normal,PIBT,3600,15,71,11,0.1549,1.0000,0.0000,2534.8181,253.4818,0.7293,1.0000,763.4000,1891.0000,3093.0105,0.8103,272.1540,244.8646,2028.9099,947.4020,1325.7183,88381.2188,0,0,0.0000,0.0000,0.0000,0.0000,0,0.1549,0.8451,1.0000,8.0000,flat,0.5143,0.9798,1.2376,0.0000,1.0000,0.0000,144.7979,2,0.0003,0.0017,0.1621,2,0,34023.1172,94126
42,665,London,generalize_normal,PIBT,3600,15,58,8,0.1379,1.0000,0.0000,2058.2500,205.8250,0.7193,1.0000,622.3750,1751.9000,3398.7000,1.0000,277.6001,249.1437,2346.6731,1165.0768,852.8448,56856.3203,0,0,0.0000,0.0000,0.0000,0.0000,0,0.1379,0.8621,1.0000,8.0000,flat,0.5536,1.0897,1.3787,0.0000,1.0000,0.0000,0.0000,1,0.0000,0.0000,0.1347,2,0,27189.5996,49465
42,666,London,generalize_stress_light,PIBT,3600,15,69,13,0.1884,1.0000,0.0000,2270.4614,283.8077,0.5967,1.0001,884.0000,1643.0000,3452.8125,0.7812,268.9990,234.5267,2339.5132,952.8562,1356.9565,90463.7656,0,0,0.0000,0.0000,0.0000,0.0000,0,0.1884,0.8116,1.0000,8.0000,flat,0.4628,0.8528,1.3050,0.0000,1.0000,0.0000,193.4375,2,0.0006,0.0024,0.1584,2,0,44886.5625,93630
42,667,London,generalize_stress_light,PIBT,3600,15,53,12,0.2264,1.0000,0.0000,2136.8333,267.1042,0.5830,1.0000,598.2000,1501.1818,2940.7258,0.9832,280.7115,241.6210,2474.9590,1089.2937,857.3207,57154.7188,0,0,0.0000,0.0000,0.0000,0.0000,0,0.2264,0.7736,1.0000,8.0000,flat,0.4394,0.8250,1.2330,0.0000,1.0000,0.0000,10.0549,2,0.0003,0.0015,0.1603,3,0,35288.7109,45438
42,668,London,generalize_stress_light,PIBT,3600,15,47,13,0.2766,1.0000,0.0000,1736.3077,217.0385,0.5939,1.0000,508.2000,1630.6923,2900.5591,1.0000,260.6645,193.8481,2265.6526,1090.9082,684.1277,45608.5117,0,0,0.0000,0.0000,0.0000,0.0000,0,0.2766,0.7234,1.0000,8.0000,flat,0.4336,0.7920,1.3362,0.0000,1.0000,0.0000,0.0000,1,0.0000,0.0000,0.1608,3,0,37707.2695,32154
42,669,London,generalize_stress_heavy,PIBT,3600,15,42,7,0.1667,1.0000,0.0000,2445.4285,407.5714,0.4280,1.0000,529.0000,2047.3750,2598.9163,0.9826,255.9464,223.3819,2004.8439,1158.7562,1240.1190,82674.6016,0,0,0.0000,0.0000,0.0000,0.0000,0,0.1667,0.8333,1.0000,8.0000,flat,0.3393,0.6851,1.2251,0.0000,1.0000,0.0000,9.2167,1,0.0000,0.0000,0.1571,2,0,18192.4141,52085
42,670,London,generalize_stress_heavy,PIBT,3600,15,60,8,0.1333,1.0000,0.0000,2118.6250,353.1042,0.4521,1.0000,606.7500,1479.2727,2631.7515,0.8675,271.3094,207.4778,1822.3967,925.2569,1252.0500,83470.0000,0,0,0.0000,0.0000,0.0000,0.0000,0,0.1333,0.8667,1.0000,8.0000,flat,0.4444,0.8292,1.3613,0.0000,1.0000,0.0000,80.3997,2,0.0003,0.0015,0.1901,2,0,21054.0117,75123
42,671,London,generalize_stress_heavy,PIBT,3600,15,48,8,0.1667,1.0000,0.0000,1649.0000,274.8333,0.4352,1.0000,593.1429,1448.6666,3097.1482,1.0000,237.8992,182.8538,1914.8195,1048.5557,1285.2916,85686.1094,0,0,0.0000,0.0000,0.0000,0.0000,0,0.1667,0.8333,1.0000,8.0000,flat,0.5312,1.0000,1.2490,0.0000,1.0000,0.0000,0.0000,1,0.0000,0.0000,0.1930,3,0,24777.1855,61694
