seed,global_episode,city,phase,policy_mode,total_steps,n_agents_max,tasks_appeared,tasks_completed,throughput_rate,accept_rate,refuse_rate,latency_mean,latency_per_agent,agent_utilisation,mean_congestion,mean_trip_steps,mean_wait_steps,mean_road_pd_m,delivery_route_efficiency,bbox_area_km2,convex_hull_km2,mean_pd_hav_m,mean_nn_pickup_m,compute_time_per_task_ms,compute_time_per_decision_us,pairing_violations,capacity_violations,actor_loss,critic_loss,entropy,adv_std,n_experiences,completion_per_accepted,unfinished_accept_rate,mean_congestion_at_decision,n_ghost_active_mean,congestion_profile,agent_completed_gini,agent_completed_std,mean_imp_accepted,mean_imp_refused,accept_rate_high_cong,accept_rate_low_cong,mean_extra_steps_per_task,peak_congestion,mean_overlap_edges,congestion_variance,route_congestion_exposure,max_agent_completed,min_agent_completed,total_fleet_distance_m,mean_agents_offered_per_task,mean_recall_rounds_per_task,mean_candidates_scored_per_task,value_throughput_rate,mean_completion_value,value_loss_to_refusal,mean_bpr_along_route,time_lost_to_congestion_steps,n_traversals_in_jam,marginal_cost_ratio_vs_oracle,mean_allocation_time_us,mean_tam_dijkstra_steps,path_compute_time_ms,mean_pure_alloc_time_ms,wallclock_ms
42,0,Tokyo_Small,train,IPPO,3600,6,114,49,0.4298,1.0000,0.0000,1106.1837,553.0919,0.4140,4.6596,284.0222,874.1860,986.5317,0.6947,29.5999,27.3918,844.0117,208.7484,594.5351,99089.1797,0,0,-0.0000,1.0706,0.6931,1.2562,549,0.4298,0.5702,4.7058,1125.4863,wave,0.0759,0.1504,1.5627,0.0000,1.0000,0.0000,86.7159,28,937.5833,0.3587,0.8077,6,4,48340.0508,4.8158,0.0000,4.8158,0.3444,0.6726,0.0000,4.5052,53654.8047,42,1.6728,581846.1250,8.2193,63219.3672,0.0000,67777
42,1,Tokyo_Small,train,FaithfulMAPPER,3600,6,102,48,0.4706,1.0000,0.0000,1033.5416,516.7708,0.3432,4.6575,261.1951,770.8421,1085.9397,0.8315,29.1141,28.0808,897.0219,221.3364,627.5980,104599.6719,0,0,-0.0026,1.2948,0.6931,0.8299,470,0.4706,0.5294,4.6798,1125.4863,wave,0.1734,0.3123,1.5979,0.0000,1.0000,0.0000,44.0072,28,937.0889,0.3655,0.7390,7,3,52125.1055,4.6078,0.0000,4.6078,0.4175,0.7477,0.0000,3.5376,34131.9062,29,2.6461,606897.9375,8.3137,58842.9453,0.0000,64015
42,2,Tokyo_Small,train,MAPPO,3600,6,107,54,0.5047,1.0000,0.0000,911.0926,455.5463,0.3955,4.6552,224.1250,756.7045,1019.3839,0.9097,29.5887,28.2658,806.9457,244.0610,457.9720,76328.6641,0,0,-0.0004,1.1454,0.6931,1.0697,501,0.5047,0.4953,4.7168,1125.4863,wave,0.1136,0.2108,1.5342,0.0000,1.0000,0.0000,20.2482,32,937.9089,0.3635,0.7967,6,3,55046.7305,4.6822,0.0000,4.6822,0.4104,0.6163,0.0000,6.7137,84479.7422,34,1.1287,439013.3438,9.3271,43866.0625,0.0000,49003
42,3,Kyoto_Small,train,IPPO,3600,6,106,54,0.5094,1.0000,0.0000,990.1852,247.5463,0.6883,4.3166,246.8478,716.8000,1101.4176,0.8924,20.0031,18.8523,830.5653,184.6836,479.5755,79929.2422,0,0,-0.0000,0.6622,0.6931,1.3026,493,0.5094,0.4906,4.3340,347.1364,ramp_up_down,0.0509,0.1250,1.5978,0.0000,1.0000,0.0000,26.5643,28,309.9314,0.3104,0.7558,7,5,59476.5547,4.6509,0.0000,4.6509,0.5643,0.9728,0.0000,3.7116,20655.2305,19,2.1663,473566.5000,6.9623,48587.5430,0.0000,50835
42,4,Kyoto_Small,train,FaithfulMAPPER,3600,6,103,45,0.4369,1.0000,0.0000,941.4445,235.3611,0.7325,4.3129,257.1250,800.5385,1122.4508,0.8731,20.0071,18.1432,797.4321,198.5962,482.3301,80388.3516,0,0,-0.0022,0.9393,0.6928,1.1028,494,0.4369,0.5631,4.3723,347.1364,ramp_up_down,0.1734,0.3123,1.6133,0.0000,1.0000,0.0000,32.6348,24,309.8072,0.3178,0.7752,7,2,50510.2852,4.7961,0.0000,4.7961,0.3729,0.7275,0.0000,2.8011,17803.0449,20,5.6239,472198.5312,7.5146,47179.7695,0.0000,49680
42,5,Kyoto_Small,train,MAPPO,3600,6,104,50,0.4808,1.0000,0.0000,739.1000,184.7750,0.7232,4.3128,242.5532,552.5435,998.5676,0.8234,19.6768,16.7763,792.5654,201.9872,484.8750,80812.5000,0,0,-0.0003,0.5347,0.6928,1.1311,494,0.4808,0.5192,4.3718,347.1364,ramp_up_down,0.1515,0.2802,1.6553,0.0000,1.0000,0.0000,42.8397,24,310.2570,0.3113,0.7574,7,3,49928.3828,4.7500,0.0000,4.7500,0.4701,0.7782,0.0000,3.9752,25009.5312,26,6.2612,475083.1250,7.4135,47935.0547,0.0000,50427
42,6,LosAngeles_Small,train,IPPO,3600,6,109,64,0.5872,1.0000,0.0000,968.5000,322.8333,0.6387,4.4999,263.6604,671.6957,1130.2312,0.8573,23.8541,21.0815,898.3566,231.7802,549.4404,91573.3906,0,0,0.0000,0.5500,0.6931,1.1513,528,0.5872,0.4128,4.4968,741.5442,building_up,0.1235,0.2222,1.5234,0.0000,1.0000,0.0000,37.6141,28,637.2650,0.3378,0.8034,8,4,72334.7969,4.8440,0.0000,4.8440,0.5490,0.8444,0.0000,4.3037,45494.1719,33,3.6120,541024.6875,7.1009,56499.7070,0.0000,59889
42,7,LosAngeles_Small,train,FaithfulMAPPER,3600,6,102,53,0.5196,1.0000,0.0000,964.9434,321.6478,0.6151,4.5008,275.5000,711.0488,1109.8765,0.8057,23.1280,20.9518,721.6492,235.7084,503.5882,83931.3750,0,0,-0.0005,0.3959,0.6923,0.9176,486,0.5196,0.4804,4.5617,741.5442,building_up,0.0946,0.1755,1.5449,0.0000,1.0000,0.0000,53.5247,28,636.8703,0.3375,0.7464,7,4,58823.4531,4.7647,0.0000,4.7647,0.5901,0.8088,0.0000,3.2036,25270.0996,27,3.7974,489749.7188,7.7549,48113.8281,0.0000,51366
42,8,LosAngeles_Small,train,MAPPO,3600,6,107,48,0.4486,1.0000,0.0000,912.0208,304.0069,0.5942,4.5050,233.1707,695.1081,1068.8572,0.9168,24.1404,21.0625,755.9061,199.9250,745.2523,124208.7266,0,0,-0.0006,0.4750,0.6924,1.0172,515,0.4486,0.5514,4.5981,741.5442,building_up,0.1301,0.2558,1.5440,0.0000,1.0000,0.0000,19.3993,24,636.4291,0.3341,0.8089,7,3,51305.1445,4.8131,0.0000,4.8131,0.4239,0.6695,0.0000,5.0274,47539.0859,27,26.6841,732644.5625,8.1963,76144.7109,0.0000,79742
42,9,Tokyo_Small,train,IPPO,3600,6,114,54,0.4737,1.0000,0.0000,1008.5370,504.2685,0.3729,4.5028,286.4445,702.9048,1180.0004,0.8239,28.4508,25.0091,784.0228,217.0009,409.2105,68201.7578,0,0,-0.0000,0.5465,0.6931,0.9683,538,0.4737,0.5263,4.5712,883.7547,building_up,0.2077,0.3740,1.5930,0.0000,1.0000,0.0000,50.4444,24,758.5661,0.3339,0.8557,8,2,63720.0234,4.7193,0.0000,4.7193,0.4699,0.7521,0.0000,3.9326,39027.1172,42,1.4536,391233.1250,7.6579,41524.3359,0.0000,46650
42,10,Tokyo_Small,train,FaithfulMAPPER,3600,6,114,44,0.3860,1.0000,0.0000,903.5000,451.7500,0.4226,4.5066,265.0250,653.5366,1320.7485,0.9967,29.6085,27.1500,758.9699,232.2083,861.2368,143539.4688,0,0,-0.0012,0.6334,0.6919,1.0453,545,0.3860,0.6140,4.5429,883.7547,building_up,0.1389,0.2622,1.6637,0.0000,1.0000,0.0000,0.8753,24,757.8053,0.3336,0.7757,6,2,58112.9336,4.7807,0.0000,4.7807,0.5450,1.1001,0.0000,5.0982,39403.1602,24,1.7137,845593.1875,9.1842,92391.2500,0.0000,98181
42,11,Tokyo_Small,train,MAPPO,3600,6,116,61,0.5259,1.0000,0.0000,1089.7377,544.8688,0.4246,4.5024,293.5000,869.6744,1086.9576,0.7407,29.1747,26.5654,753.6749,211.8057,621.8276,103637.9297,0,0,-0.0013,0.6309,0.6925,1.3367,546,0.5259,0.4741,4.5394,883.7547,building_up,0.1481,0.2882,1.5382,0.0000,1.0000,0.0000,76.1085,28,758.8044,0.3334,0.8184,9,4,66304.4141,4.7069,0.0000,4.7069,0.5711,0.8768,0.0000,3.3987,32666.3379,32,2.0658,603164.4375,9.3017,66221.9375,0.0000,72132
42,12,Kyoto_Small,train,IPPO,3600,6,107,49,0.4579,1.0000,0.0000,947.4081,315.8027,0.5998,4.4969,254.7273,668.8421,961.1819,0.7547,19.5226,17.1174,776.9589,177.2769,615.0748,102512.4609,0,0,-0.0000,0.6301,0.6931,1.0841,519,0.4579,0.5421,4.5671,495.8625,building_up,0.1137,0.2372,1.5893,0.0000,1.0000,0.0000,62.4909,24,427.3375,0.3312,0.7528,6,2,47097.9141,4.8505,0.0000,4.8505,0.4737,0.7925,0.0000,7.2586,87610.5156,29,8.9122,605004.8125,8.9346,62600.3008,0.0000,65813
42,13,Kyoto_Small,train,FaithfulMAPPER,3600,6,114,53,0.4649,1.0000,0.0000,832.5095,416.2547,0.4803,4.4831,266.4400,651.8000,992.4632,0.7450,20.0420,17.4590,733.7496,179.1622,425.7982,70966.3750,0,0,-0.0014,0.5074,0.6918,0.7621,536,0.4649,0.5351,4.5369,495.8625,building_up,0.2029,0.3961,1.5967,0.0000,1.0000,0.0000,67.9474,28,427.7711,0.3507,0.8236,10,3,52600.5508,4.7018,0.0000,4.7018,0.5290,0.7926,0.0000,6.0376,37692.7734,31,1.6299,414717.9688,8.8070,45695.8242,0.0000,48541
42,14,Kyoto_Small,train,MAPPO,3600,6,127,50,0.3937,1.0000,0.0000,969.3400,323.1133,0.5859,4.4864,299.5454,714.2093,1108.8759,0.7404,19.8982,17.8909,774.3339,166.3401,645.6063,107601.0469,0,0,0.0005,0.5330,0.6931,1.1475,592,0.3937,0.6063,4.5649,495.8625,building_up,0.1869,0.3536,1.6459,0.0000,1.0000,0.0000,77.7703,24,427.6014,0.3515,0.8432,7,1,55443.7930,4.6614,0.0000,4.6614,0.3408,0.6671,0.0000,6.3929,45642.5742,34,7.7643,635504.1250,7.0236,79264.1016,0.0000,81992
42,15,LosAngeles_Small,train,IPPO,3600,6,107,54,0.5047,1.0000,0.0000,966.5000,483.2500,0.4725,4.5009,295.2143,678.4722,1301.7736,0.8819,24.1196,22.7297,891.2224,222.1696,848.2523,141375.3906,0,0,-0.0000,0.9055,0.6931,1.4373,502,0.5047,0.4953,4.5575,741.5442,building_up,0.1643,0.2981,1.5648,0.0000,1.0000,0.0000,34.8596,28,636.6322,0.3405,0.7449,8,3,70295.7734,4.6916,0.0000,4.6916,0.5209,0.9539,0.0000,3.4418,26013.6152,29,3.7624,828338.9375,6.5888,85693.6328,0.0000,90763
42,16,LosAngeles_Small,train,FaithfulMAPPER,3600,6,103,56,0.5437,1.0000,0.0000,972.5536,324.1845,0.5215,4.5013,259.5714,747.9091,966.4332,0.7446,23.9454,21.3860,703.3585,217.0111,914.1844,152364.0781,0,0,-0.0024,0.5118,0.6920,0.9892,493,0.5437,0.4563,4.5512,741.5442,building_up,0.1511,0.2698,1.7150,0.0000,1.0000,0.0000,66.2848,24,636.8197,0.3378,0.8320,8,3,54120.2578,4.7864,0.0000,4.7864,0.5095,0.7177,0.0000,4.1920,38034.5977,35,4.8487,894485.1875,7.9612,88862.9766,0.0000,94161
42,17,LosAngeles_Small,train,MAPPO,3600,6,114,54,0.4737,1.0000,0.0000,822.1852,274.0617,0.5023,4.4901,273.5107,625.8605,1186.5013,0.8676,23.6996,21.4139,832.4420,187.3587,587.5088,97918.1250,0,0,-0.0017,0.6354,0.6929,1.4472,536,0.4737,0.5263,4.5247,741.5442,building_up,0.1343,0.2500,1.4090,0.0000,1.0000,0.0000,36.2104,28,637.4742,0.3520,0.7743,8,4,64071.0742,4.7018,0.0000,4.7018,0.4802,0.8095,0.0000,4.6457,46144.1055,33,1.9211,569092.1250,8.8772,60943.9727,0.0000,66976
42,18,Tokyo_Small,train,IPPO,3600,6,99,45,0.4545,1.0000,0.0000,1049.9111,209.9822,0.8833,4.6557,281.6585,772.8205,992.3999,0.7047,29.2690,27.5535,820.8555,254.5054,1417.2222,236203.6875,0,0,-0.0001,0.6237,0.6931,1.1654,478,0.4545,0.5455,4.7039,1125.4863,wave,0.0969,0.1884,1.6147,0.0000,1.0000,0.0000,83.1786,28,937.4445,0.3682,0.7288,6,3,44657.9961,4.8283,0.0000,4.8283,0.4894,0.8703,0.0000,3.9647,39888.5312,34,4.6566,1389878.1250,6.6667,131925.3438,0.0000,140305
42,19,Tokyo_Small,train,FaithfulMAPPER,3600,6,103,63,0.6117,1.0000,0.0000,866.6349,216.6587,0.8311,4.6546,208.7059,744.5814,1057.7615,1.0000,28.0297,25.9188,797.9120,236.8576,965.2427,160873.7812,0,0,-0.0023,0.4866,0.6918,0.9190,491,0.6117,0.3883,4.6742,1125.4863,wave,0.1581,0.3440,1.7604,0.0000,1.0000,0.0000,0.0000,28,937.8233,0.3666,0.8544,11,4,66638.9766,4.7670,0.0000,4.7670,0.6378,0.9532,0.0000,5.4097,52221.1016,42,3.0306,941416.2500,9.1942,91518.7344,0.0000,99420
42,20,Tokyo_Small,train,MAPPO,3600,6,107,52,0.4860,1.0000,0.0000,954.2308,190.8462,0.8667,4.6566,335.5714,669.5128,1190.0055,0.7092,29.0994,27.9261,784.3448,238.7130,1273.5140,212252.3438,0,0,0.0003,0.5084,0.6919,1.2914,500,0.4860,0.5140,4.6993,1125.4863,wave,0.1324,0.2823,1.8103,0.0000,1.0000,0.0000,97.5703,28,937.9583,0.3607,0.8003,9,4,61880.2891,4.6729,0.0000,4.6729,0.5867,1.1119,0.0000,3.7265,39652.2227,42,2.6544,1248516.3750,8.5514,128896.1484,0.0000,136266
42,21,Kyoto_Small,train,IPPO,3600,6,83,45,0.5422,1.0000,0.0000,711.2000,355.6000,0.3772,4.4952,224.0000,533.6585,1165.5747,1.0000,19.4052,16.6301,850.7769,209.2311,392.4578,65409.6367,0,0,0.0000,0.5431,0.6931,1.1443,394,0.5422,0.4578,4.6072,495.8625,building_up,0.1084,0.2098,1.6439,0.0000,1.0000,0.0000,0.0000,24,426.9064,0.3390,0.8135,6,3,52450.8594,4.7470,0.0000,4.7470,0.4544,0.6723,0.0000,3.6864,26055.3652,40,1.4144,378620.5938,8.2410,29503.1035,0.0000,32574
42,22,Kyoto_Small,train,FaithfulMAPPER,3600,6,98,47,0.4796,1.0000,0.0000,1004.5958,502.2979,0.3431,4.4944,301.5789,734.2703,1041.9860,0.6910,20.0854,18.0235,875.7766,201.0611,415.7959,69299.3203,1,0,-0.0017,0.6545,0.6915,1.0334,465,0.4796,0.5204,4.5235,495.8625,building_up,0.1667,0.3021,1.5964,0.0000,1.0000,0.0000,93.1818,24,426.7903,0.3497,0.8592,7,3,48973.3359,4.7449,0.0000,4.7449,0.4034,0.7750,0.0000,5.6256,56218.7539,39,2.0815,402676.0938,6.5204,37612.0664,0.0000,40748
42,23,Kyoto_Small,train,MAPPO,3600,6,112,64,0.5714,1.0000,0.0000,765.1094,382.5547,0.3391,4.4785,249.6364,521.3674,998.4358,0.7999,19.8326,17.5643,770.9783,180.8017,378.6071,63101.1914,0,0,-0.0002,0.4291,0.6920,1.2236,534,0.5714,0.4286,4.5205,495.8625,building_up,0.1111,0.2079,1.6923,0.0000,1.0000,0.0000,49.9492,24,427.7022,0.3658,0.8196,8,4,63899.8906,4.7679,0.0000,4.7679,0.5802,0.8769,0.0000,2.6376,18142.5703,23,1.1167,367291.0938,6.5357,39504.8867,0.0000,42404
42,24,LosAngeles_Small,train,IPPO,3600,6,85,43,0.5059,1.0000,0.0000,829.8140,414.9070,0.4215,4.0345,284.7750,558.3658,1270.7998,0.8925,22.4144,18.9701,921.6291,224.8484,386.7294,64454.9023,0,0,-0.0001,0.8216,0.6931,1.4706,409,0.5059,0.4941,4.0256,149.0000,flat,0.2105,0.3832,1.6417,0.0000,1.0000,0.0000,30.6150,16,149.9953,0.0630,0.8404,7,2,54644.3906,4.8118,0.0000,4.8118,0.5102,1.0446,0.0000,1.8858,8160.4346,5,1.5300,373204.1875,6.7529,29826.9570,0.0000,32872
42,25,LosAngeles_Small,train,FaithfulMAPPER,3600,6,105,55,0.5238,1.0000,0.0000,918.2364,459.1182,0.4773,4.0323,286.0667,678.0952,1237.4429,0.8651,23.4640,20.5366,904.4260,205.7970,638.7905,106465.0781,0,0,-0.0030,0.5090,0.6899,1.0676,498,0.5238,0.4762,4.0313,149.0000,flat,0.1466,0.2963,1.6522,0.0000,1.0000,0.0000,38.5781,12,150.2603,0.0619,0.7554,9,4,68059.3594,4.7429,0.0000,4.7429,0.5535,0.9636,0.0000,1.7643,8813.3994,3,1.8352,628893.1250,7.6571,63736.7070,0.0000,67073
42,26,LosAngeles_Small,train,MAPPO,3600,6,108,63,0.5833,1.0000,0.0000,951.6349,475.8175,0.4740,4.0317,249.3208,670.4883,988.1761,0.7927,23.4847,20.9600,822.3209,199.1004,549.8611,91643.5156,0,0,-0.0009,0.7185,0.6916,1.6113,500,0.5833,0.4167,4.0331,149.0000,flat,0.2702,0.5128,1.6803,0.0000,1.0000,0.0000,51.6855,12,150.4967,0.0567,0.8181,12,1,62255.0938,4.6296,0.0000,4.6296,0.4753,0.7309,0.0000,1.9979,10101.1992,8,1.7619,539907.4375,7.7685,55500.7812,0.0000,59385
42,27,Tokyo_Small,train,IPPO,3600,6,120,57,0.4750,1.0000,0.0000,859.7018,214.9254,0.7610,4.2440,297.8200,659.5227,1356.2568,0.9108,29.1013,26.1170,824.7339,225.7875,1293.0917,215515.2812,0,0,0.0000,0.6785,0.6931,1.2799,574,0.4750,0.5250,4.3901,513.2000,shock_burst,0.1844,0.3351,1.6540,0.0000,1.0000,0.0000,26.5686,24,435.0320,0.4319,0.7701,8,3,77306.6406,4.7833,0.0000,4.7833,0.5028,0.8807,0.0000,3.4831,30814.0312,23,6.3627,1277071.2500,8.3083,149327.2969,0.0000,155171
42,28,Tokyo_Small,train,FaithfulMAPPER,3600,6,90,53,0.5889,1.0000,0.0000,1023.2642,255.8160,0.7291,4.2451,280.6304,823.4737,1122.1730,0.7998,28.8040,26.2791,818.0690,277.4775,816.7889,136131.4844,0,0,-0.0036,0.4753,0.6875,0.9029,439,0.5889,0.4111,4.3367,513.2000,shock_burst,0.0672,0.1316,1.4430,0.0000,1.0000,0.0000,56.1958,24,434.2692,0.4371,0.6829,6,4,59475.1641,4.8778,0.0000,4.8778,0.6855,0.9059,0.0000,2.5712,19153.0117,14,2.6068,798911.1875,8.4778,67977.6719,0.0000,73511
42,29,Tokyo_Small,train,MAPPO,3600,6,93,48,0.5161,1.0000,0.0000,943.8333,235.9583,0.6869,4.2548,247.2195,688.3055,1077.7872,0.8719,29.8359,27.4183,843.3686,276.2753,1287.0215,214503.5781,0,0,-0.0005,0.2802,0.6892,1.0123,451,0.5161,0.4839,4.3378,513.2000,shock_burst,0.2439,0.4524,1.6018,0.0000,1.0000,0.0000,31.6621,24,433.7444,0.4318,0.7090,9,2,51733.7852,4.8495,0.0000,4.8495,0.4457,0.7175,0.0000,2.6121,17853.0527,17,2.1640,1268640.3750,8.0860,113011.7109,0.0000,119693
42,30,Kyoto_Small,train,IPPO,3600,6,115,59,0.5130,1.0000,0.0000,858.6780,214.6695,0.6794,4.3158,237.7843,630.1875,894.1631,0.7521,19.7359,17.9435,713.9813,168.7985,956.7652,159460.8750,0,0,0.0000,0.5606,0.6931,1.2218,545,0.5130,0.4870,4.3568,347.1364,ramp_up_down,0.1453,0.2679,1.6969,0.0000,1.0000,0.0000,58.9517,24,309.7886,0.3188,0.7968,8,3,52755.6211,4.7391,0.0000,4.7391,0.5167,0.7372,0.0000,3.1795,20127.0234,24,3.0879,943999.1875,9.6435,105947.3984,0.0000,110028
42,31,Kyoto_Small,train,FaithfulMAPPER,3600,6,97,62,0.6392,1.0000,0.0000,1028.6129,342.8710,0.6159,4.3098,260.7200,657.1429,1013.4021,0.7774,19.5404,17.6363,755.9938,201.3383,530.6701,88445.0156,0,0,-0.0024,0.4185,0.6845,0.9131,470,0.6392,0.3608,4.2667,347.1364,ramp_up_down,0.1743,0.3222,1.6286,0.0000,1.0000,0.0000,58.0396,24,310.1480,0.3206,0.8625,8,2,62830.9297,4.8454,0.0000,4.8454,0.6272,0.7898,0.0000,3.9258,21641.9883,26,6.8398,514517.1875,6.5773,47823.3086,0.0000,51475
42,32,Kyoto_Small,train,MAPPO,3600,6,105,58,0.5524,1.0000,0.0000,871.5517,290.5172,0.6044,4.3011,268.3830,714.2105,1178.8943,0.8785,19.8991,18.3875,862.8638,191.3599,683.7714,113961.9062,0,0,-0.0057,0.4002,0.6850,1.1875,494,0.5524,0.4476,4.3390,347.1364,ramp_up_down,0.1939,0.3470,1.6192,0.0000,1.0000,0.0000,32.6041,24,310.3778,0.3295,0.7764,8,2,68375.8672,4.7048,0.0000,4.7048,0.5922,0.9597,0.0000,2.7735,28772.0449,21,4.4439,671592.3750,9.4952,67933.0547,0.0000,71796
42,33,LosAngeles_Small,train,IPPO,3600,6,107,48,0.4486,1.0000,0.0000,944.4167,314.8056,0.6174,4.0300,346.6579,643.1945,1220.0974,0.7039,23.2546,21.0476,913.8403,198.6643,1547.2897,257881.6250,0,0,-0.0000,0.3793,0.6931,0.9481,522,0.4486,0.5514,4.0289,149.0000,flat,0.1626,0.3123,1.5282,0.0000,1.0000,0.0000,102.6384,12,150.3783,0.0576,0.7454,7,3,58564.6758,4.8785,0.0000,4.8785,0.4733,0.9194,0.0000,1.7984,9395.7988,5,3.5838,1520878.7500,7.9159,158513.6094,0.0000,165560
42,34,LosAngeles_Small,train,FaithfulMAPPER,3600,6,102,54,0.5294,1.0000,0.0000,851.7778,283.9259,0.5988,4.0324,243.2826,605.9302,1064.7880,0.8754,22.6846,21.4549,897.1367,221.7112,622.3333,103722.2188,0,0,-0.0037,0.5715,0.6810,0.8266,491,0.5294,0.4706,4.0228,149.0000,flat,0.0972,0.1768,1.7485,0.0000,1.0000,0.0000,30.3250,12,150.2986,0.0568,0.7785,7,4,57498.5508,4.8137,0.0000,4.8137,0.4757,0.7708,0.0000,1.7833,8127.5098,3,4.0699,608278.0625,7.2157,59374.8438,0.0000,63478
42,35,LosAngeles_Small,train,MAPPO,3600,6,92,48,0.5217,1.0000,0.0000,1007.6667,335.8889,0.6071,4.0315,260.8409,773.7917,1089.1891,0.8351,23.3807,21.4024,777.4276,232.4207,769.3152,128219.2031,0,0,-0.0004,0.4213,0.6696,1.1360,444,0.5217,0.4783,4.0271,149.0000,flat,0.0870,0.1712,1.6326,0.0000,1.0000,0.0000,43.0031,12,150.3267,0.0610,0.7025,7,4,52281.0781,4.8261,0.0000,4.8261,0.5306,0.7802,0.0000,1.6008,6904.1841,0,3.0202,757953.0625,8.5761,66727.7109,0.0000,70777
42,36,Tokyo_Small,train,IPPO,3600,6,108,45,0.4167,1.0000,0.0000,1189.9556,594.9778,0.3575,4.2533,401.0270,788.2424,1511.2607,0.7537,29.8826,28.1484,970.4935,211.9826,734.6945,122449.0703,0,0,-0.0000,1.0287,0.6931,1.6481,509,0.4167,0.5833,4.3809,513.2000,shock_burst,0.1381,0.2676,1.7041,0.0000,1.0000,0.0000,98.7749,24,434.4395,0.4275,0.7146,6,3,68006.7344,4.7130,0.0000,4.7130,0.4903,1.2178,0.0000,2.5724,19718.0996,16,1.4166,698351.1250,7.9259,71224.6328,0.0000,79347
42,37,Tokyo_Small,train,FaithfulMAPPER,3600,6,104,47,0.4519,1.0000,0.0000,1004.8723,502.4362,0.3954,4.2503,294.7209,657.4762,1198.8710,0.8136,28.5566,26.3115,836.5502,227.6887,673.0865,112181.0859,0,0,-0.0018,0.4457,0.6826,0.9814,496,0.4519,0.5481,4.3455,513.2000,shock_burst,0.1376,0.2474,1.6561,0.0000,1.0000,0.0000,54.9467,24,434.0711,0.4339,0.7022,6,3,56346.9375,4.7692,0.0000,4.7692,0.4231,0.8365,0.0000,3.0971,37104.7617,22,46.4202,658944.9375,8.1923,64938.0859,0.0000,70001
42,38,Tokyo_Small,train,MAPPO,3600,6,106,43,0.4057,1.0000,0.0000,850.9535,425.4767,0.4175,4.2479,295.0000,576.7692,1194.0739,0.8095,29.0335,27.1266,850.1151,242.2447,740.9905,123498.4297,0,0,-0.0066,0.6500,0.6473,1.5452,505,0.4057,0.5943,4.4272,513.2000,shock_burst,0.1626,0.2947,1.7045,0.0000,1.0000,0.0000,56.1852,24,434.5961,0.4300,0.7700,6,2,51345.1758,4.7642,0.0000,4.7642,0.5281,1.3864,0.0000,2.6433,21018.2910,22,1.3988,727585.4375,8.5755,72630.9766,0.0000,78545
42,39,Kyoto_Small,train,IPPO,3600,6,105,55,0.5238,1.0000,0.0000,904.7091,301.5697,0.5675,4.4962,268.3333,620.9302,1147.0175,0.8549,19.9054,17.6456,838.4475,191.7894,549.1143,91519.0469,0,0,0.0000,0.4879,0.6931,1.1430,483,0.5238,0.4762,4.5736,495.8625,building_up,0.0972,0.1768,1.7075,0.0000,1.0000,0.0000,38.9299,28,427.3495,0.3343,0.7682,7,4,63085.9648,4.6000,0.0000,4.6000,0.4967,0.8189,0.0000,7.5772,73381.0391,27,2.7582,525945.0000,6.7905,53708.5586,0.0000,57657
42,40,Kyoto_Small,train,FaithfulMAPPER,3600,6,94,48,0.5106,1.0000,0.0000,884.2500,294.7500,0.6330,4.4840,249.2766,645.2222,1064.2828,0.8539,19.8694,17.3052,785.6423,205.1117,443.9043,73984.0391,0,0,-0.0042,0.5131,0.6771,0.8094,437,0.5106,0.4894,4.5209,495.8625,building_up,0.0988,0.1886,1.6275,0.0000,1.0000,0.0000,36.4200,28,427.8125,0.3492,0.7830,7,4,51085.5742,4.6489,0.0000,4.6489,0.5979,0.9497,0.0000,4.2682,43858.1602,23,4.2832,433177.0938,7.2234,38831.5430,0.0000,41727
42,41,Kyoto_Small,train,MAPPO,3600,6,110,65,0.5909,1.0000,0.0000,880.0615,293.3539,0.6575,4.4769,249.2281,666.3137,1022.6104,0.8206,19.8459,17.9228,811.1092,209.6802,498.0636,83010.6094,0,0,-0.0026,0.3607,0.6249,1.1237,523,0.5909,0.4091,4.4984,495.8625,building_up,0.1374,0.2493,1.6101,0.0000,1.0000,0.0000,44.7060,28,428.1895,0.3609,0.8263,9,4,66469.6719,4.7545,0.0000,4.7545,0.5706,0.7454,0.0000,5.5714,42432.0039,39,3.7756,487987.2812,7.8000,51452.8047,0.0000,54787
42,42,LosAngeles_Small,train,IPPO,3600,6,115,60,0.5217,1.0000,0.0000,975.6667,487.8333,0.4372,4.4985,290.0213,609.3947,1089.3854,0.7512,23.0145,20.3626,854.3772,212.5252,706.3130,117718.8438,0,0,-0.0000,0.8652,0.6931,1.5513,545,0.5217,0.4783,4.5749,741.5442,building_up,0.1822,0.3298,1.6458,0.0000,1.0000,0.0000,72.1442,28,637.1086,0.3399,0.8696,9,3,65363.1250,4.7391,0.0000,4.7391,0.4785,0.7529,0.0000,3.2379,22890.0566,31,2.4395,693565.3125,8.9043,75551.6172,0.0000,81226
42,43,LosAngeles_Small,train,FaithfulMAPPER,3600,6,96,46,0.4792,1.0000,0.0000,959.5217,319.8406,0.5154,4.4922,319.4000,743.5385,1251.1410,0.7834,23.5594,21.4475,940.2040,211.6400,592.2292,98704.8594,0,0,-0.0030,0.4638,0.6722,1.0350,458,0.4792,0.5208,4.4913,741.5442,building_up,0.1323,0.2673,1.8480,0.0000,1.0000,0.0000,69.1718,28,636.7219,0.3560,0.7083,7,2,57552.4883,4.7708,0.0000,4.7708,0.5199,1.1422,0.0000,3.5605,28380.9082,32,2.9604,575456.5625,6.6042,52375.6914,0.0000,56854
42,44,LosAngeles_Small,train,MAPPO,3600,6,104,49,0.4712,1.0000,0.0000,822.1633,411.0816,0.3494,4.5039,263.6000,565.8140,1220.0162,0.9257,20.0470,18.5286,847.9843,210.5802,570.4423,95073.7188,0,0,-0.0003,0.3494,0.5916,1.1272,502,0.4712,0.5288,4.5455,741.5442,building_up,0.2020,0.3789,1.6368,0.0000,1.0000,0.0000,19.5968,24,636.5514,0.3369,0.8671,8,1,59780.7969,4.8269,0.0000,4.8269,0.4973,0.9259,0.0000,4.2962,29754.0312,39,1.9346,557065.1250,7.0577,55634.5469,0.0000,59326
42,45,Tokyo_Small,train,IPPO,3600,6,98,50,0.5102,1.0000,0.0000,889.1000,444.5500,0.4636,4.3408,287.0238,590.7647,1052.1293,0.7331,29.1374,26.4319,801.7360,249.7781,744.0714,124011.9062,0,0,-0.0000,0.7034,0.6931,1.4531,440,0.5102,0.4898,4.3995,618.6302,ramp_up_down,0.1951,0.3601,1.7084,0.0000,1.0000,0.0000,76.5979,24,547.8281,0.3034,0.7516,8,2,52606.4648,4.4898,0.0000,4.4898,0.5411,0.9341,0.0000,5.7217,69765.8047,24,1.6310,727257.9375,8.5612,67232.4922,0.0000,72919
42,46,Tokyo_Small,train,FaithfulMAPPER,3600,6,84,40,0.4762,1.0000,0.0000,875.3000,437.6500,0.4406,4.3398,239.0571,612.7714,1147.3376,0.9599,29.3100,26.0194,838.8302,244.4529,862.6429,143773.8125,0,0,-0.0049,0.7616,0.6745,0.9967,398,0.4762,0.5238,4.3755,618.6302,ramp_up_down,0.1368,0.2665,1.7128,0.0000,1.0000,0.0000,9.5896,24,547.4325,0.3056,0.7630,7,3,45893.5078,4.7381,0.0000,4.7381,0.5060,1.0219,0.0000,3.4071,24606.9551,12,1.9945,843412.3750,8.2738,66286.3672,0.0000,72462
42,47,Tokyo_Small,train,MAPPO,3600,6,110,52,0.4727,1.0000,0.0000,945.0961,472.5481,0.4504,4.3326,293.1136,642.8536,1146.7782,0.7825,29.6965,26.1429,912.1227,242.1545,719.5182,119919.6953,0,0,-0.0004,0.5715,0.5804,1.3678,521,0.4727,0.5273,4.3407,618.6302,ramp_up_down,0.1182,0.2170,1.6370,0.0000,1.0000,0.0000,63.7580,28,549.0480,0.3014,0.8217,7,4,59632.4688,4.7364,0.0000,4.7364,0.4139,0.7985,0.0000,2.6732,23079.5273,16,3.2349,704108.8750,8.9091,73068.7109,0.0000,79147
42,48,Kyoto_Small,train,IPPO,3600,6,98,58,0.5918,1.0000,0.0000,839.2069,209.8017,0.7125,4.3151,238.3462,594.5111,1082.3430,0.9082,19.9956,18.7462,810.4139,194.9081,759.8674,126644.5547,0,0,-0.0000,0.3299,0.6931,1.0327,463,0.5918,0.4082,4.3632,347.1364,ramp_up_down,0.1361,0.2614,1.5953,0.0000,1.0000,0.0000,21.8776,24,310.2678,0.3063,0.7891,8,3,62775.8984,4.7245,0.0000,4.7245,0.6447,0.8652,0.0000,3.4094,22539.3203,30,4.4181,749256.0625,7.9694,71301.6875,0.0000,74467
42,49,Kyoto_Small,train,FaithfulMAPPER,3600,6,97,58,0.5979,1.0000,0.0000,988.1207,247.0302,0.7911,4.3101,316.8163,642.7619,1322.3193,0.8348,19.9632,18.1100,932.3386,201.7076,613.0103,102168.3828,0,0,-0.0032,0.4113,0.6704,0.9366,461,0.5979,0.4021,4.3195,347.1364,ramp_up_down,0.1401,0.2516,1.5439,0.0000,1.0000,0.0000,52.3524,24,310.1295,0.3192,0.7582,7,3,76694.5234,4.7526,0.0000,4.7526,0.6814,1.0200,0.0000,3.2843,28411.8438,27,3.9598,601735.8750,8.8557,55947.3750,0.0000,59462
42,50,Kyoto_Small,train,MAPPO,3600,6,102,57,0.5588,1.0000,0.0000,868.0526,289.3509,0.6146,4.3045,238.7500,603.2000,980.3475,0.8212,19.2656,17.1390,748.6675,183.6784,408.7059,68117.6484,0,0,-0.0010,0.3752,0.5977,1.1600,475,0.5588,0.4412,4.2846,347.1364,ramp_up_down,0.0855,0.1586,1.5272,0.0000,1.0000,0.0000,42.6805,24,310.4289,0.3252,0.8607,7,4,55879.8047,4.6569,0.0000,4.6569,0.5274,0.6437,0.0000,2.8929,26127.6348,20,2.3429,397262.5938,7.6373,38463.6914,0.0000,41688
42,51,LosAngeles_Small,train,IPPO,3600,6,99,50,0.5051,1.0000,0.0000,959.0600,239.7650,0.6991,4.5029,295.5349,736.0476,1213.8645,0.8215,23.0920,21.4202,843.0734,218.7784,951.8283,158638.0469,0,0,-0.0000,0.6580,0.6931,1.4637,468,0.5051,0.4949,4.5418,741.5442,building_up,0.1401,0.2516,1.6925,0.0000,1.0000,0.0000,52.7620,24,637.0747,0.3313,0.7883,7,3,60693.2227,4.7273,0.0000,4.7273,0.6353,1.2024,0.0000,4.1320,35775.6992,33,4.7536,937149.3125,7.2626,89146.5312,0.0000,94231
42,52,LosAngeles_Small,train,FaithfulMAPPER,3600,6,101,54,0.5347,1.0000,0.0000,759.1111,253.0370,0.5482,4.5048,243.4634,572.3823,1092.5304,0.8975,21.9742,18.2463,797.9413,200.4182,693.7822,115630.3594,0,0,-0.0009,0.4108,0.6691,0.9258,485,0.5347,0.4653,4.5830,741.5442,building_up,0.2154,0.4120,1.5260,0.0000,1.0000,0.0000,24.9573,24,636.2964,0.3353,0.7118,11,2,58996.6406,4.8020,0.0000,4.8020,0.5971,0.8404,0.0000,5.0503,22182.7754,23,28884.0820,676973.3750,8.1584,64930.7422,0.0000,70072
42,53,LosAngeles_Small,train,MAPPO,3600,6,99,58,0.5859,1.0000,0.0000,757.7414,252.5805,0.6028,4.4950,224.9583,584.6818,1017.8057,0.9049,21.5382,17.1813,795.3169,207.5952,679.1717,113195.2891,0,0,-0.0005,0.3641,0.6100,1.1256,466,0.5859,0.4141,4.5307,741.5442,building_up,0.1351,0.2496,1.6473,0.0000,1.0000,0.0000,21.3972,28,637.5522,0.3420,0.8929,8,4,59032.7305,4.7071,0.0000,4.7071,0.5186,0.7127,0.0000,2.9587,21157.3359,33,2.8595,658383.6250,7.1717,62246.7539,0.0000,67238
42,54,Tokyo_Small,train,IPPO,3600,6,99,52,0.5253,1.0000,0.0000,1045.3462,522.6731,0.4218,4.2472,320.4186,758.8378,1437.2172,0.8971,29.5170,26.7047,952.3763,237.5573,786.3737,131062.2891,0,0,-0.0001,0.7871,0.6931,1.6330,460,0.5253,0.4747,4.3728,513.2000,shock_burst,0.1061,0.2033,1.5447,0.0000,1.0000,0.0000,32.9752,24,434.3108,0.4347,0.7870,7,4,74735.2891,4.6465,0.0000,4.6465,0.6814,1.2044,0.0000,2.7384,17575.4277,20,1.3272,765766.1250,7.3535,71726.1250,0.0000,77851
42,55,Tokyo_Small,train,FaithfulMAPPER,3600,6,122,58,0.4754,1.0000,0.0000,985.8793,492.9397,0.3983,4.2430,271.2609,712.2727,1262.6100,0.9309,29.0825,27.1734,815.6255,208.3274,838.3115,139718.5781,0,0,-0.0039,0.5481,0.6639,1.1576,578,0.4754,0.5246,4.3035,513.2000,shock_burst,0.2350,0.4222,1.7133,0.0000,1.0000,0.0000,18.7389,32,434.2617,0.4419,0.8559,10,2,73231.3750,4.7377,0.0000,4.7377,0.4884,0.9449,0.0000,2.7077,19327.1934,19,1.3453,824752.7500,9.8852,95311.7578,0.0000,102274
42,56,Tokyo_Small,train,MAPPO,3600,6,113,50,0.4425,1.0000,0.0000,944.4400,472.2200,0.4963,4.2510,286.8158,737.4445,1296.5760,0.9041,29.1657,26.8281,899.3117,235.1532,1032.7434,172123.8906,0,0,-0.0005,1.2968,0.6057,2.3085,531,0.4425,0.5575,4.3364,513.2000,shock_burst,0.1717,0.3116,1.6260,0.0000,1.0000,0.0000,27.5006,24,434.2411,0.4323,0.7010,8,3,64828.8047,4.6991,0.0000,4.6991,0.5320,1.1150,0.0000,2.9386,25939.7754,26,2.0691,1017540.2500,7.6195,111167.2812,0.0000,116700
42,57,Kyoto_Small,train,IPPO,3600,6,111,65,0.5856,1.0000,0.0000,855.0154,427.5077,0.4191,4.4805,264.5818,606.3778,1184.9333,0.8957,19.8850,18.3055,851.6292,202.5317,460.5766,76762.7656,0,0,-0.0001,0.4401,0.6931,1.2169,524,0.5856,0.4144,4.5387,495.8625,building_up,0.1212,0.2242,1.6048,0.0000,1.0000,0.0000,27.5952,28,428.3578,0.3460,0.9383,9,4,77020.6641,4.7207,0.0000,4.7207,0.6185,0.9426,0.0000,5.2699,50241.9336,35,2.9430,448470.9062,8.3964,47872.7773,0.0000,51124
42,58,Kyoto_Small,train,FaithfulMAPPER,3600,6,112,45,0.4018,1.0000,0.0000,834.6000,417.3000,0.4363,4.4841,287.2250,579.5641,1454.2633,1.0000,19.6645,18.3266,988.7776,198.8145,1037.3483,172891.3750,0,0,-0.0017,0.6461,0.6468,1.0968,531,0.4018,0.5982,4.5435,495.8625,building_up,0.1355,0.2558,1.7882,0.0000,1.0000,1.0000,0.0000,28,427.5089,0.3489,0.8194,6,3,65441.8477,4.7411,0.0000,4.7411,0.4207,1.1214,0.0000,6.8154,35429.3320,42,5.2564,1023115.4375,6.5804,112227.0391,0.0000,116183
42,59,Kyoto_Small,train,MAPPO,3600,6,101,55,0.5446,1.0000,0.0000,847.8000,423.9000,0.4663,4.4974,231.3750,706.0000,1064.0743,0.9198,18.7792,17.5728,862.7259,197.2409,587.8119,97968.6484,0,0,-0.0073,0.3363,0.6156,1.1505,471,0.5446,0.4554,4.5331,495.8625,building_up,0.0804,0.1504,1.6906,0.0000,1.0000,0.0000,18.5601,32,427.0833,0.3370,0.9347,6,4,58524.0898,4.6634,0.0000,4.6634,0.5677,0.9632,0.0000,5.1650,39236.6055,31,1.8625,572633.0625,7.3960,55604.5508,0.0000,59369
42,60,LosAngeles_Small,train,IPPO,3600,6,112,53,0.4732,1.0000,0.0000,992.4151,496.2076,0.4414,4.4966,291.1136,697.5238,1248.7852,0.8579,24.0848,22.0088,876.6322,195.9919,1027.2767,171212.7969,0,0,-0.0000,0.5523,0.6931,1.3216,531,0.4732,0.5268,4.5571,741.5442,building_up,0.1277,0.2517,1.6059,0.0000,1.0000,0.0000,41.3566,24,636.9208,0.3464,0.7889,8,4,66185.6172,4.7411,0.0000,4.7411,0.4686,0.9213,0.0000,3.2122,17633.0254,27,3.0008,1007161.6875,7.6518,108959.5469,0.0000,115055
42,61,LosAngeles_Small,train,FaithfulMAPPER,3600,6,115,54,0.4696,1.0000,0.0000,853.1481,426.5741,0.4522,4.4996,271.5208,615.7727,1164.1051,0.8575,24.0499,21.9977,801.3708,212.1333,641.6000,106933.3359,0,0,-0.0029,0.7027,0.6471,1.1217,546,0.4696,0.5304,4.5989,741.5442,building_up,0.1594,0.2834,1.7836,0.0000,1.0000,0.0000,38.6998,24,636.5566,0.3451,0.8385,7,3,62861.6719,4.7478,0.0000,4.7478,0.5352,1.0784,0.0000,3.7512,29043.4531,36,1.5873,624795.6875,7.2348,68698.3984,0.0000,73784
42,62,LosAngeles_Small,train,MAPPO,3600,6,93,50,0.5376,1.0000,0.0000,947.8400,473.9200,0.4863,4.5015,321.3903,616.9744,1278.7422,0.7958,22.2484,19.3872,932.9716,264.6579,620.2688,103378.1328,0,0,-0.0010,0.5111,0.6372,1.3613,442,0.5376,0.4624,4.5692,741.5442,building_up,0.1136,0.2494,1.6585,0.0000,1.0000,0.0000,65.6418,24,637.0764,0.3327,0.7489,8,3,63937.1094,4.7527,0.0000,4.7527,0.5904,1.0486,0.0000,4.0942,38984.2148,21,2.1728,603031.7500,6.2043,53786.7305,0.0000,57685
42,63,Tokyo_Small,train,IPPO,3600,6,83,40,0.4819,1.0000,0.0000,862.8250,431.4125,0.4366,4.6580,279.4572,638.1765,1188.5850,0.8506,29.1377,25.5810,858.1248,262.0269,790.6627,131777.1094,0,0,0.0000,0.6028,0.6931,1.4256,400,0.4819,0.5181,4.6937,1125.4863,wave,0.1862,0.3524,1.7135,0.0000,1.0000,0.0000,41.7402,28,936.7119,0.3655,0.8099,7,2,47543.3945,4.8193,0.0000,4.8193,0.5078,1.0344,0.0000,4.9691,46569.1719,35,1.9973,766302.8125,8.7108,59960.6914,0.0000,65625
42,64,Tokyo_Small,train,FaithfulMAPPER,3600,6,106,44,0.4151,1.0000,0.0000,1166.4318,583.2159,0.4217,4.6554,297.0278,847.8286,1474.7047,0.9930,28.8110,26.9624,961.6695,242.0524,668.6793,111446.5391,0,0,-0.0051,0.6114,0.6579,1.2476,516,0.4151,0.5849,4.7253,1125.4863,wave,0.1409,0.2558,1.6860,0.0000,1.0000,0.0000,2.0868,28,937.9472,0.3630,0.7890,6,3,64887.0078,4.8679,0.0000,4.8679,0.4267,1.0280,0.0000,4.4183,51621.2305,33,1.9077,648921.8125,7.6038,65217.3828,0.0000,70880
42,65,Tokyo_Small,train,MAPPO,3600,6,81,48,0.5926,1.0000,0.0000,906.5000,453.2500,0.3996,4.6588,319.1579,601.7941,1127.8297,0.7068,29.0998,26.3675,729.7875,282.3250,569.5432,94923.8672,0,0,-0.0014,0.3657,0.6384,1.2085,380,0.5926,0.4074,4.7411,1125.4863,wave,0.2011,0.3780,1.8151,0.0000,1.0000,0.0000,93.5919,32,936.8111,0.3651,0.8407,8,3,54135.8281,4.6914,0.0000,4.6914,0.6051,0.8780,0.0000,4.6492,36403.4805,35,2.4420,544651.5625,7.9012,41004.4805,0.0000,46133
42,66,Kyoto_Small,train,IPPO,3600,6,105,56,0.5333,1.0000,0.0000,870.0179,290.0060,0.5990,4.3151,254.8039,612.5625,1033.8735,0.8115,19.5580,17.6533,813.9261,196.9743,480.5238,80087.3047,0,0,-0.0000,0.5709,0.6931,1.3763,493,0.5333,0.4667,4.3762,347.1364,ramp_up_down,0.1525,0.2759,1.6366,0.0000,1.0000,0.0000,48.0292,20,309.8247,0.3185,0.8696,8,4,57896.9219,4.6952,0.0000,4.6952,0.5105,0.8711,0.0000,4.4645,37202.6250,34,3.4739,471375.5312,6.8286,47999.8438,0.0000,50455
42,67,Kyoto_Small,train,FaithfulMAPPER,3600,6,110,58,0.5273,1.0000,0.0000,864.3276,288.1092,0.6579,4.3086,239.8800,656.9333,1049.5592,0.8751,19.0749,18.0894,817.0312,192.6150,654.6091,109101.5156,0,0,-0.0029,0.4333,0.6536,1.1500,520,0.5273,0.4727,4.3510,347.1364,ramp_up_down,0.1134,0.2140,1.8004,0.0000,1.0000,0.0000,29.9682,24,310.3058,0.3178,0.8044,7,3,60874.4297,4.7273,0.0000,4.7273,0.5338,0.8478,0.0000,3.8546,21972.2188,34,32.0708,644449.3125,8.5545,69173.3203,0.0000,72007
42,68,Kyoto_Small,train,MAPPO,3600,6,86,55,0.6395,1.0000,0.0000,695.8000,231.9333,0.5462,4.3249,222.0667,474.2195,1013.5786,0.9129,19.8543,17.8984,774.6121,195.0622,425.5465,70924.4219,0,0,-0.0066,0.7034,0.6251,1.7123,383,0.6395,0.3605,4.3471,347.1364,ramp_up_down,0.1451,0.2614,1.5260,0.0000,1.0000,0.0000,19.3509,28,309.5008,0.3032,0.8207,8,3,55746.8242,4.4535,0.0000,4.4535,0.5302,0.6602,0.0000,2.8210,12983.7119,16,2.6524,413921.1250,9.3140,33831.7852,0.0000,36597
42,69,LosAngeles_Small,train,IPPO,3600,6,98,55,0.5612,1.0000,0.0000,1088.1273,362.7091,0.5309,4.0332,290.1875,785.8718,1200.6088,0.8275,23.9016,21.1284,867.8594,216.1872,674.6326,112438.7734,0,0,-0.0000,0.4812,0.6931,1.2498,473,0.5612,0.4388,4.0350,149.0000,flat,0.2272,0.4110,1.6400,0.0000,1.0000,0.0000,50.0658,12,150.2119,0.0575,0.7760,9,2,66033.4844,4.8265,0.0000,4.8265,0.5134,0.8404,0.0000,1.9119,9231.7920,7,2.4109,664574.8125,6.0306,62896.4570,0.0000,66114
42,70,LosAngeles_Small,train,FaithfulMAPPER,3600,6,104,51,0.4904,1.0000,0.0000,1050.8628,350.2876,0.5003,4.0341,268.9250,817.3947,1238.9171,0.9214,23.0554,20.1949,817.3223,225.1683,674.6442,112440.7031,0,0,-0.0054,0.3940,0.6565,1.0259,497,0.4904,0.5096,4.0172,149.0000,flat,0.1401,0.2516,1.6434,0.0000,1.0000,0.0000,21.1416,12,150.0950,0.0582,0.7401,7,3,63184.7734,4.7788,0.0000,4.7788,0.5915,0.9614,0.0000,1.7922,8652.0283,6,7.4312,664784.8750,6.5577,66587.7891,0.0000,70163
42,71,LosAngeles_Small,train,MAPPO,3600,6,83,46,0.5542,1.0000,0.0000,851.6087,425.8044,0.4658,4.0413,261.9211,597.6470,1112.7766,0.8497,23.6202,21.2857,820.3759,230.8286,647.6988,107949.7969,0,0,-0.0024,0.2504,0.5864,1.0121,390,0.5542,0.4458,4.0460,149.0000,flat,0.0929,0.1902,1.8352,0.0000,1.0000,0.0000,39.3657,12,149.6278,0.0554,0.7539,7,4,51187.7227,4.6988,0.0000,4.6988,0.5546,0.9443,0.0000,2.1780,10322.4912,8,6.7261,635190.3750,8.5783,49478.1602,0.0000,53759
42,72,Tokyo_Small,train,IPPO,3600,6,99,50,0.5051,1.0000,0.0000,842.6200,842.6200,0.3062,4.2533,247.3000,651.7632,1046.1334,0.8460,29.9065,29.0994,747.1949,241.7680,678.2222,113037.0391,0,0,-0.0000,0.6592,0.6931,1.4549,468,0.5051,0.4949,4.3231,513.2000,shock_burst,0.1481,0.2667,1.7530,0.0000,1.0000,0.0000,38.0733,24,434.2861,0.4287,0.7528,7,3,52306.6719,4.7273,0.0000,4.7273,0.4761,0.8140,0.0000,2.5052,16074.4932,16,1.0183,662097.6250,8.9192,61495.4102,0.0000,67144
42,73,Tokyo_Small,train,FaithfulMAPPER,3600,6,97,50,0.5155,1.0000,0.0000,958.2400,479.1200,0.3739,4.2456,307.3488,687.1316,1143.5698,0.7442,29.1550,27.7906,812.5083,233.0882,718.3505,119725.0859,0,0,-0.0020,0.5064,0.6445,1.0598,469,0.5155,0.4845,4.3863,513.2000,shock_burst,0.1818,0.3536,1.7258,0.0000,1.0000,0.0000,78.6349,28,434.1783,0.4366,0.7079,7,1,57178.4922,4.8351,0.0000,4.8351,0.4590,0.7850,0.0000,4.5924,26329.6445,17,2.1970,699979.0000,8.2062,63078.3125,0.0000,69680
42,74,Tokyo_Small,train,MAPPO,3600,6,87,43,0.4943,1.0000,0.0000,860.4418,860.4418,0.2943,4.2510,305.3421,569.7838,1401.5148,0.9180,28.8188,25.0380,843.6442,253.8347,475.3218,79220.3047,0,0,-0.0017,0.5151,0.5656,1.4568,414,0.4943,0.5057,4.3085,513.2000,shock_burst,0.2000,0.3691,1.6575,0.0000,1.0000,0.0000,25.0392,24,434.6994,0.4249,0.7283,7,1,60265.1367,4.7586,0.0000,4.7586,0.6300,1.1616,0.0000,2.6244,18206.8379,19,1.3348,459885.7812,7.9310,36724.1836,0.0000,41353
42,75,Kyoto_Small,train,IPPO,3600,6,94,46,0.4894,1.0000,0.0000,888.3261,444.1631,0.3386,4.0130,275.0000,608.0526,1092.7520,0.7947,20.0846,18.9038,712.5757,200.3156,497.4468,82907.8047,0,0,-0.0000,0.2179,0.6931,0.8623,437,0.4894,0.5106,3.9968,99.0000,flat,0.1897,0.3601,1.6884,0.0000,1.0000,0.0000,56.4496,12,100.9731,0.0763,0.7275,7,1,50266.5898,4.6489,0.0000,4.6489,0.5243,0.7833,0.0000,1.8226,8249.5850,5,2.0555,478866.1250,7.4787,42920.2695,0.0000,46760
42,76,Kyoto_Small,train,FaithfulMAPPER,3600,6,104,57,0.5481,1.0000,0.0000,855.7544,427.8772,0.4573,4.0005,242.7308,648.6905,1032.1877,0.8505,19.4758,17.7739,770.2501,164.4201,475.7692,79294.8750,0,0,-0.0010,0.3405,0.6500,0.9738,484,0.5481,0.4519,3.9934,99.0000,flat,0.1159,0.2152,1.5806,0.0000,1.0000,0.0000,36.2932,12,101.4567,0.0781,0.8283,7,3,58834.7031,4.6538,0.0000,4.6538,0.4636,0.6696,0.0000,1.9476,9144.6865,7,2.4472,467910.7812,8.3654,45984.7773,0.0000,49480
42,77,Kyoto_Small,train,MAPPO,3600,6,96,64,0.6667,1.0000,0.0000,829.7812,414.8906,0.4575,3.9910,255.6415,538.8409,999.8718,0.7822,19.5445,18.8381,745.8141,203.0814,444.1458,74024.3047,0,0,-0.0005,0.2948,0.5417,1.1008,457,0.6667,0.3333,3.9839,99.0000,flat,0.0922,0.1688,1.6576,0.0000,1.0000,0.0000,55.6671,12,101.8686,0.0733,0.8356,7,4,63991.7969,4.7604,0.0000,4.7604,0.6284,0.6728,0.0000,1.9602,11255.5654,6,2.2879,434806.3438,8.9896,39431.0742,0.0000,42638
42,78,LosAngeles_Small,train,IPPO,3600,6,101,48,0.4752,1.0000,0.0000,690.3542,0.0000,0.1262,4.3341,258.1219,518.5128,946.6899,0.7335,23.4579,21.3006,801.7589,239.0185,405.4059,67567.6562,0,0,-0.0000,0.5686,0.6931,1.2914,482,0.4752,0.5248,4.3868,519.0942,ramp_up_down,0.1657,0.3076,1.7518,0.0000,1.0000,0.0000,68.7840,24,460.1886,0.3111,0.9289,7,2,45441.1172,4.7723,0.0000,4.7723,0.4342,0.7599,0.0000,5.9738,72416.3516,26,1.8144,365789.3750,7.5644,33087.3516,0.0000,40946
42,79,LosAngeles_Small,train,FaithfulMAPPER,3600,6,106,46,0.4340,1.0000,0.0000,1054.5217,0.0000,0.1257,4.3350,250.1000,783.8333,1017.0147,0.8133,23.2591,21.6766,796.0190,235.0843,467.6793,77946.5391,0,0,-0.0010,0.3879,0.6609,0.8722,500,0.4340,0.5660,4.3712,519.0942,ramp_up_down,0.1506,0.2797,1.7572,0.0000,1.0000,0.0000,46.6971,24,460.7350,0.2997,0.7162,7,3,46782.6758,4.7170,0.0000,4.7170,0.4358,0.7865,0.0000,2.5847,21076.6426,16,2.1439,453975.0625,7.6415,44143.9453,0.0000,49574
42,80,LosAngeles_Small,train,MAPPO,3600,6,92,53,0.5761,1.0000,0.0000,948.3962,0.0000,0.1435,4.3272,321.4565,634.2703,1282.6885,0.7980,22.3405,19.7545,900.8455,218.5500,380.1631,63360.5078,0,0,-0.0003,0.3571,0.5285,1.1730,441,0.5761,0.4239,4.3568,519.0942,ramp_up_down,0.0625,0.1286,1.6280,0.0000,1.0000,0.0000,64.9188,28,460.8389,0.3117,0.7633,6,4,67982.4922,4.7935,0.0000,4.7935,0.4977,0.7080,0.0000,3.2783,23046.5762,25,2.7142,364335.2500,6.8478,30830.4492,0.0000,34975
42,81,Tokyo_Small,train,IPPO,3600,6,95,45,0.4737,1.0000,0.0000,1005.8666,335.2889,0.6113,4.6577,318.5946,772.0000,1144.9197,0.7187,29.6379,26.6364,790.5272,259.5601,1202.9684,200494.7344,0,0,0.0000,0.3458,0.6931,1.0685,457,0.4737,0.5263,4.6766,1125.4863,wave,0.1333,0.2622,1.6073,0.0000,1.0000,0.0000,89.6107,28,937.1392,0.3653,0.7433,6,2,51521.3867,4.8105,0.0000,4.8105,0.5465,0.9212,0.0000,5.3613,33695.3164,25,1.8058,1176710.8750,9.4421,105562.1875,0.0000,114282
42,82,Tokyo_Small,train,FaithfulMAPPER,3600,6,100,50,0.5000,1.0000,0.0000,1015.7000,338.5667,0.6544,4.6576,256.3810,727.9500,1093.3510,0.8529,27.8038,25.6852,809.9011,187.8895,924.5800,154096.6719,0,0,-0.0049,0.5156,0.6464,0.8740,474,0.5000,0.5000,4.7203,1125.4863,wave,0.1383,0.2494,1.7434,0.0000,1.0000,0.0000,37.7108,28,937.0278,0.3666,0.8149,7,3,54667.5508,4.7400,0.0000,4.7400,0.4692,0.8132,0.0000,3.9672,45853.4492,42,4.7801,902440.8750,8.3900,84749.9766,0.0000,92458
42,83,Tokyo_Small,train,MAPPO,3600,6,99,53,0.5354,1.0000,0.0000,951.1321,317.0440,0.5827,4.6581,281.4445,700.2105,1249.4373,0.8879,29.3726,26.7716,883.3581,232.7281,961.5657,160260.9375,0,0,-0.0011,0.7264,0.5349,1.6861,471,0.5354,0.4646,4.7412,1125.4863,wave,0.1189,0.2157,1.6369,0.0000,1.0000,0.0000,31.5570,24,937.3775,0.3638,0.8128,6,3,66220.1719,4.7576,0.0000,4.7576,0.4779,0.8934,0.0000,5.4357,51979.0508,53,3.8680,940265.0000,8.4848,88445.7344,0.0000,95195
42,84,Kyoto_Small,train,IPPO,3600,6,81,43,0.5309,1.0000,0.0000,798.5349,266.1783,0.6225,4.3237,257.8684,572.8055,993.5871,0.7706,19.8477,17.2844,844.0414,219.6879,690.2099,115034.9766,0,0,-0.0000,0.7062,0.6931,1.5259,377,0.5309,0.4691,4.3301,347.1364,ramp_up_down,0.2047,0.3832,1.6272,0.0000,1.0000,0.0000,59.1510,28,309.0953,0.3109,0.7795,6,1,42724.2461,4.6543,0.0000,4.6543,0.4158,0.7066,0.0000,5.5320,35483.1641,19,1905.5815,675438.3750,8.5556,52399.9609,0.0000,55907
42,85,Kyoto_Small,train,FaithfulMAPPER,3600,6,90,45,0.5000,1.0000,0.0000,811.3333,270.4444,0.6092,4.3127,266.5610,596.0488,1105.2871,0.8293,20.1446,18.9426,824.3017,224.1344,483.1555,80525.9297,0,0,-0.0024,0.3554,0.6516,0.7270,434,0.5000,0.5000,4.3220,347.1364,ramp_up_down,0.1409,0.2558,1.5667,0.0000,1.0000,0.0000,45.5036,32,309.7186,0.3196,0.7800,6,3,49737.9180,4.8222,0.0000,4.8222,0.4495,0.6718,0.0000,3.1973,23012.2363,28,3.7991,471929.6875,6.9889,40481.3047,0.0000,43484
42,86,Kyoto_Small,train,MAPPO,3600,6,122,66,0.5410,1.0000,0.0000,891.8182,297.2727,0.5836,4.2977,243.2364,622.0652,995.3434,0.8184,19.6955,18.6838,730.8912,190.6405,556.1475,92691.2578,0,0,-0.0013,0.4011,0.5582,1.2918,576,0.5410,0.4590,4.3017,347.1364,ramp_up_down,0.0663,0.1289,1.6172,0.0000,1.0000,0.0000,44.1677,24,310.7997,0.3297,0.8041,8,5,65692.6641,4.7213,0.0000,4.7213,0.5450,0.7106,0.0000,2.7395,19856.4023,17,2.7158,547276.5625,7.3689,64422.8320,0.0000,67850
42,87,LosAngeles_Small,train,IPPO,3600,6,94,38,0.4043,1.0000,0.0000,931.5000,232.8750,0.6919,4.0478,261.7353,654.7647,1142.8398,0.8733,23.7881,19.7312,849.3240,232.1644,1214.5957,202432.6250,0,0,-0.0000,0.4994,0.6931,1.2699,454,0.4043,0.5957,4.0429,149.0000,flat,0.1528,0.2940,1.6829,0.0000,1.0000,0.0000,33.1673,16,149.2769,0.0584,0.7222,7,2,43427.9141,4.8298,0.0000,4.8298,0.4400,1.0308,0.0000,1.6976,7517.6177,4,2.7549,1205901.8750,6.8298,110261.6797,0.0000,114172
42,88,LosAngeles_Small,train,FaithfulMAPPER,3600,6,98,41,0.4184,1.0000,0.0000,857.3903,214.3476,0.7387,4.0420,294.5676,599.3611,1169.3262,0.7939,22.7239,21.5819,756.7014,232.0236,1259.5103,209918.3750,0,0,-0.0036,0.2531,0.6482,0.8459,476,0.4184,0.5816,4.0328,149.0000,flat,0.1458,0.2722,1.6831,0.0000,1.0000,0.0000,60.7023,12,149.6603,0.0571,0.7135,7,3,47942.3750,4.8571,0.0000,4.8571,0.4606,0.8586,0.0000,1.7386,7104.3906,4,4.5198,1248107.8750,11.6327,117216.0312,0.0000,123432
42,89,LosAngeles_Small,train,MAPPO,3600,6,111,50,0.4505,1.0000,0.0000,1016.1200,254.0300,0.7679,4.0384,242.0250,741.3333,1084.0530,0.8958,23.8637,21.7612,760.8871,212.4741,1537.0720,256178.6875,0,0,-0.0043,0.3540,0.5459,1.2282,538,0.4505,0.5495,4.0270,149.0000,flat,0.0966,0.1818,1.6337,0.0000,1.0000,0.0000,25.2144,16,150.0086,0.0593,0.7471,7,4,54202.6484,4.8468,0.0000,4.8468,0.4643,0.8123,0.0000,1.8968,8309.7930,5,5.4370,1522665.2500,9.1081,162904.4531,0.0000,170615
42,90,Tokyo_Small,train,IPPO,3600,6,98,57,0.5816,1.0000,0.0000,823.7368,274.5789,0.6490,4.0444,275.8044,523.1316,1153.6573,0.8366,29.0815,25.4580,763.5429,214.5891,624.2449,104040.8125,0,0,-0.0000,0.5830,0.6931,1.4184,449,0.5816,0.4184,4.0525,177.0000,flat,0.1560,0.2823,1.7882,0.0000,1.0000,0.0000,45.0729,12,177.4530,0.0517,0.8947,8,3,65758.4688,4.5816,0.0000,4.5816,0.6285,0.9677,0.0000,2.0282,11456.0723,6,3.1540,611204.3125,10.8061,55382.9102,0.0000,61176
42,91,Tokyo_Small,train,FaithfulMAPPER,3600,6,100,46,0.4600,1.0000,0.0000,968.3261,242.0815,0.7507,4.0463,341.6889,622.8140,1291.1968,0.7558,29.5169,27.2056,903.2825,233.8931,1260.8400,210140.0000,0,0,-0.0014,0.3569,0.6633,0.9890,490,0.4600,0.5400,4.0392,177.0000,flat,0.1197,0.2176,1.5781,0.0000,1.0000,0.0000,83.4496,12,177.3280,0.0497,0.7234,6,3,59395.0508,4.9000,0.0000,4.9000,0.4486,0.8363,0.0000,1.7582,10084.7656,5,3.1560,1246447.3750,8.4500,119049.4766,0.0000,126084
42,92,Tokyo_Small,train,MAPPO,3600,6,103,55,0.5340,1.0000,0.0000,873.0909,218.2727,0.7772,4.0376,279.2128,666.8140,1209.4160,0.8663,29.1127,26.1043,889.2635,240.2142,1267.3495,211224.9219,0,0,-0.0036,0.4559,0.5149,1.3934,490,0.5340,0.4660,4.0359,177.0000,flat,0.0804,0.1504,1.7577,0.0000,1.0000,0.0000,37.3296,12,178.0039,0.0518,0.7657,6,4,66517.8828,4.7573,0.0000,4.7573,0.5984,1.0630,0.0000,1.8170,10896.5557,4,2328436.5000,1252313.3750,7.9223,124761.4844,0.0000,130537
42,93,Kyoto_Small,train,IPPO,3600,6,104,48,0.4615,1.0000,0.0000,937.5833,468.7917,0.3569,4.2147,278.1250,676.6486,1070.8596,0.7701,19.6419,17.3646,819.1632,190.8962,578.7019,96450.3203,0,0,-0.0000,0.6426,0.6931,1.4873,478,0.4615,0.5385,4.3081,288.0000,shock_burst,0.1515,0.2802,1.6755,0.0000,1.0000,0.0000,63.9531,24,245.5108,0.4549,0.7848,7,2,51401.2617,4.5962,0.0000,4.5962,0.4945,0.9057,0.0000,3.0735,18354.4277,23,1.7162,565892.5625,6.9904,56516.0391,0.0000,60185
42,94,Kyoto_Small,train,FaithfulMAPPER,3600,6,96,54,0.5625,1.0000,0.0000,802.2778,401.1389,0.3445,4.2023,265.0417,554.9302,975.4329,0.7361,19.8772,17.5378,790.7457,200.5748,450.7083,75118.0547,0,0,-0.0032,0.3129,0.6566,0.8053,456,0.5625,0.4375,4.2743,288.0000,shock_burst,0.1531,0.2828,1.7830,0.0000,1.0000,0.0000,69.9551,24,246.2167,0.4546,0.7418,8,3,52673.3750,4.7500,0.0000,4.7500,0.5184,0.7630,0.0000,7.1191,39747.2617,22,1.7786,439529.1562,6.9479,40467.6250,0.0000,43268
42,95,Kyoto_Small,train,MAPPO,3600,6,109,54,0.4954,1.0000,0.0000,819.4630,409.7315,0.3561,4.1970,270.1800,533.9048,1097.1123,0.8121,19.9147,18.3527,755.8392,186.9618,492.6055,82100.9141,0,0,-0.0036,0.2789,0.4884,1.0867,495,0.4954,0.5046,4.3563,288.0000,shock_burst,0.1739,0.3382,1.6017,0.0000,1.0000,0.0000,50.7575,24,245.9578,0.4621,0.8071,7,1,59244.0625,4.5413,0.0000,4.5413,0.5624,0.8229,0.0000,2.2123,13329.6816,12,1.2425,483357.9062,9.2110,50093.3359,0.0000,53694
42,96,LosAngeles_Small,train,IPPO,3600,6,122,60,0.4918,1.0000,0.0000,839.8333,279.9444,0.6170,4.0287,227.8846,582.7292,1077.0068,0.9452,23.8122,21.7285,845.8162,211.0222,1235.2705,205878.4219,0,0,-0.0000,0.6780,0.6931,1.5074,574,0.4918,0.5082,4.0194,149.0000,flat,0.0684,0.1294,1.6989,0.0000,1.0000,0.0000,12.4832,16,150.5886,0.0603,0.8884,8,5,64620.4141,4.7049,0.0000,4.7049,0.4335,0.9120,0.0000,2.2367,14386.7783,8,4.5659,1218486.8750,8.1721,143076.6406,0.0000,150703
42,97,LosAngeles_Small,train,FaithfulMAPPER,3600,6,111,47,0.4234,1.0000,0.0000,953.0638,317.6880,0.6150,4.0331,271.6667,700.3514,1168.9576,0.8606,24.0604,21.2124,835.4198,214.4682,1572.8289,262138.1406,0,0,-0.0009,0.4159,0.6652,0.9123,533,0.4234,0.5766,4.0245,149.0000,flat,0.0823,0.1523,1.7542,0.0000,1.0000,0.0000,37.8751,12,150.1570,0.0598,0.7324,6,4,54941.0117,4.8018,0.0000,4.8018,0.4172,0.8450,0.0000,1.7742,8299.1924,5,4.3488,1562085.3750,7.3784,169632.6719,0.0000,174584
42,98,LosAngeles_Small,train,MAPPO,3600,6,95,41,0.4316,1.0000,0.0000,942.5854,314.1951,0.5454,4.0477,282.1081,632.9143,1249.3745,0.8857,23.5306,20.1881,845.5909,229.7437,1181.6632,196943.8594,0,0,-0.0051,0.3379,0.4426,1.1847,448,0.4316,0.5684,4.0429,149.0000,flat,0.1250,0.2485,1.5921,0.0000,1.0000,0.0000,32.2332,12,149.2655,0.0594,0.6276,7,3,51224.3555,4.7158,0.0000,4.7158,0.4304,0.8712,0.0000,1.6638,6543.5356,2,3.0336,1167921.0000,11.6947,105911.4688,0.0000,112258
42,99,Tokyo_Small,train,IPPO,3600,6,96,47,0.4896,1.0000,0.0000,825.9575,206.4894,0.8043,4.0507,228.5750,591.4103,1203.2488,1.0000,29.2950,25.1206,949.3118,244.5558,1214.6459,202440.9688,0,0,-0.0000,0.5538,0.6931,1.4157,465,0.4896,0.5104,4.0460,177.0000,flat,0.1292,0.2372,1.5217,0.0000,1.0000,0.0000,0.0000,12,177.1775,0.0566,0.7145,7,3,56552.6953,4.8438,0.0000,4.8438,0.4886,0.9899,0.0000,1.7848,9515.7666,5,2.2601,1195364.1250,9.2396,108839.4297,0.0000,116606
42,100,Tokyo_Small,train,FaithfulMAPPER,3600,6,79,42,0.5316,1.0000,0.0000,824.6190,206.1548,0.7298,4.0567,311.5278,602.3428,1234.0879,0.7923,26.4099,23.6736,903.1765,267.4275,953.2658,158877.6406,0,0,-0.0012,0.5382,0.6642,1.1621,373,0.5316,0.4684,4.0348,177.0000,flat,0.0721,0.1793,1.8079,0.0000,1.0000,0.0000,64.7102,16,176.5264,0.0582,0.7026,6,3,51831.6914,4.7215,0.0000,4.7215,0.4915,0.9861,0.0000,1.8239,9858.9326,7,2.4687,933428.3750,8.2785,68904.3438,0.0000,75308
42,101,Tokyo_Small,train,MAPPO,3600,6,114,46,0.4035,1.0000,0.0000,914.6957,182.9391,0.8640,4.0390,297.2564,762.3055,1101.1053,0.7408,29.6823,27.1782,852.3437,206.5802,1935.1492,322524.8750,0,0,-0.0005,0.5433,0.4145,1.3872,540,0.4035,0.5965,4.0330,177.0000,flat,0.2507,0.4485,1.6946,0.0000,1.0000,0.0000,77.0353,12,177.7508,0.0516,0.6063,7,1,50650.8438,4.7368,0.0000,4.7368,0.4362,1.0062,0.0000,1.9761,11395.1533,7,3.5407,1918982.0000,8.1140,212726.5312,0.0000,220607
42,102,Kyoto_Small,train,IPPO,3600,6,108,52,0.4815,1.0000,0.0000,906.6154,453.3077,0.4735,4.6355,304.8298,640.0000,1064.1930,0.6982,19.3952,17.6569,756.3387,172.4098,495.8148,82635.8047,0,0,-0.0000,0.3901,0.6931,1.1844,493,0.4815,0.5185,4.6290,631.4694,wave,0.1799,0.3194,1.5735,0.0000,1.0000,0.0000,91.9912,24,528.7497,0.3826,0.8149,7,2,55338.0352,4.5648,0.0000,4.5648,0.5189,0.8390,0.0000,3.8196,35539.2461,37,4.5432,481824.9375,7.2685,49196.4453,0.0000,53548
42,103,Kyoto_Small,train,FaithfulMAPPER,3600,6,112,58,0.5179,1.0000,0.0000,1072.9656,357.6552,0.5375,4.6334,294.7600,843.1556,1224.0988,0.8306,19.4231,17.5053,920.9556,176.6149,793.8393,132306.5469,0,0,-0.0034,0.8135,0.6658,1.1961,532,0.5179,0.4821,4.6142,631.4694,wave,0.1844,0.3351,1.6886,0.0000,1.0000,0.0000,49.9403,24,528.5258,0.3962,0.7241,7,2,70997.7266,4.7500,0.0000,4.7500,0.4460,0.9339,0.0000,4.7878,47323.4336,44,553.3580,781408.8750,7.0357,84990.1016,0.0000,88910
42,104,Kyoto_Small,train,MAPPO,3600,6,105,61,0.5810,1.0000,0.0000,853.5901,426.7951,0.4736,4.6394,278.6000,622.8409,1238.7952,0.8893,19.7731,17.1883,860.2059,195.6200,475.0571,79176.1875,0,0,-0.0012,0.5739,0.4042,1.4640,492,0.5810,0.4190,4.7135,631.4694,wave,0.1803,0.3343,1.7599,0.0000,1.0000,0.0000,30.8410,28,528.8542,0.3701,0.9252,10,3,75566.5078,4.6857,0.0000,4.6857,0.6627,1.1505,0.0000,7.1828,43266.0117,49,5.3263,461625.2812,6.7333,46709.4375,0.0000,49881
42,105,LosAngeles_Small,train,IPPO,3600,6,105,46,0.4381,1.0000,0.0000,750.1522,187.5380,0.7239,4.0397,264.5128,585.7297,1296.4667,0.9803,23.1885,21.7676,869.8620,198.0857,1725.7524,287625.4062,0,0,-0.0000,0.3816,0.6931,1.1374,488,0.4381,0.5619,4.0309,149.0000,flat,0.1186,0.2161,1.6431,0.0000,1.0000,0.0000,5.2195,12,149.7497,0.0585,0.7416,6,3,59637.4688,4.6476,0.0000,4.6476,0.4769,0.8741,0.0000,1.8217,9085.7783,7,5.6120,1711612.6250,10.3429,173313.1562,0.0000,181204
42,106,LosAngeles_Small,train,FaithfulMAPPER,3600,6,90,51,0.5667,1.0000,0.0000,1084.4509,271.1127,0.7273,4.0351,324.9302,781.6389,1074.1056,0.6611,23.1111,22.3734,841.9549,223.8556,802.5889,133764.8125,0,0,-0.0025,0.4872,0.6690,0.9012,438,0.5667,0.4333,4.0432,149.0000,flat,0.1017,0.1846,1.7558,0.0000,1.0000,0.0000,110.1091,16,149.9789,0.0561,0.7318,7,4,54779.3867,4.8667,0.0000,4.8667,0.5089,0.7990,0.0000,1.9307,8227.4453,5,6.2779,785660.6250,7.2778,66740.6719,0.0000,72233
42,107,LosAngeles_Small,train,MAPPO,3600,6,113,60,0.5310,1.0000,0.0000,820.3666,205.0917,0.7645,4.0310,213.8462,706.1905,939.1223,0.8783,23.7370,22.0851,749.0650,219.0748,1377.5310,229588.4844,0,0,-0.0016,0.1953,0.3940,0.8739,543,0.5310,0.4690,4.0294,149.0000,flat,0.1667,0.3005,1.6442,0.0000,1.0000,0.0000,26.0217,12,150.4492,0.0598,0.8307,9,4,56347.3359,4.8053,0.0000,4.8053,0.5180,0.7231,0.0000,2.0243,11718.7891,7,5.8168,1367448.1250,9.5487,149559.4531,0.0000,155661
42,108,Tokyo_Small,train,IPPO,3600,6,104,56,0.5385,1.0000,0.0000,966.4286,241.6071,0.7456,4.3371,329.3830,690.3158,1262.2505,0.7664,28.4798,26.2785,962.3318,216.0742,1554.7788,259129.7969,0,0,0.0000,0.4379,0.6931,1.2501,495,0.5385,0.4615,4.3280,618.6302,ramp_up_down,0.1304,0.2341,1.7048,0.0000,1.0000,0.0000,76.9329,24,548.1922,0.3066,0.7199,7,3,70686.0234,4.7596,0.0000,4.7596,0.5130,0.9676,0.0000,2.8880,24014.1445,23,2.4449,1531436.6250,9.6442,153150.8281,0.0000,161697
42,109,Tokyo_Small,train,FaithfulMAPPER,3600,6,96,56,0.5833,1.0000,0.0000,845.9821,211.4955,0.6764,4.3394,227.2000,611.9744,1057.7646,0.9311,28.7190,24.4644,804.5343,260.1580,1452.9584,242159.7188,0,0,-0.0022,0.4614,0.6756,1.0201,452,0.5833,0.4167,4.3750,618.6302,ramp_up_down,0.1542,0.2886,1.6607,0.0000,1.0000,0.0000,15.6471,28,548.0586,0.3022,0.7755,7,2,59234.8203,4.7083,0.0000,4.7083,0.5204,0.7674,0.0000,3.2361,29941.6562,21,4.9285,1429466.8750,8.6458,131279.0781,0.0000,139484
42,110,Tokyo_Small,train,MAPPO,3600,6,93,44,0.4731,1.0000,0.0000,992.2727,248.0682,0.7179,4.3394,304.2051,690.0811,1272.4907,0.8366,29.4835,27.5233,885.7758,245.2180,1605.2258,267537.6250,0,0,-0.0026,0.2695,0.3418,1.0634,447,0.4731,0.5269,4.3884,618.6302,ramp_up_down,0.0994,0.1861,1.7011,0.0000,1.0000,0.0000,49.7070,24,547.8030,0.3040,0.7197,5,3,55989.5938,4.8065,0.0000,4.8065,0.5302,1.0441,0.0000,2.8391,23849.4707,20,5.0004,1582406.8750,8.7312,140323.2812,0.0000,149286
42,111,Kyoto_Small,train,IPPO,3600,6,110,54,0.4909,1.0000,0.0000,889.9074,222.4769,0.7142,4.3099,251.8696,594.7174,1039.0702,0.8251,19.9487,18.6241,836.4130,201.3309,1110.5546,185092.4219,0,0,0.0000,0.4787,0.6931,1.3102,523,0.4909,0.5091,4.3209,347.1364,ramp_up_down,0.1496,0.2679,1.6532,0.0000,1.0000,0.0000,44.0555,24,310.0111,0.3210,0.8090,8,4,56109.7891,4.7545,0.0000,4.7545,0.4620,0.7881,0.0000,2.7924,20270.9336,18,8.2242,1098290.7500,8.7455,117720.9766,0.0000,122161
42,112,Kyoto_Small,train,FaithfulMAPPER,3600,6,85,44,0.5176,1.0000,0.0000,979.5455,244.8864,0.6982,4.3203,355.7750,644.1429,1270.5415,0.7142,19.6844,17.7103,795.2909,211.9751,751.4000,125233.3359,0,0,-0.0014,0.2435,0.6746,0.7815,398,0.5176,0.4824,4.3855,347.1364,ramp_up_down,0.1345,0.2440,1.6826,0.0000,1.0000,0.0000,101.6667,28,309.4720,0.3086,0.6780,6,3,55903.8242,4.6824,0.0000,4.6824,0.7338,1.1086,0.0000,2.5862,17489.0645,18,49.1629,735673.5625,6.7529,60112.7070,0.0000,63869
42,113,Kyoto_Small,train,MAPPO,3600,6,101,49,0.4851,1.0000,0.0000,992.3062,248.0765,0.7302,4.3132,285.5581,752.0732,1271.8728,0.8908,19.5463,17.2084,806.7756,202.5557,1049.6633,174943.8906,0,0,-0.0014,0.3524,0.3457,1.1977,481,0.4851,0.5149,4.3566,347.1364,ramp_up_down,0.0808,0.1508,1.7485,0.0000,1.0000,0.0000,31.1836,24,309.9197,0.3187,0.7928,6,4,62321.7656,4.7624,0.0000,4.7624,0.5408,1.0697,0.0000,5.7919,76577.4219,28,4.5953,1034651.2500,7.7228,101344.9844,0.0000,106016
42,114,LosAngeles_Small,train,IPPO,3600,6,100,40,0.4000,1.0000,0.0000,996.5250,498.2625,0.4822,4.6514,259.8055,819.7778,1047.4729,0.8064,22.6661,21.0441,914.7148,215.1003,1136.2700,189378.3281,0,0,-0.0000,0.7612,0.6931,1.5041,480,0.4000,0.6000,4.7137,944.3675,wave,0.1750,0.3220,1.6580,0.0000,1.0000,0.0000,50.3110,28,787.5833,0.3673,0.8173,6,2,41898.9180,4.8000,0.0000,4.8000,0.3213,0.8202,0.0000,3.3913,27959.0059,31,10.2366,1102494.6250,7.6800,106026.7031,0.0000,113627
42,115,LosAngeles_Small,train,FaithfulMAPPER,3600,6,88,39,0.4432,1.0000,0.0000,915.4359,457.7180,0.4914,4.6555,307.9714,661.3530,1250.7649,0.8123,23.2501,21.3438,858.8935,259.3613,1195.4659,199244.3125,0,0,-0.0040,0.4066,0.6724,0.9193,419,0.4432,0.5568,4.6776,944.3675,wave,0.2179,0.3949,1.6555,0.0000,1.0000,0.0000,57.8185,28,787.0306,0.3628,0.7580,7,1,48779.8320,4.7614,0.0000,4.7614,0.4358,0.8574,0.0000,3.7096,26370.2891,30,2.8187,1171695.2500,6.9432,99493.0156,0.0000,105201
42,116,LosAngeles_Small,train,MAPPO,3600,6,99,49,0.4949,1.0000,0.0000,1009.9184,504.9592,0.4208,4.6513,333.0714,674.4737,1217.0889,0.7308,23.1175,20.4665,838.9622,217.3070,817.8990,136316.5000,0,0,-0.0004,0.3410,0.3464,1.1760,475,0.4949,0.5051,4.6744,944.3675,wave,0.1845,0.3265,1.6478,0.0000,1.0000,0.0000,89.6537,24,787.6572,0.3654,0.8129,8,3,59637.3555,4.7980,0.0000,4.7980,0.5497,0.9962,0.0000,6.0663,44119.2617,44,2.6451,794287.4375,8.5960,74864.5391,0.0000,80972
42,117,Tokyo_Small,train,IPPO,3600,6,102,49,0.4804,1.0000,0.0000,979.0000,195.8000,0.8375,4.2421,309.1163,622.7949,1315.9169,0.8514,29.0695,26.4403,888.4208,235.8253,1153.8137,192302.2812,0,0,-0.0000,0.5771,0.6931,1.4644,490,0.4804,0.5196,4.3468,513.2000,shock_burst,0.1602,0.2923,1.7035,0.0000,1.0000,0.0000,45.9329,24,434.1650,0.4413,0.7386,7,2,64479.9297,4.8039,0.0000,4.8039,0.5465,1.0858,0.0000,2.6045,24904.4492,21,2.6158,1122238.2500,8.0882,109706.6719,0.0000,117689
42,118,Tokyo_Small,train,FaithfulMAPPER,3600,6,112,46,0.4107,1.0000,0.0000,1035.0435,258.7609,0.8125,4.2477,266.7180,738.4211,1016.6649,0.7624,29.2360,26.7972,824.5591,234.1880,1461.4464,243574.4062,0,0,-0.0027,0.3850,0.6643,1.1128,533,0.4107,0.5893,4.3612,513.2000,shock_burst,0.2222,0.4213,1.6931,0.0000,1.0000,0.0000,63.3850,24,434.7706,0.4285,0.7146,8,1,46766.5859,4.7589,0.0000,4.7589,0.3968,0.8433,0.0000,3.4087,32045.0723,25,3.8688,1446313.2500,11.1429,155168.0000,0.0000,163682
42,119,Tokyo_Small,train,MAPPO,3600,6,124,51,0.4113,1.0000,0.0000,895.2157,223.8039,0.8011,4.2374,228.7447,639.9286,919.1997,0.8037,29.2697,27.9751,800.8748,202.7006,1589.7017,264950.2812,0,0,-0.0038,0.5180,0.2997,1.2130,581,0.4113,0.5887,4.2571,513.2000,shock_burst,0.2020,0.3789,1.6527,0.0000,1.0000,0.0000,44.9047,24,435.1880,0.4372,0.7500,9,3,46879.1836,4.6855,0.0000,4.6855,0.3473,0.7499,0.0000,3.6026,25148.8594,14,3.9244,1573770.7500,10.4516,189572.1875,0.0000,197123
42,120,Kyoto_Small,train,IPPO,3600,6,91,46,0.5055,1.0000,0.0000,880.3696,220.0924,0.6715,4.0220,253.1667,594.6411,1074.6737,0.8490,19.3994,17.7361,749.7849,195.4516,727.1978,121199.6328,0,0,-0.0000,0.3749,0.6931,1.1614,425,0.5055,0.4945,4.0050,99.0000,flat,0.0899,0.1750,1.6604,0.0000,1.0000,0.0000,38.2319,12,100.7239,0.0777,0.7737,6,4,49434.9883,4.6703,0.0000,4.6703,0.5765,0.9164,0.0000,2.0073,9114.2266,7,3.2530,712048.8750,7.6813,62697.3984,0.0000,66175
42,121,Kyoto_Small,train,FaithfulMAPPER,3600,6,110,54,0.4909,1.0000,0.0000,853.0000,284.3333,0.6507,3.9990,257.0000,606.9318,1142.5292,0.8891,19.3704,17.6465,792.4976,168.6040,607.7636,101293.9375,0,0,-0.0015,0.4575,0.6636,1.1513,523,0.4909,0.5091,3.9711,99.0000,flat,0.1159,0.2152,1.6620,0.0000,1.0000,0.0000,28.4942,12,101.5828,0.0833,0.8274,7,4,61696.5742,4.7545,0.0000,4.7545,0.6001,1.1113,0.0000,1.8499,8267.4443,6,2.4400,599617.1875,7.3364,64201.9219,0.0000,66854
42,122,Kyoto_Small,train,MAPPO,3600,6,94,48,0.5106,1.0000,0.0000,746.5625,186.6406,0.6937,4.0044,250.0714,489.9268,1114.9586,0.8917,18.9753,17.8821,870.0021,221.0888,635.0000,105833.3359,0,0,-0.0031,0.4615,0.2764,1.3598,437,0.5106,0.4894,3.9882,99.0000,flat,0.1616,0.2963,1.6244,0.0000,1.0000,0.0000,27.0797,12,101.1881,0.0776,0.8347,7,2,53518.0156,4.6489,0.0000,4.6489,0.4763,0.8221,0.0000,1.9200,7515.2524,6,3.3894,626309.3750,6.7553,57220.8750,0.0000,59690
42,123,LosAngeles_Small,train,IPPO,3600,6,108,49,0.4537,1.0000,0.0000,1158.0204,386.0068,0.5894,4.6512,310.2500,877.3846,1354.8022,0.8734,23.7784,21.9629,870.2695,219.1156,1344.1389,224023.1562,0,0,-0.0001,0.4541,0.6931,1.2817,522,0.4537,0.5463,4.6745,944.3675,wave,0.0682,0.1575,1.7446,0.0000,1.0000,0.0000,39.2896,24,787.2586,0.3757,0.8673,6,4,66385.3125,4.8333,0.0000,4.8333,0.4830,0.9378,0.0000,5.0573,41666.1211,39,3.6422,1326374.5000,8.1944,139511.7656,0.0000,145167
42,124,LosAngeles_Small,train,FaithfulMAPPER,3600,6,99,46,0.4646,1.0000,0.0000,999.2391,333.0797,0.6375,4.6566,287.2820,707.5000,1302.3359,0.9067,23.0378,21.1997,940.9172,223.1223,1064.4242,177404.0469,0,0,-0.0023,0.4279,0.6634,1.0732,469,0.4646,0.5354,4.6824,944.3675,wave,0.0812,0.1732,1.6458,0.0000,1.0000,0.0000,26.8148,28,786.5125,0.3695,0.6798,6,3,59907.4531,4.7374,0.0000,4.7374,0.5712,1.3438,0.0000,4.9475,36285.7852,33,22.2749,1043717.3125,7.5960,99191.7188,0.0000,105378
42,125,LosAngeles_Small,train,MAPPO,3600,6,93,49,0.5269,1.0000,0.0000,876.2245,292.0748,0.6183,4.6491,240.8261,619.5238,1042.0385,0.8654,24.0082,21.9151,781.4343,256.2583,1055.6774,175946.2344,0,0,-0.0018,0.2756,0.2699,0.9120,443,0.5269,0.4731,4.7553,944.3675,wave,0.1134,0.2067,1.5211,0.0000,1.0000,0.0000,32.4184,24,787.5303,0.3730,0.8018,7,4,51059.8828,4.7634,0.0000,4.7634,0.5999,0.8544,0.0000,4.5992,35198.8828,33,44727.8398,1030909.3125,9.1505,91423.6328,0.0000,98178
42,126,Tokyo_Small,train,IPPO,3600,6,94,41,0.4362,1.0000,0.0000,1021.8293,204.3659,0.8980,4.2475,267.1429,763.3784,1281.7953,0.9596,28.9913,27.3524,852.4479,262.6794,1821.9574,303659.5625,0,0,-0.0000,0.4430,0.6931,1.2832,455,0.4362,0.5638,4.3073,513.2000,shock_burst,0.1930,0.3491,1.5931,0.0000,1.0000,0.0000,10.7838,24,434.4008,0.4318,0.6124,7,2,52553.6055,4.8404,0.0000,4.8404,0.4632,0.9571,0.0000,2.4322,21378.1582,13,2.7464,1801157.7500,7.9043,163649.4062,0.0000,171264
42,127,Tokyo_Small,train,FaithfulMAPPER,3600,6,105,54,0.5143,1.0000,0.0000,850.1852,170.0370,0.8780,4.2409,228.3111,621.0488,1151.5004,1.0000,29.5065,26.7652,924.2446,228.0956,1429.3429,238223.7969,0,0,-0.0026,0.3452,0.6765,0.9545,494,0.5143,0.4857,4.3608,513.2000,shock_burst,0.1574,0.2795,1.6820,0.0000,1.0000,0.0000,0.0000,28,435.3286,0.4305,0.7845,8,3,62181.0234,4.7048,0.0000,4.7048,0.5250,1.0263,0.0000,5.1998,45466.5977,24,3.3012,1409424.5000,8.9238,142993.6094,0.0000,150081
42,128,Tokyo_Small,train,MAPPO,3600,6,102,51,0.5000,1.0000,0.0000,856.5883,171.3177,0.8450,4.2544,309.2444,543.6750,1169.0541,0.7561,28.6072,26.2726,872.8472,250.0916,1416.1471,236024.5156,0,0,-0.0012,0.6412,0.2933,1.6589,492,0.5000,0.5000,4.3793,513.2000,shock_burst,0.1693,0.3194,1.6280,0.0000,1.0000,0.0000,75.4336,24,433.9517,0.4317,0.7873,8,3,59621.7578,4.8235,0.0000,4.8235,0.5498,1.1018,0.0000,3.1682,31565.8594,14,3.1188,1397835.7500,9.6667,135662.4844,0.0000,144447
42,129,Kyoto_Small,train,IPPO,3600,6,120,61,0.5083,1.0000,0.0000,865.9836,432.9918,0.3510,4.1727,221.4545,688.0196,950.6431,0.8585,20.1081,18.3436,705.0717,179.2433,658.9750,109829.1641,0,0,-0.0001,0.3652,0.6930,1.1596,556,0.5083,0.4917,4.2576,288.0000,shock_burst,0.1070,0.1925,1.6797,0.0000,1.0000,0.0000,31.3259,24,247.1203,0.4740,0.8872,8,4,57989.2266,4.6333,0.0000,4.6333,0.4301,0.6105,0.0000,2.9060,24455.5234,20,1.2758,649230.5625,9.2833,75149.1484,0.0000,79077
42,130,Kyoto_Small,train,FaithfulMAPPER,3600,6,100,48,0.4800,1.0000,0.0000,932.0208,466.0104,0.3412,4.2071,250.5610,724.5750,1090.0365,0.8701,19.8507,18.0981,737.2734,187.2056,415.7500,69291.6641,0,0,-0.0010,0.3884,0.6767,0.8651,472,0.4800,0.5200,4.2960,288.0000,shock_burst,0.1189,0.2157,1.5458,0.0000,1.0000,0.0000,32.5537,24,245.3494,0.4609,0.6727,6,3,52321.7539,4.7200,0.0000,4.7200,0.4727,0.7993,0.0000,3.1655,18887.3730,17,1.0945,402979.4375,7.8800,38242.0234,0.0000,41575
42,131,Kyoto_Small,train,MAPPO,3600,6,107,56,0.5234,1.0000,0.0000,825.4643,825.4643,0.3020,4.2088,237.3750,591.6744,1005.4575,0.8471,19.5213,17.8780,800.4686,184.8845,403.1402,67190.0312,0,0,-0.0028,0.3611,0.2745,1.2112,494,0.5234,0.4766,4.4611,288.0000,shock_burst,0.1733,0.3187,1.7176,0.0000,1.0000,0.0000,36.2835,20,245.8461,0.4537,0.7979,8,2,56305.6172,4.6168,0.0000,4.6168,0.4837,0.7516,0.0000,3.0408,17764.9141,23,1.4031,392123.2188,7.7944,39582.4727,0.0000,43136
42,132,LosAngeles_Small,train,IPPO,3600,6,114,47,0.4123,1.0000,0.0000,858.3192,429.1596,0.3641,4.2253,214.3954,662.8636,1022.7603,0.9541,22.1295,20.0763,822.1134,189.9312,1297.2192,216203.2344,0,0,-0.0001,0.4231,0.6930,1.2090,537,0.4123,0.5877,4.2586,430.0000,shock_burst,0.1361,0.2504,1.6655,0.0000,1.0000,0.0000,9.8433,24,365.1022,0.4445,0.7970,7,3,48069.7344,4.7105,0.0000,4.7105,0.3818,0.7877,0.0000,2.5192,13587.6387,12,3.3124,1281941.3750,8.5965,141528.5469,0.0000,147883
42,133,LosAngeles_Small,train,FaithfulMAPPER,3600,6,92,48,0.5217,1.0000,0.0000,1013.3333,506.6667,0.4048,4.2311,302.0000,778.4324,1173.5287,0.7772,23.7420,21.8316,806.8179,240.9963,868.1196,144686.5938,0,0,-0.0066,0.4445,0.6744,0.9574,431,0.5217,0.4783,4.2898,430.0000,shock_burst,0.1488,0.2817,1.8229,0.0000,1.0000,0.0000,67.2943,24,364.6575,0.4440,0.7883,8,4,56329.3789,4.6848,0.0000,4.6848,0.5800,1.0912,0.0000,2.4769,16697.4512,18,3.6182,848170.6250,7.5217,74284.8828,0.0000,79867
42,134,LosAngeles_Small,train,MAPPO,3600,6,95,44,0.4632,1.0000,0.0000,727.0455,363.5227,0.4010,4.2393,219.7143,581.7209,1002.7478,0.9128,24.1347,22.2905,815.0753,235.3525,854.4948,142415.7969,0,0,-0.0003,0.3353,0.2687,1.1982,453,0.4632,0.5368,4.3134,430.0000,shock_burst,0.1372,0.2475,1.4725,0.0000,1.0000,0.0000,19.1647,24,364.3856,0.4386,0.7771,7,3,44120.9023,4.7684,0.0000,4.7684,0.3842,0.6545,0.0000,4.1422,38008.8164,15,4.0567,837134.1250,7.6632,76108.0781,0.0000,81177
42,135,Tokyo_Small,train,IPPO,3600,6,90,49,0.5444,1.0000,0.0000,1030.5510,257.6378,0.7760,4.5048,276.8837,770.1539,943.2823,0.6814,29.1222,26.2417,726.3829,266.6742,1005.2222,167537.0312,0,0,-0.0001,0.4201,0.6930,1.2379,442,0.5444,0.4556,4.5346,883.7547,building_up,0.1757,0.3386,1.8211,0.0000,1.0000,0.0000,88.2273,28,757.7192,0.3391,0.7229,7,2,46220.8359,4.9111,0.0000,4.9111,0.4410,0.6498,0.0000,3.5633,31802.8555,25,2.7830,973277.6250,9.3222,80804.6094,0.0000,90470
42,136,Tokyo_Small,train,FaithfulMAPPER,3600,6,107,48,0.4486,1.0000,0.0000,927.3958,231.8490,0.7461,4.5036,295.5349,608.0000,1223.6974,0.8281,29.6227,26.4182,861.1173,233.2537,1015.5888,169264.7969,0,0,-0.0015,0.4604,0.6882,1.1121,521,0.4486,0.5514,4.5926,883.7547,building_up,0.1389,0.2622,1.7423,0.0000,1.0000,0.0000,50.7954,28,758.0386,0.3375,0.7824,6,2,58737.4727,4.8692,0.0000,4.8692,0.4269,0.8278,0.0000,5.5228,54047.4844,40,4.4428,992800.0625,6.7850,102341.1094,0.0000,108668
42,137,Tokyo_Small,train,MAPPO,3600,6,100,53,0.5300,1.0000,0.0000,906.1698,226.5424,0.7627,4.5036,268.3333,747.7895,1122.8345,0.8369,29.4452,26.1818,794.8582,236.4933,1115.3101,185885.0000,0,0,-0.0016,0.2777,0.2765,1.1028,472,0.5300,0.4700,4.5416,883.7547,building_up,0.2272,0.4000,1.6755,0.0000,1.0000,0.0000,43.7664,28,757.6375,0.3421,0.6875,8,2,59510.2266,4.7200,0.0000,4.7200,0.4965,0.7363,0.0000,3.4655,34540.5859,29,2.5927,1094186.2500,8.4200,104301.1328,0.0000,111531
42,138,Kyoto_Small,train,IPPO,3600,6,101,48,0.4752,1.0000,0.0000,970.6042,194.1208,0.8936,4.4911,274.0000,687.0000,1070.2859,0.7812,19.7605,17.9386,782.2355,193.3640,1013.3466,168891.0938,0,0,-0.0001,0.4981,0.6929,1.3582,463,0.4752,0.5248,4.5357,495.8625,building_up,0.1162,0.2250,1.6491,0.0000,1.0000,0.0000,59.9428,24,427.7870,0.3352,0.7956,7,4,51373.7227,4.5842,0.0000,4.5842,0.4752,0.7632,0.0000,4.6389,39396.4023,31,6.3084,999389.4375,8.2574,97681.8750,0.0000,102348
42,139,Kyoto_Small,train,FaithfulMAPPER,3600,6,88,46,0.5227,1.0000,0.0000,953.0870,238.2717,0.8321,4.4943,263.9756,738.8158,1260.8827,0.9553,19.2175,16.8551,885.7297,202.9158,722.4659,120410.9844,0,0,-0.0018,0.4537,0.6866,1.0722,420,0.5227,0.4773,4.5671,495.8625,building_up,0.2398,0.4292,1.5852,0.0000,1.0000,0.0000,11.7991,24,426.8261,0.3443,0.7911,7,1,58000.6016,4.7727,0.0000,4.7727,0.5074,0.9578,0.0000,3.3230,30665.8984,28,5.1718,704883.3125,7.4659,60067.1328,0.0000,63577
42,140,Kyoto_Small,train,MAPPO,3600,6,102,65,0.6373,1.0000,0.0000,775.5538,155.1108,0.8350,4.4865,260.7857,529.0000,967.8765,0.7423,19.8477,17.5732,880.1517,200.2712,786.8922,131148.6875,0,0,-0.0010,0.3235,0.2557,1.1620,469,0.6373,0.3627,4.5517,495.8625,building_up,0.1581,0.2916,1.8503,0.0000,1.0000,0.0000,67.2104,24,427.7842,0.3435,0.8928,8,3,62911.9727,4.5980,0.0000,4.5980,0.5424,0.8459,0.0000,6.3332,48314.2070,51,4.0809,773576.5000,7.3529,76703.4062,0.0000,80263
42,141,LosAngeles_Small,train,IPPO,3600,6,93,52,0.5591,1.0000,0.0000,1024.7885,512.3942,0.4840,4.0400,280.6429,753.7568,1087.8938,0.7753,23.6224,20.1806,806.0792,198.1475,757.8495,126308.2422,0,0,0.0000,0.4085,0.6929,1.2373,446,0.5591,0.4409,4.0360,149.0000,flat,0.1534,0.3402,1.5905,0.0000,1.0000,0.0000,63.0641,12,149.7642,0.0556,0.7871,8,1,56570.4805,4.7957,0.0000,4.7957,0.5725,0.8852,0.0000,1.8372,7266.0752,3,12.5480,745584.4375,8.4194,65628.2812,0.0000,70480
42,142,LosAngeles_Small,train,FaithfulMAPPER,3600,6,86,51,0.5930,1.0000,0.0000,741.9804,370.9902,0.4904,4.0404,272.3721,499.7027,1143.4012,0.8396,22.9431,21.4558,822.8314,245.9332,828.3023,138050.3906,0,0,-0.0043,0.3877,0.6876,0.8376,408,0.5930,0.4070,4.0343,149.0000,flat,0.0833,0.1579,1.6319,0.0000,1.0000,0.0000,43.6918,12,149.7161,0.0594,0.8844,6,4,58313.4609,4.7442,0.0000,4.7442,0.6311,0.8805,0.0000,2.0322,9128.2285,6,2.8048,813807.8125,7.0465,66440.2109,0.0000,71234
42,143,LosAngeles_Small,train,MAPPO,3600,6,96,51,0.5312,1.0000,0.0000,857.8823,285.9608,0.5092,4.0370,208.7674,635.6429,1055.8365,1.0000,23.8482,21.1513,784.6839,218.5476,787.4688,131244.7969,0,0,-0.0025,0.4163,0.2568,1.3053,442,0.5312,0.4688,4.0254,149.0000,flat,0.1144,0.2159,1.7566,0.0000,1.0000,0.0000,0.0000,16,149.9625,0.0576,0.7804,8,4,53847.6602,4.6042,0.0000,4.6042,0.5847,0.8945,0.0000,1.9298,8827.2012,6,3.5366,774465.0625,8.2500,71045.2812,0.0000,75597
42,144,Tokyo_Small,train,IPPO,3600,6,110,53,0.4818,1.0000,0.0000,820.6604,410.3302,0.4269,4.5051,217.3830,617.0227,974.0944,0.8962,29.3331,26.9807,747.0913,234.9886,944.1364,157356.0625,0,0,0.0000,0.3732,0.6929,1.1738,523,0.4818,0.5182,4.5721,883.7547,building_up,0.0804,0.1504,1.7045,0.0000,1.0000,1.0000,22.5641,24,758.0461,0.3317,0.9109,6,4,51627.0039,4.7545,0.0000,4.7545,0.4910,0.7698,0.0000,3.7299,33183.2383,33,1.5991,923702.1875,7.5545,97880.2656,0.0000,103855
42,145,Tokyo_Small,train,FaithfulMAPPER,3600,6,107,44,0.4112,1.0000,0.0000,947.9545,473.9773,0.4900,4.5069,248.5000,727.7675,1286.2021,1.0000,28.5220,26.2337,836.4424,240.3331,1110.7570,185126.1719,0,0,-0.0028,0.3107,0.6857,0.9972,519,0.4112,0.5888,4.5925,883.7547,building_up,0.0976,0.1825,1.6543,0.0000,1.0000,0.0000,0.0000,28,757.3784,0.3391,0.8051,6,3,56592.8906,4.8505,0.0000,4.8505,0.5158,1.0812,0.0000,6.0136,58342.8906,46,2.3124,1090389.5000,9.4299,111946.4922,0.0000,118851
42,146,Tokyo_Small,train,MAPPO,3600,6,105,49,0.4667,1.0000,0.0000,995.9592,497.9796,0.4554,4.5048,241.9512,700.6512,1027.7938,0.8496,29.0583,26.0558,777.2036,220.8306,998.8476,166474.6094,0,0,-0.0005,0.5417,0.2317,1.5291,505,0.4667,0.5333,4.5359,883.7547,building_up,0.1229,0.2350,1.7998,0.0000,1.0000,0.0000,36.3925,24,758.3064,0.3316,0.7903,8,4,50361.8945,4.8095,0.0000,4.8095,0.5356,1.0280,0.0000,3.8735,43623.3984,37,1.4856,977935.2500,9.7810,98188.8516,0.0000,104879
42,147,Kyoto_Small,train,IPPO,3600,6,112,59,0.5268,1.0000,0.0000,927.3898,185.4780,0.8367,4.6332,302.8400,734.3617,1259.0736,0.8315,19.6985,18.4412,828.0640,185.9568,880.5089,146751.4844,0,0,0.0000,0.7059,0.6929,1.5739,528,0.5268,0.4732,4.6412,631.4694,wave,0.1538,0.2800,1.5837,0.0000,1.0000,0.0000,51.0253,28,528.6561,0.3919,0.7971,9,4,74285.3438,4.7143,0.0000,4.7143,0.6834,1.0957,0.0000,4.7747,56400.5156,47,5.3343,868052.0625,8.2768,94864.4688,0.0000,98617
42,148,Kyoto_Small,train,FaithfulMAPPER,3600,6,105,64,0.6095,1.0000,0.0000,763.4219,152.6844,0.8448,4.6468,223.3396,552.9545,1164.7759,1.0000,19.8674,18.2916,901.4307,187.2089,794.0190,132336.5156,0,0,-0.0029,0.4300,0.6827,0.9963,495,0.6095,0.3905,4.7421,631.4694,wave,0.1212,0.2242,1.7758,0.0000,1.0000,0.0000,0.0000,28,528.3597,0.3659,0.8267,9,4,74545.6562,4.7143,0.0000,4.7143,0.5545,0.8702,0.0000,6.1455,42231.1016,41,4.1911,778989.5000,6.9143,79529.9453,0.0000,83372
42,149,Kyoto_Small,train,MAPPO,3600,6,119,57,0.4790,1.0000,0.0000,945.5088,189.1018,0.8519,4.6374,310.3400,708.1277,1217.5336,0.7846,20.0635,18.0502,869.7349,189.7673,867.5042,144584.0312,0,0,-0.0036,0.3535,0.2573,1.1903,555,0.4790,0.5210,4.6188,631.4694,wave,0.1244,0.2263,1.6967,0.0000,1.0000,0.0000,66.8333,28,528.4642,0.3884,0.8551,8,4,69399.4141,4.6639,0.0000,4.6639,0.4763,0.9023,0.0000,4.6064,41056.0156,51,4.8133,854285.5000,7.8571,99094.9453,0.0000,103233
42,150,LosAngeles_Small,train,IPPO,3600,6,107,50,0.4673,1.0000,0.0000,984.4600,492.2300,0.4342,4.0441,215.1861,636.2857,1050.1033,0.9760,23.8655,19.7332,877.2079,201.4690,925.0374,154172.8906,0,0,0.0000,0.4306,0.6928,1.2759,521,0.4673,0.5327,4.0386,149.0000,flat,0.1303,0.2472,1.5801,0.0000,1.0000,0.0000,5.1654,12,149.7355,0.0582,0.7753,9,4,52505.1602,4.8692,0.0000,4.8692,0.4321,0.7926,0.0000,1.7580,6861.5068,4,8.0915,913870.4375,7.3645,94519.7734,0.0000,98979
42,151,LosAngeles_Small,train,FaithfulMAPPER,3600,6,110,51,0.4636,1.0000,0.0000,850.3333,425.1667,0.4638,4.0310,252.5682,618.5714,1105.6317,0.8755,24.1941,22.7981,825.9988,211.9888,849.6000,141600.0000,0,0,-0.0042,0.3087,0.6715,0.8227,531,0.4636,0.5364,4.0113,149.0000,flat,0.1033,0.2085,1.6357,0.0000,1.0000,0.0000,31.4418,16,150.3242,0.0608,0.7553,7,3,56387.2188,4.8273,0.0000,4.8273,0.5098,0.8879,0.0000,1.9307,9671.5859,5,4.9484,838063.9375,7.1273,88928.6328,0.0000,93456
42,152,LosAngeles_Small,train,MAPPO,3600,6,98,37,0.3776,1.0000,0.0000,991.1622,495.5811,0.4746,4.0455,318.7059,718.8750,1331.6853,0.8357,23.7171,20.9127,871.3983,237.5336,1179.0204,196503.4062,0,0,-0.0017,0.4521,0.2527,1.3471,472,0.3776,0.6224,4.0347,149.0000,flat,0.1326,0.2553,1.6567,0.0000,1.0000,0.0000,52.3688,12,149.4600,0.0578,0.6811,5,2,49272.3555,4.8163,0.0000,4.8163,0.3941,0.9522,0.0000,1.7166,8183.3472,5,4.4995,1166011.1250,9.2041,110002.9219,0.0000,115544
42,153,Tokyo_Small,train,IPPO,3600,6,112,47,0.4196,1.0000,0.0000,973.0000,486.5000,0.4298,4.3387,328.8837,660.4250,1344.3140,0.8175,28.7992,26.8621,875.6113,218.9242,953.1964,158866.0781,0,0,-0.0000,0.7087,0.6928,1.6452,539,0.4196,0.5804,4.3848,618.6302,ramp_up_down,0.1518,0.2759,1.7280,0.0000,1.0000,0.0000,60.0209,24,548.0747,0.3043,0.7330,7,3,63182.7578,4.8125,0.0000,4.8125,0.5197,1.2926,0.0000,6.7234,42609.9492,18,2.4206,935183.4375,10.4554,100065.1016,0.0000,106758
42,154,Tokyo_Small,train,FaithfulMAPPER,3600,6,95,43,0.4526,1.0000,0.0000,951.0698,475.5349,0.4338,4.3392,281.1579,784.8684,1131.6201,0.8050,28.5430,25.5837,839.5408,259.4415,732.8421,122140.3516,0,0,-0.0049,0.4373,0.6618,0.9414,458,0.4526,0.5474,4.3699,618.6302,ramp_up_down,0.1709,0.3077,1.6922,0.0000,1.0000,0.0000,54.8339,28,548.1311,0.3023,0.7377,6,2,48659.6680,4.8211,0.0000,4.8211,0.4159,0.8441,0.0000,2.2657,15282.9219,20,2.2779,712535.0000,9.2421,62721.9453,0.0000,69620
42,155,Tokyo_Small,train,MAPPO,3600,6,103,55,0.5340,1.0000,0.0000,964.5818,482.2909,0.4958,4.3371,350.1875,673.3953,1200.0468,0.6854,28.5372,25.8904,775.2706,216.2083,1198.4271,199737.8594,0,0,-0.0004,0.4428,0.2626,1.3758,500,0.5340,0.4660,4.3444,618.6302,ramp_up_down,0.1086,0.2108,1.6342,0.0000,1.0000,0.0000,110.1781,28,548.1533,0.3048,0.7683,7,3,66002.5703,4.8544,0.0000,4.8544,0.5053,0.7716,0.0000,3.1050,28400.8867,33,2.1066,1179313.1250,9.0388,116248.3438,0.0000,123438
42,156,Kyoto_Small,train,IPPO,3600,6,91,56,0.6154,1.0000,0.0000,832.0893,277.3631,0.6664,4.3117,242.5918,577.5870,1070.1581,0.8823,19.3128,16.6241,775.3138,213.2558,554.1208,92353.4766,0,0,-0.0000,0.4021,0.6929,1.1260,421,0.6154,0.3846,4.2994,347.1364,ramp_up_down,0.0978,0.1918,1.7630,0.0000,1.0000,0.0000,28.5602,24,309.9342,0.3201,0.7983,8,4,59928.8516,4.6264,0.0000,4.6264,0.6457,0.8593,0.0000,2.5750,24458.5957,27,2.6312,540379.9375,8.2967,47318.5859,0.0000,50425
42,157,Kyoto_Small,train,FaithfulMAPPER,3600,6,111,50,0.4505,1.0000,0.0000,1027.0601,256.7650,0.7460,4.3067,353.0714,663.2703,1267.1007,0.7178,19.7583,18.2001,923.3691,170.6047,934.2973,155716.2188,0,0,-0.0026,0.5516,0.6522,1.1733,533,0.4505,0.5495,4.3422,347.1364,ramp_up_down,0.1970,0.3536,1.6655,0.0000,1.0000,0.0000,99.6513,24,310.1886,0.3206,0.7182,7,2,63355.0391,4.8018,0.0000,4.8018,0.3902,0.8252,0.0000,2.9870,20483.4434,23,7.3496,923173.0000,7.5405,99954.7500,0.0000,103707
42,158,Kyoto_Small,train,MAPPO,3600,6,99,51,0.5152,1.0000,0.0000,809.8431,269.9477,0.5213,4.3270,260.6512,555.4054,939.3174,0.7207,19.8693,17.7440,757.2401,186.4215,604.9495,100824.9141,0,0,-0.0009,0.4034,0.2470,1.3205,470,0.5152,0.4848,4.3635,347.1364,ramp_up_down,0.2016,0.3662,1.8340,0.0000,1.0000,0.0000,72.7877,28,308.9675,0.3104,0.8431,7,2,47905.1914,4.7475,0.0000,4.7475,0.5015,0.8485,0.0000,3.7191,31104.0039,34,1.8552,592751.9375,8.6768,56177.2383,0.0000,59890
42,159,LosAngeles_Small,train,IPPO,3600,6,102,47,0.4608,1.0000,0.0000,826.5532,413.2766,0.4595,4.2496,232.9744,618.5278,1081.9056,0.9288,23.8835,21.1743,810.6014,225.0830,938.3922,156398.6875,0,0,-0.0000,0.5281,0.6928,1.4155,494,0.4608,0.5392,4.4335,430.0000,shock_burst,0.1607,0.2974,1.7609,0.0000,1.0000,0.0000,16.5932,24,364.1514,0.4320,0.7888,7,2,50849.5625,4.8431,0.0000,4.8431,0.4553,0.8953,0.0000,2.5698,12842.9561,17,2.8303,923216.0000,9.1863,90714.9844,0.0000,95716
42,160,LosAngeles_Small,train,FaithfulMAPPER,3600,6,102,45,0.4412,1.0000,0.0000,1034.8445,344.9482,0.5104,4.2374,352.3333,708.3421,1347.1721,0.7647,22.7272,21.0766,937.8088,202.7876,819.9412,136656.8594,0,0,-0.0035,0.4814,0.6459,1.0237,481,0.4412,0.5588,4.3398,430.0000,shock_burst,0.1813,0.3317,1.5984,0.0000,1.0000,0.0000,82.8989,32,364.1053,0.4437,0.7442,8,2,60622.7461,4.7157,0.0000,4.7157,0.5767,1.3165,0.0000,2.9230,25859.6230,21,3.0499,803855.5000,10.7157,78297.5781,0.0000,83634
42,161,LosAngeles_Small,train,MAPPO,3600,6,121,59,0.4876,1.0000,0.0000,1053.9830,351.3277,0.5392,4.2345,268.4255,721.8333,1030.3336,0.7677,22.5678,20.0495,848.2609,194.2484,1335.5951,222599.1875,0,0,-0.0015,0.2315,0.2416,1.0113,588,0.4876,0.5124,4.3955,430.0000,shock_burst,0.1301,0.2371,1.5364,0.0000,1.0000,0.0000,62.3588,24,364.5945,0.4440,0.8149,8,4,60789.6836,4.8595,0.0000,4.8595,0.4459,0.6939,0.0000,5.0096,36871.5430,18,6.2785,1321860.5000,7.0661,155760.9375,0.0000,161607
42,162,Tokyo_Small,train,IPPO,3600,6,101,39,0.3861,1.0000,0.0000,911.5641,303.8547,0.5747,4.0498,302.0857,646.3235,1112.0536,0.7363,28.1146,26.4101,741.9458,242.1965,1154.8119,192468.6406,0,0,0.0000,0.4322,0.6929,1.2819,476,0.3861,0.6139,4.0401,177.0000,flat,0.1728,0.3536,1.6155,0.0000,1.0000,0.0000,79.6750,12,177.0272,0.0542,0.6966,5,1,43370.0898,4.7129,0.0000,4.7129,0.4457,0.9400,0.0000,1.8765,10032.7090,5,2.3570,1139441.8750,10.4752,109637.8281,0.0000,116636
42,163,Tokyo_Small,train,FaithfulMAPPER,3600,6,121,46,0.3802,1.0000,0.0000,971.9130,323.9710,0.5483,4.0444,252.3750,748.2105,1074.6616,0.8516,29.2149,27.3958,856.1388,238.9297,999.8513,166641.8750,0,0,-0.0009,0.5232,0.6501,0.9508,588,0.3802,0.6198,4.0339,177.0000,flat,0.1481,0.2673,1.6905,0.0000,1.0000,0.0000,37.4427,12,177.3525,0.0505,0.6611,7,3,49434.4336,4.8595,0.0000,4.8595,0.3421,0.8343,0.0000,1.6422,8254.3145,4,1.7038,986027.3750,8.3306,114919.4375,0.0000,120982
42,164,Tokyo_Small,train,MAPPO,3600,6,110,59,0.5364,1.0000,0.0000,971.1187,323.7062,0.6138,4.0392,305.3469,756.7250,1166.2455,0.7639,29.0063,27.5946,871.8138,234.8568,1187.1727,197862.1250,0,0,-0.0038,0.3212,0.2856,1.1825,530,0.5364,0.4636,4.0415,177.0000,flat,0.1898,0.3423,1.7432,0.0000,1.0000,0.0000,72.0978,12,177.8436,0.0513,0.7184,8,2,68808.4844,4.8182,0.0000,4.8182,0.4944,0.9619,0.0000,1.7660,8859.1914,3,2.6448,1172431.8750,8.6182,124526.6875,0.0000,130589
42,165,Kyoto_Small,train,IPPO,3600,6,106,55,0.5189,1.0000,0.0000,816.6182,816.6182,0.3209,3.9985,258.7600,515.5854,994.2473,0.7685,19.8765,17.8833,782.8246,193.3175,438.9811,73163.5234,0,0,-0.0000,0.3891,0.6929,1.2019,483,0.5189,0.4811,3.9844,99.0000,flat,0.1304,0.2516,1.8236,0.0000,1.0000,0.0000,59.9106,12,101.4331,0.0708,0.7803,8,4,54683.6016,4.5566,0.0000,4.5566,0.4413,0.7035,0.0000,1.8993,7146.6616,5,5.0039,430135.3438,7.0094,43825.6289,0.0000,46532
42,166,Kyoto_Small,train,FaithfulMAPPER,3600,6,96,41,0.4271,1.0000,0.0000,850.4878,850.4878,0.3129,4.0127,238.0833,498.8857,1000.1913,0.8402,19.0164,17.4647,789.5234,174.1724,627.6354,104605.9062,0,0,-0.0056,0.4573,0.6535,1.2006,457,0.4271,0.5729,3.9882,99.0000,flat,0.1441,0.2676,1.7624,0.0000,1.0000,0.0000,38.0451,12,100.7772,0.0729,0.7596,6,3,41007.8438,4.7604,0.0000,4.7604,0.3915,0.8724,0.0000,1.8104,7016.2563,9,1.9315,618355.5625,7.7083,57247.8281,0.0000,60253
42,167,Kyoto_Small,train,MAPPO,3600,6,100,54,0.5400,1.0000,0.0000,864.7222,432.3611,0.4192,4.0030,267.5111,594.0952,1123.4427,0.8399,19.7234,17.4988,814.4761,206.9997,546.3300,91055.0000,0,0,-0.0037,0.4799,0.2785,1.3639,470,0.5400,0.4600,4.0033,99.0000,flat,0.1560,0.3098,1.6660,0.0000,1.0000,0.0000,42.8226,12,101.3347,0.0713,0.7191,8,4,60665.9062,4.7000,0.0000,4.7000,0.5545,0.8190,0.0000,1.8210,8860.8848,6,1.9777,536423.2500,7.5500,51177.8555,0.0000,54633
42,168,LosAngeles_Small,train,IPPO,3600,6,97,41,0.4227,1.0000,0.0000,926.9512,463.4756,0.3688,4.2411,247.9737,706.1316,1270.6711,1.0000,23.8601,22.7253,829.1386,240.7608,734.6804,122446.7344,0,0,-0.0000,0.3529,0.6929,1.1311,466,0.4227,0.5773,4.3345,430.0000,shock_burst,0.1442,0.2797,1.6963,0.0000,1.0000,0.0000,0.0000,24,364.0961,0.4397,0.7051,6,2,52097.5156,4.8041,0.0000,4.8041,0.5017,0.9659,0.0000,3.0820,27778.8320,15,3.8549,718486.5000,10.0412,65117.7773,0.0000,71264
42,169,LosAngeles_Small,train,FaithfulMAPPER,3600,6,100,47,0.4700,1.0000,0.0000,954.1277,477.0638,0.3783,4.2382,278.3750,635.2051,1075.9801,0.7730,23.6978,19.1626,808.3371,219.8246,793.2100,132201.6719,0,0,-0.0010,0.3343,0.6472,0.9442,479,0.4700,0.5300,4.3230,430.0000,shock_burst,0.0966,0.1818,1.6403,0.0000,1.0000,0.0000,63.1790,28,364.6472,0.4365,0.8870,7,4,50571.0625,4.7900,0.0000,4.7900,0.3576,0.6204,0.0000,3.6128,27148.8125,22,2.9891,777667.0625,7.0200,74741.3750,0.0000,79321
42,170,LosAngeles_Small,train,MAPPO,3600,6,104,51,0.4904,1.0000,0.0000,1128.6471,564.3235,0.3563,4.2345,284.2195,748.8649,1209.1815,0.8509,22.6532,19.1768,909.7930,227.1211,1192.4038,198733.9688,0,0,-0.0008,0.2903,0.2385,1.1262,504,0.4904,0.5096,4.2404,430.0000,shock_burst,0.1028,0.1975,1.6012,0.0000,1.0000,0.0000,42.3832,28,364.6642,0.4419,0.7699,8,4,61668.2578,4.8462,0.0000,4.8462,0.4697,0.8522,0.0000,3.4374,22919.2207,20,2.2988,1177592.7500,8.4712,118873.2656,0.0000,124010
42,171,Tokyo_Small,train,IPPO,3600,6,103,49,0.4757,1.0000,0.0000,980.8367,245.2092,0.7550,4.0447,263.1905,703.8919,1144.1418,0.8694,27.8911,26.0625,832.3102,230.9418,1398.2039,233034.0000,0,0,-0.0000,0.3327,0.6929,1.0744,502,0.4757,0.5243,4.0329,177.0000,flat,0.1481,0.2673,1.5975,0.0000,1.0000,0.0000,34.3621,16,177.4653,0.0508,0.7120,7,3,56062.9492,4.8738,0.0000,4.8738,0.5614,0.9692,0.0000,1.8257,11695.3994,3,13.8829,1384747.6250,9.1359,136671.5781,0.0000,144015
42,172,Tokyo_Small,train,FaithfulMAPPER,3600,6,115,48,0.4174,1.0000,0.0000,1062.6459,265.6615,0.7463,4.0463,256.7073,912.3750,1041.0732,0.8111,29.4845,26.9325,751.9454,199.1792,1490.5652,248427.5469,0,0,-0.0004,0.3437,0.6569,1.0092,544,0.4174,0.5826,4.0431,177.0000,flat,0.1301,0.2339,1.6012,0.0000,1.0000,0.0000,48.4927,12,177.4247,0.0516,0.7666,6,3,49971.5117,4.7304,0.0000,4.7304,0.3750,0.6600,0.0000,1.8433,10130.0986,6,2.9870,1475417.6250,11.5739,162162.6250,0.0000,171415
42,173,Tokyo_Small,train,MAPPO,3600,6,90,48,0.5333,1.0000,0.0000,1168.4791,233.6958,0.8453,4.0528,335.1628,936.9730,1430.5939,0.8537,29.3597,27.8699,998.5429,265.0453,1356.8112,226135.1875,0,0,-0.0009,0.4015,0.2692,1.2841,423,0.5333,0.4667,4.0495,177.0000,flat,0.1500,0.2828,1.5221,0.0000,1.0000,0.0000,49.0440,12,176.9617,0.0517,0.6390,7,3,68668.5078,4.7000,0.0000,4.7000,0.6512,1.2174,0.0000,1.8036,10994.0742,7,3.2876,1335984.2500,9.4778,114905.7969,0.0000,122113
42,174,Kyoto_Small,train,IPPO,3600,6,94,53,0.5638,1.0000,0.0000,873.9623,291.3208,0.6181,4.2096,300.3261,546.7632,1289.6827,0.8589,19.1895,17.6466,925.0944,213.0945,772.2979,128716.3125,0,0,-0.0000,0.7399,0.6929,1.6621,433,0.5638,0.4362,4.3296,288.0000,shock_burst,0.1465,0.2631,1.5928,0.0000,1.0000,0.0000,42.3895,28,245.3372,0.4605,0.7758,7,3,68353.1875,4.6064,0.0000,4.6064,0.5913,1.0051,0.0000,2.9994,25149.7812,16,2.3801,760289.5625,6.5426,69493.7734,0.0000,72596
42,175,Kyoto_Small,train,FaithfulMAPPER,3600,6,104,54,0.5192,1.0000,0.0000,920.0741,306.6914,0.6420,4.1982,277.7551,669.3111,1168.2526,0.8412,19.8983,18.6291,820.6318,187.5449,746.2404,124373.3984,0,0,-0.0020,0.3755,0.6505,1.0212,476,0.5192,0.4808,4.3104,288.0000,shock_burst,0.0531,0.1108,1.6848,0.0000,1.0000,0.0000,44.1046,20,246.4200,0.4555,0.8065,6,4,63085.6367,4.5769,0.0000,4.5769,0.4950,0.7905,0.0000,3.9187,32156.7852,17,22918.0977,735294.3125,8.3942,73923.0703,0.0000,77609
42,176,Kyoto_Small,train,MAPPO,3600,6,103,50,0.4854,1.0000,0.0000,849.8200,283.2733,0.6141,4.1918,263.0238,574.6744,1239.2021,0.9423,20.0181,18.4368,829.5911,179.0040,559.5049,93250.8125,0,0,-0.0022,0.3541,0.2643,1.2391,491,0.4854,0.5146,4.3349,288.0000,shock_burst,0.1986,0.3586,1.6724,0.0000,1.0000,0.0000,15.1834,24,246.0928,0.4669,0.7415,9,3,61960.1055,4.7670,0.0000,4.7670,0.4962,0.9319,0.0000,2.9523,28277.3496,21,2.2583,547415.7500,7.5922,54231.7227,0.0000,57629
42,177,LosAngeles_Small,train,IPPO,3600,6,89,40,0.4494,1.0000,0.0000,974.5000,324.8333,0.6210,4.2412,252.7222,767.1316,1267.4991,1.0000,23.5640,21.9021,896.1462,260.0974,1393.1686,232194.7500,0,0,0.0000,0.3858,0.6929,1.2122,423,0.4494,0.5506,4.2875,430.0000,shock_burst,0.1042,0.1925,1.7125,0.0000,1.0000,0.0000,0.0000,24,364.1497,0.4397,0.7296,6,3,50699.9688,4.7528,0.0000,4.7528,0.4748,1.1121,0.0000,3.4867,16317.0010,14,4.1778,1376822.0000,9.1910,117301.7500,0.0000,123992
42,178,LosAngeles_Small,train,FaithfulMAPPER,3600,6,110,48,0.4364,1.0000,0.0000,929.0208,309.6736,0.5826,4.2325,288.8095,708.8108,1196.5538,0.8286,23.6865,21.6419,809.3327,196.8626,1371.0909,228515.1562,0,0,-0.0040,0.3253,0.6419,0.8898,528,0.4364,0.5636,4.3241,430.0000,shock_burst,0.0945,0.1809,1.6959,0.0000,1.0000,0.0000,49.4987,20,364.7003,0.4435,0.8234,7,4,57434.5859,4.8000,0.0000,4.8000,0.4205,0.8410,0.0000,3.0120,23179.2188,15,3.1068,1354508.6250,8.1091,144024.5938,0.0000,150820
42,179,LosAngeles_Small,train,MAPPO,3600,6,112,49,0.4375,1.0000,0.0000,877.3265,292.4422,0.5969,4.2331,290.7500,625.6342,1047.7279,0.7207,23.4172,20.7904,831.9859,232.2840,997.7411,166290.1719,0,0,-0.0025,0.2994,0.2157,1.0594,543,0.4375,0.5625,4.3126,430.0000,shock_burst,0.1136,0.2033,1.5705,0.0000,1.0000,0.0000,81.2044,28,364.4511,0.4457,0.8182,7,4,51338.6680,4.8482,0.0000,4.8482,0.3578,0.6561,0.0000,3.8923,50690.2656,17,3.8038,982542.8750,7.8304,106218.1953,0.0000,111747
42,180,Tokyo_Small,train,IPPO,3600,6,111,51,0.4595,1.0000,0.0000,974.0000,243.5000,0.7291,4.3336,250.2045,674.3658,1108.1461,0.8858,29.2881,27.7020,882.4490,233.5419,1420.2522,236708.7031,0,0,-0.0000,0.5880,0.6929,1.4721,530,0.4595,0.5405,4.3649,618.6302,ramp_up_down,0.1522,0.2715,1.6737,0.0000,1.0000,0.0000,28.5753,24,548.4194,0.3089,0.8754,8,3,56515.4570,4.7748,0.0000,4.7748,0.4365,0.8351,0.0000,2.4067,19031.4785,23,3.6126,1401792.2500,11.1712,149406.7812,0.0000,157648
42,181,Tokyo_Small,train,FaithfulMAPPER,3600,6,99,50,0.5051,1.0000,0.0000,885.9200,221.4800,0.7723,4.3327,303.3864,590.9268,1159.5929,0.7644,28.2727,25.2797,824.5242,240.0168,984.6364,164106.0625,0,0,-0.0038,0.3204,0.6273,0.9694,472,0.5051,0.4949,4.3717,618.6302,ramp_up_down,0.1616,0.3402,1.6677,0.0000,1.0000,0.0000,71.4678,28,548.9108,0.3003,0.7377,9,3,57979.6406,4.7677,0.0000,4.7677,0.5002,0.9352,0.0000,3.3832,42281.7695,18,3.3240,962803.6250,7.5556,90882.5078,0.0000,97479
42,182,Tokyo_Small,train,MAPPO,3600,6,89,44,0.4944,1.0000,0.0000,1037.6364,259.4091,0.7360,4.3407,258.0000,748.9512,1152.8231,0.8937,29.4894,27.8528,871.5710,253.9768,1341.5168,223586.1406,0,0,-0.0018,0.4201,0.2515,1.2879,431,0.4944,0.5056,4.3559,618.6302,ramp_up_down,0.1085,0.2157,1.6199,0.0000,1.0000,0.0000,27.4354,28,548.1558,0.2982,0.7119,7,4,50724.2148,4.8427,0.0000,4.8427,0.5095,0.9760,0.0000,3.3336,19533.1426,23,4.1287,1320766.6250,7.5618,113115.4688,0.0000,119395
42,183,Kyoto_Small,train,IPPO,3600,6,121,58,0.4793,1.0000,0.0000,1019.4483,509.7242,0.4516,4.4763,256.9184,796.4348,1014.0220,0.7894,19.5044,17.2929,768.5745,194.4437,574.3140,95719.0078,0,0,-0.0001,0.3920,0.6929,1.2242,571,0.4793,0.5207,4.4717,495.8625,building_up,0.1496,0.2800,1.7476,0.0000,1.0000,0.0000,54.1140,24,428.4625,0.3521,0.9040,9,3,58813.2773,4.7190,0.0000,4.7190,0.4821,0.8308,0.0000,5.3372,45406.1133,34,2.6963,563525.0000,7.6364,66376.5391,0.0000,69492
42,184,Kyoto_Small,train,FaithfulMAPPER,3600,6,112,60,0.5357,1.0000,0.0000,891.7667,445.8833,0.4405,4.4868,243.1923,663.6445,964.5464,0.7932,19.8185,17.4071,768.8638,180.1646,634.9554,105825.8906,0,0,-0.0039,0.5180,0.6077,1.1131,534,0.5357,0.4643,4.5398,495.8625,building_up,0.2000,0.3709,1.8035,0.0000,1.0000,0.0000,50.2830,32,427.5242,0.3522,0.8528,10,3,57872.7812,4.7679,0.0000,4.7679,0.5142,0.8388,0.0000,3.7318,30212.0273,32,3.2663,622896.0625,7.9286,67610.2266,0.0000,71115
42,185,Kyoto_Small,train,MAPPO,3600,6,98,49,0.5000,1.0000,0.0000,992.3674,496.1837,0.4778,4.4798,264.1333,709.7111,1197.1603,0.9065,19.6630,16.8748,821.3934,200.6418,651.6735,108612.2422,0,0,-0.0003,0.2622,0.2548,1.0700,473,0.5000,0.5000,4.5119,495.8625,building_up,0.1717,0.3116,1.6445,0.0000,1.0000,0.0000,24.7013,24,427.9042,0.3538,0.8032,7,2,58660.8516,4.8265,0.0000,4.8265,0.5301,0.8698,0.0000,4.6298,33263.8945,43,3.1165,637651.0625,6.1633,60394.3828,0.0000,63864
42,186,LosAngeles_Small,train,IPPO,3600,6,103,46,0.4466,1.0000,0.0000,975.2609,487.6304,0.3608,4.6513,284.8378,693.8286,1015.5583,0.7131,24.2471,21.8131,782.7737,239.0617,1214.0970,202349.5156,0,0,-0.0001,0.6397,0.6929,1.5667,484,0.4466,0.5534,4.6764,944.3675,wave,0.0994,0.1902,1.6076,0.0000,1.0000,0.0000,81.7262,28,787.3025,0.3710,0.7878,6,3,46715.6797,4.6990,0.0000,4.6990,0.4466,0.8087,0.0000,4.4177,34858.9414,34,4.2215,1191651.7500,10.3010,117322.6406,0.0000,125052
42,187,LosAngeles_Small,train,FaithfulMAPPER,3600,6,112,49,0.4375,1.0000,0.0000,966.5510,966.5510,0.3151,4.6550,312.0714,594.3514,1408.0959,0.9024,23.7286,21.9125,894.2303,234.5689,1016.2679,169377.9688,0,0,-0.0035,0.5118,0.5903,0.9640,530,0.4375,0.5625,4.6829,944.3675,wave,0.1657,0.3346,1.6932,0.0000,1.0000,0.0000,30.4522,28,786.9619,0.3680,0.8519,8,2,68996.7031,4.7321,0.0000,4.7321,0.4717,0.9876,0.0000,3.4224,23494.5254,29,2.6340,981766.1250,7.8304,105541.4688,0.0000,113822
42,188,LosAngeles_Small,train,MAPPO,3600,6,91,45,0.4945,1.0000,0.0000,941.4445,470.7222,0.3659,4.6595,291.2632,670.2121,1107.4840,0.7605,23.4789,22.3618,870.5110,231.1770,903.6923,150615.3906,0,0,-0.0003,0.4144,0.2630,1.3307,428,0.4945,0.5055,4.7873,944.3675,wave,0.1186,0.2161,1.7198,0.0000,1.0000,0.0000,69.7664,28,786.8981,0.3539,0.8104,6,3,49836.7812,4.7033,0.0000,4.7033,0.5050,1.0258,0.0000,4.2819,24549.9277,34,3.7953,876788.6875,6.4286,75718.3281,0.0000,82236
42,189,Tokyo_Small,train,IPPO,3600,6,102,54,0.5294,1.0000,0.0000,965.2222,482.6111,0.4269,4.2418,244.5532,803.6905,1179.8057,0.9649,28.3834,26.0332,876.6855,227.8301,1251.8628,208643.7969,0,0,0.0000,0.4665,0.6928,1.3462,474,0.5294,0.4706,4.3572,513.2000,shock_burst,0.0946,0.1755,1.7143,0.0000,1.0000,0.0000,8.5921,24,434.7661,0.4362,0.6944,7,4,63709.5039,4.6471,0.0000,4.6471,0.5113,0.9050,0.0000,2.6405,22155.8789,17,2.2365,1203952.2500,8.2059,116206.7266,0.0000,127690
42,190,Tokyo_Small,train,FaithfulMAPPER,3600,6,103,46,0.4466,1.0000,0.0000,1219.3043,609.6522,0.4221,4.2462,377.1282,833.1667,1442.2826,0.7649,28.9850,27.7992,995.9728,258.7878,1081.5243,180254.0469,0,0,-0.0035,0.6049,0.5903,1.1708,497,0.4466,0.5534,4.2525,513.2000,shock_burst,0.0969,0.1884,1.7368,0.0000,1.0000,0.0000,88.6717,20,434.4086,0.4346,0.7408,5,3,66345.0000,4.8252,0.0000,4.8252,0.5352,1.2688,0.0000,2.8682,25069.8066,23,3.8811,1062491.0000,6.3786,104243.7734,0.0000,111397
42,191,Tokyo_Small,train,MAPPO,3600,6,120,54,0.4500,1.0000,0.0000,985.4074,492.7037,0.3865,4.2396,282.3333,693.0000,1023.5246,0.7250,29.5878,27.3669,780.6039,218.9269,1143.9083,190651.3750,0,0,-0.0010,0.3929,0.2678,1.2460,559,0.4500,0.5500,4.3560,513.2000,shock_burst,0.1418,0.2517,1.6692,0.0000,1.0000,0.0000,77.6284,24,434.9411,0.4376,0.8131,7,3,55270.3281,4.6583,0.0000,4.6583,0.5110,0.8946,0.0000,2.8044,23452.2949,19,1.0894,1127457.1250,10.4500,128716.6953,0.0000,137269
42,192,Kyoto_Small,train,IPPO,3600,6,97,53,0.5464,1.0000,0.0000,862.4151,215.6038,0.8179,4.6468,229.9149,673.3095,1089.3040,0.9476,20.1181,19.0309,825.3308,210.9188,1175.1443,195857.3906,0,0,-0.0000,0.4868,0.6928,1.3437,462,0.5464,0.4536,4.7341,631.4694,wave,0.1679,0.2981,1.4915,0.0000,1.0000,0.0000,12.0541,28,528.2889,0.3609,0.8055,7,3,57733.1055,4.7629,0.0000,4.7629,0.5979,0.8774,0.0000,4.6434,30912.9805,29,51.8319,1152063.1250,7.4742,108155.9531,0.0000,113989
42,193,Kyoto_Small,train,FaithfulMAPPER,3600,6,106,55,0.5189,1.0000,0.0000,994.4545,198.8909,0.8606,4.6358,298.9149,656.3171,1327.2892,0.8881,19.9232,18.0280,853.8961,198.2300,876.2264,146037.7344,0,0,-0.0022,0.3095,0.6007,0.9548,508,0.5189,0.4811,4.5941,631.4694,wave,0.2175,0.4115,1.6692,0.0000,1.0000,0.0000,33.4571,24,528.5864,0.3854,0.7998,10,2,73000.9062,4.7925,0.0000,4.7925,0.6464,1.1318,0.0000,6.4638,67977.8125,45,4.4916,861647.1875,7.8208,88914.9453,0.0000,92880
42,194,Kyoto_Small,train,MAPPO,3600,6,105,54,0.5143,1.0000,0.0000,728.7778,182.1944,0.8054,4.6359,280.2340,524.3864,1039.4629,0.7419,20.0403,17.9529,790.4294,183.6128,934.5714,155761.9062,0,0,-0.0015,0.2568,0.2636,1.0180,506,0.5143,0.4857,4.7004,631.4694,wave,0.1284,0.2309,1.6889,0.0000,1.0000,0.0000,72.3415,28,528.4916,0.3889,0.8509,7,3,56131.0000,4.8190,0.0000,4.8190,0.6257,1.0008,0.0000,5.6075,39613.8242,53,6.4587,919192.6875,6.6667,94436.2266,0.0000,98130
42,195,LosAngeles_Small,train,IPPO,3600,6,100,45,0.4500,1.0000,0.0000,865.6222,432.8111,0.4312,4.0372,228.1905,650.2500,1098.5374,0.9628,23.4826,19.6552,798.7388,230.7864,1041.2100,173535.0000,0,0,-0.0000,0.4104,0.6928,1.2618,487,0.4500,0.5500,4.0289,149.0000,flat,0.1375,0.2449,1.5776,0.0000,1.0000,0.0000,8.4830,12,149.8831,0.0607,0.7574,7,3,49434.1797,4.8700,0.0000,4.8700,0.4611,0.8026,0.0000,1.7663,7502.4365,5,2.8208,1025550.8750,8.0600,98318.4609,0.0000,104121
42,196,LosAngeles_Small,train,FaithfulMAPPER,3600,6,103,45,0.4369,1.0000,0.0000,917.8889,458.9445,0.4311,4.0370,296.7297,662.7714,1194.9033,0.8054,22.0901,21.0464,836.5451,215.1467,1244.2330,207372.1719,0,0,-0.0045,0.2361,0.5934,0.7311,494,0.4369,0.5631,4.0327,149.0000,flat,0.1625,0.3000,1.6009,0.0000,1.0000,0.0000,57.7491,12,149.8081,0.0578,0.7685,7,2,53770.6484,4.7961,0.0000,4.7961,0.4922,0.8601,0.0000,1.7435,6257.5054,1,4.6419,1225877.1250,8.1942,121341.4531,0.0000,128156
42,197,LosAngeles_Small,train,MAPPO,3600,6,105,42,0.4000,1.0000,0.0000,952.3095,476.1548,0.4521,4.0377,254.3056,718.0303,1120.3145,0.8811,23.7405,20.9966,809.9769,230.4557,1099.0095,183168.2500,0,0,-0.0008,0.3591,0.2286,1.2120,508,0.4000,0.6000,4.0228,149.0000,flat,0.0903,0.2222,1.5728,0.0000,1.0000,0.0000,30.2427,12,149.8817,0.0608,0.6902,7,4,47053.2109,4.8381,0.0000,4.8381,0.3409,0.7155,0.0000,1.7452,7338.4199,6,3.1256,1084186.0000,8.1048,109253.7891,0.0000,115396
42,198,Tokyo_Small,train,IPPO,3600,6,111,50,0.4505,1.0000,0.0000,974.1200,487.0600,0.4612,4.2419,344.6744,666.2973,1299.6639,0.7541,29.5215,27.4759,849.4656,196.3477,984.2252,164037.5312,0,0,-0.0000,0.3697,0.6928,1.1929,531,0.4505,0.5495,4.3009,513.2000,shock_burst,0.1301,0.2339,1.5493,0.0000,1.0000,0.0000,84.7416,24,434.8667,0.4357,0.7154,6,3,64983.1953,4.7838,0.0000,4.7838,0.6209,1.1785,0.0000,3.7543,25294.4434,16,1.4706,959425.4375,8.4414,101060.9453,0.0000,109249
42,199,Tokyo_Small,train,FaithfulMAPPER,3600,6,91,44,0.4835,1.0000,0.0000,845.0455,422.5227,0.4850,4.2561,242.8205,697.8571,1179.1670,0.9712,29.5614,28.0820,854.1567,250.7344,1489.2638,248210.6406,0,0,-0.0053,0.3340,0.6050,0.8310,437,0.4835,0.5165,4.4355,513.2000,shock_burst,0.1852,0.3350,1.5189,0.0000,1.0000,0.0000,6.9871,28,434.9008,0.4191,0.7873,7,2,51883.3516,4.8022,0.0000,4.8022,0.4954,0.9257,0.0000,3.1710,25534.5488,22,2.4726,1466969.3750,7.4615,127228.4219,0.0000,135523
42,200,Tokyo_Small,train,MAPPO,3600,6,92,47,0.5109,1.0000,0.0000,877.0851,292.3617,0.5155,4.2477,250.6046,666.1464,1096.5801,0.8751,29.8477,26.4598,824.9662,262.1373,1534.7500,255791.6562,0,0,-0.0040,0.2994,0.2519,1.1272,440,0.5109,0.4891,4.3023,513.2000,shock_burst,0.1843,0.3449,1.6608,0.0000,1.0000,0.0000,31.2886,28,434.0897,0.4351,0.8031,8,3,51539.2656,4.7826,0.0000,4.7826,0.5221,0.8832,0.0000,3.5892,21132.5859,20,2.7033,1509708.1250,11.0978,131055.6250,0.0000,141197
42,201,Kyoto_Small,train,IPPO,3600,6,132,56,0.4242,1.0000,0.0000,865.9107,216.4777,0.8064,3.9866,218.8542,655.3478,947.2644,0.8657,19.7856,18.3663,714.6922,164.8282,2347.1970,391199.5000,0,0,0.0000,0.3162,0.6928,1.0728,621,0.4242,0.5758,3.9657,99.0000,flat,0.1154,0.2124,1.5977,0.0000,1.0000,0.0000,29.4013,16,102.2078,0.0814,0.9203,8,4,53046.8086,4.7045,0.0000,4.7045,0.3490,0.5734,0.0000,2.0476,11193.8457,4,16.8537,2338919.5000,8.3939,304798.9375,0.0000,309830
42,202,Kyoto_Small,train,FaithfulMAPPER,3600,6,103,50,0.4854,1.0000,0.0000,921.8000,230.4500,0.7847,4.0005,248.2727,652.3658,1134.1744,0.9137,19.7899,18.2323,890.4945,205.6592,1073.8252,178970.8750,0,0,-0.0042,0.3701,0.6134,1.1255,493,0.4854,0.5146,3.9979,99.0000,flat,0.1970,0.3536,1.5936,0.0000,1.0000,0.0000,21.4378,12,101.5153,0.0774,0.7827,7,2,56708.7188,4.7864,0.0000,4.7864,0.3888,0.7008,0.0000,1.9787,10912.0488,5,3.2683,1060562.3750,7.5049,105996.0625,0.0000,110604
42,203,Kyoto_Small,train,MAPPO,3600,6,96,48,0.5000,1.0000,0.0000,1003.9792,250.9948,0.8315,4.0017,324.5500,662.1667,1399.6759,0.8625,19.2542,17.9814,877.4660,193.1323,1334.0312,222338.5469,0,0,-0.0003,0.2416,0.2140,1.0276,460,0.5000,0.5000,3.9889,99.0000,flat,0.1000,0.1871,1.6578,0.0000,1.0000,0.0000,44.6148,12,101.4033,0.0737,0.7153,6,3,67184.4453,4.7917,0.0000,4.7917,0.4662,0.8213,0.0000,1.8447,9495.9072,6,6.2994,1320254.6250,6.9896,123528.9922,0.0000,128067
42,204,LosAngeles_Small,train,IPPO,3600,6,129,54,0.4186,1.0000,0.0000,1011.6481,337.2160,0.5280,4.2211,258.4131,842.3864,1177.5829,0.9114,23.9634,21.0759,738.9830,183.1279,1689.6356,281605.9688,0,0,-0.0000,0.4483,0.6927,1.3015,618,0.4186,0.5814,4.2737,430.0000,shock_burst,0.1658,0.2992,1.6251,0.0000,1.0000,0.0000,22.8965,24,365.6322,0.4450,0.8236,8,3,63589.4766,4.7907,0.0000,4.7907,0.4237,0.7477,0.0000,3.8007,24944.4668,27,2.6693,1674537.0000,7.5659,210577.6406,0.0000,217963
42,205,LosAngeles_Small,train,FaithfulMAPPER,3600,6,108,47,0.4352,1.0000,0.0000,1005.5532,502.7766,0.4563,4.2380,262.9286,729.6842,995.5645,0.7573,24.1954,22.2213,745.8857,210.6360,1028.3241,171387.3438,0,0,-0.0026,0.3742,0.5842,0.8091,515,0.4352,0.5648,4.3079,430.0000,shock_burst,0.1677,0.3299,1.6558,0.0000,1.0000,0.0000,63.8157,28,364.5005,0.4387,0.7530,9,3,46791.5273,4.7685,0.0000,4.7685,0.4917,0.9469,0.0000,3.4332,28275.0332,17,17.3502,1011265.1250,8.5833,103557.9219,0.0000,111059
42,206,LosAngeles_Small,train,MAPPO,3600,6,113,50,0.4425,1.0000,0.0000,855.6200,285.2067,0.5003,4.2342,250.9268,681.3514,1026.7401,0.8184,23.5271,21.7621,770.5190,216.6054,1885.2743,314212.3750,0,0,-0.0005,0.2555,0.1877,1.0592,544,0.4425,0.5575,4.3580,430.0000,shock_burst,0.1657,0.2932,1.5469,0.0000,1.0000,0.0000,45.5788,28,364.5892,0.4440,0.7990,8,3,51337.0078,4.8142,0.0000,4.8142,0.4866,0.8728,0.0000,2.5957,15803.1875,15,30.9583,1869013.2500,9.3363,205331.9375,0.0000,213036
42,207,Tokyo_Small,train,IPPO,3600,6,111,56,0.5045,1.0000,0.0000,906.5000,226.6250,0.7022,4.6491,205.9200,703.8750,888.9592,0.8634,27.4998,25.5697,736.5423,209.6213,1605.5496,267591.5938,0,0,-0.0000,0.5173,0.6928,1.4151,518,0.5045,0.4955,4.6264,1125.4863,wave,0.1917,0.3430,1.5872,0.0000,1.0000,1.0000,28.1282,28,938.5709,0.3677,0.8057,9,3,49781.7148,4.6667,0.0000,4.6667,0.3795,0.6150,0.0000,4.8840,54269.5234,29,3.9266,1575455.7500,10.1712,166975.9219,0.0000,178216
42,208,Tokyo_Small,train,FaithfulMAPPER,3600,6,117,51,0.4359,1.0000,0.0000,828.3333,276.1111,0.6287,4.6583,284.8810,551.5641,1003.5833,0.7046,29.5365,26.6052,744.1404,215.5910,1896.3163,316052.6875,0,0,-0.0004,0.2810,0.6066,0.9145,567,0.4359,0.5641,4.6778,1125.4863,wave,0.1364,0.2448,1.6769,0.0000,1.0000,0.0000,84.1643,28,936.8925,0.3679,0.8493,7,3,51182.7461,4.8462,0.0000,4.8462,0.4544,0.8636,0.0000,5.0505,44312.7539,44,2.8685,1869589.8750,10.6410,211284.7969,0.0000,221869
42,209,Tokyo_Small,train,MAPPO,3600,6,99,45,0.4545,1.0000,0.0000,1006.7556,251.6889,0.7134,4.6583,387.6487,653.6470,1684.6356,0.8692,29.1116,25.6590,992.5367,258.2651,1207.5555,201259.2656,0,0,-0.0008,0.2851,0.1755,1.1160,470,0.4545,0.5455,4.7068,1125.4863,wave,0.1368,0.2665,1.6994,0.0000,1.0000,0.0000,50.7215,28,937.2767,0.3621,0.7774,7,3,75808.6016,4.7475,0.0000,4.7475,0.5173,1.1284,0.0000,4.3406,43678.0156,34,2.1914,1176409.5000,7.0808,112097.3438,0.0000,119548
42,210,Kyoto_Small,train,IPPO,3600,6,109,44,0.4037,1.0000,0.0000,875.0682,218.7670,0.7660,4.6424,278.8250,627.7692,1218.0167,0.8737,19.7472,17.9952,795.2965,190.1587,1319.2753,219879.1875,0,0,-0.0000,0.4074,0.6928,1.2537,508,0.4037,0.5963,4.6333,631.4694,wave,0.1333,0.2398,1.5552,0.0000,1.0000,0.0000,35.2217,28,527.5942,0.3886,0.7676,6,3,53592.7344,4.6606,0.0000,4.6606,0.3911,0.7366,0.0000,4.9172,38387.6641,31,4.0085,1302517.7500,8.1743,138524.6719,0.0000,143801
42,211,Kyoto_Small,train,FaithfulMAPPER,3600,6,97,58,0.5979,1.0000,0.0000,827.3621,275.7874,0.6420,4.6398,200.7800,668.8636,1056.0892,1.0000,19.4058,17.6445,808.2412,189.8934,1179.0928,196515.4688,0,0,-0.0032,0.2152,0.6020,0.7025,459,0.5979,0.4021,4.7484,631.4694,wave,0.1067,0.1918,1.5376,0.0000,1.0000,0.0000,0.0000,24,528.2967,0.3793,0.8758,7,4,61253.1719,4.7320,0.0000,4.7320,0.5935,0.7806,0.0000,4.9842,36002.0586,33,6.1837,1158851.1250,8.5773,108748.6641,0.0000,114372
42,212,Kyoto_Small,train,MAPPO,3600,6,104,54,0.5192,1.0000,0.0000,795.0370,198.7593,0.7135,4.6399,236.1087,620.7436,1049.1455,0.8887,19.8192,18.0679,774.2197,188.3229,1092.7307,182121.7969,0,0,-0.0007,0.2859,0.1768,1.1021,500,0.5192,0.4808,4.6967,631.4694,wave,0.0808,0.1508,1.6096,0.0000,1.0000,0.0000,26.2796,28,528.7717,0.3693,0.8028,6,4,56653.8555,4.8077,0.0000,4.8077,0.4931,0.7884,0.0000,4.0621,26177.3945,50,11.9652,1074848.6250,6.0385,108718.5703,0.0000,113644
42,213,LosAngeles_Small,train,IPPO,3600,6,103,48,0.4660,1.0000,0.0000,1061.7500,530.8750,0.3435,4.5014,293.3571,822.1351,1258.1108,0.8577,23.5751,21.0797,890.9317,241.7474,792.2233,132037.2188,0,0,-0.0000,0.5102,0.6927,1.4106,503,0.4660,0.5340,4.5248,741.5442,building_up,0.1375,0.2449,1.5760,0.0000,1.0000,0.0000,41.7350,28,636.5956,0.3388,0.7551,7,3,60389.3164,4.8835,0.0000,4.8835,0.4592,0.8122,0.0000,2.6426,16811.1855,27,2.2109,767528.5625,7.2816,74762.5312,0.0000,81599
42,214,LosAngeles_Small,train,FaithfulMAPPER,3600,6,111,48,0.4324,1.0000,0.0000,1097.2709,548.6354,0.3735,4.4960,312.3409,745.4762,1226.9501,0.7856,20.8480,18.6388,810.1872,183.4422,891.6306,148605.1094,0,0,-0.0029,0.3711,0.5933,1.0261,531,0.4324,0.5676,4.5335,741.5442,building_up,0.1310,0.2474,1.7114,0.0000,1.0000,0.0000,66.9509,24,636.8233,0.3485,0.8158,8,4,58893.6055,4.7838,0.0000,4.7838,0.5497,1.1257,0.0000,2.7996,20328.4512,23,2.9253,871260.5625,8.3153,93209.3750,0.0000,98971
42,215,LosAngeles_Small,train,MAPPO,3600,6,105,46,0.4381,1.0000,0.0000,806.7609,806.7609,0.2985,4.4953,245.6000,552.7949,1027.0953,0.8364,23.6673,21.9662,869.7849,237.8853,1743.9048,290650.7812,0,0,0.0001,0.3001,0.1896,1.1205,493,0.4381,0.5619,4.5478,741.5442,building_up,0.1433,0.2661,1.6298,0.0000,1.0000,0.0000,40.1809,28,636.6825,0.3489,0.8696,7,3,47246.3867,4.6952,0.0000,4.6952,0.3353,0.6698,0.0000,3.9494,29334.5117,26,2.9296,1719047.1250,11.1238,173389.0938,0.0000,183110
42,216,Tokyo_Small,train,IPPO,3600,6,99,52,0.5253,1.0000,0.0000,837.7500,418.8750,0.3887,4.5119,298.0488,643.7222,1125.3998,0.7552,28.6923,25.1676,783.5519,245.3401,1112.2122,185368.6875,0,0,-0.0000,0.4252,0.6927,1.2829,457,0.5253,0.4747,4.5747,883.7547,building_up,0.1364,0.2448,1.6099,0.0000,1.0000,0.0000,72.9688,24,757.1647,0.3307,0.7437,7,3,58520.7891,4.6162,0.0000,4.6162,0.5168,0.7927,0.0000,6.1829,86632.9688,22,1.2292,1055333.0000,8.5152,96407.1328,0.0000,110109
42,217,Tokyo_Small,train,FaithfulMAPPER,3600,6,95,46,0.4842,1.0000,0.0000,1024.4348,512.2174,0.4058,4.5088,361.1282,670.7778,1304.6543,0.7225,29.2298,25.5416,897.4003,258.5319,748.5052,124750.8750,0,0,-0.0018,0.2762,0.5955,0.8546,458,0.4842,0.5158,4.5671,883.7547,building_up,0.0976,0.1825,1.6742,0.0000,1.0000,0.0000,100.1974,24,757.3389,0.3345,0.7026,6,3,60014.1016,4.8211,0.0000,4.8211,0.5206,0.9335,0.0000,3.8352,25657.4473,20,1.9090,724428.6875,6.9158,63749.9297,0.0000,71108
42,218,Tokyo_Small,train,MAPPO,3600,6,98,44,0.4490,1.0000,0.0000,910.7727,455.3864,0.3819,4.5108,292.5385,616.5897,1129.0072,0.7719,29.0094,26.6238,753.3863,213.5735,1026.7551,171125.8438,0,0,-0.0017,0.2629,0.1952,1.0022,455,0.4490,0.5510,4.5868,883.7547,building_up,0.1111,0.2151,1.6881,0.0000,1.0000,0.0000,66.7370,28,757.6300,0.3284,0.7149,6,3,49676.3164,4.6429,0.0000,4.6429,0.3153,0.5559,0.0000,3.5362,26390.6855,30,1.6177,1003427.7500,7.8061,92057.6172,0.0000,100622
42,219,Kyoto_Small,train,IPPO,3600,6,86,40,0.4651,1.0000,0.0000,871.3000,290.4333,0.5003,4.6452,285.4324,547.9025,1185.4991,0.8307,19.8409,16.9408,805.6094,196.6691,1076.3372,179389.5312,0,0,-0.0000,0.3540,0.6928,1.1594,409,0.4651,0.5349,4.7058,631.4694,wave,0.1462,0.2684,1.6073,0.0000,1.0000,0.0000,48.3326,24,527.6078,0.3759,0.7774,6,2,47419.9688,4.7558,0.0000,4.7558,0.5271,0.8809,0.0000,4.8582,55890.7188,28,1.8753,1036112.0000,8.2326,85037.1328,0.0000,92565
42,220,Kyoto_Small,train,FaithfulMAPPER,3600,6,97,50,0.5155,1.0000,0.0000,747.3200,249.1067,0.5647,4.6441,221.0714,619.3182,972.8444,0.8801,19.6218,17.8181,769.8240,190.9701,949.9279,158321.3125,0,0,-0.0027,0.3240,0.6048,1.0596,446,0.5155,0.4845,4.6425,631.4694,wave,0.1932,0.3505,1.7137,0.0000,1.0000,0.0000,26.5025,32,527.4869,0.3852,0.8411,8,3,48642.2227,4.5979,0.0000,4.5979,0.4321,0.7952,0.0000,3.9965,23360.5625,30,6.0558,931621.7500,7.5155,86707.0781,0.0000,92143
42,221,Kyoto_Small,train,MAPPO,3600,6,112,62,0.5536,1.0000,0.0000,961.9355,320.6452,0.6470,4.6357,267.4038,737.3778,1233.0598,0.9222,19.4539,16.8030,837.8863,181.9996,1073.8572,178976.1875,0,0,-0.0000,0.2659,0.1802,0.9186,534,0.5536,0.4464,4.6525,631.4694,wave,0.1511,0.2828,1.6135,0.0000,1.0000,0.0000,20.7919,24,529.1011,0.3787,0.8246,9,4,76449.7031,4.7679,0.0000,4.7679,0.6306,0.8559,0.0000,4.9999,37916.8203,39,2.0717,1059292.7500,7.2500,115472.0312,0.0000,120272
42,222,LosAngeles_Small,train,IPPO,3600,6,102,33,0.3235,1.0000,0.0000,865.6061,288.5354,0.5885,4.6591,259.4062,657.9062,1041.5166,0.8030,23.2660,20.6430,780.9587,224.3628,1862.8137,310468.9688,0,0,-0.0001,0.4721,0.6926,1.2853,486,0.3235,0.6765,4.6757,944.3675,wave,0.1719,0.3062,1.6091,0.0000,1.0000,0.0000,51.1029,28,786.6755,0.3583,0.7718,6,2,34370.0508,4.7647,0.0000,4.7647,0.2909,0.7170,0.0000,3.4431,21978.6191,32,3.4633,1806087.2500,9.4314,175624.1094,0.0000,190007
42,223,LosAngeles_Small,train,FaithfulMAPPER,3600,6,96,52,0.5417,1.0000,0.0000,994.2692,248.5673,0.7253,4.6558,238.6444,730.2051,1086.6222,0.9107,23.6856,22.3756,826.6902,228.3328,1916.6562,319442.7188,0,0,-0.0021,0.3883,0.5941,1.0051,465,0.5417,0.4583,4.7590,944.3675,wave,0.1307,0.2405,1.7825,0.0000,1.0000,0.0000,21.3200,28,787.1642,0.3629,0.7727,8,4,56504.3516,4.8438,0.0000,4.8438,0.4597,0.8419,0.0000,3.7339,35701.0234,28,4.8858,1889670.6250,8.8958,174870.6250,0.0000,183999
42,224,LosAngeles_Small,train,MAPPO,3600,6,97,42,0.4330,1.0000,0.0000,927.2381,231.8095,0.7540,4.6565,233.0278,754.8788,1003.6285,0.8614,23.7807,21.6154,838.4938,230.4376,1773.6804,295613.4062,0,0,-0.0004,0.3518,0.1684,1.2155,461,0.4330,0.5670,4.7025,944.3675,wave,0.1908,0.3451,1.7969,0.0000,1.0000,0.0000,32.3021,28,786.9291,0.3625,0.7416,7,3,42152.3984,4.7526,0.0000,4.7526,0.3856,0.8153,0.0000,5.3330,39592.0703,47,6.0290,1745720.1250,9.9691,161460.7031,0.0000,172047
42,225,Tokyo_Small,train,IPPO,3600,6,94,39,0.4149,1.0000,0.0000,946.0256,236.5064,0.7104,4.3382,281.8378,652.4737,1231.4281,0.8739,28.7996,27.6152,796.6395,238.1327,1639.4468,273241.1250,0,0,-0.0000,0.5427,0.6926,1.4357,464,0.4149,0.5851,4.3668,618.6302,ramp_up_down,0.1170,0.2170,1.6352,0.0000,1.0000,0.0000,35.5522,24,547.5430,0.3090,0.6696,6,3,48025.6953,4.9362,0.0000,4.9362,0.4452,0.9015,0.0000,3.2455,24649.2637,22,7.4916,1604832.6250,9.8723,143082.1250,0.0000,154108
42,226,Tokyo_Small,train,FaithfulMAPPER,3600,6,94,45,0.4787,1.0000,0.0000,948.7333,237.1833,0.7025,4.3402,257.6410,715.6750,1220.4208,0.9474,28.7711,26.6507,879.2876,240.3331,2436.5852,406097.5312,0,0,-0.0075,0.6427,0.6602,1.0906,434,0.4787,0.5213,4.3706,618.6302,ramp_up_down,0.1409,0.2558,1.5684,0.0000,1.0000,0.0000,13.5569,28,547.5914,0.3047,0.7552,6,3,54918.9375,4.6170,0.0000,4.6170,0.4925,0.9348,0.0000,3.4303,25008.4512,25,3.2986,2410198.2500,10.7872,217318.5625,0.0000,229039
42,227,Tokyo_Small,train,MAPPO,3600,6,81,45,0.5556,1.0000,0.0000,802.4667,267.4889,0.6218,4.3437,259.0513,534.3947,1008.7043,0.7788,27.2706,25.2388,831.3704,243.6011,1367.6296,227938.2656,0,0,-0.0016,0.1535,0.1687,0.7934,394,0.5556,0.4444,4.3782,618.6302,ramp_up_down,0.2276,0.4280,1.6786,0.0000,1.0000,0.0000,57.3104,24,547.5519,0.2982,0.7503,9,2,45391.6953,4.8642,0.0000,4.8642,0.6357,0.9320,0.0000,2.8414,28243.8574,17,1.9342,1336721.1250,9.1111,102110.0469,0.0000,110778
42,228,Kyoto_Small,train,IPPO,3600,6,107,54,0.5047,1.0000,0.0000,1031.5741,343.8580,0.5734,4.3033,286.3542,661.4048,1253.3055,0.8754,19.7107,18.0782,847.6824,199.6173,1241.4205,206903.4219,0,0,0.0000,0.4228,0.6926,1.2800,483,0.5047,0.4953,4.2698,347.1364,ramp_up_down,0.2420,0.4320,1.6214,0.0000,1.0000,1.0000,35.6931,24,310.1039,0.3332,0.8527,9,2,67678.5000,4.5140,0.0000,4.5140,0.5008,0.8598,0.0000,2.9172,19397.5469,29,9.3630,1224660.0000,8.7757,127242.7422,0.0000,132832
42,229,Kyoto_Small,train,FaithfulMAPPER,3600,6,133,72,0.5414,1.0000,0.0000,761.2778,253.7593,0.6129,4.3088,260.5424,524.7308,986.8649,0.7575,19.5034,17.3080,734.7198,164.4510,1482.1128,247018.7812,0,0,-0.0045,0.2910,0.6618,0.9054,632,0.5414,0.4586,4.3644,347.1364,ramp_up_down,0.0911,0.1672,1.5891,0.0000,1.0000,0.0000,63.1694,24,310.4930,0.3223,0.9505,9,5,71054.2734,4.7519,0.0000,4.7519,0.5855,0.8230,0.0000,3.1466,19001.5977,31,2.9945,1469750.5000,8.5414,191686.0625,0.0000,197121
42,230,Kyoto_Small,train,MAPPO,3600,6,103,57,0.5534,1.0000,0.0000,972.8596,324.2865,0.5776,4.3157,270.7143,660.1429,1163.4089,0.8595,19.3947,17.4536,760.8423,189.5538,996.3204,166053.3906,0,0,-0.0001,0.3185,0.1393,1.1894,497,0.5534,0.4466,4.3652,347.1364,ramp_up_down,0.1620,0.2932,1.5891,0.0000,1.0000,0.0000,38.0325,24,310.3430,0.3088,0.8295,8,3,66314.3047,4.8252,0.0000,4.8252,0.5750,0.8102,0.0000,3.1598,28299.0801,25,1.6301,979719.6250,8.9126,96824.4062,0.0000,102621
42,231,LosAngeles_Small,train,IPPO,3600,6,105,53,0.5048,1.0000,0.0000,860.6981,286.8994,0.5989,4.0365,302.2340,574.4318,1095.9661,0.7252,23.0091,19.9700,827.3221,215.2166,1525.5238,254253.9688,0,0,-0.0000,0.5447,0.6926,1.4539,502,0.5048,0.4952,4.0297,149.0000,flat,0.1359,0.2421,1.8102,0.0000,1.0000,0.0000,83.0408,12,150.1447,0.0600,0.7996,8,4,58086.2031,4.7810,0.0000,4.7810,0.4511,0.7410,0.0000,1.7249,7465.1309,3,4.9057,1496396.3750,8.9810,151753.9219,0.0000,160180
42,232,LosAngeles_Small,train,FaithfulMAPPER,3600,6,101,47,0.4653,1.0000,0.0000,985.6595,328.5532,0.6148,4.0370,310.0769,738.1429,1142.9464,0.7372,23.0677,21.6112,857.5997,261.4764,1297.6931,216282.1719,0,0,-0.0026,0.3507,0.6524,0.8514,480,0.4653,0.5347,4.0345,149.0000,flat,0.1875,0.3464,1.6902,0.0000,1.0000,0.0000,81.4877,16,150.0086,0.0573,0.7431,8,3,53718.4844,4.7525,0.0000,4.7525,0.4515,0.8667,0.0000,2.0757,9527.0527,6,4.0446,1280631.7500,8.6931,123287.2891,0.0000,131067
42,233,LosAngeles_Small,train,MAPPO,3600,6,100,52,0.5200,1.0000,0.0000,878.0961,292.6987,0.5487,4.0400,233.3409,569.7500,1156.1396,0.9909,22.8362,21.5834,862.7227,212.8461,1191.3000,198550.0000,0,0,-0.0029,0.2986,0.1407,1.1443,479,0.5200,0.4800,4.0280,149.0000,flat,0.1510,0.2764,1.5807,0.0000,1.0000,0.0000,2.1130,12,149.8008,0.0610,0.7626,9,3,60119.2656,4.7900,0.0000,4.7900,0.4864,0.7750,0.0000,1.8002,8173.0854,4,11.6926,1173545.5000,7.8100,112117.6719,0.0000,119130
42,234,Tokyo_Small,train,IPPO,3600,6,95,50,0.5263,1.0000,0.0000,980.2600,196.0520,0.8850,4.6547,295.5814,686.2927,1340.1003,0.9068,29.3725,27.2594,954.2395,265.1470,1972.0737,328678.9688,0,0,-0.0001,0.5679,0.6926,1.4963,461,0.5263,0.4737,4.6912,1125.4863,wave,0.0741,0.1633,1.5685,0.0000,1.0000,0.0000,27.5613,28,937.6039,0.3681,0.8173,6,3,67005.0156,4.8526,0.0000,4.8526,0.5141,0.9429,0.0000,5.2198,61400.6523,42,2.9885,1931158.7500,10.0000,175260.9688,0.0000,187347
42,235,Tokyo_Small,train,FaithfulMAPPER,3600,6,108,49,0.4537,1.0000,0.0000,867.4898,216.8725,0.7992,4.6572,241.0714,642.9250,1051.2050,0.8721,29.5659,27.6701,811.6968,208.6726,1801.9907,300331.8125,0,0,-0.0020,0.3366,0.6490,0.9285,519,0.4537,0.5463,4.6816,1125.4863,wave,0.1111,0.2033,1.6349,0.0000,1.0000,0.0000,30.8304,28,937.3086,0.3654,0.7477,6,3,51509.0430,4.8056,0.0000,4.8056,0.4174,0.7254,0.0000,4.6071,46059.6680,41,3.9677,1778209.5000,9.9630,184533.5000,0.0000,194615
42,236,Tokyo_Small,train,MAPPO,3600,6,112,55,0.4911,1.0000,0.0000,937.8546,187.5709,0.8712,4.6555,295.1250,695.1860,1065.3561,0.7220,29.3041,27.1153,900.3679,220.6384,2280.2053,380034.2500,0,0,-0.0015,0.4422,0.1038,1.2793,539,0.4911,0.5089,4.7393,1125.4863,wave,0.1159,0.2152,1.5281,0.0000,1.0000,0.0000,82.0538,28,937.8795,0.3649,0.8021,7,3,58594.5820,4.8125,0.0000,4.8125,0.4344,0.7569,0.0000,5.3138,88061.1797,53,3.1684,2252401.7500,9.6161,244120.2188,0.0000,255383
42,237,Kyoto_Small,train,IPPO,3600,6,81,46,0.5679,1.0000,0.0000,871.1304,290.3768,0.5398,4.0061,265.4419,675.8000,1131.4459,0.8525,19.6194,17.9691,734.0998,220.6628,565.3951,94232.5078,0,0,0.0000,0.5091,0.6926,1.2772,385,0.5679,0.4321,4.0079,99.0000,flat,0.1301,0.2339,1.6828,0.0000,1.0000,0.0000,39.1527,16,101.0844,0.0762,0.6805,6,3,52046.5117,4.7531,0.0000,4.7531,0.6309,0.8886,0.0000,1.6954,6897.5791,1,1.8601,542620.6875,8.3704,41008.7852,0.0000,45797
42,238,Kyoto_Small,train,FaithfulMAPPER,3600,6,89,51,0.5730,1.0000,0.0000,721.3530,360.6765,0.3934,4.0088,239.3256,564.3846,998.6143,0.8345,19.9094,18.2991,783.1696,176.0679,640.1236,106687.2656,0,0,-0.0019,0.3029,0.6403,0.7993,419,0.5730,0.4270,4.0072,99.0000,flat,0.1964,0.3919,1.6154,0.0000,1.0000,0.0000,39.6027,12,101.0361,0.0741,0.7853,9,2,50929.3242,4.7079,0.0000,4.7079,0.5412,0.7732,0.0000,1.9402,8526.5605,7,3.0115,626608.0625,8.4607,53098.6172,0.0000,56971
42,239,Kyoto_Small,train,MAPPO,3600,6,93,42,0.4516,1.0000,0.0000,806.8810,403.4405,0.4700,4.0108,267.8000,558.4250,1078.2273,0.8052,18.9038,16.4255,806.1889,187.1764,678.2903,113048.3906,0,0,-0.0005,0.2473,0.1271,0.8398,434,0.4516,0.5484,3.9964,99.0000,flat,0.2450,0.4351,1.4189,0.0000,1.0000,0.0000,52.1545,12,101.0667,0.0745,0.8072,7,1,45285.5469,4.6667,0.0000,4.6667,0.6357,0.9419,0.0000,1.9661,9500.0889,4,2.7005,667241.9375,7.1828,59248.4648,0.0000,63081
42,240,LosAngeles_Small,train,IPPO,3600,6,87,39,0.4483,1.0000,0.0000,978.0513,978.0513,0.3260,4.6573,296.9091,722.6562,1291.7340,0.8701,22.3240,19.1833,874.4567,247.1500,828.4023,138067.0469,0,0,-0.0000,0.4784,0.6925,1.3767,424,0.4483,0.5517,4.7184,944.3675,wave,0.2206,0.4201,1.6896,0.0000,1.0000,0.0000,38.5623,24,786.2614,0.3690,0.7895,8,2,50377.6289,4.8736,0.0000,4.8736,0.4537,0.9063,0.0000,7.3695,70062.6562,39,2.5014,797223.0625,7.6322,64707.5195,0.0000,72071
42,241,LosAngeles_Small,train,FaithfulMAPPER,3600,6,84,42,0.5000,1.0000,0.0000,1058.8810,529.4405,0.3731,4.6589,343.3611,679.6061,1549.9937,0.9028,22.8882,21.7234,991.9361,242.3575,902.5714,150428.5781,0,0,-0.0095,0.2535,0.6625,0.7793,409,0.5000,0.5000,4.7246,944.3675,wave,0.1447,0.2930,1.6476,0.0000,1.0000,0.0000,33.3624,28,786.5034,0.3611,0.7715,8,3,65099.7344,4.8690,0.0000,4.8690,0.6590,1.2701,0.0000,3.9469,36211.1680,35,2.6886,874771.3125,6.1905,69568.6484,0.0000,75816
42,242,LosAngeles_Small,train,MAPPO,3600,6,104,45,0.4327,1.0000,0.0000,826.6667,826.6667,0.3125,4.6551,243.1579,540.2432,1105.8265,0.9096,23.0143,21.1613,748.1374,221.8101,1190.0962,198349.3594,0,0,-0.0003,0.2238,0.1077,0.9222,497,0.4327,0.5673,4.7110,944.3675,wave,0.2083,0.3760,1.4446,0.0000,1.0000,0.0000,21.9926,24,786.9631,0.3646,0.8333,8,2,49762.1953,4.7788,0.0000,4.7788,0.3969,0.6435,0.0000,3.9634,33785.0273,31,3.2112,1169182.5000,7.2115,117292.1875,0.0000,123770
42,243,Tokyo_Small,train,IPPO,3600,6,89,39,0.4382,1.0000,0.0000,868.7436,434.3718,0.4085,4.3407,245.3611,691.8205,1138.1461,0.9277,28.9927,25.8477,792.3701,252.5954,928.6967,154782.7656,0,0,-0.0001,0.5754,0.6925,1.4820,427,0.4382,0.5618,4.3804,618.6302,ramp_up_down,0.1141,0.2128,1.7374,0.0000,1.0000,0.0000,17.7319,28,547.9269,0.3015,0.7770,5,3,44387.6992,4.7978,0.0000,4.7978,0.4974,1.0143,0.0000,5.0310,47892.7344,24,1.3021,900771.4375,7.9663,74711.0703,0.0000,82654
42,244,Tokyo_Small,train,FaithfulMAPPER,3600,6,110,46,0.4182,1.0000,0.0000,854.0870,284.6956,0.5082,4.3403,279.5238,604.0732,1089.8948,0.7798,29.6502,27.7552,824.0913,227.5524,1579.0728,263178.7812,0,0,-0.0022,0.4640,0.6586,0.9470,534,0.4182,0.5818,4.3835,618.6302,ramp_up_down,0.1323,0.2474,1.6196,0.0000,1.0000,0.0000,61.5448,24,547.7836,0.3053,0.7017,7,3,50135.1602,4.8545,0.0000,4.8545,0.4500,0.8474,0.0000,2.5951,20448.9043,19,3.0267,1559756.1250,7.4273,165653.2812,0.0000,173698
42,245,Tokyo_Small,train,MAPPO,3600,6,107,50,0.4673,1.0000,0.0000,988.5200,494.2600,0.4563,4.3324,318.6829,728.5000,1149.4432,0.7214,29.1875,27.2462,786.6654,258.1714,1283.0747,213845.7812,0,0,-0.0009,0.4376,0.1138,1.2372,520,0.4673,0.5327,4.3462,618.6302,ramp_up_down,0.1705,0.3085,1.6013,0.0000,1.0000,0.0000,88.7943,28,548.6105,0.3065,0.6784,7,2,57472.1602,4.8598,0.0000,4.8598,0.4492,0.8274,0.0000,2.5439,18274.3672,18,2.1761,1261880.8750,8.9626,129419.6016,0.0000,137289
42,246,Kyoto_Small,train,IPPO,3600,6,100,63,0.6300,1.0000,0.0000,857.8730,285.9577,0.6068,3.9946,269.9273,637.1522,1029.5144,0.7628,20.0079,18.4660,812.4252,196.5145,690.3300,115055.0000,0,0,0.0000,0.6104,0.6925,1.5142,474,0.6300,0.3700,3.9858,99.0000,flat,0.1244,0.2263,1.6820,0.0000,1.0000,0.0000,64.0244,12,101.8839,0.0743,0.7709,8,4,64859.4102,4.7400,0.0000,4.7400,0.6889,0.9087,0.0000,1.9780,10015.1055,8,1.8361,676664.3125,7.9500,64508.7383,0.0000,69033
42,247,Kyoto_Small,train,FaithfulMAPPER,3600,6,97,54,0.5567,1.0000,0.0000,974.8889,324.9630,0.6573,3.9986,270.9792,742.7143,1187.3917,0.8764,19.7156,17.2651,821.8138,233.0483,771.3815,128563.5703,0,0,-0.0044,0.2302,0.6519,0.9067,473,0.5567,0.4433,4.0040,99.0000,flat,0.1364,0.2448,1.7659,0.0000,1.0000,0.0000,33.5008,16,101.5708,0.0721,0.6821,7,3,64119.1523,4.8763,0.0000,4.8763,0.7248,1.1632,0.0000,2.0190,13677.9775,5,3.2831,758882.3125,6.7216,71029.2031,0.0000,74824
42,248,Kyoto_Small,train,MAPPO,3600,6,108,57,0.5278,1.0000,0.0000,903.1754,225.7939,0.6706,3.9971,303.6735,621.3864,1166.6233,0.7683,19.9276,18.5816,850.9514,201.8777,1062.5555,177092.5938,0,0,-0.0002,0.3506,0.1155,1.2159,516,0.5278,0.4722,3.9882,99.0000,flat,0.1917,0.3529,1.6435,0.0000,1.0000,0.0000,70.3488,12,101.7103,0.0745,0.7054,9,3,66497.5312,4.7778,0.0000,4.7778,0.5607,0.9558,0.0000,1.8510,9529.6650,5,8.5734,1049820.6250,7.4167,110490.5078,0.0000,114756
42,249,LosAngeles_Small,train,IPPO,3600,6,102,46,0.4510,1.0000,0.0000,924.8478,462.4239,0.4548,4.6538,228.2927,689.0513,1006.0768,0.8814,23.2555,19.8711,840.3593,226.1174,1514.7941,252465.6719,0,0,0.0000,0.4384,0.6924,1.3210,489,0.4510,0.5490,4.7496,944.3675,wave,0.1773,0.3214,1.6785,0.0000,1.0000,0.0000,27.0773,28,787.5461,0.3617,0.9139,8,3,46279.5312,4.7941,0.0000,4.7941,0.4263,0.8681,0.0000,3.8117,30391.8555,37,3.6326,1491491.8750,7.6275,147054.8125,0.0000,154509
42,250,LosAngeles_Small,train,FaithfulMAPPER,3600,6,113,49,0.4336,1.0000,0.0000,904.7551,452.3776,0.4517,4.6506,255.2558,659.9474,1128.5796,0.8843,24.2892,20.6317,778.8729,213.9994,2209.5840,368264.0312,0,0,-0.0020,0.3883,0.6271,0.8908,532,0.4336,0.5664,4.6665,944.3675,wave,0.2024,0.4012,1.8112,0.0000,1.0000,0.0000,29.5399,28,787.1711,0.3767,0.8188,10,3,55300.3984,4.7080,0.0000,4.7080,0.4952,1.0054,0.0000,4.9797,36437.3984,37,4.5897,2182604.2500,8.7257,240135.1094,0.0000,249683
42,251,LosAngeles_Small,train,MAPPO,3600,6,108,44,0.4074,1.0000,0.0000,1108.3182,554.1591,0.4622,4.6564,321.4211,792.5714,1149.3047,0.7151,23.5807,21.6987,927.2837,246.1009,1478.0555,246342.5938,0,0,-0.0008,0.4373,0.0913,1.2376,516,0.4074,0.5926,4.7214,944.3675,wave,0.1250,0.2524,1.6754,0.0000,1.0000,0.0000,91.5601,28,786.5389,0.3711,0.7473,6,2,50569.4102,4.7778,0.0000,4.7778,0.2797,0.6258,0.0000,3.8624,29726.8066,29,4.2497,1449771.8750,7.6574,150668.7656,0.0000,159630
42,252,Tokyo_Small,train,IPPO,3600,6,88,49,0.5568,1.0000,0.0000,877.0408,438.5204,0.4502,4.0520,250.9524,687.0541,949.8376,0.7570,29.2299,27.3305,790.6964,272.8671,1267.2954,211215.9062,0,0,-0.0000,0.3392,0.6925,1.1116,403,0.5568,0.4432,4.0615,177.0000,flat,0.1550,0.2752,1.6993,0.0000,1.0000,0.0000,60.9849,12,176.9636,0.0530,0.7231,7,3,46542.0430,4.5795,0.0000,4.5795,0.5473,0.7574,0.0000,1.7663,9147.8086,7,2.6949,1230773.5000,10.3636,101037.7109,0.0000,111522
42,253,Tokyo_Small,train,FaithfulMAPPER,3600,6,128,58,0.4531,1.0000,0.0000,1035.4138,345.1379,0.5392,4.0364,270.8400,831.8261,1168.9971,0.8632,27.2479,25.9027,877.5204,216.8167,1538.9922,256498.7031,0,0,-0.0026,0.3670,0.6484,1.0534,618,0.4531,0.5469,4.0322,177.0000,flat,0.1743,0.3222,1.6649,0.0000,1.0000,0.0000,37.0406,16,178.1570,0.0562,0.7412,9,3,67801.8281,4.8281,0.0000,4.8281,0.5179,1.0591,0.0000,1.9230,11537.9170,8,2.0126,1521248.7500,7.6172,187263.1719,0.0000,196991
42,254,Tokyo_Small,train,MAPPO,3600,6,96,48,0.5000,1.0000,0.0000,848.9583,282.9861,0.5250,4.0451,263.7143,565.6053,1128.7723,0.8561,28.6241,25.3610,816.7689,228.7017,1374.6979,229116.3125,0,0,-0.0026,0.2530,0.1054,0.9991,441,0.5000,0.5000,4.0406,177.0000,flat,0.1587,0.2857,1.7004,0.0000,1.0000,0.0000,37.9598,12,177.2897,0.0510,0.6917,7,3,54181.0742,4.5938,0.0000,4.5938,0.5515,0.9079,0.0000,1.8404,9326.1924,6,1.7498,1354828.3750,7.4271,124356.7969,0.0000,131971
42,255,Kyoto_Small,train,IPPO,3600,6,109,56,0.5138,1.0000,0.0000,891.4464,222.8616,0.7435,3.9927,257.1200,717.1458,978.6702,0.7613,19.0771,16.9996,866.1269,191.2035,1334.7982,222466.3438,0,0,-0.0000,0.4757,0.6925,1.3646,513,0.5138,0.4862,3.9975,99.0000,flat,0.0444,0.0894,1.8274,0.0000,1.0000,0.0000,61.3860,16,101.9017,0.0703,0.8084,6,5,54805.5352,4.7064,0.0000,4.7064,0.5338,0.9388,0.0000,2.0480,12664.5615,10,7.8516,1306511.2500,7.8073,138422.6875,0.0000,145493
42,256,Kyoto_Small,train,FaithfulMAPPER,3600,6,93,52,0.5591,1.0000,0.0000,978.8077,244.7019,0.7821,4.0028,223.7778,756.8947,896.4823,0.8012,19.1352,16.9610,775.5922,225.3364,1055.7742,175962.3594,0,0,-0.0063,0.3951,0.6414,1.0015,439,0.5591,0.4409,3.9887,99.0000,flat,0.1111,0.2020,1.6407,0.0000,1.0000,0.0000,44.4813,16,101.3864,0.0722,0.8169,6,3,46617.0781,4.7204,0.0000,4.7204,0.3556,0.4732,0.0000,1.8883,9200.1426,5,5.7473,1041283.0000,8.5269,93115.5234,0.0000,98187
42,257,Kyoto_Small,train,MAPPO,3600,6,109,53,0.4862,1.0000,0.0000,805.6793,201.4198,0.7845,4.0020,239.2826,572.4545,1064.5060,0.8897,19.9772,17.9244,795.2134,186.3464,1178.6514,196441.8906,0,0,-0.0006,0.3896,0.0965,1.2893,520,0.4862,0.5138,3.9808,99.0000,flat,0.1277,0.2350,1.6637,0.0000,1.0000,0.0000,26.3814,16,101.4225,0.0801,0.8000,7,3,56418.8125,4.7706,0.0000,4.7706,0.4912,0.8555,0.0000,2.0119,10343.6816,3,4.4965,1168305.8750,6.7615,124205.4609,0.0000,128473
42,258,LosAngeles_Small,train,IPPO,3600,6,107,53,0.4953,1.0000,0.0000,828.6793,207.1698,0.7409,4.2323,255.1778,693.6512,883.1812,0.6922,22.6774,20.0308,712.0860,201.8074,1874.7570,312459.5000,0,0,0.0000,0.2666,0.6925,1.0208,518,0.4953,0.5047,4.2416,430.0000,shock_burst,0.1562,0.3005,1.5899,0.0000,1.0000,0.0000,78.5415,24,364.8486,0.4437,0.8824,10,4,46808.6016,4.8411,0.0000,4.8411,0.4761,0.7251,0.0000,2.6745,16180.3916,17,4.1323,1839455.8750,8.7664,189153.6250,0.0000,200599
42,259,LosAngeles_Small,train,FaithfulMAPPER,3600,6,86,38,0.4419,1.0000,0.0000,902.7895,300.9298,0.6195,4.2480,230.5429,681.9697,1062.7980,0.9220,23.7346,20.2871,789.7333,227.4115,1638.7791,273129.8750,0,0,-0.0003,0.2487,0.6340,0.7395,416,0.4419,0.5581,4.3537,430.0000,shock_burst,0.1985,0.3674,1.7342,0.0000,1.0000,0.0000,17.9833,24,363.8136,0.4347,0.8293,6,1,40386.3203,4.8372,0.0000,4.8372,0.4028,0.7216,0.0000,2.1292,13197.0596,10,45.7180,1610869.7500,8.4535,132975.4531,0.0000,140935
42,260,LosAngeles_Small,train,MAPPO,3600,6,108,51,0.4722,1.0000,0.0000,997.3726,249.3431,0.7544,4.2349,336.4419,688.0526,1243.6499,0.7393,23.6549,22.0533,853.4826,225.6948,2082.9907,347165.1250,0,0,-0.0006,0.3235,0.0870,1.1942,524,0.4722,0.5278,4.2846,430.0000,shock_burst,0.1831,0.3473,1.7013,0.0000,1.0000,0.0000,87.7119,24,364.6817,0.4410,0.7344,9,2,63426.1406,4.8519,0.0000,4.8519,0.5316,0.9956,0.0000,3.0154,17910.7910,17,6.9586,2065014.2500,7.6667,217537.8281,0.0000,224963
42,261,Tokyo_Small,train,IPPO,3600,6,105,59,0.5619,1.0000,0.0000,968.5763,242.1441,0.7900,4.4962,289.7115,724.1905,1200.3929,0.8287,29.7204,28.3464,865.5639,223.2069,2270.8381,378473.0312,0,0,0.0000,0.9503,0.6925,1.9325,496,0.5619,0.4381,4.5257,883.7547,building_up,0.1353,0.2516,1.6158,0.0000,1.0000,0.0000,49.6330,28,759.1400,0.3418,0.7001,7,3,70823.1797,4.7238,0.0000,4.7238,0.6474,1.1429,0.0000,4.0828,39192.4219,39,12.2919,2231917.0000,8.8381,225614.0625,0.0000,238438
42,262,Tokyo_Small,train,FaithfulMAPPER,3600,6,101,49,0.4851,1.0000,0.0000,1052.8776,263.2194,0.7099,4.4985,363.5000,721.6923,1114.7271,0.6133,29.6490,25.4019,790.3476,237.2717,2170.0593,361676.5625,0,0,-0.0043,0.3062,0.6310,0.8941,483,0.4851,0.5149,4.5081,883.7547,building_up,0.1447,0.2752,1.6967,0.0000,1.0000,0.0000,140.5546,24,757.9297,0.3498,0.7546,7,3,54621.6250,4.7822,0.0000,4.7822,0.5259,0.8286,0.0000,4.4674,37428.9922,28,2.2425,2143321.5000,10.0891,207946.8438,0.0000,219176
42,263,Tokyo_Small,train,MAPPO,3600,6,111,57,0.5135,1.0000,0.0000,828.7895,207.1974,0.7485,4.4992,270.3726,597.0476,1071.4772,0.7926,28.1750,25.7722,823.8121,224.2689,1670.1082,278351.3438,0,0,0.0001,0.2776,0.1005,1.1051,516,0.5135,0.4865,4.5786,883.7547,building_up,0.1157,0.2165,1.5547,0.0000,1.0000,0.0000,56.0771,28,758.8003,0.3379,0.8336,7,3,61074.1953,4.6486,0.0000,4.6486,0.5133,0.8121,0.0000,3.2959,25648.1895,28,4.4880,1644542.2500,7.8829,175399.2500,0.0000,185382
42,264,Kyoto_Small,train,IPPO,3600,6,92,45,0.4891,1.0000,0.0000,759.4445,379.7222,0.3887,4.2045,258.8205,529.6667,1111.7683,0.8591,19.8242,17.9546,780.0599,188.2254,786.9239,131153.9844,0,0,-0.0000,0.3584,0.6926,1.1708,431,0.4891,0.5109,4.2029,288.0000,shock_burst,0.1626,0.2947,1.5423,0.0000,1.0000,0.0000,36.4669,24,245.8078,0.4556,0.8040,7,3,50029.5742,4.6848,0.0000,4.6848,0.4597,0.7831,0.0000,3.6903,20815.7109,22,2.4699,764574.6250,7.3696,67095.9453,0.0000,72397
42,265,Kyoto_Small,train,FaithfulMAPPER,3600,6,86,53,0.6163,1.0000,0.0000,903.6038,301.2013,0.5656,4.2076,233.7391,655.2667,934.9756,0.8000,19.5084,17.8725,747.3129,234.7974,890.3721,148395.3438,0,0,-0.0019,0.1365,0.6372,0.6344,409,0.6163,0.3837,4.3412,288.0000,shock_burst,0.1111,0.2165,1.4797,0.0000,1.0000,0.0000,46.7440,28,245.9286,0.4545,0.8271,8,4,49553.7070,4.7558,0.0000,4.7558,0.5752,0.5670,0.0000,3.9139,28727.5117,20,5.7412,876186.0625,7.8256,72028.1719,0.0000,76572
42,266,Kyoto_Small,train,MAPPO,3600,6,105,48,0.4571,1.0000,0.0000,904.9167,301.6389,0.5865,4.1979,318.1818,623.0500,1345.4364,0.8457,19.7442,17.9625,893.2219,179.1458,1101.0857,183514.2812,0,0,0.0000,0.3880,0.1044,1.3110,497,0.4571,0.5429,4.3148,288.0000,shock_burst,0.1951,0.3601,1.7787,0.0000,1.0000,0.0000,49.0945,24,246.1181,0.4609,0.7990,8,2,64580.9492,4.7333,0.0000,4.7333,0.5161,1.2107,0.0000,2.7605,22187.8145,18,2.8736,1088331.3750,7.6190,110540.3516,0.0000,115614
42,267,LosAngeles_Small,train,IPPO,3600,6,95,38,0.4000,1.0000,0.0000,903.2105,451.6053,0.4686,4.0413,267.6389,637.6000,1094.8756,0.8182,24.1753,20.4236,811.9960,241.8133,1541.0105,256835.0938,0,0,0.0000,0.4268,0.6925,1.3039,452,0.4000,0.6000,4.0273,149.0000,flat,0.1324,0.2564,1.6634,0.0000,1.0000,0.0000,48.6638,12,149.5475,0.0560,0.7352,6,2,41605.2734,4.7579,0.0000,4.7579,0.4750,0.9904,0.0000,1.7659,7385.4678,4,3.5049,1510506.7500,7.8842,138846.1719,0.0000,146396
42,268,LosAngeles_Small,train,FaithfulMAPPER,3600,6,107,49,0.4579,1.0000,0.0000,954.4898,477.2449,0.4781,4.0409,299.4390,640.6389,1192.3094,0.7964,23.5853,21.0333,815.9065,220.7373,1655.9346,275989.0938,0,0,-0.0031,0.5592,0.6399,1.0361,507,0.4579,0.5421,4.0328,149.0000,flat,0.2122,0.3828,1.7918,0.0000,1.0000,0.0000,60.9771,16,149.8150,0.0549,0.6773,9,2,58423.1602,4.7383,0.0000,4.7383,0.5694,1.2893,0.0000,1.6712,7689.6343,2,3.1179,1641534.0000,7.5234,170870.8594,0.0000,177185
42,269,LosAngeles_Small,train,MAPPO,3600,6,99,48,0.4848,1.0000,0.0000,911.5833,455.7917,0.4184,4.0384,264.3500,790.5428,1171.1648,0.8861,23.6924,21.6062,878.4267,224.4240,1175.6162,195936.0312,0,0,-0.0003,0.2526,0.0967,1.0261,476,0.4848,0.5152,4.0330,149.0000,flat,0.1372,0.2661,1.6449,0.0000,1.0000,0.0000,30.1171,12,149.8014,0.0588,0.7179,8,4,56215.9062,4.8081,0.0000,4.8081,0.5421,0.9060,0.0000,1.6881,6718.9756,4,4.1765,1158960.6250,11.0909,108959.8047,0.0000,116386
42,270,Tokyo_Small,train,IPPO,3600,6,91,33,0.3626,1.0000,0.0000,1192.2424,298.0606,0.6899,4.5081,384.5517,869.4815,1613.4926,0.8392,28.8113,26.5493,889.5090,246.1773,1418.4506,236408.4219,0,0,-0.0000,0.3288,0.6925,1.1398,430,0.3626,0.6374,4.5795,883.7547,building_up,0.1646,0.3143,1.4607,0.0000,1.0000,0.0000,61.8532,32,757.8120,0.3270,0.7411,4,1,53245.2539,4.7253,0.0000,4.7253,0.4250,0.9209,0.0000,4.8352,47257.0742,36,2.4404,1387483.1250,9.1319,118855.8906,0.0000,129079
42,271,Tokyo_Small,train,FaithfulMAPPER,3600,6,107,60,0.5607,1.0000,0.0000,886.6667,221.6667,0.7393,4.5084,234.1509,694.0870,953.5213,0.8145,28.9133,25.2545,824.4700,206.1458,1302.6823,217113.7188,0,0,-0.0026,0.3625,0.6347,1.1074,517,0.5607,0.4393,4.5819,883.7547,building_up,0.1333,0.2417,1.7025,0.0000,1.0000,0.0000,43.4467,32,758.0272,0.3304,0.8291,7,3,57211.2773,4.8318,0.0000,4.8318,0.5660,0.9235,0.0000,4.7022,34883.4727,36,4.0032,1279802.7500,8.5981,131774.2500,0.0000,139387
42,272,Tokyo_Small,train,MAPPO,3600,6,99,51,0.5152,1.0000,0.0000,859.7059,214.9265,0.7488,4.5062,210.8445,682.2500,926.2906,0.8786,29.3044,26.4836,762.3716,227.3826,1234.7980,205799.6562,0,0,-0.0006,0.2569,0.1027,1.0489,469,0.5152,0.4848,4.5723,883.7547,building_up,0.1256,0.2516,1.7530,0.0000,1.0000,0.0000,25.5863,24,758.3094,0.3294,0.7822,8,3,47240.8242,4.7374,0.0000,4.7374,0.4847,0.8257,0.0000,4.0773,40030.0430,34,10.7539,1211788.0000,9.3636,113987.1016,0.0000,122245
42,273,Kyoto_Small,train,IPPO,3600,6,99,47,0.4747,1.0000,0.0000,829.3617,276.4539,0.5920,4.2181,272.5122,611.2857,1146.7458,0.8416,19.2641,17.6843,831.4905,186.4720,870.7475,145124.5781,0,0,-0.0000,0.4638,0.6925,1.3523,465,0.4747,0.5253,4.4088,288.0000,shock_burst,0.1481,0.2673,1.5121,0.0000,1.0000,0.0000,43.1630,24,245.8928,0.4455,0.7863,7,3,53897.0547,4.6970,0.0000,4.6970,0.5386,0.8714,0.0000,3.9392,19785.4648,21,2.5196,857735.9375,6.5960,82559.2891,0.0000,86204
42,274,Kyoto_Small,train,FaithfulMAPPER,3600,6,96,57,0.5938,1.0000,0.0000,823.2105,274.4035,0.6141,4.1940,248.2400,594.2444,1132.1062,0.9121,19.4504,17.5562,794.7989,181.9180,864.5729,144095.4844,0,0,-0.0058,0.4063,0.6472,0.9338,452,0.5938,0.4062,4.2461,288.0000,shock_burst,0.1111,0.2124,1.7576,0.0000,1.0000,0.0000,21.8188,24,246.0028,0.4676,0.7820,7,3,64530.0508,4.7083,0.0000,4.7083,0.6216,0.9271,0.0000,3.7454,29780.3984,27,7.2089,851534.8125,8.0729,78788.1172,0.0000,82999
42,275,Kyoto_Small,train,MAPPO,3600,6,97,56,0.5773,1.0000,0.0000,1039.3214,346.4405,0.6068,4.1990,320.1800,689.0769,1215.2655,0.7591,20.0337,17.9513,869.9047,206.8122,1196.0206,199336.7656,0,0,-0.0002,0.3461,0.1095,1.2364,460,0.5773,0.4227,4.3322,288.0000,shock_burst,0.1566,0.2963,1.6563,0.0000,1.0000,0.0000,77.1269,24,246.3308,0.4571,0.8160,8,3,68054.8672,4.7423,0.0000,4.7423,0.5930,0.8885,0.0000,2.6869,16515.6680,20,3.1704,1180949.7500,8.0412,111188.5234,0.0000,116014
42,276,LosAngeles_Small,train,IPPO,3600,6,97,53,0.5464,1.0000,0.0000,1053.0377,351.0126,0.5201,4.0374,288.9048,779.3428,1143.2256,0.7914,23.5992,21.7483,907.2521,222.7018,873.4639,145577.3125,0,0,-0.0000,0.3443,0.6925,1.0930,466,0.5464,0.4536,4.0451,149.0000,flat,0.1136,0.2033,1.5633,0.0000,1.0000,0.0000,60.2596,12,149.9697,0.0547,0.7561,7,4,60590.9570,4.8041,0.0000,4.8041,0.6231,0.9916,0.0000,1.6885,7264.5156,1,5.5121,855939.1250,7.6495,78904.7656,0.0000,84726
42,277,LosAngeles_Small,train,FaithfulMAPPER,3600,6,97,45,0.4639,1.0000,0.0000,1083.3112,541.6556,0.4682,4.0426,305.0000,767.8611,1310.6178,0.8594,23.9128,22.4881,922.8683,253.0001,1120.7217,186786.9375,0,0,-0.0060,0.3649,0.6335,0.8712,468,0.4639,0.5361,4.0402,149.0000,flat,0.1250,0.2475,1.6763,0.0000,1.0000,0.0000,42.8764,12,149.6636,0.0601,0.7328,8,4,58977.8047,4.8247,0.0000,4.8247,0.5512,1.1918,0.0000,1.8807,10673.0127,9,3.1447,1105848.3750,8.2165,102493.0938,0.0000,108710
42,278,LosAngeles_Small,train,MAPPO,3600,6,104,53,0.5096,1.0000,0.0000,867.3962,433.6981,0.4910,4.0395,234.2500,637.4146,945.8360,0.8075,23.1829,18.6911,779.0484,206.2326,1249.2693,208211.5312,0,0,-0.0003,0.5117,0.1138,1.5056,496,0.5096,0.4904,4.0355,149.0000,flat,0.2174,0.3864,1.6322,0.0000,1.0000,0.0000,45.0828,12,149.8028,0.0605,0.8529,9,2,50129.3086,4.7692,0.0000,4.7692,0.4275,0.6860,0.0000,1.8390,7746.4492,5,4.9831,1233374.7500,8.6154,123345.9453,0.0000,129924
42,279,Tokyo_Small,train,IPPO,3600,6,121,60,0.4959,1.0000,0.0000,975.4833,243.8708,0.7690,4.0369,342.4255,741.9773,1203.1758,0.7027,29.2053,26.9591,944.4991,217.4149,1915.1405,319190.0938,0,0,-0.0000,0.5314,0.6924,1.4523,570,0.4959,0.5041,4.0409,177.0000,flat,0.1581,0.3136,1.5987,0.0000,1.0000,0.0000,101.7904,12,178.1508,0.0568,0.8254,9,4,72190.5469,4.7107,0.0000,4.7107,0.4758,0.9271,0.0000,1.9444,13010.9912,4,3.1001,1899821.5000,9.8843,223953.1094,0.0000,231732
42,280,Tokyo_Small,train,FaithfulMAPPER,3600,6,94,38,0.4043,1.0000,0.0000,876.9474,219.2368,0.6898,4.0530,259.8125,759.7941,1435.1904,1.0000,29.3945,26.3795,943.0845,246.0676,1461.9681,243661.3281,0,0,-0.0051,0.7692,0.6429,1.3466,452,0.4043,0.5957,4.0565,177.0000,flat,0.1728,0.3333,1.8006,0.0000,1.0000,0.0000,0.0000,12,176.9561,0.0511,0.7139,6,2,54537.2344,4.8085,0.0000,4.8085,0.5268,1.4095,0.0000,1.7106,8189.4214,3,3.6004,1438893.2500,8.4149,129162.7734,0.0000,137425
42,281,Tokyo_Small,train,MAPPO,3600,6,103,45,0.4369,1.0000,0.0000,1083.4889,270.8722,0.7400,4.0443,286.1538,868.8158,1148.1072,0.8024,29.1648,27.2429,822.8206,248.2091,1797.4951,299582.5312,0,0,-0.0002,0.3024,0.1166,1.1673,501,0.4369,0.5631,4.0450,177.0000,flat,0.0877,0.1861,1.6430,0.0000,1.0000,0.0000,56.5324,12,177.4167,0.0526,0.6286,6,3,51664.8242,4.8641,0.0000,4.8641,0.5047,1.0128,0.0000,1.6939,8865.2363,3,2.7884,1780048.0000,8.2039,176459.6094,0.0000,185142
42,282,Kyoto_Small,train,IPPO,3600,6,99,50,0.5051,1.0000,0.0000,914.2000,457.1000,0.4025,4.4840,244.9574,684.2341,1061.9379,0.8670,18.8595,17.5546,749.0986,179.1960,542.8788,90479.7969,0,0,0.0000,0.3530,0.6924,1.1729,484,0.5051,0.4949,4.5220,495.8625,building_up,0.1869,0.3402,1.7954,0.0000,1.0000,0.0000,32.5699,24,427.9822,0.3461,0.7651,8,3,53096.8906,4.8889,0.0000,4.8889,0.5202,0.8799,0.0000,3.9261,34634.9492,46,1.5834,526938.5625,7.1616,49415.1367,0.0000,53745
42,283,Kyoto_Small,train,FaithfulMAPPER,3600,6,107,50,0.4673,1.0000,0.0000,889.4600,889.4600,0.3226,4.4902,279.6591,615.3500,1158.9762,0.8288,19.7561,17.2910,797.1095,179.2158,487.8505,81308.4141,0,0,-0.0043,0.3472,0.6390,0.9628,500,0.4673,0.5327,4.5652,495.8625,building_up,0.1429,0.2673,1.6448,0.0000,1.0000,0.0000,47.8638,24,427.0228,0.3502,0.8146,6,2,57948.8125,4.6729,0.0000,4.6729,0.4795,0.8731,0.0000,6.3507,52173.9141,43,1.5016,473494.0938,7.1869,48841.4219,0.0000,52200
42,284,Kyoto_Small,train,MAPPO,3600,6,116,62,0.5345,1.0000,0.0000,820.0484,410.0242,0.3861,4.4808,229.0000,552.3265,1032.3485,0.9016,19.9817,18.1821,751.3395,192.1173,522.5776,87096.2656,0,0,-0.0010,0.1844,0.1205,0.8968,550,0.5345,0.4655,4.5234,495.8625,building_up,0.0905,0.1757,1.7190,0.0000,1.0000,0.0000,22.5303,28,427.8903,0.3594,0.8988,8,4,64005.6094,4.7414,0.0000,4.7414,0.4577,0.6464,0.0000,3.9711,39820.8945,34,1.2998,511416.9375,7.1293,56909.2227,0.0000,60619
42,285,LosAngeles_Small,train,IPPO,3600,6,98,52,0.5306,1.0000,0.0000,946.5000,946.5000,0.2501,4.2310,270.2093,706.0000,1263.2173,0.9350,23.5400,21.0870,846.9045,225.0613,829.6735,138278.9062,0,0,0.0000,0.4366,0.6924,1.3146,474,0.5306,0.4694,4.2784,430.0000,shock_burst,0.1136,0.2033,1.6038,0.0000,1.0000,0.0000,17.5658,24,364.6500,0.4456,0.7799,7,4,65687.2969,4.8367,0.0000,4.8367,0.5780,0.9898,0.0000,3.6957,33126.6562,22,3.6294,812041.3750,7.1939,75761.7500,0.0000,81308
42,286,LosAngeles_Small,train,FaithfulMAPPER,3600,6,104,37,0.3558,1.0000,0.0000,1026.0270,1026.0270,0.2657,4.2461,279.5588,748.2500,1086.5962,0.7774,23.6179,21.1584,867.7766,247.8357,879.4808,146580.1250,0,0,-0.0037,0.3849,0.6281,0.8484,509,0.3558,0.6442,4.4056,430.0000,shock_burst,0.1856,0.3306,1.7003,0.0000,1.0000,0.0000,62.2396,24,364.3331,0.4322,0.7562,6,2,40204.0586,4.8942,0.0000,4.8942,0.4002,1.0181,0.0000,2.4325,14430.9883,15,2.3652,863153.0000,7.4423,84710.2422,0.0000,91466
42,287,LosAngeles_Small,train,MAPPO,3600,6,101,42,0.4158,1.0000,0.0000,1087.6428,1087.6428,0.2109,4.2472,262.2286,835.4062,1026.5874,0.7830,23.5192,21.9084,848.8867,232.8200,880.9406,146823.4375,0,0,0.0003,0.2391,0.0935,1.0172,491,0.4158,0.5842,4.3248,430.0000,shock_burst,0.1042,0.1925,1.6918,0.0000,1.0000,0.0000,56.9111,24,363.5047,0.4417,0.7516,6,3,43116.6719,4.8614,0.0000,4.8614,0.3933,0.7962,0.0000,3.6204,17241.4277,17,6.3610,863441.0000,7.8614,83003.7188,0.0000,88975
42,288,Tokyo_Small,train,IPPO,3600,6,98,47,0.4796,1.0000,0.0000,854.5106,284.8369,0.6083,4.0514,240.9500,691.0789,1060.2229,0.8800,29.0984,26.8472,794.5094,210.8758,1835.7041,305950.6875,0,0,-0.0000,0.4405,0.6924,1.3211,465,0.4796,0.5204,4.0434,177.0000,flat,0.1217,0.2259,1.7364,0.0000,1.0000,0.0000,28.9054,12,176.9700,0.0576,0.6340,6,3,49830.4766,4.7449,0.0000,4.7449,0.4349,0.7973,0.0000,1.6888,7957.8096,1,2.8148,1815085.7500,8.2755,171379.8906,0.0000,179899
42,289,Tokyo_Small,train,FaithfulMAPPER,3600,6,97,49,0.5052,1.0000,0.0000,831.3062,277.1021,0.6347,4.0435,267.9778,598.3953,1113.2825,0.8309,28.6223,25.9304,949.6877,225.3569,1471.2783,245213.0625,0,0,-0.0032,0.4424,0.6202,1.2216,458,0.5052,0.4948,4.0428,177.0000,flat,0.1465,0.2802,1.7257,0.0000,1.0000,0.0000,45.3213,16,177.4511,0.0515,0.7230,8,3,54550.8398,4.7216,0.0000,4.7216,0.4772,1.0358,0.0000,1.8519,10552.2979,6,3.3129,1441814.7500,7.8454,132830.0938,0.0000,142714
42,290,Tokyo_Small,train,MAPPO,3600,6,103,53,0.5146,1.0000,0.0000,791.3396,263.7799,0.6160,4.0448,237.4773,658.0000,1081.5573,0.9109,29.6579,25.3801,907.5068,248.1748,1201.3204,200220.0625,0,0,-0.0019,0.3599,0.1148,1.2628,496,0.5146,0.4854,4.0560,177.0000,flat,0.0988,0.1886,1.6364,0.0000,1.0000,0.0000,21.1658,12,177.4842,0.0524,0.7563,7,4,57322.5352,4.8155,0.0000,4.8155,0.5259,0.9191,0.0000,1.7901,8220.9287,4,2.9252,1181760.0000,8.0680,113455.8984,0.0000,123736
42,291,Kyoto_Small,train,IPPO,3600,6,94,50,0.5319,1.0000,0.0000,860.2400,860.2400,0.2636,4.3196,277.2439,670.5946,1270.1493,0.9163,19.6142,17.3843,897.6913,210.7861,449.4575,74909.5781,0,0,-0.0000,0.3143,0.6924,1.1115,454,0.5319,0.4681,4.3204,347.1364,ramp_up_down,0.1528,0.2802,1.7804,0.0000,1.0000,0.0000,23.2140,24,309.6383,0.3101,0.7762,8,4,63507.4688,4.8298,0.0000,4.8298,0.5038,0.8987,0.0000,2.7015,15800.2490,27,3.8479,401683.6875,6.1383,35100.7969,0.0000,42249
42,292,Kyoto_Small,train,FaithfulMAPPER,3600,6,88,47,0.5341,1.0000,0.0000,894.6595,894.6595,0.2427,4.3175,351.9250,594.0294,1418.8168,0.8063,19.8639,17.8317,881.2225,204.1134,409.3977,68232.9531,0,0,-0.0053,0.3443,0.6181,0.7927,414,0.5341,0.4659,4.3160,347.1364,ramp_up_down,0.1312,0.2646,1.6495,0.0000,1.0000,0.0000,68.1616,24,309.8575,0.3065,0.7604,8,4,66684.3906,4.7045,0.0000,4.7045,0.5913,0.9713,0.0000,3.0845,30881.9824,12,2.0055,398882.4688,7.1136,32852.9961,0.0000,36027
42,293,Kyoto_Small,train,MAPPO,3600,6,108,49,0.4537,1.0000,0.0000,949.3265,949.3265,0.2465,4.3184,228.0976,624.3903,956.7831,0.8389,19.0482,17.8831,805.9805,190.6505,666.2315,111038.5781,0,0,0.0003,0.3103,0.0855,1.1536,513,0.4537,0.5463,4.3689,347.1364,ramp_up_down,0.2006,0.3940,1.6388,0.0000,1.0000,0.0000,36.7409,24,309.8442,0.3094,0.8338,7,1,46882.3750,4.7500,0.0000,4.7500,0.3250,0.5869,0.0000,2.4146,12456.8701,18,2.2953,655100.5625,7.4444,67923.1328,0.0000,71953
42,294,LosAngeles_Small,train,IPPO,3600,6,97,45,0.4639,1.0000,0.0000,874.6000,291.5333,0.5213,4.6574,254.1351,728.8530,988.7791,0.7782,23.0004,21.3120,779.1632,256.7653,1628.6804,271446.7500,0,0,-0.0000,0.2654,0.6924,1.0215,473,0.4639,0.5361,4.6915,944.3675,wave,0.1635,0.2979,1.5314,0.0000,1.0000,0.0000,56.3793,28,787.1322,0.3583,0.8179,7,3,44495.0586,4.8763,0.0000,4.8763,0.5553,0.7693,0.0000,5.0999,53924.8516,47,8.3452,1578700.5000,8.0722,146919.0312,0.0000,157982
42,295,LosAngeles_Small,train,FaithfulMAPPER,3600,6,91,44,0.4835,1.0000,0.0000,874.5000,437.2500,0.4508,4.6551,201.6923,673.5833,1032.9535,1.0000,23.3438,19.9496,882.0613,243.8330,1318.7362,219789.3750,0,0,-0.0028,0.4108,0.6143,0.7958,439,0.4835,0.5165,4.6847,944.3675,wave,0.0902,0.1664,1.5269,0.0000,1.0000,0.0000,0.0000,28,786.7453,0.3677,0.8816,7,4,45449.9531,4.8242,0.0000,4.8242,0.3937,0.6699,0.0000,4.3865,34992.9023,23,3.3276,1290528.5000,8.4286,111600.3594,0.0000,120005
42,296,LosAngeles_Small,train,MAPPO,3600,6,96,41,0.4271,1.0000,0.0000,836.1219,418.0610,0.4565,4.6579,246.1515,711.3333,1020.0269,0.8288,22.9105,21.5078,754.9999,228.5591,1705.9688,284328.1250,0,0,-0.0024,0.3184,0.0928,1.2012,443,0.4271,0.5729,4.7084,944.3675,wave,0.1349,0.2635,1.6994,0.0000,1.0000,0.0000,42.1461,28,786.6069,0.3626,0.7689,8,4,41821.1016,4.6146,0.0000,4.6146,0.4311,0.7930,0.0000,3.6642,24572.2812,27,3.5962,1682843.1250,9.0729,154444.9219,0.0000,163773
42,297,Tokyo_Small,train,IPPO,3600,6,93,43,0.4624,1.0000,0.0000,933.8605,466.9302,0.4053,4.2457,251.2895,692.9167,911.3514,0.7253,28.5676,26.1732,725.3365,232.8758,1628.3226,271387.0938,0,0,-0.0000,0.6646,0.6924,1.6167,429,0.4624,0.5376,4.3468,513.2000,shock_burst,0.1778,0.3202,1.6246,0.0000,1.0000,0.0000,69.0192,24,433.9672,0.4385,0.6368,7,2,39188.1133,4.6129,0.0000,4.6129,0.3790,0.6385,0.0000,3.2945,33810.1836,17,1.4202,1573742.1250,10.4624,136533.6562,0.0000,151434
42,298,Tokyo_Small,train,FaithfulMAPPER,3600,6,102,51,0.5000,1.0000,0.0000,911.3137,455.6569,0.3598,4.2501,293.8293,564.2778,1180.9410,0.8038,29.3323,27.3939,839.9209,248.9363,1292.1078,215351.3125,0,0,-0.0022,0.3837,0.6247,1.0043,486,0.5000,0.5000,4.4279,513.2000,shock_burst,0.1912,0.3386,1.6126,0.0000,1.0000,0.0000,57.6411,24,433.9469,0.4350,0.8588,7,2,60227.9961,4.7647,0.0000,4.7647,0.5192,0.8846,0.0000,2.9012,27728.2441,18,1.6431,1267548.1250,8.2843,122847.2969,0.0000,131795
42,299,Tokyo_Small,train,MAPPO,3600,6,127,59,0.4646,1.0000,0.0000,809.2542,404.6271,0.4037,4.2354,252.2549,625.0667,944.3994,0.7488,28.3525,25.8065,841.2832,205.3072,1123.1339,187188.9688,0,0,-0.0007,0.3396,0.1089,1.1539,596,0.4646,0.5354,4.3870,513.2000,shock_burst,0.2130,0.3853,1.6594,0.0000,1.0000,0.0000,63.3750,24,435.3358,0.4386,0.7772,9,3,55719.5664,4.6929,0.0000,4.6929,0.3498,0.6165,0.0000,2.2490,14360.1523,12,4.4367,1106390.3750,8.3228,133024.9688,0.0000,142638
42,300,Kyoto_Small,train,IPPO,3600,6,85,44,0.5176,1.0000,0.0000,818.0227,272.6742,0.5894,4.0157,258.2105,593.6216,1075.2441,0.8328,19.7439,17.2968,785.9210,214.5320,863.0118,143835.2969,0,0,-0.0000,0.4408,0.6924,1.3037,408,0.5176,0.4824,4.0116,99.0000,flat,0.0994,0.1902,1.6097,0.0000,1.0000,0.0000,43.1617,12,100.7289,0.0730,0.7310,6,4,47310.7383,4.8000,0.0000,4.8000,0.5771,0.9674,0.0000,1.7532,6976.3740,4,3.4042,829525.5625,8.1176,66817.6641,0.0000,73356
42,301,Kyoto_Small,train,FaithfulMAPPER,3600,6,84,46,0.5476,1.0000,0.0000,849.6522,283.2174,0.6219,4.0091,244.0732,645.8975,1074.2977,0.8803,19.5743,17.0362,730.2781,206.7267,870.5357,145089.2812,0,0,-0.0011,0.3475,0.6089,0.8589,387,0.5476,0.4524,3.9912,99.0000,flat,0.1677,0.3152,1.6365,0.0000,1.0000,0.0000,29.2136,12,100.9292,0.0721,0.7393,8,2,49417.6953,4.6071,0.0000,4.6071,0.6655,0.9002,0.0000,1.8191,7180.4634,4,3.9801,856874.5000,9.1190,67767.5547,0.0000,73125
42,302,Kyoto_Small,train,MAPPO,3600,6,100,52,0.5200,1.0000,0.0000,908.2115,302.7372,0.6059,4.0041,316.3810,632.0526,1207.8424,0.7635,19.8352,18.3191,802.1529,208.4741,1115.5699,185928.3281,0,0,-0.0001,0.4049,0.1229,1.2456,480,0.5200,0.4800,3.9867,99.0000,flat,0.0852,0.1575,1.7686,0.0000,1.0000,0.0000,74.8125,12,101.2778,0.0711,0.7045,7,4,62807.8086,4.8000,0.0000,4.8000,0.5533,0.9931,0.0000,1.8329,7679.3096,3,4.0259,1100433.3750,7.2300,105657.0781,0.0000,111557
42,303,LosAngeles_Small,train,IPPO,3600,6,98,39,0.3980,1.0000,0.0000,1111.6410,1111.6410,0.3148,4.0475,261.5588,803.8750,1047.3386,0.8008,23.6336,21.0651,842.6030,225.4211,1549.0204,258170.0625,0,0,-0.0001,0.4789,0.6922,1.2927,481,0.3980,0.6020,4.0353,149.0000,flat,0.0779,0.1485,1.6112,0.0000,1.0000,0.0000,52.0911,12,149.3114,0.0597,0.7671,6,4,40846.2070,4.9082,0.0000,4.9082,0.3347,0.6897,0.0000,1.7936,6759.5991,3,3.0796,1520168.0000,7.9082,142016.0781,0.0000,151804
42,304,LosAngeles_Small,train,FaithfulMAPPER,3600,6,104,52,0.5000,1.0000,0.0000,987.0769,987.0769,0.2977,4.0422,294.4318,743.3903,1022.3325,0.6944,24.3350,22.4175,752.9406,185.4337,1066.1057,177684.2969,0,0,-0.0021,0.4089,0.6047,0.8366,483,0.5000,0.5000,4.0412,149.0000,flat,0.1968,0.3611,1.6287,0.0000,1.0000,0.0000,89.9653,16,149.7525,0.0602,0.7883,11,4,53161.2891,4.6442,0.0000,4.6442,0.4547,0.7243,0.0000,2.0392,7419.0117,4,2.2190,1048813.3750,7.3558,103512.0391,0.0000,110875
42,305,LosAngeles_Small,train,MAPPO,3600,6,106,51,0.4811,1.0000,0.0000,1055.1569,1055.1569,0.3148,4.0376,292.2857,808.3784,1125.0970,0.7699,23.9628,20.1619,747.8386,187.0025,1457.7548,242959.1250,0,0,-0.0009,0.3737,0.1122,1.2288,493,0.4811,0.5189,4.0293,149.0000,flat,0.1595,0.2942,1.5932,0.0000,1.0000,0.0000,67.2663,12,149.9497,0.0585,0.7661,9,3,57379.9492,4.6509,0.0000,4.6509,0.6072,0.9567,0.0000,1.9454,8919.8438,6,3.7058,1441644.3750,9.7358,146179.5000,0.0000,154522
42,306,Tokyo_Small,train,IPPO,3600,6,97,56,0.5773,1.0000,0.0000,827.0179,165.4036,0.8742,4.0405,255.2449,606.2558,995.2014,0.7798,28.5927,25.4952,785.1307,222.7070,2017.0309,336171.8125,0,0,-0.0001,0.4530,0.6923,1.3381,454,0.5773,0.4227,4.0298,177.0000,flat,0.1229,0.2350,1.6040,0.0000,1.0000,0.0000,56.2046,12,177.7253,0.0533,0.7906,8,4,55731.2734,4.6804,0.0000,4.6804,0.4773,0.6502,0.0000,1.9119,11511.7578,6,2.8391,1986025.3750,8.4948,185015.8281,0.0000,195652
42,307,Tokyo_Small,train,FaithfulMAPPER,3600,6,85,38,0.4471,1.0000,0.0000,1366.9736,273.3947,0.8722,4.0590,353.6875,1069.4333,1582.7721,0.8950,29.4059,26.3894,1016.5205,287.3547,1989.2941,331549.0312,0,0,-0.0064,0.4811,0.6159,1.1338,420,0.4471,0.5529,4.0590,177.0000,flat,0.1414,0.2571,1.7296,0.0000,1.0000,0.0000,37.1331,12,176.4225,0.0516,0.5792,5,2,60145.3398,4.9412,0.0000,4.9412,0.4912,1.1606,0.0000,1.6467,7866.6768,2,3.3452,1966182.7500,9.3529,158006.2812,0.0000,169090
42,308,Tokyo_Small,train,MAPPO,3600,6,101,58,0.5743,1.0000,0.0000,846.5345,169.3069,0.8801,4.0424,206.6078,673.0455,982.7935,0.9514,28.5770,26.2081,771.7386,203.0474,2088.5347,348089.0938,0,0,0.0002,0.2832,0.1389,1.0688,480,0.5743,0.4257,4.0281,177.0000,flat,0.1451,0.2614,1.5988,0.0000,1.0000,0.0000,10.0492,16,177.7675,0.0571,0.7719,8,3,57002.0195,4.7525,0.0000,4.7525,0.6666,0.8890,0.0000,1.8370,10471.6875,5,3.9087,2064329.3750,9.8218,199942.2188,0.0000,210942
42,309,Kyoto_Small,train,IPPO,3600,6,119,54,0.4538,1.0000,0.0000,963.9259,963.9259,0.3248,4.6504,234.2558,757.3428,992.7300,0.8476,18.9879,17.2657,848.3397,157.3903,1377.2521,229542.0000,0,0,-0.0001,0.7860,0.6921,1.6236,548,0.4538,0.5462,4.6953,631.4694,wave,0.1875,0.3402,1.6614,0.0000,1.0000,0.0000,35.7098,24,527.5681,0.3694,0.9212,9,3,53607.4219,4.6050,0.0000,4.6050,0.3678,0.7376,0.0000,5.7982,56781.3477,47,3.0212,1359084.5000,7.6975,157790.1250,0.0000,163893
42,310,Kyoto_Small,train,FaithfulMAPPER,3600,6,115,54,0.4696,1.0000,0.0000,917.5370,458.7685,0.3560,4.6454,270.6458,630.7857,1226.7092,0.9065,19.6854,17.9654,943.2507,177.7805,1152.7913,192131.8906,0,0,-0.0003,0.4037,0.6223,0.8246,544,0.4696,0.5304,4.7395,631.4694,wave,0.1750,0.3197,1.6909,0.0000,1.0000,0.0000,25.3040,24,527.9044,0.3742,0.8229,8,3,66242.2969,4.7304,0.0000,4.7304,0.4699,0.9857,0.0000,5.1362,42461.6445,35,2.1638,1140061.8750,8.4609,127130.5078,0.0000,132571
42,311,Kyoto_Small,train,MAPPO,3600,6,86,44,0.5116,1.0000,0.0000,967.6364,483.8182,0.3723,4.6514,252.3684,688.1892,1121.8374,0.8890,19.8339,17.4898,823.7346,211.5677,927.7209,154620.1562,0,0,0.0001,0.2247,0.1339,0.9755,411,0.5116,0.4884,4.7383,631.4694,wave,0.1311,0.2475,1.5930,0.0000,1.0000,0.0000,28.0009,24,527.2567,0.3682,0.8081,7,3,49360.8438,4.7791,0.0000,4.7791,0.4862,0.7936,0.0000,6.0023,60581.1758,41,3.1782,906183.9375,7.1628,74601.6641,0.0000,79784
42,312,LosAngeles_Small,train,IPPO,3600,6,124,47,0.3790,1.0000,0.0000,759.4681,253.1560,0.5799,4.5056,248.2619,633.9737,917.1909,0.7389,23.9005,21.5556,747.5069,188.7922,3341.3467,556891.1250,0,0,-0.0000,0.5950,0.6919,1.4506,584,0.3790,0.6210,4.5319,741.5442,building_up,0.1245,0.2322,1.7026,0.0000,1.0000,0.0000,64.8237,28,636.6644,0.3286,0.8353,8,4,43107.9727,4.7097,0.0000,4.7097,0.3558,0.7545,0.0000,2.6709,15778.2100,16,36.8193,3318389.7500,12.6532,400893.2188,0.0000,414327
42,313,LosAngeles_Small,train,FaithfulMAPPER,3600,6,109,45,0.4128,1.0000,0.0000,937.6889,312.5630,0.5265,4.5021,236.7436,698.5263,1116.9969,0.9436,22.5483,19.7876,808.5419,200.3458,1848.4496,308074.9062,0,0,-0.0022,0.2647,0.6226,0.7192,529,0.4128,0.5872,4.5532,741.5442,building_up,0.1742,0.3217,1.6536,0.0000,1.0000,0.0000,13.3442,28,636.1794,0.3408,0.8135,9,3,50264.8633,4.8532,0.0000,4.8532,0.3977,0.7492,0.0000,6.3604,34994.6172,23,3.7987,1823205.2500,8.6881,192400.2188,0.0000,201481
42,314,LosAngeles_Small,train,MAPPO,3600,6,95,40,0.4211,1.0000,0.0000,1091.8250,363.9417,0.5817,4.4960,312.3333,897.9697,1336.4115,0.8558,23.3262,20.2217,865.2471,224.3530,1715.2000,285866.6562,0,0,-0.0008,0.3250,0.1108,1.1765,460,0.4211,0.5789,4.5443,741.5442,building_up,0.1261,0.2316,1.7565,0.0000,1.0000,0.0000,45.0511,28,636.3433,0.3519,0.8108,6,3,53456.4609,4.8421,0.0000,4.8421,0.5041,1.2048,0.0000,3.9660,24652.6230,22,4.6335,1690756.2500,7.8947,154485.9688,0.0000,162944
42,315,Tokyo_Small,train,IPPO,3600,6,120,64,0.5333,1.0000,0.0000,802.7500,200.6875,0.6758,4.4972,237.1132,533.9091,930.7446,0.7851,29.2831,24.8526,759.2547,205.0311,2219.1584,369859.7188,0,0,-0.0001,0.2054,0.6921,0.9049,574,0.5333,0.4667,4.5707,883.7547,building_up,0.1068,0.1961,1.5585,0.0000,1.0000,0.0000,50.9643,28,758.0616,0.3543,0.8993,7,4,59567.6523,4.7833,0.0000,4.7833,0.4402,0.5379,0.0000,4.3686,33392.1992,32,2.1073,2190064.0000,9.3333,254976.8750,0.0000,266299
42,316,Tokyo_Small,train,FaithfulMAPPER,3600,6,102,49,0.4804,1.0000,0.0000,893.3265,297.7755,0.6093,4.5034,257.6667,616.0667,1069.7079,0.8303,28.9269,26.2440,864.2517,249.5318,1432.3431,238723.8750,0,0,-0.0012,0.5381,0.6644,1.0313,489,0.4804,0.5196,4.5656,883.7547,building_up,0.0741,0.1633,1.6894,0.0000,1.0000,0.0000,43.7251,28,758.4639,0.3331,0.8384,6,3,52415.6875,4.7941,0.0000,4.7941,0.4118,0.7913,0.0000,3.3910,31681.9062,31,2.9403,1404363.1250,8.0882,136776.9375,0.0000,146099
42,317,Tokyo_Small,train,MAPPO,3600,6,90,51,0.5667,1.0000,0.0000,973.7255,324.5752,0.6519,4.5029,250.8139,687.8781,1045.2339,0.8335,28.6560,25.8879,799.8057,251.8405,1635.1777,272529.6250,0,0,-0.0001,0.2299,0.1180,0.9901,435,0.5667,0.4333,4.5576,883.7547,building_up,0.1466,0.2963,1.6104,0.0000,1.0000,0.0000,41.7672,28,758.0978,0.3376,0.7052,9,4,53306.9297,4.8333,0.0000,4.8333,0.6165,0.8677,0.0000,3.1015,23905.0625,26,2.8140,1604119.1250,8.3000,136688.9688,0.0000,147166
42,318,Kyoto_Small,train,IPPO,3600,6,101,46,0.4554,1.0000,0.0000,807.3043,807.3043,0.2998,4.3236,194.5385,627.4103,1009.9456,1.0000,19.9773,18.2340,741.6405,198.1054,812.9802,135496.7031,0,0,-0.0001,0.2607,0.6920,0.9957,450,0.4554,0.5446,4.4047,347.1364,ramp_up_down,0.1372,0.2475,1.5858,0.0000,1.0000,0.0000,0.0000,20,309.6706,0.3012,0.8544,7,3,46457.4961,4.4554,0.0000,4.4554,0.5325,0.8007,0.0000,4.8131,26155.5801,27,2.5816,796540.8125,8.9505,76780.2344,0.0000,82111
42,319,Kyoto_Small,train,FaithfulMAPPER,3600,6,121,56,0.4628,1.0000,0.0000,1000.7143,500.3571,0.3559,4.3210,318.2400,723.6579,1297.2798,0.8153,19.9058,19.0013,885.8331,174.3775,751.8347,125305.7812,0,0,-0.0014,0.4066,0.6668,0.9064,571,0.4628,0.5372,4.3192,347.1364,ramp_up_down,0.0833,0.1579,1.5683,0.0000,1.0000,0.0000,58.7840,24,309.9194,0.3078,0.8688,6,4,72647.6719,4.7190,0.0000,4.7190,0.5059,0.9241,0.0000,2.6342,18440.8770,16,3.2626,739018.0625,6.8926,86076.7344,0.0000,90972
42,320,Kyoto_Small,train,MAPPO,3600,6,103,48,0.4660,1.0000,0.0000,1036.0209,518.0104,0.3757,4.3205,290.1795,738.4849,1242.9576,0.8567,19.2348,17.8750,786.0416,181.4811,922.5728,153762.1406,0,0,-0.0004,0.3546,0.1050,1.1872,492,0.4660,0.5340,4.3594,347.1364,ramp_up_down,0.1677,0.3441,1.6386,0.0000,1.0000,0.0000,41.5880,28,309.3658,0.3132,0.8213,7,1,59661.9648,4.7767,0.0000,4.7767,0.4625,0.8217,0.0000,3.7686,16058.5371,14,3.8184,908538.8750,7.6214,90799.7500,0.0000,95025
42,321,LosAngeles_Small,train,IPPO,3600,6,111,45,0.4054,1.0000,0.0000,857.0889,857.0889,0.3148,4.3362,270.1622,640.0286,953.1754,0.7056,22.6401,19.4586,793.4581,203.4432,1409.9730,234995.5000,0,0,-0.0001,0.3740,0.6917,1.1975,532,0.4054,0.5946,4.3751,519.0942,ramp_up_down,0.1000,0.1803,1.5764,0.0000,1.0000,0.0000,79.5271,28,460.8667,0.2975,0.9014,7,4,42892.8906,4.7928,0.0000,4.7928,0.3849,0.7956,0.0000,3.0090,20968.0762,15,6.4565,1389627.0000,10.0450,148485.6875,0.0000,156507
42,322,LosAngeles_Small,train,FaithfulMAPPER,3600,6,110,53,0.4818,1.0000,0.0000,1174.1510,1174.1510,0.3148,4.3348,338.5000,747.9706,1317.1339,0.7782,23.0432,21.1674,867.8676,189.1956,1357.5636,226260.6094,0,0,-0.0010,0.3399,0.6599,0.8786,530,0.4818,0.5182,4.3723,519.0942,ramp_up_down,0.1595,0.2942,1.6288,0.0000,1.0000,0.0000,75.0732,24,460.3708,0.3075,0.8243,9,3,69808.1016,4.8182,0.0000,4.8182,0.5065,0.8903,0.0000,4.4389,46047.9375,18,1.8652,1339606.7500,9.2364,141683.8281,0.0000,149332
42,323,LosAngeles_Small,train,MAPPO,3600,6,103,48,0.4660,1.0000,0.0000,910.8333,910.8333,0.3148,4.3383,327.6190,647.5676,1252.7352,0.7648,23.1084,20.3907,903.2963,218.1608,1433.1068,238851.1250,0,0,-0.0005,0.3025,0.0939,1.1344,497,0.4660,0.5340,4.3718,519.0942,ramp_up_down,0.1000,0.1803,1.6558,0.0000,1.0000,0.0000,77.0720,24,460.5750,0.2988,0.9033,7,4,60131.2891,4.8252,0.0000,4.8252,0.4566,0.9040,0.0000,2.8551,15690.8457,24,2.2503,1413862.8750,7.5728,140373.0469,0.0000,147610
42,324,Tokyo_Small,train,IPPO,3600,6,104,49,0.4712,1.0000,0.0000,876.5714,175.3143,0.8403,4.3359,255.7907,660.8095,1023.1248,0.8000,28.7605,26.7713,762.4485,236.7340,2020.9712,336828.5000,0,0,0.0000,0.5314,0.6918,1.4456,495,0.4712,0.5288,4.3473,618.6302,ramp_up_down,0.1768,0.3262,1.7287,0.0000,1.0000,0.0000,51.1657,24,548.5486,0.3029,0.7711,8,2,50133.1172,4.7596,0.0000,4.7596,0.3967,0.6724,0.0000,3.2648,31636.9922,28,4.4250,1998212.1250,9.5096,200561.5781,0.0000,210181
42,325,Tokyo_Small,train,FaithfulMAPPER,3600,6,114,52,0.4561,1.0000,0.0000,932.1731,186.4346,0.8818,4.3358,325.7273,656.1219,1179.6277,0.7243,28.9329,26.5710,835.9001,217.5726,2351.8860,391981.0000,0,0,-0.0017,0.5253,0.6608,1.1617,538,0.4561,0.5439,4.3582,618.6302,ramp_up_down,0.1304,0.2341,1.7370,0.0000,1.0000,0.0000,89.8017,24,548.7686,0.3021,0.7827,7,3,61340.6367,4.7193,0.0000,4.7193,0.5889,1.1702,0.0000,2.8705,24075.0996,27,3.1808,2327728.5000,10.1404,257002.7500,0.0000,268115
42,326,Tokyo_Small,train,MAPPO,3600,6,103,46,0.4466,1.0000,0.0000,916.8043,229.2011,0.8223,4.3361,301.4211,669.5000,1023.6281,0.6792,29.5136,27.8513,758.0362,274.0713,2074.0098,345668.3125,0,0,-0.0013,0.1779,0.1169,0.9050,497,0.4466,0.5534,4.3965,618.6302,ramp_up_down,0.1138,0.2098,1.4644,0.0000,1.0000,0.0000,96.6954,28,548.5009,0.3019,0.7122,6,3,47086.8945,4.8252,0.0000,4.8252,0.5035,0.7649,0.0000,2.9394,19264.7949,21,4.1797,2049622.0000,8.4757,204718.5938,0.0000,213623
42,327,Kyoto_Small,train,IPPO,3600,6,93,47,0.5054,1.0000,0.0000,956.0000,239.0000,0.7472,4.0046,304.9286,653.6411,1143.8489,0.7502,19.7980,17.5498,810.4307,222.2136,1010.2581,168376.3438,0,0,-0.0000,0.4913,0.6917,1.3646,459,0.5054,0.4946,3.9922,99.0000,flat,0.1424,0.2621,1.6246,0.0000,1.0000,0.0000,76.1588,12,101.2308,0.0748,0.7619,8,4,53760.8945,4.9355,0.0000,4.9355,0.5640,1.0133,0.0000,1.9475,8976.5146,9,3.9611,997885.0625,6.5591,89590.1562,0.0000,93954
42,328,Kyoto_Small,train,FaithfulMAPPER,3600,6,91,45,0.4945,1.0000,0.0000,909.8000,227.4500,0.7430,4.0169,327.8974,590.4412,1121.4286,0.6840,19.2427,17.1756,745.5475,215.6893,1220.3407,203390.1094,0,0,-0.0021,0.2566,0.6597,0.7801,428,0.4945,0.5055,4.0050,99.0000,flat,0.0865,0.1601,1.7693,0.0000,1.0000,0.0000,103.6117,12,100.6761,0.0704,0.7719,6,4,50464.2891,4.7033,0.0000,4.7033,0.4302,0.6877,0.0000,1.8220,7727.1191,5,3.9854,1206911.5000,9.2857,105308.0938,0.0000,111051
42,329,Kyoto_Small,train,MAPPO,3600,6,119,61,0.5126,1.0000,0.0000,896.3115,224.0779,0.7802,3.9948,270.5000,624.6757,1138.1013,0.8415,19.5495,18.5735,876.1857,167.8036,1315.6218,219270.3125,0,0,-0.0014,0.3224,0.1302,1.1509,565,0.5126,0.4874,3.9802,99.0000,flat,0.1148,0.2226,1.6872,0.0000,1.0000,0.0000,42.8797,12,101.7756,0.0712,0.7665,9,4,69424.1797,4.7479,0.0000,4.7479,0.5094,0.9494,0.0000,1.7935,8752.6299,3,5.0125,1303464.8750,7.2857,151755.5625,0.0000,156559
42,330,LosAngeles_Small,train,IPPO,3600,6,100,40,0.4000,1.0000,0.0000,970.2500,970.2500,0.3148,4.2469,265.8378,711.5143,1057.3789,0.7955,24.1339,20.7280,825.3849,221.8918,1178.2700,196378.3281,0,0,-0.0000,0.5425,0.6916,1.4218,469,0.4000,0.6000,4.3931,430.0000,shock_burst,0.1667,0.3017,1.6932,0.0000,1.0000,0.0000,54.3620,24,364.2850,0.4316,0.9013,7,3,42295.1562,4.6900,0.0000,4.6900,0.3856,0.8681,0.0000,3.2512,13197.7617,16,6.2677,1162027.0000,7.8600,111571.3438,0.0000,117827
42,331,LosAngeles_Small,train,FaithfulMAPPER,3600,6,104,43,0.4135,1.0000,0.0000,887.1860,887.1860,0.2970,4.2390,253.5385,636.8461,1008.3815,0.7954,23.7957,20.7621,791.8755,223.8813,776.7789,129463.1406,0,0,-0.0009,0.3163,0.6610,0.8414,498,0.4135,0.5865,4.3956,430.0000,shock_burst,0.1172,0.2114,1.6558,0.0000,1.0000,0.0000,51.8622,24,364.2667,0.4400,0.7745,7,4,43360.4023,4.7885,0.0000,4.7885,0.3946,0.7785,0.0000,2.3178,11727.5859,8,10.2308,760219.3125,9.2212,74630.3672,0.0000,80785
42,332,LosAngeles_Small,train,MAPPO,3600,6,106,50,0.4717,1.0000,0.0000,927.2600,927.2600,0.3148,4.2366,291.0476,685.5946,1153.0225,0.7923,23.4018,21.9314,880.4814,231.1541,1101.2075,183534.5938,0,0,-0.0004,0.3519,0.1366,1.2655,507,0.4717,0.5283,4.3578,430.0000,shock_burst,0.1185,0.2126,1.6485,0.0000,1.0000,0.0000,60.4431,24,364.3892,0.4415,0.8514,8,4,57651.1211,4.7830,0.0000,4.7830,0.4133,0.7615,0.0000,3.3150,18065.4180,25,2.9967,1084355.1250,6.9811,110349.8672,0.0000,116728
42,333,Tokyo_Small,train,IPPO,3600,6,97,41,0.4227,1.0000,0.0000,991.6097,495.8049,0.3746,4.3402,239.1944,750.4445,1123.8595,0.9397,29.0022,26.8066,874.6942,240.8146,1133.8041,188967.3594,0,0,-0.0000,0.4716,0.6917,1.3644,462,0.4227,0.5773,4.3814,618.6302,ramp_up_down,0.1982,0.3879,1.5564,0.0000,1.0000,0.0000,14.4225,24,547.8975,0.3005,0.7240,7,1,46078.2383,4.7629,0.0000,4.7629,0.4783,0.9877,0.0000,3.2797,23124.8457,22,4.9918,1111550.8750,11.7216,100899.2344,0.0000,109979
42,334,Tokyo_Small,train,FaithfulMAPPER,3600,6,111,47,0.4234,1.0000,0.0000,895.5532,447.7766,0.3911,4.3327,294.9535,635.9756,1157.3439,0.7848,28.6492,25.7073,793.7153,217.7933,1096.4955,182749.2500,0,0,-0.0019,0.4912,0.6593,1.1080,522,0.4234,0.5766,4.3582,618.6302,ramp_up_down,0.1111,0.2020,1.7639,0.0000,1.0000,0.0000,63.4847,24,548.4044,0.3109,0.8007,6,3,54395.1602,4.7027,0.0000,4.7027,0.5252,1.1304,0.0000,2.6719,24209.0605,21,1.6702,1075150.0000,8.1261,114118.4688,0.0000,121711
42,335,Tokyo_Small,train,MAPPO,3600,6,99,48,0.4848,1.0000,0.0000,747.0625,373.5312,0.4052,4.3393,231.2558,559.2750,1008.0715,0.8718,29.0283,25.6375,853.4721,242.2041,630.1212,105020.2031,0,0,-0.0000,0.3967,0.1473,1.3198,468,0.4848,0.5152,4.3573,618.6302,ramp_up_down,0.1292,0.2372,1.5735,0.0000,1.0000,0.0000,29.6415,24,548.5225,0.2955,0.7984,7,3,48387.4336,4.7273,0.0000,4.7273,0.3765,0.6285,0.0000,3.9215,38118.1094,25,1.3591,609055.4375,7.4545,55928.5273,0.0000,62382
42,336,Kyoto_Small,train,IPPO,3600,6,109,54,0.4954,1.0000,0.0000,741.2037,741.2037,0.2221,4.4889,277.2391,536.5476,1067.1299,0.7698,19.8006,18.2007,761.4677,191.1808,459.1009,76516.8203,0,0,-0.0000,0.4031,0.6917,1.2684,513,0.4954,0.5046,4.5464,495.8625,building_up,0.1472,0.2802,1.5274,0.0000,1.0000,0.0000,63.8132,24,427.7144,0.3399,0.8187,9,4,57625.0117,4.7064,0.0000,4.7064,0.4642,0.6744,0.0000,5.1313,63470.3008,38,3.1659,445423.7812,6.8807,46554.2148,0.0000,50042
42,337,Kyoto_Small,train,FaithfulMAPPER,3600,6,95,54,0.5684,1.0000,0.0000,804.7963,804.7963,0.2186,4.4930,270.6170,563.0732,1082.6433,0.8001,19.8946,18.2692,829.6619,210.6508,640.1684,106694.7344,0,0,-0.0023,0.4549,0.6569,0.9212,441,0.5684,0.4316,4.5467,495.8625,building_up,0.1818,0.3278,1.7110,0.0000,1.0000,0.0000,54.0884,28,427.3011,0.3342,0.8959,8,2,58462.7422,4.6421,0.0000,4.6421,0.5299,0.8156,0.0000,5.6821,52730.4062,37,2.3975,625749.3750,8.0000,57322.2422,0.0000,60816
42,338,Kyoto_Small,train,MAPPO,3600,6,90,40,0.4444,1.0000,0.0000,895.4000,895.4000,0.2210,4.4946,299.3333,662.7027,1332.5494,0.8903,19.6202,17.5196,816.3015,200.6745,429.0333,71505.5547,0,0,-0.0001,0.2477,0.1632,1.0150,414,0.4444,0.5556,4.5783,495.8625,building_up,0.0980,0.2145,1.5676,0.0000,1.0000,0.0000,32.8235,28,426.8978,0.3397,0.7945,7,4,53301.9766,4.6000,0.0000,4.6000,0.4979,0.9493,0.0000,3.8087,23567.2578,31,3.2559,413094.2188,8.6000,34660.1719,0.0000,38613
42,339,LosAngeles_Small,train,IPPO,3600,6,99,36,0.3636,1.0000,0.0000,884.0278,442.0139,0.4583,4.0466,256.2903,673.5000,1135.6143,0.8862,22.4044,20.2054,807.4965,223.9216,1190.3434,198390.5781,0,0,-0.0001,0.4527,0.6915,1.3291,472,0.3636,0.6364,4.0415,149.0000,flat,0.1212,0.2185,1.5390,0.0000,1.0000,0.0000,29.1675,12,149.2422,0.0592,0.7109,6,3,40882.1133,4.7677,0.0000,4.7677,0.3953,0.8772,0.0000,1.8146,7084.8892,6,7.2442,1177566.8750,7.9394,111560.8984,0.0000,117844
42,340,LosAngeles_Small,train,FaithfulMAPPER,3600,6,86,38,0.4419,1.0000,0.0000,1105.3422,552.6711,0.4813,4.0508,287.6571,849.5000,1085.6786,0.7548,23.8645,22.0542,818.0807,266.6785,1250.5349,208422.4844,0,0,-0.0014,0.3765,0.6640,0.8139,417,0.4419,0.5581,4.0430,149.0000,flat,0.1339,0.2577,1.6869,0.0000,1.0000,0.0000,70.5214,12,149.0739,0.0595,0.6855,7,3,41255.7891,4.8488,0.0000,4.8488,0.4204,0.7603,0.0000,1.7374,6975.9150,4,4.6011,1232912.5000,10.5581,99565.6406,0.0000,107546
42,341,LosAngeles_Small,train,MAPPO,3600,6,90,40,0.4444,1.0000,0.0000,1011.4250,505.7125,0.4786,4.0523,249.8788,819.1667,1306.6761,1.0000,23.6891,20.6130,825.2351,234.7114,1228.9333,204822.2188,0,0,-0.0009,0.2477,0.1582,1.0323,427,0.4444,0.5556,4.0478,149.0000,flat,0.1633,0.3024,1.6043,0.0000,1.0000,0.0000,0.0000,12,148.8792,0.0539,0.6823,8,3,52267.0430,4.7444,0.0000,4.7444,0.4980,0.9037,0.0000,1.6903,6649.5190,6,4.7795,1211334.0000,8.7333,103947.1016,0.0000,110604
42,342,Tokyo_Small,train,IPPO,3600,6,99,44,0.4444,1.0000,0.0000,895.6591,447.8296,0.4876,4.3429,292.0000,705.5526,1189.0228,0.8144,29.4611,26.3055,750.6799,212.9790,932.2929,155382.1562,0,0,0.0000,0.6066,0.6916,1.4963,454,0.4444,0.5556,4.4355,618.6302,ramp_up_down,0.1404,0.2684,1.6201,0.0000,1.0000,0.0000,54.1954,24,548.0478,0.2952,0.7530,6,3,52317.0078,4.5859,0.0000,4.5859,0.6503,1.2394,0.0000,3.9464,30520.9297,29,1.8505,911876.9375,9.6061,85043.5625,0.0000,92297
42,343,Tokyo_Small,train,FaithfulMAPPER,3600,6,106,58,0.5472,1.0000,0.0000,904.7759,301.5919,0.5446,4.3332,308.9796,633.6000,1137.6113,0.7364,28.7449,26.3601,866.3486,229.4474,1437.9623,239660.3750,0,0,-0.0016,0.3351,0.6637,0.9636,512,0.5472,0.4528,4.3462,618.6302,ramp_up_down,0.1418,0.2517,1.6297,0.0000,1.0000,0.0000,81.4573,28,548.7150,0.3062,0.7722,7,3,65981.4531,4.8302,0.0000,4.8302,0.5398,0.9036,0.0000,2.5234,20057.6230,24,2.0547,1417510.7500,7.1321,145919.7500,0.0000,152424
42,344,Tokyo_Small,train,MAPPO,3600,6,104,54,0.5192,1.0000,0.0000,1090.8889,363.6296,0.5111,4.3361,367.0444,738.1389,1405.8531,0.7660,29.0012,27.0963,977.3258,237.3347,1485.6827,247613.7969,0,0,-0.0001,0.7120,0.1611,1.7969,489,0.5192,0.4808,4.3407,618.6302,ramp_up_down,0.1263,0.2631,1.6981,0.0000,1.0000,0.0000,85.8738,24,548.2833,0.3060,0.7961,8,3,75916.0703,4.7019,0.0000,4.7019,0.6100,1.3781,0.0000,2.9522,32852.2109,17,3.0413,1466577.7500,10.6442,147296.5312,0.0000,154511
42,345,Kyoto_Small,train,IPPO,3600,6,116,56,0.4828,1.0000,0.0000,805.0714,805.0714,0.1965,4.3139,249.7143,548.5000,1010.4833,0.8093,19.3559,17.2920,801.8763,171.5797,433.0431,72173.8516,0,0,0.0000,0.4071,0.6914,1.2658,554,0.4828,0.5172,4.3296,347.1364,ramp_up_down,0.1097,0.2226,1.6583,0.0000,1.0000,0.0000,47.6176,24,309.9742,0.3184,0.9321,8,3,56587.0625,4.7759,0.0000,4.7759,0.4261,0.7574,0.0000,3.5356,26988.3711,31,1.8572,421675.0938,6.4224,47055.6367,0.0000,50233
42,346,Kyoto_Small,train,FaithfulMAPPER,3600,6,91,38,0.4176,1.0000,0.0000,911.3947,911.3947,0.2232,4.3292,234.4118,762.1143,1212.5876,1.0000,19.4177,17.5123,776.4445,210.9666,520.3406,86723.4453,0,0,-0.0011,0.3525,0.6658,0.8675,436,0.4176,0.5824,4.3547,347.1364,ramp_up_down,0.1691,0.3057,1.6757,0.0000,1.0000,0.0000,0.0000,28,308.9692,0.3063,0.7447,6,2,46078.3320,4.7912,0.0000,4.7912,0.5026,1.0283,0.0000,2.5211,11756.1133,13,2.7888,507659.2188,7.8242,43709.8789,0.0000,47351
42,347,Kyoto_Small,train,MAPPO,3600,6,100,50,0.5000,1.0000,0.0000,899.0000,899.0000,0.2276,4.3195,305.7143,664.8158,1053.5435,0.6892,19.9840,18.5454,737.8978,199.7650,703.6600,117276.6641,0,0,-0.0001,0.2225,0.1570,1.0034,476,0.5000,0.5000,4.4018,347.1364,ramp_up_down,0.1599,0.2932,1.5855,0.0000,1.0000,0.0000,95.0056,28,309.6175,0.3141,0.7517,7,3,52677.1719,4.7600,0.0000,4.7600,0.5647,0.8901,0.0000,2.9347,18469.0039,16,1.8832,689608.7500,7.4000,66882.3438,0.0000,70366
42,348,LosAngeles_Small,train,IPPO,3600,6,105,39,0.3714,1.0000,0.0000,990.7692,990.7692,0.3071,4.6560,278.2121,666.5883,1289.9924,0.9273,23.6857,19.6131,898.7450,207.5784,839.4572,139909.5312,0,0,-0.0000,0.5958,0.6913,1.4714,505,0.3714,0.6286,4.7115,944.3675,wave,0.1053,0.2170,1.6467,0.0000,1.0000,0.0000,20.2137,28,787.2083,0.3591,0.8459,8,4,50309.7031,4.8095,0.0000,4.8095,0.3122,0.7957,0.0000,4.7266,42646.9805,35,2.4020,815658.1250,8.1429,81896.4609,0.0000,88143
42,349,LosAngeles_Small,train,FaithfulMAPPER,3600,6,104,38,0.3654,1.0000,0.0000,865.6579,865.6579,0.2982,4.6517,233.7143,598.6111,1088.6204,0.9316,23.5399,20.6896,761.5819,227.7109,1227.5577,204592.9531,0,0,-0.0020,0.5459,0.6667,0.8433,495,0.3654,0.6346,4.7154,944.3675,wave,0.1469,0.2619,1.6639,0.0000,1.0000,0.0000,15.9902,28,787.1044,0.3709,0.8513,7,3,41367.5703,4.7596,0.0000,4.7596,0.3311,0.7795,0.0000,6.0491,51503.4531,32,3.1126,1207595.2500,8.5673,120440.0703,0.0000,127666
42,350,LosAngeles_Small,train,MAPPO,3600,6,111,45,0.4054,1.0000,0.0000,987.0000,987.0000,0.2593,4.6511,260.4878,730.7180,1120.3302,0.8602,23.1878,22.1020,918.7584,213.7787,1086.3063,181051.0469,0,0,-0.0007,0.6016,0.1469,1.5976,537,0.4054,0.5946,4.7247,944.3675,wave,0.0786,0.1541,1.6617,0.0000,1.0000,0.0000,36.4218,28,787.3375,0.3718,0.9289,7,4,50414.8594,4.8378,0.0000,4.8378,0.3948,0.9647,0.0000,4.5698,34965.0508,26,2.9758,1065185.7500,8.0541,113681.8438,0.0000,120580
42,351,Tokyo_Small,train,IPPO,3600,6,88,38,0.4318,1.0000,0.0000,1003.2105,501.6053,0.3928,4.3378,318.2121,716.0323,1381.8654,0.8685,29.5253,27.2217,841.2126,257.5117,1029.6932,171615.5312,0,0,0.0000,0.4288,0.6915,1.3114,425,0.4318,0.5682,4.3746,618.6302,ramp_up_down,0.1206,0.2828,1.6859,0.0000,1.0000,0.0000,41.8391,24,547.8209,0.3059,0.6410,5,1,52510.8867,4.8295,0.0000,4.8295,0.5128,1.0807,0.0000,2.2850,20581.1230,14,1.2944,1004879.6250,8.6023,83390.2891,0.0000,90613
42,352,Tokyo_Small,train,FaithfulMAPPER,3600,6,104,53,0.5096,1.0000,0.0000,897.3585,448.6793,0.4981,4.3398,299.6222,666.2820,1189.4890,0.7940,28.3410,26.2404,882.6259,225.5135,998.0577,166342.9531,0,0,-0.0002,0.2988,0.6666,0.9379,508,0.5096,0.4904,4.4030,618.6302,ramp_up_down,0.1587,0.2857,1.7222,0.0000,1.0000,0.0000,61.7244,24,548.2670,0.3012,0.7311,7,3,63042.9180,4.8846,0.0000,4.8846,0.5126,0.8609,0.0000,3.6684,26402.3301,25,1.8876,978141.2500,8.1635,95804.7188,0.0000,103798
42,353,Tokyo_Small,train,MAPPO,3600,6,95,46,0.4842,1.0000,0.0000,890.6957,445.3478,0.4875,4.3403,202.0250,663.6053,950.0810,0.9406,29.5517,26.8753,721.1913,229.3406,1038.5474,173091.2344,0,0,-0.0000,0.2835,0.1867,1.1367,435,0.4842,0.5158,4.4012,618.6302,ramp_up_down,0.1587,0.2857,1.7122,0.0000,1.0000,0.0000,12.0088,24,548.2645,0.2964,0.7241,7,3,43703.7266,4.5789,0.0000,4.5789,0.4609,0.7985,0.0000,3.1217,19157.6406,22,2.4179,1015132.5625,7.9158,91620.9219,0.0000,98662
42,354,Kyoto_Small,train,IPPO,3600,6,111,43,0.3874,1.0000,0.0000,999.2791,499.6395,0.3364,4.0062,279.6667,686.3055,1155.7723,0.8265,19.8137,18.3791,818.9977,194.4886,955.5946,159265.7656,0,0,-0.0000,0.3621,0.6915,1.1577,531,0.3874,0.6126,4.0038,99.0000,flat,0.1186,0.2161,1.6400,0.0000,1.0000,0.0000,48.5122,12,101.1339,0.0725,0.8331,6,3,49698.2109,4.7838,0.0000,4.7838,0.3858,0.7976,0.0000,2.1444,10187.2129,5,3.7249,946953.3750,10.1892,101721.8047,0.0000,106071
42,355,Kyoto_Small,train,FaithfulMAPPER,3600,6,112,43,0.3839,1.0000,0.0000,980.6977,490.3488,0.3845,4.0047,299.0270,759.3235,1200.0006,0.8026,19.9673,19.3377,876.4364,185.4689,750.8929,125148.8125,0,0,-0.0023,0.5654,0.6689,0.9851,510,0.3839,0.6161,3.9991,99.0000,flat,0.1042,0.1925,1.6888,0.0000,1.0000,0.0000,59.0269,12,101.2911,0.0741,0.7784,6,3,51600.0273,4.5536,0.0000,4.5536,0.3438,0.8700,0.0000,1.7714,7331.7646,3,2.9070,738943.1875,8.7946,79965.7656,0.0000,84100
42,356,Kyoto_Small,train,MAPPO,3600,6,90,50,0.5556,1.0000,0.0000,1001.5200,500.7600,0.4329,4.0047,273.2500,842.6572,996.3088,0.7292,19.4776,17.2935,792.7156,190.2436,746.2667,124377.7812,0,0,-0.0004,0.2223,0.1791,1.0109,421,0.5556,0.4444,3.9882,99.0000,flat,0.1250,0.2275,1.7217,0.0000,1.0000,0.0000,73.9882,12,101.1608,0.0758,0.7708,7,3,49815.4414,4.6778,0.0000,4.6778,0.5324,0.8143,0.0000,1.9235,8416.1484,6,2.6111,732943.1875,7.9778,62711.3281,0.0000,67164
42,357,LosAngeles_Small,train,IPPO,3600,6,99,41,0.4141,1.0000,0.0000,933.9025,466.9512,0.3647,4.2402,248.6250,782.6053,1069.2948,0.8602,22.4198,20.4082,807.7772,214.9319,1025.5758,170929.2969,0,0,-0.0000,0.4751,0.6913,1.3602,464,0.4141,0.5859,4.2697,430.0000,shock_burst,0.1081,0.1949,1.6261,0.0000,1.0000,0.0000,34.7660,24,364.1233,0.4394,0.8260,7,4,43841.0859,4.6869,0.0000,4.6869,0.4159,0.9115,0.0000,2.5764,17950.2812,14,2.5357,1008697.3125,8.9596,94698.9922,0.0000,101532
42,358,LosAngeles_Small,train,FaithfulMAPPER,3600,6,91,37,0.4066,1.0000,0.0000,903.9189,451.9595,0.3944,4.2487,293.5757,631.3939,1270.8601,0.8658,23.7519,20.9980,996.3743,224.7646,1315.9890,219331.5000,0,0,-0.0030,0.4978,0.6680,0.9763,422,0.4066,0.5934,4.3174,430.0000,shock_burst,0.1008,0.2038,1.5984,0.0000,1.0000,0.0000,39.4037,24,364.0214,0.4319,0.7759,6,4,47021.8242,4.6374,0.0000,4.6374,0.4764,1.2670,0.0000,2.0798,11508.1260,9,2.5774,1295158.2500,9.9780,111792.5391,0.0000,119755
42,359,LosAngeles_Small,train,MAPPO,3600,6,105,34,0.3238,1.0000,0.0000,1078.0294,539.0147,0.3806,4.2487,308.2222,741.6429,1423.9263,0.9240,23.3366,20.0705,938.7169,220.8229,1652.7905,275465.0938,0,0,-0.0005,0.4125,0.1611,1.2292,511,0.3238,0.6762,4.3391,430.0000,shock_burst,0.1696,0.3062,1.4866,0.0000,1.0000,0.0000,23.4370,20,364.2178,0.4300,0.7968,7,3,48413.4922,4.8667,0.0000,4.8667,0.2336,0.6461,0.0000,3.6088,18664.6172,16,3.8556,1634451.0000,7.4571,164976.7500,0.0000,173543
42,360,Tokyo_Small,train,IPPO,3600,6,120,48,0.4000,1.0000,0.0000,988.3125,329.4375,0.5764,4.0399,247.1750,748.3684,1090.3986,0.8823,29.5188,27.9218,804.2873,216.6013,2317.1584,386193.0625,0,0,-0.0000,0.4376,0.6914,1.3194,569,0.4000,0.6000,4.0303,177.0000,flat,0.1301,0.2339,1.7003,0.0000,1.0000,0.0000,29.0953,12,177.8442,0.0565,0.7661,6,3,52339.1289,4.7417,0.0000,4.7417,0.4463,0.9191,0.0000,1.8185,10320.3545,5,2.1321,2286856.7500,9.4000,266474.7500,0.0000,278059
42,361,Tokyo_Small,train,FaithfulMAPPER,3600,6,108,48,0.4444,1.0000,0.0000,1110.0834,370.0278,0.6207,4.0407,314.0000,770.8500,1145.4575,0.7296,28.8356,26.4619,911.2969,252.6509,1549.9722,258328.6875,0,0,-0.0014,0.4682,0.6716,0.9453,531,0.4444,0.5556,4.0326,177.0000,flat,0.1189,0.2157,1.6729,0.0000,1.0000,0.0000,84.9085,12,177.7608,0.0544,0.7222,6,3,54981.9570,4.9167,0.0000,4.9167,0.4258,0.8862,0.0000,1.8015,9928.5225,7,2.1145,1531570.5000,7.9722,159473.0938,0.0000,167397
42,362,Tokyo_Small,train,MAPPO,3600,6,120,56,0.4667,1.0000,0.0000,781.8571,260.6190,0.6052,4.0366,270.7917,531.1556,1126.4885,0.8320,29.2298,26.2615,864.8089,217.8878,1624.5083,270751.3750,0,0,-0.0000,0.3749,0.1827,1.2970,569,0.4667,0.5333,4.0316,177.0000,flat,0.1270,0.2309,1.6394,0.0000,1.0000,0.0000,45.4940,12,178.1381,0.0534,0.7696,7,4,63083.3555,4.7417,0.0000,4.7417,0.4259,0.7904,0.0000,1.8344,11548.8799,5,3.5459,1608022.0000,8.9083,186598.3906,0.0000,194941
42,363,Kyoto_Small,train,IPPO,3600,6,108,46,0.4259,1.0000,0.0000,900.1304,900.1304,0.3274,4.3239,260.2368,740.5135,1003.4292,0.7712,20.0942,18.2450,765.6219,186.7480,673.5000,112250.0000,0,0,-0.0000,0.3749,0.6916,1.2190,512,0.4259,0.5741,4.3893,347.1364,ramp_up_down,0.1063,0.2000,1.6157,0.0000,1.0000,0.0000,59.5510,28,309.0133,0.3156,0.8283,6,3,46157.7422,4.7407,0.0000,4.7407,0.4646,0.8526,0.0000,3.9936,26373.4629,24,4.4647,653499.6875,7.9167,67823.0547,0.0000,72738
42,364,Kyoto_Small,train,FaithfulMAPPER,3600,6,110,62,0.5636,1.0000,0.0000,963.7742,481.8871,0.3968,4.2959,254.7547,629.3696,1051.6351,0.8256,19.9457,18.5417,805.7830,197.5871,846.9636,141160.6094,0,0,-0.0004,0.2248,0.6697,0.7861,523,0.5636,0.4364,4.2931,347.1364,ramp_up_down,0.0920,0.1677,1.6716,0.0000,1.0000,0.0000,44.4277,24,310.6717,0.3379,0.9044,8,5,65201.3750,4.7545,0.0000,4.7545,0.6610,0.9669,0.0000,3.3491,23875.0059,32,2.5838,834684.9375,8.4545,88670.2422,0.0000,93166
42,365,Kyoto_Small,train,MAPPO,3600,6,101,49,0.4851,1.0000,0.0000,849.3062,424.6531,0.3924,4.3195,293.7619,563.7368,1109.8879,0.7556,19.8598,17.3152,816.0224,206.7206,590.2079,98367.9844,0,0,-0.0003,0.4405,0.1729,1.4107,457,0.4851,0.5149,4.3452,347.1364,ramp_up_down,0.1193,0.2227,1.6645,0.0000,1.0000,0.0000,71.7843,24,309.3947,0.3159,0.7464,8,4,54384.5078,4.5248,0.0000,4.5248,0.5005,0.9167,0.0000,3.3171,14512.0186,15,2.3998,575871.0625,6.5248,56061.6797,0.0000,59611
42,366,LosAngeles_Small,train,IPPO,3600,6,95,40,0.4211,1.0000,0.0000,1053.9250,1053.9250,0.3148,4.0408,236.3889,778.6765,1092.4435,0.9243,23.0161,21.5751,740.3072,263.8633,1142.9474,190491.2344,0,0,-0.0000,0.4201,0.6915,1.2759,454,0.4211,0.5789,4.0399,149.0000,flat,0.0873,0.1620,1.6136,0.0000,1.0000,0.0000,17.9002,12,149.6408,0.0553,0.7252,6,4,43697.7383,4.7789,0.0000,4.7789,0.3746,0.7315,0.0000,1.8292,6860.8643,5,5.7904,1116554.7500,7.8842,101630.1016,0.0000,108580
42,367,LosAngeles_Small,train,FaithfulMAPPER,3600,6,103,53,0.5146,1.0000,0.0000,786.7358,786.7358,0.3130,4.0386,229.7333,550.2500,959.9962,0.8357,23.5131,20.5138,785.0154,201.7580,825.2039,137533.9844,0,0,-0.0007,0.2529,0.6706,0.7524,496,0.5146,0.4854,4.0321,149.0000,flat,0.0621,0.1375,1.7581,0.0000,1.0000,0.0000,37.7341,12,149.7456,0.0575,0.7350,8,6,50879.7969,4.8155,0.0000,4.8155,0.4856,0.8050,0.0000,1.9059,7819.7280,6,3.6800,811413.1875,7.8641,80062.4844,0.0000,84996
42,368,LosAngeles_Small,train,MAPPO,3600,6,121,48,0.3967,1.0000,0.0000,918.0417,918.0417,0.3148,4.0385,233.0000,688.1143,1070.4921,0.9189,24.0580,20.6988,778.3052,193.5198,1513.3801,252230.0312,0,0,-0.0001,0.2729,0.1563,1.1054,565,0.3967,0.6033,4.0279,149.0000,flat,0.1071,0.2031,1.7066,0.0000,1.0000,0.0000,18.9016,12,149.7697,0.0559,0.8197,8,4,51383.6211,4.6694,0.0000,4.6694,0.3989,0.8781,0.0000,2.0925,8859.4434,10,2.5121,1502137.5000,8.8760,177041.2812,0.0000,183119
42,369,Tokyo_Small,train,IPPO,3600,6,112,51,0.4554,1.0000,0.0000,894.1569,298.0523,0.5986,4.5094,255.9070,692.8975,1135.2429,0.8872,29.4385,25.8387,871.4267,224.1663,1225.7322,204288.6875,0,0,-0.0000,0.5114,0.6915,1.4309,526,0.4554,0.5446,4.6142,883.7547,building_up,0.1063,0.1944,1.5938,0.0000,1.0000,0.0000,28.8584,24,757.7833,0.3293,0.7871,7,4,57897.3867,4.6964,0.0000,4.6964,0.5203,0.9611,0.0000,5.0925,35201.4023,44,1.7951,1204486.7500,8.6964,129720.1953,0.0000,137282
42,370,Tokyo_Small,train,FaithfulMAPPER,3600,6,98,44,0.4490,1.0000,0.0000,1030.9546,515.4773,0.4925,4.5062,281.0769,719.2703,1272.5587,0.9055,29.3216,26.5744,953.7416,240.4029,1164.3979,194066.3281,0,0,-0.0023,0.6170,0.6722,1.0277,468,0.4490,0.5510,4.5142,883.7547,building_up,0.1688,0.3162,1.8125,0.0000,1.0000,0.0000,26.5652,32,757.7194,0.3363,0.8286,8,3,55992.5859,4.7755,0.0000,4.7755,0.4544,1.0852,0.0000,5.5612,59272.8516,40,3.4027,1140611.1250,13.8878,104771.2734,0.0000,114111
42,371,Tokyo_Small,train,MAPPO,3600,6,107,50,0.4673,1.0000,0.0000,1026.8400,513.4200,0.4880,4.4979,202.9302,835.2703,967.8737,0.9539,29.6777,27.0244,755.3013,229.4353,1410.5421,235090.3438,0,0,-0.0030,0.3748,0.1912,1.3129,508,0.4673,0.5327,4.5349,883.7547,building_up,0.1017,0.1846,1.7110,0.0000,1.0000,0.0000,9.3555,32,757.5233,0.3553,0.7713,7,4,48393.6836,4.7477,0.0000,4.7477,0.4029,0.7251,0.0000,3.9653,31166.5293,32,3.2994,1386287.8750,9.4673,142353.4375,0.0000,150928
42,372,Kyoto_Small,train,IPPO,3600,6,107,50,0.4673,1.0000,0.0000,910.4000,303.4667,0.5427,4.3198,284.6250,726.2973,1192.2212,0.8377,19.6458,18.3086,846.8152,188.3493,1252.9159,208819.3125,0,0,0.0000,0.4210,0.6915,1.3024,511,0.4673,0.5327,4.3176,347.1364,ramp_up_down,0.1250,0.2450,1.7241,0.0000,1.0000,0.0000,46.1808,24,309.4969,0.3146,0.7924,8,3,59611.0586,4.7757,0.0000,4.7757,0.4943,0.9476,0.0000,2.7305,16448.7422,24,3.8802,1241186.0000,8.7290,129149.7500,0.0000,134062
42,373,Kyoto_Small,train,FaithfulMAPPER,3600,6,115,56,0.4870,1.0000,0.0000,759.9286,253.3095,0.5801,4.3130,214.6327,555.5333,1023.3666,0.9536,19.6365,17.2595,825.6240,180.6049,1075.3914,179231.8906,0,0,-0.0008,0.4996,0.6721,0.9481,537,0.4870,0.5130,4.3288,347.1364,ramp_up_down,0.1150,0.2078,1.8190,0.0000,1.0000,0.0000,9.9594,24,309.9819,0.3156,0.8534,8,4,57308.5312,4.6696,0.0000,4.6696,0.3933,0.7735,0.0000,3.5253,20310.2441,16,3.3811,1062212.1250,8.5304,118818.2109,0.0000,123670
42,374,Kyoto_Small,train,MAPPO,3600,6,127,54,0.4252,1.0000,0.0000,918.4445,306.1482,0.6254,4.2994,239.6875,671.6222,1074.8337,0.8969,19.7148,18.0660,809.6224,176.3157,895.4960,149249.3438,0,0,0.0001,0.2282,0.1959,1.0275,611,0.4252,0.5748,4.3433,347.1364,ramp_up_down,0.1046,0.1904,1.5740,0.0000,1.0000,0.0000,24.7207,24,310.8711,0.3228,0.8525,8,4,58041.0234,4.8110,0.0000,4.8110,0.4153,0.7455,0.0000,2.7654,21936.7832,24,2.8227,883455.7500,7.2992,109584.6406,0.0000,113728
42,375,LosAngeles_Small,train,IPPO,3600,6,94,47,0.5000,1.0000,0.0000,857.1277,428.5638,0.3516,4.6558,278.1026,601.3889,1130.6681,0.8131,23.1519,20.1382,798.3231,242.7596,641.0851,106847.5156,0,0,-0.0000,0.4079,0.6916,1.2423,445,0.5000,0.5000,4.6631,944.3675,wave,0.1115,0.2487,1.6111,0.0000,1.0000,0.0000,51.9689,28,786.5861,0.3705,0.8300,9,5,53141.4023,4.7340,0.0000,4.7340,0.5679,0.9204,0.0000,5.1643,44996.2109,29,2.2991,616278.1875,8.7234,53562.0664,0.0000,60262
42,376,LosAngeles_Small,train,FaithfulMAPPER,3600,6,108,44,0.4074,1.0000,0.0000,1032.4546,516.2273,0.3735,4.6575,276.9000,791.6061,1167.1573,0.8430,23.8107,21.2704,879.8139,190.3594,1399.5093,233251.5625,0,0,-0.0011,0.3352,0.6706,0.8074,524,0.4074,0.5926,4.7358,944.3675,wave,0.0952,0.1925,1.6025,0.0000,1.0000,0.0000,43.4685,24,786.5142,0.3684,0.8616,6,3,51354.9258,4.8519,0.0000,4.8519,0.4361,0.9441,0.0000,5.2327,30846.8906,34,1.9846,1378888.8750,7.8426,143717.1562,0.0000,151147
42,377,LosAngeles_Small,train,MAPPO,3600,6,125,53,0.4240,1.0000,0.0000,889.3396,444.6698,0.3763,4.6569,222.7500,640.8684,1123.8346,1.0000,22.8610,21.9754,818.5336,193.0325,1425.5601,237593.3438,0,0,-0.0018,0.2432,0.1901,1.0671,604,0.4240,0.5760,4.6681,944.3675,wave,0.2236,0.3973,1.6083,0.0000,1.0000,0.0000,0.0000,28,786.5544,0.3701,0.8838,10,2,59563.2305,4.8320,0.0000,4.8320,0.4836,0.9207,0.0000,5.4721,42000.1016,40,2.3867,1406730.7500,9.2560,170958.3438,0.0000,178195
42,378,Tokyo_Small,train,IPPO,3600,6,124,54,0.4355,1.0000,0.0000,930.5741,232.6435,0.7341,4.5007,278.8478,710.5250,1098.2427,0.7877,29.4068,26.4667,779.6471,234.9275,1888.0968,314682.7812,0,0,-0.0000,0.3275,0.6914,1.1111,596,0.4355,0.5645,4.5600,883.7547,building_up,0.1420,0.2875,1.7341,0.0000,1.0000,0.0000,59.1993,24,759.5217,0.3278,0.7782,9,3,59305.1016,4.8065,0.0000,4.8065,0.4532,0.8783,0.0000,2.5261,18653.9766,17,2.9120,1868821.5000,10.0403,224287.5469,0.0000,234124
42,379,Tokyo_Small,train,FaithfulMAPPER,3600,6,96,40,0.4167,1.0000,0.0000,802.8000,200.7000,0.7509,4.5066,237.1212,632.2812,1070.5481,0.9030,28.8896,25.9712,883.9442,245.7743,2003.3125,333885.4062,0,0,-0.0015,0.4679,0.6729,1.0057,453,0.4167,0.5833,4.6212,883.7547,building_up,0.1607,0.3220,1.5447,0.0000,1.0000,0.0000,23.0116,28,757.8103,0.3317,0.6349,7,2,42821.9219,4.7188,0.0000,4.7188,0.4134,0.8304,0.0000,4.1650,28702.5898,24,4.8389,1974194.0000,10.1979,182329.2812,0.0000,192318
42,380,Tokyo_Small,train,MAPPO,3600,6,118,48,0.4068,1.0000,0.0000,939.6042,234.9010,0.7471,4.5028,253.0256,767.8000,1356.5424,1.0000,28.3281,26.8728,936.1115,222.5226,1979.0677,329844.6250,0,0,-0.0014,0.4042,0.2152,1.3751,551,0.4068,0.5932,4.5619,883.7547,building_up,0.1488,0.2651,1.7145,0.0000,1.0000,0.0000,0.0000,24,758.1650,0.3385,0.8374,7,3,65114.0352,4.6695,0.0000,4.6695,0.4206,0.9834,0.0000,5.0045,44353.1055,37,18862.1016,1956122.6250,10.9237,223065.6406,0.0000,233530
42,381,Kyoto_Small,train,IPPO,3600,6,126,61,0.4841,1.0000,0.0000,809.9016,404.9508,0.4054,4.3027,208.1000,613.5000,1019.5401,0.9799,19.7698,18.0113,786.5493,185.4346,779.5238,129920.6328,0,0,-0.0000,0.3243,0.6914,1.1353,590,0.4841,0.5159,4.3096,347.1364,ramp_up_down,0.1786,0.3194,1.7199,0.0000,1.0000,0.0000,4.1920,24,310.9800,0.3157,0.8625,11,4,62191.9492,4.6825,0.0000,4.6825,0.4538,0.8075,0.0000,3.2377,18148.4258,21,2.1337,768673.5000,6.4048,94186.6484,0.0000,98220
42,382,Kyoto_Small,train,FaithfulMAPPER,3600,6,123,56,0.4553,1.0000,0.0000,863.1429,431.5714,0.3905,4.3131,234.6889,611.8718,974.9191,0.8308,19.8374,18.3374,825.0667,190.9843,950.8293,158471.5469,0,0,-0.0010,0.2115,0.6716,0.7938,576,0.4553,0.5447,4.3462,347.1364,ramp_up_down,0.1046,0.1904,1.6901,0.0000,1.0000,0.0000,39.7051,24,310.1550,0.3158,0.8472,8,4,54595.4648,4.6829,0.0000,4.6829,0.4521,0.8243,0.0000,2.2833,15250.8721,14,3.3001,939890.1250,8.0894,112258.8594,0.0000,116952
42,383,Kyoto_Small,train,MAPPO,3600,6,109,54,0.4954,1.0000,0.0000,928.4445,464.2222,0.3857,4.3197,227.7234,660.7442,1009.4105,0.8865,19.4905,18.3298,810.2097,164.5894,817.8899,136314.9844,0,0,-0.0002,0.4044,0.2260,1.3905,505,0.4954,0.5046,4.3054,347.1364,ramp_up_down,0.2065,0.3765,1.6916,0.0000,1.0000,0.0000,25.8413,24,309.7247,0.3090,0.7833,10,3,54508.1680,4.6330,0.0000,4.6330,0.4281,0.7621,0.0000,2.6883,14520.5938,22,2.3321,804033.6250,8.7156,84812.8672,0.0000,89150
42,384,LosAngeles_Small,train,IPPO,3600,6,89,34,0.3820,1.0000,0.0000,877.2059,877.2059,0.2118,4.5103,256.3103,647.6786,1160.1476,0.9053,22.2040,20.0488,869.1283,215.6784,1035.7191,172619.8438,0,0,-0.0000,0.3957,0.6914,1.2588,437,0.3820,0.6180,4.6362,741.5442,building_up,0.1935,0.3789,1.7163,0.0000,1.0000,0.0000,24.2808,24,635.5350,0.3306,0.8295,6,1,39445.0156,4.9101,0.0000,4.9101,0.4255,1.0199,0.0000,4.2420,30823.6348,40,3.4299,1008831.6250,8.0787,84371.6172,0.0000,92179
42,385,LosAngeles_Small,train,FaithfulMAPPER,3600,6,96,47,0.4896,1.0000,0.0000,1110.8937,1110.8937,0.2118,4.4963,260.4000,793.1111,1172.8373,0.9008,23.4375,20.4590,951.0998,225.2107,939.8646,156644.0938,0,0,-0.0002,0.5711,0.6684,0.9823,461,0.4896,0.5104,4.4975,741.5442,building_up,0.1000,0.1803,1.6590,0.0000,1.0000,0.0000,25.8325,28,636.7103,0.3473,0.8345,7,4,55123.3516,4.8021,0.0000,4.8021,0.4792,1.0398,0.0000,5.1086,32720.7441,37,2.0891,909138.4375,8.2396,82628.8906,0.0000,90227
42,386,LosAngeles_Small,train,MAPPO,3600,6,108,50,0.4630,1.0000,0.0000,1151.6400,1151.6400,0.2118,4.4937,289.7442,930.2000,1212.4786,0.8369,23.4453,21.5312,902.8636,228.4645,847.3241,141220.6719,0,0,-0.0011,0.3428,0.2061,1.2793,509,0.4630,0.5370,4.5207,741.5442,building_up,0.0357,0.0791,1.6374,0.0000,1.0000,0.0000,47.2484,24,637.7428,0.3383,0.7396,6,5,60623.9336,4.7130,0.0000,4.7130,0.4715,0.8738,0.0000,3.9905,28381.8906,25,4.1408,827900.9375,8.2593,84674.9219,0.0000,91511
42,387,Tokyo_Small,train,IPPO,3600,6,115,44,0.3826,1.0000,0.0000,1013.7955,337.9318,0.6140,4.6541,223.8205,872.1081,1070.1646,0.9563,29.2870,26.4345,848.3393,223.3950,2078.4521,346408.6875,0,0,-0.0000,0.6609,0.6913,1.5777,545,0.3826,0.6174,4.6705,1125.4863,wave,0.1827,0.3314,1.6678,0.0000,1.0000,0.0000,9.7876,28,937.9828,0.3656,0.7513,8,3,47087.2383,4.7391,0.0000,4.7391,0.3629,0.8456,0.0000,4.6945,35228.2539,39,4.5552,2036091.6250,8.3565,226186.3438,0.0000,239022
42,388,Tokyo_Small,train,FaithfulMAPPER,3600,6,95,30,0.3158,1.0000,0.0000,987.5333,329.1778,0.6000,4.6586,276.8518,749.1613,1606.1375,1.0000,29.3140,27.0244,882.6384,243.8547,1868.3684,311394.7500,0,0,-0.0015,0.5213,0.6732,1.0510,470,0.3158,0.6842,4.7649,1125.4863,wave,0.1767,0.3361,1.5835,0.0000,1.0000,0.0000,0.0000,28,936.8014,0.3632,0.6602,6,2,48184.1250,4.9474,0.0000,4.9474,0.4199,1.2660,0.0000,5.0958,53480.3945,34,3.9654,1821866.5000,11.4737,163859.4531,0.0000,177495
42,389,Tokyo_Small,train,MAPPO,3600,6,110,53,0.4818,1.0000,0.0000,901.9811,300.6604,0.5935,4.6570,239.1064,704.0263,942.0605,0.7880,29.6986,26.6124,758.9116,218.3747,1885.5272,314254.5312,0,0,0.0000,0.2670,0.2100,1.1159,532,0.4818,0.5182,4.7091,1125.4863,wave,0.1548,0.2817,1.6507,0.0000,1.0000,0.0000,50.6943,28,938.1586,0.3539,0.9106,8,3,49929.2070,4.8364,0.0000,4.8364,0.4417,0.7220,0.0000,7.7109,78731.8125,48,2.8059,1857769.5000,11.7091,195259.1562,0.0000,207408
42,390,Kyoto_Small,train,IPPO,3600,6,82,39,0.4756,1.0000,0.0000,939.5641,469.7820,0.4538,4.4978,300.6667,758.7188,1301.6217,0.8658,19.3890,17.2594,872.2803,227.3922,926.2073,154367.8906,0,0,0.0000,0.3454,0.6915,1.1555,390,0.4756,0.5244,4.5432,495.8625,building_up,0.1618,0.3057,1.5039,0.0000,1.0000,0.0000,40.3423,24,426.3195,0.3442,0.7398,6,2,50763.2461,4.7561,0.0000,4.7561,0.5510,0.9578,0.0000,5.9333,31641.0996,25,5.8256,891252.7500,7.3537,69645.9062,0.0000,75949
42,391,Kyoto_Small,train,FaithfulMAPPER,3600,6,127,55,0.4331,1.0000,0.0000,881.7455,293.9152,0.5175,4.4852,270.2917,646.7045,1163.0710,0.8606,19.6485,17.8917,843.3798,160.4299,945.4330,157572.1719,0,0,-0.0014,0.3951,0.6691,1.0403,606,0.4331,0.5669,4.5840,495.8625,building_up,0.1250,0.2357,1.6453,0.0000,1.0000,0.0000,37.6774,28,427.5036,0.3552,0.9267,8,3,63968.9062,4.7717,0.0000,4.7717,0.4730,1.0705,0.0000,4.5550,42543.0273,38,2.4202,933082.6875,6.9685,115317.7891,0.0000,120070
42,392,Kyoto_Small,train,MAPPO,3600,6,96,50,0.5208,1.0000,0.0000,895.7000,298.5667,0.5059,4.4861,249.0227,646.2143,1038.3110,0.8339,19.7313,17.8847,797.2669,177.4389,647.9375,107989.5859,0,0,-0.0006,0.2323,0.2420,0.9675,464,0.5208,0.4792,4.5223,495.8625,building_up,0.1139,0.2166,1.6706,0.0000,1.0000,0.0000,41.3605,24,427.3536,0.3535,0.7706,7,3,51915.5547,4.8333,0.0000,4.8333,0.4481,0.7010,0.0000,4.5423,37317.4453,46,2.4727,631824.4375,7.2500,57888.8789,0.0000,62202
42,393,LosAngeles_Small,train,IPPO,3600,6,89,35,0.3933,1.0000,0.0000,960.8857,960.8857,0.3019,4.3389,268.2188,675.1290,1288.1027,0.9605,23.2555,21.5738,906.2108,263.5029,1343.4045,223900.7500,0,0,0.0000,0.3895,0.6913,1.2483,438,0.3933,0.6067,4.3412,519.0942,ramp_up_down,0.0737,0.1645,1.5471,0.0000,1.0000,0.0000,10.5982,28,459.5630,0.3080,0.6837,6,4,45083.5938,4.9213,0.0000,4.9213,0.4076,0.8753,0.0000,4.1374,17400.1348,19,6.7997,1316645.8750,8.7865,111147.9453,0.0000,119563
42,394,LosAngeles_Small,train,FaithfulMAPPER,3600,6,108,50,0.4630,1.0000,0.0000,845.3000,845.3000,0.3148,4.3336,267.6429,620.5676,1161.2318,0.8677,23.6224,22.4605,838.4080,249.1804,1248.2037,208033.9531,0,0,-0.0021,0.4518,0.6722,0.8648,518,0.4630,0.5370,4.3214,519.0942,ramp_up_down,0.0997,0.1831,1.6073,0.0000,1.0000,0.0000,35.3965,28,460.6761,0.3052,0.8710,8,5,58061.5898,4.7963,0.0000,4.7963,0.4660,0.8860,0.0000,5.4877,35711.9727,24,2.5744,1229553.6250,9.5278,128064.2266,0.0000,134806
42,395,LosAngeles_Small,train,MAPPO,3600,6,117,42,0.3590,1.0000,0.0000,1022.8095,1022.8095,0.3148,4.3285,233.0000,755.3143,1072.6730,0.9207,23.9137,21.6181,838.0363,207.5772,1764.6666,294111.1250,0,0,0.0001,0.2880,0.1952,1.1791,562,0.3590,0.6410,4.3435,519.0942,ramp_up_down,0.1172,0.2114,1.5708,0.0000,1.0000,0.0000,18.4654,24,460.8086,0.3116,0.7866,7,4,45052.2656,4.8034,0.0000,4.8034,0.3274,0.7080,0.0000,2.9317,15412.9424,16,5.0382,1747431.2500,8.4103,198974.9844,0.0000,206466
42,396,Tokyo_Small,train,IPPO,3600,6,97,41,0.4227,1.0000,0.0000,993.5366,248.3841,0.7268,4.3379,319.8611,714.2059,1085.9442,0.6790,29.2311,26.9923,850.3250,262.5968,1687.9072,281317.8750,0,0,-0.0000,0.5722,0.6914,1.5138,463,0.4227,0.5773,4.3681,618.6302,ramp_up_down,0.0912,0.1853,1.5558,0.0000,1.0000,0.0000,102.6723,24,548.1583,0.3022,0.6752,6,4,44523.7148,4.7732,0.0000,4.7732,0.3577,0.7784,0.0000,3.4495,33219.8086,24,3.9868,1661249.3750,11.9588,152358.8750,0.0000,163727
42,397,Tokyo_Small,train,FaithfulMAPPER,3600,6,94,40,0.4255,1.0000,0.0000,891.5250,297.1750,0.6141,4.3450,317.0000,598.2903,1422.2471,0.8973,28.5834,27.1964,816.7566,222.4364,2584.0637,430677.3125,0,0,0.0000,0.3753,0.6734,0.9109,445,0.4255,0.5745,4.4210,618.6302,ramp_up_down,0.0821,0.1591,1.6476,0.0000,1.0000,0.0000,32.5506,24,547.5175,0.2973,0.7556,5,3,56889.8828,4.7340,0.0000,4.7340,0.5125,1.0372,0.0000,3.2778,27881.7344,13,3.5695,2553971.5000,9.5532,230884.8281,0.0000,242902
42,398,Tokyo_Small,train,MAPPO,3600,6,109,37,0.3394,1.0000,0.0000,1008.1081,252.0270,0.7298,4.3408,263.3529,814.0833,1042.5596,0.7918,29.8412,27.8575,806.5303,246.6047,2419.9265,403321.0938,0,0,-0.0005,0.2335,0.2035,1.0127,535,0.3394,0.6606,4.3782,618.6302,ramp_up_down,0.1821,0.3603,1.7068,0.0000,1.0000,0.0000,54.8410,24,548.1800,0.2977,0.6310,8,3,38574.7031,4.9083,0.0000,4.9083,0.3371,0.8163,0.0000,2.3970,13248.6045,10,5.4013,2392910.2500,13.5872,247226.8750,0.0000,263772
42,399,Kyoto_Small,train,IPPO,3600,6,115,52,0.4522,1.0000,0.0000,978.0000,489.0000,0.4391,4.3191,264.5778,681.3250,1073.3453,0.8114,19.8731,18.1043,806.4386,176.0746,1116.5044,186084.0625,0,0,-0.0000,0.3443,0.6913,1.1783,540,0.4522,0.5478,4.3664,347.1364,ramp_up_down,0.1467,0.2715,1.6584,0.0000,1.0000,0.0000,49.9087,24,310.1208,0.3060,0.8302,9,4,55813.9570,4.6957,0.0000,4.6957,0.5159,0.9212,0.0000,2.8597,18520.6328,24,2.6059,1102506.3750,9.5217,122470.1016,0.0000,128398
42,400,Kyoto_Small,train,FaithfulMAPPER,3600,6,95,50,0.5263,1.0000,0.0000,875.3200,437.6600,0.4446,4.3223,236.4130,640.0250,1007.4236,0.8523,19.0277,16.2129,771.5623,192.4816,1104.1473,184024.5625,0,0,-0.0013,0.4198,0.6724,0.8749,449,0.5263,0.4737,4.3615,347.1364,ramp_up_down,0.1012,0.1844,1.7600,0.0000,1.0000,0.0000,34.9283,28,309.5583,0.3069,0.8521,7,4,50371.1836,4.7263,0.0000,4.7263,0.5050,0.8525,0.0000,3.4459,21660.7188,28,5.5438,1086168.1250,7.9895,99637.2969,0.0000,104894
42,401,Kyoto_Small,train,MAPPO,3600,6,111,53,0.4775,1.0000,0.0000,1059.3396,529.6698,0.4711,4.3179,304.0909,765.4595,1245.5338,0.8192,19.6571,17.6216,925.2681,182.6681,808.1442,134690.6875,0,0,-0.0002,0.4663,0.2193,1.5059,529,0.4775,0.5225,4.3228,347.1364,ramp_up_down,0.1890,0.3473,1.6580,0.0000,1.0000,0.0000,54.9841,24,309.6139,0.3152,0.8092,8,3,66013.2891,4.7658,0.0000,4.7658,0.5688,1.1921,0.0000,2.9962,21327.4023,22,2.5462,794377.8750,6.0811,85585.3281,0.0000,89704
42,402,LosAngeles_Small,train,IPPO,3600,6,101,51,0.5050,1.0000,0.0000,1104.3922,368.1307,0.6177,4.2362,300.5610,824.3549,1248.5914,0.8308,22.8516,20.2606,862.2420,228.4129,1986.9802,331163.3438,0,0,-0.0000,0.4034,0.6913,1.2753,485,0.5050,0.4950,4.3083,430.0000,shock_burst,0.0557,0.1091,1.4072,0.0000,1.0000,0.0000,50.8427,24,364.6075,0.4381,0.7166,7,5,63678.1641,4.8020,0.0000,4.8020,0.4808,0.7128,0.0000,2.5188,11734.3633,15,5.2946,1967117.1250,10.0990,191066.8125,0.0000,200685
42,403,LosAngeles_Small,train,FaithfulMAPPER,3600,6,127,53,0.4173,1.0000,0.0000,957.0377,319.0126,0.6101,4.2312,242.0488,750.6316,1193.7174,0.9863,24.2205,21.7180,828.7473,200.8021,2388.8032,398133.8438,0,0,-0.0006,0.3273,0.6694,0.8907,616,0.4173,0.5827,4.3359,430.0000,shock_burst,0.1488,0.2857,1.6853,0.0000,1.0000,0.0000,3.3053,24,364.9655,0.4412,0.8384,11,5,63267.0195,4.8504,0.0000,4.8504,0.5996,1.2328,0.0000,4.4062,46084.9297,16,5.7328,2370011.2500,9.1890,292966.9375,0.0000,303378
42,404,LosAngeles_Small,train,MAPPO,3600,6,103,46,0.4466,1.0000,0.0000,935.1087,311.7029,0.6370,4.2272,280.6053,714.8857,968.1213,0.6900,22.8851,19.8804,798.0106,219.5800,1944.0874,324014.5625,0,0,-0.0013,0.2855,0.2110,1.1582,493,0.4466,0.5534,4.3469,430.0000,shock_burst,0.1392,0.2855,1.6106,0.0000,1.0000,0.0000,86.9810,24,364.7678,0.4461,0.7180,7,2,44533.5781,4.7864,0.0000,4.7864,0.4334,0.7719,0.0000,2.2810,13511.3145,5,4.3466,1920579.8750,10.4951,190130.6406,0.0000,200241
42,405,Tokyo_Small,train,IPPO,3600,6,104,51,0.4904,1.0000,0.0000,980.3530,490.1765,0.3816,4.5049,293.8095,725.8857,1220.5000,0.8308,29.4182,27.8609,830.9957,223.2381,1810.9327,301822.0938,0,0,-0.0000,0.6244,0.6913,1.5869,491,0.4904,0.5096,4.5376,883.7547,building_up,0.1726,0.3123,1.7939,0.0000,1.0000,0.0000,49.7095,24,757.8200,0.3371,0.7542,8,3,62245.5039,4.7212,0.0000,4.7212,0.4971,0.9225,0.0000,3.1015,24459.7812,31,5.1893,1768519.8750,9.9327,175555.4062,0.0000,188337
42,406,Tokyo_Small,train,FaithfulMAPPER,3600,6,119,54,0.4538,1.0000,0.0000,1003.8704,501.9352,0.3947,4.4987,305.9333,811.1219,1025.7684,0.6706,29.5938,27.3829,772.7371,213.7486,1627.1512,271191.8750,0,0,-0.0008,0.4846,0.6669,0.9156,562,0.4538,0.5462,4.5076,883.7547,building_up,0.1639,0.3435,1.6891,0.0000,1.0000,0.0000,100.7796,24,758.3614,0.3443,0.7717,10,3,55391.4961,4.7227,0.0000,4.7227,0.4406,0.8010,0.0000,3.3560,30360.1406,33,6.6575,1602405.1250,11.8992,181762.5000,0.0000,193631
42,407,Tokyo_Small,train,MAPPO,3600,6,109,39,0.3578,1.0000,0.0000,893.8461,893.8461,0.3129,4.5068,276.4849,598.5000,1270.2761,0.9189,29.3805,27.4666,855.2147,247.8279,1519.6973,253282.8906,0,0,-0.0008,0.3637,0.1614,1.3189,533,0.3578,0.6422,4.6312,883.7547,building_up,0.1250,0.2485,1.6894,0.0000,1.0000,0.0000,22.4296,28,757.6411,0.3336,0.7751,6,2,49540.7695,4.8899,0.0000,4.8899,0.3767,0.9101,0.0000,4.4836,28839.4023,26,2.9708,1492268.1250,7.8349,157654.7500,0.0000,165647
42,408,Kyoto_Small,train,IPPO,3600,6,102,45,0.4412,1.0000,0.0000,919.1778,229.7944,0.7299,4.0136,244.1026,738.1250,1036.6769,0.8494,18.9972,17.9784,797.4069,183.9759,1740.4412,290073.5312,0,0,0.0000,0.3588,0.6914,1.1722,479,0.4412,0.5588,4.0127,99.0000,flat,0.1964,0.3780,1.5480,0.0000,1.0000,0.0000,36.7672,12,100.8647,0.0732,0.6912,8,2,46650.4570,4.6961,0.0000,4.6961,0.4024,0.6871,0.0000,1.7890,7301.6313,2,12.1939,1728229.6250,9.6373,170440.9062,0.0000,177525
42,409,Kyoto_Small,train,FaithfulMAPPER,3600,6,113,51,0.4513,1.0000,0.0000,966.1177,241.5294,0.7431,3.9990,303.8636,586.6250,1198.4336,0.7888,19.7617,17.7572,821.6835,184.4021,1714.7345,285789.0625,0,0,-0.0016,0.2795,0.6692,0.9806,539,0.4513,0.5487,3.9786,99.0000,flat,0.1472,0.2657,1.6972,0.0000,1.0000,0.0000,64.1769,12,101.4683,0.0753,0.7729,8,3,61120.1094,4.7699,0.0000,4.7699,0.4396,0.8268,0.0000,2.0822,10382.1904,9,16.4641,1698806.6250,8.5221,187138.2188,0.0000,193765
42,410,Kyoto_Small,train,MAPPO,3600,6,108,51,0.4722,1.0000,0.0000,964.3530,241.0882,0.7078,3.9999,248.6136,720.0952,1094.2594,0.8803,18.8694,17.7399,784.2814,183.3989,1866.3796,311063.2500,0,0,0.0001,0.2633,0.1762,1.1035,517,0.4722,0.5278,4.0044,99.0000,flat,0.1194,0.2504,1.6981,0.0000,1.0000,0.0000,29.7617,12,101.4450,0.0729,0.7978,9,4,55807.2266,4.7870,0.0000,4.7870,0.4341,0.7475,0.0000,1.8946,8981.5605,8,4.1162,1851906.5000,7.6111,196049.5625,0.0000,201569
42,411,LosAngeles_Small,train,IPPO,3600,6,90,40,0.4444,1.0000,0.0000,897.6250,897.6250,0.3126,4.2514,286.4445,629.2121,1204.1655,0.8408,23.5003,20.9410,838.1055,206.7941,1269.8556,211642.5938,0,0,-0.0000,0.4364,0.6914,1.3185,431,0.4444,0.5556,4.3672,430.0000,shock_burst,0.1765,0.3195,1.7756,0.0000,1.0000,0.0000,45.6114,24,363.4258,0.4357,0.7470,7,2,48166.6250,4.7889,0.0000,4.7889,0.4563,0.8897,0.0000,3.0240,19016.9414,18,3.1095,1240381.5000,8.2000,106062.2578,0.0000,114287
42,412,LosAngeles_Small,train,FaithfulMAPPER,3600,6,105,45,0.4286,1.0000,0.0000,890.8222,890.8222,0.3081,4.2433,224.8684,710.5000,996.0475,0.8859,23.4913,20.9973,851.1170,233.5790,1221.1047,203517.4531,0,0,-0.0007,0.3377,0.6694,0.6365,502,0.4286,0.5714,4.3448,430.0000,shock_burst,0.1465,0.2689,1.7209,0.0000,1.0000,0.0000,25.6589,24,364.3114,0.4340,0.7756,8,3,44822.1367,4.7810,0.0000,4.7810,0.3593,0.6945,0.0000,2.2559,10930.8604,13,8.7077,1202747.6250,8.5810,120561.4922,0.0000,128216
42,413,LosAngeles_Small,train,MAPPO,3600,6,95,51,0.5368,1.0000,0.0000,795.3137,795.3137,0.3148,4.2354,221.0455,563.1539,841.9595,0.7618,22.9912,19.3873,750.2149,205.7717,1009.1053,168184.2031,0,0,-0.0002,0.2828,0.2018,1.1213,456,0.5368,0.4632,4.3007,430.0000,shock_burst,0.0762,0.1405,1.6417,0.0000,1.0000,0.0000,52.6535,24,365.0072,0.4342,0.8137,8,5,42939.9375,4.8000,0.0000,4.8000,0.4843,0.7404,0.0000,2.7872,12469.2617,16,3.0562,986927.5625,9.0105,88467.3594,0.0000,95865
42,414,Tokyo_Small,train,IPPO,3600,6,95,29,0.3053,1.0000,0.0000,1130.1724,565.0862,0.3781,4.3410,306.5600,746.5862,1670.7390,1.0000,29.2760,26.4946,933.9040,268.7259,1842.3053,307050.9062,0,0,-0.0000,0.6281,0.6911,1.5767,449,0.3053,0.6947,4.3538,618.6302,ramp_up_down,0.1422,0.3065,1.6461,0.0000,1.0000,0.0000,0.0000,24,547.3156,0.3061,0.7131,5,1,48451.4297,4.7263,0.0000,4.7263,0.3589,1.1782,0.0000,2.8735,19050.3242,14,3.1650,1816374.6250,8.0947,165571.5000,0.0000,175019
42,415,Tokyo_Small,train,FaithfulMAPPER,3600,6,89,46,0.5169,1.0000,0.0000,875.4565,437.7283,0.3839,4.3446,215.7692,637.4412,954.2786,0.8845,29.3400,27.1500,824.7684,246.7203,1516.1686,252694.7656,0,0,-0.0011,0.5149,0.6675,1.0488,428,0.5169,0.4831,4.3930,618.6302,ramp_up_down,0.1063,0.2000,1.7811,0.0000,1.0000,0.0000,24.9135,28,547.4425,0.2985,0.7173,7,4,43896.8164,4.8090,0.0000,4.8090,0.4318,0.8083,0.0000,3.3564,27457.9766,24,2.7004,1489128.5000,9.4157,124587.6406,0.0000,134939
42,416,Tokyo_Small,train,MAPPO,3600,6,111,44,0.3964,1.0000,0.0000,978.6591,489.3296,0.3661,4.3377,268.0263,689.5294,1085.9801,0.8104,29.1514,25.4085,734.2447,219.9442,1382.4595,230409.8906,0,0,-0.0001,0.2450,0.1818,1.0025,534,0.3964,0.6036,4.4136,618.6302,ramp_up_down,0.1926,0.3575,1.7939,0.0000,1.0000,0.0000,50.8303,24,547.8275,0.3083,0.7658,7,3,47783.1250,4.8108,0.0000,4.8108,0.3849,0.7747,0.0000,2.5603,19568.8516,17,2.3203,1357171.7500,8.6667,144083.5625,0.0000,153453
42,417,Kyoto_Small,train,IPPO,3600,6,108,48,0.4444,1.0000,0.0000,850.6458,850.6458,0.2639,4.3137,294.6667,606.7895,1181.6930,0.8021,19.2432,16.9415,842.2205,187.5653,795.5000,132583.3281,0,0,-0.0000,0.2945,0.6912,1.0920,493,0.4444,0.5556,4.3391,347.1364,ramp_up_down,0.1250,0.2475,1.6705,0.0000,1.0000,0.0000,58.3281,24,309.8553,0.3158,0.8177,8,4,56721.2656,4.5648,0.0000,4.5648,0.4766,0.9213,0.0000,2.8225,18538.1543,25,7.9515,780249.8750,7.8519,80784.3438,0.0000,85914
42,418,Kyoto_Small,train,FaithfulMAPPER,3600,6,106,48,0.4528,1.0000,0.0000,1058.7084,1058.7084,0.2375,4.3188,237.1905,699.5500,1320.7369,1.0000,20.1076,18.8208,873.9626,212.0760,639.0189,106503.1484,0,0,-0.0010,0.3714,0.6682,0.8944,512,0.4528,0.5472,4.3557,347.1364,ramp_up_down,0.1071,0.2076,1.6966,0.0000,1.0000,0.0000,0.0000,24,309.4420,0.3165,0.7611,7,4,63395.3711,4.8302,0.0000,4.8302,0.4838,0.9420,0.0000,6.8754,33404.1758,28,23.3094,624269.2500,6.6509,63354.6484,0.0000,67736
42,419,Kyoto_Small,train,MAPPO,3600,6,110,50,0.4545,1.0000,0.0000,950.8600,950.8600,0.2499,4.3159,268.0682,720.4872,1163.8390,0.8683,19.8481,17.9094,891.3675,181.2175,557.8000,92966.6641,0,0,-0.0009,0.3460,0.1791,1.3014,519,0.4545,0.5455,4.3394,347.1364,ramp_up_down,0.1738,0.3441,1.5789,0.0000,1.0000,0.0000,35.3004,20,310.0228,0.3102,0.8516,9,3,58191.9453,4.7182,0.0000,4.7182,0.4655,0.9777,0.0000,2.9424,15981.7979,23,2.4946,542934.7500,6.6727,57246.8984,0.0000,61358
42,420,LosAngeles_Small,train,IPPO,3600,6,105,50,0.4762,1.0000,0.0000,1040.0400,520.0200,0.4616,4.0372,289.6500,823.6470,1095.6982,0.7566,23.3581,22.1761,757.8271,202.3007,1803.1333,300522.2188,0,0,-0.0000,0.3210,0.6911,1.1383,509,0.4762,0.5238,4.0249,149.0000,flat,0.1728,0.3189,1.6741,0.0000,1.0000,0.0000,70.5103,12,149.9067,0.0592,0.6729,8,3,54784.9102,4.8476,0.0000,4.8476,0.5555,0.8698,0.0000,1.7655,6821.5068,7,4.5881,1785701.0000,13.1429,180017.3438,0.0000,189329
42,421,LosAngeles_Small,train,FaithfulMAPPER,3600,6,115,47,0.4087,1.0000,0.0000,840.4255,420.2128,0.4726,4.0397,236.5128,583.9445,1115.7343,0.9435,22.9342,20.5660,826.0273,190.1176,1936.7739,322795.6250,0,0,-0.0009,0.4492,0.6699,0.9097,530,0.4087,0.5913,4.0399,149.0000,flat,0.0952,0.1782,1.5896,0.0000,1.0000,0.0000,13.3660,12,149.9333,0.0594,0.7986,7,4,52439.5078,4.6087,0.0000,4.6087,0.4286,0.8684,0.0000,1.8919,8066.0601,5,4.2799,1917792.2500,9.1478,214510.4688,0.0000,222729
42,422,LosAngeles_Small,train,MAPPO,3600,6,105,44,0.4190,1.0000,0.0000,980.8182,490.4091,0.4706,4.0392,252.9762,789.8000,1080.9319,0.8546,23.2502,20.2237,814.5285,233.8172,1278.6190,213103.1875,0,0,-0.0015,0.2937,0.1838,1.1257,502,0.4190,0.5810,4.0236,149.0000,flat,0.1026,0.2114,1.6738,0.0000,1.0000,0.0000,36.7898,12,149.8900,0.0615,0.7864,7,3,47561.0000,4.7810,0.0000,4.7810,0.5638,1.1171,0.0000,1.8105,7840.4761,4,3.8745,1263528.8750,8.8857,128066.3125,0.0000,134255
42,423,Tokyo_Small,train,IPPO,3600,6,118,50,0.4237,1.0000,0.0000,1069.6600,534.8300,0.4996,4.0462,267.6905,934.0811,1149.6549,0.8589,28.8862,25.2380,796.7778,200.8061,1796.9153,299485.8750,0,0,-0.0000,0.3246,0.6911,1.1451,573,0.4237,0.5763,4.0456,177.0000,flat,0.1012,0.1844,1.5912,0.0000,1.0000,0.0000,37.7595,12,177.4267,0.0493,0.7299,7,4,57482.7461,4.8559,0.0000,4.8559,0.5000,0.8496,0.0000,2.0501,12938.6553,11,3.2164,1781686.2500,8.6780,204208.4531,0.0000,212036
42,424,Tokyo_Small,train,FaithfulMAPPER,3600,6,88,43,0.4886,1.0000,0.0000,846.5582,423.2791,0.4643,4.0484,286.5500,662.8919,1063.4506,0.7422,27.0267,22.8481,812.8895,261.4030,1528.0341,254672.3594,0,0,-0.0012,0.2268,0.6674,0.7175,436,0.4886,0.5114,4.0492,177.0000,flat,0.1791,0.3408,1.6609,0.0000,1.0000,0.0000,73.8599,16,177.0792,0.0528,0.7448,8,3,45728.3750,4.9545,0.0000,4.9545,0.4819,0.7398,0.0000,1.8261,10109.6914,5,2.6734,1503626.1250,8.5795,126077.5547,0.0000,134467
42,425,Tokyo_Small,train,MAPPO,3600,6,109,49,0.4495,1.0000,0.0000,956.0816,478.0408,0.4548,4.0493,263.4762,701.8536,1195.3324,0.9074,28.9562,26.8345,911.7432,228.9824,1221.2294,203538.2188,0,0,0.0001,0.5276,0.1897,1.5933,525,0.4495,0.5505,4.0528,177.0000,flat,0.2216,0.3963,1.6947,0.0000,1.0000,0.0000,24.4097,12,177.1767,0.0513,0.7271,9,2,58571.2891,4.8165,0.0000,4.8165,0.4026,0.8794,0.0000,1.8661,9679.0859,5,2.2536,1203424.8750,8.7706,125728.7734,0.0000,133114
42,426,Kyoto_Small,train,IPPO,3600,6,94,42,0.4468,1.0000,0.0000,1015.9762,1015.9762,0.2247,4.3222,292.7105,649.5455,1092.7034,0.7466,19.5628,17.2562,897.4600,203.1164,670.5425,111757.0938,0,0,-0.0000,0.4788,0.6912,1.3440,420,0.4468,0.5532,4.3248,347.1364,ramp_up_down,0.1597,0.2940,1.5260,0.0000,1.0000,0.0000,74.1699,24,309.3656,0.3083,0.8175,6,2,45893.5391,4.4681,0.0000,4.4681,0.3650,0.7301,0.0000,4.4264,21610.5723,21,1.7724,657049.8125,6.6489,59130.2383,0.0000,63031
42,427,Kyoto_Small,train,FaithfulMAPPER,3600,6,112,55,0.4911,1.0000,0.0000,1023.0364,1023.0364,0.2265,4.3048,209.4773,836.0750,930.1293,0.8880,19.8921,18.1704,778.1613,153.3481,496.2232,82703.8672,0,0,-0.0002,0.3500,0.6650,0.7858,525,0.4911,0.5089,4.3148,347.1364,ramp_up_down,0.1875,0.3436,1.5938,0.0000,1.0000,0.0000,23.4514,24,309.9764,0.3308,0.7893,8,2,51157.1133,4.6875,0.0000,4.6875,0.4448,0.6933,0.0000,2.8502,15946.6963,20,2.3246,483903.2812,7.6696,51403.5430,0.0000,55577
42,428,Kyoto_Small,train,MAPPO,3600,6,96,56,0.5833,1.0000,0.0000,850.1250,850.1250,0.2290,4.3095,264.8367,624.4878,994.9249,0.7513,19.3623,17.4058,780.7439,178.2395,552.2396,92039.9297,0,0,-0.0003,0.3067,0.2234,1.2091,451,0.5833,0.4167,4.3268,347.1364,ramp_up_down,0.1250,0.2259,1.6548,0.0000,1.0000,0.0000,65.8517,24,309.9370,0.3220,0.7935,8,4,55715.7969,4.6979,0.0000,4.6979,0.4790,0.6646,0.0000,3.1901,21319.5371,22,2.5846,537686.6250,7.5000,49007.5977,0.0000,53015
42,429,LosAngeles_Small,train,IPPO,3600,6,108,41,0.3796,1.0000,0.0000,799.1219,266.3740,0.5291,4.5069,206.2162,578.2308,1100.2759,1.0000,23.0767,20.6370,813.0925,192.6965,1336.1296,222688.2656,0,0,0.0000,0.4981,0.6912,1.3999,495,0.3796,0.6204,4.6620,741.5442,building_up,0.1612,0.2855,1.7151,0.0000,1.0000,0.0000,0.0000,24,636.0925,0.3314,0.9450,8,3,45111.3125,4.5833,0.0000,4.5833,0.4048,0.9839,0.0000,5.7542,39619.1250,28,3.3463,1317443.1250,10.7130,136782.1406,0.0000,144302
42,430,LosAngeles_Small,train,FaithfulMAPPER,3600,6,105,47,0.4476,1.0000,0.0000,1163.5957,387.8652,0.5639,4.5103,239.1500,920.0541,1069.2861,0.8942,24.1855,20.5447,841.7794,217.2205,1625.8857,270980.9375,0,0,-0.0012,0.5385,0.6657,0.9982,513,0.4476,0.5524,4.5697,741.5442,building_up,0.0786,0.1541,1.7637,0.0000,1.0000,0.0000,25.2928,32,635.4094,0.3357,0.7848,7,4,50256.4492,4.8857,0.0000,4.8857,0.5136,1.1247,0.0000,3.2592,18638.3848,23,5546.8364,1603942.8750,9.2286,162418.7812,0.0000,170718
42,431,LosAngeles_Small,train,MAPPO,3600,6,99,41,0.4141,1.0000,0.0000,1063.7073,354.5691,0.5638,4.5017,308.8055,801.4000,1377.9885,0.8925,23.4493,21.4642,856.0445,227.1001,2239.5657,373260.9375,0,0,-0.0003,0.3967,0.1811,1.3927,493,0.4141,0.5859,4.5759,741.5442,building_up,0.0849,0.1666,1.7469,0.0000,1.0000,0.0000,33.2078,28,636.3761,0.3378,0.8789,6,4,56497.5273,4.9798,0.0000,4.9798,0.5078,1.1538,0.0000,4.1500,33297.8320,30,4.6359,2215168.7500,7.6465,214117.8594,0.0000,221717
42,432,Tokyo_Small,train,IPPO,3600,6,118,50,0.4237,1.0000,0.0000,932.1000,466.0500,0.3470,4.3389,265.1136,727.3823,993.2596,0.7493,29.7314,27.8988,770.6099,240.3883,1668.4576,278076.2812,0,0,-0.0000,0.4840,0.6910,1.4015,568,0.4237,0.5763,4.3962,618.6302,ramp_up_down,0.2237,0.4043,1.7244,0.0000,1.0000,0.0000,66.4617,24,548.4969,0.2976,0.8444,8,2,49662.9844,4.8136,0.0000,4.8136,0.5179,0.9437,0.0000,3.0898,23809.0352,22,4.6488,1648355.3750,8.9831,185914.4531,0.0000,196878
42,433,Tokyo_Small,train,FaithfulMAPPER,3600,6,122,51,0.4180,1.0000,0.0000,1056.6863,528.3431,0.3923,4.3320,314.1667,831.6177,1260.0900,0.8022,29.2355,27.4872,986.3880,219.1677,2180.0247,363337.4375,0,0,-0.0006,0.4708,0.6676,1.0142,581,0.4180,0.5820,4.3427,618.6302,ramp_up_down,0.1860,0.3299,1.6646,0.0000,1.0000,0.0000,62.1487,24,549.2864,0.3027,0.8074,8,3,64264.5859,4.7623,0.0000,4.7623,0.4547,1.1195,0.0000,2.3030,15974.1260,14,3.9427,2158188.0000,7.2623,255781.2031,0.0000,265963
42,434,Tokyo_Small,train,MAPPO,3600,6,119,58,0.4874,1.0000,0.0000,853.5517,426.7758,0.3983,4.3301,242.7143,610.2955,1009.5278,0.8319,28.2708,26.0724,696.8609,240.4481,1683.6051,280600.8438,0,0,-0.0001,0.5346,0.2003,1.6002,572,0.4874,0.5126,4.3679,618.6302,ramp_up_down,0.1658,0.2992,1.7168,0.0000,1.0000,0.0000,40.8087,24,548.8683,0.3091,0.8121,9,4,58552.6094,4.8067,0.0000,4.8067,0.5878,0.9192,0.0000,2.0411,12232.8037,12,2.8318,1662201.8750,11.8655,188795.0938,0.0000,200349
42,435,Kyoto_Small,train,IPPO,3600,6,102,48,0.4706,1.0000,0.0000,1032.7291,344.2430,0.6264,4.6386,247.3171,681.2895,1130.8445,0.9145,19.9112,17.9361,834.3814,182.0978,1620.2059,270034.3125,0,0,-0.0000,0.5776,0.6911,1.5329,498,0.4706,0.5294,4.6645,631.4694,wave,0.1192,0.2267,1.6343,0.0000,1.0000,0.0000,21.1482,28,528.0733,0.3854,0.8260,7,3,54280.5352,4.8824,0.0000,4.8824,0.4751,0.8635,0.0000,4.6862,39249.3516,22,7.6415,1600004.7500,6.9510,159199.5625,0.0000,165261
42,436,Kyoto_Small,train,FaithfulMAPPER,3600,6,116,54,0.4655,1.0000,0.0000,870.9074,290.3025,0.5806,4.6401,209.8478,644.4390,1116.9556,1.0000,19.9256,17.7116,761.5115,167.4778,1798.1207,299686.7812,0,0,-0.0008,0.3228,0.6682,0.9330,552,0.4655,0.5345,4.6872,631.4694,wave,0.1472,0.2657,1.7659,0.0000,1.0000,0.0000,0.0000,24,528.1861,0.3834,0.8748,8,4,60315.6016,4.7586,0.0000,4.7586,0.4487,0.8274,0.0000,8.1914,74490.4297,54,5.6341,1778887.6250,10.8362,199446.6562,0.0000,208582
42,437,Kyoto_Small,train,MAPPO,3600,6,97,46,0.4742,1.0000,0.0000,1030.6086,343.5362,0.5936,4.6346,297.2051,645.9211,1175.9624,0.7913,20.0688,17.6891,830.6224,217.7742,1156.5155,192752.5781,0,0,-0.0000,0.2304,0.2076,1.0043,465,0.4742,0.5258,4.6562,631.4694,wave,0.1250,0.2284,1.6425,0.0000,1.0000,0.0000,62.0127,28,528.7603,0.3775,0.7683,7,4,54094.2695,4.7938,0.0000,4.7938,0.5087,0.8151,0.0000,3.3263,25020.4668,25,33849.0117,1119595.0000,7.6804,104784.6250,0.0000,112182
42,438,LosAngeles_Small,train,IPPO,3600,6,95,56,0.5895,1.0000,0.0000,1035.7858,1035.7858,0.1713,4.0353,268.4222,743.7105,980.0768,0.7303,23.2711,20.6071,892.8842,230.1560,670.2105,111701.7578,0,0,0.0000,0.6479,0.6912,1.6143,449,0.5895,0.4105,4.0372,149.0000,flat,0.1016,0.1832,1.5387,0.0000,1.0000,0.0000,72.4069,12,150.0089,0.0533,0.8253,8,5,54884.2969,4.7263,0.0000,4.7263,0.4912,0.7371,0.0000,1.7988,7313.5332,3,1.8031,629052.7500,6.8947,55533.1523,0.0000,63670
42,439,LosAngeles_Small,train,FaithfulMAPPER,3600,6,100,43,0.4300,1.0000,0.0000,959.9302,959.9302,0.1713,4.0419,236.5135,656.0303,1103.7201,0.9333,23.6218,21.8389,852.7725,233.7540,1103.3900,183898.3281,0,0,-0.0008,0.3334,0.6703,0.7927,466,0.4300,0.5700,4.0400,149.0000,flat,0.1390,0.2620,1.5419,0.0000,1.0000,0.0000,15.7695,16,149.6156,0.0579,0.7758,8,4,47459.9648,4.6600,0.0000,4.6600,0.4193,0.8236,0.0000,1.8672,7757.4399,8,5.1249,1089747.6250,8.6200,103756.5469,0.0000,110339
42,440,LosAngeles_Small,train,MAPPO,3600,6,110,52,0.4727,1.0000,0.0000,1013.9231,1013.9231,0.1713,4.0434,247.3500,791.4243,1002.5201,0.8106,23.1425,20.9833,737.5839,197.8929,828.6273,138104.5469,0,0,-0.0004,0.2425,0.1868,1.0934,533,0.4727,0.5273,4.0385,149.0000,flat,0.1494,0.2784,1.6314,0.0000,1.0000,0.0000,46.8460,16,149.6692,0.0601,0.7952,8,4,52131.0469,4.8455,0.0000,4.8455,0.5041,0.8074,0.0000,1.9219,8551.0869,8,2.8051,812060.0625,8.4091,83945.3906,0.0000,91149
42,441,Tokyo_Small,train,IPPO,3600,6,92,38,0.4130,1.0000,0.0000,1086.4210,362.1404,0.5953,4.0501,235.3529,827.3030,1106.3472,0.9402,29.4629,27.0956,748.7481,267.8950,2032.6522,338775.3750,0,0,-0.0000,0.3354,0.6912,1.1638,439,0.4130,0.5870,4.0501,177.0000,flat,0.1536,0.2785,1.5991,0.0000,1.0000,0.0000,14.0835,16,176.9147,0.0564,0.6430,6,3,42041.1953,4.7717,0.0000,4.7717,0.4333,0.8574,0.0000,1.7997,7696.6558,7,4.2204,1978451.2500,7.4674,174851.8594,0.0000,187004
42,442,Tokyo_Small,train,FaithfulMAPPER,3600,6,100,51,0.5100,1.0000,0.0000,918.7647,306.2549,0.5955,4.0461,276.0233,645.6154,988.0734,0.7159,29.1825,26.4331,742.6884,254.3347,1513.4800,252246.6719,0,0,-0.0009,0.2377,0.6686,0.7658,467,0.5100,0.4900,4.0411,177.0000,flat,0.1528,0.3197,1.6201,0.0000,1.0000,0.0000,78.4086,12,177.3667,0.0502,0.7364,10,4,50391.7461,4.6700,0.0000,4.6700,0.4271,0.6154,0.0000,2.0014,9353.4229,8,4.0745,1493942.5000,11.7100,141258.0156,0.0000,151348
42,443,Tokyo_Small,train,MAPPO,3600,6,118,51,0.4322,1.0000,0.0000,1031.1960,343.7320,0.6231,4.0426,269.8445,856.8889,1299.9750,0.9635,29.1915,27.1638,890.1330,220.4326,2173.6780,362279.6562,0,0,-0.0001,0.2624,0.1855,1.1321,571,0.4322,0.5678,4.0372,177.0000,flat,0.0852,0.1575,1.5466,0.0000,1.0000,0.0000,9.8495,12,177.7389,0.0518,0.8444,7,4,66298.7266,4.8390,0.0000,4.8390,0.4969,1.0490,0.0000,2.1664,12109.9014,4,2.7200,2154994.5000,9.2542,245920.7500,0.0000,256494
42,444,Kyoto_Small,train,IPPO,3600,6,120,47,0.3917,1.0000,0.0000,932.6170,466.3085,0.4159,4.6359,239.2045,690.0000,1071.1584,0.8956,19.1335,16.9466,762.1834,173.3001,1144.9000,190816.6719,0,0,-0.0000,0.3669,0.6910,1.2183,572,0.3917,0.6083,4.6632,631.4694,wave,0.0972,0.1764,1.6546,0.0000,1.0000,0.0000,24.9729,28,528.4683,0.3886,0.9343,7,4,50344.4492,4.7667,0.0000,4.7667,0.4224,0.8565,0.0000,4.3464,25422.2168,24,19687.8301,1127687.5000,7.7250,131734.3281,0.0000,137388
42,445,Kyoto_Small,train,FaithfulMAPPER,3600,6,123,63,0.5122,1.0000,0.0000,847.7302,423.8651,0.4926,4.6371,257.4510,687.7381,1007.3135,0.7825,20.1070,17.8759,763.8118,164.4756,1530.4878,255081.2969,0,0,-0.0005,0.2954,0.6630,0.8333,581,0.5122,0.4878,4.6288,631.4694,wave,0.1750,0.3464,1.5794,0.0000,1.0000,0.0000,55.9883,24,528.6003,0.3868,0.8969,11,4,63460.7500,4.7236,0.0000,4.7236,0.4715,0.6730,0.0000,5.1306,44117.0469,41,6.6772,1515651.6250,8.5122,181874.1406,0.0000,188250
42,446,Kyoto_Small,train,MAPPO,3600,6,109,46,0.4220,1.0000,0.0000,977.1304,488.5652,0.4934,4.6438,268.9524,724.3415,1163.6206,0.8653,19.8442,18.2600,851.6628,198.5124,1193.6422,198940.3594,0,0,0.0000,0.2537,0.1822,1.1121,522,0.4220,0.5780,4.6308,631.4694,wave,0.1738,0.3152,1.6642,0.0000,1.0000,0.0000,36.2283,28,527.7639,0.3792,0.7728,8,3,53526.5508,4.7890,0.0000,4.7890,0.4483,0.9625,0.0000,4.6161,28529.7188,30,3.9008,1171789.8750,6.7798,123846.4062,0.0000,130107
42,447,LosAngeles_Small,train,IPPO,3600,6,134,49,0.3657,1.0000,0.0000,1114.3877,1114.3877,0.1713,4.2399,248.8605,757.0263,1238.6714,0.9955,24.4407,22.3408,870.5206,197.8048,1501.6343,250272.3906,0,0,-0.0000,0.5798,0.6907,1.4618,636,0.3657,0.6343,4.3369,430.0000,shock_burst,0.0930,0.1831,1.6277,0.0000,1.0000,0.0000,1.1262,24,364.4869,0.4387,0.8663,7,4,60694.8984,4.7463,0.0000,4.7463,0.3538,0.8864,0.0000,6.5066,40665.1211,20,1.8633,1485315.2500,11.7090,192662.6094,0.0000,201219
42,448,LosAngeles_Small,train,FaithfulMAPPER,3600,6,132,49,0.3712,1.0000,0.0000,1230.9796,1230.9796,0.1713,4.2309,281.4865,964.9032,1114.8816,0.7921,23.3443,21.8687,778.3903,172.8887,1267.0303,211171.7188,0,0,-0.0009,0.4123,0.6657,0.8444,621,0.3712,0.6288,4.2396,430.0000,shock_burst,0.1603,0.2947,1.6241,0.0000,1.0000,0.0000,58.5102,24,364.9361,0.4428,0.8049,9,3,54629.1992,4.7045,0.0000,4.7045,0.4420,0.9971,0.0000,2.9378,15989.7617,14,3.8081,1251687.0000,9.9621,158872.1719,0.0000,167248
42,449,LosAngeles_Small,train,MAPPO,3600,6,92,46,0.5000,1.0000,0.0000,1029.3695,1029.3695,0.1713,4.2500,285.5750,728.8485,1223.8295,0.8571,23.0183,19.7997,874.5125,237.0429,975.3696,162561.5938,0,0,-0.0001,0.2161,0.1821,1.0086,452,0.5000,0.5000,4.3491,430.0000,shock_burst,0.1353,0.2578,1.6038,0.0000,1.0000,0.0000,40.8091,24,363.2478,0.4406,0.7513,8,3,56296.1562,4.9130,0.0000,4.9130,0.5318,0.9580,0.0000,3.0149,21934.6777,17,1.9402,951989.0625,8.3478,83257.3125,0.0000,89734
