seed,global_episode,city,phase,policy_mode,total_steps,n_agents_max,tasks_appeared,tasks_completed,throughput_rate,accept_rate,refuse_rate,latency_mean,latency_per_agent,agent_utilisation,mean_congestion,mean_trip_steps,mean_wait_steps,mean_road_pd_m,delivery_route_efficiency,bbox_area_km2,convex_hull_km2,mean_pd_hav_m,mean_nn_pickup_m,compute_time_per_task_ms,compute_time_per_decision_us,pairing_violations,capacity_violations,actor_loss,critic_loss,entropy,adv_std,n_experiences,completion_per_accepted,unfinished_accept_rate,mean_congestion_at_decision,n_ghost_active_mean,congestion_profile,agent_completed_gini,agent_completed_std,mean_imp_accepted,mean_imp_refused,accept_rate_high_cong,accept_rate_low_cong,mean_extra_steps_per_task,peak_congestion,mean_overlap_edges,congestion_variance,route_congestion_exposure,max_agent_completed,min_agent_completed,total_fleet_distance_m,mean_agents_offered_per_task,mean_recall_rounds_per_task,mean_candidates_scored_per_task,value_throughput_rate,mean_completion_value,value_loss_to_refusal,mean_bpr_along_route,time_lost_to_congestion_steps,n_traversals_in_jam,marginal_cost_ratio_vs_oracle,mean_allocation_time_us,mean_tam_dijkstra_steps,wallclock_ms
43,0,Tokyo_Small,eval_normal_wave,MAPPO,3600,6,105,58,0.5524,1.0000,0.0000,1002.2414,334.0805,0.5430,4.6541,278.9245,697.4783,1039.4218,0.7453,28.9712,26.9119,863.0358,240.1928,656.2476,109374.6016,0,0,0.0000,0.0000,0.0000,0.0000,0,0.5524,0.4476,4.6966,1125.4863,wave,0.3103,0.5462,1.1651,0.0000,1.0000,0.0000,71.0402,28,937.7725,0.3685,0.8561,7,0,60286.4609,3.3429,0.0000,3.3429,0.4709,0.4058,0.0000,4.0963,44100.9766,45,2.0835,640638.2500,5.8952,68906
43,1,Tokyo_Small,eval_normal_wave,MAPPO,3600,6,120,79,0.6583,1.0000,0.0000,718.7342,239.5781,0.5512,4.6490,257.4143,471.2609,1152.4609,0.8954,29.5703,27.4291,832.1573,211.3590,499.1417,83190.2812,0,0,0.0000,0.0000,0.0000,0.0000,0,0.6583,0.3417,4.7368,1125.4863,wave,0.3188,0.5778,1.2823,0.0000,1.0000,0.0000,26.9221,28,939.3553,0.3729,0.9114,9,1,91044.4141,3.6167,0.0000,3.6167,0.6970,0.5644,0.0000,7.8294,152835.3125,68,1.7539,482746.5625,5.3500,59897
43,2,Tokyo_Small,eval_normal_ramp,MAPPO,3600,6,109,76,0.6972,1.0000,0.0000,700.9079,700.9079,0.2713,4.3287,254.9420,450.2222,1201.1373,0.9423,29.3889,27.6252,918.1266,233.3882,230.2661,38377.6758,0,0,0.0000,0.0000,0.0000,0.0000,0,0.6972,0.3028,4.3689,618.6302,ramp_up_down,0.2899,0.5212,1.2747,0.0000,1.0000,0.0000,14.7146,28,549.6061,0.3077,0.8195,7,1,91286.4453,3.4404,0.0000,3.4404,0.7098,0.5911,0.0000,3.3812,43691.2070,35,1.6382,217137.9375,4.7156,25099
43,3,Tokyo_Small,eval_normal_ramp,MAPPO,3600,6,92,66,0.7174,1.0000,0.0000,759.1061,379.5530,0.3725,4.3349,270.7895,542.3461,1060.5590,0.7833,27.9160,26.2920,778.4353,220.2843,315.8044,52634.0586,0,0,0.0000,0.0000,0.0000,0.0000,0,0.7174,0.2826,4.3628,618.6302,ramp_up_down,0.3286,0.5933,1.1859,0.0000,1.0000,0.0000,58.6777,24,548.4753,0.3075,0.8235,6,1,69996.8906,3.8370,0.0000,3.8370,0.6863,0.4414,0.0000,3.1635,30481.7910,32,2.4013,302169.9688,4.9022,29054
43,4,Tokyo_Small,eval_stress_shock,MAPPO,3600,6,129,103,0.7984,1.0000,0.0000,647.5825,647.5825,0.2885,4.1966,226.4316,454.1031,994.5602,0.8785,26.7263,23.0238,773.1744,79.0503,244.8992,40816.5391,0,0,0.0000,0.0000,0.0000,0.0000,0,0.7984,0.2016,4.2354,513.2000,shock_burst,0.3864,0.6967,1.3420,0.0000,1.0000,0.0000,27.5195,24,438.2722,0.4621,0.9004,8,0,102439.6953,4.2016,0.0000,4.2016,0.7973,0.5178,0.0000,3.5961,51042.6289,38,1.6288,234894.0938,4.5581,31592
43,5,Tokyo_Small,eval_stress_shock,MAPPO,3600,6,162,132,0.8148,1.0000,0.0000,549.6061,549.6061,0.3195,4.1818,243.3719,304.5478,957.1082,0.7865,28.6325,26.8232,750.2105,51.4948,142.3580,23726.3379,0,0,0.0000,0.0000,0.0000,0.0000,0,0.8148,0.1852,4.1846,513.2000,shock_burst,0.3662,0.6859,1.2778,0.0000,1.0000,0.0000,51.9503,24,439.0630,0.4694,0.8554,9,0,126338.2734,3.8704,0.0000,3.8704,0.7375,0.4520,0.0000,4.0301,72320.2422,53,1.4789,134091.7500,4.4630,23062
43,6,Tokyo_Small,eval_stress_buildup,MAPPO,3600,6,206,169,0.8204,1.0000,0.0000,734.6036,367.3018,0.4140,4.4590,272.9367,454.8808,1138.8624,0.8345,28.9034,26.1683,846.8906,25.8507,227.4466,37907.7656,0,0,0.0000,0.0000,0.0000,0.0000,0,0.8204,0.1796,4.4137,883.7547,building_up,0.3571,0.6441,1.2102,0.0000,1.0000,0.0000,45.1642,36,766.6739,0.3671,0.8351,8,0,192467.7500,4.1990,0.0000,4.1990,0.7888,0.4614,0.0000,4.8846,146598.9062,118,1.0600,216792.3750,4.1456,46854
43,7,Tokyo_Small,eval_stress_buildup,MAPPO,3600,6,202,175,0.8663,1.0000,0.0000,569.8457,569.8457,0.2672,4.4606,245.9304,326.5369,1058.8879,0.8611,28.4599,27.0769,822.8199,46.0456,116.6287,19438.1191,0,0,0.0000,0.0000,0.0000,0.0000,0,0.8663,0.1337,4.4541,883.7547,building_up,0.3446,0.6213,1.2270,0.0000,1.0000,0.0000,34.1528,24,766.8439,0.3590,0.8717,8,0,185305.3906,4.3119,0.0000,4.3119,0.8706,0.5007,0.0000,4.0731,96778.4844,99,1.2376,106410.8125,4.0297,23559
43,8,Tokyo_Small,eval_over_fleet,MAPPO,3600,6,49,45,0.9184,1.0000,0.0000,557.8222,92.9704,1.0082,4.6671,276.6190,276.0227,1262.2935,0.9127,28.2802,24.9168,922.0922,345.9441,634.1633,105693.8750,0,0,0.0000,0.0000,0.0000,0.0000,0,0.9184,0.0816,4.7592,1125.4863,wave,0.3051,0.6047,1.1909,0.0000,1.0000,0.0000,24.1604,28,935.2219,0.3584,0.7897,5,0,56803.2031,3.7347,0.0000,3.7347,0.9259,0.5369,0.0000,5.1620,54077.6680,41,1.3840,606641.3750,3.3673,31074
43,9,Tokyo_Small,eval_over_fleet,MAPPO,3600,6,57,50,0.8772,1.0000,0.0000,491.6200,98.3240,0.8940,4.6676,261.2917,239.0000,1133.8599,0.8679,28.6363,25.4574,782.2531,345.1320,708.4211,118070.1719,0,0,0.0000,0.0000,0.0000,0.0000,0,0.8772,0.1228,4.6873,1125.4863,wave,0.4028,0.9071,1.3733,0.0000,1.0000,0.0000,34.5197,24,935.5467,0.3557,0.9105,7,0,56692.9883,3.9123,0.0000,3.9123,0.8765,0.5455,0.0000,6.3213,58979.9766,44,1.4571,681051.3125,4.0702,40380
43,10,Tokyo_Small,eval_normal_wave,FaithfulMAPPER,3600,6,105,91,0.8667,1.0000,0.0000,506.5165,253.2582,0.3586,4.6494,263.9663,246.6702,1131.8793,0.8576,28.9712,26.9119,863.0358,240.1928,96.3619,16060.3174,0,0,0.0000,0.0000,0.0000,0.0000,0,0.8667,0.1333,4.6907,1125.4863,wave,0.3142,0.5953,1.1651,0.0000,1.0000,0.0000,37.5904,28,939.4425,0.3688,0.8396,5,0,103001.0156,4.3333,0.0000,4.3333,0.8448,0.4640,0.0000,5.9402,106216.6406,77,1.2440,80026.0547,3.4952,10118
43,11,Tokyo_Small,eval_normal_wave,FaithfulMAPPER,3600,6,120,109,0.9083,1.0000,0.0000,552.4587,0.0000,0.1370,4.6487,278.2451,279.0101,1180.0663,0.8482,29.5703,27.4291,832.1573,211.3590,113.5583,18926.3887,0,0,0.0000,0.0000,0.0000,0.0000,0,0.9083,0.0917,4.7325,1125.4863,wave,0.3060,0.5704,1.2823,0.0000,1.0000,0.0000,42.2318,28,940.3614,0.3653,0.8465,5,1,128627.2266,4.1500,0.0000,4.1500,0.9161,0.5376,0.0000,6.8598,162056.5312,101,1.1365,97472.0391,3.6250,13627
43,12,Tokyo_Small,eval_normal_ramp,FaithfulMAPPER,3600,6,109,87,0.7982,1.0000,0.0000,543.2299,0.0000,0.1440,4.3256,282.0814,273.6559,1240.4508,0.8795,29.3889,27.6252,918.1266,233.3882,100.5688,16761.4688,0,0,0.0000,0.0000,0.0000,0.0000,0,0.7982,0.2018,4.3650,618.6302,ramp_up_down,0.2775,0.5270,1.2747,0.0000,1.0000,0.0000,33.9912,28,550.3233,0.3077,0.7864,4,1,107919.2188,4.3853,0.0000,4.3853,0.8549,0.6219,0.0000,4.4212,81207.6562,52,1.1102,88312.7031,3.6330,10962
43,13,Tokyo_Small,eval_normal_ramp,FaithfulMAPPER,3600,6,92,80,0.8696,1.0000,0.0000,491.3750,491.3750,0.3054,4.3313,225.3333,260.9620,1032.9333,0.9168,27.9160,26.2920,778.4353,220.2843,92.3804,15396.7393,0,0,0.0000,0.0000,0.0000,0.0000,0,0.8696,0.1304,4.3607,618.6302,ramp_up_down,0.3007,0.5875,1.1859,0.0000,1.0000,0.0000,18.7467,24,549.2559,0.3075,0.8754,5,0,82634.6641,4.3261,0.0000,4.3261,0.8386,0.4449,0.0000,3.3379,41945.8086,41,1.0720,79287.1016,3.7826,8499
43,14,Tokyo_Small,eval_stress_shock,FaithfulMAPPER,3600,6,129,117,0.9070,1.0000,0.0000,447.7949,0.0000,0.0537,4.1996,212.6174,239.0744,993.3019,0.9344,26.7263,23.0238,773.1744,79.0503,47.2481,7874.6772,0,0,0.0000,0.0000,0.0000,0.0000,0,0.9070,0.0930,4.2315,513.2000,shock_burst,0.3292,0.5952,1.3420,0.0000,1.0000,0.0000,13.9570,24,438.0905,0.4596,0.8751,7,0,116216.3281,4.3256,0.0000,4.3256,0.9118,0.5213,0.0000,3.2411,59828.7461,63,1.0000,38046.5039,3.3101,6095
43,15,Tokyo_Small,eval_stress_shock,FaithfulMAPPER,3600,6,162,135,0.8333,1.0000,0.0000,493.2148,493.2148,0.2262,4.1806,237.7121,259.3795,992.9404,0.8354,28.6325,26.8232,750.2105,51.4948,61.1975,10199.5889,0,0,0.0000,0.0000,0.0000,0.0000,0,0.8333,0.1667,4.1863,513.2000,shock_burst,0.3053,0.5675,1.2778,0.0000,1.0000,0.0000,39.1241,24,439.3195,0.4696,0.8073,8,0,134046.9531,4.0556,0.0000,4.0556,0.7934,0.4755,0.0000,3.6154,71607.5703,49,1.1231,54375.6484,3.4259,9914
43,16,Tokyo_Small,eval_stress_buildup,FaithfulMAPPER,3600,6,206,174,0.8447,1.0000,0.0000,559.8908,279.9454,0.3409,4.4560,262.2890,293.5618,1170.1687,0.8923,28.9034,26.1683,846.8906,25.8507,83.4369,13906.1484,0,0,0.0000,0.0000,0.0000,0.0000,0,0.8447,0.1553,4.4102,883.7547,building_up,0.2225,0.4080,1.2102,0.0000,1.0000,0.0000,28.2553,36,766.3239,0.3757,0.7570,6,1,203609.3594,4.1019,0.0000,4.1019,0.8227,0.4674,0.0000,3.6097,112809.1094,96,1.0854,75602.8125,3.1650,17188
43,17,Tokyo_Small,eval_stress_buildup,FaithfulMAPPER,3600,6,202,171,0.8465,1.0000,0.0000,503.8070,503.8070,0.1721,4.4607,229.8869,280.2143,1004.1230,0.8736,28.4599,27.0769,822.8199,46.0456,52.9802,8830.0332,1,0,0.0000,0.0000,0.0000,0.0000,0,0.8465,0.1535,4.4545,883.7547,building_up,0.2587,0.4689,1.2270,0.0000,1.0000,0.0000,29.0623,24,766.4747,0.3618,0.7991,7,0,171705.0312,4.3317,0.0000,4.3317,0.8076,0.4753,0.0000,3.9844,127295.6094,103,1.0000,43765.7539,3.3812,10702
43,18,Tokyo_Small,eval_over_fleet,FaithfulMAPPER,3600,6,49,45,0.9184,1.0000,0.0000,501.9333,83.6556,1.0395,4.6695,265.4773,261.1956,1177.7587,0.8873,28.2802,24.9168,922.0922,345.9441,182.6327,30438.7754,0,0,0.0000,0.0000,0.0000,0.0000,0,0.9184,0.0816,4.7596,1125.4863,wave,0.2356,0.5436,1.1909,0.0000,1.0000,0.0000,29.9255,28,935.2397,0.3522,0.7779,3,0,52999.1367,4.1224,0.0000,4.1224,0.9038,0.5241,0.0000,6.8102,47917.7695,41,1.4178,149215.6875,3.2041,8949
43,19,Tokyo_Small,eval_over_fleet,FaithfulMAPPER,3600,6,57,52,0.9123,1.0000,0.0000,464.9615,92.9923,0.9524,4.6692,245.3600,215.2549,1115.8582,0.9096,28.6363,25.4574,782.2531,345.1320,147.0351,24505.8477,0,0,0.0000,0.0000,0.0000,0.0000,0,0.9123,0.0877,4.6865,1125.4863,wave,0.3000,0.6963,1.3733,0.0000,1.0000,0.0000,22.1884,24,935.3666,0.3542,0.8912,6,0,58024.6250,4.2281,0.0000,4.2281,0.9325,0.5581,0.0000,8.6088,67267.6406,47,1.4246,120648.6172,3.6491,8381
43,20,Tokyo_Small,eval_normal_wave,IPPO,3600,6,105,90,0.8571,1.0000,0.0000,492.2667,492.2667,0.2189,4.6477,259.7978,252.4545,1171.0802,0.9015,28.9712,26.9119,863.0358,240.1928,53.5714,8928.5713,0,0,0.0000,0.0000,0.0000,0.0000,0,0.8571,0.1429,4.6921,1125.4863,wave,0.2653,0.4998,1.1651,0.0000,1.0000,0.0000,25.5817,28,939.4350,0.3738,0.8293,4,1,105397.2188,4.1333,0.0000,4.1333,0.8613,0.4783,0.0000,5.2959,83677.3750,87,1.0316,38032.1523,3.4381,5625
43,21,Tokyo_Small,eval_normal_wave,IPPO,3600,6,120,99,0.8250,1.0000,0.0000,495.5252,0.0000,0.0984,4.6504,244.3469,268.0189,1149.0415,0.9405,29.5703,27.4291,832.1573,211.3590,66.0417,11006.9443,0,0,0.0000,0.0000,0.0000,0.0000,0,0.8250,0.1750,4.7343,1125.4863,wave,0.2766,0.5057,1.2823,0.0000,1.0000,0.0000,14.5386,28,939.9139,0.3640,0.7903,5,0,113755.1094,4.1750,0.0000,4.1750,0.8460,0.5466,0.0000,5.2013,112160.6719,84,1.0540,49766.8398,3.4417,7925
43,22,Tokyo_Small,eval_normal_ramp,IPPO,3600,6,109,95,0.8716,1.0000,0.0000,506.1368,506.1368,0.2831,4.3252,281.0107,242.1919,1210.8651,0.8618,29.3889,27.6252,918.1266,233.3882,77.7064,12951.0703,0,0,0.0000,0.0000,0.0000,0.0000,0,0.8716,0.1284,4.3667,618.6302,ramp_up_down,0.3331,0.6489,1.2747,0.0000,1.0000,0.0000,38.8377,28,550.3536,0.3082,0.7715,6,0,115032.1797,4.2752,0.0000,4.2752,0.9267,0.6174,0.0000,3.7227,52979.5234,47,1.1011,65675.3594,3.5505,8470
43,23,Tokyo_Small,eval_normal_ramp,IPPO,3600,6,92,78,0.8478,1.0000,0.0000,465.9872,465.9872,0.2604,4.3319,235.2500,252.7952,1050.0431,0.8927,27.9160,26.2920,778.4353,220.2843,52.3043,8717.3916,0,0,0.0000,0.0000,0.0000,0.0000,0,0.8478,0.1522,4.3602,618.6302,ramp_up_down,0.3182,0.5837,1.1859,0.0000,1.0000,0.0000,25.2414,24,549.1531,0.3075,0.8070,4,0,81903.3594,4.2826,0.0000,4.2826,0.8191,0.4457,0.0000,3.7325,43619.7852,41,1.1432,39344.1094,3.4891,4812
43,24,Tokyo_Small,eval_stress_shock,IPPO,3600,6,129,117,0.9070,1.0000,0.0000,430.8803,0.0000,0.1032,4.1992,214.0000,226.2339,984.6206,0.9202,26.7263,23.0238,773.1744,79.0503,35.2558,5875.9688,0,0,0.0000,0.0000,0.0000,0.0000,0,0.9070,0.0930,4.2349,513.2000,shock_burst,0.3407,0.6361,1.3420,0.0000,1.0000,0.0000,17.0759,24,438.1217,0.4605,0.9033,6,0,115200.6172,4.2791,0.0000,4.2791,0.9024,0.5159,0.0000,3.1262,51471.9922,53,1.0272,27144.7988,3.2713,4548
43,25,Tokyo_Small,eval_stress_shock,IPPO,3600,6,162,142,0.8765,1.0000,0.0000,453.0141,0.0000,0.1634,4.1767,225.6879,239.5430,1008.1904,0.8934,28.6325,26.8232,750.2105,51.4948,44.3704,7395.0615,0,0,0.0000,0.0000,0.0000,0.0000,0,0.8765,0.1235,4.1853,513.2000,shock_burst,0.3221,0.6213,1.2778,0.0000,1.0000,0.0000,24.0499,24,439.3189,0.4724,0.8213,8,0,143163.0312,4.1358,0.0000,4.1358,0.8498,0.4842,0.0000,2.8969,58091.1914,37,1.0000,38295.9922,3.2654,7188
43,26,Tokyo_Small,eval_stress_buildup,IPPO,3600,6,206,182,0.8835,1.0000,0.0000,539.4670,539.4670,0.3056,4.4555,259.9945,280.0323,1141.7007,0.8782,28.9034,26.1683,846.8906,25.8507,84.9272,14154.5303,0,0,0.0000,0.0000,0.0000,0.0000,0,0.8835,0.1165,4.4110,883.7547,building_up,0.2675,0.4838,1.2102,0.0000,1.0000,0.0000,31.6543,36,766.3550,0.3772,0.7502,7,1,207789.5312,4.1408,0.0000,4.1408,0.8329,0.4523,0.0000,4.0027,135875.4688,120,1.0686,75697.6875,3.1893,17495
43,27,Tokyo_Small,eval_stress_buildup,IPPO,3600,6,202,173,0.8564,1.0000,0.0000,501.3815,0.0000,0.1321,4.4604,245.6433,272.9624,1039.8569,0.8466,28.4599,27.0769,822.8199,46.0456,50.9406,8490.0986,0,0,0.0000,0.0000,0.0000,0.0000,0,0.8564,0.1436,4.4555,883.7547,building_up,0.3100,0.5889,1.2270,0.0000,1.0000,0.0000,37.6719,24,766.3275,0.3631,0.7499,10,0,179895.2500,4.4208,0.0000,4.4208,0.8632,0.5021,0.0000,3.7397,105816.6250,99,1.0986,42185.3672,3.3960,10290
43,28,Tokyo_Small,eval_over_fleet,IPPO,3600,6,49,46,0.9388,1.0000,0.0000,519.7174,86.6196,1.0625,4.6697,281.9131,237.8044,1274.7048,0.9043,28.2802,24.9168,922.0922,345.9441,120.8980,20149.6602,0,0,0.0000,0.0000,0.0000,0.0000,0,0.9388,0.0612,4.7591,1125.4863,wave,0.2378,0.5482,1.1909,0.0000,1.0000,0.0000,26.9721,28,935.2058,0.3522,0.7793,4,1,58636.4219,4.1020,0.0000,4.1020,0.9796,0.5557,0.0000,4.7371,40935.7305,39,1.4924,87451.2031,3.1837,5924
43,29,Tokyo_Small,eval_over_fleet,IPPO,3600,6,57,53,0.9298,1.0000,0.0000,432.0566,86.4113,0.9411,4.6691,254.9623,180.6545,1129.6486,0.8861,28.6363,25.4574,782.2531,345.1320,130.2982,21716.3750,0,0,0.0000,0.0000,0.0000,0.0000,0,0.9298,0.0702,4.6867,1125.4863,wave,0.2319,0.4807,1.3733,0.0000,1.0000,0.0000,29.0325,24,935.4305,0.3534,0.9062,3,0,59871.3711,3.9649,0.0000,3.9649,0.9396,0.5518,0.0000,4.9598,49998.1016,41,1.3587,104041.0859,3.4211,7427
43,30,Tokyo_Small,eval_normal_wave,Hybrid,3600,6,105,90,0.8571,1.0000,0.0000,455.7444,455.7444,0.2235,4.6484,239.4889,242.0891,1108.9146,0.9261,28.9712,26.9119,863.0358,240.1928,40.8952,6815.8730,0,0,-0.0251,0.0000,0.0000,0.0000,430,0.8571,0.1429,4.6933,1125.4863,wave,0.3124,0.5774,1.1651,0.0000,1.0000,0.0000,17.7060,28,939.2700,0.3732,0.8364,4,0,99802.3125,4.0952,0.0000,4.0952,0.8310,0.4615,0.0000,6.1772,112982.0703,90,1.4004,25409.4961,3.3714,4294
43,31,Tokyo_Small,eval_normal_wave,Hybrid,3600,6,120,102,0.8500,1.0000,0.0000,503.0882,503.0882,0.1743,4.6505,260.8384,272.3143,1155.6244,0.8861,29.5703,27.4291,832.1573,211.3590,54.2000,9033.3330,0,0,-0.0318,0.0000,0.0000,0.0000,507,0.8500,0.1500,4.7318,1125.4863,wave,0.3036,0.5668,1.2823,0.0000,1.0000,0.0000,29.7135,28,940.1844,0.3621,0.7979,5,0,117873.6875,4.2250,0.0000,4.2250,0.8539,0.5355,0.0000,4.7622,108380.6172,83,1.1324,38817.2578,3.3417,6504
43,32,Tokyo_Small,eval_normal_ramp,Hybrid,3600,6,109,90,0.8257,1.0000,0.0000,515.5667,0.0000,0.1406,4.3240,274.8764,252.7653,1205.0353,0.8768,29.3889,27.6252,918.1266,233.3882,46.5321,7755.3516,0,0,-0.0381,0.0000,0.0000,0.0000,490,0.8257,0.1743,4.3632,618.6302,ramp_up_down,0.3351,0.6601,1.2747,0.0000,1.0000,0.0000,33.8694,28,550.5547,0.3086,0.7851,6,0,108453.1797,4.4954,0.0000,4.4954,0.8560,0.6020,0.0000,3.9101,54882.3203,52,1.0000,35090.1094,3.5413,5072
43,33,Tokyo_Small,eval_normal_ramp,Hybrid,3600,6,92,79,0.8587,1.0000,0.0000,467.1519,467.1519,0.2377,4.3324,241.9241,254.3452,1046.9404,0.8655,27.9160,26.2920,778.4353,220.2843,53.1848,8864.1309,0,0,-0.0136,0.0000,0.0000,0.0000,405,0.8587,0.1413,4.3599,618.6302,ramp_up_down,0.2570,0.5078,1.1859,0.0000,1.0000,0.0000,32.5360,24,549.1714,0.3067,0.7950,4,0,82708.2891,4.4022,0.0000,4.4022,0.8403,0.4515,0.0000,3.0902,37608.3906,28,1.2028,40723.6289,3.4783,4893
43,34,Tokyo_Small,eval_stress_shock,Hybrid,3600,6,129,116,0.8992,1.0000,0.0000,426.3965,0.0000,0.0992,4.1989,213.6724,215.5118,977.8715,0.9153,26.7263,23.0238,773.1744,79.0503,26.7132,4452.1963,0,0,-0.0319,0.0000,0.0000,0.0000,558,0.8992,0.1008,4.2350,513.2000,shock_burst,0.3319,0.6193,1.3420,0.0000,1.0000,0.0000,18.0981,24,437.9700,0.4612,0.8980,6,0,113433.0938,4.3256,0.0000,4.3256,0.8742,0.5041,0.0000,3.8706,78880.7188,67,1.0000,19075.8906,3.1318,3446
43,35,Tokyo_Small,eval_stress_shock,Hybrid,3600,6,162,141,0.8704,1.0000,0.0000,441.0071,441.0071,0.1777,4.1770,225.4681,222.8882,1011.7795,0.8975,28.6325,26.8232,750.2105,51.4948,43.0185,7169.7529,0,0,-0.0304,0.0000,0.0000,0.0000,688,0.8704,0.1296,4.1773,513.2000,shock_burst,0.3188,0.5957,1.2778,0.0000,1.0000,0.0000,23.1122,24,439.3517,0.4731,0.8341,8,0,142660.9062,4.2469,0.0000,4.2469,0.8495,0.4875,0.0000,3.7247,83598.5156,40,1.0140,37032.6250,3.3827,6969
43,36,Tokyo_Small,eval_stress_buildup,Hybrid,3600,6,206,189,0.9175,1.0000,0.0000,565.8677,565.8677,0.1883,4.4545,262.8770,301.6823,1139.8193,0.8672,28.9034,26.1683,846.8906,25.8507,56.4854,9414.2393,0,0,-0.0261,0.0000,0.0000,0.0000,867,0.9175,0.0825,4.4104,883.7547,building_up,0.2728,0.5233,1.2102,0.0000,1.0000,0.0000,34.9131,36,766.9006,0.3750,0.7460,8,1,215425.8594,4.2087,0.0000,4.2087,0.8936,0.4673,0.0000,3.9617,118247.5625,121,1.0541,47733.8594,3.3738,11636
43,37,Tokyo_Small,eval_stress_buildup,Hybrid,3600,6,202,174,0.8614,1.0000,0.0000,498.9713,0.0000,0.1253,4.4616,243.2832,260.1123,1062.2107,0.8732,28.4599,27.0769,822.8199,46.0456,44.0891,7348.1851,0,0,-0.0416,0.0000,0.0000,0.0000,820,0.8614,0.1386,4.4570,883.7547,building_up,0.2456,0.4589,1.2270,0.0000,1.0000,0.0000,30.8411,24,766.2539,0.3611,0.7989,7,1,184824.6562,4.0594,0.0000,4.0594,0.8703,0.5033,0.0000,4.2126,137670.7500,107,1.2702,34791.4766,3.2574,8906
43,38,Tokyo_Small,eval_over_fleet,Hybrid,3600,6,49,48,0.9796,1.0000,0.0000,496.5625,82.7604,1.0314,4.6693,282.9131,241.7391,1213.3920,0.8578,28.2802,24.9168,922.0922,345.9441,81.5714,13595.2383,0,0,-0.0405,0.0000,0.0000,0.0000,206,0.9796,0.0204,4.7596,1125.4863,wave,0.2711,0.5635,1.1909,0.0000,1.0000,0.0000,40.2347,28,935.2430,0.3530,0.7956,3,0,58242.8125,4.2041,0.0000,4.2041,0.9790,0.5322,0.0000,5.3140,62147.3555,34,1.5454,48083.3281,3.1633,3997
43,39,Tokyo_Small,eval_over_fleet,Hybrid,3600,6,57,51,0.8947,1.0000,0.0000,465.4706,93.0941,0.9877,4.6673,256.6471,217.1429,1109.9833,0.8650,28.6363,25.4574,782.2531,345.1320,59.8772,9979.5322,0,0,-0.0432,0.0000,0.0000,0.0000,229,0.8947,0.1053,4.6872,1125.4863,wave,0.3007,0.5980,1.3733,0.0000,1.0000,0.0000,34.6504,24,935.4731,0.3575,0.8533,4,0,56609.1484,4.0175,0.0000,4.0175,0.9140,0.5578,0.0000,4.2913,44133.6328,44,1.4125,33360.7539,3.4211,3413
43,40,Tokyo_Small,eval_normal_wave,TokenPassing,3600,6,105,31,0.2952,1.0000,0.0000,1029.3549,257.3387,0.7990,4.6619,215.6786,838.6400,1149.7417,1.0000,28.9712,26.9119,863.0358,240.1928,1406.3905,234398.4219,0,0,0.0000,0.0000,0.0000,0.0000,0,0.2952,0.7048,4.7023,1125.4863,wave,0.2531,0.4927,1.1651,0.0000,1.0000,0.0000,0.0000,28,936.2058,0.3599,0.7854,9,2,35641.9922,5.0667,0.0000,0.0000,0.3155,0.5087,0.0000,5.0945,24277.0293,20,5.0767,1376265.7500,0.0000,147671
43,41,Tokyo_Small,eval_normal_wave,TokenPassing,3600,6,120,44,0.3667,1.0000,0.0000,772.9545,193.2386,0.7925,4.6593,178.1714,527.8286,1078.4327,1.0000,29.5703,27.4291,832.1573,211.3590,1663.4500,277241.6562,0,0,0.0000,0.0000,0.0000,0.0000,0,0.3667,0.6333,4.7445,1125.4863,wave,0.2460,0.4364,1.2823,0.0000,1.0000,0.0000,0.0000,28,936.7689,0.3640,0.9486,12,3,47451.0391,5.2083,0.0000,0.0000,0.3536,0.5141,0.0000,4.4303,36282.2930,28,34.1887,1640096.5000,0.0000,199614
43,42,Tokyo_Small,eval_normal_ramp,TokenPassing,3600,6,109,49,0.4495,1.0000,0.0000,808.7551,202.1888,0.8023,4.3399,276.8000,641.0000,1084.4303,0.7835,29.3889,27.6252,918.1266,233.3882,1586.4954,264415.9062,0,0,0.0000,0.0000,0.0000,0.0000,0,0.4495,0.5505,4.3787,618.6302,ramp_up_down,0.1992,0.3818,1.2747,0.0000,1.0000,0.0000,59.9139,28,547.4811,0.3046,0.8913,12,4,53137.0859,5.1835,0.0000,0.0000,0.4280,0.5529,0.0000,2.6775,13664.1455,13,3.2037,1570221.7500,0.0000,172928
43,43,Tokyo_Small,eval_normal_ramp,TokenPassing,3600,6,92,40,0.4348,1.0000,0.0000,1015.1750,253.7937,0.7936,4.3430,280.9118,767.6000,1078.3657,0.7678,27.9160,26.2920,778.4353,220.2843,1116.3152,186052.5312,0,0,0.0000,0.0000,0.0000,0.0000,0,0.4348,0.5652,4.3715,618.6302,ramp_up_down,0.3778,0.6733,1.1859,0.0000,1.0000,0.0000,65.2386,24,546.7505,0.3066,0.7940,10,1,43134.6289,4.9891,0.0000,0.0000,0.4460,0.4733,0.0000,3.2729,17136.9941,12,2.7469,1099976.3750,0.0000,102701
43,44,Tokyo_Small,eval_stress_shock,TokenPassing,3600,6,129,38,0.2946,1.0000,0.0000,895.1053,298.3684,0.6419,4.2639,165.5938,816.1429,891.1677,1.0000,26.7263,23.0238,773.1744,79.0503,576.0465,96007.7500,0,0,0.0000,0.0000,0.0000,0.0000,0,0.2946,0.7054,4.2973,513.2000,shock_burst,0.2069,0.3992,1.3420,0.0000,1.0000,0.0000,0.0000,24,433.5136,0.4220,1.1803,10,3,33864.3711,3.9225,0.0000,0.0000,0.2772,0.4879,0.0000,3.5033,15288.7988,18,8.7128,560120.8750,0.0000,74310
43,45,Tokyo_Small,eval_stress_shock,TokenPassing,3600,6,162,35,0.2160,1.0000,0.0000,682.1143,227.3714,0.6416,4.2579,181.2759,580.6400,861.0334,0.9500,28.6325,26.8232,750.2105,51.4948,689.5000,114916.6641,0,0,0.0000,0.0000,0.0000,0.0000,0,0.2160,0.7840,4.2579,513.2000,shock_burst,0.1867,0.4216,1.2778,0.0000,1.0000,0.0000,9.0692,24,433.4842,0.4268,0.9067,8,1,30136.1699,3.8827,0.0000,0.0000,0.1865,0.4311,0.0000,5.1275,45380.7852,12,2.7912,676951.5000,0.0000,111699
43,46,Tokyo_Small,eval_stress_buildup,TokenPassing,3600,6,206,28,0.1359,1.0000,0.0000,728.3571,242.7857,0.5019,4.5056,193.2609,649.9091,878.0808,0.9087,28.9034,26.1683,846.8906,25.8507,615.5485,102591.4219,1,0,0.0000,0.0000,0.0000,0.0000,0,0.1359,0.8641,4.4611,883.7547,building_up,0.2292,0.4249,1.2102,0.0000,1.0000,0.0000,17.6447,36,756.9078,0.3403,1.0420,9,3,24586.2637,2.9078,0.0000,0.0000,0.1169,0.4127,0.0000,3.5874,10583.6729,16,3084.0552,601493.9375,0.0000,126803
43,47,Tokyo_Small,eval_stress_buildup,TokenPassing,3600,6,202,31,0.1535,1.0000,0.0000,650.9355,325.4677,0.4983,4.5040,184.2759,540.7778,1011.1097,1.0000,28.4599,27.0769,822.8199,46.0456,647.1089,107851.4844,0,0,0.0000,0.0000,0.0000,0.0000,0,0.1535,0.8465,4.4955,883.7547,building_up,0.1944,0.4108,1.2270,0.0000,1.0000,0.0000,0.0000,24,757.3000,0.3375,1.0550,9,2,31344.4004,3.0396,0.0000,0.0000,0.1377,0.4469,0.0000,4.0168,12321.9023,13,2.3932,612427.3125,0.0000,130716
43,48,Tokyo_Small,eval_over_fleet,TokenPassing,3600,6,49,47,0.9592,1.0000,0.0000,435.2553,87.0511,0.9736,4.6682,281.2128,154.7347,1256.1184,0.8934,28.2802,24.9168,922.0922,345.9441,148.4694,24744.8984,0,0,0.0000,0.0000,0.0000,0.0000,0,0.9592,0.0408,4.7602,1125.4863,wave,0.2711,0.5889,1.1909,0.0000,1.0000,0.0000,29.9891,28,935.2614,0.3553,0.9430,4,0,59037.5664,50.0000,0.0000,0.0000,0.9862,0.5475,0.0000,6.0231,50235.7188,45,1.1439,126017.9766,0.0000,7275
43,49,Tokyo_Small,eval_over_fleet,TokenPassing,3600,6,57,55,0.9649,1.0000,0.0000,387.1273,64.5212,1.0080,4.6694,253.5091,135.6071,1123.8500,0.8866,28.6363,25.4574,782.2531,345.1320,116.4737,19412.2812,0,0,0.0000,0.0000,0.0000,0.0000,0,0.9649,0.0351,4.6867,1125.4863,wave,0.2645,0.5257,1.3733,0.0000,1.0000,0.0000,28.7391,24,935.4278,0.3530,1.0044,4,1,61811.7500,50.3509,0.0000,0.0000,0.9781,0.5534,0.0000,6.6887,67277.6641,46,1.2045,96853.9688,0.0000,6639
43,50,Kyoto_Small,eval_normal_wave,MAPPO,3600,6,102,63,0.6176,1.0000,0.0000,788.7778,394.3889,0.4812,4.6339,207.5962,582.1400,1071.4325,1.0000,19.8739,17.7875,852.9315,177.1136,249.9706,41661.7656,0,0,0.0000,0.0000,0.0000,0.0000,0,0.6176,0.3824,4.6055,631.4694,wave,0.2760,0.4845,1.2478,0.0000,1.0000,0.0000,0.0000,28,528.2864,0.3983,0.9263,9,1,67500.2500,3.3529,0.0000,3.3529,0.6057,0.5257,0.0000,4.1348,37783.1680,51,1.6912,241772.2031,5.3137,25497
43,51,Kyoto_Small,eval_normal_wave,MAPPO,3600,6,103,79,0.7670,1.0000,0.0000,706.1013,235.3671,0.5575,4.6336,264.9048,494.0555,1077.7998,0.8137,19.2160,17.4306,752.1287,194.5791,249.5049,41584.1406,0,0,0.0000,0.0000,0.0000,0.0000,0,0.7670,0.2330,4.7084,631.4694,wave,0.2363,0.4504,1.2160,0.0000,1.0000,0.0000,49.3448,28,529.0881,0.3893,0.8441,10,1,85146.1875,3.3010,0.0000,3.3010,0.7742,0.4694,0.0000,8.4204,95023.8828,68,1.9419,240850.1875,4.9806,25699
43,52,Kyoto_Small,eval_normal_ramp,MAPPO,3600,6,97,75,0.7732,1.0000,0.0000,602.9600,602.9600,0.2550,4.3169,239.4603,319.5818,1051.0767,0.8779,19.1713,16.8598,807.7757,187.1565,228.6392,38106.5273,0,0,0.0000,0.0000,0.0000,0.0000,0,0.7732,0.2268,4.3670,347.1364,ramp_up_down,0.3202,0.5738,1.2117,0.0000,1.0000,0.0000,29.2450,24,310.3686,0.3042,1.0207,9,1,78830.7500,3.5052,0.0000,3.5052,0.7350,0.4591,0.0000,4.4651,36775.0508,30,1.4494,222260.1094,5.0206,22178
43,53,Kyoto_Small,eval_normal_ramp,MAPPO,3600,6,110,71,0.6455,1.0000,0.0000,782.1690,391.0845,0.4514,4.3074,253.1452,487.7636,1111.2859,0.8780,19.6002,17.5881,806.0035,178.1272,150.9909,25165.1523,0,0,0.0000,0.0000,0.0000,0.0000,0,0.6455,0.3545,4.3303,347.1364,ramp_up_down,0.3852,0.7034,1.1950,0.0000,1.0000,0.0000,30.8880,24,310.4539,0.3226,0.8892,8,1,78901.2969,3.4636,0.0000,3.4636,0.6470,0.4745,0.0000,4.0469,45982.1289,36,1.2886,145066.1250,5.7182,16609
43,54,Kyoto_Small,eval_stress_shock,MAPPO,3600,6,158,110,0.6962,1.0000,0.0000,725.1545,362.5773,0.3366,4.1072,283.2079,444.2021,1043.9260,0.7372,19.6894,17.7973,785.8473,46.3223,86.6456,14440.9287,2,0,0.0000,0.0000,0.0000,0.0000,0,0.6962,0.3038,4.0949,288.0000,shock_burst,0.3177,0.5774,1.2548,0.0000,1.0000,0.0000,74.4227,24,250.1253,0.5119,0.8280,8,1,114831.8594,4.2342,0.0000,4.2342,0.7007,0.4663,0.0000,5.5165,63032.7109,43,1.1257,81754.0938,4.4177,13690
43,55,Kyoto_Small,eval_stress_shock,MAPPO,3600,6,144,113,0.7847,1.0000,0.0000,686.7256,343.3628,0.3563,4.1339,276.5361,438.9770,1181.6543,0.8546,19.9079,19.0917,907.6667,63.9802,95.8472,15974.5371,1,0,0.0000,0.0000,0.0000,0.0000,0,0.7847,0.2153,4.1817,288.0000,shock_burst,0.3856,0.7387,1.2608,0.0000,1.0000,0.0000,40.2052,24,249.2908,0.4953,0.8313,10,1,133526.9375,3.8194,0.0000,3.8194,0.7717,0.5529,0.0000,2.9575,39364.2617,42,3.2102,90888.0312,4.3333,13802
43,56,Kyoto_Small,eval_stress_buildup,MAPPO,3600,6,230,181,0.7870,1.0000,0.0000,609.0056,609.0056,0.2846,4.4114,264.8589,348.5000,1105.1708,0.8345,19.2387,18.2511,865.7910,19.5172,71.1174,11852.8984,2,0,0.0000,0.0000,0.0000,0.0000,0,0.7870,0.2130,4.3682,495.8625,building_up,0.3621,0.6829,1.3031,0.0000,1.0000,0.0000,43.8247,28,435.5930,0.4069,0.8531,11,0,200035.9219,4.0826,0.0000,4.0826,0.7687,0.5405,0.0000,5.3915,129110.5078,136,1.1852,66586.8125,3.9174,16357
43,57,Kyoto_Small,eval_stress_buildup,MAPPO,3600,6,236,188,0.7966,1.0000,0.0000,669.1542,669.1542,0.2744,4.4019,260.2249,413.8421,1108.2402,0.8518,19.0408,17.2337,857.3542,25.2151,63.0424,10507.0625,2,0,0.0000,0.0000,0.0000,0.0000,0,0.7966,0.2034,4.3451,495.8625,building_up,0.3289,0.5933,1.3176,0.0000,1.0000,0.0000,38.5768,24,436.5628,0.4156,0.8733,8,0,208349.1562,4.1780,0.0000,4.1780,0.7475,0.5429,0.0000,3.9759,86250.4922,111,1.2589,58269.9961,3.7288,14878
43,58,Kyoto_Small,eval_over_fleet,MAPPO,3600,6,57,49,0.8596,1.0000,0.0000,476.5714,95.3143,0.9650,4.6526,224.7660,259.5714,1100.2028,0.9790,20.0433,17.8034,860.4936,243.3802,397.4737,66245.6172,0,0,0.0000,0.0000,0.0000,0.0000,0,0.8596,0.1404,4.6898,631.4694,wave,0.2773,0.5328,1.1823,0.0000,1.0000,0.0000,4.7254,24,527.1178,0.3619,0.8883,4,0,53909.9336,3.8947,0.0000,3.8947,0.8303,0.4741,0.0000,6.4852,53238.0703,46,2.0912,383436.3438,3.4737,22656
43,59,Kyoto_Small,eval_over_fleet,MAPPO,3600,6,48,47,0.9792,1.0000,0.0000,477.9575,95.5915,0.8829,4.6604,267.2391,216.6087,1157.2546,0.8661,19.2514,17.1617,834.1794,317.3954,422.9375,70489.5859,0,0,0.0000,0.0000,0.0000,0.0000,0,0.9792,0.0208,4.7152,631.4694,wave,0.3113,0.6732,1.3246,0.0000,1.0000,0.0000,35.7882,24,526.3883,0.3564,0.9070,5,0,54390.9688,3.6042,0.0000,3.6042,0.9877,0.5579,0.0000,5.9739,44949.0586,41,4.7851,409433.8438,3.5000,20301
43,60,Kyoto_Small,eval_normal_wave,FaithfulMAPPER,3600,6,102,94,0.9216,1.0000,0.0000,505.8936,0.0000,0.0579,4.6265,264.6932,245.3977,1162.0745,0.8781,19.8739,17.7875,852.9315,177.1136,45.6078,7601.3071,0,0,0.0000,0.0000,0.0000,0.0000,0,0.9216,0.0784,4.5966,631.4694,wave,0.3290,0.6524,1.2478,0.0000,1.0000,0.0000,32.2783,28,529.6767,0.3994,0.8724,8,0,109235.0000,4.4118,0.0000,4.4118,0.9492,0.5522,0.0000,6.7433,114825.4688,86,1.0236,37849.7734,3.4118,4652
43,61,Kyoto_Small,eval_normal_wave,FaithfulMAPPER,3600,6,103,96,0.9320,1.0000,0.0000,477.8854,477.8854,0.2020,4.6286,240.0638,242.6900,1035.2235,0.8625,19.2160,17.4306,752.1287,194.5791,47.7767,7962.7832,0,0,0.0000,0.0000,0.0000,0.0000,0,0.9320,0.0680,4.7043,631.4694,wave,0.2824,0.5311,1.2160,0.0000,1.0000,0.0000,33.0191,28,529.7967,0.3931,0.8598,4,1,99381.4531,4.0777,0.0000,4.0777,0.9608,0.4794,0.0000,6.7222,133873.1406,90,1.1358,39822.1445,3.5146,4921
43,62,Kyoto_Small,eval_normal_ramp,FaithfulMAPPER,3600,6,97,91,0.9381,1.0000,0.0000,451.3956,451.3956,0.1987,4.3084,233.7356,222.2809,1070.5779,0.9161,19.1713,16.8598,807.7757,187.1565,38.7938,6465.6357,0,0,0.0000,0.0000,0.0000,0.0000,0,0.9381,0.0619,4.3609,347.1364,ramp_up_down,0.3095,0.5874,1.2117,0.0000,1.0000,0.0000,19.6201,24,311.2522,0.3083,0.8702,6,0,97422.5859,3.9897,0.0000,3.9897,0.9616,0.4951,0.0000,2.7520,27960.1875,38,1.0144,32580.1133,3.3608,3763
43,63,Kyoto_Small,eval_normal_ramp,FaithfulMAPPER,3600,6,110,103,0.9364,1.0000,0.0000,494.4951,0.0000,0.0418,4.2919,238.5464,258.1959,1085.9421,0.9105,19.6002,17.5881,806.0035,178.1272,35.5273,5921.2119,0,0,0.0000,0.0000,0.0000,0.0000,0,0.9364,0.0636,4.3122,347.1364,ramp_up_down,0.3515,0.6716,1.1950,0.0000,1.0000,0.0000,21.3580,24,312.1183,0.3266,0.8764,6,1,111852.0391,4.2364,0.0000,4.2364,0.9428,0.4766,0.0000,4.0220,52762.6367,49,1.0218,30136.2539,3.8545,3908
43,64,Kyoto_Small,eval_stress_shock,FaithfulMAPPER,3600,6,158,145,0.9177,1.0000,0.0000,474.1241,237.0621,0.3438,4.0735,239.1875,236.1711,1042.0315,0.8713,19.6894,17.7973,785.8473,46.3223,35.0760,5845.9917,0,0,0.0000,0.0000,0.0000,0.0000,0,0.9177,0.0823,4.0535,288.0000,shock_burst,0.3007,0.5504,1.2548,0.0000,1.0000,0.0000,30.7812,24,251.6158,0.5350,0.8626,6,0,151094.5625,4.3481,0.0000,4.3481,0.9408,0.4749,0.0000,4.6780,134167.0938,64,1.0540,31253.7285,3.2848,5542
43,65,Kyoto_Small,eval_stress_shock,FaithfulMAPPER,3600,6,144,131,0.9097,1.0000,0.0000,481.3359,481.3359,0.1944,4.1129,255.7132,221.3209,1156.1654,0.9043,19.9079,19.0917,907.6667,63.9802,32.4792,5413.1943,0,0,0.0000,0.0000,0.0000,0.0000,0,0.9097,0.0903,4.1643,288.0000,shock_burst,0.3109,0.5700,1.2608,0.0000,1.0000,0.0000,24.4801,24,249.8481,0.5133,0.7742,6,0,151457.6719,4.0000,0.0000,4.0000,0.8871,0.5483,0.0000,4.0758,92236.2500,47,1.1384,28213.7148,3.0069,4677
43,66,Kyoto_Small,eval_stress_buildup,FaithfulMAPPER,3600,6,230,202,0.8783,1.0000,0.0000,564.5099,564.5099,0.2464,4.3928,267.6735,280.3266,1144.8673,0.8554,19.2387,18.2511,865.7910,19.5172,39.4217,6570.2900,0,0,0.0000,0.0000,0.0000,0.0000,0,0.8783,0.1217,4.3482,495.8625,building_up,0.1993,0.3877,1.3031,0.0000,1.0000,0.0000,38.7000,28,437.7850,0.4206,0.8042,9,1,231263.1875,4.3391,0.0000,4.3391,0.8863,0.5585,0.0000,4.5757,131475.6094,160,1.0255,35278.3945,3.2000,9067
43,67,Kyoto_Small,eval_stress_buildup,FaithfulMAPPER,3600,6,236,203,0.8602,1.0000,0.0000,559.3793,559.3793,0.2491,4.3871,265.9271,281.2154,1158.8400,0.8715,19.0408,17.2337,857.3542,25.2151,44.3093,7384.8872,1,0,0.0000,0.0000,0.0000,0.0000,0,0.8602,0.1398,4.3283,495.8625,building_up,0.2740,0.4967,1.3176,0.0000,1.0000,0.0000,34.1591,24,437.5017,0.4382,0.7779,8,1,235244.5312,4.0890,0.0000,4.0890,0.8334,0.5606,0.0000,3.8607,103876.8750,123,1.2029,39927.2383,3.2034,10457
43,68,Kyoto_Small,eval_over_fleet,FaithfulMAPPER,3600,6,57,54,0.9474,1.0000,0.0000,449.2778,74.8796,1.0840,4.6508,242.2264,217.9091,1094.4493,0.9037,20.0433,17.8034,860.4936,243.3802,92.3509,15391.8125,0,0,0.0000,0.0000,0.0000,0.0000,0,0.9474,0.0526,4.6898,631.4694,wave,0.2917,0.5821,1.1823,0.0000,1.0000,0.0000,23.3365,24,527.2211,0.3663,0.8708,5,0,59100.2656,4.1053,0.0000,4.1053,0.9038,0.4683,0.0000,5.6306,44488.8203,51,2.1617,78989.7031,3.3509,5264
43,69,Kyoto_Small,eval_over_fleet,FaithfulMAPPER,3600,6,48,46,0.9583,1.0000,0.0000,487.3044,97.4609,0.8619,4.6585,269.0435,217.5417,1173.0483,0.8720,19.2514,17.1617,834.1794,317.3954,92.9375,15489.5830,0,0,0.0000,0.0000,0.0000,0.0000,0,0.9583,0.0417,4.7171,631.4694,wave,0.2279,0.4652,1.3246,0.0000,1.0000,0.0000,34.4338,24,526.3586,0.3603,0.8064,3,0,53960.2227,4.0208,0.0000,4.0208,0.9809,0.5661,0.0000,4.3099,24537.2949,26,5.0747,79963.8359,3.4583,4461
43,70,Kyoto_Small,eval_normal_wave,IPPO,3600,6,102,87,0.8529,1.0000,0.0000,481.9195,0.0000,0.1569,4.6241,264.1494,229.9032,1169.2352,0.8853,19.8739,17.7875,852.9315,177.1136,35.8529,5975.4902,0,0,0.0000,0.0000,0.0000,0.0000,0,0.8529,0.1471,4.5901,631.4694,wave,0.3057,0.5788,1.2478,0.0000,1.0000,0.0000,30.3024,28,529.5189,0.4069,0.8414,5,0,101723.4688,4.2843,0.0000,4.2843,0.8897,0.5592,0.0000,4.9297,81455.0547,65,1.1149,28563.8438,3.3725,3657
43,71,Kyoto_Small,eval_normal_wave,IPPO,3600,6,103,97,0.9417,1.0000,0.0000,408.6804,408.6804,0.2812,4.6403,229.1250,181.4082,1028.6366,0.8979,19.2160,17.4306,752.1287,194.5791,40.0777,6679.6118,0,0,0.0000,0.0000,0.0000,0.0000,0,0.9417,0.0583,4.7068,631.4694,wave,0.3109,0.5918,1.2160,0.0000,1.0000,0.0000,23.3977,28,529.3122,0.3669,0.8749,5,0,99777.7500,3.8835,0.0000,3.8835,0.9591,0.4736,0.0000,6.6697,113442.6953,87,1.3876,32922.8945,3.3107,4128
43,72,Kyoto_Small,eval_normal_ramp,IPPO,3600,6,97,84,0.8660,1.0000,0.0000,451.5833,451.5833,0.2986,4.3092,246.4634,217.1798,1098.1605,0.8911,19.1713,16.8598,807.7757,187.1565,27.6907,4615.1201,0,0,0.0000,0.0000,0.0000,0.0000,0,0.8660,0.1340,4.3595,347.1364,ramp_up_down,0.2910,0.5962,1.2117,0.0000,1.0000,0.0000,26.8313,24,310.9745,0.3105,0.8667,6,1,92245.4844,3.9072,0.0000,3.9072,0.9075,0.5062,0.0000,2.8703,34313.4336,40,1.0408,22338.8555,3.2371,2686
43,73,Kyoto_Small,eval_normal_ramp,IPPO,3600,6,110,93,0.8455,1.0000,0.0000,480.0538,480.0538,0.2152,4.2940,255.6630,241.6800,1129.3636,0.8835,19.6002,17.5881,806.0035,178.1272,34.4455,5740.9092,0,0,0.0000,0.0000,0.0000,0.0000,0,0.8455,0.1545,4.3170,347.1364,ramp_up_down,0.3082,0.5636,1.1950,0.0000,1.0000,0.0000,29.7903,24,311.8181,0.3275,0.8296,4,0,105030.8203,4.1545,0.0000,4.1545,0.8879,0.4971,0.0000,4.3696,50088.4648,33,1.2682,29300.5645,3.5364,3789
43,74,Kyoto_Small,eval_stress_shock,IPPO,3600,6,158,147,0.9304,1.0000,0.0000,441.3333,441.3333,0.3062,4.0738,227.6190,217.5355,1023.0220,0.8989,19.6894,17.7973,785.8473,46.3223,25.9304,4321.7300,0,0,0.0000,0.0000,0.0000,0.0000,0,0.9304,0.0696,4.0577,288.0000,shock_burst,0.2577,0.4641,1.2548,0.0000,1.0000,0.0000,23.0146,24,251.3692,0.5369,0.8635,5,0,150384.2344,4.4241,0.0000,4.4241,0.9286,0.4624,0.0000,3.2455,70594.2109,62,1.1539,22403.8477,3.1709,4097
43,75,Kyoto_Small,eval_stress_shock,IPPO,3600,6,144,129,0.8958,1.0000,0.0000,510.7209,510.7209,0.2922,4.1025,251.1016,258.6619,1116.8339,0.8895,19.9079,19.0917,907.6667,63.9802,25.6250,4270.8335,0,0,0.0000,0.0000,0.0000,0.0000,0,0.8958,0.1042,4.1586,288.0000,shock_burst,0.2591,0.4794,1.2608,0.0000,1.0000,0.0000,27.7348,24,250.4222,0.5183,0.7734,6,1,144071.5625,4.2083,0.0000,4.2083,0.8540,0.5360,0.0000,4.8069,131518.0938,67,1.2091,21775.0840,3.1458,3690
43,76,Kyoto_Small,eval_stress_buildup,IPPO,3600,6,230,204,0.8870,1.0000,0.0000,507.7206,507.7206,0.2327,4.3930,274.9702,248.6781,1149.4810,0.8361,19.2387,18.2511,865.7910,19.5172,32.4609,5410.1450,0,0,0.0000,0.0000,0.0000,0.0000,0,0.8870,0.1130,4.3517,495.8625,building_up,0.1897,0.3445,1.3031,0.0000,1.0000,0.0000,45.0740,28,437.4556,0.4247,0.7978,5,1,234494.1250,4.4391,0.0000,4.4391,0.9018,0.5627,0.0000,6.1859,174076.2656,166,1.0043,28442.2832,3.1913,7466
43,77,Kyoto_Small,eval_stress_buildup,IPPO,3600,6,236,210,0.8898,1.0000,0.0000,490.7286,245.3643,0.3590,4.3891,259.3125,239.5000,1149.1740,0.8863,19.0408,17.2337,857.3542,25.2151,27.9025,4650.4238,0,0,0.0000,0.0000,0.0000,0.0000,0,0.8898,0.1102,4.3299,495.8625,building_up,0.1967,0.3557,1.3176,0.0000,1.0000,0.0000,29.4777,24,437.4933,0.4339,0.8079,6,1,241326.5156,4.1483,0.0000,4.1483,0.8579,0.5578,0.0000,4.3648,130659.0000,151,1.1033,23710.9707,3.2627,6585
43,78,Kyoto_Small,eval_over_fleet,IPPO,3600,6,57,53,0.9298,1.0000,0.0000,458.4717,91.6943,0.9660,4.6532,252.9038,212.5472,1115.9976,0.8825,20.0433,17.8034,860.4936,243.3802,45.4737,7578.9473,0,0,0.0000,0.0000,0.0000,0.0000,0,0.9298,0.0702,4.6894,631.4694,wave,0.2308,0.5189,1.1823,0.0000,1.0000,0.0000,29.7043,24,527.0803,0.3606,0.8872,3,0,59147.8750,4.0351,0.0000,4.0351,0.8956,0.4728,0.0000,6.4393,66171.2422,45,2.3713,32500.4043,3.3158,2592
43,79,Kyoto_Small,eval_over_fleet,IPPO,3600,6,48,46,0.9583,1.0000,0.0000,455.3044,91.0609,0.8962,4.6570,270.9348,189.4681,1174.0145,0.8666,19.2514,17.1617,834.1794,317.3954,65.5000,10916.6670,0,0,0.0000,0.0000,0.0000,0.0000,0,0.9583,0.0417,4.7164,631.4694,wave,0.1688,0.3532,1.3246,0.0000,1.0000,0.0000,36.1319,24,526.2628,0.3652,0.8283,2,1,54004.6680,3.8125,0.0000,3.8125,0.9799,0.5655,0.0000,4.6239,32409.5742,38,4.1222,51768.9570,3.3750,3144
43,80,Kyoto_Small,eval_normal_wave,Hybrid,3600,6,102,90,0.8824,1.0000,0.0000,466.5667,0.0000,0.0668,4.6240,256.0450,226.8571,1178.2443,0.9203,19.8739,17.7875,852.9315,177.1136,23.9314,3988.5620,0,0,-0.0474,0.0000,0.0000,0.0000,438,0.8824,0.1176,4.5928,631.4694,wave,0.3084,0.5959,1.2478,0.0000,1.0000,0.0000,20.3961,28,529.6270,0.4054,0.8406,5,0,106041.9844,4.2941,0.0000,4.2941,0.9354,0.5683,0.0000,4.7368,82371.5312,66,1.0000,16819.7656,3.2745,2441
43,81,Kyoto_Small,eval_normal_wave,Hybrid,3600,6,103,92,0.8932,1.0000,0.0000,439.6087,439.6087,0.1852,4.6311,232.6413,216.6939,1027.9611,0.8837,19.2160,17.4306,752.1287,194.5791,36.9126,6152.1035,0,0,-0.0298,0.0000,0.0000,0.0000,420,0.8932,0.1068,4.7067,631.4694,wave,0.2645,0.4976,1.2160,0.0000,1.0000,0.0000,27.0491,28,529.5647,0.3884,0.8604,4,1,94572.4141,4.0777,0.0000,4.0777,0.9093,0.4734,0.0000,6.8331,114089.7188,76,1.0915,28899.6602,3.3010,3802
43,82,Kyoto_Small,eval_normal_ramp,Hybrid,3600,6,97,89,0.9175,1.0000,0.0000,444.3596,444.3596,0.1878,4.3091,235.3409,211.1739,1067.8629,0.9075,19.1713,16.8598,807.7757,187.1565,27.7010,4616.8384,0,0,-0.0385,0.0000,0.0000,0.0000,394,0.9175,0.0825,4.3572,347.1364,ramp_up_down,0.2874,0.5801,1.2117,0.0000,1.0000,0.0000,21.7683,24,311.0305,0.3098,0.8615,6,1,95039.8047,4.0619,0.0000,4.0619,0.9400,0.4948,0.0000,2.9663,32550.0176,38,1.0278,21918.7734,3.3711,2687
43,83,Kyoto_Small,eval_normal_ramp,Hybrid,3600,6,110,101,0.9182,1.0000,0.0000,495.9307,0.0000,0.1494,4.2943,260.1010,240.0099,1091.8682,0.8396,19.6002,17.5881,806.0035,178.1272,21.5545,3592.4243,0,0,-0.0355,0.0000,0.0000,0.0000,451,0.9182,0.0818,4.3144,347.1364,ramp_up_down,0.3086,0.5895,1.1950,0.0000,1.0000,0.0000,41.7274,24,311.8547,0.3256,0.8075,6,0,110278.6875,4.1000,0.0000,4.1000,0.9421,0.4857,0.0000,3.6637,54951.0195,48,1.0751,16172.6455,3.2727,2371
43,84,Kyoto_Small,eval_stress_shock,Hybrid,3600,6,158,149,0.9430,1.0000,0.0000,411.1611,411.1611,0.2343,4.0829,230.7450,185.6879,1032.8389,0.8952,19.6894,17.7973,785.8473,46.3223,19.5633,3260.5486,0,0,-0.0321,0.0000,0.0000,0.0000,660,0.9430,0.0570,4.0686,288.0000,shock_burst,0.1997,0.3752,1.2548,0.0000,1.0000,0.0000,24.1772,24,251.0142,0.5313,0.9097,5,0,153893.0000,4.1772,0.0000,4.1772,0.9454,0.4644,0.0000,2.7989,51473.7734,52,1.1809,16447.9746,2.9937,3091
43,85,Kyoto_Small,eval_stress_shock,Hybrid,3600,6,144,134,0.9306,1.0000,0.0000,474.2836,474.2836,0.2654,4.1074,241.6567,237.5486,1106.2018,0.9155,19.9079,19.0917,907.6667,63.9802,29.6319,4938.6572,0,0,-0.0442,0.0000,0.0000,0.0000,595,0.9306,0.0694,4.1553,288.0000,shock_burst,0.2881,0.5247,1.2608,0.0000,1.0000,0.0000,20.4164,24,250.0161,0.5165,0.7584,7,0,148231.0469,4.1319,0.0000,4.1319,0.8763,0.5295,0.0000,4.1736,95942.4844,53,1.1194,26013.6660,3.0208,4267
43,86,Kyoto_Small,eval_stress_buildup,Hybrid,3600,6,230,203,0.8826,1.0000,0.0000,539.0394,539.0394,0.2631,4.3934,273.6550,270.7109,1160.6086,0.8482,19.2387,18.2511,865.7910,19.5172,36.2565,6042.7534,1,0,-0.0483,0.0000,0.0000,0.0000,980,0.8826,0.1174,4.3483,495.8625,building_up,0.2346,0.4260,1.3031,0.0000,1.0000,0.0000,41.5333,28,437.6108,0.4214,0.8033,7,0,235603.5625,4.2609,0.0000,4.2609,0.9081,0.5693,0.0000,4.9321,177175.3438,179,1.0026,32179.8730,3.2348,8339
43,87,Kyoto_Small,eval_stress_buildup,Hybrid,3600,6,236,213,0.9025,1.0000,0.0000,541.5023,541.5023,0.2988,4.3866,264.4151,271.4792,1156.5485,0.8748,19.0408,17.2337,857.3542,25.2151,30.3263,5054.3784,0,0,-0.0510,0.0000,0.0000,0.0000,950,0.9025,0.0975,4.3249,495.8625,building_up,0.2063,0.3755,1.3176,0.0000,1.0000,0.0000,33.1054,24,437.9308,0.4333,0.7839,7,1,246344.8281,4.0254,0.0000,4.0254,0.8653,0.5547,0.0000,3.7438,118524.6562,122,1.0427,26142.8809,3.0508,7157
43,88,Kyoto_Small,eval_over_fleet,Hybrid,3600,6,57,53,0.9298,1.0000,0.0000,458.3962,91.6792,0.9425,4.6507,249.9423,205.7778,1156.8086,0.9257,20.0433,17.8034,860.4936,243.3802,37.4737,6245.6143,0,0,-0.0359,0.0000,0.0000,0.0000,234,0.9298,0.0702,4.6911,631.4694,wave,0.3111,0.6189,1.1823,0.0000,1.0000,0.0000,18.5806,24,527.1680,0.3657,0.8899,4,0,61310.8555,4.1053,0.0000,4.1053,0.9483,0.5006,0.0000,6.0324,67166.9609,54,2.8337,24114.5957,3.2281,2136
43,89,Kyoto_Small,eval_over_fleet,Hybrid,3600,6,48,47,0.9792,1.0000,0.0000,463.1915,92.6383,0.8464,4.6588,268.4565,206.0870,1157.7773,0.8625,19.2514,17.1617,834.1794,317.3954,36.6042,6100.6943,0,0,-0.0599,0.0000,0.0000,0.0000,186,0.9792,0.0208,4.7160,631.4694,wave,0.2582,0.5482,1.3246,0.0000,1.0000,0.0000,36.9010,24,526.2242,0.3619,0.8219,4,0,54415.5352,3.8750,0.0000,3.8750,0.9903,0.5594,0.0000,4.3942,28412.2695,36,1.4767,23659.6875,3.3750,1757
43,90,Kyoto_Small,eval_normal_wave,TokenPassing,3600,6,102,45,0.4412,1.0000,0.0000,868.2889,217.0722,0.8119,4.6442,174.8947,692.5555,1118.8418,1.0000,19.8739,17.7875,852.9315,177.1136,709.8137,118302.2891,0,0,0.0000,0.0000,0.0000,0.0000,0,0.4412,0.5588,4.6093,631.4694,wave,0.2460,0.4442,1.2478,0.0000,1.0000,0.0000,0.0000,28,527.2070,0.3858,1.0327,12,3,50347.8789,4.9706,0.0000,0.0000,0.4516,0.5487,0.0000,5.9569,46654.9648,38,1924166.3750,697286.0625,0.0000,72401
43,91,Kyoto_Small,eval_normal_wave,TokenPassing,3600,6,103,42,0.4078,1.0000,0.0000,902.5714,225.6429,0.8013,4.6455,319.4286,637.5926,1151.6210,0.7211,19.2160,17.4306,752.1287,194.5791,745.3593,124226.5391,0,0,0.0000,0.0000,0.0000,0.0000,0,0.4078,0.5922,4.7193,631.4694,wave,0.1562,0.2795,1.2160,0.0000,1.0000,0.0000,89.1044,28,526.9989,0.3855,0.8278,7,3,48368.0820,5.1165,0.0000,0.0000,0.4286,0.4888,0.0000,5.1254,23564.8281,20,3.5696,732871.5625,0.0000,76772
43,92,Kyoto_Small,eval_normal_ramp,TokenPassing,3600,6,97,50,0.5155,1.0000,0.0000,856.8600,214.2150,0.7860,4.3292,238.4878,715.8975,1010.6357,0.8475,19.1713,16.8598,807.7757,187.1565,558.2578,93042.9531,0,0,0.0000,0.0000,0.0000,0.0000,0,0.5155,0.4845,4.3788,347.1364,ramp_up_down,0.2955,0.5378,1.2117,0.0000,1.0000,0.0000,36.3607,24,308.7297,0.3047,0.9262,13,2,50531.7852,5.2165,0.0000,0.0000,0.4712,0.4416,0.0000,3.5529,20166.2871,17,6.2800,549799.6250,0.0000,54151
43,93,Kyoto_Small,eval_normal_ramp,TokenPassing,3600,6,110,54,0.4909,1.0000,0.0000,782.7593,195.6898,0.7997,4.3215,181.7708,623.1622,915.4288,1.0000,19.6002,17.5881,806.0035,178.1272,749.3000,124883.3359,0,0,0.0000,0.0000,0.0000,0.0000,0,0.4909,0.5091,4.3460,347.1364,ramp_up_down,0.1589,0.3362,1.1950,0.0000,1.0000,0.0000,0.0000,24,309.1189,0.3153,1.0845,9,2,49433.1562,5.0091,0.0000,0.0000,0.4209,0.4058,0.0000,2.6245,10179.6074,15,9.2732,741595.8750,0.0000,82423
43,94,Kyoto_Small,eval_stress_shock,TokenPassing,3600,6,158,42,0.2658,1.0000,0.0000,886.0238,295.3413,0.6426,4.2262,171.4286,698.1515,1148.8499,1.0000,19.6894,17.7973,785.8473,46.3223,381.8734,63645.5703,0,0,0.0000,0.0000,0.0000,0.0000,0,0.2658,0.7342,4.2209,288.0000,shock_burst,0.2947,0.5558,1.2548,0.0000,1.0000,0.0000,0.0000,24,244.7294,0.4461,0.9231,15,2,48251.6953,3.7658,0.0000,0.0000,0.3315,0.5777,0.0000,2.4305,7947.8960,8,4.6144,375132.0625,0.0000,60336
43,95,Kyoto_Small,eval_stress_shock,TokenPassing,3600,6,144,35,0.2431,1.0000,0.0000,646.6572,215.5524,0.6454,4.2278,163.2667,639.0667,1291.2495,1.0000,19.9079,19.0917,907.6667,63.9802,384.4583,64076.3906,0,0,0.0000,0.0000,0.0000,0.0000,0,0.2431,0.7569,4.2763,288.0000,shock_burst,0.1548,0.2957,1.2608,0.0000,1.0000,0.0000,0.0000,24,244.7961,0.4456,1.0540,8,4,45193.7344,3.8750,0.0000,0.0000,0.2472,0.5718,0.0000,3.7228,21024.9707,21,44.6271,368920.2812,0.0000,55362
43,96,Kyoto_Small,eval_stress_buildup,TokenPassing,3600,6,230,42,0.1826,1.0000,0.0000,800.1429,266.7143,0.5033,4.4900,124.6053,667.8611,898.4328,1.0000,19.2387,18.2511,865.7910,19.5172,436.5826,72763.7656,0,0,0.0000,0.0000,0.0000,0.0000,0,0.1826,0.8174,4.4510,495.8625,building_up,0.3643,0.6827,1.3031,0.0000,1.0000,0.0000,0.0000,28,426.2570,0.3564,1.1009,18,3,37734.1797,2.9304,0.0000,0.0000,0.1486,0.4504,0.0000,9.1776,24327.0469,19,15279.4053,424108.9062,0.0000,100414
43,97,Kyoto_Small,eval_stress_buildup,TokenPassing,3600,6,236,36,0.1525,1.0000,0.0000,864.3611,288.1204,0.5039,4.4875,196.9355,637.3104,859.8873,0.8733,19.0408,17.2337,857.3542,25.2151,437.9364,72989.4062,0,0,0.0000,0.0000,0.0000,0.0000,0,0.1525,0.8475,4.4293,495.8625,building_up,0.2339,0.4218,1.3176,0.0000,1.0000,0.0000,24.9580,24,426.1620,0.3653,1.0542,12,3,30955.9414,2.9576,0.0000,0.0000,0.1062,0.4027,0.0000,3.7560,11798.0488,14,2.6502,425976.2500,0.0000,103353
43,98,Kyoto_Small,eval_over_fleet,TokenPassing,3600,6,57,56,0.9825,1.0000,0.0000,380.0357,76.0071,0.9950,4.6530,256.1250,125.1579,1132.1079,0.8840,20.0433,17.8034,860.4936,243.3802,60.9649,10160.8184,0,0,0.0000,0.0000,0.0000,0.0000,0,0.9825,0.0175,4.6886,631.4694,wave,0.2558,0.5669,1.1823,0.0000,1.0000,0.0000,29.7034,24,527.1850,0.3610,1.0406,4,1,63398.0430,51.2281,0.0000,0.0000,0.9870,0.4931,0.0000,6.2834,42276.8008,55,1.5540,50238.2266,0.0000,3475
43,99,Kyoto_Small,eval_over_fleet,TokenPassing,3600,6,48,46,0.9583,1.0000,0.0000,389.9131,77.9826,0.8659,4.6615,270.4348,122.1042,1173.0483,0.8675,19.2514,17.1617,834.1794,317.3954,75.8125,12635.4170,0,0,0.0000,0.0000,0.0000,0.0000,0,0.9583,0.0417,4.7163,631.4694,wave,0.1679,0.3961,1.3246,0.0000,1.0000,0.0000,35.8251,24,526.2375,0.3550,0.9767,3,1,53960.2227,48.3333,0.0000,0.0000,0.9809,0.5661,0.0000,5.0654,30215.8418,42,3.3223,62085.7070,0.0000,3639
43,100,LosAngeles_Small,eval_normal_wave,MAPPO,3600,6,100,55,0.5500,1.0000,0.0000,859.1091,286.3697,0.6259,4.6471,283.3192,552.4091,1328.1583,0.9376,23.1955,21.5683,955.6075,233.1901,602.7000,100450.0000,0,0,0.0000,0.0000,0.0000,0.0000,0,0.5500,0.4500,4.6741,944.3675,wave,0.2746,0.4915,1.2084,0.0000,1.0000,0.0000,17.6875,28,787.8356,0.3788,0.8677,8,0,73048.7031,3.7800,0.0000,3.7800,0.5665,0.6038,0.0000,4.8821,41530.1953,33,3.8207,591833.5000,5.1200,60270
43,101,LosAngeles_Small,eval_normal_wave,MAPPO,3600,6,107,65,0.6075,1.0000,0.0000,838.2000,419.1000,0.4749,4.6468,312.9038,541.0833,1310.2617,0.8375,23.1181,21.5379,873.1914,223.1926,501.3738,83562.3047,0,0,0.0000,0.0000,0.0000,0.0000,0,0.6075,0.3925,4.7161,944.3675,wave,0.3132,0.5858,1.2261,0.0000,1.0000,0.0000,50.8515,28,788.5208,0.3707,0.9008,7,0,85167.0078,3.5234,0.0000,3.5234,0.6296,0.5472,0.0000,4.6334,39537.7383,41,4.2021,488920.9375,5.9720,53647
43,102,LosAngeles_Small,eval_normal_ramp,MAPPO,3600,6,99,72,0.7273,1.0000,0.0000,698.5000,232.8333,0.5169,4.3322,223.5469,478.2586,986.6910,0.8828,22.7889,21.1244,773.4343,237.3933,280.8990,46816.5000,0,0,0.0000,0.0000,0.0000,0.0000,0,0.7273,0.2727,4.3574,519.0942,ramp_up_down,0.3281,0.5871,1.1973,0.0000,1.0000,0.0000,26.2087,24,461.8031,0.2990,0.9226,7,1,71041.7500,3.7475,0.0000,3.7475,0.7372,0.4591,0.0000,4.6898,38846.5273,38,1.5188,271411.4062,5.0101,27809
43,103,LosAngeles_Small,eval_normal_ramp,MAPPO,3600,6,119,74,0.6218,1.0000,0.0000,764.1216,382.0608,0.3938,4.3291,269.1129,484.2727,1212.0237,0.9008,23.6905,22.2077,851.7524,194.9607,261.9916,43665.2656,0,0,0.0000,0.0000,0.0000,0.0000,0,0.6218,0.3782,4.3672,519.0942,ramp_up_down,0.3713,0.6540,1.2358,0.0000,1.0000,0.0000,26.7082,24,461.8703,0.3042,0.8830,8,0,89689.7500,3.5630,0.0000,3.5630,0.6707,0.5618,0.0000,3.0260,31163.5117,26,1.4080,253988.4219,5.2941,31177
43,104,LosAngeles_Small,eval_stress_shock,MAPPO,3600,6,191,123,0.6440,1.0000,0.0000,702.2358,351.1179,0.4647,4.1664,237.7429,489.2525,948.8295,0.7982,23.8293,20.1393,743.0141,41.2677,247.8900,41315.0078,1,0,0.0000,0.0000,0.0000,0.0000,0,0.6440,0.3560,4.2078,430.0000,shock_burst,0.3983,0.7169,1.2059,0.0000,1.0000,0.0000,47.9770,28,369.1642,0.4795,0.8738,10,0,116706.0312,4.1780,0.0000,4.1780,0.6021,0.4293,0.0000,4.0685,63943.9688,53,1.2119,242741.8594,4.9791,47347
43,105,LosAngeles_Small,eval_stress_shock,MAPPO,3600,6,156,119,0.7628,1.0000,0.0000,717.9580,358.9790,0.3530,4.1497,252.6881,441.5049,1112.5265,0.8806,23.3981,20.5176,932.5175,49.2402,143.6090,23934.8281,0,0,0.0000,0.0000,0.0000,0.0000,0,0.7628,0.2372,4.0584,430.0000,shock_burst,0.2743,0.5694,1.2809,0.0000,1.0000,0.0000,30.1828,24,369.2536,0.4928,0.8313,11,1,132390.6406,4.2115,0.0000,4.2115,0.7028,0.5417,0.0000,3.2405,59184.0352,31,1.0565,137188.4844,4.3590,22403
43,106,LosAngeles_Small,eval_stress_buildup,MAPPO,3600,6,234,156,0.6667,1.0000,0.0000,628.4680,628.4680,0.2322,4.4553,229.8667,408.1085,993.1967,0.8642,24.4546,21.2759,805.8585,34.0750,171.3932,28565.5273,1,0,0.0000,0.0000,0.0000,0.0000,0,0.6667,0.3333,4.4793,741.5442,building_up,0.3687,0.6542,1.2442,0.0000,1.0000,0.0000,31.2273,28,644.1617,0.3698,0.9334,9,0,154938.6875,4.2137,0.0000,4.2137,0.6073,0.4344,0.0000,4.3371,109738.2266,94,1.0624,165209.5312,4.3205,40106
43,107,LosAngeles_Small,eval_stress_buildup,MAPPO,3600,6,198,166,0.8384,1.0000,0.0000,618.0783,618.0783,0.2552,4.4609,236.5203,387.6489,958.6092,0.8106,24.0998,22.4531,687.6030,34.7059,105.6414,17606.9023,0,0,0.0000,0.0000,0.0000,0.0000,0,0.8384,0.1616,4.4012,741.5442,building_up,0.2490,0.4432,1.3076,0.0000,1.0000,0.0000,44.7984,24,643.3550,0.3697,0.9096,8,1,159129.1250,4.2525,0.0000,4.2525,0.8353,0.4352,0.0000,4.8072,97602.4922,104,1.0331,98441.7266,4.1869,20917
43,108,LosAngeles_Small,eval_over_fleet,MAPPO,3600,6,53,46,0.8679,1.0000,0.0000,483.9348,120.9837,0.8106,4.6643,253.9778,245.3478,1147.6121,0.9037,20.9775,19.2150,882.1850,288.7246,621.4528,103575.4688,0,0,0.0000,0.0000,0.0000,0.0000,0,0.8679,0.1321,4.7882,944.3675,wave,0.3626,0.6831,1.2949,0.0000,1.0000,0.0000,24.4554,28,785.5609,0.3589,0.9803,5,0,52790.1562,3.7736,0.0000,3.7736,0.8591,0.5587,0.0000,5.6314,42680.5742,49,3.9582,599195.8750,3.6792,32937
43,109,LosAngeles_Small,eval_over_fleet,MAPPO,3600,6,54,51,0.9444,1.0000,0.0000,577.2941,115.4588,0.9767,4.6602,267.7143,340.1021,1098.9802,0.8210,21.3127,16.7179,769.9338,312.4362,549.4445,91574.0703,0,0,0.0000,0.0000,0.0000,0.0000,0,0.9444,0.0556,4.6580,944.3675,wave,0.3069,0.6300,1.2377,0.0000,1.0000,0.0000,47.9182,28,786.3770,0.3587,0.8346,5,1,56047.9922,4.0556,0.0000,4.0556,1.0207,0.5246,0.0000,6.7552,102441.0234,41,1.8728,527676.4375,3.4815,29670
43,110,LosAngeles_Small,eval_normal_wave,FaithfulMAPPER,3600,6,100,95,0.9500,1.0000,0.0000,492.2316,492.2316,0.2616,4.6453,282.5745,216.8723,1286.5758,0.9106,23.1955,21.5683,955.6075,233.1901,53.2100,8868.3330,0,0,0.0000,0.0000,0.0000,0.0000,0,0.9500,0.0500,4.6699,944.3675,wave,0.3047,0.6271,1.2084,0.0000,1.0000,0.0000,25.2593,28,788.9800,0.3720,0.8152,7,0,122224.7031,4.1100,0.0000,4.1100,0.9516,0.5873,0.0000,3.7540,51689.5859,58,1.0256,41353.5898,3.1600,5321
43,111,LosAngeles_Small,eval_normal_wave,FaithfulMAPPER,3600,6,107,95,0.8879,1.0000,0.0000,544.4631,544.4631,0.1807,4.6447,272.1183,285.7245,1208.8096,0.8884,23.1181,21.5379,873.1914,223.1926,66.5421,11090.3428,0,0,0.0000,0.0000,0.0000,0.0000,0,0.8879,0.1121,4.7111,944.3675,wave,0.3125,0.5997,1.2261,0.0000,1.0000,0.0000,30.3564,28,789.7675,0.3648,0.8164,5,0,114836.9141,4.4019,0.0000,4.4019,0.9015,0.5361,0.0000,5.3704,89214.8984,82,1.1116,54430.1133,3.4860,7120
43,112,LosAngeles_Small,eval_normal_ramp,FaithfulMAPPER,3600,6,99,91,0.9192,1.0000,0.0000,448.1099,448.1099,0.1700,4.3289,225.8315,232.6526,978.7043,0.8668,22.7889,21.1244,773.4343,237.3933,44.8889,7481.4814,0,0,0.0000,0.0000,0.0000,0.0000,0,0.9192,0.0808,4.3519,519.0942,ramp_up_down,0.3130,0.6172,1.1973,0.0000,1.0000,0.0000,30.0906,24,462.4200,0.2993,0.8883,6,0,89062.0938,4.3232,0.0000,4.3232,0.9155,0.4511,0.0000,4.8376,51871.6602,57,1.0389,36425.6367,3.6566,4444
43,113,LosAngeles_Small,eval_normal_ramp,FaithfulMAPPER,3600,6,119,103,0.8655,1.0000,0.0000,518.3690,518.3690,0.2558,4.3217,264.1980,249.8396,1181.0632,0.8941,23.6905,22.2077,851.7524,194.9607,62.3445,10390.7559,0,0,0.0000,0.0000,0.0000,0.0000,0,0.8655,0.1345,4.3610,519.0942,ramp_up_down,0.3013,0.5873,1.2358,0.0000,1.0000,0.0000,27.9854,24,463.5597,0.3017,0.8061,6,0,121649.5156,4.3109,0.0000,4.3109,0.8965,0.5395,0.0000,3.5248,58588.5391,59,1.1437,54753.3945,3.4370,7419
43,114,LosAngeles_Small,eval_stress_shock,FaithfulMAPPER,3600,6,191,163,0.8534,1.0000,0.0000,487.5951,487.5951,0.2549,4.1314,229.9438,266.7252,1013.4832,0.8815,23.8293,20.1393,743.0141,41.2677,41.9162,6986.0386,1,0,0.0000,0.0000,0.0000,0.0000,0,0.8534,0.1466,4.1752,430.0000,shock_burst,0.2325,0.4208,1.2059,0.0000,1.0000,0.0000,27.2471,28,371.5822,0.5001,0.8460,6,1,165197.7500,4.3351,0.0000,4.3351,0.8397,0.4517,0.0000,3.7403,77605.6562,72,1.1055,37325.5703,3.3560,8006
43,115,LosAngeles_Small,eval_stress_shock,FaithfulMAPPER,3600,6,156,143,0.9167,1.0000,0.0000,517.3217,517.3217,0.2331,4.1285,260.6383,269.0400,1164.9490,0.8939,23.3981,20.5176,932.5175,49.2402,43.0833,7180.5557,1,0,0.0000,0.0000,0.0000,0.0000,0,0.9167,0.0833,4.0327,430.0000,shock_burst,0.2640,0.4763,1.2809,0.0000,1.0000,0.0000,27.6485,24,370.2414,0.5086,0.7686,5,1,166587.7031,4.1667,0.0000,4.1667,0.8795,0.5641,0.0000,3.1079,67412.4141,41,1.1349,37183.2422,3.1410,6721
43,116,LosAngeles_Small,eval_stress_buildup,FaithfulMAPPER,3600,6,234,191,0.8162,1.0000,0.0000,480.0471,480.0471,0.3222,4.4441,237.2394,249.3939,1050.7885,0.8858,24.4546,21.2759,805.8585,34.0750,60.9615,10160.2568,0,0,0.0000,0.0000,0.0000,0.0000,0,0.8162,0.1838,4.4684,741.5442,building_up,0.2822,0.5347,1.2442,0.0000,1.0000,0.0000,27.0817,28,645.8950,0.3795,0.8110,9,1,200700.5938,4.2863,0.0000,4.2863,0.7796,0.4554,0.0000,3.9422,122838.4453,126,1.1602,55154.1836,3.2521,14265
43,117,LosAngeles_Small,eval_stress_buildup,FaithfulMAPPER,3600,6,198,191,0.9646,1.0000,0.0000,508.0000,508.0000,0.2315,4.4545,235.5753,272.3404,979.4974,0.8316,24.0998,22.4531,687.6030,34.7059,67.5051,11250.8418,0,0,0.0000,0.0000,0.0000,0.0000,0,0.9646,0.0354,4.3961,741.5442,building_up,0.2125,0.3822,1.3076,0.0000,1.0000,0.0000,39.6758,24,644.2344,0.3761,0.8291,6,1,187084.0000,4.3990,0.0000,4.3990,0.9728,0.4405,0.0000,4.6572,117422.7344,142,1.0373,60593.7695,3.2677,13366
43,118,LosAngeles_Small,eval_over_fleet,FaithfulMAPPER,3600,6,53,54,1.0189,1.0000,0.0000,545.8889,109.1778,0.9396,4.6644,270.0000,249.4898,1206.6405,0.8938,20.9775,19.2150,882.1850,288.7246,146.6792,24446.5410,0,0,0.0000,0.0000,0.0000,0.0000,0,1.0189,-0.0189,4.7881,944.3675,wave,0.2908,0.6104,1.2949,0.0000,1.0000,0.0000,28.6719,28,785.5214,0.3593,0.8306,5,1,65158.5898,4.2453,0.0000,4.2453,1.0381,0.5751,0.0000,3.5441,26211.5781,38,5.0620,125421.0000,3.4528,7774
43,119,LosAngeles_Small,eval_over_fleet,FaithfulMAPPER,3600,6,54,53,0.9815,1.0000,0.0000,474.5660,94.9132,0.8915,4.6611,239.7500,223.5000,1051.0822,0.8768,21.3127,16.7179,769.9338,312.4362,169.8333,28305.5547,0,0,0.0000,0.0000,0.0000,0.0000,0,0.9815,0.0185,4.6585,944.3675,wave,0.2136,0.5146,1.2377,0.0000,1.0000,0.0000,29.5336,28,786.1844,0.3574,0.9049,4,1,55707.3555,4.2037,0.0000,4.2037,1.0347,0.5117,0.0000,6.8305,56750.2266,48,1.5163,151395.2969,3.4074,9171
43,120,LosAngeles_Small,eval_normal_wave,IPPO,3600,6,100,91,0.9100,1.0000,0.0000,515.9341,515.9341,0.2966,4.6442,278.3778,249.9579,1289.3501,0.9263,23.1955,21.5683,955.6075,233.1901,39.4800,6580.0000,0,0,0.0000,0.0000,0.0000,0.0000,0,0.9100,0.0900,4.6680,944.3675,wave,0.3346,0.6600,1.2084,0.0000,1.0000,0.0000,20.5078,28,789.1655,0.3735,0.7679,5,0,117330.8672,4.1200,0.0000,4.1200,0.9088,0.5855,0.0000,5.4417,69125.2031,59,1.0960,27670.3809,3.3400,3948
43,121,LosAngeles_Small,eval_normal_wave,IPPO,3600,6,107,94,0.8785,1.0000,0.0000,537.6383,0.0000,0.1575,4.6436,280.6989,267.8485,1230.2573,0.8766,23.1181,21.5379,873.1914,223.1926,50.0841,8347.3516,0,0,0.0000,0.0000,0.0000,0.0000,0,0.8785,0.1215,4.7121,944.3675,wave,0.2771,0.5515,1.2261,0.0000,1.0000,0.0000,34.6474,28,789.6461,0.3693,0.7892,6,0,115644.1875,4.0841,0.0000,4.0841,0.8893,0.5344,0.0000,4.9299,82109.9844,78,1.0351,38361.1484,3.2336,5359
43,122,LosAngeles_Small,eval_normal_ramp,IPPO,3600,6,99,88,0.8889,1.0000,0.0000,467.0227,0.0000,0.1452,4.3297,225.7558,251.0330,983.7363,0.8715,22.7889,21.1244,773.4343,237.3933,40.8788,6813.1313,0,0,0.0000,0.0000,0.0000,0.0000,0,0.8889,0.1111,4.3552,519.0942,ramp_up_down,0.3303,0.6088,1.1973,0.0000,1.0000,0.0000,29.0086,24,462.1978,0.2998,0.8480,5,0,86568.7891,4.1515,0.0000,4.1515,0.8730,0.4448,0.0000,4.0475,60917.0938,38,1.0174,32649.9590,3.7172,4047
43,123,LosAngeles_Small,eval_normal_ramp,IPPO,3600,6,119,98,0.8235,1.0000,0.0000,518.6938,518.6938,0.2009,4.3228,262.3789,258.4608,1161.9746,0.8857,23.6905,22.2077,851.7524,194.9607,42.1765,7029.4116,0,0,0.0000,0.0000,0.0000,0.0000,0,0.8235,0.1765,4.3625,519.0942,ramp_up_down,0.2895,0.5412,1.2358,0.0000,1.0000,0.0000,29.9840,24,463.3728,0.3015,0.8080,5,0,113873.5078,4.3529,0.0000,4.3529,0.8715,0.5512,0.0000,4.4900,76130.7031,51,1.1036,35131.8477,3.4538,5019
43,124,LosAngeles_Small,eval_stress_shock,IPPO,3600,6,191,167,0.8743,1.0000,0.0000,489.4371,489.4371,0.2768,4.1320,233.7683,258.9353,1008.2220,0.8626,23.8293,20.1393,743.0141,41.2677,45.2199,7536.6494,0,0,0.0000,0.0000,0.0000,0.0000,0,0.8743,0.1257,4.1688,430.0000,shock_burst,0.2670,0.4951,1.2059,0.0000,1.0000,0.0000,32.1239,28,371.4406,0.5001,0.8280,8,0,168373.0781,4.4346,0.0000,4.4346,0.8590,0.4510,0.0000,4.3475,102493.6953,64,1.0467,40889.0430,3.4084,8637
43,125,LosAngeles_Small,eval_stress_shock,IPPO,3600,6,156,144,0.9231,1.0000,0.0000,521.7570,521.7570,0.2962,4.1304,262.5000,261.1960,1192.5869,0.9086,23.3981,20.5176,932.5175,49.2402,38.6026,6433.7607,0,0,0.0000,0.0000,0.0000,0.0000,0,0.9231,0.0769,4.0305,430.0000,shock_burst,0.2479,0.4547,1.2809,0.0000,1.0000,0.0000,23.9826,24,370.2039,0.5070,0.7728,5,0,171732.5156,4.3782,0.0000,4.3782,0.8914,0.5678,0.0000,2.9125,59932.1523,31,1.1118,33410.2812,3.1603,6022
43,126,LosAngeles_Small,eval_stress_buildup,IPPO,3600,6,234,188,0.8034,1.0000,0.0000,549.4575,274.7287,0.4000,4.4417,245.1828,318.4000,1075.8667,0.8776,24.4546,21.2759,805.8585,34.0750,84.9573,14159.5439,0,0,0.0000,0.0000,0.0000,0.0000,0,0.8034,0.1966,4.4644,741.5442,building_up,0.2693,0.4946,1.2442,0.0000,1.0000,0.0000,30.0095,28,646.4889,0.3793,0.7607,8,0,202262.9531,4.3504,0.0000,4.3504,0.7886,0.4680,0.0000,3.9290,139149.5938,125,1.0879,78996.0703,3.3675,19880
43,127,LosAngeles_Small,eval_stress_buildup,IPPO,3600,6,198,189,0.9545,1.0000,0.0000,492.5767,492.5767,0.1957,4.4546,220.6277,279.7906,963.6586,0.8736,24.0998,22.4531,687.6030,34.7059,45.9394,7656.5654,0,0,0.0000,0.0000,0.0000,0.0000,0,0.9545,0.0455,4.3944,741.5442,building_up,0.2281,0.4063,1.3076,0.0000,1.0000,0.0000,27.8959,24,644.0625,0.3771,0.8253,6,1,182131.4688,4.3384,0.0000,4.3384,0.9416,0.4308,0.0000,3.4504,82978.9922,95,1.0728,39537.2891,3.4141,9096
43,128,LosAngeles_Small,eval_over_fleet,IPPO,3600,6,53,51,0.9623,1.0000,0.0000,484.6667,96.9333,0.9810,4.6664,251.9200,231.7115,1149.0936,0.9123,20.9775,19.2150,882.1850,288.7246,82.2453,13707.5469,0,0,0.0000,0.0000,0.0000,0.0000,0,0.9623,0.0377,4.7880,944.3675,wave,0.2520,0.4980,1.2949,0.0000,1.0000,0.0000,22.1013,28,785.4697,0.3547,0.8483,4,1,58603.7773,4.1887,0.0000,4.1887,0.9415,0.5522,0.0000,5.0729,37535.7539,43,1.9121,60423.2070,3.3962,4359
43,129,LosAngeles_Small,eval_over_fleet,IPPO,3600,6,54,50,0.9259,1.0000,0.0000,459.1000,91.8200,0.9295,4.6599,232.5600,237.1887,1037.5428,0.8923,21.3127,16.7179,769.9338,312.4362,57.7963,9632.7158,0,0,0.0000,0.0000,0.0000,0.0000,0,0.9259,0.0741,4.6580,944.3675,wave,0.2506,0.5012,1.2377,0.0000,1.0000,0.0000,25.0514,28,786.1925,0.3600,0.9052,3,0,51877.1406,4.3148,0.0000,4.3148,0.9585,0.5024,0.0000,6.2433,58605.4648,52,1.4819,39565.9805,3.4074,3121
43,130,LosAngeles_Small,eval_normal_wave,Hybrid,3600,6,100,88,0.8800,1.0000,0.0000,495.8977,0.0000,0.1600,4.6458,282.6818,233.2447,1325.6901,0.9379,23.1955,21.5683,955.6075,233.1901,50.2100,8368.3330,0,0,-0.0538,0.0000,0.0000,0.0000,408,0.8800,0.1200,4.6684,944.3675,wave,0.2336,0.4619,1.2084,0.0000,1.0000,0.0000,17.5438,28,788.8239,0.3729,0.7752,4,1,116660.7266,4.0800,0.0000,4.0800,0.9023,0.6011,0.0000,4.7932,77981.4688,54,1.4866,39042.4883,3.2900,5021
43,131,LosAngeles_Small,eval_normal_wave,Hybrid,3600,6,107,92,0.8598,1.0000,0.0000,481.4131,0.0000,0.1173,4.6446,276.9131,211.4000,1236.6233,0.8931,23.1181,21.5379,873.1914,223.1926,22.7944,3799.0654,0,0,-0.0399,0.0000,0.0000,0.0000,455,0.8598,0.1402,4.7119,944.3675,wave,0.3391,0.6371,1.2261,0.0000,1.0000,0.0000,29.5884,28,789.4253,0.3692,0.8380,5,0,113769.3359,4.2523,0.0000,4.2523,0.8784,0.5394,0.0000,4.6023,70169.1094,80,1.0700,12116.7285,3.4112,2439
43,132,LosAngeles_Small,eval_normal_ramp,Hybrid,3600,6,99,89,0.8990,1.0000,0.0000,442.1685,0.0000,0.1102,4.3290,227.9663,224.4301,995.9789,0.8738,22.7889,21.1244,773.4343,237.3933,29.6970,4949.4951,0,0,-0.0191,0.0000,0.0000,0.0000,430,0.8990,0.1010,4.3541,519.0942,ramp_up_down,0.3090,0.5844,1.1973,0.0000,1.0000,0.0000,28.7705,24,462.2222,0.3010,0.8526,5,0,88642.1250,4.3434,0.0000,4.3434,0.8969,0.4518,0.0000,3.9052,39989.0117,45,1.0000,21735.4648,3.5051,2940
43,133,LosAngeles_Small,eval_normal_ramp,Hybrid,3600,6,119,100,0.8403,1.0000,0.0000,506.5000,253.2500,0.4456,4.3220,266.2857,246.1143,1171.4086,0.8798,23.6905,22.2077,851.7524,194.9607,56.4538,9408.9639,0,0,-0.0325,0.0000,0.0000,0.0000,523,0.8403,0.1597,4.3614,519.0942,ramp_up_down,0.3417,0.6513,1.2358,0.0000,1.0000,0.0000,32.0040,24,463.5469,0.3013,0.7959,6,0,117140.8516,4.3950,0.0000,4.3950,0.8630,0.5349,0.0000,3.5757,55509.9688,57,1.3267,48339.7383,3.5210,6718
43,134,LosAngeles_Small,eval_stress_shock,Hybrid,3600,6,191,163,0.8534,1.0000,0.0000,441.2025,0.0000,0.1473,4.1364,216.6994,226.3167,988.1825,0.9120,23.8293,20.1393,743.0141,41.2677,33.5707,5595.1133,0,0,-0.0299,0.0000,0.0000,0.0000,798,0.8534,0.1466,4.1780,430.0000,shock_burst,0.2675,0.4856,1.2059,0.0000,1.0000,0.0000,19.0629,28,371.1339,0.4974,0.8706,7,0,161073.7500,4.1780,0.0000,4.1780,0.8302,0.4466,0.0000,3.2417,70216.5391,61,1.1659,29475.2617,3.3246,6412
43,135,LosAngeles_Small,eval_stress_shock,Hybrid,3600,6,156,138,0.8846,1.0000,0.0000,520.6087,520.6087,0.1775,4.1271,256.4420,267.0065,1188.0311,0.9265,23.3981,20.5176,932.5175,49.2402,35.8718,5978.6323,0,0,-0.0468,0.0000,0.0000,0.0000,669,0.8846,0.1154,4.0306,430.0000,shock_burst,0.2271,0.4084,1.2809,0.0000,1.0000,0.0000,18.8358,24,370.1853,0.5104,0.7645,4,1,163948.2969,4.2885,0.0000,4.2885,0.8494,0.5646,0.0000,2.5269,61589.9492,33,1.0015,30743.1094,3.2372,5596
43,136,LosAngeles_Small,eval_stress_buildup,Hybrid,3600,6,234,191,0.8162,1.0000,0.0000,533.2932,533.2932,0.3319,4.4428,251.6878,282.8274,1114.6924,0.8858,24.4546,21.2759,805.8585,34.0750,50.9615,8493.5898,0,0,-0.0221,0.0000,0.0000,0.0000,968,0.8162,0.1838,4.4694,741.5442,building_up,0.2617,0.4711,1.2442,0.0000,1.0000,0.0000,28.7494,28,646.0544,0.3805,0.7659,6,0,212906.2500,4.1368,0.0000,4.1368,0.8104,0.4734,0.0000,4.6462,155613.4844,156,1.1648,44994.5000,3.1111,11925
43,137,LosAngeles_Small,eval_stress_buildup,Hybrid,3600,6,198,190,0.9596,1.0000,0.0000,467.9737,0.0000,0.1621,4.4560,224.5947,248.7795,969.7162,0.8635,24.0998,22.4531,687.6030,34.7059,48.5859,8097.6431,0,0,-0.0218,0.0000,0.0000,0.0000,851,0.9596,0.0404,4.3967,741.5442,building_up,0.2268,0.4086,1.3076,0.0000,1.0000,0.0000,30.6515,24,643.7264,0.3771,0.8229,6,1,184246.0781,4.2980,0.0000,4.2980,0.9571,0.4357,0.0000,5.7363,154544.7344,124,1.0000,42007.6094,3.2879,9620
43,138,LosAngeles_Small,eval_over_fleet,Hybrid,3600,6,53,50,0.9434,1.0000,0.0000,466.2600,93.2520,0.9936,4.6671,258.2800,215.3922,1139.1737,0.8821,20.9775,19.2150,882.1850,288.7246,44.6604,7443.3960,0,0,-0.0440,0.0000,0.0000,0.0000,221,0.9434,0.0566,4.7886,944.3675,wave,0.2259,0.4733,1.2949,0.0000,1.0000,0.0000,30.4453,28,785.3753,0.3537,0.8377,3,1,56958.6875,4.1698,0.0000,4.1698,0.9343,0.5590,0.0000,5.1965,41061.3008,48,1.8345,23882.5098,3.3396,2367
43,139,LosAngeles_Small,eval_over_fleet,Hybrid,3600,6,54,51,0.9444,1.0000,0.0000,453.3922,90.6784,0.8765,4.6608,238.5882,213.8679,1043.4420,0.8747,21.3127,16.7179,769.9338,312.4362,55.7222,9287.0371,0,0,-0.0319,0.0000,0.0000,0.0000,233,0.9444,0.0556,4.6584,944.3675,wave,0.2140,0.4445,1.2377,0.0000,1.0000,0.0000,29.8998,28,786.1736,0.3582,0.8814,3,1,53215.5391,4.3148,0.0000,4.3148,0.9684,0.4977,0.0000,4.4462,32798.0469,32,1.5369,36862.5195,3.4815,3009
43,140,LosAngeles_Small,eval_normal_wave,TokenPassing,3600,6,100,42,0.4200,1.0000,0.0000,926.5952,231.6488,0.8060,4.6539,271.3333,692.8125,1384.6843,1.0000,23.1955,21.5683,955.6075,233.1901,813.7100,135618.3281,0,0,0.0000,0.0000,0.0000,0.0000,0,0.4200,0.5800,4.6784,944.3675,wave,0.1852,0.3333,1.2084,0.0000,1.0000,0.0000,0.0000,28,786.5125,0.3724,0.8824,9,3,58156.7422,5.0600,0.0000,0.0000,0.5021,0.7009,0.0000,3.1345,14099.1504,20,3.7458,793572.0000,0.0000,81371
43,141,LosAngeles_Small,eval_normal_wave,TokenPassing,3600,6,107,36,0.3364,1.0000,0.0000,910.9722,227.7431,0.7990,4.6554,362.9655,577.9231,1317.9105,0.7262,23.1181,21.5379,873.1914,223.1926,1141.4860,190247.6562,0,0,0.0000,0.0000,0.0000,0.0000,0,0.3364,0.6636,4.7239,944.3675,wave,0.3065,0.5634,1.2261,0.0000,1.0000,0.0000,99.3834,28,786.6983,0.3649,0.9037,9,2,47444.7773,5.0841,0.0000,0.0000,0.3836,0.6019,0.0000,5.8887,34684.9297,36,311.6194,1120859.5000,0.0000,122139
43,142,LosAngeles_Small,eval_normal_ramp,TokenPassing,3600,6,99,46,0.4646,1.0000,0.0000,761.7391,190.4348,0.7803,4.3413,187.0976,613.1143,929.9933,0.9941,22.7889,21.1244,773.4343,237.3933,837.3939,139565.6562,0,0,0.0000,0.0000,0.0000,0.0000,0,0.4646,0.5354,4.3661,519.0942,ramp_up_down,0.2436,0.4594,1.1973,0.0000,1.0000,0.0000,1.0989,24,459.9828,0.2993,0.8681,11,1,42779.6953,5.1414,0.0000,0.0000,0.4371,0.4260,0.0000,3.7679,14337.7588,19,2.4539,826536.3125,0.0000,82902
43,143,LosAngeles_Small,eval_normal_ramp,TokenPassing,3600,6,119,54,0.4538,1.0000,0.0000,769.3148,192.3287,0.7781,4.3396,190.8750,635.7857,953.7751,0.9994,23.6905,22.2077,851.7524,194.9607,881.5714,146928.5781,0,0,0.0000,0.0000,0.0000,0.0000,0,0.4538,0.5462,4.3789,519.0942,ramp_up_down,0.3074,0.5950,1.2358,0.0000,1.0000,0.0000,0.1200,24,460.1336,0.3010,0.9361,16,1,51503.8594,5.1345,0.0000,0.0000,0.4004,0.4596,0.0000,4.6513,29522.1016,16,6.9012,872190.8750,0.0000,104907
43,144,LosAngeles_Small,eval_stress_shock,TokenPassing,3600,6,191,40,0.2094,1.0000,0.0000,905.9750,301.9917,0.6412,4.2491,176.7297,675.8000,757.1297,0.8568,23.8293,20.1393,743.0141,41.2677,556.0262,92671.0312,1,0,0.0000,0.0000,0.0000,0.0000,0,0.2094,0.7906,4.2860,430.0000,shock_burst,0.2824,0.5764,1.2059,0.0000,1.0000,0.0000,25.3038,28,363.5814,0.4362,1.0790,10,2,30285.1895,3.9476,0.0000,0.0000,0.1572,0.3446,0.0000,4.5024,13454.8809,10,43284.9414,546055.1250,0.0000,106201
43,145,LosAngeles_Small,eval_stress_shock,TokenPassing,3600,6,156,36,0.2308,1.0000,0.0000,984.5555,328.1852,0.6411,4.2457,257.2903,837.6250,917.7241,0.7134,23.3981,20.5176,932.5175,49.2402,547.6603,91276.7109,0,0,0.0000,0.0000,0.0000,0.0000,0,0.2308,0.7692,4.1641,430.0000,shock_burst,0.2667,0.4914,1.2809,0.0000,1.0000,0.0000,73.7455,24,363.8200,0.4332,0.9364,9,2,33038.0664,3.6218,0.0000,0.0000,0.1702,0.4336,0.0000,2.4889,9304.9824,14,8.7342,536759.5625,0.0000,85435
43,146,LosAngeles_Small,eval_stress_buildup,TokenPassing,3600,6,234,50,0.2137,1.0000,0.0000,629.9600,209.9867,0.5025,4.5036,100.7907,472.8378,788.2456,1.0000,24.4546,21.2759,805.8585,34.0750,680.4530,113408.8281,0,0,0.0000,0.0000,0.0000,0.0000,0,0.2137,0.7863,4.5241,741.5442,building_up,0.2976,0.5450,1.2442,0.0000,1.0000,0.0000,0.0000,28,635.6903,0.3402,1.3478,18,4,39412.2773,3.1538,0.0000,0.0000,0.1576,0.3518,0.0000,5.8479,26237.0195,26,5.8021,667374.0000,0.0000,159226
43,147,LosAngeles_Small,eval_stress_buildup,TokenPassing,3600,6,198,34,0.1717,1.0000,0.0000,649.7647,216.5882,0.5009,4.5126,169.3667,487.7692,886.9665,1.0000,24.0998,22.4531,687.6030,34.7059,601.3939,100232.3203,0,0,0.0000,0.0000,0.0000,0.0000,0,0.1717,0.8283,4.4583,741.5442,building_up,0.2333,0.4667,1.3076,0.0000,1.0000,0.0000,0.0000,24,634.5519,0.3369,1.1448,11,4,30156.8594,2.9192,0.0000,0.0000,0.1473,0.3747,0.0000,7.6705,31946.8008,26,3.2507,583159.6875,0.0000,119076
43,148,LosAngeles_Small,eval_over_fleet,TokenPassing,3600,6,53,52,0.9811,1.0000,0.0000,397.5962,79.5192,0.9715,4.6668,270.8077,127.9434,1174.2723,0.8672,20.9775,19.2150,882.1850,288.7246,89.3774,14896.2266,0,0,0.0000,0.0000,0.0000,0.0000,0,0.9811,0.0189,4.7891,944.3675,wave,0.2754,0.5744,1.2949,0.0000,1.0000,0.0000,35.9532,28,785.3978,0.3540,0.9703,5,1,61062.1641,52.0755,0.0000,0.0000,0.9887,0.5688,0.0000,8.3170,88900.8281,53,1.3790,71598.6250,0.0000,4737
43,149,LosAngeles_Small,eval_over_fleet,TokenPassing,3600,6,54,54,1.0000,1.0000,0.0000,376.9259,75.3852,0.9423,4.6638,236.4259,140.5000,1019.5715,0.8625,21.3127,16.7179,769.9338,312.4362,98.5370,16422.8398,0,0,0.0000,0.0000,0.0000,0.0000,0,1.0000,0.0000,4.6597,944.3675,wave,0.2274,0.4843,1.2377,0.0000,1.0000,0.0000,32.5116,28,786.0375,0.3523,1.0027,4,1,55056.8633,47.4074,0.0000,0.0000,1.0000,0.4854,0.0000,5.3690,38783.5547,40,1.1107,81811.0391,0.0000,5321
43,150,Paris_Small,generalize_normal_wave,MAPPO,3600,6,131,89,0.6794,1.0000,0.0000,783.7977,195.9494,0.7575,4.6565,220.3026,519.5077,977.5365,0.8874,23.5186,21.9580,842.1871,193.5011,1155.0229,192503.8125,0,0,0.0000,0.0000,0.0000,0.0000,0,0.6794,0.3206,4.7214,1812.0836,wave,0.3125,0.5545,1.2363,0.0000,1.0000,0.0000,24.7953,28,1509.0581,0.3630,0.9402,10,1,87000.7500,3.5802,0.0000,3.5802,0.6270,0.4746,0.0000,4.5810,45579.8594,66,2.8689,1137962.0000,5.0305,151308
43,151,Paris_Small,generalize_normal_wave,MAPPO,3600,6,89,57,0.6404,1.0000,0.0000,719.0351,359.5175,0.4955,4.6629,224.9792,493.0417,947.5371,0.8423,22.9698,22.0774,749.5492,250.4599,621.6967,103616.1016,0,0,0.0000,0.0000,0.0000,0.0000,0,0.6404,0.3596,4.6502,1812.0836,wave,0.4130,0.7622,1.2497,0.0000,1.0000,0.0000,35.4718,28,1506.6350,0.3603,0.8612,9,0,54009.6133,3.5169,0.0000,3.5169,0.6499,0.4779,0.0000,6.3322,72543.6875,55,1.5025,594319.1250,6.0787,55331
43,152,Paris_Small,generalize_normal_ramp,MAPPO,3600,6,99,69,0.6970,1.0000,0.0000,594.2464,198.0821,0.5198,4.3464,230.5410,407.1333,1063.1831,0.9223,24.2774,22.8817,855.9754,244.4036,560.3232,93387.2031,0,0,0.0000,0.0000,0.0000,0.0000,0,0.6970,0.3030,4.4183,995.9542,ramp_up_down,0.3494,0.6465,1.2454,0.0000,1.0000,0.0000,17.9044,28,880.5670,0.2967,0.9067,8,1,73359.6328,3.5960,0.0000,3.5960,0.7550,0.5609,0.0000,4.6140,32995.0703,42,2.3275,543231.5000,5.2323,55472
43,153,Paris_Small,generalize_normal_ramp,MAPPO,3600,6,106,81,0.7642,1.0000,0.0000,596.9012,298.4506,0.4794,4.3451,229.6351,386.1528,979.8763,0.8534,23.8638,21.5929,754.1537,209.8511,449.8962,74982.7031,0,0,0.0000,0.0000,0.0000,0.0000,0,0.7642,0.2358,4.3875,995.9542,ramp_up_down,0.2948,0.5419,1.2126,0.0000,1.0000,0.0000,33.6599,28,881.4783,0.2940,0.9466,8,1,79369.9844,3.5755,0.0000,3.5755,0.7922,0.4924,0.0000,5.4963,61985.3906,71,1.1058,434021.7812,4.5755,47689
43,154,Paris_Small,generalize_stress_shock,MAPPO,3600,6,179,129,0.7207,1.0000,0.0000,662.7597,662.7597,0.2672,4.2225,238.5690,436.3396,968.3766,0.8118,23.2556,21.1027,844.4839,49.7987,193.7430,32290.5020,2,0,0.0000,0.0000,0.0000,0.0000,0,0.7207,0.2793,4.2445,825.8000,shock_burst,0.3791,0.7141,1.3133,0.0000,1.0000,0.0000,44.8936,24,701.5242,0.4475,0.9062,11,0,124920.5859,4.0503,0.0000,4.0503,0.6853,0.5398,0.0000,3.7623,83395.5938,59,1.0260,185518.0000,4.0559,34680
43,155,Paris_Small,generalize_stress_shock,MAPPO,3600,6,135,104,0.7704,1.0000,0.0000,637.3269,637.3269,0.2176,4.2405,287.3030,382.4490,1251.7704,0.8714,23.2174,21.2366,1049.6726,67.4216,135.5481,22591.3574,1,0,0.0000,0.0000,0.0000,0.0000,0,0.7704,0.2296,4.2843,825.8000,shock_burst,0.3314,0.5970,1.3088,0.0000,1.0000,0.0000,36.9490,24,698.9067,0.4410,0.7694,6,0,130184.1250,4.0667,0.0000,4.0667,0.7815,0.7195,0.0000,4.0730,72621.0391,48,1.0761,123171.7812,3.7778,18299
43,156,Paris_Small,generalize_stress_buildup,MAPPO,3600,6,238,174,0.7311,1.0000,0.0000,651.9770,651.9770,0.2450,4.4844,233.7124,412.6528,1052.2195,0.9004,23.0588,20.2779,915.3544,22.3925,180.4580,30076.3301,0,0,0.0000,0.0000,0.0000,0.0000,0,0.7311,0.2689,4.4876,1422.8550,building_up,0.3918,0.7128,1.2750,0.0000,1.0000,0.0000,23.2685,24,1226.4911,0.3484,0.8831,10,0,183086.1875,4.2269,0.0000,4.2269,0.6974,0.5677,0.0000,4.9399,132903.7344,149,1.2499,169529.4219,4.1639,42949
43,157,Paris_Small,generalize_stress_buildup,MAPPO,3600,6,194,161,0.8299,1.0000,0.0000,584.1490,584.1490,0.2164,4.4916,240.7584,365.1042,1070.4027,0.8892,23.9570,20.9817,846.4213,26.4760,125.2216,20870.2754,2,0,0.0000,0.0000,0.0000,0.0000,0,0.8299,0.1701,4.4920,1422.8550,building_up,0.3284,0.5951,1.1893,0.0000,1.0000,0.0000,26.6779,24,1225.3767,0.3393,0.9213,9,0,172334.8281,3.9845,0.0000,3.9845,0.8317,0.5148,0.0000,5.5869,112699.2891,115,1.0083,113435.2891,3.9433,24293
43,158,Paris_Small,generalize_over_fleet,MAPPO,3600,6,45,41,0.9111,1.0000,0.0000,517.3903,129.3476,0.7695,4.6684,237.0250,280.3250,1035.3192,0.8736,22.9649,17.8281,829.6241,312.6728,1023.6889,170614.8125,0,0,0.0000,0.0000,0.0000,0.0000,0,0.9111,0.0889,4.7431,1812.0836,wave,0.2646,0.5083,1.2819,0.0000,1.0000,0.0000,29.9612,28,1505.0750,0.3516,0.9560,4,1,42448.0859,3.9333,0.0000,3.9333,0.9321,0.5314,0.0000,10.7658,70066.3828,47,1.6741,979199.6250,3.3778,46066
43,159,Paris_Small,generalize_over_fleet,MAPPO,3600,6,50,43,0.8600,1.0000,0.0000,455.4884,91.0977,0.9104,4.6715,265.3333,209.7727,1116.0594,0.8413,22.7990,19.4116,878.8298,340.4376,909.9600,151660.0000,0,0,0.0000,0.0000,0.0000,0.0000,0,0.8600,0.1400,4.6930,1812.0836,wave,0.2478,0.5767,1.3251,0.0000,1.0000,0.0000,42.1215,28,1504.1869,0.3514,0.8571,4,0,47990.5547,3.7400,0.0000,3.7400,0.9044,0.6087,0.0000,5.1874,37394.0000,53,1.6718,872307.3750,3.3200,45498
43,160,Paris_Small,generalize_normal_wave,FaithfulMAPPER,3600,6,131,118,0.9008,1.0000,0.0000,501.0593,501.0593,0.3298,4.6547,250.5088,241.2650,1078.7802,0.8613,23.5186,21.9580,842.1871,193.5011,120.7710,20128.4980,0,0,0.0000,0.0000,0.0000,0.0000,0,0.9008,0.0992,4.7171,1812.0836,wave,0.2865,0.5500,1.2363,0.0000,1.0000,0.0000,34.7527,28,1510.5355,0.3607,0.8517,6,1,127296.0547,4.2672,0.0000,4.2672,0.9344,0.5335,0.0000,5.9615,118624.0469,122,1.1299,103871.9766,3.5496,15821
43,161,Paris_Small,generalize_normal_wave,FaithfulMAPPER,3600,6,89,72,0.8090,1.0000,0.0000,404.5695,0.0000,0.1277,4.6620,209.7606,210.0000,936.9579,0.8934,22.9698,22.0774,749.5492,250.4599,111.8202,18636.7051,0,0,0.0000,0.0000,0.0000,0.0000,0,0.8090,0.1910,4.6488,1812.0836,wave,0.3031,0.5951,1.2497,0.0000,1.0000,0.0000,22.3690,28,1507.1851,0.3598,0.9632,4,0,67460.9688,4.0225,0.0000,4.0225,0.8448,0.4919,0.0000,5.9178,79661.0078,84,1.0000,86284.3047,3.4494,9952
43,162,Paris_Small,generalize_normal_ramp,FaithfulMAPPER,3600,6,99,88,0.8889,1.0000,0.0000,476.7614,0.0000,0.1645,4.3447,241.4598,253.7000,1069.4883,0.8859,24.2774,22.8817,855.9754,244.4036,128.6869,21447.8105,0,0,0.0000,0.0000,0.0000,0.0000,0,0.8889,0.1111,4.4152,995.9542,ramp_up_down,0.2786,0.5753,1.2454,0.0000,1.0000,0.0000,27.5621,28,881.4083,0.2956,0.8697,6,1,94114.9766,4.2525,0.0000,4.2525,0.9237,0.5380,0.0000,3.1268,35005.5781,44,1.2716,112731.1953,3.4848,12740
43,163,Paris_Small,generalize_normal_ramp,FaithfulMAPPER,3600,6,106,89,0.8396,1.0000,0.0000,441.3034,0.0000,0.1323,4.3436,230.7126,215.9556,959.7780,0.8320,23.8638,21.5929,754.1537,209.8511,115.2547,19209.1191,0,0,0.0000,0.0000,0.0000,0.0000,0,0.8396,0.1604,4.3846,995.9542,ramp_up_down,0.3058,0.6336,1.2126,0.0000,1.0000,0.0000,38.7570,28,881.7997,0.2953,0.8954,7,0,85420.2344,4.1132,0.0000,4.1132,0.8808,0.4983,0.0000,3.9524,42344.4727,60,1.1165,101253.2578,3.3962,12217
43,164,Paris_Small,generalize_stress_shock,FaithfulMAPPER,3600,6,179,160,0.8939,1.0000,0.0000,485.5938,485.5938,0.2196,4.2068,235.3797,253.5964,984.7852,0.8368,23.2556,21.1027,844.4839,49.7987,78.6034,13100.5586,0,0,0.0000,0.0000,0.0000,0.0000,0,0.8939,0.1061,4.2292,825.8000,shock_burst,0.2977,0.5315,1.3133,0.0000,1.0000,0.0000,38.4227,24,702.9214,0.4589,0.8416,6,0,157565.6250,4.3296,0.0000,4.3296,0.8742,0.5552,0.0000,3.0909,67160.4766,77,1.0143,70062.9453,3.1676,14070
43,165,Paris_Small,generalize_stress_shock,FaithfulMAPPER,3600,6,135,125,0.9259,1.0000,0.0000,508.0160,254.0080,0.3368,4.2349,254.9590,262.3280,1169.5660,0.9175,23.2174,21.2366,1049.6726,67.4216,110.7407,18456.7910,0,0,0.0000,0.0000,0.0000,0.0000,0,0.9259,0.0741,4.2802,825.8000,shock_burst,0.2884,0.5342,1.3088,0.0000,1.0000,0.0000,21.0458,24,699.3931,0.4445,0.7535,6,0,146195.7656,4.4000,0.0000,4.4000,0.8634,0.6614,0.0000,3.0105,51139.9844,57,1.1546,100876.2500,3.1630,14950
43,166,Paris_Small,generalize_stress_buildup,FaithfulMAPPER,3600,6,238,198,0.8319,1.0000,0.0000,581.3030,581.3030,0.1674,4.4800,265.1746,302.6823,1074.2843,0.8102,23.0588,20.2779,915.3544,22.3925,82.6176,13769.6074,0,0,0.0000,0.0000,0.0000,0.0000,0,0.8319,0.1681,4.4820,1422.8550,building_up,0.2909,0.5294,1.2750,0.0000,1.0000,0.0000,50.3177,24,1228.3367,0.3496,0.7865,8,0,212708.2969,4.3067,0.0000,4.3067,0.7900,0.5651,0.0000,4.4110,137759.0625,161,1.0782,71668.4531,3.2983,19663
43,167,Paris_Small,generalize_stress_buildup,FaithfulMAPPER,3600,6,194,184,0.9485,1.0000,0.0000,497.7065,497.7065,0.3015,4.4901,246.3503,244.0787,1045.7295,0.8490,23.9570,20.9817,846.4213,26.4760,100.0206,16670.1035,0,0,0.0000,0.0000,0.0000,0.0000,0,0.9485,0.0515,4.4900,1422.8550,building_up,0.2242,0.4043,1.1893,0.0000,1.0000,0.0000,37.2044,24,1225.6047,0.3412,0.8813,6,0,192414.2188,4.3041,0.0000,4.3041,0.9395,0.5088,0.0000,6.9807,125591.3672,133,1.0196,87880.8750,3.2784,19404
43,168,Paris_Small,generalize_over_fleet,FaithfulMAPPER,3600,6,45,42,0.9333,1.0000,0.0000,514.1429,128.5357,0.7993,4.6687,249.4146,258.0732,1019.5272,0.8175,22.9649,17.8281,829.6241,312.6728,255.2889,42548.1484,0,0,0.0000,0.0000,0.0000,0.0000,0,0.9333,0.0667,4.7428,1812.0836,wave,0.1959,0.6242,1.2819,0.0000,1.0000,0.0000,45.5092,28,1505.0856,0.3511,0.8891,5,1,42820.1406,4.4000,0.0000,4.4000,0.9428,0.5248,0.0000,7.9860,53909.0938,48,1.6097,210671.1562,3.4000,11488
43,169,Paris_Small,generalize_over_fleet,FaithfulMAPPER,3600,6,50,46,0.9200,1.0000,0.0000,455.8913,91.1783,0.9119,4.6710,248.9348,221.9184,1052.2075,0.8454,22.7990,19.4116,878.8298,340.4376,198.2200,33036.6680,0,0,0.0000,0.0000,0.0000,0.0000,0,0.9200,0.0800,4.6931,1812.0836,wave,0.2877,0.5635,1.3251,0.0000,1.0000,0.0000,38.4933,28,1504.3284,0.3519,0.8263,3,0,48401.5430,4.1200,0.0000,4.1200,0.9089,0.5718,0.0000,4.2221,30473.4141,41,1.3696,160182.0000,3.3200,9911
43,170,Paris_Small,generalize_normal_wave,IPPO,3600,6,131,122,0.9313,1.0000,0.0000,499.8853,499.8853,0.3198,4.6541,238.3535,260.7797,1037.2886,0.8704,23.5186,21.9580,842.1871,193.5011,98.8015,16466.9219,0,0,0.0000,0.0000,0.0000,0.0000,0,0.9313,0.0687,4.7161,1812.0836,wave,0.2882,0.5403,1.2363,0.0000,1.0000,0.0000,30.8957,28,1511.0153,0.3601,0.8810,5,0,126549.2031,4.2977,0.0000,4.2977,0.9530,0.5262,0.0000,6.0304,125897.0312,119,1.3041,81460.7500,3.4733,12943
43,171,Paris_Small,generalize_normal_wave,IPPO,3600,6,89,75,0.8427,1.0000,0.0000,367.0933,367.0933,0.2062,4.6611,203.5467,179.7177,955.2662,0.9386,22.9698,22.0774,749.5492,250.4599,74.9551,12492.5098,0,0,0.0000,0.0000,0.0000,0.0000,0,0.8427,0.1573,4.6491,1812.0836,wave,0.2797,0.5367,1.2497,0.0000,1.0000,0.0000,12.4934,28,1507.2391,0.3623,0.9809,4,0,71644.9609,3.9101,0.0000,3.9101,0.8702,0.4864,0.0000,7.4114,93822.9766,79,1.1071,49770.1445,3.3371,6671
43,172,Paris_Small,generalize_normal_ramp,IPPO,3600,6,99,83,0.8384,1.0000,0.0000,470.6265,470.6265,0.2341,4.3452,230.1728,259.5341,1017.9283,0.8845,24.2774,22.8817,855.9754,244.4036,139.5455,23257.5762,0,0,0.0000,0.0000,0.0000,0.0000,0,0.8384,0.1616,4.4173,995.9542,ramp_up_down,0.3372,0.6180,1.2454,0.0000,1.0000,0.0000,26.5872,28,881.3361,0.2951,0.8557,4,0,84488.0469,4.4343,0.0000,4.4343,0.8286,0.5117,0.0000,2.9859,32958.1523,39,1.2070,124875.9062,3.6364,13815
43,173,Paris_Small,generalize_normal_ramp,IPPO,3600,6,106,97,0.9151,1.0000,0.0000,474.8041,0.0000,0.1625,4.3428,240.1828,241.9375,952.6088,0.7932,23.8638,21.5929,754.1537,209.8511,92.9434,15490.5664,0,0,0.0000,0.0000,0.0000,0.0000,0,0.9151,0.0849,4.3832,995.9542,ramp_up_down,0.2827,0.5323,1.2126,0.0000,1.0000,0.0000,49.6610,28,882.4017,0.2938,0.8928,5,1,92403.0547,4.3019,0.0000,4.3019,0.9563,0.4964,0.0000,4.0949,49563.4727,69,1.0220,78504.3984,3.4717,9852
43,174,Paris_Small,generalize_stress_shock,IPPO,3600,6,179,155,0.8659,1.0000,0.0000,484.7484,484.7484,0.2891,4.2090,228.6067,250.6541,981.1130,0.8583,23.2556,21.1027,844.4839,49.7987,82.2514,13708.5664,0,0,0.0000,0.0000,0.0000,0.0000,0,0.8659,0.1341,4.2275,825.8000,shock_burst,0.2562,0.4570,1.3133,0.0000,1.0000,0.0000,32.3841,24,702.8600,0.4567,0.8488,5,1,152072.5156,4.0838,0.0000,4.0838,0.8384,0.5497,0.0000,3.6203,80109.0781,71,1.0248,73953.4297,3.0894,14723
43,175,Paris_Small,generalize_stress_shock,IPPO,3600,6,135,116,0.8593,1.0000,0.0000,483.9310,0.0000,0.1264,4.2363,258.6293,236.5161,1176.3964,0.9097,23.2174,21.2366,1049.6726,67.4216,53.4889,8914.8145,0,0,0.0000,0.0000,0.0000,0.0000,0,0.8593,0.1407,4.2804,825.8000,shock_burst,0.2471,0.4516,1.3088,0.0000,1.0000,0.0000,23.3500,24,699.1708,0.4437,0.7640,4,0,136461.9688,4.3333,0.0000,4.3333,0.8102,0.6687,0.0000,3.0161,54753.5508,58,1.1641,43959.7773,3.1333,7221
43,176,Paris_Small,generalize_stress_buildup,IPPO,3600,6,238,190,0.7983,1.0000,0.0000,595.7579,595.7579,0.2790,4.4793,270.8930,325.7739,1096.1149,0.8093,23.0588,20.2779,915.3544,22.3925,126.2437,21040.6172,0,0,0.0000,0.0000,0.0000,0.0000,0,0.7983,0.2017,4.4837,1422.8550,building_up,0.2786,0.4996,1.2750,0.0000,1.0000,0.0000,51.6701,24,1228.2419,0.3515,0.7521,7,0,208261.8281,4.2563,0.0000,4.2563,0.7639,0.5695,0.0000,5.2940,160242.0938,168,1.2258,115324.5781,3.3151,30046
43,177,Paris_Small,generalize_stress_buildup,IPPO,3600,6,194,183,0.9433,1.0000,0.0000,475.4044,475.4044,0.2475,4.4904,235.2431,237.2527,1042.9454,0.8867,23.9570,20.9817,846.4213,26.4760,79.7062,13284.3643,0,0,0.0000,0.0000,0.0000,0.0000,0,0.9433,0.0567,4.4890,1422.8550,building_up,0.2356,0.4248,1.1893,0.0000,1.0000,0.0000,26.6540,24,1225.5272,0.3413,0.8530,6,0,190859.0156,4.1701,0.0000,4.1701,0.9418,0.5128,0.0000,5.8358,121684.5781,116,1.0142,67925.6250,3.2216,15463
43,178,Paris_Small,generalize_over_fleet,IPPO,3600,6,45,42,0.9333,1.0000,0.0000,489.4524,122.3631,0.8091,4.6682,253.9500,240.6500,1036.8951,0.8166,22.9649,17.8281,829.6241,312.6728,114.0889,19014.8145,0,0,0.0000,0.0000,0.0000,0.0000,0,0.9333,0.0667,4.7436,1812.0836,wave,0.2724,0.6708,1.2819,0.0000,1.0000,0.0000,46.5710,28,1504.7961,0.3534,0.8699,5,0,43549.5977,4.2444,0.0000,4.2444,0.9623,0.5356,0.0000,11.6222,58065.4688,45,1.5807,68414.5312,3.4667,5134
43,179,Paris_Small,generalize_over_fleet,IPPO,3600,6,50,48,0.9600,1.0000,0.0000,453.2917,90.6583,0.9193,4.6713,258.5625,195.9796,1092.2190,0.8448,22.7990,19.4116,878.8298,340.4376,92.6000,15433.3330,0,0,0.0000,0.0000,0.0000,0.0000,0,0.9600,0.0400,4.6941,1812.0836,wave,0.2280,0.5000,1.3251,0.0000,1.0000,0.0000,40.1187,28,1504.2814,0.3513,0.8562,3,0,52426.5117,3.8600,0.0000,3.8600,0.9828,0.5926,0.0000,6.3710,67307.4688,55,1.3821,57854.0391,3.1600,4630
43,180,Paris_Small,generalize_normal_wave,Hybrid,3600,6,131,123,0.9389,1.0000,0.0000,449.8618,449.8618,0.3311,4.6546,232.3388,222.9200,1015.8046,0.8744,23.5186,21.9580,842.1871,193.5011,58.8168,9802.7988,0,0,-0.0351,0.0000,0.0000,0.0000,559,0.9389,0.0611,4.7173,1812.0836,wave,0.2484,0.4526,1.2363,0.0000,1.0000,0.0000,29.1779,28,1510.6383,0.3607,0.8913,4,1,124943.9688,4.2672,0.0000,4.2672,0.9231,0.5056,0.0000,5.2496,89233.6328,121,1.5747,42246.9102,3.4656,7705
43,181,Paris_Small,generalize_normal_wave,Hybrid,3600,6,89,77,0.8652,1.0000,0.0000,411.8831,0.0000,0.0185,4.6616,215.3117,198.2805,958.5639,0.8904,22.9698,22.0774,749.5492,250.4599,78.4270,13071.1611,0,0,-0.0309,0.0000,0.0000,0.0000,364,0.8652,0.1348,4.6495,1812.0836,wave,0.2708,0.5206,1.2497,0.0000,1.0000,0.0000,23.5989,28,1507.3698,0.3596,0.9361,4,0,73809.4219,4.0899,0.0000,4.0899,0.9030,0.4916,0.0000,4.8240,43932.5469,77,1.0000,53078.7422,3.3708,6980
43,182,Paris_Small,generalize_normal_ramp,Hybrid,3600,6,99,88,0.8889,1.0000,0.0000,439.9432,439.9432,0.2425,4.3448,246.1477,206.8021,1088.1796,0.8842,24.2774,22.8817,855.9754,244.4036,88.0404,14673.4004,0,0,-0.0429,0.0000,0.0000,0.0000,413,0.8889,0.1111,4.4167,995.9542,ramp_up_down,0.2994,0.5741,1.2454,0.0000,1.0000,0.0000,28.5118,28,881.3364,0.2959,0.8483,4,0,95759.7969,4.1717,0.0000,4.1717,0.9276,0.5403,0.0000,4.6089,43781.1328,53,1.6238,74087.3516,3.3434,8716
43,183,Paris_Small,generalize_normal_ramp,Hybrid,3600,6,106,101,0.9528,1.0000,0.0000,418.7426,418.7426,0.1821,4.3432,220.2020,200.1068,944.7556,0.8581,23.8638,21.5929,754.1537,209.8511,75.9811,12663.5225,0,0,-0.0367,0.0000,0.0000,0.0000,441,0.9528,0.0472,4.3843,995.9542,ramp_up_down,0.2780,0.5476,1.2126,0.0000,1.0000,0.0000,31.2509,28,882.0700,0.2945,0.9047,6,0,95420.3125,4.1604,0.0000,4.1604,0.9792,0.4881,0.0000,3.3670,41549.6641,47,1.0781,62461.3789,3.1698,8054
43,184,Paris_Small,generalize_stress_shock,Hybrid,3600,6,179,160,0.8939,1.0000,0.0000,449.9188,449.9188,0.3231,4.2105,227.6062,222.1521,970.1307,0.8525,23.2556,21.1027,844.4839,49.7987,69.7598,11626.6299,0,0,-0.0425,0.0000,0.0000,0.0000,739,0.8939,0.1061,4.2293,825.8000,shock_burst,0.2805,0.5083,1.3133,0.0000,1.0000,0.0000,33.5801,24,702.5064,0.4567,0.8422,6,0,155220.9062,4.1285,0.0000,4.1285,0.8588,0.5454,0.0000,3.7733,92801.2500,71,1.1043,62516.8008,3.1564,12487
43,185,Paris_Small,generalize_stress_shock,Hybrid,3600,6,135,119,0.8815,1.0000,0.0000,528.1345,528.1345,0.3180,4.2358,257.3529,273.8571,1150.0973,0.8938,23.2174,21.2366,1049.6726,67.4216,66.0000,11000.0000,0,0,-0.0492,0.0000,0.0000,0.0000,569,0.8815,0.1185,4.2825,825.8000,shock_burst,0.3075,0.5529,1.3088,0.0000,1.0000,0.0000,27.3335,24,699.3053,0.4441,0.7484,5,0,136861.5781,4.2148,0.0000,4.2148,0.7983,0.6423,0.0000,3.0826,54672.2695,55,1.5994,55440.0664,3.1704,8910
43,186,Paris_Small,generalize_stress_buildup,Hybrid,3600,6,238,205,0.8613,1.0000,0.0000,528.3512,528.3512,0.3241,4.4782,248.1881,288.1076,1051.5170,0.8474,23.0588,20.2779,915.3544,22.3925,103.7185,17286.4141,0,0,-0.0467,0.0000,0.0000,0.0000,1006,0.8613,0.1387,4.4807,1422.8550,building_up,0.2758,0.5257,1.2750,0.0000,1.0000,0.0000,37.8847,24,1228.8545,0.3509,0.7942,10,0,215560.9844,4.2269,0.0000,4.2269,0.8038,0.5554,0.0000,5.1466,191165.6875,198,2.3202,93232.7344,3.3277,24685
43,187,Paris_Small,generalize_stress_buildup,Hybrid,3600,6,194,182,0.9381,1.0000,0.0000,479.6923,479.6923,0.2675,4.4900,245.8333,236.7540,1035.5682,0.8425,23.9570,20.9817,846.4213,26.4760,75.1237,12520.6182,0,0,-0.0414,0.0000,0.0000,0.0000,815,0.9381,0.0619,4.4902,1422.8550,building_up,0.2205,0.4021,1.1893,0.0000,1.0000,0.0000,38.7197,24,1225.5300,0.3420,0.8375,6,1,188473.4219,4.2010,0.0000,4.2010,0.9245,0.5062,0.0000,5.9368,122576.0781,147,1.0003,62659.4297,3.2474,14574
43,188,Paris_Small,generalize_over_fleet,Hybrid,3600,6,45,44,0.9778,1.0000,0.0000,520.9545,104.1909,0.8534,4.6694,258.5116,270.8095,1026.0850,0.7938,22.9649,17.8281,829.6241,312.6728,100.0222,16670.3711,0,0,-0.0386,0.0000,0.0000,0.0000,195,0.9778,0.0222,4.7438,1812.0836,wave,0.2011,0.4363,1.2819,0.0000,1.0000,0.0000,53.2946,28,1504.9150,0.3502,0.8301,3,1,45147.7344,4.3333,0.0000,4.3333,0.9955,0.5289,0.0000,11.1427,74430.5781,44,1.8289,51640.7773,3.5333,4501
43,189,Paris_Small,generalize_over_fleet,Hybrid,3600,6,50,43,0.8600,1.0000,0.0000,484.1163,96.8233,0.9896,4.6691,261.8837,240.3333,1106.3059,0.8449,22.7990,19.4116,878.8298,340.4376,109.3800,18230.0000,0,0,-0.0553,0.0000,0.0000,0.0000,197,0.8600,0.1400,4.6937,1812.0836,wave,0.2631,0.5533,1.3251,0.0000,1.0000,0.0000,40.6225,28,1504.3552,0.3561,0.8291,3,0,47571.1562,3.9400,0.0000,3.9400,0.9130,0.6145,0.0000,3.9126,28916.2051,40,1.6217,72618.0781,3.1000,5469
43,190,Paris_Small,generalize_normal_wave,TokenPassing,3600,6,131,50,0.3817,1.0000,0.0000,840.9600,210.2400,0.7972,4.6636,229.3636,632.3714,973.3671,0.8488,23.5186,21.9580,842.1871,193.5011,1757.0763,292846.0312,0,0,0.0000,0.0000,0.0000,0.0000,0,0.3817,0.6183,4.7265,1812.0836,wave,0.2607,0.4763,1.2363,0.0000,1.0000,0.0000,34.6902,28,1506.4767,0.3564,0.9531,12,2,48668.3555,5.1603,0.0000,0.0000,0.3596,0.4846,0.0000,8.4051,49557.7070,32,4.8483,1735950.8750,0.0000,230177
43,191,Paris_Small,generalize_normal_wave,TokenPassing,3600,6,89,42,0.4719,1.0000,0.0000,833.0714,208.2679,0.7918,4.6662,302.4445,552.2727,1021.8243,0.6757,22.9698,22.0774,749.5492,250.4599,1524.2921,254048.6875,0,0,0.0000,0.0000,0.0000,0.0000,0,0.4719,0.5281,4.6539,1812.0836,wave,0.2963,0.5270,1.2497,0.0000,1.0000,0.0000,98.0796,28,1505.3639,0.3574,0.8915,11,2,42916.6172,5.1348,0.0000,0.0000,0.5358,0.5347,0.0000,8.0394,27842.9336,38,4.3096,1488465.7500,0.0000,135662
43,192,Paris_Small,generalize_normal_ramp,TokenPassing,3600,6,99,44,0.4444,1.0000,0.0000,941.4091,235.3523,0.7816,4.3526,306.8378,629.8000,1076.1849,0.7015,24.2774,22.8817,855.9754,244.4036,1570.5959,261765.9844,0,0,0.0000,0.0000,0.0000,0.0000,0,0.4444,0.5556,4.4242,995.9542,ramp_up_down,0.3796,0.6736,1.2454,0.0000,1.0000,0.0000,91.6008,28,878.5483,0.2956,0.8858,12,1,47352.1367,5.2727,0.0000,0.0000,0.4870,0.5673,0.0000,2.9256,13852.4219,16,4.2707,1547277.1250,0.0000,155489
43,193,Paris_Small,generalize_normal_ramp,TokenPassing,3600,6,106,45,0.4245,1.0000,0.0000,886.8222,221.7056,0.7985,4.3521,201.2647,686.1290,917.8834,0.9121,23.8638,21.5929,754.1537,209.8511,1918.3113,319718.5312,0,0,0.0000,0.0000,0.0000,0.0000,0,0.4245,0.5755,4.3955,995.9542,ramp_up_down,0.3000,0.5385,1.2126,0.0000,1.0000,0.0000,17.6880,28,879.0239,0.2940,0.9391,11,1,41304.7500,5.1792,0.0000,0.0000,0.4477,0.5009,0.0000,4.7265,25362.0391,24,11.8502,1893549.6250,0.0000,203341
43,194,Paris_Small,generalize_stress_shock,TokenPassing,3600,6,179,40,0.2235,1.0000,0.0000,867.7500,289.2500,0.6331,4.2775,206.4118,688.3939,960.9829,0.9311,23.2556,21.1027,844.4839,49.7987,1313.8044,218967.4219,0,0,0.0000,0.0000,0.0000,0.0000,0,0.2235,0.7765,4.2987,825.8000,shock_burst,0.3351,0.5958,1.3133,0.0000,1.0000,0.0000,14.2152,24,695.1489,0.4169,1.0819,13,1,38439.3164,3.8827,0.0000,0.0000,0.2154,0.5471,0.0000,3.7336,16312.0098,15,3.5781,1296054.3750,0.0000,235171
43,195,Paris_Small,generalize_stress_shock,TokenPassing,3600,6,135,39,0.2889,1.0000,0.0000,799.4103,266.4701,0.6416,4.2792,187.3235,617.5151,974.3279,1.0000,23.2174,21.2366,1049.6726,67.4216,1097.2667,182877.7812,0,0,0.0000,0.0000,0.0000,0.0000,0,0.2889,0.7111,4.3211,825.8000,shock_burst,0.1486,0.2711,1.3088,0.0000,1.0000,0.0000,0.0000,24,694.6036,0.4187,1.1119,9,4,37998.7891,3.9259,0.0000,0.0000,0.2082,0.5113,0.0000,2.8859,11622.5518,15,3.3599,1078572.6250,0.0000,148131
43,196,Paris_Small,generalize_stress_buildup,TokenPassing,3600,6,238,34,0.1429,1.0000,0.0000,766.3235,255.4412,0.5030,4.5128,201.9000,620.7000,1096.3778,1.0000,23.0588,20.2779,915.3544,22.3925,1167.0000,194499.9844,0,0,0.0000,0.0000,0.0000,0.0000,0,0.1429,0.8571,4.5140,1422.8550,building_up,0.3629,0.6851,1.2750,0.0000,1.0000,0.0000,0.0000,24,1216.3375,0.3348,1.0596,15,0,37276.8477,2.9748,0.0000,0.0000,0.1359,0.5662,0.0000,5.3657,19935.1543,28,4.3080,1144386.5000,0.0000,277746
43,197,Paris_Small,generalize_stress_buildup,TokenPassing,3600,6,194,40,0.2062,1.0000,0.0000,813.7500,271.2500,0.5008,4.5144,169.1471,630.8666,972.4323,1.0000,23.9570,20.9817,846.4213,26.4760,1052.4845,175414.0938,0,0,0.0000,0.0000,0.0000,0.0000,0,0.2062,0.7938,4.5146,1422.8550,building_up,0.1929,0.3557,1.1893,0.0000,1.0000,0.0000,0.0000,24,1216.3278,0.3319,1.1111,12,4,38897.2930,3.0464,0.0000,0.0000,0.2138,0.5327,0.0000,5.1139,22324.4082,21,2.3730,1027795.3125,0.0000,204182
43,198,Paris_Small,generalize_over_fleet,TokenPassing,3600,6,45,43,0.9556,1.0000,0.0000,391.9302,97.9826,0.7994,4.6698,246.3721,145.5581,1042.2445,0.8461,22.9649,17.8281,829.6241,312.6728,213.3333,35555.5547,0,0,0.0000,0.0000,0.0000,0.0000,0,0.9556,0.0444,4.7437,1812.0836,wave,0.2470,0.5493,1.2819,0.0000,1.0000,0.0000,37.9232,28,1504.8403,0.3493,0.9880,4,1,44816.5156,52.2222,0.0000,0.0000,0.9874,0.5368,0.0000,13.5350,63255.4258,46,1.2741,174529.5625,0.0000,9600
43,199,Paris_Small,generalize_over_fleet,TokenPassing,3600,6,50,49,0.9800,1.0000,0.0000,372.1429,74.4286,0.8514,4.6719,263.2041,108.9388,1086.6394,0.8257,22.7990,19.4116,878.8298,340.4376,231.3400,38556.6680,0,0,0.0000,0.0000,0.0000,0.0000,0,0.9800,0.0200,4.6936,1812.0836,wave,0.2468,0.5411,1.3251,0.0000,1.0000,0.0000,45.8762,28,1504.1945,0.3505,0.9883,4,1,53245.3281,51.0000,0.0000,0.0000,0.9937,0.5869,0.0000,4.8584,32660.5273,34,1.0661,196333.8125,0.0000,11567
43,200,NewYork_Small,generalize_normal_wave,MAPPO,3600,6,107,62,0.5794,1.0000,0.0000,726.1774,242.0591,0.5938,4.6562,272.5370,562.9792,1227.2372,0.9006,27.3300,25.1440,939.7753,218.8233,1053.2242,175537.3906,0,0,0.0000,0.0000,0.0000,0.0000,0,0.5794,0.4206,4.7145,1191.7008,wave,0.3814,0.6944,1.2620,0.0000,1.0000,0.0000,27.0896,24,992.4472,0.3681,0.8895,10,1,76088.7031,2.9065,0.0000,2.9065,0.5545,0.5771,0.0000,6.6340,50322.0742,52,3.0738,1038652.1250,7.3832,112695
43,201,NewYork_Small,generalize_normal_wave,MAPPO,3600,6,113,73,0.6460,1.0000,0.0000,690.9452,230.3151,0.5133,4.6506,243.3968,433.4068,1077.8904,0.8857,27.6860,24.7549,773.8444,201.7612,511.0266,85171.0938,0,0,0.0000,0.0000,0.0000,0.0000,0,0.6460,0.3540,4.7006,1191.7008,wave,0.3740,0.6823,1.2978,0.0000,1.0000,0.0000,27.8187,28,993.6884,0.3711,0.9461,10,1,78686.0000,3.1239,0.0000,3.1239,0.6768,0.5301,0.0000,4.4337,32356.9434,60,1.9324,496369.5312,6.6549,57746
43,202,NewYork_Small,generalize_normal_ramp,MAPPO,3600,6,110,69,0.6273,1.0000,0.0000,960.1449,320.0483,0.5092,4.3313,293.1695,628.1111,1298.1495,0.8856,27.6277,26.0360,838.4357,232.1168,750.0273,125004.5469,0,0,0.0000,0.0000,0.0000,0.0000,0,0.6273,0.3727,4.3261,655.0147,ramp_up_down,0.3771,0.7394,1.3076,0.0000,1.0000,0.0000,33.5396,24,581.1617,0.3085,0.8585,12,0,89572.3125,3.2182,0.0000,3.2182,0.6611,0.5732,0.0000,4.5795,41099.7188,37,1.3366,738231.0625,5.8364,82503
43,203,NewYork_Small,generalize_normal_ramp,MAPPO,3600,6,106,62,0.5849,1.0000,0.0000,813.1290,406.5645,0.3612,4.3372,264.0526,508.6731,1244.1401,0.9423,26.7709,24.3859,845.2711,208.9870,425.9717,70995.2812,0,0,0.0000,0.0000,0.0000,0.0000,0,0.5849,0.4151,4.3423,655.0147,ramp_up_down,0.2889,0.5198,1.2732,0.0000,1.0000,0.0000,15.2246,28,580.8997,0.3010,0.8230,7,1,77136.6875,3.2075,0.0000,3.2075,0.6045,0.5793,0.0000,3.7389,27227.2246,41,1.1223,414486.4062,5.7547,45153
43,204,NewYork_Small,generalize_stress_shock,MAPPO,3600,6,158,98,0.6203,1.0000,0.0000,715.5510,357.7755,0.4546,4.1995,225.2588,501.9277,1048.9485,0.9313,27.1600,24.8841,786.7225,52.8167,285.7848,47630.8008,1,0,0.0000,0.0000,0.0000,0.0000,0,0.6203,0.3797,4.1865,543.2000,shock_burst,0.4172,0.7689,1.3936,0.0000,1.0000,0.0000,15.4691,24,462.8378,0.4638,0.8143,9,1,102796.9531,3.9304,0.0000,3.9304,0.6071,0.5430,0.0000,2.4621,25729.4980,24,2.3726,277954.4688,5.0063,45154
43,205,NewYork_Small,generalize_stress_shock,MAPPO,3600,6,134,102,0.7612,1.0000,0.0000,645.7353,645.7353,0.2592,4.1967,216.4066,420.2921,894.0556,0.8263,26.2603,24.1021,689.8741,75.8712,206.7910,34465.1758,0,0,0.0000,0.0000,0.0000,0.0000,0,0.7612,0.2388,4.2228,543.2000,shock_burst,0.4320,0.8012,1.2712,0.0000,1.0000,0.0000,37.5955,28,462.4706,0.4691,0.7940,10,1,91193.6719,3.7761,0.0000,3.7761,0.7639,0.4206,0.0000,3.4152,35230.5898,38,1.1248,197687.1094,5.4478,27710
43,206,NewYork_Small,generalize_stress_buildup,MAPPO,3600,6,212,126,0.5943,1.0000,0.0000,746.9921,373.4960,0.3889,4.4736,230.2571,575.5213,1082.2766,0.9401,27.3287,24.5904,867.7032,37.1022,280.9481,46824.6836,1,0,0.0000,0.0000,0.0000,0.0000,0,0.5943,0.4057,4.4048,935.7400,building_up,0.4591,0.8344,1.2525,0.0000,1.0000,0.0000,13.8018,24,807.4514,0.3686,0.9642,13,0,136366.8594,3.7783,0.0000,3.7783,0.5712,0.5185,0.0000,4.2286,51150.7617,66,2.6987,272793.8125,5.2783,59561
43,207,NewYork_Small,generalize_stress_buildup,MAPPO,3600,6,204,140,0.6863,1.0000,0.0000,628.2714,314.1357,0.3908,4.4700,229.9344,406.6991,1017.5460,0.8851,26.9591,24.8203,744.6622,37.8843,258.7647,43127.4492,0,0,0.0000,0.0000,0.0000,0.0000,0,0.6863,0.3137,4.4461,935.7400,building_up,0.3653,0.6724,1.1629,0.0000,1.0000,0.0000,26.4252,28,808.8116,0.3645,0.9341,9,0,142456.4375,3.9804,0.0000,3.9804,0.7287,0.4571,0.0000,4.6702,72228.0234,82,1.1133,250330.9375,4.5392,52788
43,208,NewYork_Small,generalize_over_fleet,MAPPO,3600,6,41,37,0.9024,1.0000,0.0000,445.7297,111.4324,0.8299,4.6671,221.7027,256.1795,945.3603,0.8528,25.5783,23.6928,819.3497,360.6438,1110.4390,185073.1719,0,0,0.0000,0.0000,0.0000,0.0000,0,0.9024,0.0976,4.7210,1191.7008,wave,0.2638,0.5446,1.3729,0.0000,1.0000,0.0000,32.6306,28,990.0981,0.3566,0.7994,4,0,34978.3281,3.4390,0.0000,3.4390,0.7317,0.4763,0.0000,5.7414,32301.9512,39,1.5244,1075181.0000,3.6341,45528
43,209,NewYork_Small,generalize_over_fleet,MAPPO,3600,6,57,49,0.8596,1.0000,0.0000,510.1837,102.0367,0.9938,4.6574,265.8776,237.7885,1219.5928,0.9174,26.9232,24.1466,746.8271,278.4093,1057.7368,176289.4688,0,0,0.0000,0.0000,0.0000,0.0000,0,0.8596,0.1404,4.6448,1191.7008,wave,0.3355,0.6978,1.2823,0.0000,1.0000,0.0000,21.9590,28,991.3750,0.3692,0.8686,4,0,59760.0469,3.8246,0.0000,3.8246,0.9396,0.5303,0.0000,9.9852,59150.9648,59,1.5957,1032816.9375,3.9298,60291
43,210,NewYork_Small,generalize_normal_wave,FaithfulMAPPER,3600,6,107,98,0.9159,1.0000,0.0000,525.1837,525.1837,0.2175,4.6506,309.5670,231.0297,1344.1514,0.8684,27.3300,25.1440,939.7753,218.8233,118.3458,19724.2988,0,0,0.0000,0.0000,0.0000,0.0000,0,0.9159,0.0841,4.7095,1191.7008,wave,0.3396,0.7004,1.2620,0.0000,1.0000,0.0000,40.7368,24,994.2203,0.3698,0.7590,7,0,131726.8438,4.0654,0.0000,4.0654,0.9283,0.6112,0.0000,7.8318,121953.4141,93,1.2639,102496.4609,3.6916,12663
43,211,NewYork_Small,generalize_normal_wave,FaithfulMAPPER,3600,6,113,100,0.8850,1.0000,0.0000,434.5900,434.5900,0.1670,4.6466,231.9072,221.2233,1009.8407,0.8709,27.6860,24.7549,773.8444,201.7612,100.4956,16749.2617,0,0,0.0000,0.0000,0.0000,0.0000,0,0.8850,0.1150,4.6936,1191.7008,wave,0.2855,0.5353,1.2978,0.0000,1.0000,0.0000,29.9391,28,995.0820,0.3719,0.8507,5,0,100984.0703,4.1327,0.0000,4.1327,0.9264,0.5297,0.0000,6.8084,118197.9297,101,1.0131,86335.9219,3.6637,11356
43,212,NewYork_Small,generalize_normal_ramp,FaithfulMAPPER,3600,6,110,99,0.9000,1.0000,0.0000,549.4343,0.0000,0.1115,4.3219,298.8947,253.4211,1291.2848,0.8640,27.6277,26.0360,838.4357,232.1168,114.6636,19110.6055,0,0,0.0000,0.0000,0.0000,0.0000,0,0.9000,0.1000,4.3181,655.0147,ramp_up_down,0.2973,0.5401,1.3076,0.0000,1.0000,0.0000,40.6378,24,582.6345,0.3142,0.7406,4,0,127837.1953,4.2727,0.0000,4.2727,0.9415,0.5690,0.0000,3.3880,43762.7109,51,1.0018,103371.6172,3.6545,12613
43,213,NewYork_Small,generalize_normal_ramp,FaithfulMAPPER,3600,6,106,90,0.8491,1.0000,0.0000,554.0111,554.0111,0.2651,4.3311,269.5465,307.0978,1234.0497,0.9156,26.7709,24.3859,845.2711,208.9870,142.1604,23693.3965,0,0,0.0000,0.0000,0.0000,0.0000,0,0.8491,0.1509,4.3360,655.0147,ramp_up_down,0.3246,0.6409,1.2732,0.0000,1.0000,0.0000,22.7366,28,582.2625,0.3020,0.7090,5,0,111064.4688,4.2170,0.0000,4.2170,0.8396,0.5543,0.0000,3.9778,53864.2656,62,1.2655,130594.2734,3.7453,15069
43,214,NewYork_Small,generalize_stress_shock,FaithfulMAPPER,3600,6,158,142,0.8987,1.0000,0.0000,503.4366,503.4366,0.2156,4.1747,246.5634,265.7632,1068.5884,0.8668,27.1600,24.8841,786.7225,52.8167,74.5000,12416.6670,0,0,0.0000,0.0000,0.0000,0.0000,0,0.8987,0.1013,4.1658,543.2000,shock_burst,0.3063,0.5525,1.3936,0.0000,1.0000,0.0000,32.8457,24,464.7447,0.4787,0.7653,6,0,151739.5469,4.0633,0.0000,4.0633,0.8630,0.5327,0.0000,3.7264,67533.5391,65,1.0091,66857.7812,3.3608,11771
43,215,NewYork_Small,generalize_stress_shock,FaithfulMAPPER,3600,6,134,126,0.9403,1.0000,0.0000,393.7143,0.0000,0.1402,4.1979,206.1129,201.3840,880.8290,0.8547,26.2603,24.1021,689.8741,75.8712,75.1791,12529.8506,0,0,0.0000,0.0000,0.0000,0.0000,0,0.9403,0.0597,4.2179,543.2000,shock_burst,0.3733,0.7100,1.2712,0.0000,1.0000,0.0000,29.9471,28,462.5611,0.4681,0.8541,9,0,110984.4531,3.8582,0.0000,3.8582,0.9112,0.4061,0.0000,3.8249,41468.1445,57,1.0000,68046.0547,3.4030,10074
43,216,NewYork_Small,generalize_stress_buildup,FaithfulMAPPER,3600,6,212,190,0.8962,1.0000,0.0000,544.0316,544.0316,0.2571,4.4554,249.0324,310.1026,1063.9651,0.8545,27.3287,24.5904,867.7032,37.1022,71.8349,11972.4844,3,0,0.0000,0.0000,0.0000,0.0000,0,0.8962,0.1038,4.3846,935.7400,building_up,0.2550,0.4941,1.2525,0.0000,1.0000,0.0000,36.2394,24,810.8911,0.3842,0.7373,9,1,202153.3750,4.0236,0.0000,4.0236,0.8327,0.5012,0.0000,4.1780,108815.6953,117,1.1162,62961.9766,3.3443,15229
43,217,NewYork_Small,generalize_stress_buildup,FaithfulMAPPER,3600,6,204,178,0.8725,1.0000,0.0000,438.1573,438.1573,0.1863,4.4642,221.1017,216.9526,943.8051,0.8537,26.9591,24.8203,744.6622,37.8843,73.7059,12284.3135,0,0,0.0000,0.0000,0.0000,0.0000,0,0.8725,0.1275,4.4399,935.7400,building_up,0.2535,0.4515,1.1629,0.0000,1.0000,0.0000,32.3407,28,809.9039,0.3695,0.8728,6,0,167997.2969,4.1225,0.0000,4.1225,0.8580,0.4233,0.0000,5.9422,194491.2031,128,1.0000,65780.5703,3.2206,15036
43,218,NewYork_Small,generalize_over_fleet,FaithfulMAPPER,3600,6,41,36,0.8780,1.0000,0.0000,448.9167,112.2292,0.7344,4.6646,255.6389,206.6000,1109.5836,0.8681,25.5783,23.6928,819.3497,360.6438,159.1707,26528.4551,0,0,0.0000,0.0000,0.0000,0.0000,0,0.8780,0.1220,4.7202,1191.7008,wave,0.2051,0.4513,1.3729,0.0000,1.0000,0.0000,33.7222,28,990.1350,0.3627,0.8592,3,1,39945.0117,3.9024,0.0000,3.9024,0.8894,0.5950,0.0000,7.0078,39430.3711,41,1.4411,127489.1484,3.6341,6526
43,219,NewYork_Small,generalize_over_fleet,FaithfulMAPPER,3600,6,57,50,0.8772,1.0000,0.0000,460.4200,92.0840,0.9231,4.6568,275.8800,179.6250,1204.1041,0.8729,26.9232,24.1466,746.8271,278.4093,251.0175,41836.2578,0,0,0.0000,0.0000,0.0000,0.0000,0,0.8772,0.1228,4.6475,1191.7008,wave,0.2621,0.6312,1.2823,0.0000,1.0000,0.0000,35.0592,28,991.2661,0.3720,0.8733,5,0,60205.2070,3.7193,0.0000,3.7193,0.9328,0.5159,0.0000,7.9436,55325.5391,54,1.3162,228121.1719,3.5088,14308
43,220,NewYork_Small,generalize_normal_wave,IPPO,3600,6,107,100,0.9346,1.0000,0.0000,528.1900,528.1900,0.3304,4.6501,311.2041,224.3107,1331.0422,0.8554,27.3300,25.1440,939.7753,218.8233,63.4766,10579.4395,0,0,0.0000,0.0000,0.0000,0.0000,0,0.9346,0.0654,4.7074,1191.7008,wave,0.2865,0.5499,1.2620,0.0000,1.0000,0.0000,44.9956,24,994.6475,0.3682,0.7869,5,0,133104.2188,4.2804,0.0000,4.2804,0.9455,0.6101,0.0000,6.4542,116382.8359,108,1.1412,48820.5781,3.6075,6792
43,221,NewYork_Small,generalize_normal_wave,IPPO,3600,6,113,104,0.9204,1.0000,0.0000,441.7788,0.0000,0.1614,4.6473,235.7647,207.5714,991.2906,0.8409,27.6860,24.7549,773.8444,201.7612,57.2655,9544.2480,0,0,0.0000,0.0000,0.0000,0.0000,0,0.9204,0.0796,4.6949,1191.7008,wave,0.2918,0.5455,1.2978,0.0000,1.0000,0.0000,37.5066,28,995.1006,0.3695,0.8877,5,0,103094.2266,4.1062,0.0000,4.1062,0.9281,0.5103,0.0000,5.9021,93448.6641,104,1.0532,43764.0195,3.4602,6471
43,222,NewYork_Small,generalize_normal_ramp,IPPO,3600,6,110,95,0.8636,1.0000,0.0000,528.6842,0.0000,0.0953,4.3231,293.0000,254.4848,1257.7986,0.8586,27.6277,26.0360,838.4357,232.1168,65.9455,10990.9092,0,0,0.0000,0.0000,0.0000,0.0000,0,0.8636,0.1364,4.3205,655.0147,ramp_up_down,0.2395,0.4395,1.3076,0.0000,1.0000,0.0000,41.4403,24,582.5533,0.3122,0.7200,3,0,119490.8594,4.3636,0.0000,4.3636,0.8679,0.5466,0.0000,3.9656,50291.4141,65,1.0359,55588.0078,3.5455,7254
43,223,NewYork_Small,generalize_normal_ramp,IPPO,3600,6,106,93,0.8774,1.0000,0.0000,490.6344,490.6344,0.3046,4.3316,288.7143,225.8421,1243.0623,0.8611,26.7709,24.3859,845.2711,208.9870,107.9340,17988.9941,0,0,0.0000,0.0000,0.0000,0.0000,0,0.8774,0.1226,4.3374,655.0147,ramp_up_down,0.2869,0.5626,1.2732,0.0000,1.0000,0.0000,40.1018,28,582.1791,0.3020,0.7352,5,1,115604.7891,3.9906,0.0000,3.9906,0.9097,0.5812,0.0000,4.4457,47056.0547,53,1.2386,97568.3516,3.4434,11441
43,224,NewYork_Small,generalize_stress_shock,IPPO,3600,6,158,146,0.9241,1.0000,0.0000,470.4589,470.4589,0.1685,4.1816,242.5315,232.0724,1056.5247,0.8712,27.1600,24.8841,786.7225,52.8167,59.5570,9926.1602,0,0,0.0000,0.0000,0.0000,0.0000,0,0.9241,0.0759,4.1729,543.2000,shock_burst,0.2887,0.5201,1.3936,0.0000,1.0000,0.0000,31.2265,24,464.4517,0.4736,0.7980,5,0,154252.6094,4.1646,0.0000,4.1646,0.8997,0.5401,0.0000,4.2479,90903.7031,76,1.0000,53418.2969,3.2089,9410
43,225,NewYork_Small,generalize_stress_shock,IPPO,3600,6,134,127,0.9478,1.0000,0.0000,404.7953,0.0000,0.0704,4.1960,205.8661,209.1461,891.2579,0.8659,26.2603,24.1021,689.8741,75.8712,37.0672,6177.8608,0,0,0.0000,0.0000,0.0000,0.0000,0,0.9478,0.0522,4.2166,543.2000,shock_burst,0.3333,0.6344,1.2712,0.0000,1.0000,0.0000,27.6145,28,462.7331,0.4690,0.8591,7,0,113189.7578,4.1716,0.0000,4.1716,0.8973,0.3968,0.0000,4.4806,62014.3086,61,1.0000,30658.1191,3.5224,4967
43,226,NewYork_Small,generalize_stress_buildup,IPPO,3600,6,212,189,0.8915,1.0000,0.0000,530.4656,530.4656,0.3169,4.4544,247.9947,279.5850,1091.5177,0.8803,27.3287,24.5904,867.7032,37.1022,61.7830,10297.1699,0,0,0.0000,0.0000,0.0000,0.0000,0,0.8915,0.1085,4.3850,935.7400,building_up,0.2893,0.5419,1.2525,0.0000,1.0000,0.0000,29.6911,24,811.1241,0.3857,0.7580,10,0,206296.8594,4.0425,0.0000,4.0425,0.8530,0.5161,0.0000,4.0244,121238.3516,139,1.0000,54171.9375,3.3585,13098
43,227,NewYork_Small,generalize_stress_buildup,IPPO,3600,6,204,182,0.8922,1.0000,0.0000,428.8297,428.8297,0.2668,4.4637,209.8517,219.4051,944.3032,0.9000,26.9591,24.8203,744.6622,37.8843,58.8627,9810.4570,0,0,0.0000,0.0000,0.0000,0.0000,0,0.8922,0.1078,4.4383,935.7400,building_up,0.3093,0.5615,1.1629,0.0000,1.0000,0.0000,20.9910,28,809.9414,0.3703,0.8825,8,0,171863.1875,4.0539,0.0000,4.0539,0.8631,0.4165,0.0000,5.1611,112790.2734,125,1.0634,51431.1680,3.3578,12008
43,228,NewYork_Small,generalize_over_fleet,IPPO,3600,6,41,38,0.9268,1.0000,0.0000,465.2105,116.3026,0.7890,4.6680,255.3684,222.4359,1111.4623,0.8705,25.5783,23.6928,819.3497,360.6438,121.4634,20243.9023,0,0,0.0000,0.0000,0.0000,0.0000,0,0.9268,0.0732,4.7210,1191.7008,wave,0.2411,0.5367,1.3729,0.0000,1.0000,0.0000,33.0760,28,990.1361,0.3540,0.8297,3,0,42235.5664,3.9268,0.0000,3.9268,0.9347,0.5925,0.0000,5.9771,37019.8945,45,1.7569,88439.3438,3.4146,4980
43,229,NewYork_Small,generalize_over_fleet,IPPO,3600,6,57,51,0.8947,1.0000,0.0000,457.0000,91.4000,0.9725,4.6579,270.0000,183.1404,1171.3173,0.8676,26.9232,24.1466,746.8271,278.4093,71.4386,11906.4326,0,0,0.0000,0.0000,0.0000,0.0000,0,0.8947,0.1053,4.6453,1191.7008,wave,0.2896,0.6281,1.2823,0.0000,1.0000,0.0000,35.7365,28,991.3664,0.3676,0.8708,4,0,59737.1836,3.5789,0.0000,3.5789,0.9126,0.4948,0.0000,6.0267,40046.6797,51,1.3457,49618.9297,3.4386,4072
43,230,NewYork_Small,generalize_normal_wave,Hybrid,3600,6,107,98,0.9159,1.0000,0.0000,488.1633,488.1633,0.2354,4.6509,288.8557,233.9238,1238.3828,0.8574,27.3300,25.1440,939.7753,218.8233,62.6355,10439.2520,0,0,-0.0391,0.0000,0.0000,0.0000,449,0.9159,0.0841,4.7078,1191.7008,wave,0.3104,0.5919,1.2620,0.0000,1.0000,0.0000,41.1791,24,994.4855,0.3675,0.7648,4,0,121361.5156,4.1963,0.0000,4.1963,0.8257,0.5437,0.0000,6.0585,83036.2891,99,1.3269,47187.3477,3.4766,6702
43,231,NewYork_Small,generalize_normal_wave,Hybrid,3600,6,113,104,0.9204,1.0000,0.0000,424.3654,0.0000,0.1156,4.6454,224.6667,209.8411,995.5585,0.8863,27.6860,24.7549,773.8444,201.7612,97.8673,16311.2090,0,0,-0.0439,0.0000,0.0000,0.0000,450,0.9204,0.0796,4.6949,1191.7008,wave,0.3057,0.5674,1.2978,0.0000,1.0000,0.0000,25.5550,28,995.0925,0.3754,0.9157,5,0,103538.0781,3.9823,0.0000,3.9823,0.9438,0.5189,0.0000,6.2831,90506.5781,114,1.1182,83919.1406,3.4867,11059
43,232,NewYork_Small,generalize_normal_ramp,Hybrid,3600,6,110,97,0.8818,1.0000,0.0000,533.9587,533.9587,0.2681,4.3229,293.3711,248.3010,1265.0146,0.8624,27.6277,26.0360,838.4357,232.1168,103.5091,17251.5156,0,0,-0.0411,0.0000,0.0000,0.0000,452,0.8818,0.1182,4.3160,655.0147,ramp_up_down,0.3260,0.6165,1.3076,0.0000,1.0000,0.0000,40.3682,24,582.6550,0.3124,0.7442,5,0,122706.4219,4.1091,0.0000,4.1091,0.8987,0.5543,0.0000,3.1933,41859.3203,67,1.0012,93004.4453,3.4364,11386
43,233,NewYork_Small,generalize_normal_ramp,Hybrid,3600,6,106,94,0.8868,1.0000,0.0000,484.4043,484.4043,0.1848,4.3313,285.1596,210.1212,1235.4802,0.8665,26.7709,24.3859,845.2711,208.9870,70.3208,11720.1260,0,0,-0.0505,0.0000,0.0000,0.0000,427,0.8868,0.1132,4.3371,655.0147,ramp_up_down,0.2600,0.4949,1.2732,0.0000,1.0000,0.0000,38.0635,28,582.1425,0.3027,0.7324,4,1,116135.1406,4.0283,0.0000,4.0283,0.9016,0.5699,0.0000,3.5307,37897.0703,43,1.1346,60202.6992,3.3774,7454
43,234,NewYork_Small,generalize_stress_shock,Hybrid,3600,6,158,143,0.9051,1.0000,0.0000,461.5734,0.0000,0.1583,4.1776,237.6084,228.2026,1059.9150,0.8922,27.1600,24.8841,786.7225,52.8167,28.7785,4796.4136,0,0,-0.0467,0.0000,0.0000,0.0000,610,0.9051,0.0949,4.1691,543.2000,shock_burst,0.2907,0.5268,1.3936,0.0000,1.0000,0.0000,25.6254,24,464.6781,0.4769,0.7916,6,0,151567.8594,3.8608,0.0000,3.8608,0.8588,0.5264,0.0000,4.6964,100234.7109,58,1.0302,22912.7031,3.1646,4547
43,235,NewYork_Small,generalize_stress_shock,Hybrid,3600,6,134,127,0.9478,1.0000,0.0000,378.8110,0.0000,0.1171,4.1963,196.7874,196.9538,866.4035,0.8805,26.2603,24.1021,689.8741,75.8712,24.8582,4143.0347,0,0,-0.0175,0.0000,0.0000,0.0000,525,0.9478,0.0522,4.2181,543.2000,shock_burst,0.3236,0.5918,1.2712,0.0000,1.0000,0.0000,23.5067,28,462.5414,0.4697,0.8515,6,0,110033.2422,3.9179,0.0000,3.9179,0.9033,0.3994,0.0000,4.5364,79449.9609,51,1.0090,18681.1270,3.3507,3331
43,236,NewYork_Small,generalize_stress_buildup,Hybrid,3600,6,212,194,0.9151,1.0000,0.0000,562.5309,562.5309,0.2960,4.4535,263.2834,293.5323,1089.6738,0.8278,27.3287,24.5904,867.7032,37.1022,59.7783,9963.0508,0,0,-0.0347,0.0000,0.0000,0.0000,863,0.9151,0.0849,4.3823,935.7400,building_up,0.2817,0.5030,1.2525,0.0000,1.0000,0.0000,45.3486,24,811.1047,0.3872,0.7618,8,1,211396.7188,4.0708,0.0000,4.0708,0.8587,0.5062,0.0000,4.5881,126226.6406,144,1.0244,52560.7266,3.2358,12673
43,237,NewYork_Small,generalize_stress_buildup,Hybrid,3600,6,204,179,0.8775,1.0000,0.0000,433.1955,433.1955,0.3169,4.4637,210.3352,222.3096,930.3544,0.8846,26.9591,24.8203,744.6622,37.8843,57.0931,9515.5225,0,0,-0.0360,0.0000,0.0000,0.0000,778,0.8775,0.1225,4.4386,935.7400,building_up,0.2708,0.4803,1.1629,0.0000,1.0000,0.0000,24.2643,28,810.0591,0.3695,0.8718,6,0,166533.4375,3.8137,0.0000,3.8137,0.8467,0.4154,0.0000,5.1783,114563.1562,134,1.0068,49248.0938,3.2353,11647
43,238,NewYork_Small,generalize_over_fleet,Hybrid,3600,6,41,39,0.9512,1.0000,0.0000,461.3333,115.3333,0.7949,4.6668,262.7692,200.2683,1138.4778,0.8665,25.5783,23.6928,819.3497,360.6438,102.6341,17105.6914,0,0,-0.0661,0.0000,0.0000,0.0000,158,0.9512,0.0488,4.7202,1191.7008,wave,0.1663,0.3872,1.3729,0.0000,1.0000,0.0000,35.0737,28,990.0692,0.3576,0.8486,2,0,44400.6328,3.8537,0.0000,3.8537,0.9601,0.5929,0.0000,4.4887,26962.5430,36,1.3552,70394.1719,3.3171,4208
43,239,NewYork_Small,generalize_over_fleet,Hybrid,3600,6,57,51,0.8947,1.0000,0.0000,441.1176,88.2235,0.9231,4.6581,272.1569,167.3636,1195.1761,0.8783,26.9232,24.1466,746.8271,278.4093,61.9474,10324.5615,0,0,-0.0509,0.0000,0.0000,0.0000,209,0.8947,0.1053,4.6473,1191.7008,wave,0.2715,0.5518,1.2823,0.0000,1.0000,0.0000,33.1216,28,991.2747,0.3679,0.8739,3,0,60953.9844,3.6667,0.0000,3.6667,0.9555,0.5181,0.0000,5.3771,35741.5664,44,1.5975,39453.7734,3.2807,3531
43,240,NewYork_Small,generalize_normal_wave,TokenPassing,3600,6,107,42,0.3925,1.0000,0.0000,863.8095,215.9524,0.8034,4.6611,231.2162,671.5312,1456.9425,1.0000,27.3300,25.1440,939.7753,218.8233,1731.2242,288537.3750,0,0,0.0000,0.0000,0.0000,0.0000,0,0.3925,0.6075,4.7193,1191.7008,wave,0.3381,0.6370,1.2620,0.0000,1.0000,0.0000,0.0000,24,991.0664,0.3651,0.8976,13,1,61191.5820,5.1308,0.0000,0.0000,0.4437,0.6817,0.0000,4.2516,22274.9355,27,5.0064,1703631.3750,0.0000,185241
43,241,NewYork_Small,generalize_normal_wave,TokenPassing,3600,6,113,37,0.3274,1.0000,0.0000,1121.8379,280.4595,0.7985,4.6585,225.0606,944.0000,1004.4526,0.8926,27.6860,24.7549,773.8444,201.7612,2899.4778,483246.3125,0,0,0.0000,0.0000,0.0000,0.0000,0,0.3274,0.6726,4.7067,1191.7008,wave,0.3621,0.6695,1.2978,0.0000,1.0000,0.0000,24.1701,28,991.5153,0.3660,0.9967,8,0,37164.7461,5.1593,0.0000,0.0000,0.3506,0.5418,0.0000,6.7183,28780.2480,46,20.0726,2867611.2500,0.0000,327641
43,242,NewYork_Small,generalize_normal_ramp,TokenPassing,3600,6,110,35,0.3182,1.0000,0.0000,852.1429,213.0357,0.7992,4.3411,242.6452,727.3571,1266.6437,1.0000,27.6277,26.0360,838.4357,232.1168,2351.4546,391909.0938,0,0,0.0000,0.0000,0.0000,0.0000,0,0.3182,0.6818,4.3355,655.0147,ramp_up_down,0.2356,0.4985,1.3076,0.0000,1.0000,0.0000,0.0000,24,579.3464,0.3051,0.9549,10,3,44332.5273,5.0364,0.0000,0.0000,0.2828,0.4834,0.0000,7.5222,25111.9883,27,21.1375,2314761.0000,0.0000,258660
43,243,NewYork_Small,generalize_normal_ramp,TokenPassing,3600,6,106,37,0.3491,1.0000,0.0000,851.5135,212.8784,0.7969,4.3450,201.8485,709.5000,1200.1808,1.0000,26.7709,24.3859,845.2711,208.9870,2487.3867,414564.4688,0,0,0.0000,0.0000,0.0000,0.0000,0,0.3491,0.6509,4.3489,655.0147,ramp_up_down,0.2604,0.4677,1.2732,0.0000,1.0000,0.0000,0.0000,28,579.3331,0.2989,0.9402,9,1,44406.6875,5.0377,0.0000,0.0000,0.3083,0.4951,0.0000,3.3536,14490.0068,20,39.0272,2462330.7500,0.0000,263663
43,244,NewYork_Small,generalize_stress_shock,TokenPassing,3600,6,158,38,0.2405,1.0000,0.0000,773.2105,257.7368,0.6414,4.2637,208.2812,654.8571,904.2188,0.8683,27.1600,24.8841,786.7225,52.8167,835.2848,139214.1406,0,0,0.0000,0.0000,0.0000,0.0000,0,0.2405,0.7595,4.2609,543.2000,shock_burst,0.3250,0.5896,1.3936,0.0000,1.0000,0.0000,27.4375,24,458.3831,0.4257,1.0367,11,1,34360.3164,3.7911,0.0000,0.0000,0.1886,0.4349,0.0000,3.6853,11604.0254,11,2445.4724,811222.0625,0.0000,131975
43,245,NewYork_Small,generalize_stress_shock,TokenPassing,3600,6,134,47,0.3507,1.0000,0.0000,963.3830,321.1277,0.6375,4.2606,135.9444,875.7273,663.1334,0.9756,26.2603,24.1021,689.8741,75.8712,1042.3284,173721.3906,0,0,0.0000,0.0000,0.0000,0.0000,0,0.3507,0.6493,4.2843,543.2000,shock_burst,0.3707,0.6697,1.2712,0.0000,1.0000,0.0000,3.3178,28,458.1794,0.4294,1.0622,16,1,31167.2676,3.7537,0.0000,0.0000,0.2738,0.3271,0.0000,11.2267,69989.8828,16,6.5729,1023500.8750,0.0000,139672
43,246,NewYork_Small,generalize_stress_buildup,TokenPassing,3600,6,212,30,0.1415,1.0000,0.0000,774.4000,258.1333,0.5023,4.5102,152.9130,762.4545,1144.6984,1.0000,27.3287,24.5904,867.7032,37.1022,874.4245,145737.4219,0,0,0.0000,0.0000,0.0000,0.0000,0,0.1415,0.8585,4.4439,935.7400,building_up,0.3611,0.6819,1.2525,0.0000,1.0000,0.0000,0.0000,24,800.2491,0.3415,0.9910,13,0,34340.9492,2.8868,0.0000,0.0000,0.1439,0.5485,0.0000,3.4124,10975.9463,13,8.3167,854681.6875,0.0000,185378
43,247,NewYork_Small,generalize_stress_buildup,TokenPassing,3600,6,204,35,0.1716,1.0000,0.0000,736.4572,245.4857,0.5009,4.5079,148.4000,578.1852,858.6937,1.0000,26.9591,24.8203,744.6622,37.8843,827.8970,137982.8438,0,0,0.0000,0.0000,0.0000,0.0000,0,0.1716,0.8284,4.4863,935.7400,building_up,0.3879,0.7058,1.1629,0.0000,1.0000,0.0000,0.0000,28,800.7386,0.3418,1.0865,13,0,30054.2793,2.9706,0.0000,0.0000,0.1514,0.3799,0.0000,4.0218,6226.3530,21,11.8057,812365.2500,0.0000,168891
43,248,NewYork_Small,generalize_over_fleet,TokenPassing,3600,6,41,40,0.9756,1.0000,0.0000,380.5250,95.1312,0.7102,4.6674,262.7250,117.5610,1139.5536,0.8675,25.5783,23.6928,819.3497,360.6438,178.0976,29682.9277,0,0,0.0000,0.0000,0.0000,0.0000,0,0.9756,0.0244,4.7215,1191.7008,wave,0.2071,0.4359,1.3729,0.0000,1.0000,0.0000,34.8143,28,990.0906,0.3559,1.0132,3,1,45582.1445,50.4878,0.0000,0.0000,0.9925,0.5976,0.0000,5.6706,22052.9844,31,1.0685,149477.0000,0.0000,7302
43,249,NewYork_Small,generalize_over_fleet,TokenPassing,3600,6,57,53,0.9298,1.0000,0.0000,382.2453,76.4491,0.9663,4.6585,268.7547,111.9825,1168.6791,0.8697,26.9232,24.1466,746.8271,278.4093,243.8070,40634.5039,0,0,0.0000,0.0000,0.0000,0.0000,0,0.9298,0.0702,4.6486,1191.7008,wave,0.2577,0.5084,1.2823,0.0000,1.0000,0.0000,35.0189,28,991.1531,0.3679,0.9609,3,0,61939.9922,49.8246,0.0000,0.0000,0.9751,0.5088,0.0000,5.4548,30240.6719,50,1.0895,222616.0469,0.0000,13897
