seed,global_episode,city,phase,policy_mode,total_steps,n_agents_max,tasks_appeared,tasks_completed,throughput_rate,accept_rate,refuse_rate,latency_mean,latency_per_agent,agent_utilisation,mean_congestion,mean_trip_steps,mean_wait_steps,mean_road_pd_m,delivery_route_efficiency,bbox_area_km2,convex_hull_km2,mean_pd_hav_m,mean_nn_pickup_m,compute_time_per_task_ms,compute_time_per_decision_us,pairing_violations,capacity_violations,actor_loss,critic_loss,entropy,adv_std,n_experiences,completion_per_accepted,unfinished_accept_rate,mean_congestion_at_decision,n_ghost_active_mean,congestion_profile,agent_completed_gini,agent_completed_std,mean_imp_accepted,mean_imp_refused,accept_rate_high_cong,accept_rate_low_cong,mean_extra_steps_per_task,peak_congestion,mean_overlap_edges,congestion_variance,route_congestion_exposure,max_agent_completed,min_agent_completed,total_fleet_distance_m,mean_agents_offered_per_task,mean_recall_rounds_per_task,mean_candidates_scored_per_task,value_throughput_rate,mean_completion_value,value_loss_to_refusal,mean_bpr_along_route,time_lost_to_congestion_steps,n_traversals_in_jam,marginal_cost_ratio_vs_oracle,rmca_relative_regret,rmca_marginal_cost_k1,rmca_marginal_cost_k2,mean_allocation_time_us,mean_tam_dijkstra_steps,path_compute_time_ms,mean_pure_alloc_time_ms,wallclock_ms
44,0,Tokyo_Small,eval_normal_wave,RMCA,3600,6,81,26,0.3210,1.0000,0.0000,783.3461,391.6731,0.4292,4.6601,397.9615,482.6970,1081.4771,0.5435,29.0533,26.5659,830.9788,249.0288,892.4691,148744.8594,0,0,0.0000,0.0000,0.0000,0.0000,0,0.3210,0.6790,4.7195,1125.4863,wave,0.3897,0.7134,1.2356,0.0000,1.0000,0.0000,181.6661,28,936.3778,0.3635,0.7919,4,0,28118.4023,4.8025,0.0000,4.8025,0.3174,0.4852,0.0000,3.2960,22024.1992,13,1.2406,4.0306,1641.0248,3133.2817,873993.5000,8.2593,67346.3516,0.0000,72290
44,1,Tokyo_Small,eval_normal_wave,RMCA,3600,6,79,40,0.5063,1.0000,0.0000,719.4500,359.7250,0.4195,4.6546,215.1389,469.1707,1000.2813,0.9299,27.5240,24.8454,722.9757,270.2626,587.0759,97845.9922,0,0,0.0000,0.0000,0.0000,0.0000,0,0.5063,0.4937,4.6903,1125.4863,wave,0.5053,0.9487,1.2479,0.0000,1.0000,0.0000,15.0826,28,937.1006,0.3718,0.7605,7,0,40011.2539,4.7468,0.0000,4.7468,0.5610,0.5123,0.0000,3.4547,15923.6553,14,1.0000,6.2635,1378.9292,3246.1885,563716.8750,8.5949,42128.0195,0.0000,46379
44,2,Tokyo_Small,eval_normal_ramp,RMCA,3600,6,99,59,0.5960,1.0000,0.0000,614.1017,307.0508,0.4101,4.3316,245.7600,334.8462,1016.2125,0.8270,28.4555,26.6666,833.8855,246.1933,650.3636,108393.9375,0,0,0.0000,0.0000,0.0000,0.0000,0,0.5960,0.4040,4.3165,618.6302,ramp_up_down,0.4127,0.8127,1.3009,0.0000,1.0000,0.0000,42.5175,24,549.0455,0.3046,0.4208,8,1,59956.5352,4.7576,0.0000,4.7576,0.5679,0.5006,0.0000,1.5078,4620.1045,4,1.0000,5.4073,1290.9159,3381.5090,636716.8750,12.3333,59848.4883,0.0000,64386
44,3,Tokyo_Small,eval_normal_ramp,RMCA,3600,6,114,50,0.4386,1.0000,0.0000,561.6200,280.8100,0.3692,4.3335,236.6000,341.3469,889.8505,0.7522,28.7345,26.8039,822.0781,246.4431,944.6053,157434.2031,0,0,0.0000,0.0000,0.0000,0.0000,0,0.4386,0.5614,4.3581,618.6302,ramp_up_down,0.4778,0.8782,1.3063,0.0000,1.0000,0.0000,58.6299,28,548.9341,0.3021,0.6249,8,0,44492.5234,4.6404,0.0000,4.6404,0.3626,0.4439,0.0000,2.2656,11560.7012,12,1.0421,4.2687,1075.6747,2336.6975,931956.4375,9.6754,102759.1328,0.0000,107685
44,4,Tokyo_Small,eval_stress_shock,RMCA,3600,5,159,72,0.4528,1.0000,0.0000,629.2639,314.6320,0.4808,4.2079,261.4546,390.7606,1036.6816,0.7930,29.2357,23.8651,845.3345,63.6928,415.5912,69265.1953,1,0,0.0000,0.0000,0.0000,0.0000,0,0.4528,0.5472,4.1689,513.2000,shock_burst,0.4454,0.8647,1.2170,0.0000,1.0000,0.0000,54.1182,24,436.2808,0.4613,0.4764,8,0,74641.0781,4.6415,0.0000,4.6415,0.4330,0.4879,0.0000,2.4292,23361.3145,9,1.2339,5.1526,1560.8837,2810.0334,406015.4375,7.3522,57487.0508,0.0000,66079
44,5,Tokyo_Small,eval_stress_shock,RMCA,3600,5,183,114,0.6230,1.0000,0.0000,601.3070,200.4357,0.6334,4.1674,212.3579,369.3529,979.4898,0.9225,27.9039,25.2283,778.5887,41.4835,455.0219,75836.9766,0,0,0.0000,0.0000,0.0000,0.0000,0,0.6230,0.3770,4.1809,513.2000,shock_burst,0.3309,0.5859,1.2249,0.0000,1.0000,0.0000,16.4599,24,439.4364,0.4849,0.4044,8,1,111661.8359,4.7268,0.0000,4.7268,0.6149,0.4748,0.0000,1.5259,14197.8262,15,1.5016,7.1130,1116.8828,3072.7253,444278.8125,5.4536,72296.4922,0.0000,83269
44,6,Tokyo_Small,eval_stress_buildup,RMCA,3600,4,224,125,0.5580,1.0000,0.0000,662.2960,331.1480,0.5248,4.4704,226.5463,453.1167,1044.3124,0.9219,29.0975,26.2781,764.4222,34.1191,397.6473,66274.5547,0,0,0.0000,0.0000,0.0000,0.0000,0,0.5580,0.4420,4.4506,883.7547,building_up,0.4758,0.9281,1.3037,0.0000,1.0000,0.0000,17.6838,28,764.4341,0.3624,0.6440,13,0,130539.0391,4.5357,0.0000,4.5357,0.5149,0.4418,0.0000,3.0564,51081.4805,33,1.0000,10.3721,1416.3224,4326.3267,385558.9375,5.1562,77395.3516,0.0000,89073
44,7,Tokyo_Small,eval_stress_buildup,RMCA,3600,4,222,109,0.4910,1.0000,0.0000,591.6422,295.8211,0.5454,4.4647,261.6000,358.9514,973.7639,0.7445,28.8960,25.2226,751.9205,24.8067,332.5405,55423.4219,0,0,0.0000,0.0000,0.0000,0.0000,0,0.4910,0.5090,4.4088,883.7547,building_up,0.3539,0.6408,1.2065,0.0000,1.0000,0.0000,66.8472,28,764.7008,0.3668,0.6312,7,0,106140.2656,4.6036,0.0000,4.6036,0.4849,0.4728,0.0000,2.3831,32098.3438,21,1.0000,6.5821,1507.4818,5092.5366,322052.5000,5.4459,64721.3164,0.0000,73824
44,8,Tokyo_Small,eval_over_fleet,RMCA,3600,60,44,31,0.7045,1.0000,0.0000,513.2258,102.6452,0.0960,4.6668,315.1035,270.0000,1119.1626,0.7103,26.8000,23.2812,914.8398,345.0008,911.6591,151943.1875,0,0,0.0000,0.0000,0.0000,0.0000,0,0.7045,0.2955,4.7473,1125.4863,wave,0.3071,0.6154,1.1947,0.0000,1.0000,0.0000,91.2709,28,934.5442,0.3644,0.7612,3,0,34694.0391,4.5909,0.0000,4.5909,0.6562,0.5367,0.0000,3.6556,18348.2227,13,1.2125,1.5073,1473.8567,1879.0339,872331.3750,3.6136,37964.3633,0.0000,40113
44,9,Tokyo_Small,eval_over_fleet,RMCA,3600,60,56,42,0.7500,1.0000,0.0000,522.8571,74.6939,0.1266,4.6645,299.7692,223.9535,1043.7234,0.6964,28.2711,23.8219,791.4982,336.5012,780.7500,130125.0000,0,0,0.0000,0.0000,0.0000,0.0000,0,0.7500,0.2500,4.6754,1125.4863,wave,0.3159,0.7284,1.2157,0.0000,1.0000,0.0000,91.0246,28,935.6744,0.3606,0.7837,5,0,43836.3828,4.3571,0.0000,4.3571,0.7671,0.4619,0.0000,2.2491,16516.6699,14,2.9119,3.2991,1495.0533,1823.0287,755370.5625,4.5179,41760.8672,0.0000,43722
44,10,Tokyo_Small,eval_normal_wave,MAPPO,3600,6,81,59,0.7284,1.0000,0.0000,677.3051,0.0000,0.1361,4.6593,314.9322,370.6087,1058.0974,0.6720,29.0533,26.5659,830.9788,249.0288,108.2222,18037.0371,0,0,0.0000,0.0000,0.0000,0.0000,0,0.7284,0.2716,4.7120,1125.4863,wave,0.4386,0.8386,1.2356,0.0000,1.0000,0.0000,103.3127,28,937.7769,0.3558,0.7093,4,0,62427.7500,4.3704,0.0000,4.3704,0.7378,0.4971,0.0000,2.9005,34912.1523,25,1.0000,0.0000,0.0000,0.0000,89588.1094,3.5062,5875.9019,0.0000,8766
44,11,Tokyo_Small,eval_normal_wave,MAPPO,3600,6,79,59,0.7468,1.0000,0.0000,582.0339,582.0339,0.2214,4.6535,261.6379,354.4189,861.0269,0.6582,27.5240,24.8454,722.9757,270.2626,78.6582,13109.7051,0,0,0.0000,0.0000,0.0000,0.0000,0,0.7468,0.2532,4.6875,1125.4863,wave,0.4241,0.7780,1.2479,0.0000,1.0000,0.0000,89.4326,28,937.8472,0.3693,0.7050,4,0,50800.5898,4.3165,0.0000,4.3165,0.6473,0.4008,0.0000,2.9616,27721.3477,18,1.5985,0.0000,0.0000,0.0000,57571.8750,3.6709,3266.5320,0.0000,6214
44,12,Tokyo_Small,eval_normal_ramp,MAPPO,3600,6,99,80,0.8081,1.0000,0.0000,545.8750,545.8750,0.2694,4.3257,278.3875,283.3696,1128.8318,0.8110,28.4555,26.6666,833.8855,246.1933,85.9495,14324.9160,0,0,0.0000,0.0000,0.0000,0.0000,0,0.8081,0.1919,4.3152,618.6302,ramp_up_down,0.2995,0.5551,1.3009,0.0000,1.0000,0.0000,52.6212,24,550.2031,0.3064,0.3962,4,0,90306.5469,4.3636,0.0000,4.3636,0.7915,0.5146,0.0000,2.2483,24484.7090,23,1.0513,0.0000,0.0000,0.0000,72947.4219,3.4848,6024.9092,0.0000,8509
44,13,Tokyo_Small,eval_normal_ramp,MAPPO,3600,6,114,87,0.7632,1.0000,0.0000,513.2414,513.2414,0.1944,4.3235,269.0349,260.6700,1098.4121,0.8166,28.7345,26.8039,822.0781,246.4431,65.4737,10912.2803,0,0,0.0000,0.0000,0.0000,0.0000,0,0.7632,0.2368,4.3453,618.6302,ramp_up_down,0.3660,0.7184,1.3063,0.0000,1.0000,0.0000,49.3525,28,551.1536,0.3028,0.4805,6,0,95561.8516,4.3596,0.0000,4.3596,0.8018,0.5641,0.0000,2.3639,32260.3516,23,1.0192,0.0000,0.0000,0.0000,54738.6484,3.4474,4993.9561,0.0000,7464
44,14,Tokyo_Small,eval_stress_shock,MAPPO,3600,5,159,127,0.7987,1.0000,0.0000,546.6929,273.3465,0.4042,4.1700,285.0709,286.0563,1075.9978,0.7549,29.2357,23.8651,845.3345,63.6928,49.3774,8229.5596,0,0,0.0000,0.0000,0.0000,0.0000,0,0.7987,0.2013,4.1207,513.2000,shock_burst,0.3306,0.5910,1.2170,0.0000,1.0000,0.0000,69.8713,24,439.1803,0.4850,0.4771,5,0,136651.7188,4.1572,0.0000,4.1572,0.7776,0.4968,0.0000,2.6465,39567.1211,32,1.0654,0.0000,0.0000,0.0000,41868.3086,3.4906,3383.6001,0.0000,7851
44,15,Tokyo_Small,eval_stress_shock,MAPPO,3600,5,183,155,0.8470,1.0000,0.0000,506.2710,506.2710,0.3408,4.1530,243.9097,266.2294,967.3650,0.7932,27.9039,25.2283,778.5887,41.4835,60.7158,10119.3076,0,0,0.0000,0.0000,0.0000,0.0000,0,0.8470,0.1530,4.1611,513.2000,shock_burst,0.2620,0.4834,1.2249,0.0000,1.0000,0.0000,50.4367,24,440.9633,0.4898,0.3326,6,0,149941.5781,4.3388,0.0000,4.3388,0.7832,0.4448,0.0000,2.1877,41158.0000,17,3.1256,0.0000,0.0000,0.0000,53150.9609,3.4645,5756.4219,0.0000,11111
44,16,Tokyo_Small,eval_stress_buildup,MAPPO,3600,4,224,166,0.7411,1.0000,0.0000,571.7831,285.8916,0.5478,4.4626,255.7073,339.9948,981.5387,0.7677,29.0975,26.2781,764.4222,34.1191,94.6830,15780.5059,0,0,0.0000,0.0000,0.0000,0.0000,0,0.7411,0.2589,4.4426,883.7547,building_up,0.2843,0.5170,1.3037,0.0000,1.0000,0.0000,59.3996,28,766.1647,0.3665,0.5363,7,0,162935.4219,4.2277,0.0000,4.2277,0.6680,0.4316,0.0000,2.3621,66567.8672,43,1.0447,0.0000,0.0000,0.0000,85011.1094,3.3214,11628.8457,0.0000,21209
44,17,Tokyo_Small,eval_stress_buildup,MAPPO,3600,4,222,175,0.7883,1.0000,0.0000,641.2571,320.6286,0.6660,4.4539,329.4310,345.6769,961.0370,0.5835,28.8960,25.2226,751.9205,24.8067,87.3919,14565.3154,0,0,0.0000,0.0000,0.0000,0.0000,0,0.7883,0.2117,4.3986,883.7547,building_up,0.2472,0.4685,1.2065,0.0000,1.0000,0.0000,137.2236,28,768.1428,0.3650,0.5637,8,0,168181.4844,4.3153,0.0000,4.3153,0.7462,0.4532,0.0000,2.4787,75722.5312,53,1.1609,0.0000,0.0000,0.0000,76489.3516,3.8153,7820.5718,0.0000,19401
44,18,Tokyo_Small,eval_over_fleet,MAPPO,3600,60,44,30,0.6818,1.0000,0.0000,545.6000,68.2000,0.1497,4.6702,272.1667,279.3513,1011.7087,0.7434,26.8000,23.2812,914.8398,345.0008,220.7727,36795.4531,0,0,0.0000,0.0000,0.0000,0.0000,0,0.6818,0.3182,4.7454,1125.4863,wave,0.4889,0.9129,1.1947,0.0000,1.0000,0.0000,69.8249,28,934.7078,0.3546,0.7446,3,0,30351.2617,4.5455,0.0000,4.5455,0.5037,0.4257,0.0000,3.7231,27763.0938,14,2.1499,0.0000,0.0000,0.0000,172362.3438,3.3409,6955.9268,0.0000,9714
44,19,Tokyo_Small,eval_over_fleet,MAPPO,3600,60,56,41,0.7321,1.0000,0.0000,688.5122,68.8512,0.1709,4.6636,365.2439,319.3726,1071.1492,0.5865,28.2711,23.8219,791.4982,336.5012,207.1786,34529.7617,0,0,0.0000,0.0000,0.0000,0.0000,0,0.7321,0.2679,4.6754,1125.4863,wave,0.3889,0.7790,1.2157,0.0000,1.0000,0.0000,151.0141,28,935.9222,0.3612,0.6849,4,0,43917.1172,4.2500,0.0000,4.2500,0.7223,0.4456,0.0000,2.6326,20251.9297,17,3.6300,0.0000,0.0000,0.0000,179860.3438,3.5536,9436.6924,0.0000,11602
44,20,Tokyo_Small,eval_normal_wave,FaithfulMAPPER,3600,6,81,58,0.7160,1.0000,0.0000,723.0345,723.0345,0.1740,4.6555,325.7321,426.8429,1051.7311,0.6458,29.0533,26.5659,830.9788,249.0288,74.1975,12366.2549,0,0,0.0000,0.0000,0.0000,0.0000,0,0.7160,0.2840,4.7127,1125.4863,wave,0.4456,0.8882,1.2356,0.0000,1.0000,0.0000,115.3859,28,937.8939,0.3644,0.7514,5,0,61000.4023,4.2963,0.0000,4.2963,0.7062,0.4840,0.0000,4.7345,64597.9102,24,1.0000,0.0000,0.0000,0.0000,54077.4805,3.5062,2704.4741,0.0000,6010
44,21,Tokyo_Small,eval_normal_wave,FaithfulMAPPER,3600,6,79,68,0.8608,1.0000,0.0000,691.1323,0.0000,0.1576,4.6544,348.8235,378.3108,908.7198,0.5210,27.5240,24.8454,722.9757,270.2626,55.8987,9316.4561,0,0,0.0000,0.0000,0.0000,0.0000,0,0.8608,0.1392,4.6878,1125.4863,wave,0.3411,0.6658,1.2479,0.0000,1.0000,0.0000,167.0795,28,937.6934,0.3677,0.7623,4,0,61792.9492,4.3291,0.0000,4.3291,0.7829,0.4206,0.0000,2.3202,22703.3848,22,1.0000,0.0000,0.0000,0.0000,34788.8867,3.6582,1371.0551,0.0000,4416
44,22,Tokyo_Small,eval_normal_ramp,FaithfulMAPPER,3600,6,99,82,0.8283,1.0000,0.0000,574.6829,287.3415,0.3504,4.3258,276.7284,298.5761,1146.5476,0.8286,28.4555,26.6666,833.8855,246.1933,71.0202,11836.7002,0,0,0.0000,0.0000,0.0000,0.0000,0,0.8283,0.1717,4.3141,618.6302,ramp_up_down,0.2584,0.4798,1.3009,0.0000,1.0000,0.0000,47.4189,24,550.1859,0.3065,0.3546,3,0,94016.9062,4.4444,0.0000,4.4444,0.8540,0.5417,0.0000,1.7561,15688.3730,17,1.1816,0.0000,0.0000,0.0000,58543.9102,3.6061,4352.9141,0.0000,7031
44,23,Tokyo_Small,eval_normal_ramp,FaithfulMAPPER,3600,6,114,83,0.7281,1.0000,0.0000,508.5663,508.5663,0.2418,4.3237,276.3976,252.5474,1041.5966,0.7537,28.7345,26.8039,822.0781,246.4431,50.0088,8334.7949,0,0,0.0000,0.0000,0.0000,0.0000,0,0.7281,0.2719,4.3461,618.6302,ramp_up_down,0.3635,0.6759,1.3063,0.0000,1.0000,0.0000,68.0783,28,550.9233,0.3041,0.5550,4,0,86452.5156,4.2982,0.0000,4.2982,0.7626,0.5624,0.0000,2.7037,41135.9805,22,1.0086,0.0000,0.0000,0.0000,38955.9297,3.4825,3155.4500,0.0000,5701
44,24,Tokyo_Small,eval_stress_shock,FaithfulMAPPER,3600,5,159,131,0.8239,1.0000,0.0000,545.5267,272.7634,0.4479,4.1676,268.8702,280.2703,1030.8080,0.7668,29.2357,23.8651,845.3345,63.6928,50.5975,8432.9141,0,0,0.0000,0.0000,0.0000,0.0000,0,0.8239,0.1761,4.1146,513.2000,shock_burst,0.3151,0.5862,1.2170,0.0000,1.0000,0.0000,62.7086,24,439.5156,0.4848,0.4107,7,0,135035.8438,4.1824,0.0000,4.1824,0.7747,0.4798,0.0000,1.8607,36539.2266,27,1.0560,0.0000,0.0000,0.0000,42619.6719,3.4403,2987.3821,0.0000,8045
44,25,Tokyo_Small,eval_stress_shock,FaithfulMAPPER,3600,5,183,150,0.8197,1.0000,0.0000,525.9133,262.9567,0.4097,4.1562,266.4867,274.1369,991.5479,0.7442,27.9039,25.2283,778.5887,41.4835,56.8470,9474.4990,0,0,0.0000,0.0000,0.0000,0.0000,0,0.8197,0.1803,4.1752,513.2000,shock_burst,0.2545,0.4600,1.2249,0.0000,1.0000,0.0000,68.1771,24,440.6672,0.4888,0.4050,5,0,148732.1875,4.2350,0.0000,4.2350,0.7799,0.4577,0.0000,1.8077,30959.8262,24,1.0209,0.0000,0.0000,0.0000,49206.7305,3.2842,5308.6958,0.0000,10403
44,26,Tokyo_Small,eval_stress_buildup,FaithfulMAPPER,3600,4,224,159,0.7098,1.0000,0.0000,646.3900,323.1950,0.5614,4.4649,288.5723,384.1813,1005.1990,0.6967,29.0975,26.2781,764.4222,34.1191,101.5000,16916.6660,0,0,0.0000,0.0000,0.0000,0.0000,0,0.7098,0.2902,4.4440,883.7547,building_up,0.2578,0.4765,1.3037,0.0000,1.0000,0.0000,87.5325,28,765.9403,0.3636,0.5313,7,0,159826.6406,4.1116,0.0000,4.1116,0.6568,0.4431,0.0000,2.1260,70748.2344,52,1.2987,0.0000,0.0000,0.0000,90885.1719,3.4732,8787.7988,0.0000,22736
44,27,Tokyo_Small,eval_stress_buildup,FaithfulMAPPER,3600,4,222,169,0.7613,1.0000,0.0000,636.1479,636.1479,0.4897,4.4542,303.5844,362.2818,949.4598,0.6255,28.8960,25.2226,751.9205,24.8067,107.3784,17896.3965,0,0,0.0000,0.0000,0.0000,0.0000,0,0.7613,0.2387,4.3977,883.7547,building_up,0.2583,0.4696,1.2065,0.0000,1.0000,0.0000,113.6924,28,767.8333,0.3667,0.5480,6,0,160458.7031,4.1081,0.0000,4.1081,0.7158,0.4501,0.0000,2.5811,69111.1406,51,1.0853,0.0000,0.0000,0.0000,95185.8984,3.6351,9413.1826,0.0000,23838
44,28,Tokyo_Small,eval_over_fleet,FaithfulMAPPER,3600,60,44,29,0.6591,1.0000,0.0000,529.7586,75.6798,0.1324,4.6682,292.0000,336.4102,1027.1058,0.7035,26.8000,23.2812,914.8398,345.0008,167.8409,27973.4844,0,0,0.0000,0.0000,0.0000,0.0000,0,0.6591,0.3409,4.7468,1125.4863,wave,0.4386,0.8439,1.1947,0.0000,1.0000,0.0000,86.5788,28,934.6225,0.3603,0.7899,3,0,29786.0684,4.4318,0.0000,4.4318,0.5187,0.4536,0.0000,3.9150,19157.1562,19,2.1829,0.0000,0.0000,0.0000,99831.0938,3.4091,3463.9241,0.0000,7385
44,29,Tokyo_Small,eval_over_fleet,FaithfulMAPPER,3600,60,56,39,0.6964,1.0000,0.0000,674.6154,61.3287,0.1967,4.6639,328.7436,338.2400,1100.2731,0.6694,28.2711,23.8219,791.4982,336.5012,127.6964,21282.7383,0,0,0.0000,0.0000,0.0000,0.0000,0,0.6964,0.3036,4.6751,1125.4863,wave,0.3519,0.7064,1.2157,0.0000,1.0000,0.0000,108.6890,28,935.8655,0.3603,0.8300,3,0,42910.6523,4.3214,0.0000,4.3214,0.6962,0.4515,0.0000,4.7403,31373.0059,23,4.4825,0.0000,0.0000,0.0000,99561.3594,3.5714,4670.4312,0.0000,7151
44,30,Tokyo_Small,eval_normal_wave,IPPO,3600,6,81,62,0.7654,1.0000,0.0000,687.1774,687.1774,0.1837,4.6545,337.0161,338.2567,1122.9375,0.6664,29.0533,26.5659,830.9788,249.0288,71.3210,11886.8311,0,0,0.0000,0.0000,0.0000,0.0000,0,0.7654,0.2346,4.7128,1125.4863,wave,0.3192,0.6697,1.2356,0.0000,1.0000,0.0000,112.4286,28,937.9539,0.3669,0.6636,5,0,69622.1250,4.0370,0.0000,4.0370,0.8216,0.5268,0.0000,3.4542,55385.0898,22,1.8009,0.0000,0.0000,0.0000,51246.7148,3.4938,2840.7351,0.0000,5777
44,31,Tokyo_Small,eval_normal_wave,IPPO,3600,6,79,59,0.7468,1.0000,0.0000,637.6271,637.6271,0.2033,4.6558,325.4237,315.7941,917.4742,0.5639,27.5240,24.8454,722.9757,270.2626,71.7215,11953.5869,0,0,0.0000,0.0000,0.0000,0.0000,0,0.7468,0.2532,4.6878,1125.4863,wave,0.2938,0.5978,1.2479,0.0000,1.0000,0.0000,141.9289,28,937.6022,0.3648,0.7573,3,0,54130.9805,4.3924,0.0000,4.3924,0.6733,0.4169,0.0000,3.8147,44918.8828,18,1.1538,0.0000,0.0000,0.0000,51582.2656,3.6076,2569.7949,0.0000,5666
44,32,Tokyo_Small,eval_normal_ramp,IPPO,3600,6,99,82,0.8283,1.0000,0.0000,577.6829,577.6829,0.2355,4.3256,283.7561,310.1721,1092.8335,0.7703,28.4555,26.6666,833.8855,246.1933,80.4747,13412.4580,0,0,0.0000,0.0000,0.0000,0.0000,0,0.8283,0.1717,4.3160,618.6302,ramp_up_down,0.3255,0.6249,1.3009,0.0000,1.0000,0.0000,65.1894,24,550.1397,0.3071,0.4121,4,0,89612.3438,4.4242,0.0000,4.4242,0.7802,0.4949,0.0000,2.0762,21488.1934,23,1.1269,0.0000,0.0000,0.0000,67146.7578,3.5960,5189.7622,0.0000,7967
44,33,Tokyo_Small,eval_normal_ramp,IPPO,3600,6,114,86,0.7544,1.0000,0.0000,550.6860,550.6860,0.2913,4.3238,281.6823,297.0099,1027.2653,0.7294,28.7345,26.8039,822.0781,246.4431,56.3772,9396.1992,0,0,0.0000,0.0000,0.0000,0.0000,0,0.7544,0.2456,4.3465,618.6302,ramp_up_down,0.3699,0.6903,1.3063,0.0000,1.0000,0.0000,76.2293,28,551.2552,0.3012,0.4653,5,0,88344.8203,4.3333,0.0000,4.3333,0.7279,0.5180,0.0000,1.9542,31521.3477,18,1.3737,0.0000,0.0000,0.0000,44910.2188,3.6228,3457.4551,0.0000,6427
44,34,Tokyo_Small,eval_stress_shock,IPPO,3600,5,159,131,0.8239,1.0000,0.0000,524.2901,524.2901,0.3586,4.1725,269.3893,291.6292,1062.8171,0.7891,29.2357,23.8651,845.3345,63.6928,53.3208,8886.7920,0,0,0.0000,0.0000,0.0000,0.0000,0,0.8239,0.1761,4.1298,513.2000,shock_burst,0.3563,0.6395,1.2170,0.0000,1.0000,0.0000,56.8259,24,439.2042,0.4823,0.3717,7,0,139229.0312,4.0440,0.0000,4.0440,0.7910,0.4899,0.0000,2.2458,40930.0078,25,1.9379,0.0000,0.0000,0.0000,45322.9883,3.3774,3726.7981,0.0000,8478
44,35,Tokyo_Small,eval_stress_shock,IPPO,3600,5,183,147,0.8033,1.0000,0.0000,534.7551,534.7551,0.3259,4.1556,251.6735,295.0887,949.9785,0.7549,27.9039,25.2283,778.5887,41.4835,53.3169,8886.1562,0,0,0.0000,0.0000,0.0000,0.0000,0,0.8033,0.1967,4.1725,513.2000,shock_burst,0.2813,0.5086,1.2249,0.0000,1.0000,0.0000,61.6778,24,440.8011,0.4891,0.4142,5,0,139646.8438,4.4098,0.0000,4.4098,0.7366,0.4411,0.0000,1.8382,38269.7969,21,1.0241,0.0000,0.0000,0.0000,45595.0430,3.2678,4029.8911,0.0000,9757
44,36,Tokyo_Small,eval_stress_buildup,IPPO,3600,4,224,141,0.6295,1.0000,0.0000,650.2695,325.1348,0.5778,4.4650,297.3857,376.6568,1025.7939,0.6899,29.0975,26.2781,764.4222,34.1191,122.3527,20392.1133,0,0,0.0000,0.0000,0.0000,0.0000,0,0.6295,0.3705,4.4474,883.7547,building_up,0.3001,0.5647,1.3037,0.0000,1.0000,0.0000,92.2269,28,765.4769,0.3665,0.6152,7,0,144636.9531,4.2768,0.0000,4.2768,0.5661,0.4306,0.0000,2.8132,107490.7734,54,1.3381,0.0000,0.0000,0.0000,111987.8203,3.5357,11349.1689,0.0000,27407
44,37,Tokyo_Small,eval_stress_buildup,IPPO,3600,4,222,171,0.7703,1.0000,0.0000,625.6432,312.8216,0.5613,4.4542,280.9053,382.1111,935.1463,0.6658,28.8960,25.2226,751.9205,24.8067,102.0946,17015.7656,1,0,0.0000,0.0000,0.0000,0.0000,0,0.7703,0.2297,4.3961,883.7547,building_up,0.2722,0.4913,1.2065,0.0000,1.0000,0.0000,93.8761,28,767.9391,0.3661,0.5592,6,0,159910.0156,4.0946,0.0000,4.0946,0.7298,0.4535,0.0000,2.7452,75481.4297,66,1.2878,0.0000,0.0000,0.0000,89101.1406,3.5811,8258.1689,0.0000,22665
44,38,Tokyo_Small,eval_over_fleet,IPPO,3600,60,44,32,0.7273,1.0000,0.0000,635.2188,70.5799,0.1572,4.6708,308.1562,342.4737,1107.7599,0.7190,26.8000,23.2812,914.8398,345.0008,117.2500,19541.6660,0,0,0.0000,0.0000,0.0000,0.0000,0,0.7273,0.2727,4.7449,1125.4863,wave,0.4508,0.8970,1.1947,0.0000,1.0000,0.0000,86.6043,28,934.7222,0.3530,0.7505,4,0,35448.3164,4.5227,0.0000,4.5227,0.6738,0.5339,0.0000,4.5926,35479.0000,18,1.9090,0.0000,0.0000,0.0000,64167.3867,3.3636,1941.7850,0.0000,5159
44,39,Tokyo_Small,eval_over_fleet,IPPO,3600,60,56,36,0.6429,1.0000,0.0000,654.7778,59.5253,0.1964,4.6628,276.7222,343.8600,1009.4263,0.7296,28.2711,23.8219,791.4982,336.5012,86.9107,14485.1191,0,0,0.0000,0.0000,0.0000,0.0000,0,0.6429,0.3571,4.6756,1125.4863,wave,0.4154,0.8352,1.2157,0.0000,1.0000,0.0000,74.8370,28,935.8172,0.3646,0.7815,3,0,36339.3477,4.3750,0.0000,4.3750,0.6269,0.4405,0.0000,5.0150,32273.6816,22,4.4839,0.0000,0.0000,0.0000,59989.0703,3.7143,2506.1201,0.0000,4867
44,40,Tokyo_Small,eval_normal_wave,Hybrid,3600,6,81,64,0.7901,1.0000,0.0000,737.9531,737.9531,0.2067,4.6572,341.6875,401.8026,1146.4888,0.6711,29.0533,26.5659,830.9788,249.0288,64.3704,10728.3955,0,0,-0.0279,0.0000,0.0000,0.0000,337,0.7901,0.2099,4.7126,1125.4863,wave,0.3064,0.5871,1.2356,0.0000,1.0000,0.0000,112.3897,28,937.9153,0.3592,0.6171,3,0,73375.2812,4.1605,0.0000,4.1605,0.8370,0.5198,0.0000,2.7470,36015.8750,19,1.0000,0.0000,0.0000,0.0000,45092.0508,3.5185,2214.6421,0.0000,5214
44,41,Tokyo_Small,eval_normal_wave,Hybrid,3600,6,79,62,0.7848,1.0000,0.0000,547.9194,547.9194,0.1829,4.6546,250.1290,298.8732,878.6850,0.7026,27.5240,24.8454,722.9757,270.2626,47.0253,7837.5527,0,0,0.0084,0.0000,0.0000,0.0000,330,0.7848,0.2152,4.6868,1125.4863,wave,0.3843,0.7126,1.2479,0.0000,1.0000,0.0000,74.3920,28,937.6650,0.3680,0.5918,4,0,54478.4688,4.1772,0.0000,4.1772,0.6959,0.4100,0.0000,2.5135,21973.4219,19,1.0447,0.0000,0.0000,0.0000,26635.8359,3.6076,677.8650,0.0000,3715
44,42,Tokyo_Small,eval_normal_ramp,Hybrid,3600,6,99,87,0.8788,1.0000,0.0000,564.0000,282.0000,0.3339,4.3266,295.3333,270.1383,1119.8851,0.7584,28.4555,26.6666,833.8855,246.1933,71.2525,11875.4209,0,0,-0.0352,0.0000,0.0000,0.0000,414,0.8788,0.1212,4.3152,618.6302,ramp_up_down,0.3053,0.5704,1.3009,0.0000,1.0000,0.0000,71.3563,24,550.0281,0.3061,0.3633,4,0,97430.0078,4.1818,0.0000,4.1818,0.8813,0.5269,0.0000,1.7748,15143.5947,19,1.2850,0.0000,0.0000,0.0000,58499.6250,3.5455,4477.6709,0.0000,7054
44,43,Tokyo_Small,eval_normal_ramp,Hybrid,3600,6,114,90,0.7895,1.0000,0.0000,493.8222,0.0000,0.1394,4.3233,259.4944,250.0909,1042.7460,0.8037,28.7345,26.8039,822.0781,246.4431,35.2632,5877.1929,0,0,-0.0335,0.0000,0.0000,0.0000,463,0.7895,0.2105,4.3479,618.6302,ramp_up_down,0.3192,0.5900,1.3063,0.0000,1.0000,0.0000,50.9452,28,551.0756,0.3032,0.5141,4,0,93847.1328,4.0614,0.0000,4.0614,0.8144,0.5538,0.0000,2.8237,42791.0273,18,1.0000,0.0000,0.0000,0.0000,24073.1484,3.3947,1275.0540,0.0000,4020
44,44,Tokyo_Small,eval_stress_shock,Hybrid,3600,5,159,126,0.7925,1.0000,0.0000,503.6905,251.8452,0.4174,4.1685,254.5794,271.5608,1029.9783,0.8092,29.2357,23.8651,845.3345,63.6928,42.6415,7106.9185,0,0,-0.0308,0.0000,0.0000,0.0000,668,0.7925,0.2075,4.1141,513.2000,shock_burst,0.3089,0.5628,1.2170,0.0000,1.0000,0.0000,48.5837,24,439.3656,0.4852,0.4339,6,0,129777.2578,4.2013,0.0000,4.2013,0.7473,0.4812,0.0000,3.1250,60311.3164,30,1.1790,0.0000,0.0000,0.0000,34730.2656,3.5472,1584.2620,0.0000,6780
44,45,Tokyo_Small,eval_stress_shock,Hybrid,3600,5,183,148,0.8087,1.0000,0.0000,498.8176,249.4088,0.4593,4.1582,253.5473,265.6071,971.0629,0.7660,27.9039,25.2283,778.5887,41.4835,39.9836,6663.9346,0,0,-0.0247,0.0000,0.0000,2.0000,778,0.8087,0.1913,4.1710,513.2000,shock_burst,0.2732,0.4936,1.2249,0.0000,1.0000,0.0000,59.3347,24,440.6411,0.4879,0.4049,5,0,143717.3125,4.2514,0.0000,4.2514,0.7712,0.4587,0.0000,2.5495,71365.2422,26,1.4280,0.0000,0.0000,0.0000,32469.6992,3.5301,1766.0150,0.0000,7317
44,46,Tokyo_Small,eval_stress_buildup,Hybrid,3600,4,224,159,0.7098,1.0000,0.0000,675.9371,337.9686,0.5521,4.4638,277.0692,405.4749,1013.0818,0.7313,29.0975,26.2781,764.4222,34.1191,110.4911,18415.1777,0,0,-0.0164,0.0000,0.0000,0.0000,957,0.7098,0.2902,4.4433,883.7547,building_up,0.2236,0.4181,1.3037,0.0000,1.0000,0.0000,74.4528,28,765.8792,0.3664,0.4998,5,0,161080.0156,4.2723,0.0000,4.2723,0.6534,0.4408,0.0000,2.2080,65556.3828,45,1.6792,0.0000,0.0000,0.0000,99719.3750,3.5179,6962.1440,0.0000,24750
44,47,Tokyo_Small,eval_stress_buildup,Hybrid,3600,4,222,185,0.8333,1.0000,0.0000,641.8703,641.8703,0.4928,4.4545,287.6087,368.1633,943.2755,0.6559,28.8960,25.2226,751.9205,24.8067,116.6081,19434.6855,0,0,-0.0265,0.0000,0.0000,0.0000,900,0.8333,0.1667,4.3975,883.7547,building_up,0.2215,0.4115,1.2065,0.0000,1.0000,0.0000,98.9536,28,767.9811,0.3656,0.5149,7,0,174505.9688,4.0541,0.0000,4.0541,0.7820,0.4492,0.0000,2.0732,52681.8320,43,1.1120,0.0000,0.0000,0.0000,103067.2578,3.6757,10126.1367,0.0000,25887
44,48,Tokyo_Small,eval_over_fleet,Hybrid,3600,60,44,32,0.7273,1.0000,0.0000,589.0312,73.6289,0.1342,4.6689,322.4375,315.2051,1157.8959,0.7182,26.8000,23.2812,914.8398,345.0008,83.3182,13886.3633,0,0,-0.0121,0.0000,0.0000,0.0000,198,0.7273,0.2727,4.7457,1125.4863,wave,0.3731,0.7395,1.1947,0.0000,1.0000,0.0000,90.8583,28,934.6947,0.3582,0.6653,3,0,37052.6680,4.5000,0.0000,4.5000,0.7349,0.5824,0.0000,2.8455,15403.2002,11,1.9893,0.0000,0.0000,0.0000,29287.1367,3.3409,480.7170,0.0000,3666
44,49,Tokyo_Small,eval_over_fleet,Hybrid,3600,60,56,43,0.7679,1.0000,0.0000,685.6744,68.5674,0.1774,4.6642,345.3023,348.8979,1099.3678,0.6368,28.2711,23.8219,791.4982,336.5012,77.9107,12985.1191,0,0,-0.0049,0.0000,0.0000,0.0000,239,0.7679,0.2321,4.6747,1125.4863,wave,0.3771,0.7224,1.2157,0.0000,1.0000,0.0000,125.4288,28,935.7778,0.3603,0.8365,3,0,47272.8164,4.2679,0.0000,4.2679,0.7995,0.4703,0.0000,2.7557,26222.7676,20,4.6336,0.0000,0.0000,0.0000,50499.8203,3.5536,1924.9180,0.0000,4363
44,50,Tokyo_Small,eval_normal_wave,TokenPassing,3600,6,81,15,0.1852,1.0000,0.0000,1010.6000,252.6500,0.7809,4.6652,233.2727,581.4167,1216.5538,1.0000,29.0533,26.5659,830.9788,249.0288,1015.2222,169203.7031,0,0,0.0000,0.0000,0.0000,0.0000,0,0.1852,0.8148,4.7214,1125.4863,wave,0.6111,1.1719,1.2356,0.0000,1.0000,0.0000,0.0000,28,935.4108,0.3578,0.9941,7,0,18248.3066,5.2222,0.0000,0.0000,0.1798,0.4765,0.0000,2.8640,8074.8589,7,2.7121,0.0000,0.0000,0.0000,985924.9375,0.0000,72998.7891,0.0000,82233
44,51,Tokyo_Small,eval_normal_wave,TokenPassing,3600,6,79,19,0.2405,1.0000,0.0000,1099.3158,274.8289,0.7815,4.6638,334.8125,729.3750,1171.7603,0.7000,27.5240,24.8454,722.9757,270.2626,999.1899,166531.6406,0,0,0.0000,0.0000,0.0000,0.0000,0,0.2405,0.7595,4.6943,1125.4863,wave,0.2544,0.4618,1.2479,0.0000,1.0000,0.0000,100.4604,28,935.6097,0.3591,0.6979,5,1,22263.4434,5.1772,0.0000,0.0000,0.3102,0.5964,0.0000,2.2640,5562.6992,3,12.4573,0.0000,0.0000,0.0000,970736.3125,0.0000,69907.9297,0.0000,78936
44,52,Tokyo_Small,eval_normal_ramp,TokenPassing,3600,6,99,26,0.2626,1.0000,0.0000,875.6154,218.9038,0.8062,4.3412,220.7917,697.0000,993.3254,0.8998,28.4555,26.6666,833.8855,246.1933,1486.5555,247759.2500,0,0,0.0000,0.0000,0.0000,0.0000,0,0.2626,0.7374,4.3277,618.6302,ramp_up_down,0.1667,0.3172,1.3009,0.0000,1.0000,0.0000,22.1266,24,547.4567,0.3005,0.4932,6,2,25826.4609,5.0000,0.0000,0.0000,0.2404,0.4809,0.0000,1.7197,3755.4443,2,2.2148,0.0000,0.0000,0.0000,1467676.0000,0.0000,136500.3750,0.0000,147169
44,53,Tokyo_Small,eval_normal_ramp,TokenPassing,3600,6,114,23,0.2018,1.0000,0.0000,941.0435,235.2609,0.7933,4.3422,243.3684,705.7500,1338.0421,1.0000,28.7345,26.8039,822.0781,246.4431,1284.3422,214057.0312,0,0,0.0000,0.0000,0.0000,0.0000,0,0.2018,0.7982,4.3654,618.6302,ramp_up_down,0.3986,0.7288,1.3063,0.0000,1.0000,0.0000,0.0000,28,547.5717,0.2980,0.5927,9,0,30774.9707,5.1228,0.0000,0.0000,0.2599,0.6917,0.0000,3.0936,12983.0488,9,2.8168,0.0000,0.0000,0.0000,1266010.1250,0.0000,133907.4531,0.0000,146415
44,54,Tokyo_Small,eval_stress_shock,TokenPassing,3600,5,159,13,0.0818,1.0000,0.0000,1116.0769,372.0256,0.7741,4.2654,265.7692,1029.4000,1059.2028,0.7971,29.2357,23.8651,845.3345,63.6928,604.3082,100718.0312,0,0,0.0000,0.0000,0.0000,0.0000,0,0.0818,0.9182,4.2277,513.2000,shock_burst,0.3692,0.6706,1.2170,0.0000,1.0000,0.0000,53.9287,24,432.5714,0.4269,0.6018,5,0,13769.6348,3.7987,0.0000,0.0000,0.0917,0.5725,0.0000,1.7931,3028.7625,3,4.6111,0.0000,0.0000,0.0000,575353.1250,0.0000,78142.1016,0.0000,96085
44,55,Tokyo_Small,eval_stress_shock,TokenPassing,3600,5,183,23,0.1257,1.0000,0.0000,972.1304,324.0435,0.7716,4.2615,202.0556,858.5238,655.9003,0.6492,27.9039,25.2283,778.5887,41.4835,722.2842,120380.6953,0,0,0.0000,0.0000,0.0000,0.0000,0,0.1257,0.8743,4.2742,513.2000,shock_burst,0.4000,0.7480,1.2249,0.0000,1.0000,0.0000,70.8755,24,433.1978,0.4275,0.7019,8,0,15085.7061,3.8306,0.0000,0.0000,0.0670,0.2565,0.0000,2.1759,4736.6318,4,3.8205,0.0000,0.0000,0.0000,694834.5000,0.0000,110024.0156,0.0000,132178
44,56,Tokyo_Small,eval_stress_buildup,TokenPassing,3600,4,224,18,0.0804,1.0000,0.0000,785.6111,392.8055,0.7495,4.5105,176.0667,673.5000,640.8902,0.7280,29.0975,26.2781,764.4222,34.1191,748.2009,124700.1406,0,0,0.0000,0.0000,0.0000,0.0000,0,0.0804,0.9196,4.4899,883.7547,building_up,0.3056,0.5984,1.3037,0.0000,1.0000,0.0000,47.8886,28,756.1658,0.3380,0.9178,7,0,11536.0234,3.0045,0.0000,0.0000,0.0554,0.3302,0.0000,2.9152,5903.3057,6,1.3850,0.0000,0.0000,0.0000,685509.1250,0.0000,135791.8750,0.0000,167597
44,57,Tokyo_Small,eval_stress_buildup,TokenPassing,3600,4,222,29,0.1306,1.0000,0.0000,826.2759,275.4253,0.7520,4.5032,138.4091,731.2273,1059.6442,1.0000,28.8960,25.2226,751.9205,24.8067,974.4910,162415.1562,0,0,0.0000,0.0000,0.0000,0.0000,0,0.1306,0.8694,4.4505,883.7547,building_up,0.4224,0.7641,1.2065,0.0000,1.0000,0.0000,0.0000,28,757.4431,0.3373,0.8080,14,0,30729.6797,2.8964,0.0000,0.0000,0.1478,0.5417,0.0000,3.1290,5269.1597,4,4.6236,0.0000,0.0000,0.0000,893570.0000,0.0000,179855.0156,0.0000,216337
44,58,Tokyo_Small,eval_over_fleet,TokenPassing,3600,60,44,35,0.7955,1.0000,0.0000,532.2857,66.5357,0.1419,4.6693,306.7143,280.6512,1073.8660,0.7002,26.8000,23.2812,914.8398,345.0008,156.2955,26049.2422,0,0,0.0000,0.0000,0.0000,0.0000,0,0.7955,0.2045,4.7456,1125.4863,wave,0.4200,0.7693,1.1947,0.0000,1.0000,0.0000,91.9411,28,934.7278,0.3572,0.7015,3,0,37585.3086,53.1818,0.0000,0.0000,0.6856,0.4967,0.0000,3.3184,21673.6602,17,1.5871,0.0000,0.0000,0.0000,119617.8438,0.0000,500.9340,0.0000,6877
44,59,Tokyo_Small,eval_over_fleet,TokenPassing,3600,60,56,45,0.8036,1.0000,0.0000,541.3111,60.1457,0.1633,4.6646,338.2667,201.7115,1046.0876,0.6185,28.2711,23.8219,791.4982,336.5012,146.2500,24375.0000,0,0,0.0000,0.0000,0.0000,0.0000,0,0.8036,0.1964,4.6755,1125.4863,wave,0.2727,0.5452,1.2157,0.0000,1.0000,0.0000,129.0491,28,935.8589,0.3587,0.7128,3,0,47073.9453,51.0714,0.0000,0.0000,0.8399,0.4721,0.0000,2.3387,19142.6113,18,2.8635,0.0000,0.0000,0.0000,116148.8906,0.0000,755.9040,0.0000,8190
44,60,Kyoto_Small,eval_normal_wave,RMCA,3600,6,110,46,0.4182,1.0000,0.0000,945.3261,315.1087,0.5575,4.6455,372.9512,517.1395,1025.1703,0.5498,19.8580,18.6914,807.0604,191.2655,754.2818,125713.6328,0,0,0.0000,0.0000,0.0000,0.0000,0,0.4182,0.5818,4.6835,631.4694,wave,0.3874,0.7480,1.2716,0.0000,1.0000,0.0000,167.9172,28,527.9006,0.3742,0.8335,6,0,47157.8320,4.5364,0.0000,4.5364,0.3392,0.4077,0.0000,2.6537,18484.9453,10,1.0093,3.8144,1251.8625,2658.6997,745278.3750,9.3364,79325.7578,0.0000,82971
44,61,Kyoto_Small,eval_normal_wave,RMCA,3600,6,118,44,0.3729,1.0000,0.0000,547.6818,547.6818,0.2002,4.6484,245.9250,285.8095,966.1424,0.7857,19.8174,18.5174,871.8049,194.8435,769.3135,128218.9297,0,0,0.0000,0.0000,0.0000,0.0000,0,0.3729,0.6271,4.6933,631.4694,wave,0.3485,0.7741,1.1757,0.0000,1.0000,0.0000,52.6965,24,527.5733,0.3689,0.7901,9,1,42510.2656,4.5424,0.0000,4.5424,0.3117,0.4414,0.0000,6.1838,23449.1328,8,1.0000,6.1345,1176.0693,3156.0876,757581.1250,8.8729,87088.0938,0.0000,90779
44,62,Kyoto_Small,eval_normal_ramp,RMCA,3600,6,99,61,0.6162,1.0000,0.0000,596.2459,298.1230,0.4061,4.3179,239.9630,339.9655,1014.6628,0.8457,19.9611,17.1556,699.3021,171.2768,293.9293,48988.2148,0,0,0.0000,0.0000,0.0000,0.0000,0,0.6162,0.3838,4.3888,347.1364,ramp_up_down,0.3944,0.7370,1.2606,0.0000,1.0000,0.0000,37.0304,24,310.2344,0.3052,0.5345,9,0,61894.4297,4.3333,0.0000,4.3333,0.6627,0.4791,0.0000,1.7731,7134.3364,9,1.0000,4.2850,1232.1792,1927.9812,284219.5000,9.8687,26503.2031,0.0000,29099
44,63,Kyoto_Small,eval_normal_ramp,RMCA,3600,6,104,58,0.5577,1.0000,0.0000,636.7931,636.7931,0.3209,4.3140,282.7037,335.6667,1157.1288,0.8186,19.6339,17.4534,880.2415,175.3676,661.9327,110322.1172,0,0,0.0000,0.0000,0.0000,0.0000,0,0.5577,0.4423,4.3291,347.1364,ramp_up_down,0.4095,0.7916,1.2640,0.0000,1.0000,0.0000,51.2780,28,309.7378,0.3206,0.4499,8,0,67113.4688,4.6250,0.0000,4.6250,0.5273,0.5181,0.0000,1.9880,6681.1748,11,1.0101,11.6105,935.3418,3991.8979,652159.4375,6.2500,66232.0078,0.0000,68841
44,64,Kyoto_Small,eval_stress_shock,RMCA,3600,5,129,92,0.7132,1.0000,0.0000,564.9130,564.9130,0.3926,4.1375,251.8395,328.3882,988.3829,0.7849,19.0698,16.3328,778.6816,58.6795,125.5116,20918.6055,1,0,0.0000,0.0000,0.0000,0.0000,0,0.7132,0.2868,4.1146,288.0000,shock_burst,0.3748,0.6905,1.2565,0.0000,1.0000,0.0000,54.1629,24,248.2033,0.5032,0.4920,10,1,90931.2266,4.5426,0.0000,4.5426,0.6749,0.4646,0.0000,1.6197,13218.7510,10,1.2476,7.2348,1105.5121,2541.2488,118386.4062,4.2093,13611.8525,0.0000,16191
44,65,Kyoto_Small,eval_stress_shock,RMCA,3600,5,150,96,0.6400,1.0000,0.0000,583.9792,291.9896,0.5421,4.1148,230.5060,355.0225,957.4652,0.8308,19.8524,17.5359,733.8942,54.2275,229.8933,38315.5547,0,0,0.0000,0.0000,0.0000,0.0000,0,0.6400,0.3600,4.1675,288.0000,shock_burst,0.4073,0.7398,1.2211,0.0000,1.0000,0.0000,39.0130,28,249.8028,0.5108,0.5216,9,0,91916.6562,4.7533,0.0000,4.7533,0.6288,0.4170,0.0000,2.1134,20389.6641,12,1.2058,8.4203,1311.7904,3256.2527,224228.0000,5.4933,31127.0918,0.0000,34484
44,66,Kyoto_Small,eval_stress_buildup,RMCA,3600,4,238,122,0.5126,1.0000,0.0000,561.8197,561.8197,0.3900,4.4225,279.3636,308.3415,1121.4406,0.8029,19.2263,17.1566,886.1658,24.0378,194.4580,32409.6641,0,0,0.0000,0.0000,0.0000,0.0000,0,0.5126,0.4874,4.4001,495.8625,building_up,0.4116,0.8026,1.2743,0.0000,1.0000,0.0000,55.0755,28,433.9770,0.4024,0.5434,11,0,136815.7500,4.5588,0.0000,4.5588,0.4848,0.5286,0.0000,1.9197,15729.7363,19,1.0036,4.0345,1667.4237,3853.6704,188625.6562,3.8571,40697.7812,0.0000,46281
44,67,Kyoto_Small,eval_stress_buildup,RMCA,3600,4,244,154,0.6311,1.0000,0.0000,560.8506,560.8506,0.4110,4.4039,279.1449,274.9733,1164.9684,0.8347,19.8330,18.2309,868.3997,22.4244,111.8074,18634.5625,0,0,0.0000,0.0000,0.0000,0.0000,0,0.6311,0.3689,4.3033,495.8625,building_up,0.3620,0.6968,1.2050,0.0000,1.0000,0.0000,46.1512,28,435.0875,0.4314,0.6955,11,0,179405.1250,4.5082,0.0000,4.5082,0.6273,0.5301,0.0000,3.3322,71560.6250,38,1.0440,1.5564,2187.0667,3417.4106,106217.5625,3.7951,23358.7930,0.0000,27281
44,68,Kyoto_Small,eval_over_fleet,RMCA,3600,60,54,42,0.7778,1.0000,0.0000,599.6667,85.6667,0.1329,4.6535,378.3750,280.8222,989.7489,0.5232,19.5970,16.4689,738.8050,322.0970,647.6296,107938.2734,0,0,0.0000,0.0000,0.0000,0.0000,0,0.7778,0.2222,4.7711,631.4694,wave,0.4269,0.8806,1.2856,0.0000,1.0000,0.0000,180.4252,24,526.8558,0.3646,0.9284,6,0,41569.4531,4.3704,0.0000,4.3704,0.7811,0.4937,0.0000,4.2835,21094.1602,18,1.0686,1.2845,1403.5698,1681.8663,627855.0625,3.9259,33623.7930,0.0000,34972
44,69,Kyoto_Small,eval_over_fleet,RMCA,3600,60,55,46,0.8364,1.0000,0.0000,479.7174,95.9435,0.0995,4.6508,307.5778,173.5098,995.4678,0.6473,18.8743,16.0393,765.1196,296.7850,682.7818,113796.9688,0,0,0.0000,0.0000,0.0000,0.0000,0,0.8364,0.1636,4.7423,631.4694,wave,0.3168,0.6551,1.1633,0.0000,1.0000,0.0000,108.4842,28,527.1072,0.3650,0.7951,5,0,45791.5195,4.4182,0.0000,4.4182,0.8649,0.4274,0.0000,3.2939,8639.9941,12,1.0861,1.2574,1283.4387,1524.0974,665726.5625,4.0727,36343.8164,0.0000,37553
44,70,Kyoto_Small,eval_normal_wave,MAPPO,3600,6,110,89,0.8091,1.0000,0.0000,673.5731,673.5731,0.2843,4.6333,346.9775,328.7778,1109.8134,0.6397,19.8580,18.6914,807.0604,191.2655,55.6455,9274.2422,0,0,0.0000,0.0000,0.0000,0.0000,0,0.8091,0.1909,4.6723,631.4694,wave,0.3369,0.6412,1.2716,0.0000,1.0000,0.0000,125.0149,28,530.0817,0.3755,0.7222,5,0,98773.3828,4.3909,0.0000,4.3909,0.8034,0.4991,0.0000,2.6768,36932.7383,27,1.1881,0.0000,0.0000,0.0000,44881.1172,3.4091,3975.8081,0.0000,6121
44,71,Kyoto_Small,eval_normal_wave,MAPPO,3600,6,118,81,0.6864,1.0000,0.0000,594.7901,594.7901,0.3281,4.6276,304.2875,333.8990,1092.4885,0.7181,19.8174,18.5174,871.8049,194.8435,78.3559,13059.3223,0,0,0.0000,0.0000,0.0000,0.0000,0,0.6864,0.3136,4.6781,631.4694,wave,0.3997,0.7382,1.1757,0.0000,1.0000,0.0000,85.7898,24,530.2917,0.3882,0.7198,4,0,88491.5703,4.1102,0.0000,4.1102,0.6498,0.4999,0.0000,4.0391,51074.6914,38,1.0252,0.0000,0.0000,0.0000,67146.0234,3.4322,7041.7192,0.0000,9246
44,72,Kyoto_Small,eval_normal_ramp,MAPPO,3600,6,99,76,0.7677,1.0000,0.0000,451.4474,451.4474,0.2748,4.3118,228.4342,228.8977,968.2225,0.8477,19.9611,17.1556,699.3021,171.2768,61.4141,10235.6904,0,0,0.0000,0.0000,0.0000,0.0000,0,0.7677,0.2323,4.3841,347.1364,ramp_up_down,0.2942,0.5620,1.2606,0.0000,1.0000,0.0000,34.7897,24,311.2006,0.3030,0.5457,4,0,73584.9141,4.4444,0.0000,4.4444,0.8053,0.4673,0.0000,2.2004,21021.5469,20,1.0675,0.0000,0.0000,0.0000,52282.9102,3.4646,4477.9980,0.0000,6080
44,73,Kyoto_Small,eval_normal_ramp,MAPPO,3600,6,104,86,0.8269,1.0000,0.0000,519.6860,519.6860,0.2280,4.3004,282.0952,246.9474,1110.3229,0.7872,19.6339,17.4534,880.2415,175.3676,58.1538,9692.3076,0,0,0.0000,0.0000,0.0000,0.0000,0,0.8269,0.1731,4.3123,347.1364,ramp_up_down,0.3002,0.5860,1.2640,0.0000,1.0000,0.0000,60.0307,28,311.3025,0.3238,0.4350,4,0,95487.7734,4.4038,0.0000,4.4038,0.8166,0.5411,0.0000,3.0512,47320.3164,21,1.0542,0.0000,0.0000,0.0000,49241.7227,3.3365,4534.3682,0.0000,6048
44,74,Kyoto_Small,eval_stress_shock,MAPPO,3600,5,129,107,0.8295,1.0000,0.0000,486.8224,486.8224,0.3914,4.1226,252.2952,243.1583,994.4568,0.7883,19.0698,16.3328,778.6816,58.6795,35.2093,5868.2173,0,0,0.0000,0.0000,0.0000,0.0000,0,0.8295,0.1705,4.0883,288.0000,shock_burst,0.3041,0.5450,1.2565,0.0000,1.0000,0.0000,53.4039,24,248.9139,0.5138,0.4248,4,0,106406.8828,4.3721,0.0000,4.3721,0.8113,0.4802,0.0000,1.9347,19343.1465,17,1.0928,0.0000,0.0000,0.0000,29281.7129,3.2791,2650.7930,0.0000,4542
44,75,Kyoto_Small,eval_stress_shock,MAPPO,3600,5,150,119,0.7933,1.0000,0.0000,490.8319,490.8319,0.3963,4.1034,241.4454,269.2590,953.2410,0.7896,19.8524,17.5359,733.8942,54.2275,50.9267,8487.7773,0,0,0.0000,0.0000,0.0000,0.0000,0,0.7933,0.2067,4.1589,288.0000,shock_burst,0.3392,0.6402,1.2211,0.0000,1.0000,0.0000,50.7972,28,250.6056,0.5162,0.3988,7,0,113435.6875,4.3600,0.0000,4.3600,0.7493,0.4009,0.0000,1.8701,18878.9473,23,1.1065,0.0000,0.0000,0.0000,45747.3477,3.3333,5267.4580,0.0000,7639
44,76,Kyoto_Small,eval_stress_buildup,MAPPO,3600,4,238,180,0.7563,1.0000,0.0000,535.2667,267.6333,0.5258,4.3995,307.0396,255.2843,1075.5487,0.7006,19.2263,17.1566,886.1658,24.0378,46.9958,7832.6328,0,0,0.0000,0.0000,0.0000,0.0000,0,0.7563,0.2437,4.3782,495.8625,building_up,0.2015,0.3752,1.2743,0.0000,1.0000,0.0000,91.9298,28,437.1308,0.4122,0.5777,6,1,193598.7656,4.2101,0.0000,4.2101,0.7046,0.5207,0.0000,2.4949,61535.6992,59,1.0868,0.0000,0.0000,0.0000,41248.7188,3.1218,7099.0942,0.0000,11185
44,77,Kyoto_Small,eval_stress_buildup,MAPPO,3600,4,244,185,0.7582,1.0000,0.0000,659.0649,329.5324,0.5229,4.3857,326.2935,355.4162,1178.1827,0.7222,19.8330,18.2309,868.3997,22.4244,68.7869,11464.4805,0,0,0.0000,0.0000,0.0000,0.0000,0,0.7582,0.2418,4.2854,495.8625,building_up,0.2365,0.4282,1.2050,0.0000,1.0000,0.0000,90.6569,28,437.4844,0.4412,0.5814,6,0,217963.8125,4.4549,0.0000,4.4549,0.7436,0.5231,0.0000,2.8379,102056.7031,58,1.0568,0.0000,0.0000,0.0000,62548.3281,3.3074,10613.6621,0.0000,16784
44,78,Kyoto_Small,eval_over_fleet,MAPPO,3600,60,54,42,0.7778,1.0000,0.0000,611.2857,61.1286,0.1745,4.6539,313.6667,353.0600,942.1228,0.6007,19.5970,16.4689,738.8050,322.0970,200.3889,33398.1484,0,0,0.0000,0.0000,0.0000,0.0000,0,0.7778,0.2222,4.7710,631.4694,wave,0.3709,0.7127,1.2856,0.0000,1.0000,0.0000,125.2421,24,526.9275,0.3623,0.8260,3,0,39569.1562,4.1667,0.0000,4.1667,0.7670,0.4848,0.0000,4.9986,33113.7344,19,1.4215,0.0000,0.0000,0.0000,178279.9688,3.2963,9292.8564,0.0000,10821
44,79,Kyoto_Small,eval_over_fleet,MAPPO,3600,60,55,44,0.8000,1.0000,0.0000,547.5455,68.4432,0.1454,4.6518,331.1818,250.5098,888.3176,0.5365,18.8743,16.0393,765.1196,296.7850,202.6000,33766.6680,0,0,0.0000,0.0000,0.0000,0.0000,0,0.8000,0.2000,4.7467,631.4694,wave,0.3600,0.6727,1.1633,0.0000,1.0000,0.0000,153.5183,28,526.9567,0.3637,0.7520,3,0,39085.9727,4.2364,0.0000,4.2364,0.7490,0.3870,0.0000,4.3896,15102.5029,18,2.2629,0.0000,0.0000,0.0000,184088.4531,3.3273,9785.8662,0.0000,11143
44,80,Kyoto_Small,eval_normal_wave,FaithfulMAPPER,3600,6,110,87,0.7909,1.0000,0.0000,585.6896,292.8448,0.4258,4.6307,309.2209,297.0101,1099.9640,0.7114,19.8580,18.6914,807.0604,191.2655,51.3455,8557.5762,0,0,0.0000,0.0000,0.0000,0.0000,0,0.7909,0.2091,4.6735,631.4694,wave,0.3106,0.5824,1.2716,0.0000,1.0000,0.0000,89.2281,28,530.0953,0.3825,0.6555,4,0,95696.8672,4.2636,0.0000,4.2636,0.7870,0.5002,0.0000,2.2211,24943.0000,24,1.2183,0.0000,0.0000,0.0000,41048.0352,3.3273,3666.4609,0.0000,5648
44,81,Kyoto_Small,eval_normal_wave,FaithfulMAPPER,3600,6,118,84,0.7119,1.0000,0.0000,683.0595,683.0595,0.2850,4.6250,346.1190,343.2424,1145.5612,0.6619,19.8174,18.5174,871.8049,194.8435,61.0424,10173.7285,0,0,0.0000,0.0000,0.0000,0.0000,0,0.7119,0.2881,4.6750,631.4694,wave,0.3980,0.7454,1.1757,0.0000,1.0000,0.0000,117.0068,24,530.7006,0.3889,0.6932,5,0,96227.1328,4.2797,0.0000,4.2797,0.6722,0.4986,0.0000,6.6364,140546.7344,45,1.2103,0.0000,0.0000,0.0000,49492.6289,3.3644,4736.9028,0.0000,7203
44,82,Kyoto_Small,eval_normal_ramp,FaithfulMAPPER,3600,6,99,81,0.8182,1.0000,0.0000,477.7531,477.7531,0.2641,4.3116,244.7778,250.4942,942.3173,0.7699,19.9611,17.1556,699.3021,171.2768,69.7374,11622.8955,0,0,0.0000,0.0000,0.0000,0.0000,0,0.8182,0.1818,4.3787,347.1364,ramp_up_down,0.3510,0.6618,1.2606,0.0000,1.0000,0.0000,56.3143,24,311.2753,0.3035,0.4788,5,0,76327.7031,4.4242,0.0000,4.4242,0.8142,0.4433,0.0000,2.0690,17127.8926,15,1.3554,0.0000,0.0000,0.0000,60656.2930,3.5960,5178.7202,0.0000,6904
44,83,Kyoto_Small,eval_normal_ramp,FaithfulMAPPER,3600,6,104,75,0.7212,1.0000,0.0000,502.8667,251.4333,0.3451,4.3019,265.7867,254.3146,1091.7598,0.8215,19.6339,17.4534,880.2415,175.3676,44.1731,7362.1797,0,0,0.0000,0.0000,0.0000,0.0000,0,0.7212,0.2788,4.3189,347.1364,ramp_up_down,0.3167,0.5918,1.2640,0.0000,1.0000,0.0000,47.4347,28,311.0761,0.3246,0.5251,4,0,81881.9766,4.2019,0.0000,4.2019,0.7131,0.5419,0.0000,2.5329,20241.7383,24,1.2894,0.0000,0.0000,0.0000,35251.4141,3.3173,3030.4929,0.0000,4594
44,84,Kyoto_Small,eval_stress_shock,FaithfulMAPPER,3600,5,129,106,0.8217,1.0000,0.0000,489.0472,489.0472,0.2467,4.1222,269.8113,243.9256,1002.8149,0.7433,19.0698,16.3328,778.6816,58.6795,23.7674,3961.2402,0,0,0.0000,0.0000,0.0000,0.0000,0,0.8217,0.1783,4.0970,288.0000,shock_burst,0.3396,0.6157,1.2565,0.0000,1.0000,0.0000,69.2483,24,248.9089,0.5166,0.3946,5,0,106298.3750,4.3566,0.0000,4.3566,0.7971,0.4762,0.0000,2.1152,29712.3711,18,1.0091,0.0000,0.0000,0.0000,17231.4336,3.1783,1026.4760,0.0000,3066
44,85,Kyoto_Small,eval_stress_shock,FaithfulMAPPER,3600,5,150,122,0.8133,1.0000,0.0000,502.1639,251.0820,0.4045,4.1014,245.7787,269.2837,978.8817,0.7966,19.8524,17.5359,733.8942,54.2275,45.4133,7568.8887,0,0,0.0000,0.0000,0.0000,0.0000,0,0.8133,0.1867,4.1632,288.0000,shock_burst,0.3186,0.5811,1.2211,0.0000,1.0000,0.0000,50.0023,28,250.9083,0.5148,0.4432,5,0,119423.5625,4.3133,0.0000,4.3133,0.7873,0.4109,0.0000,2.0392,31573.1035,21,1.0125,0.0000,0.0000,0.0000,39716.8516,3.3333,4301.4199,0.0000,6812
44,86,Kyoto_Small,eval_stress_buildup,FaithfulMAPPER,3600,4,238,178,0.7479,1.0000,0.0000,613.5168,306.7584,0.5306,4.3969,294.7471,339.2338,1088.6951,0.7387,19.2263,17.1566,886.1658,24.0378,45.0294,7504.9019,0,0,0.0000,0.0000,0.0000,0.0000,0,0.7479,0.2521,4.3775,495.8625,building_up,0.2197,0.3987,1.2743,0.0000,1.0000,0.0000,77.0081,28,437.7081,0.4102,0.5233,6,1,193787.7188,4.2605,0.0000,4.2605,0.7088,0.5297,0.0000,2.1792,40069.9102,51,1.0178,0.0000,0.0000,0.0000,38867.7031,3.1387,5584.3052,0.0000,10717
44,87,Kyoto_Small,eval_stress_buildup,FaithfulMAPPER,3600,4,244,186,0.7623,1.0000,0.0000,645.7850,645.7850,0.4476,4.3854,313.0879,349.8689,1156.2797,0.7386,19.8330,18.2309,868.3997,22.4244,63.6189,10603.1416,0,0,0.0000,0.0000,0.0000,0.0000,0,0.7623,0.2377,4.2833,495.8625,building_up,0.1941,0.3519,1.2050,0.0000,1.0000,0.0000,81.8320,28,437.6514,0.4400,0.5636,5,1,215068.0312,4.3648,0.0000,4.3648,0.7539,0.5274,0.0000,2.7157,89200.5859,53,1.0734,0.0000,0.0000,0.0000,56601.5273,3.4139,8189.6851,0.0000,15523
44,88,Kyoto_Small,eval_over_fleet,FaithfulMAPPER,3600,60,54,44,0.8148,1.0000,0.0000,599.0909,59.9091,0.1754,4.6560,312.9773,339.9216,987.5099,0.6310,19.5970,16.4689,738.8050,322.0970,73.4815,12246.9141,0,0,0.0000,0.0000,0.0000,0.0000,0,0.8148,0.1852,4.7702,631.4694,wave,0.3428,0.6436,1.2856,0.0000,1.0000,0.0000,115.4753,24,527.0272,0.3547,0.7741,3,0,43450.4375,4.2593,0.0000,4.2593,0.7790,0.4700,0.0000,3.6085,20480.2324,16,1.5092,0.0000,0.0000,0.0000,50180.0938,3.4074,2371.9131,0.0000,3968
44,89,Kyoto_Small,eval_over_fleet,FaithfulMAPPER,3600,60,55,42,0.7636,1.0000,0.0000,530.8810,58.9868,0.1586,4.6496,304.9762,258.8113,855.1083,0.5608,18.8743,16.0393,765.1196,296.7850,78.1455,13024.2422,0,0,0.0000,0.0000,0.0000,0.0000,0,0.7636,0.2364,4.7458,631.4694,wave,0.3131,0.6371,1.1633,0.0000,1.0000,0.0000,133.9545,28,527.0600,0.3689,0.7794,3,0,35914.5508,4.3091,0.0000,4.3091,0.6967,0.3771,0.0000,4.0988,20541.4297,20,2.4433,0.0000,0.0000,0.0000,59144.3828,3.4364,2870.3140,0.0000,4298
44,90,Kyoto_Small,eval_normal_wave,IPPO,3600,6,110,91,0.8273,1.0000,0.0000,619.0000,309.5000,0.3913,4.6337,327.4066,292.3366,1117.6600,0.6827,19.8580,18.6914,807.0604,191.2655,32.1636,5360.6060,0,0,0.0000,0.0000,0.0000,0.0000,0,0.8273,0.1727,4.6736,631.4694,wave,0.3421,0.6542,1.2716,0.0000,1.0000,0.0000,103.8746,28,530.1259,0.3745,0.6886,5,0,101707.0703,4.2545,0.0000,4.2545,0.8266,0.5022,0.0000,2.5818,33242.3164,21,1.1037,0.0000,0.0000,0.0000,20969.7461,3.4364,1304.3300,0.0000,3538
44,91,Kyoto_Small,eval_normal_wave,IPPO,3600,6,118,89,0.7542,1.0000,0.0000,604.8090,302.4045,0.4358,4.6258,327.1685,332.0571,1082.7526,0.6619,19.8174,18.5174,871.8049,194.8435,68.0847,11347.4580,0,0,0.0000,0.0000,0.0000,0.0000,0,0.7542,0.2458,4.6758,631.4694,wave,0.3746,0.6911,1.1757,0.0000,1.0000,0.0000,110.6180,24,530.6259,0.3876,0.7104,4,0,96364.9766,4.0169,0.0000,4.0169,0.6985,0.4890,0.0000,3.6671,40883.8789,39,1.2135,0.0000,0.0000,0.0000,55922.6523,3.2966,5416.1982,0.0000,8034
44,92,Kyoto_Small,eval_normal_ramp,IPPO,3600,6,99,72,0.7273,1.0000,0.0000,502.0417,502.0417,0.2443,4.3126,262.3195,249.9277,969.6855,0.7393,19.9611,17.1556,699.3021,171.2768,57.7475,9624.5791,0,0,0.0000,0.0000,0.0000,0.0000,0,0.7273,0.2727,4.3847,347.1364,ramp_up_down,0.3115,0.6000,1.2606,0.0000,1.0000,0.0000,68.3824,24,311.0970,0.3033,0.5194,4,0,69817.3594,4.4444,0.0000,4.4444,0.7564,0.4633,0.0000,2.3045,18294.0859,24,1.0030,0.0000,0.0000,0.0000,47612.6250,3.5657,3830.7190,0.0000,5717
44,93,Kyoto_Small,eval_normal_ramp,IPPO,3600,6,104,85,0.8173,1.0000,0.0000,492.8470,492.8470,0.2561,4.2986,287.6941,219.7708,1157.8967,0.8049,19.6339,17.4534,880.2415,175.3676,52.2019,8700.3203,0,0,0.0000,0.0000,0.0000,0.0000,0,0.8173,0.1827,4.3088,347.1364,ramp_up_down,0.2830,0.5413,1.2640,0.0000,1.0000,0.0000,56.1148,28,311.2303,0.3293,0.4724,4,0,98421.2188,4.3269,0.0000,4.3269,0.8434,0.5655,0.0000,2.3863,23864.4512,18,1.0778,0.0000,0.0000,0.0000,42431.6055,3.3173,3562.0601,0.0000,5429
44,94,Kyoto_Small,eval_stress_shock,IPPO,3600,5,129,114,0.8837,1.0000,0.0000,464.1228,464.1228,0.2468,4.1223,240.3947,226.7200,1018.5771,0.8474,19.0698,16.3328,778.6816,58.6795,27.5659,4594.3154,0,0,0.0000,0.0000,0.0000,0.0000,0,0.8837,0.1163,4.0930,288.0000,shock_burst,0.2966,0.5370,1.2565,0.0000,1.0000,0.0000,36.6793,24,248.9933,0.5136,0.3954,5,0,116117.7891,4.1938,0.0000,4.1938,0.8563,0.4757,0.0000,1.8107,19531.8457,14,1.9913,0.0000,0.0000,0.0000,20285.1777,3.2791,1369.6610,0.0000,3556
44,95,Kyoto_Small,eval_stress_shock,IPPO,3600,5,150,122,0.8133,1.0000,0.0000,492.7049,492.7049,0.3370,4.1040,266.4344,230.9638,976.5899,0.7331,19.8524,17.5359,733.8942,54.2275,36.9667,6161.1113,0,0,0.0000,0.0000,0.0000,0.0000,0,0.8133,0.1867,4.1646,288.0000,shock_burst,0.3356,0.6215,1.2211,0.0000,1.0000,0.0000,71.1164,28,250.5867,0.5156,0.4675,6,0,119143.9688,4.3467,0.0000,4.3467,0.8139,0.4248,0.0000,2.7650,37431.3125,20,1.0285,0.0000,0.0000,0.0000,30635.1406,3.2733,2632.3569,0.0000,5545
44,96,Kyoto_Small,eval_stress_buildup,IPPO,3600,4,238,178,0.7479,1.0000,0.0000,579.5225,579.5225,0.4584,4.3989,301.0337,308.8615,1088.7910,0.7234,19.2263,17.1566,886.1658,24.0378,58.7563,9792.7168,0,0,0.0000,0.0000,0.0000,0.0000,0,0.7479,0.2521,4.3785,495.8625,building_up,0.2049,0.3742,1.2743,0.0000,1.0000,0.0000,83.2755,28,437.2594,0.4107,0.5629,6,1,193804.7969,4.2563,0.0000,4.2563,0.7007,0.5236,0.0000,2.2807,70271.9609,60,1.1376,0.0000,0.0000,0.0000,52502.1914,3.2395,7807.4712,0.0000,13984
44,97,Kyoto_Small,eval_stress_buildup,IPPO,3600,4,244,189,0.7746,1.0000,0.0000,650.4709,325.2354,0.5976,4.3870,313.4233,373.8537,1132.2347,0.7225,19.8330,18.2309,868.3997,22.4244,98.0533,16342.2129,0,0,0.0000,0.0000,0.0000,0.0000,0,0.7746,0.2254,4.2841,495.8625,building_up,0.2049,0.3748,1.2050,0.0000,1.0000,0.0000,86.9763,28,437.4194,0.4394,0.5757,6,0,213992.3594,4.3689,0.0000,4.3689,0.7475,0.5147,0.0000,2.7456,90656.3828,42,1.2127,0.0000,0.0000,0.0000,90377.1016,3.3730,14179.1162,0.0000,23925
44,98,Kyoto_Small,eval_over_fleet,IPPO,3600,60,54,45,0.8333,1.0000,0.0000,576.4667,64.0518,0.1523,4.6578,282.8889,290.6078,954.0310,0.6745,19.5970,16.4689,738.8050,322.0970,78.5370,13089.5059,0,0,0.0000,0.0000,0.0000,0.0000,0,0.8333,0.1667,4.7694,631.4694,wave,0.3617,0.6939,1.2856,0.0000,1.0000,0.0000,92.0827,24,527.0267,0.3496,0.6803,3,0,42931.3945,4.2963,0.0000,4.2963,0.8201,0.4839,0.0000,3.6730,22880.2148,18,1.5034,0.0000,0.0000,0.0000,50236.8320,3.4444,2264.8970,0.0000,4241
44,99,Kyoto_Small,eval_over_fleet,IPPO,3600,60,55,39,0.7091,1.0000,0.0000,457.7949,57.2244,0.1413,4.6478,228.7692,256.6154,846.0583,0.7397,18.8743,16.0393,765.1196,296.7850,83.1455,13857.5762,0,0,0.0000,0.0000,0.0000,0.0000,0,0.7091,0.2909,4.7474,631.4694,wave,0.4028,0.7576,1.1633,0.0000,1.0000,0.0000,59.5576,28,527.0842,0.3732,0.7767,3,0,32996.2734,4.3636,0.0000,4.3636,0.6966,0.4061,0.0000,4.5370,43171.0000,13,2.1588,0.0000,0.0000,0.0000,63309.9258,3.4727,3063.8630,0.0000,4573
44,100,Kyoto_Small,eval_normal_wave,Hybrid,3600,6,110,84,0.7636,1.0000,0.0000,626.0595,313.0298,0.3701,4.6261,366.9881,282.0900,1061.9087,0.5787,19.8580,18.6914,807.0604,191.2655,98.3636,16393.9395,0,0,-0.0138,0.0000,0.0000,0.0000,481,0.7636,0.2364,4.6762,631.4694,wave,0.3855,0.7202,1.2716,0.0000,1.0000,0.0000,154.6064,28,530.0997,0.3943,0.7512,4,0,89200.3281,4.3727,0.0000,4.3727,0.7406,0.4875,0.0000,3.3613,53171.6953,37,1.1050,0.0000,0.0000,0.0000,86997.4531,3.4636,8314.4863,0.0000,10820
44,101,Kyoto_Small,eval_normal_wave,Hybrid,3600,6,118,91,0.7712,1.0000,0.0000,649.8792,324.9396,0.4472,4.6265,345.6813,333.7339,1095.7959,0.6340,19.8174,18.5174,871.8049,194.8435,47.7627,7960.4521,0,0,-0.0163,0.0000,0.0000,1.0000,507,0.7712,0.2288,4.6733,631.4694,wave,0.3569,0.6993,1.1757,0.0000,1.0000,0.0000,126.5221,24,530.7219,0.3837,0.6494,6,0,99717.4297,4.2966,0.0000,4.2966,0.7031,0.4814,0.0000,2.9027,32978.2852,43,1.1057,0.0000,0.0000,0.0000,35465.9414,3.5763,2817.9460,0.0000,5636
44,102,Kyoto_Small,eval_normal_ramp,Hybrid,3600,6,99,80,0.8081,1.0000,0.0000,514.3750,257.1875,0.3717,4.3121,245.6500,274.0674,968.1567,0.7882,19.9611,17.1556,699.3021,171.2768,64.7980,10799.6631,0,0,-0.0178,0.0000,0.0000,0.0000,422,0.8081,0.1919,4.3810,347.1364,ramp_up_down,0.3485,0.6469,1.2606,0.0000,1.0000,0.0000,52.0186,24,311.2639,0.3027,0.4623,4,0,77452.5391,4.2626,0.0000,4.2626,0.8399,0.4630,0.0000,2.4319,22039.1309,23,1.1471,0.0000,0.0000,0.0000,54850.4766,3.5657,4362.1958,0.0000,6415
44,103,Kyoto_Small,eval_normal_ramp,Hybrid,3600,6,104,86,0.8269,1.0000,0.0000,477.7209,477.7209,0.2617,4.2999,266.1046,240.0202,1106.4473,0.8316,19.6339,17.4534,880.2415,175.3676,51.3077,8551.2822,0,0,-0.0307,0.0000,0.0000,0.0000,429,0.8269,0.1731,4.3137,347.1364,ramp_up_down,0.3493,0.6426,1.2640,0.0000,1.0000,0.0000,44.8152,28,311.3269,0.3249,0.4433,4,0,95154.4688,4.1250,0.0000,4.1250,0.7987,0.5293,0.0000,1.8845,16361.9297,16,1.1073,0.0000,0.0000,0.0000,41338.8555,3.3462,3494.7649,0.0000,5336
44,104,Kyoto_Small,eval_stress_shock,Hybrid,3600,5,129,114,0.8837,1.0000,0.0000,458.7632,458.7632,0.3373,4.1180,255.5614,209.2258,1037.4160,0.8119,19.0698,16.3328,778.6816,58.6795,28.8372,4806.2017,0,0,-0.0319,0.0000,0.0000,0.0000,528,0.8837,0.1163,4.0979,288.0000,shock_burst,0.2660,0.4787,1.2565,0.0000,1.0000,0.0000,48.0782,24,248.9356,0.5171,0.3865,4,1,118265.4219,4.0930,0.0000,4.0930,0.8614,0.4785,0.0000,1.6528,15555.4150,9,1.5041,0.0000,0.0000,0.0000,22079.5352,3.1860,1626.8130,0.0000,3720
44,105,Kyoto_Small,eval_stress_shock,Hybrid,3600,5,150,123,0.8200,1.0000,0.0000,502.1707,502.1707,0.3293,4.1007,262.8374,255.9203,994.5160,0.7568,19.8524,17.5359,733.8942,54.2275,36.8933,6148.8887,0,0,-0.0124,0.0000,0.0000,0.0000,669,0.8200,0.1800,4.1552,288.0000,shock_burst,0.2806,0.5184,1.2211,0.0000,1.0000,0.0000,63.9342,28,250.7975,0.5166,0.4539,5,0,122325.4609,4.4600,0.0000,4.4600,0.8139,0.4213,0.0000,1.8852,19582.8418,25,1.2191,0.0000,0.0000,0.0000,30783.2734,3.3800,2573.3711,0.0000,5534
44,106,Kyoto_Small,eval_stress_buildup,Hybrid,3600,4,238,187,0.7857,1.0000,0.0000,580.3262,580.3262,0.4697,4.3977,305.9091,293.6699,1087.3425,0.7109,19.2263,17.1566,886.1658,24.0378,52.8025,8800.4199,0,0,-0.0404,0.0000,0.0000,0.0000,1016,0.7857,0.2143,4.3745,495.8625,building_up,0.1917,0.3663,1.2743,0.0000,1.0000,0.0000,88.4406,28,437.5150,0.4116,0.4839,7,0,203333.0469,4.2689,0.0000,4.2689,0.7487,0.5326,0.0000,2.1092,49025.5312,53,1.0482,0.0000,0.0000,0.0000,45989.7578,3.2563,5772.4482,0.0000,12567
44,107,Kyoto_Small,eval_stress_buildup,Hybrid,3600,4,244,181,0.7418,1.0000,0.0000,726.8840,363.4420,0.6140,4.3872,323.6000,432.1782,1157.7225,0.7155,19.8330,18.2309,868.3997,22.4244,108.5246,18087.4316,0,0,-0.0320,0.0000,0.0000,0.0000,1086,0.7418,0.2582,4.2868,495.8625,building_up,0.2069,0.3803,1.2050,0.0000,1.0000,0.0000,92.0555,28,437.5078,0.4381,0.5321,6,0,209547.7656,4.4508,0.0000,4.4508,0.7344,0.5280,0.0000,2.8913,89827.3125,55,1.1998,0.0000,0.0000,0.0000,100205.6094,3.3648,14320.0166,0.0000,26480
44,108,Kyoto_Small,eval_over_fleet,Hybrid,3600,60,54,44,0.8148,1.0000,0.0000,543.8636,67.9830,0.1451,4.6558,315.2727,258.0588,948.4071,0.6016,19.5970,16.4689,738.8050,322.0970,73.7222,12287.0371,0,0,-0.0079,0.0000,0.0000,0.0000,231,0.8148,0.1852,4.7728,631.4694,wave,0.3416,0.6404,1.2856,0.0000,1.0000,0.0000,125.5913,24,526.8947,0.3566,0.7315,3,0,41729.9141,4.2778,0.0000,4.2778,0.7805,0.4710,0.0000,9.8187,37433.5664,18,1.4800,0.0000,0.0000,0.0000,42382.8906,3.4444,1868.6700,0.0000,3981
44,109,Kyoto_Small,eval_over_fleet,Hybrid,3600,60,55,46,0.8364,1.0000,0.0000,575.1522,63.9058,0.1508,4.6538,356.3696,243.2500,905.7115,0.5083,18.8743,16.0393,765.1196,296.7850,56.2545,9375.7578,0,0,-0.0012,0.0000,0.0000,0.0000,238,0.8364,0.1636,4.7464,631.4694,wave,0.2863,0.5635,1.1633,0.0000,1.0000,0.0000,175.2273,28,527.0692,0.3566,0.7443,2,0,41662.7266,4.3273,0.0000,4.3273,0.8177,0.4041,0.0000,8.0648,26994.2090,19,2.8009,0.0000,0.0000,0.0000,36894.5625,3.4000,1587.6949,0.0000,3094
44,110,Kyoto_Small,eval_normal_wave,TokenPassing,3600,6,110,24,0.2182,1.0000,0.0000,1090.7084,272.6771,0.8013,4.6536,148.7647,808.6000,884.0748,1.0000,19.8580,18.6914,807.0604,191.2655,1127.7545,187959.0938,0,0,0.0000,0.0000,0.0000,0.0000,0,0.2182,0.7818,4.6939,631.4694,wave,0.3611,0.6455,1.2716,0.0000,1.0000,0.0000,0.0000,28,526.7552,0.3669,0.8056,8,0,21217.7930,4.9636,0.0000,0.0000,0.1755,0.4042,0.0000,9.2406,21715.2285,9,2.6203,0.0000,0.0000,0.0000,1109940.6250,0.0000,115962.9688,0.0000,124053
44,111,Kyoto_Small,eval_normal_wave,TokenPassing,3600,6,118,20,0.1695,1.0000,0.0000,952.3000,238.0750,0.8050,4.6532,191.6875,725.0588,991.5329,1.0000,19.8174,18.5174,871.8049,194.8435,1393.9407,232323.4375,0,0,0.0000,0.0000,0.0000,0.0000,0,0.1695,0.8305,4.6979,631.4694,wave,0.3667,0.7071,1.1757,0.0000,1.0000,0.0000,0.0000,24,526.9492,0.3648,0.9963,8,1,19830.6582,5.0932,0.0000,0.0000,0.1438,0.4481,0.0000,7.1798,18891.1719,12,2158.3315,0.0000,0.0000,0.0000,1375376.0000,0.0000,155516.6406,0.0000,164485
44,112,Kyoto_Small,eval_normal_ramp,TokenPassing,3600,6,99,25,0.2525,1.0000,0.0000,1156.4800,289.1200,0.7882,4.3332,258.7273,879.3478,1068.8545,0.8262,19.9611,17.1556,699.3021,171.2768,1207.8990,201316.5000,0,0,0.0000,0.0000,0.0000,0.0000,0,0.2525,0.7475,4.4050,347.1364,ramp_up_down,0.4067,0.7386,1.2606,0.0000,1.0000,0.0000,44.9564,24,308.3758,0.3039,0.6051,9,0,26721.3613,5.1616,0.0000,0.0000,0.2660,0.4692,0.0000,1.5956,3414.4683,3,5.3583,0.0000,0.0000,0.0000,1187105.0000,0.0000,112662.7422,0.0000,119582
44,113,Kyoto_Small,eval_normal_ramp,TokenPassing,3600,6,104,26,0.2500,1.0000,0.0000,960.1923,240.0481,0.8047,4.3266,189.9524,709.8636,1265.8225,1.0000,19.6339,17.4534,880.2415,175.3676,988.4711,164745.1875,0,0,0.0000,0.0000,0.0000,0.0000,0,0.2500,0.7500,4.3389,347.1364,ramp_up_down,0.2051,0.3689,1.2640,0.0000,1.0000,0.0000,0.0000,28,308.3189,0.3194,0.5952,7,2,32911.3828,5.0577,0.0000,0.0000,0.2933,0.6428,0.0000,3.0937,5446.2656,4,4.4218,0.0000,0.0000,0.0000,967793.3125,0.0000,95187.1172,0.0000,102801
44,114,Kyoto_Small,eval_stress_shock,TokenPassing,3600,5,129,30,0.2326,1.0000,0.0000,865.3666,288.4555,0.7691,4.2250,187.1250,745.5000,755.6494,0.8076,19.0698,16.3328,778.6816,58.6795,454.8372,75806.2031,0,0,0.0000,0.0000,0.0000,0.0000,0,0.2326,0.7674,4.1952,288.0000,shock_burst,0.2267,0.4082,1.2565,0.0000,1.0000,0.0000,35.9951,24,244.7094,0.4482,0.6255,9,2,22669.4824,3.8527,0.0000,0.0000,0.1896,0.4002,0.0000,1.7119,2897.1504,3,3.5632,0.0000,0.0000,0.0000,438682.0312,0.0000,49351.7773,0.0000,58674
44,115,Kyoto_Small,eval_stress_shock,TokenPassing,3600,5,150,30,0.2000,1.0000,0.0000,592.4667,197.4889,0.7616,4.2228,200.5000,455.7391,805.0683,0.8031,19.8524,17.5359,733.8942,54.2275,558.5800,93096.6641,0,0,0.0000,0.0000,0.0000,0.0000,0,0.2000,0.8000,4.2710,288.0000,shock_burst,0.3733,0.6992,1.2211,0.0000,1.0000,0.0000,39.4863,28,244.9814,0.4459,0.6264,13,0,24152.0488,3.9400,0.0000,0.0000,0.1490,0.3161,0.0000,2.5098,8195.1797,3,2.0506,0.0000,0.0000,0.0000,540829.5625,0.0000,72551.0234,0.0000,83787
44,116,Kyoto_Small,eval_stress_buildup,TokenPassing,3600,4,238,26,0.1092,1.0000,0.0000,1217.8077,608.9039,0.7499,4.4937,218.1818,1149.7826,1130.3134,1.0000,19.2263,17.1566,886.1658,24.0378,704.1218,117353.6328,0,0,0.0000,0.0000,0.0000,0.0000,0,0.1092,0.8908,4.4721,495.8625,building_up,0.2500,0.4551,1.2743,0.0000,1.0000,0.0000,0.0000,28,426.2800,0.3466,0.9161,11,3,29388.1484,2.9706,0.0000,0.0000,0.1224,0.6262,0.0000,2.1708,3023.0693,4,8.4678,0.0000,0.0000,0.0000,627979.8750,0.0000,144330.0469,0.0000,167581
44,117,Kyoto_Small,eval_stress_buildup,TokenPassing,3600,4,244,23,0.0943,1.0000,0.0000,1061.6957,353.8986,0.7540,4.4956,186.3500,913.7619,1085.9004,1.0000,19.8330,18.2309,868.3997,22.4244,632.9795,105496.5938,0,0,0.0000,0.0000,0.0000,0.0000,0,0.0943,0.9057,4.4118,495.8625,building_up,0.3370,0.6195,1.2050,0.0000,1.0000,0.0000,0.0000,28,425.6233,0.3559,0.9642,11,1,24975.7090,2.8402,0.0000,0.0000,0.0822,0.4653,0.0000,4.0660,4043.8772,7,298910.0938,0.0000,0.0000,0.0000,577381.6250,0.0000,127883.1797,0.0000,154447
44,118,Kyoto_Small,eval_over_fleet,TokenPassing,3600,60,54,45,0.8333,1.0000,0.0000,481.5111,53.5012,0.1629,4.6581,305.3111,218.5962,944.2012,0.6185,19.5970,16.4689,738.8050,322.0970,87.3148,14552.4688,0,0,0.0000,0.0000,0.0000,0.0000,0,0.8333,0.1667,4.7696,631.4694,wave,0.3226,0.6270,1.2856,0.0000,1.0000,0.0000,116.4709,24,526.9328,0.3508,0.8217,4,0,42489.0547,49.0741,0.0000,0.0000,0.8022,0.4733,0.0000,6.1357,28195.2871,18,1.1095,0.0000,0.0000,0.0000,68530.1641,0.0000,951.0420,0.0000,4715
44,119,Kyoto_Small,eval_over_fleet,TokenPassing,3600,60,55,46,0.8364,1.0000,0.0000,485.3478,60.6685,0.1455,4.6504,287.6956,225.8364,972.8997,0.6763,18.8743,16.0393,765.1196,296.7850,112.2000,18700.0000,0,0,0.0000,0.0000,0.0000,0.0000,0,0.8364,0.1636,4.7456,631.4694,wave,0.3018,0.6179,1.1633,0.0000,1.0000,0.0000,93.1157,28,527.0419,0.3671,0.7454,4,0,44753.3867,52.0000,0.0000,0.0000,0.7965,0.3936,0.0000,3.5257,16456.1719,16,1.4296,0.0000,0.0000,0.0000,93449.2578,0.0000,2223.6370,0.0000,6171
44,120,LosAngeles_Small,eval_normal_wave,RMCA,3600,6,101,33,0.3267,1.0000,0.0000,948.2121,316.0707,0.5479,4.6596,428.6897,579.2121,1435.7177,0.6698,23.7765,21.5524,941.1299,222.2476,941.8218,156970.2969,0,0,0.0000,0.0000,0.0000,0.0000,0,0.3267,0.6733,4.7188,944.3675,wave,0.3831,0.7279,1.2506,0.0000,1.0000,0.0000,141.5461,24,786.0281,0.3682,0.8778,6,0,47378.6836,4.6139,0.0000,4.6139,0.3883,0.6714,0.0000,4.1714,30253.0723,13,1.0294,2.3153,1599.3422,3087.9646,926664.8750,10.2970,89227.1953,0.0000,95124
44,121,LosAngeles_Small,eval_normal_wave,RMCA,3600,6,106,37,0.3491,1.0000,0.0000,660.6216,330.3108,0.4023,4.6580,274.5000,406.8378,1102.3434,0.8032,22.8748,20.9875,836.9074,208.1634,688.1132,114685.5312,0,0,0.0000,0.0000,0.0000,0.0000,0,0.3491,0.6509,4.7067,944.3675,wave,0.3589,0.6778,1.2195,0.0000,1.0000,0.0000,54.0313,28,786.8167,0.3587,0.9981,5,0,40786.7070,4.7264,0.0000,4.7264,0.3479,0.5151,0.0000,5.6388,50879.0000,12,1.0014,8.4603,1404.8578,2837.2947,669413.3750,8.8585,68090.8750,0.0000,72940
44,122,LosAngeles_Small,eval_normal_ramp,RMCA,3600,6,104,52,0.5000,1.0000,0.0000,664.6731,0.0000,0.1628,4.3302,306.2222,321.4286,1052.1204,0.6872,22.4673,19.2791,739.9345,205.2570,933.6731,155612.1719,0,0,0.0000,0.0000,0.0000,0.0000,0,0.5000,0.5000,4.3782,519.0942,ramp_up_down,0.4377,0.8867,1.2510,0.0000,1.0000,0.0000,95.7982,28,460.5458,0.3107,0.5298,9,0,54710.2617,4.5962,0.0000,4.5962,0.4859,0.4372,0.0000,1.6522,7891.7188,11,1.0000,12.3369,686.8420,3012.4224,920761.2500,9.0865,92351.6328,0.0000,97102
44,123,LosAngeles_Small,eval_normal_ramp,RMCA,3600,6,114,69,0.6053,1.0000,0.0000,615.4927,0.0000,0.1649,4.3257,237.4643,340.6780,1222.2487,1.0000,22.9177,21.3391,889.7188,214.8717,437.9211,72986.8438,0,0,0.0000,0.0000,0.0000,0.0000,0,0.6053,0.3947,4.3098,519.0942,ramp_up_down,0.3967,0.7468,1.2528,0.0000,1.0000,0.0000,0.0000,24,461.9450,0.3083,0.5005,8,1,84335.1562,4.6667,0.0000,4.6667,0.6276,0.6064,0.0000,1.7926,8003.1802,9,1.0000,2.4504,1479.2048,2751.6587,425285.6875,7.3947,46441.3711,0.0000,49923
44,124,LosAngeles_Small,eval_stress_shock,RMCA,3600,5,159,110,0.6918,1.0000,0.0000,563.7182,563.7182,0.2998,4.1569,210.0222,333.9583,980.8967,0.9341,23.6776,20.8884,800.7407,71.7039,179.6541,29942.3477,0,0,0.0000,0.0000,0.0000,0.0000,0,0.6918,0.3082,4.1914,430.0000,shock_burst,0.3758,0.6940,1.3100,0.0000,1.0000,0.0000,13.8429,24,369.0036,0.4880,0.5324,12,0,107898.6406,4.5346,0.0000,4.5346,0.6632,0.4943,0.0000,1.9981,16240.5381,11,1.0000,2.7291,1489.3168,3898.5918,171940.2500,5.1384,24201.4785,0.0000,28565
44,125,LosAngeles_Small,eval_stress_shock,RMCA,3600,5,174,87,0.5000,1.0000,0.0000,652.1839,652.1839,0.3882,4.1753,277.8169,335.1393,1090.3853,0.7850,23.5382,20.4981,884.3048,41.5253,300.5460,50090.9961,1,0,0.0000,0.0000,0.0000,0.0000,0,0.5000,0.5000,4.1757,430.0000,shock_burst,0.4544,0.8974,1.2036,0.0000,1.0000,0.0000,59.7398,24,367.9617,0.4748,0.5000,9,0,94863.5156,4.7471,0.0000,4.7471,0.4267,0.4415,0.0000,1.8482,18647.8496,16,1.1073,1.3631,1927.3694,2621.4978,293275.9375,5.1494,45836.3711,0.0000,52295
44,126,LosAngeles_Small,eval_stress_buildup,RMCA,3600,4,228,118,0.5175,1.0000,0.0000,644.9492,644.9492,0.3549,4.4611,240.1376,381.7479,1082.7213,0.9018,23.8314,22.6441,865.6287,29.9735,179.6447,29940.7891,0,0,0.0000,0.0000,0.0000,0.0000,0,0.5175,0.4825,4.4443,741.5442,building_up,0.3644,0.6895,1.1964,0.0000,1.0000,0.0000,23.5934,24,642.6934,0.3746,0.6983,8,0,127761.1172,4.7632,0.0000,4.7632,0.4841,0.4970,0.0000,4.0348,44883.0742,28,1.0000,3.7590,1579.8589,4566.3921,171604.8281,3.8640,35420.6445,0.0000,40959
44,127,LosAngeles_Small,eval_stress_buildup,RMCA,3600,4,192,119,0.6198,1.0000,0.0000,509.8235,0.0000,0.2326,4.4741,251.0648,279.4310,977.3636,0.7786,22.5458,19.3355,698.7172,39.8573,139.0052,23167.5352,0,0,0.0000,0.0000,0.0000,0.0000,0,0.6198,0.3802,4.4903,741.5442,building_up,0.3361,0.6484,1.2155,0.0000,1.0000,0.0000,55.5921,24,641.2875,0.3606,0.5738,9,0,116306.2734,4.6875,0.0000,4.6875,0.6005,0.4188,0.0000,2.5207,33566.6055,22,1.0000,2.0255,1519.9568,2484.4656,129730.9609,4.2448,21425.5801,0.0000,26689
44,128,LosAngeles_Small,eval_over_fleet,RMCA,3600,60,57,50,0.8772,1.0000,0.0000,523.6800,104.7360,0.0948,4.6588,322.4167,196.7600,958.0732,0.5943,21.7595,16.0877,692.7172,256.4239,853.3509,142225.1406,0,0,0.0000,0.0000,0.0000,0.0000,0,0.8772,0.1228,4.6250,944.3675,wave,0.2684,0.5607,1.2186,0.0000,1.0000,0.0000,130.8020,28,786.4228,0.3599,0.7068,4,1,47903.6562,4.3158,0.0000,4.3158,0.8830,0.4185,0.0000,2.2931,6800.6133,12,1.0561,1.3914,1466.9698,1810.1074,825823.9375,4.2807,46658.3398,0.0000,48641
44,129,LosAngeles_Small,eval_over_fleet,RMCA,3600,60,57,39,0.6842,1.0000,0.0000,518.6923,74.0989,0.1315,4.6643,345.3684,175.4348,1199.3459,0.6945,23.2248,20.0652,983.5612,343.4292,1030.8772,171812.8594,0,0,0.0000,0.0000,0.0000,0.0000,0,0.6842,0.3158,4.7150,944.3675,wave,0.3291,0.6328,1.2600,0.0000,1.0000,0.0000,105.4992,28,785.5167,0.3579,0.6934,3,0,46774.4922,4.5614,0.0000,4.5614,0.6708,0.6367,0.0000,3.6868,24007.0234,15,1.3163,1.5285,1524.2225,1855.1960,1005672.5000,3.6667,56918.4219,0.0000,58760
44,130,LosAngeles_Small,eval_normal_wave,MAPPO,3600,6,101,83,0.8218,1.0000,0.0000,671.1446,335.5723,0.3775,4.6502,368.1084,351.2210,1246.4862,0.6772,23.7765,21.5524,941.1299,222.2476,107.3663,17894.3887,0,0,0.0000,0.0000,0.0000,0.0000,0,0.8218,0.1782,4.7069,944.3675,wave,0.3478,0.6591,1.2506,0.0000,1.0000,0.0000,118.8112,24,788.5189,0.3694,0.6608,4,0,103458.3594,4.5347,0.0000,4.5347,0.8237,0.5663,0.0000,2.5112,32795.0664,30,1.2226,0.0000,0.0000,0.0000,92148.3594,3.4059,7815.2788,0.0000,10844
44,131,LosAngeles_Small,eval_normal_wave,MAPPO,3600,6,106,88,0.8302,1.0000,0.0000,605.3295,605.3295,0.2993,4.6462,298.0341,328.7800,1077.7952,0.7233,22.8748,20.9875,836.9074,208.1634,111.8113,18635.2207,0,0,0.0000,0.0000,0.0000,0.0000,0,0.8302,0.1698,4.6956,944.3675,wave,0.3072,0.5750,1.2195,0.0000,1.0000,0.0000,82.4751,28,789.5175,0.3658,0.6849,3,0,94845.9688,4.3302,0.0000,4.3302,0.8308,0.5173,0.0000,3.2441,53007.5000,35,1.0000,0.0000,0.0000,0.0000,95429.0391,3.5472,8512.7578,0.0000,11852
44,132,LosAngeles_Small,eval_normal_ramp,MAPPO,3600,6,104,76,0.7308,1.0000,0.0000,500.5921,500.5921,0.2345,4.3210,259.6267,271.0215,1055.2345,0.8129,22.4673,19.2791,739.9345,205.2570,102.6635,17110.5762,0,0,0.0000,0.0000,0.0000,0.0000,0,0.7308,0.2692,4.3683,519.0942,ramp_up_down,0.3987,0.7233,1.2510,0.0000,1.0000,0.0000,48.5798,28,462.5739,0.3082,0.4872,4,0,80197.8203,4.4808,0.0000,4.4808,0.7682,0.4729,0.0000,2.3666,27440.8730,16,1.1991,0.0000,0.0000,0.0000,90316.8438,3.5192,8148.4429,0.0000,10677
44,133,LosAngeles_Small,eval_normal_ramp,MAPPO,3600,6,114,91,0.7982,1.0000,0.0000,514.8901,514.8901,0.2374,4.3192,276.2198,255.6346,1136.7969,0.8231,22.9177,21.3391,889.7188,214.8717,90.3684,15061.4033,0,0,0.0000,0.0000,0.0000,0.0000,0,0.7982,0.2018,4.3018,519.0942,ramp_up_down,0.2890,0.5352,1.2528,0.0000,1.0000,0.0000,48.8604,24,463.2419,0.3086,0.4777,4,0,103448.5156,4.3596,0.0000,4.3596,0.7165,0.5248,0.0000,2.1968,28434.9160,21,1.0738,0.0000,0.0000,0.0000,78553.0938,3.6228,7803.9839,0.0000,10302
44,134,LosAngeles_Small,eval_stress_shock,MAPPO,3600,5,159,138,0.8679,1.0000,0.0000,480.1304,480.1304,0.2368,4.1458,261.7754,226.0537,1014.2409,0.7749,23.6776,20.8884,800.7407,71.7039,68.8553,11475.8906,0,0,0.0000,0.0000,0.0000,0.0000,0,0.8679,0.1321,4.1884,430.0000,shock_burst,0.2999,0.5421,1.3100,0.0000,1.0000,0.0000,58.9272,24,369.8781,0.4946,0.4295,6,0,139965.2344,4.3836,0.0000,4.3836,0.8465,0.5029,0.0000,1.9555,19192.4258,23,1.1823,0.0000,0.0000,0.0000,61357.9492,3.3270,7162.8818,0.0000,10948
44,135,LosAngeles_Small,eval_stress_shock,MAPPO,3600,5,174,136,0.7816,1.0000,0.0000,537.7720,268.8860,0.4792,4.1373,288.3529,282.4777,1051.8535,0.7296,23.5382,20.4981,884.3048,41.5253,68.8391,11473.1797,0,0,0.0000,0.0000,0.0000,0.0000,0,0.7816,0.2184,4.1232,430.0000,shock_burst,0.2498,0.4687,1.2036,0.0000,1.0000,0.0000,77.9822,24,370.9961,0.4979,0.5144,5,0,143052.0781,4.5805,0.0000,4.5805,0.6851,0.4534,0.0000,2.3284,42736.7188,41,1.2011,0.0000,0.0000,0.0000,60808.4609,3.3563,6926.5220,0.0000,11978
44,136,LosAngeles_Small,eval_stress_buildup,MAPPO,3600,4,228,170,0.7456,1.0000,0.0000,637.6765,318.8382,0.5904,4.4514,304.9573,362.6032,1110.0304,0.7280,23.8314,22.6441,865.6287,29.9735,99.0088,16501.4629,1,0,0.0000,0.0000,0.0000,0.0000,0,0.7456,0.2544,4.4363,741.5442,building_up,0.1953,0.3767,1.1964,0.0000,1.0000,0.0000,82.9512,24,645.2278,0.3739,0.5611,6,0,188705.1719,4.4123,0.0000,4.4123,0.7121,0.5074,0.0000,2.1185,50385.6992,54,1.1256,0.0000,0.0000,0.0000,90112.5938,3.4781,14465.7402,0.0000,22574
44,137,LosAngeles_Small,eval_stress_buildup,MAPPO,3600,4,192,150,0.7812,1.0000,0.0000,532.0333,532.0333,0.4440,4.4707,287.4000,266.2882,936.4952,0.6517,22.5458,19.3355,698.7172,39.8573,83.2969,13882.8125,0,0,0.0000,0.0000,0.0000,0.0000,0,0.7812,0.2188,4.4874,741.5442,building_up,0.2694,0.4821,1.2155,0.0000,1.0000,0.0000,100.1010,24,642.7300,0.3559,0.6371,5,0,140474.2812,4.2708,0.0000,4.2708,0.7272,0.4023,0.0000,2.8172,70209.9609,59,1.6492,0.0000,0.0000,0.0000,73112.1719,3.2448,10020.4229,0.0000,15993
44,138,LosAngeles_Small,eval_over_fleet,MAPPO,3600,60,57,47,0.8246,1.0000,0.0000,573.4468,81.9210,0.1277,4.6588,309.5319,276.6923,923.0059,0.5964,21.7595,16.0877,692.7172,256.4239,214.3684,35728.0703,0,0,0.0000,0.0000,0.0000,0.0000,0,0.8246,0.1754,4.6257,944.3675,wave,0.3404,0.6404,1.2186,0.0000,1.0000,0.0000,124.9307,28,786.3239,0.3606,0.7107,3,0,43381.2773,4.0526,0.0000,4.0526,0.7727,0.3896,0.0000,2.2215,12522.6123,13,1.7102,0.0000,0.0000,0.0000,186013.1562,3.7368,10052.3438,0.0000,12219
44,139,LosAngeles_Small,eval_over_fleet,MAPPO,3600,60,57,32,0.5614,1.0000,0.0000,694.1562,57.8464,0.2135,4.6627,375.0312,313.1633,1174.1725,0.6262,23.2248,20.0652,983.5612,343.4292,325.5965,54266.0820,0,0,0.0000,0.0000,0.0000,0.0000,0,0.5614,0.4386,4.7152,944.3675,wave,0.4172,0.8478,1.2600,0.0000,1.0000,0.0000,140.1967,28,785.6155,0.3619,0.8186,3,0,37573.5195,4.4912,0.0000,4.4912,0.5622,0.6503,0.0000,4.3440,34040.9883,27,1.7385,0.0000,0.0000,0.0000,297872.4062,3.3860,16344.2930,0.0000,18559
44,140,LosAngeles_Small,eval_normal_wave,FaithfulMAPPER,3600,6,101,78,0.7723,1.0000,0.0000,652.4872,652.4872,0.2052,4.6511,368.3205,304.1979,1224.0708,0.6647,23.7765,21.5524,941.1299,222.2476,73.6436,12273.9277,0,0,0.0000,0.0000,0.0000,0.0000,0,0.7723,0.2277,4.7058,944.3675,wave,0.3272,0.6057,1.2506,0.0000,1.0000,0.0000,123.5064,24,788.4692,0.3674,0.6513,3,0,95477.5156,4.5050,0.0000,4.5050,0.7353,0.5379,0.0000,2.5960,33969.6641,31,1.0949,0.0000,0.0000,0.0000,56297.0000,3.3762,3927.0381,0.0000,7438
44,141,LosAngeles_Small,eval_normal_wave,FaithfulMAPPER,3600,6,106,85,0.8019,1.0000,0.0000,609.5059,304.7529,0.3825,4.6464,295.8353,333.4062,1100.1854,0.7438,22.8748,20.9875,836.9074,208.1634,127.5660,21261.0059,0,0,0.0000,0.0000,0.0000,0.0000,0,0.8019,0.1981,4.6960,944.3675,wave,0.2993,0.5502,1.2195,0.0000,1.0000,0.0000,75.7982,28,789.3489,0.3665,0.6601,3,0,93515.7578,4.1887,0.0000,4.1887,0.8338,0.5375,0.0000,7.0626,73783.2969,33,1.0428,0.0000,0.0000,0.0000,109834.1797,3.3962,9637.5840,0.0000,13522
44,142,LosAngeles_Small,eval_normal_ramp,FaithfulMAPPER,3600,6,104,76,0.7308,1.0000,0.0000,487.7237,0.0000,0.1529,4.3194,275.4800,240.2637,1095.5880,0.7954,22.4673,19.2791,739.9345,205.2570,89.5769,14929.4873,0,0,0.0000,0.0000,0.0000,0.0000,0,0.7308,0.2692,4.3670,519.0942,ramp_up_down,0.3576,0.6561,1.2510,0.0000,1.0000,0.0000,56.3624,28,462.6283,0.3106,0.4526,4,0,83264.6953,4.4904,0.0000,4.4904,0.7913,0.4871,0.0000,2.1670,21348.4551,14,1.0019,0.0000,0.0000,0.0000,74891.9688,3.6923,6044.4951,0.0000,9316
44,143,LosAngeles_Small,eval_normal_ramp,FaithfulMAPPER,3600,6,114,91,0.7982,1.0000,0.0000,544.6484,544.6484,0.1934,4.3180,291.8222,283.1923,1136.7499,0.7791,22.9177,21.3391,889.7188,214.8717,61.0175,10169.5908,0,0,0.0000,0.0000,0.0000,0.0000,0,0.7982,0.2018,4.3020,519.0942,ramp_up_down,0.3044,0.5586,1.2528,0.0000,1.0000,0.0000,64.4723,24,463.3508,0.3094,0.4908,4,0,103444.2422,4.4649,0.0000,4.4649,0.7473,0.5474,0.0000,2.3332,36183.2422,29,1.1261,0.0000,0.0000,0.0000,48001.9297,3.3947,3973.5400,0.0000,6956
44,144,LosAngeles_Small,eval_stress_shock,FaithfulMAPPER,3600,5,159,136,0.8553,1.0000,0.0000,490.7206,490.7206,0.3739,4.1467,258.3971,241.9586,1015.2366,0.7858,23.6776,20.8884,800.7407,71.7039,81.9686,13661.4258,0,0,0.0000,0.0000,0.0000,0.0000,0,0.8553,0.1447,4.1796,430.0000,shock_burst,0.2784,0.5034,1.3100,0.0000,1.0000,0.0000,55.3497,24,369.6608,0.4954,0.4325,5,0,138072.1875,4.3585,0.0000,4.3585,0.8483,0.5113,0.0000,1.6952,22822.2656,26,1.3328,0.0000,0.0000,0.0000,73907.4141,3.3145,9048.7822,0.0000,13033
44,145,LosAngeles_Small,eval_stress_shock,FaithfulMAPPER,3600,5,174,128,0.7356,1.0000,0.0000,556.7891,278.3945,0.5248,4.1416,290.1797,287.6184,1076.8676,0.7422,23.5382,20.4981,884.3048,41.5253,93.6782,15613.0264,0,0,0.0000,0.0000,0.0000,0.0000,0,0.7356,0.2644,4.1383,430.0000,shock_burst,0.2399,0.4422,1.2036,0.0000,1.0000,0.0000,74.8062,24,370.7525,0.4936,0.5294,4,0,137839.0469,4.4368,0.0000,4.4368,0.6611,0.4649,0.0000,3.2851,90284.4453,34,1.0014,0.0000,0.0000,0.0000,85862.7656,3.3218,10268.7383,0.0000,16300
44,146,LosAngeles_Small,eval_stress_buildup,FaithfulMAPPER,3600,4,228,161,0.7061,1.0000,0.0000,675.0311,337.5155,0.6134,4.4529,300.6397,400.3077,1110.0557,0.7385,23.8314,22.6441,865.6287,29.9735,131.9737,21995.6133,0,0,0.0000,0.0000,0.0000,0.0000,0,0.7061,0.2939,4.4378,741.5442,building_up,0.2552,0.4589,1.1964,0.0000,1.0000,0.0000,78.6286,24,644.8100,0.3745,0.5529,5,0,178718.9688,4.4518,0.0000,4.4518,0.6677,0.5024,0.0000,2.1418,54198.7266,52,1.1901,0.0000,0.0000,0.0000,121539.2422,3.3158,18786.7168,0.0000,30090
44,147,LosAngeles_Small,eval_stress_buildup,FaithfulMAPPER,3600,4,192,137,0.7135,1.0000,0.0000,540.7227,540.7227,0.4839,4.4726,265.7279,298.6209,911.3417,0.6859,22.5458,19.3355,698.7172,39.8573,111.4792,18579.8613,0,0,0.0000,0.0000,0.0000,0.0000,0,0.7135,0.2865,4.4886,741.5442,building_up,0.2883,0.5372,1.2155,0.0000,1.0000,0.0000,83.4596,24,642.1381,0.3574,0.7023,6,0,124853.8203,4.2969,0.0000,4.2969,0.6144,0.3722,0.0000,2.6486,56244.2617,51,1.3067,0.0000,0.0000,0.0000,100010.3750,3.3177,12706.4570,0.0000,21404
44,148,LosAngeles_Small,eval_over_fleet,FaithfulMAPPER,3600,60,57,49,0.8596,1.0000,0.0000,513.4081,85.5680,0.1161,4.6595,287.9388,233.5185,919.2112,0.6385,21.7595,16.0877,692.7172,256.4239,130.0877,21681.2871,0,0,0.0000,0.0000,0.0000,0.0000,0,0.8596,0.1404,4.6254,944.3675,wave,0.3078,0.5783,1.2186,0.0000,1.0000,0.0000,104.0965,28,786.3883,0.3585,0.6697,3,0,45041.3477,3.8772,0.0000,3.8772,0.8099,0.3917,0.0000,1.8828,9530.8545,8,3.7232,0.0000,0.0000,0.0000,96985.2969,3.2105,4978.6011,0.0000,7415
44,149,LosAngeles_Small,eval_over_fleet,FaithfulMAPPER,3600,60,57,36,0.6316,1.0000,0.0000,745.8333,57.3718,0.2216,4.6624,392.4722,366.2778,1129.5947,0.5756,23.2248,20.0652,983.5612,343.4292,153.8421,25640.3516,0,0,0.0000,0.0000,0.0000,0.0000,0,0.6316,0.3684,4.7138,944.3675,wave,0.3810,0.7454,1.2600,0.0000,1.0000,0.0000,166.5533,28,785.9081,0.3600,0.7773,2,0,40665.4102,4.4561,0.0000,4.4561,0.5532,0.5689,0.0000,3.8354,40127.4219,25,2.2946,0.0000,0.0000,0.0000,126232.7891,3.4386,6428.8901,0.0000,8769
44,150,LosAngeles_Small,eval_normal_wave,IPPO,3600,6,101,85,0.8416,1.0000,0.0000,712.7647,712.7647,0.2549,4.6512,365.1765,382.8602,1235.3578,0.6766,23.7765,21.5524,941.1299,222.2476,80.9406,13490.0986,0,0,0.0000,0.0000,0.0000,0.0000,0,0.8416,0.1584,4.7061,944.3675,wave,0.3174,0.5839,1.2506,0.0000,1.0000,0.0000,118.1049,24,788.4864,0.3672,0.6956,3,0,105005.4141,4.4752,0.0000,4.4752,0.8256,0.5542,0.0000,2.8615,39555.9375,37,1.0695,0.0000,0.0000,0.0000,62637.0195,3.5149,4356.8032,0.0000,8175
44,151,LosAngeles_Small,eval_normal_wave,IPPO,3600,6,106,84,0.7925,1.0000,0.0000,660.5833,330.2917,0.4173,4.6431,350.0833,331.1224,1118.8154,0.6392,22.8748,20.9875,836.9074,208.1634,72.7264,12121.0693,0,0,0.0000,0.0000,0.0000,0.0000,0,0.7925,0.2075,4.6939,944.3675,wave,0.3199,0.5969,1.2195,0.0000,1.0000,0.0000,126.3203,28,789.5067,0.3745,0.7227,4,0,93980.4922,4.4434,0.0000,4.4434,0.8157,0.5321,0.0000,4.1280,39103.8711,31,1.0650,0.0000,0.0000,0.0000,54244.0078,3.4811,3429.0669,0.0000,7709
44,152,LosAngeles_Small,eval_normal_ramp,IPPO,3600,6,104,76,0.7308,1.0000,0.0000,482.6579,482.6579,0.2220,4.3215,249.5526,262.7826,1003.4137,0.8042,22.4673,19.2791,739.9345,205.2570,60.1154,10019.2305,0,0,0.0000,0.0000,0.0000,0.0000,0,0.7308,0.2692,4.3676,519.0942,ramp_up_down,0.4049,0.7406,1.2510,0.0000,1.0000,0.0000,48.8699,28,462.4397,0.3086,0.4737,4,0,76259.4453,4.4327,0.0000,4.4327,0.7726,0.4756,0.0000,2.1235,15656.0117,12,1.4090,0.0000,0.0000,0.0000,45456.8828,3.5096,2716.0139,0.0000,6252
44,153,LosAngeles_Small,eval_normal_ramp,IPPO,3600,6,114,92,0.8070,1.0000,0.0000,518.7717,518.7717,0.2722,4.3188,290.4239,265.8654,1119.8020,0.7711,22.9177,21.3391,889.7188,214.8717,85.0702,14178.3623,0,0,0.0000,0.0000,0.0000,0.0000,0,0.8070,0.1930,4.3020,519.0942,ramp_up_down,0.2663,0.5033,1.2528,0.0000,1.0000,0.0000,66.4635,24,463.2256,0.3091,0.4801,4,0,103021.7812,4.3421,0.0000,4.3421,0.7337,0.5316,0.0000,2.0901,29764.4551,27,1.2387,0.0000,0.0000,0.0000,70581.1016,3.4561,6476.2891,0.0000,9698
44,154,LosAngeles_Small,eval_stress_shock,IPPO,3600,5,159,130,0.8176,1.0000,0.0000,463.7000,463.7000,0.3229,4.1472,247.3846,220.1286,993.5637,0.8033,23.6776,20.8884,800.7407,71.7039,83.3648,13894.1299,0,0,0.0000,0.0000,0.0000,0.0000,0,0.8176,0.1824,4.1829,430.0000,shock_burst,0.3103,0.5625,1.3100,0.0000,1.0000,0.0000,48.6719,24,369.5406,0.4964,0.4437,6,0,129163.2734,4.3145,0.0000,4.3145,0.7900,0.4982,0.0000,2.9061,42829.9766,23,1.1439,0.0000,0.0000,0.0000,74898.0078,3.3836,9012.1826,0.0000,13255
44,155,LosAngeles_Small,eval_stress_shock,IPPO,3600,5,174,138,0.7931,1.0000,0.0000,548.9058,274.4529,0.4651,4.1440,278.3478,292.1731,1080.7583,0.7766,23.5382,20.4981,884.3048,41.5253,89.0805,14846.7432,0,0,0.0000,0.0000,0.0000,0.0000,0,0.7931,0.2069,4.1390,430.0000,shock_burst,0.2881,0.5225,1.2036,0.0000,1.0000,0.0000,62.1962,24,370.8628,0.4895,0.4477,5,0,149144.6406,4.5287,0.0000,4.5287,0.7201,0.4697,0.0000,1.6171,22418.4141,21,1.3195,0.0000,0.0000,0.0000,80156.1250,3.3218,8482.3203,0.0000,15500
44,156,LosAngeles_Small,eval_stress_buildup,IPPO,3600,4,228,156,0.6842,1.0000,0.0000,637.2180,318.6090,0.5053,4.4539,313.7097,364.2611,1129.6395,0.7202,23.8314,22.6441,865.6287,29.9735,114.4298,19071.6367,0,0,0.0000,0.0000,0.0000,0.0000,0,0.6842,0.3158,4.4384,741.5442,building_up,0.2451,0.4452,1.1964,0.0000,1.0000,0.0000,87.7818,24,644.6383,0.3737,0.6109,5,0,176223.7656,4.3991,0.0000,4.3991,0.6450,0.5009,0.0000,2.1772,57823.4297,50,1.0479,0.0000,0.0000,0.0000,103666.4141,3.3947,12386.8994,0.0000,26090
44,157,LosAngeles_Small,eval_stress_buildup,IPPO,3600,4,192,132,0.6875,1.0000,0.0000,672.8106,672.8106,0.4575,4.4710,294.7252,396.6536,954.6766,0.6478,22.5458,19.3355,698.7172,39.8573,109.3542,18225.6953,0,0,0.0000,0.0000,0.0000,0.0000,0,0.6875,0.3125,4.4857,741.5442,building_up,0.2934,0.5429,1.2155,0.0000,1.0000,0.0000,103.7899,24,642.6222,0.3560,0.6312,6,0,126017.3125,4.4427,0.0000,4.4427,0.6612,0.4157,0.0000,3.8194,83832.6250,63,2.0543,0.0000,0.0000,0.0000,95834.2266,3.5469,8696.4238,0.0000,20996
44,158,LosAngeles_Small,eval_over_fleet,IPPO,3600,60,57,43,0.7544,1.0000,0.0000,549.7209,68.7151,0.1434,4.6573,290.7442,270.3962,912.2692,0.6275,21.7595,16.0877,692.7172,256.4239,115.2456,19207.6016,0,0,0.0000,0.0000,0.0000,0.0000,0,0.7544,0.2456,4.6261,944.3675,wave,0.3784,0.7077,1.2186,0.0000,1.0000,0.0000,108.2903,28,786.3622,0.3643,0.6941,3,0,39227.5742,3.9474,0.0000,3.9474,0.6922,0.3815,0.0000,3.0405,19391.2520,12,3.3549,0.0000,0.0000,0.0000,80050.9844,3.3509,3966.0950,0.0000,6569
44,159,LosAngeles_Small,eval_over_fleet,IPPO,3600,60,57,37,0.6491,1.0000,0.0000,581.3514,52.8501,0.1833,4.6633,315.6216,330.0926,1104.2688,0.6997,23.2248,20.0652,983.5612,343.4292,83.6316,13938.5967,0,0,0.0000,0.0000,0.0000,0.0000,0,0.6491,0.3509,4.7137,944.3675,wave,0.4312,0.8153,1.2600,0.0000,1.0000,0.0000,94.7679,28,785.8861,0.3579,0.6849,2,0,40857.9453,4.4386,0.0000,4.4386,0.5326,0.5328,0.0000,3.1087,19988.6426,21,2.1003,0.0000,0.0000,0.0000,54298.5625,3.5789,2290.6660,0.0000,4767
44,160,LosAngeles_Small,eval_normal_wave,Hybrid,3600,6,101,80,0.7921,1.0000,0.0000,679.7125,679.7125,0.2701,4.6518,389.4000,290.6064,1276.1935,0.6555,23.7765,21.5524,941.1299,222.2476,63.4257,10570.9570,0,0,-0.0336,0.0000,0.0000,0.0000,428,0.7921,0.2079,4.7073,944.3675,wave,0.3714,0.6789,1.2506,0.0000,1.0000,0.0000,134.1613,24,788.3130,0.3673,0.7077,4,0,102095.4766,4.2376,0.0000,4.2376,0.8009,0.5713,0.0000,2.7836,33567.8086,33,1.3065,0.0000,0.0000,0.0000,45448.0000,3.3168,2614.1379,0.0000,6406
44,161,LosAngeles_Small,eval_normal_wave,Hybrid,3600,6,106,86,0.8113,1.0000,0.0000,731.1163,365.5581,0.4241,4.6463,393.8023,347.7010,1129.7982,0.5738,22.8748,20.9875,836.9074,208.1634,117.0377,19506.2891,0,0,-0.0241,0.0000,0.0000,0.0000,470,0.8113,0.1887,4.6941,944.3675,wave,0.3098,0.5897,1.2195,0.0000,1.0000,0.0000,167.8427,28,789.4289,0.3662,0.7540,4,0,97162.6484,4.4340,0.0000,4.4340,0.8325,0.5304,0.0000,3.1394,42250.7422,38,1.0607,0.0000,0.0000,0.0000,98695.3594,3.3774,7991.4028,0.0000,12406
44,162,LosAngeles_Small,eval_normal_ramp,Hybrid,3600,6,104,76,0.7308,1.0000,0.0000,471.3947,471.3947,0.2244,4.3210,258.6184,258.4845,1003.4216,0.7760,22.4673,19.2791,739.9345,205.2570,69.4038,11567.3076,0,0,-0.0130,0.0000,0.0000,0.0000,463,0.7308,0.2692,4.3677,519.0942,ramp_up_down,0.3443,0.6389,1.2510,0.0000,1.0000,0.0000,57.9341,28,462.5620,0.3081,0.4977,4,0,76260.0391,4.4519,0.0000,4.4519,0.7645,0.4706,0.0000,2.5690,27051.4238,21,1.2269,0.0000,0.0000,0.0000,54473.2305,3.3846,3898.4041,0.0000,7218
44,163,LosAngeles_Small,eval_normal_ramp,Hybrid,3600,6,114,92,0.8070,1.0000,0.0000,538.3587,538.3587,0.2191,4.3200,289.6739,289.5288,1107.2314,0.7645,22.9177,21.3391,889.7188,214.8717,52.0526,8675.4385,0,0,-0.0212,0.0000,0.0000,0.0000,485,0.8070,0.1930,4.3031,519.0942,ramp_up_down,0.3482,0.6653,1.2528,0.0000,1.0000,0.0000,68.2276,24,463.0997,0.3081,0.5507,5,0,101865.2891,4.2544,0.0000,4.2544,0.7140,0.5173,0.0000,3.3838,37495.0156,23,1.4828,0.0000,0.0000,0.0000,38769.9141,3.3509,2703.1321,0.0000,5934
44,164,LosAngeles_Small,eval_stress_shock,Hybrid,3600,5,159,140,0.8805,1.0000,0.0000,501.9429,250.9714,0.4009,4.1466,265.0571,246.2230,1027.5282,0.7753,23.6776,20.8884,800.7407,71.7039,82.1761,13696.0166,0,0,-0.0343,0.0000,0.0000,0.0000,671,0.8805,0.1195,4.1827,430.0000,shock_burst,0.2262,0.4159,1.3100,0.0000,1.0000,0.0000,59.5515,24,369.7828,0.4952,0.4389,5,0,143853.9531,4.2201,0.0000,4.2201,0.8732,0.5113,0.0000,1.7542,16719.5801,21,1.4382,0.0000,0.0000,0.0000,73769.6406,3.1761,8636.0713,0.0000,13066
44,165,LosAngeles_Small,eval_stress_shock,Hybrid,3600,5,174,137,0.7874,1.0000,0.0000,545.6569,545.6569,0.2910,4.1381,278.2044,299.5432,1066.7257,0.7669,23.5382,20.4981,884.3048,41.5253,51.8161,8636.0156,0,0,-0.0225,0.0000,0.0000,0.0000,771,0.7874,0.2126,4.1306,430.0000,shock_burst,0.2677,0.4916,1.2036,0.0000,1.0000,0.0000,64.8592,24,371.1183,0.4952,0.4288,5,0,146141.4219,4.4310,0.0000,4.4310,0.6997,0.4597,0.0000,1.8490,32706.4727,26,1.0027,0.0000,0.0000,0.0000,42992.1602,3.3506,2753.5420,0.0000,9016
44,166,LosAngeles_Small,eval_stress_buildup,Hybrid,3600,4,228,150,0.6579,1.0000,0.0000,703.1200,351.5600,0.6058,4.4534,308.8299,411.4497,1159.2152,0.7507,23.8314,22.6441,865.6287,29.9735,148.0877,24681.2871,0,0,-0.0246,0.0000,0.0000,0.0000,1027,0.6579,0.3421,4.4368,741.5442,building_up,0.2497,0.4599,1.1964,0.0000,1.0000,0.0000,76.9869,24,644.5684,0.3757,0.5793,6,0,173882.2812,4.5044,0.0000,4.5044,0.6744,0.5447,0.0000,2.8836,104848.7656,63,1.1557,0.0000,0.0000,0.0000,137315.0625,3.4518,16516.6504,0.0000,33764
44,167,LosAngeles_Small,eval_stress_buildup,Hybrid,3600,4,192,130,0.6771,1.0000,0.0000,655.9308,327.9654,0.6556,4.4718,294.9147,386.0486,967.2079,0.6559,22.5458,19.3355,698.7172,39.8573,170.3958,28399.3047,0,0,-0.0040,0.0000,0.0000,0.0000,863,0.6771,0.3229,4.4877,741.5442,building_up,0.2921,0.5340,1.2155,0.0000,1.0000,0.0000,101.4732,24,642.3161,0.3568,0.6564,5,0,125737.0234,4.4948,0.0000,4.4948,0.6356,0.4058,0.0000,3.1619,76564.8281,67,1.9587,0.0000,0.0000,0.0000,154647.0469,3.5573,17146.6895,0.0000,32716
44,168,LosAngeles_Small,eval_over_fleet,Hybrid,3600,60,57,44,0.7719,1.0000,0.0000,531.7955,75.9708,0.1255,4.6595,269.2727,281.4314,911.4617,0.6770,21.7595,16.0877,692.7172,256.4239,100.6842,16780.7012,0,0,0.0031,0.0000,0.0000,0.0000,219,0.7719,0.2281,4.6260,944.3675,wave,0.3612,0.6727,1.2186,0.0000,1.0000,0.0000,86.9804,28,786.3017,0.3595,0.6412,2,0,40104.3125,3.8421,0.0000,3.8421,0.7038,0.3790,0.0000,2.7439,19952.7520,14,1.4401,0.0000,0.0000,0.0000,59669.3867,3.3158,2734.6321,0.0000,5739
44,169,LosAngeles_Small,eval_over_fleet,Hybrid,3600,60,57,35,0.6140,1.0000,0.0000,712.6286,59.3857,0.2031,4.6592,386.9429,362.2264,1144.4139,0.5915,23.2248,20.0652,983.5612,343.4292,109.4035,18233.9180,0,0,0.0068,0.0000,0.0000,0.0000,253,0.6140,0.3860,4.7152,944.3675,wave,0.3441,0.7114,1.2600,0.0000,1.0000,0.0000,158.0601,28,785.8544,0.3687,0.7395,2,0,40054.4883,4.4386,0.0000,4.4386,0.5601,0.5924,0.0000,3.2244,25439.6191,23,2.3170,0.0000,0.0000,0.0000,79898.3359,3.5263,3560.4861,0.0000,6236
44,170,LosAngeles_Small,eval_normal_wave,TokenPassing,3600,6,101,19,0.1881,1.0000,0.0000,1114.3684,278.5921,0.7868,4.6644,216.6250,1026.7894,983.6064,0.9081,23.7765,21.5524,941.1299,222.2476,1527.7921,254632.0312,0,0,0.0000,0.0000,0.0000,0.0000,0,0.1881,0.8119,4.7207,944.3675,wave,0.3421,0.6425,1.2506,0.0000,1.0000,0.0000,19.9037,24,785.2344,0.3622,0.7320,7,1,18688.5215,5.1089,0.0000,0.0000,0.1446,0.4343,0.0000,2.9062,7711.6821,7,2.7978,0.0000,0.0000,0.0000,1499637.3750,0.0000,143178.2656,0.0000,154307
44,171,LosAngeles_Small,eval_normal_wave,TokenPassing,3600,6,106,19,0.1792,1.0000,0.0000,1361.3158,340.3289,0.7794,4.6579,286.7333,1110.2667,1146.9807,0.8000,22.8748,20.9875,836.9074,208.1634,1646.6038,274433.9688,0,0,0.0000,0.0000,0.0000,0.0000,0,0.1792,0.8208,4.7094,944.3675,wave,0.2368,0.4618,1.2195,0.0000,1.0000,0.0000,57.3372,28,785.8867,0.3681,0.8685,6,2,21792.6328,5.1415,0.0000,0.0000,0.1968,0.5675,0.0000,2.6339,6517.9219,10,4.5798,0.0000,0.0000,0.0000,1606646.7500,0.0000,162752.1719,0.0000,174540
44,172,LosAngeles_Small,eval_normal_ramp,TokenPassing,3600,6,104,24,0.2308,1.0000,0.0000,877.7917,219.4479,0.8062,4.3359,228.0000,653.2857,888.0214,0.7790,22.4673,19.2791,739.9345,205.2570,1634.7981,272466.3438,0,0,0.0000,0.0000,0.0000,0.0000,0,0.2308,0.7692,4.3814,519.0942,ramp_up_down,0.3056,0.5774,1.2510,0.0000,1.0000,0.0000,50.3957,28,459.6692,0.3093,0.6389,7,0,21312.5137,5.1923,0.0000,0.0000,0.2410,0.4698,0.0000,1.5801,4982.1826,4,7.0674,0.0000,0.0000,0.0000,1605546.2500,0.0000,158597.0781,0.0000,170019
44,173,LosAngeles_Small,eval_normal_ramp,TokenPassing,3600,6,114,30,0.2632,1.0000,0.0000,850.3000,212.5750,0.7850,4.3394,210.3077,617.1071,1204.3197,1.0000,22.9177,21.3391,889.7188,214.8717,2033.7106,338951.7812,0,0,0.0000,0.0000,0.0000,0.0000,0,0.2632,0.7368,4.3249,519.0942,ramp_up_down,0.2444,0.4619,1.2528,0.0000,1.0000,0.0000,0.0000,24,459.9070,0.3025,0.4848,7,1,36129.5898,4.9912,0.0000,0.0000,0.2258,0.5017,0.0000,1.4901,3226.1338,4,23.1590,0.0000,0.0000,0.0000,2007865.5000,0.0000,218753.2031,0.0000,231843
44,174,LosAngeles_Small,eval_stress_shock,TokenPassing,3600,5,159,25,0.1572,1.0000,0.0000,729.6000,243.2000,0.7737,4.2508,173.7000,690.9565,805.4647,0.9274,23.6776,20.8884,800.7407,71.7039,1130.3145,188385.7500,0,0,0.0000,0.0000,0.0000,0.0000,0,0.1572,0.8428,4.2879,430.0000,shock_burst,0.3840,0.7483,1.3100,0.0000,1.0000,0.0000,12.6071,24,363.4600,0.4328,0.6715,12,1,20136.6172,3.7799,0.0000,0.0000,0.1123,0.3683,0.0000,2.9294,5495.9341,3,9.4990,0.0000,0.0000,0.0000,1102429.7500,0.0000,162311.0625,0.0000,179720
44,175,LosAngeles_Small,eval_stress_shock,TokenPassing,3600,5,174,23,0.1322,1.0000,0.0000,982.2609,327.4203,0.7666,4.2492,223.5789,776.3500,1034.2802,0.9252,23.5382,20.4981,884.3048,41.5253,727.8563,121309.3906,0,0,0.0000,0.0000,0.0000,0.0000,0,0.1322,0.8678,4.2473,430.0000,shock_burst,0.2957,0.5602,1.2036,0.0000,1.0000,0.0000,16.7229,24,363.7556,0.4309,0.7351,7,1,23788.4453,3.9080,0.0000,0.0000,0.1179,0.4614,0.0000,2.1827,3736.5344,5,7.1327,0.0000,0.0000,0.0000,689017.6250,0.0000,106617.9062,0.0000,126647
44,176,LosAngeles_Small,eval_stress_buildup,TokenPassing,3600,4,228,27,0.1184,1.0000,0.0000,1111.8518,555.9259,0.7480,4.5095,163.5217,960.5200,912.3707,1.0000,23.8314,22.6441,865.6287,29.9735,904.3772,150729.5312,0,0,0.0000,0.0000,0.0000,0.0000,0,0.1184,0.8816,4.4946,741.5442,building_up,0.3611,0.6573,1.1964,0.0000,1.0000,0.0000,0.0000,24,634.5353,0.3429,0.8924,12,1,24634.0078,2.9693,0.0000,0.0000,0.1087,0.4879,0.0000,2.1608,4317.2178,4,2.1413,0.0000,0.0000,0.0000,857260.5625,0.0000,176105.4688,0.0000,206198
44,177,LosAngeles_Small,eval_stress_buildup,TokenPassing,3600,4,192,25,0.1302,1.0000,0.0000,549.5200,274.7600,0.7425,4.5131,127.4444,497.7500,701.9747,1.0000,22.5458,19.3355,698.7172,39.8573,807.1562,134526.0469,0,0,0.0000,0.0000,0.0000,0.0000,0,0.1302,0.8698,4.5266,741.5442,building_up,0.1500,0.2857,1.2155,0.0000,1.0000,0.0000,0.0000,24,634.3361,0.3380,0.9446,9,4,17549.3672,3.1094,0.0000,0.0000,0.0854,0.2835,0.0000,5.3439,11951.9463,9,2.1909,0.0000,0.0000,0.0000,769530.0000,0.0000,131377.9531,0.0000,154974
44,178,LosAngeles_Small,eval_over_fleet,TokenPassing,3600,60,57,51,0.8947,1.0000,0.0000,469.8235,58.7279,0.1381,4.6574,289.5490,187.9454,954.0312,0.6590,21.7595,16.0877,692.7172,256.4239,151.5789,25263.1582,0,0,0.0000,0.0000,0.0000,0.0000,0,0.8947,0.1053,4.6253,944.3675,wave,0.3070,0.5992,1.2186,0.0000,1.0000,0.0000,98.7428,28,786.4978,0.3627,0.6614,4,0,48655.5938,49.1228,0.0000,0.0000,0.8560,0.3977,0.0000,3.3710,17734.2109,11,1.4242,0.0000,0.0000,0.0000,125942.3672,0.0000,2241.9700,0.0000,8640
44,179,LosAngeles_Small,eval_over_fleet,TokenPassing,3600,60,57,48,0.8421,1.0000,0.0000,499.9375,49.9938,0.1736,4.6629,333.3542,170.4107,1177.1661,0.7063,23.2248,20.0652,983.5612,343.4292,120.4912,20081.8711,0,0,0.0000,0.0000,0.0000,0.0000,0,0.8421,0.1579,4.7108,944.3675,wave,0.2795,0.5629,1.2600,0.0000,1.0000,0.0000,97.9209,28,785.8881,0.3587,0.6412,3,0,56503.9766,51.9298,0.0000,0.0000,0.7182,0.5539,0.0000,3.2182,24417.7832,14,1.1823,0.0000,0.0000,0.0000,94320.3359,0.0000,415.8240,0.0000,6868
44,180,Paris_Small,generalize_normal_wave,RMCA,3600,6,105,46,0.4381,1.0000,0.0000,685.0435,342.5217,0.3465,4.6631,215.7436,454.9048,968.0193,0.8974,23.1932,20.6390,829.7248,200.1333,1212.9429,202157.1406,0,0,0.0000,0.0000,0.0000,0.0000,0,0.4381,0.5619,4.7389,1812.0836,wave,0.4935,0.9634,1.2427,0.0000,1.0000,0.0000,22.1397,28,1506.8658,0.3553,0.6786,8,0,44528.8867,4.7429,0.0000,4.7429,0.4006,0.4755,0.0000,2.5409,12244.3467,8,1.0000,6.1312,1092.4263,2702.2681,1184763.6250,8.3905,117062.2578,0.0000,127359
44,181,Paris_Small,generalize_normal_wave,RMCA,3600,6,97,48,0.4948,1.0000,0.0000,729.1250,364.5625,0.4142,4.6655,244.8864,465.7551,1056.9072,0.8632,23.5556,22.4199,835.9393,230.0089,1170.3402,195056.7031,0,0,0.0000,0.0000,0.0000,0.0000,0,0.4948,0.5052,4.6969,1812.0836,wave,0.5125,1.0240,1.2173,0.0000,1.0000,0.0000,33.5049,28,1506.0372,0.3569,0.8774,10,0,50731.5508,4.7010,0.0000,4.7010,0.4951,0.4956,0.0000,3.3915,22566.4570,18,1.0321,6.9051,967.4870,2715.7534,1142419.2500,7.8247,106045.4141,0.0000,113523
44,182,Paris_Small,generalize_normal_ramp,RMCA,3600,6,103,72,0.6990,1.0000,0.0000,533.9722,533.9722,0.1839,4.3468,235.1270,266.4849,1034.0341,0.8796,23.4738,21.5387,870.8417,206.2207,293.7281,48954.6914,0,0,0.0000,0.0000,0.0000,0.0000,0,0.6990,0.3010,4.3607,995.9542,ramp_up_down,0.3993,0.7136,1.2418,0.0000,1.0000,0.0000,28.3202,28,880.7100,0.2972,0.5208,8,0,74450.4531,4.5728,0.0000,4.5728,0.6361,0.4893,0.0000,2.1512,16669.1016,15,1.0000,1.7984,1813.8352,3105.6897,272541.5000,6.2136,25980.1367,0.0000,30254
44,183,Paris_Small,generalize_normal_ramp,RMCA,3600,6,115,81,0.7043,1.0000,0.0000,508.0741,508.0741,0.1732,4.3365,245.0580,245.3973,901.7183,0.7359,23.9100,22.4990,755.3020,207.1463,265.6956,44282.6094,0,0,0.0000,0.0000,0.0000,0.0000,0,0.7043,0.2957,4.3459,995.9542,ramp_up_down,0.3893,0.8019,1.2560,0.0000,1.0000,0.0000,64.7143,24,882.3492,0.3013,0.5110,12,0,73039.1797,4.6696,0.0000,4.6696,0.6870,0.4831,0.0000,1.7412,11832.3770,16,1.0000,1.3595,2085.6487,2701.8005,251286.0000,5.9304,26978.3164,0.0000,30555
44,184,Paris_Small,generalize_stress_shock,RMCA,3600,5,186,103,0.5538,1.0000,0.0000,485.3010,0.0000,0.1979,4.2215,236.9462,255.7451,980.5159,0.8276,23.6186,20.8596,845.6021,46.8079,295.6183,49269.7148,0,0,0.0000,0.0000,0.0000,0.0000,0,0.5538,0.4462,4.2582,825.8000,shock_burst,0.3839,0.6832,1.2603,0.0000,1.0000,0.0000,40.8431,24,701.3214,0.4477,0.5264,6,0,100993.1328,4.6774,0.0000,4.6774,0.5272,0.5047,0.0000,2.7184,37929.8477,25,1.0079,1.3590,2114.7217,2697.0640,287771.3125,4.9247,47954.6328,0.0000,54985
44,185,Paris_Small,generalize_stress_shock,RMCA,3600,5,152,102,0.6711,1.0000,0.0000,557.6765,0.0000,0.1789,4.2189,279.2717,319.3889,1193.7902,0.8549,23.0044,20.6310,990.4547,63.1648,140.7566,23459.4297,0,0,0.0000,0.0000,0.0000,0.0000,0,0.6711,0.3289,4.1763,825.8000,shock_burst,0.3467,0.6222,1.2635,0.0000,1.0000,0.0000,40.5137,24,700.3503,0.4553,0.5013,6,0,121766.5938,4.4276,0.0000,4.4276,0.6650,0.6354,0.0000,2.0677,29619.6387,21,1.0000,2.2677,1807.3767,3811.3545,129051.9766,3.7434,15681.0430,0.0000,21395
44,186,Paris_Small,generalize_stress_buildup,RMCA,3600,4,244,160,0.6557,1.0000,0.0000,536.6813,0.0000,0.1353,4.4808,260.4514,281.7423,967.6641,0.7431,23.8142,22.8055,822.0649,34.9826,182.8607,30476.7754,0,0,0.0000,0.0000,0.0000,0.0000,0,0.6557,0.3443,4.4441,1422.8550,building_up,0.3695,0.6789,1.2963,0.0000,1.0000,0.0000,66.9186,28,1226.1539,0.3590,0.6940,8,0,154826.2656,4.6352,0.0000,4.6352,0.6343,0.5132,0.0000,2.9903,50215.2500,47,1.0000,2.0483,1633.8207,3253.5793,173082.9219,3.8893,37185.6016,0.0000,44618
44,187,Paris_Small,generalize_stress_buildup,RMCA,3600,4,216,128,0.5926,1.0000,0.0000,568.7734,568.7734,0.2956,4.4903,254.2566,319.5038,934.9907,0.7355,23.6423,21.9978,798.7840,38.2709,312.3889,52064.8164,1,0,0.0000,0.0000,0.0000,0.0000,0,0.5926,0.4074,4.4987,1422.8550,building_up,0.3753,0.7123,1.2803,0.0000,1.0000,0.0000,67.2585,24,1224.3186,0.3455,0.6458,8,0,119678.8125,4.7176,0.0000,4.7176,0.5242,0.4523,0.0000,2.5574,32679.0020,39,1.0000,12.8701,1055.5996,4228.3257,302180.1250,4.0926,60703.3047,0.0000,67476
44,188,Paris_Small,generalize_over_fleet,RMCA,3600,60,49,41,0.8367,1.0000,0.0000,471.5366,117.8841,0.0786,4.6682,300.0000,180.0238,960.1066,0.6401,21.9897,19.3039,778.7290,308.0779,1186.1837,197697.2812,0,0,0.0000,0.0000,0.0000,0.0000,0,0.8367,0.1633,4.6945,1812.0836,wave,0.3092,0.6185,1.2853,0.0000,1.0000,0.0000,107.9787,28,1504.9661,0.3532,0.7101,4,0,39364.3711,3.8367,0.0000,3.8367,0.8489,0.5090,0.0000,2.4584,8300.1514,14,3.9802,2.4285,1242.0771,1508.9801,1143076.6250,3.9592,55374.5273,0.0000,58123
44,189,Paris_Small,generalize_over_fleet,RMCA,3600,60,55,48,0.8727,1.0000,0.0000,456.1458,76.0243,0.1129,4.6674,307.3333,158.8039,870.2717,0.5663,23.4165,21.4292,756.9912,309.0878,1102.5454,183757.5781,0,0,0.0000,0.0000,0.0000,0.0000,0,0.8727,0.1273,4.7156,1812.0836,wave,0.3185,0.6319,1.2881,0.0000,1.0000,0.0000,133.2790,28,1505.0997,0.3552,0.8286,4,0,41773.0391,4.4909,0.0000,4.4909,0.8384,0.4523,0.0000,3.0383,13401.5850,15,1.0876,1.4555,1259.3062,1618.6799,1067959.8750,3.8909,57984.4141,0.0000,60640
44,190,Paris_Small,generalize_normal_wave,MAPPO,3600,6,105,85,0.8095,1.0000,0.0000,652.9059,652.9059,0.2491,4.6568,315.5238,349.0000,969.3154,0.6144,23.1932,20.6390,829.7248,200.1333,121.2476,20207.9355,0,0,0.0000,0.0000,0.0000,0.0000,0,0.8095,0.1905,4.7338,1812.0836,wave,0.3720,0.7093,1.2427,0.0000,1.0000,0.0000,121.6607,28,1509.0444,0.3617,0.7946,4,0,82391.8125,4.2667,0.0000,4.2667,0.7672,0.4927,0.0000,3.5094,44782.7734,44,1.3548,0.0000,0.0000,0.0000,100085.3984,3.5619,8038.1260,0.0000,12731
44,191,Paris_Small,generalize_normal_wave,MAPPO,3600,6,97,75,0.7732,1.0000,0.0000,637.7867,637.7867,0.3162,4.6597,329.4400,370.2581,975.9720,0.5925,23.5556,22.4199,835.9393,230.0089,179.6804,29946.7363,0,0,0.0000,0.0000,0.0000,0.0000,0,0.7732,0.2268,4.6932,1812.0836,wave,0.4005,0.7448,1.2173,0.0000,1.0000,0.0000,134.2456,28,1507.6528,0.3654,0.7052,4,0,73197.8984,4.4639,0.0000,4.4639,0.7090,0.4542,0.0000,3.3247,35376.2344,40,1.0437,0.0000,0.0000,0.0000,154429.6094,3.4845,12279.4609,0.0000,17429
44,192,Paris_Small,generalize_normal_ramp,MAPPO,3600,6,103,80,0.7767,1.0000,0.0000,501.4250,501.4250,0.2410,4.3448,260.7250,266.5252,977.1110,0.7495,23.4738,21.5387,870.8417,206.2207,129.4854,21580.9062,0,0,0.0000,0.0000,0.0000,0.0000,0,0.7767,0.2233,4.3587,995.9542,ramp_up_down,0.3255,0.6057,1.2418,0.0000,1.0000,0.0000,65.3028,28,881.5697,0.2968,0.5198,3,0,78168.8750,4.3689,0.0000,4.3689,0.6638,0.4596,0.0000,2.0545,18878.9609,20,1.1819,0.0000,0.0000,0.0000,111865.1719,3.6408,9860.0518,0.0000,13337
44,193,Paris_Small,generalize_normal_ramp,MAPPO,3600,6,115,90,0.7826,1.0000,0.0000,445.5889,0.0000,0.0697,4.3341,227.4205,243.7327,847.7878,0.7456,23.9100,22.4990,755.3020,207.1463,105.7739,17628.9863,0,0,0.0000,0.0000,0.0000,0.0000,0,0.7826,0.2174,4.3433,995.9542,ramp_up_down,0.3264,0.6104,1.2560,0.0000,1.0000,0.0000,57.8629,24,883.1983,0.3013,0.4151,5,0,76300.8984,4.4174,0.0000,4.4174,0.6715,0.4250,0.0000,2.4717,36224.9219,20,1.1546,0.0000,0.0000,0.0000,91135.8984,3.5478,8639.9756,0.0000,12164
44,194,Paris_Small,generalize_stress_shock,MAPPO,3600,5,186,136,0.7312,1.0000,0.0000,536.2867,268.1434,0.4103,4.2105,259.3358,281.4706,1004.9315,0.7750,23.6186,20.8596,845.6021,46.8079,127.2903,21215.0547,0,0,0.0000,0.0000,0.0000,0.0000,0,0.7312,0.2688,4.2470,825.8000,shock_burst,0.2817,0.5130,1.2603,0.0000,1.0000,0.0000,58.3495,24,703.3317,0.4523,0.4315,5,0,136670.6875,4.5591,0.0000,4.5591,0.7184,0.5209,0.0000,2.3243,43380.0547,22,1.2007,0.0000,0.0000,0.0000,118712.1328,3.2366,15336.1348,0.0000,23676
44,195,Paris_Small,generalize_stress_shock,MAPPO,3600,5,152,132,0.8684,1.0000,0.0000,541.4621,270.7310,0.4424,4.2149,310.6591,239.1597,1164.3278,0.7496,23.0044,20.6310,990.4547,63.1648,88.5987,14766.4473,0,0,0.0000,0.0000,0.0000,0.0000,0,0.8684,0.1316,4.1716,825.8000,shock_burst,0.2787,0.5211,1.2635,0.0000,1.0000,0.0000,77.7935,24,700.7717,0.4580,0.3779,6,0,153691.2656,4.1842,0.0000,4.1842,0.8312,0.6136,0.0000,1.8332,19819.2852,18,1.0000,0.0000,0.0000,0.0000,75778.1172,3.1316,8270.0605,0.0000,13467
44,196,Paris_Small,generalize_stress_buildup,MAPPO,3600,4,244,184,0.7541,1.0000,0.0000,565.3098,282.6549,0.5043,4.4783,273.0112,309.5366,927.8488,0.6797,23.8142,22.8055,822.0649,34.9826,144.8033,24133.8789,0,0,0.0000,0.0000,0.0000,0.0000,0,0.7541,0.2459,4.4414,1422.8550,building_up,0.2236,0.4450,1.2963,0.0000,1.0000,0.0000,87.4415,28,1227.2461,0.3597,0.6284,8,0,170724.1875,4.2131,0.0000,4.2131,0.6855,0.4823,0.0000,2.6555,70050.2578,68,1.1372,0.0000,0.0000,0.0000,134686.6094,3.3525,24345.2129,0.0000,35332
44,197,Paris_Small,generalize_stress_buildup,MAPPO,3600,4,216,157,0.7269,1.0000,0.0000,605.2739,605.2739,0.4863,4.4860,295.0956,327.9831,947.2559,0.6420,23.6423,21.9978,798.7840,38.2709,143.0139,23835.6484,0,0,0.0000,0.0000,0.0000,0.0000,0,0.7269,0.2731,4.4933,1422.8550,building_up,0.2412,0.4355,1.2803,0.0000,1.0000,0.0000,105.6444,24,1226.3730,0.3456,0.6377,5,0,148719.1719,4.4537,0.0000,4.4537,0.6928,0.4873,0.0000,3.4579,102538.3906,75,1.1764,0.0000,0.0000,0.0000,130741.4609,3.5231,19029.0078,0.0000,30891
44,198,Paris_Small,generalize_over_fleet,MAPPO,3600,60,49,42,0.8571,1.0000,0.0000,479.1667,95.8333,0.0999,4.6681,279.0238,207.6383,905.0972,0.6488,21.9897,19.3039,778.7290,308.0779,236.5714,39428.5703,0,0,0.0000,0.0000,0.0000,0.0000,0,0.8571,0.1429,4.6930,1812.0836,wave,0.4270,0.7854,1.2853,0.0000,1.0000,0.0000,98.0044,28,1505.2728,0.3521,0.6021,4,0,38014.0820,3.8163,0.0000,3.8163,0.8250,0.4829,0.0000,1.8579,9605.5938,8,1.7290,0.0000,0.0000,0.0000,183775.7969,3.2041,8237.7109,0.0000,11592
44,199,Paris_Small,generalize_over_fleet,MAPPO,3600,60,55,48,0.8727,1.0000,0.0000,636.3750,63.6375,0.1722,4.6683,341.6875,298.7308,883.3062,0.5170,23.4165,21.4292,756.9912,309.0878,405.3273,67554.5469,0,0,0.0000,0.0000,0.0000,0.0000,0,0.8727,0.1273,4.7146,1812.0836,wave,0.2971,0.6208,1.2881,0.0000,1.0000,0.0000,165.0263,28,1505.1536,0.3531,0.8701,4,0,42398.6992,4.1091,0.0000,4.1091,0.8501,0.4586,0.0000,3.5302,23932.4844,19,1.5470,0.0000,0.0000,0.0000,369907.3438,3.3818,19297.0996,0.0000,22293
44,200,Paris_Small,generalize_normal_wave,FaithfulMAPPER,3600,6,105,82,0.7810,1.0000,0.0000,608.1951,608.1951,0.3213,4.6574,288.0122,359.3830,972.0090,0.6750,23.1932,20.6390,829.7248,200.1333,122.8476,20474.6035,0,0,0.0000,0.0000,0.0000,0.0000,0,0.7810,0.2190,4.7331,1812.0836,wave,0.3494,0.6379,1.2427,0.0000,1.0000,0.0000,93.6104,28,1508.9266,0.3604,0.7045,3,0,79704.7344,4.4571,0.0000,4.4571,0.7190,0.4787,0.0000,2.8495,35186.2266,34,1.1435,0.0000,0.0000,0.0000,101074.0859,3.4857,7664.3218,0.0000,12899
44,201,Paris_Small,generalize_normal_wave,FaithfulMAPPER,3600,6,97,73,0.7526,1.0000,0.0000,670.9863,335.4932,0.4923,4.6619,332.9315,395.0000,990.6442,0.5951,23.5556,22.4199,835.9393,230.0089,163.0722,27178.6934,0,0,0.0000,0.0000,0.0000,0.0000,0,0.7526,0.2474,4.6921,1812.0836,wave,0.3721,0.7381,1.2173,0.0000,1.0000,0.0000,134.8027,28,1507.4725,0.3600,0.7902,4,0,72317.0312,4.4021,0.0000,4.4021,0.7368,0.4849,0.0000,4.0114,54902.8125,40,1.0787,0.0000,0.0000,0.0000,137336.4531,3.4845,10573.5801,0.0000,15818
44,202,Paris_Small,generalize_normal_ramp,FaithfulMAPPER,3600,6,103,80,0.7767,1.0000,0.0000,516.2250,0.0000,0.1560,4.3446,279.4000,268.6044,1019.0295,0.7294,23.4738,21.5387,870.8417,206.2207,87.7184,14619.7412,0,0,0.0000,0.0000,0.0000,0.0000,0,0.7767,0.2233,4.3592,995.9542,ramp_up_down,0.3090,0.5844,1.2418,0.0000,1.0000,0.0000,75.5941,28,881.5697,0.2969,0.4566,4,0,81522.3594,4.5437,0.0000,4.5437,0.7414,0.5133,0.0000,1.9047,14464.1133,15,1.0174,0.0000,0.0000,0.0000,69128.5625,3.3689,5159.5718,0.0000,9035
44,203,Paris_Small,generalize_normal_ramp,FaithfulMAPPER,3600,6,115,96,0.8348,1.0000,0.0000,456.8646,456.8646,0.2440,4.3338,240.3125,233.6204,898.5303,0.7478,23.9100,22.4990,755.3020,207.1463,110.4087,18401.4492,0,0,0.0000,0.0000,0.0000,0.0000,0,0.8348,0.1652,4.3420,995.9542,ramp_up_down,0.3467,0.6770,1.2560,0.0000,1.0000,0.0000,60.6064,24,883.2525,0.3016,0.4365,6,0,86258.9141,4.2783,0.0000,4.2783,0.7679,0.4556,0.0000,1.7705,12494.4688,20,1.0326,0.0000,0.0000,0.0000,94869.3281,3.5391,8768.1025,0.0000,12697
44,204,Paris_Small,generalize_stress_shock,FaithfulMAPPER,3600,5,186,140,0.7527,1.0000,0.0000,498.1071,498.1071,0.2997,4.2121,274.4857,235.2038,994.9298,0.7249,23.6186,20.8596,845.6021,46.8079,80.3441,13390.6807,0,0,0.0000,0.0000,0.0000,0.0000,0,0.7527,0.2473,4.2497,825.8000,shock_burst,0.2831,0.5082,1.2603,0.0000,1.0000,0.0000,75.4998,24,703.0405,0.4518,0.4398,5,0,139290.1719,4.4839,0.0000,4.4839,0.7195,0.5068,0.0000,2.7281,70080.4688,28,1.0266,0.0000,0.0000,0.0000,71290.5156,3.1613,6355.3408,0.0000,14944
44,205,Paris_Small,generalize_stress_shock,FaithfulMAPPER,3600,5,152,134,0.8816,1.0000,0.0000,519.2015,519.2015,0.3609,4.2167,269.1429,257.5916,1136.1345,0.8443,23.0044,20.6310,990.4547,63.1648,84.6316,14105.2627,0,0,0.0000,0.0000,0.0000,0.0000,0,0.8816,0.1184,4.1723,825.8000,shock_burst,0.2584,0.4747,1.2635,0.0000,1.0000,0.0000,41.9160,24,700.7422,0.4559,0.4031,5,1,152242.0156,4.3355,0.0000,4.3355,0.7981,0.5804,0.0000,2.7214,47431.8672,18,1.0121,0.0000,0.0000,0.0000,71302.8359,3.0658,6932.1929,0.0000,12864
44,206,Paris_Small,generalize_stress_buildup,FaithfulMAPPER,3600,4,244,177,0.7254,1.0000,0.0000,596.4859,298.2430,0.5814,4.4771,287.1657,338.2071,915.8033,0.6378,23.8142,22.8055,822.0649,34.9826,120.6189,20103.1426,1,0,0.0000,0.0000,0.0000,0.0000,0,0.7254,0.2746,4.4402,1422.8550,building_up,0.2430,0.4395,1.2963,0.0000,1.0000,0.0000,104.0050,28,1227.5383,0.3602,0.5765,6,0,162097.1875,4.2992,0.0000,4.2992,0.6725,0.4919,0.0000,2.8691,75220.9688,60,1.1425,0.0000,0.0000,0.0000,109081.4766,3.2828,14145.0439,0.0000,29431
44,207,Paris_Small,generalize_stress_buildup,FaithfulMAPPER,3600,4,216,159,0.7361,1.0000,0.0000,567.8553,283.9277,0.5540,4.4858,277.0566,339.2989,929.8666,0.6712,23.6423,21.9978,798.7840,38.2709,129.6944,21615.7402,0,0,0.0000,0.0000,0.0000,0.0000,0,0.7361,0.2639,4.4928,1422.8550,building_up,0.2433,0.4456,1.2803,0.0000,1.0000,0.0000,91.0833,24,1226.4978,0.3454,0.5893,5,0,147848.7812,4.4167,0.0000,4.4167,0.6675,0.4636,0.0000,2.6423,59669.2969,57,1.0636,0.0000,0.0000,0.0000,115320.0391,3.3657,13310.6514,0.0000,28014
44,208,Paris_Small,generalize_over_fleet,FaithfulMAPPER,3600,60,49,39,0.7959,1.0000,0.0000,533.8975,76.2711,0.1186,4.6655,305.1622,275.8864,961.9971,0.6305,21.9897,19.3039,778.7290,308.0779,271.2449,45207.4844,0,0,0.0000,0.0000,0.0000,0.0000,0,0.7959,0.2041,4.6945,1812.0836,wave,0.4381,0.8520,1.2853,0.0000,1.0000,0.0000,112.7627,28,1505.1873,0.3595,0.6389,4,0,37517.8906,3.8571,0.0000,3.8571,0.8348,0.5262,0.0000,3.4468,15847.7041,12,1.9827,0.0000,0.0000,0.0000,212332.0156,3.1633,9468.2080,0.0000,13291
44,209,Paris_Small,generalize_over_fleet,FaithfulMAPPER,3600,60,55,50,0.9091,1.0000,0.0000,579.9600,64.4400,0.1553,4.6669,329.9000,247.8302,901.3960,0.5465,23.4165,21.4292,756.9912,309.0878,174.0364,29006.0605,0,0,0.0000,0.0000,0.0000,0.0000,0,0.9091,0.0909,4.7145,1812.0836,wave,0.2790,0.5872,1.2881,0.0000,1.0000,0.0000,149.6208,28,1505.2533,0.3556,0.8257,3,0,45069.8008,3.9636,0.0000,3.9636,0.8774,0.4544,0.0000,3.4606,18883.2227,14,1.4675,0.0000,0.0000,0.0000,138768.7031,3.3273,6580.0420,0.0000,9572
44,210,Paris_Small,generalize_normal_wave,IPPO,3600,6,105,73,0.6952,1.0000,0.0000,632.7534,632.7534,0.2988,4.6571,319.2500,369.9326,993.3096,0.6223,23.1932,20.6390,829.7248,200.1333,98.0667,16344.4443,0,0,0.0000,0.0000,0.0000,0.0000,0,0.6952,0.3048,4.7350,1812.0836,wave,0.4315,0.8022,1.2427,0.0000,1.0000,0.0000,120.5881,28,1508.7927,0.3621,0.7863,4,0,72511.6016,4.4762,0.0000,4.4762,0.6685,0.4999,0.0000,4.2400,63116.5195,40,1.0575,0.0000,0.0000,0.0000,76114.8203,3.6857,4808.2720,0.0000,10297
44,211,Paris_Small,generalize_normal_wave,IPPO,3600,6,97,74,0.7629,1.0000,0.0000,666.8919,666.8919,0.2514,4.6614,339.8378,368.0217,959.8342,0.5649,23.5556,22.4199,835.9393,230.0089,102.0928,17015.4648,0,0,0.0000,0.0000,0.0000,0.0000,0,0.7629,0.2371,4.6923,1812.0836,wave,0.3866,0.7307,1.2173,0.0000,1.0000,0.0000,147.8710,28,1507.6300,0.3614,0.7461,4,0,71027.7344,4.5052,0.0000,4.5052,0.7211,0.4682,0.0000,2.9719,37451.8594,40,1.0812,0.0000,0.0000,0.0000,75118.2812,3.5773,4463.1182,0.0000,9903
44,212,Paris_Small,generalize_normal_ramp,IPPO,3600,6,103,79,0.7670,1.0000,0.0000,523.0507,523.0507,0.1981,4.3452,283.9114,272.4575,1040.1328,0.7327,23.4738,21.5387,870.8417,206.2207,97.5340,16255.6631,0,0,0.0000,0.0000,0.0000,0.0000,0,0.7670,0.2330,4.3587,995.9542,ramp_up_down,0.3213,0.6193,1.2418,0.0000,1.0000,0.0000,75.8848,28,881.4044,0.2969,0.5132,4,0,82170.4922,4.2621,0.0000,4.2621,0.7228,0.5068,0.0000,2.3757,24482.0918,23,1.2115,0.0000,0.0000,0.0000,80240.9609,3.4563,6213.9990,0.0000,10046
44,213,Paris_Small,generalize_normal_ramp,IPPO,3600,6,115,92,0.8000,1.0000,0.0000,433.3369,433.3369,0.2524,4.3338,230.8352,218.9519,864.7857,0.7493,23.9100,22.4990,755.3020,207.1463,101.0522,16842.0293,0,0,0.0000,0.0000,0.0000,0.0000,0,0.8000,0.2000,4.3431,995.9542,ramp_up_down,0.3064,0.5723,1.2560,0.0000,1.0000,0.0000,57.8780,24,883.1358,0.3021,0.4229,4,0,79560.2812,4.2087,0.0000,4.2087,0.7258,0.4494,0.0000,2.1870,22794.3340,19,1.0391,0.0000,0.0000,0.0000,85975.8672,3.4957,7851.7661,0.0000,11621
44,214,Paris_Small,generalize_stress_shock,IPPO,3600,5,186,136,0.7312,1.0000,0.0000,522.0588,522.0588,0.3894,4.2132,277.1482,262.1602,987.8737,0.7129,23.6186,20.8596,845.6021,46.8079,117.7312,19621.8633,0,0,0.0000,0.0000,0.0000,0.0000,0,0.7312,0.2688,4.2491,825.8000,shock_burst,0.2483,0.4618,1.2603,0.0000,1.0000,0.0000,79.5734,24,702.8572,0.4517,0.4627,5,1,134350.8281,4.5000,0.0000,4.5000,0.6936,0.5029,0.0000,2.8757,40626.7734,30,1.1168,0.0000,0.0000,0.0000,108778.0859,3.2527,12189.6582,0.0000,21898
44,215,Paris_Small,generalize_stress_shock,IPPO,3600,5,152,130,0.8553,1.0000,0.0000,520.2077,520.2077,0.3558,4.2155,277.4231,259.9014,1143.2839,0.8242,23.0044,20.6310,990.4547,63.1648,109.7895,18298.2461,0,0,0.0000,0.0000,0.0000,0.0000,0,0.8553,0.1447,4.1699,825.8000,shock_burst,0.2866,0.5270,1.2635,0.0000,1.0000,0.0000,48.7663,24,700.7847,0.4575,0.4212,5,0,148626.9062,4.2368,0.0000,4.2368,0.7822,0.5863,0.0000,2.0574,30966.5508,17,1.1597,0.0000,0.0000,0.0000,95477.8047,3.1645,10075.1953,0.0000,16688
44,216,Paris_Small,generalize_stress_buildup,IPPO,3600,4,244,179,0.7336,1.0000,0.0000,588.1956,294.0978,0.5997,4.4773,286.1348,319.8400,946.3552,0.6615,23.8142,22.8055,822.0649,34.9826,180.1844,30030.7383,0,0,0.0000,0.0000,0.0000,0.0000,0,0.7336,0.2664,4.4406,1422.8550,building_up,0.2601,0.4720,1.2963,0.0000,1.0000,0.0000,96.8638,28,1227.3184,0.3609,0.6260,7,0,169397.5781,4.1885,0.0000,4.1885,0.6818,0.4931,0.0000,2.7260,69274.2109,63,1.4441,0.0000,0.0000,0.0000,168424.7188,3.2254,26446.0918,0.0000,43965
44,217,Paris_Small,generalize_stress_buildup,IPPO,3600,4,216,148,0.6852,1.0000,0.0000,616.1351,616.1351,0.4747,4.4852,278.7838,367.2948,938.8113,0.6735,23.6423,21.9978,798.7840,38.2709,141.7130,23618.8281,0,0,0.0000,0.0000,0.0000,0.0000,0,0.6852,0.3148,4.4941,1422.8550,building_up,0.2883,0.5258,1.2803,0.0000,1.0000,0.0000,91.0215,24,1226.6700,0.3457,0.6024,5,0,138944.0781,4.4491,0.0000,4.4491,0.6256,0.4668,0.0000,3.9079,104558.4609,70,1.0487,0.0000,0.0000,0.0000,125478.2188,3.4028,12583.6426,0.0000,30610
44,218,Paris_Small,generalize_over_fleet,IPPO,3600,60,49,43,0.8776,1.0000,0.0000,573.2093,95.5349,0.1099,4.6660,295.4419,278.4043,947.7029,0.6415,21.9897,19.3039,778.7290,308.0779,132.3469,22057.8223,0,0,0.0000,0.0000,0.0000,0.0000,0,0.8776,0.1224,4.6942,1812.0836,wave,0.3130,0.6788,1.2853,0.0000,1.0000,0.0000,105.9013,28,1505.2444,0.3573,0.6203,4,0,40751.2227,3.8163,0.0000,3.8163,0.8847,0.5058,0.0000,2.1994,9756.8320,14,2.0429,0.0000,0.0000,0.0000,64923.4062,3.1429,2174.1421,0.0000,6485
44,219,Paris_Small,generalize_over_fleet,IPPO,3600,60,55,47,0.8545,1.0000,0.0000,652.0213,65.2021,0.1722,4.6660,351.5532,366.2308,879.2257,0.5002,23.4165,21.4292,756.9912,309.0878,87.4000,14566.6670,0,0,0.0000,0.0000,0.0000,0.0000,0,0.8545,0.1455,4.7149,1812.0836,wave,0.3080,0.5984,1.2881,0.0000,1.0000,0.0000,175.7081,28,1505.2476,0.3577,0.9063,3,0,41323.6055,4.1273,0.0000,4.1273,0.8202,0.4519,0.0000,3.6535,21042.1113,22,1.5050,0.0000,0.0000,0.0000,50980.7461,3.5455,1735.2000,0.0000,4807
44,220,Paris_Small,generalize_normal_wave,Hybrid,3600,6,105,83,0.7905,1.0000,0.0000,595.8434,595.8434,0.2243,4.6565,302.5663,340.2323,970.4363,0.6415,23.1932,20.6390,829.7248,200.1333,122.6667,20444.4453,0,0,-0.0148,0.0000,0.0000,0.0000,447,0.7905,0.2095,4.7347,1812.0836,wave,0.3621,0.6939,1.2427,0.0000,1.0000,0.0000,108.4790,28,1508.8887,0.3639,0.7112,5,0,80546.2109,4.2571,0.0000,4.2571,0.7248,0.4767,0.0000,2.9001,44093.0898,32,1.0458,0.0000,0.0000,0.0000,100429.8203,3.4286,7387.2700,0.0000,12880
44,221,Paris_Small,generalize_normal_wave,Hybrid,3600,6,97,79,0.8144,1.0000,0.0000,624.8987,312.4494,0.4238,4.6627,322.1899,295.0330,1055.2582,0.6551,23.5556,22.4199,835.9393,230.0089,92.8247,15470.7900,0,0,-0.0242,0.0000,0.0000,0.0000,428,0.8144,0.1856,4.6924,1812.0836,wave,0.3655,0.6739,1.2173,0.0000,1.0000,0.0000,111.1382,28,1507.6130,0.3576,0.6110,4,0,83365.3984,4.4124,0.0000,4.4124,0.8328,0.5065,0.0000,2.9418,34665.3555,32,1.0182,0.0000,0.0000,0.0000,66241.7031,3.5464,3201.6299,0.0000,9004
44,222,Paris_Small,generalize_normal_ramp,Hybrid,3600,6,103,84,0.8155,1.0000,0.0000,558.5238,0.0000,0.1540,4.3447,294.2857,261.5684,1080.3867,0.7342,23.4738,21.5387,870.8417,206.2207,80.2039,13367.3135,0,0,-0.0320,0.0000,0.0000,0.0000,443,0.8155,0.1845,4.3584,995.9542,ramp_up_down,0.3122,0.5805,1.2418,0.0000,1.0000,0.0000,78.2084,28,881.4814,0.2972,0.4841,4,0,90752.4844,4.3010,0.0000,4.3010,0.8226,0.5425,0.0000,2.2824,25469.3633,26,1.0219,0.0000,0.0000,0.0000,61454.8047,3.4175,4233.8418,0.0000,8261
44,223,Paris_Small,generalize_normal_ramp,Hybrid,3600,6,115,93,0.8087,1.0000,0.0000,471.9355,0.0000,0.1372,4.3335,267.1935,232.6226,892.0850,0.6677,23.9100,22.4990,755.3020,207.1463,68.8696,11478.2607,0,0,-0.0141,0.0000,0.0000,0.0000,492,0.8087,0.1913,4.3432,995.9542,ramp_up_down,0.3707,0.6848,1.2560,0.0000,1.0000,0.0000,88.7765,24,883.1769,0.3022,0.4466,5,0,82963.9062,4.2783,0.0000,4.2783,0.7538,0.4617,0.0000,2.4868,32817.9219,29,1.1356,0.0000,0.0000,0.0000,53256.5234,3.5130,3817.2710,0.0000,7920
44,224,Paris_Small,generalize_stress_shock,Hybrid,3600,5,186,138,0.7419,1.0000,0.0000,520.7899,520.7899,0.3711,4.2127,270.0869,251.3057,1008.8876,0.7471,23.6186,20.8596,845.6021,46.8079,102.3280,17054.6602,0,0,-0.0234,0.0000,0.0000,0.0000,826,0.7419,0.2581,4.2486,825.8000,shock_burst,0.2792,0.5223,1.2603,0.0000,1.0000,0.0000,68.3094,24,702.9894,0.4512,0.4927,6,0,139226.4844,4.4409,0.0000,4.4409,0.7186,0.5135,0.0000,2.6861,68487.2500,34,1.3960,0.0000,0.0000,0.0000,93339.5625,3.2903,9302.6602,0.0000,19033
44,225,Paris_Small,generalize_stress_shock,Hybrid,3600,5,152,136,0.8947,1.0000,0.0000,563.2647,563.2647,0.3121,4.2154,311.0735,265.1448,1158.4664,0.7448,23.0044,20.6310,990.4547,63.1648,74.2500,12375.0000,0,0,-0.0549,0.0000,0.0000,0.0000,636,0.8947,0.1053,4.1704,825.8000,shock_burst,0.2515,0.4606,1.2635,0.0000,1.0000,0.0000,79.3802,24,700.9703,0.4568,0.3805,5,0,157551.4375,4.1842,0.0000,4.1842,0.8559,0.6133,0.0000,2.0336,24543.9551,20,1.0055,0.0000,0.0000,0.0000,58991.0859,3.1118,3994.9780,0.0000,11286
44,226,Paris_Small,generalize_stress_buildup,Hybrid,3600,4,244,171,0.7008,1.0000,0.0000,695.5731,347.7866,0.6055,4.4774,334.6353,364.5692,959.1852,0.5733,23.8142,22.8055,822.0649,34.9826,199.2992,33216.5312,0,0,-0.0218,0.0000,0.0000,0.0000,1076,0.7008,0.2992,4.4410,1422.8550,building_up,0.2332,0.4241,1.2963,0.0000,1.0000,0.0000,142.7982,28,1227.4617,0.3601,0.6011,6,0,164020.6719,4.4098,0.0000,4.4098,0.6641,0.5028,0.0000,3.0662,95315.1875,73,1.4275,0.0000,0.0000,0.0000,186875.9844,3.2746,25899.7715,0.0000,48629
44,227,Paris_Small,generalize_stress_buildup,Hybrid,3600,4,216,149,0.6898,1.0000,0.0000,635.3490,317.6745,0.5149,4.4856,311.0537,368.8448,936.2732,0.6020,23.6423,21.9978,798.7840,38.2709,177.9352,29655.8633,0,0,-0.0092,0.0000,0.0000,0.0000,953,0.6898,0.3102,4.4941,1422.8550,building_up,0.2751,0.4959,1.2803,0.0000,1.0000,0.0000,123.7990,24,1226.4075,0.3462,0.6305,5,0,139504.7031,4.4120,0.0000,4.4120,0.6352,0.4708,0.0000,3.0943,81808.1250,73,1.1161,0.0000,0.0000,0.0000,156672.7969,3.4120,16307.3418,0.0000,38434
44,228,Paris_Small,generalize_over_fleet,Hybrid,3600,60,49,41,0.8367,1.0000,0.0000,573.1951,81.8850,0.1177,4.6675,310.7500,275.3542,910.3309,0.5859,21.9897,19.3039,778.7290,308.0779,160.3061,26717.6875,0,0,-0.0218,0.0000,0.0000,0.0000,190,0.8367,0.1633,4.6923,1812.0836,wave,0.3123,0.6912,1.2853,0.0000,1.0000,0.0000,128.6838,28,1505.2659,0.3538,0.6604,4,0,37323.5703,3.8776,0.0000,3.8776,0.7974,0.4782,0.0000,2.4350,11481.0830,11,1.9807,0.0000,0.0000,0.0000,86526.6562,3.1429,3193.9270,0.0000,7855
44,229,Paris_Small,generalize_over_fleet,Hybrid,3600,60,55,47,0.8545,1.0000,0.0000,549.7234,61.0804,0.1550,4.6681,290.5319,278.2353,864.5795,0.5952,23.4165,21.4292,756.9912,309.0878,131.4000,21900.0000,0,0,-0.0036,0.0000,0.0000,0.0000,236,0.8545,0.1455,4.7147,1812.0836,wave,0.3335,0.6832,1.2881,0.0000,1.0000,0.0000,117.6160,28,1505.1324,0.3536,0.8020,3,0,40635.2383,4.2909,0.0000,4.2909,0.8028,0.4422,0.0000,4.3438,19049.3477,18,2.7866,0.0000,0.0000,0.0000,94183.7422,3.5273,3987.1450,0.0000,7227
44,230,Paris_Small,generalize_normal_wave,TokenPassing,3600,6,105,26,0.2476,1.0000,0.0000,935.2692,233.8173,0.7983,4.6656,200.8095,752.7391,840.6019,0.8372,23.1932,20.6390,829.7248,200.1333,2177.2380,362873.0312,0,0,0.0000,0.0000,0.0000,0.0000,0,0.2476,0.7524,4.7400,1812.0836,wave,0.3077,0.5600,1.2427,0.0000,1.0000,0.0000,32.6891,28,1505.7322,0.3544,0.9544,7,0,21855.6504,5.1619,0.0000,0.0000,0.1705,0.3579,0.0000,2.2407,6437.0308,7,6.3218,0.0000,0.0000,0.0000,2137858.0000,0.0000,210362.7500,0.0000,228610
44,231,Paris_Small,generalize_normal_wave,TokenPassing,3600,6,97,21,0.2165,1.0000,0.0000,1152.6666,288.1667,0.8028,4.6700,284.6250,740.6667,936.8556,0.6583,23.5556,22.4199,835.9393,230.0089,1851.9072,308651.2188,0,0,0.0000,0.0000,0.0000,0.0000,0,0.2165,0.7835,4.6990,1812.0836,wave,0.3095,0.7143,1.2173,0.0000,1.0000,0.0000,97.2539,28,1504.5011,0.3531,0.7030,9,2,19673.9668,5.1134,0.0000,0.0000,0.2081,0.4761,0.0000,3.2098,7350.2305,11,3.1341,0.0000,0.0000,0.0000,1818904.8750,0.0000,162916.8125,0.0000,179635
44,232,Paris_Small,generalize_normal_ramp,TokenPassing,3600,6,103,32,0.3107,1.0000,0.0000,760.2188,190.0547,0.7786,4.3535,142.6000,586.4815,1032.1967,1.0000,23.4738,21.5387,870.8417,206.2207,2283.7378,380622.9688,0,0,0.0000,0.0000,0.0000,0.0000,0,0.3107,0.6893,4.3685,995.9542,ramp_up_down,0.3542,0.6281,1.2418,0.0000,1.0000,0.0000,0.0000,28,878.4586,0.2961,0.5334,10,0,33030.2930,5.1845,0.0000,0.0000,0.2871,0.4970,0.0000,1.8385,4087.5171,7,3.8117,0.0000,0.0000,0.0000,2257391.7500,0.0000,218031.7812,0.0000,235225
44,233,Paris_Small,generalize_normal_ramp,TokenPassing,3600,6,115,33,0.2870,1.0000,0.0000,864.9091,216.2273,0.8033,4.3452,211.0333,636.7812,860.6326,0.8156,23.9100,22.4990,755.3020,207.1463,2621.0000,436833.3438,0,0,0.0000,0.0000,0.0000,0.0000,0,0.2870,0.7130,4.3553,995.9542,ramp_up_down,0.1970,0.3598,1.2560,0.0000,1.0000,0.0000,38.9068,24,880.0547,0.2975,0.4905,9,3,28400.8750,5.0000,0.0000,0.0000,0.2300,0.3970,0.0000,1.7103,4625.2661,3,4.1858,0.0000,0.0000,0.0000,2595412.5000,0.0000,282317.5938,0.0000,301415
44,234,Paris_Small,generalize_stress_shock,TokenPassing,3600,5,186,21,0.1129,1.0000,0.0000,992.8571,330.9524,0.7713,4.2780,203.6842,909.4762,988.4086,0.9705,23.6186,20.8596,845.6021,46.8079,1201.0646,200177.4219,0,0,0.0000,0.0000,0.0000,0.0000,0,0.1129,0.8871,4.3118,825.8000,shock_burst,0.1524,0.2777,1.2603,0.0000,1.0000,0.0000,6.0025,24,695.0333,0.4160,0.6966,6,3,20756.5801,4.0753,0.0000,0.0000,0.1074,0.5042,0.0000,1.7345,3817.2625,4,2.9970,0.0000,0.0000,0.0000,1157853.8750,0.0000,190931.3750,0.0000,223398
44,235,Paris_Small,generalize_stress_shock,TokenPassing,3600,5,152,23,0.1513,1.0000,0.0000,919.8261,306.6087,0.7704,4.2766,218.2222,788.1429,928.5222,0.8510,23.0044,20.6310,990.4547,63.1648,1076.5328,179422.1406,0,0,0.0000,0.0000,0.0000,0.0000,0,0.1513,0.8487,4.2385,825.8000,shock_burst,0.3826,0.7091,1.2635,0.0000,1.0000,0.0000,32.5178,24,694.5641,0.4204,0.7941,10,0,21356.0098,3.6776,0.0000,0.0000,0.1341,0.5683,0.0000,1.7413,5294.9014,5,4.0164,0.0000,0.0000,0.0000,1053755.8750,0.0000,138357.1406,0.0000,163633
44,236,Paris_Small,generalize_stress_buildup,TokenPassing,3600,4,244,29,0.1189,1.0000,0.0000,746.0000,248.6667,0.7546,4.5165,147.2609,673.4800,771.3182,1.0000,23.8142,22.8055,822.0649,34.9826,1416.0697,236011.6094,0,0,0.0000,0.0000,0.0000,0.0000,0,0.1189,0.8811,4.4818,1422.8550,building_up,0.1638,0.3142,1.2963,0.0000,1.0000,0.0000,0.0000,28,1215.6592,0.3320,0.8248,10,5,22368.2305,2.9426,0.0000,0.0000,0.0893,0.3986,0.0000,2.5370,4360.3901,8,5670.9868,0.0000,0.0000,0.0000,1318274.1250,0.0000,296516.4688,0.0000,345521
44,237,Paris_Small,generalize_stress_buildup,TokenPassing,3600,4,216,23,0.1065,1.0000,0.0000,801.9565,400.9783,0.7485,4.5142,140.0000,662.3333,1038.0670,1.0000,23.6423,21.9978,798.7840,38.2709,1267.1759,211196.0000,0,0,0.0000,0.0000,0.0000,0.0000,0,0.1065,0.8935,4.5204,1422.8550,building_up,0.4674,0.8464,1.2803,0.0000,1.0000,0.0000,0.0000,24,1216.1533,0.3325,1.0435,13,0,23875.5410,3.0602,0.0000,0.0000,0.1129,0.5422,0.0000,2.0731,3378.5251,6,4.3298,0.0000,0.0000,0.0000,1219173.1250,0.0000,234279.0781,0.0000,273710
44,238,Paris_Small,generalize_over_fleet,TokenPassing,3600,60,49,44,0.8980,1.0000,0.0000,458.7273,76.4545,0.1131,4.6673,284.7727,183.1875,915.5467,0.6430,21.9897,19.3039,778.7290,308.0779,230.5510,38425.1719,0,0,0.0000,0.0000,0.0000,0.0000,0,0.8980,0.1020,4.6940,1812.0836,wave,0.2940,0.5677,1.2853,0.0000,1.0000,0.0000,101.6634,28,1505.1102,0.3551,0.7375,3,0,40284.0547,52.8571,0.0000,0.0000,0.8635,0.4825,0.0000,2.7305,24671.1113,10,1.4703,0.0000,0.0000,0.0000,193044.5156,0.0000,2319.9121,0.0000,11297
44,239,Paris_Small,generalize_over_fleet,TokenPassing,3600,60,55,52,0.9455,1.0000,0.0000,495.5385,61.9423,0.1387,4.6686,322.3846,185.0185,896.6006,0.5562,23.4165,21.4292,756.9912,309.0878,268.1636,44693.9375,0,0,0.0000,0.0000,0.0000,0.0000,0,0.9455,0.0545,4.7149,1812.0836,wave,0.2783,0.5666,1.2881,0.0000,1.0000,0.0000,143.0645,28,1505.2003,0.3522,0.7237,4,0,46623.2344,50.9091,0.0000,0.0000,0.9098,0.4530,0.0000,2.8248,11082.9033,16,2.3572,0.0000,0.0000,0.0000,234201.2188,0.0000,4854.8779,0.0000,14749
44,240,NewYork_Small,generalize_normal_wave,RMCA,3600,6,114,27,0.2368,1.0000,0.0000,869.9630,289.9876,0.5125,4.6623,225.7917,564.9000,1093.5890,0.9687,27.1632,25.0013,894.8137,190.1372,1812.6492,302108.1875,0,0,0.0000,0.0000,0.0000,0.0000,0,0.2368,0.7632,4.7274,1191.7008,wave,0.5106,0.9890,1.2590,0.0000,1.0000,0.0000,7.0739,28,991.2817,0.3598,0.9634,6,0,29526.9043,4.5877,0.0000,4.5877,0.2173,0.5330,0.0000,5.1715,19464.8047,19,1.2809,9.7149,664.1224,1911.7203,1800546.6250,14.3509,192595.6250,0.0000,206642
44,241,NewYork_Small,generalize_normal_wave,RMCA,3600,6,114,47,0.4123,1.0000,0.0000,778.0000,194.5000,0.6805,4.6590,245.4634,469.7727,1076.6993,0.8773,27.0151,25.0539,814.9897,188.1959,1898.8070,316467.8438,0,0,0.0000,0.0000,0.0000,0.0000,0,0.4123,0.5877,4.6399,1191.7008,wave,0.5024,0.9982,1.2607,0.0000,1.0000,0.0000,30.1235,28,992.0458,0.3615,0.8866,10,0,50604.8711,4.4123,0.0000,4.4123,0.4184,0.5136,0.0000,3.2985,13468.7305,13,1.0896,7.5737,865.6057,2175.3413,1867298.3750,12.8947,204091.2656,0.0000,216464
44,242,NewYork_Small,generalize_normal_ramp,RMCA,3600,6,90,47,0.5222,1.0000,0.0000,751.5745,375.7872,0.4704,4.3387,287.3784,439.1000,1338.5603,0.9316,26.9329,24.3988,867.6855,220.3120,828.7667,138127.7812,0,0,0.0000,0.0000,0.0000,0.0000,0,0.5222,0.4778,4.3280,655.0147,ramp_up_down,0.4023,0.7271,1.2073,0.0000,1.0000,0.0000,19.6663,24,580.1194,0.3032,0.5572,9,1,62912.3320,4.4222,0.0000,4.4222,0.6182,0.6017,0.0000,2.5331,9394.9443,8,1.0000,5.6646,1348.9666,3138.6426,800902.5000,14.9444,67071.4141,0.0000,74589
44,243,NewYork_Small,generalize_normal_ramp,RMCA,3600,6,99,50,0.5051,1.0000,0.0000,675.6000,675.6000,0.3244,4.3432,285.1429,384.1628,1090.9170,0.7652,25.8081,24.1911,778.0150,222.1144,528.0808,88013.4688,0,0,0.0000,0.0000,0.0000,0.0000,0,0.5051,0.4949,4.3794,655.0147,ramp_up_down,0.3600,0.6387,1.2296,0.0000,1.0000,0.0000,66.9595,28,579.4380,0.3051,0.5068,7,0,54545.8516,4.5455,0.0000,4.5455,0.5481,0.5211,0.0000,1.7327,5303.0928,7,1.0000,2.6581,1758.8667,3716.1326,511488.7188,12.0000,47372.3711,0.0000,52280
44,244,NewYork_Small,generalize_stress_shock,RMCA,3600,5,161,87,0.5404,1.0000,0.0000,731.8851,731.8851,0.2980,4.2007,221.8784,464.3038,1097.8657,0.9896,27.7170,25.2360,901.4081,41.7927,589.1615,98193.5781,1,0,0.0000,0.0000,0.0000,0.0000,0,0.5404,0.4596,4.2054,543.2000,shock_burst,0.3827,0.6979,1.3100,0.0000,1.0000,0.0000,2.3052,24,462.3603,0.4647,0.5223,10,1,95514.3203,4.6894,0.0000,4.6894,0.4585,0.4946,0.0000,1.9986,11040.2734,14,1.1434,8.7506,1091.7863,3582.4377,580374.5625,6.8385,84682.9375,0.0000,94855
44,245,NewYork_Small,generalize_stress_shock,RMCA,3600,5,147,84,0.5714,1.0000,0.0000,595.3095,198.4365,0.6206,4.2146,226.6389,349.4286,1036.9540,0.9151,27.4281,25.4392,872.9316,41.7047,625.6055,104267.5703,0,0,0.0000,0.0000,0.0000,0.0000,0,0.5714,0.4286,4.2028,543.2000,shock_burst,0.4437,0.8522,1.3227,0.0000,1.0000,0.0000,19.2481,20,462.3419,0.4499,0.5298,8,0,87104.1328,4.6327,0.0000,4.6327,0.4962,0.4904,0.0000,3.0205,57680.1797,11,2.5337,10.6648,1047.4023,2259.1260,615633.0000,5.2789,84764.7891,0.0000,91964
44,246,NewYork_Small,generalize_stress_buildup,RMCA,3600,4,240,115,0.4792,1.0000,0.0000,717.0261,717.0261,0.3002,4.4770,272.8598,398.4655,1250.0247,0.9162,26.6885,24.5308,898.5944,26.3057,765.9083,127651.3906,0,0,0.0000,0.0000,0.0000,0.0000,0,0.4792,0.5208,4.4727,935.7400,building_up,0.4722,1.0158,1.3267,0.0000,1.0000,0.0000,22.8549,28,808.2633,0.3550,0.6156,15,0,143752.8438,4.7208,0.0000,4.7208,0.4774,0.6191,0.0000,2.2046,15899.9512,23,1.2028,3.2081,1342.9972,3089.3562,757674.4375,6.0500,171958.6719,0.0000,183818
44,247,NewYork_Small,generalize_stress_buildup,RMCA,3600,4,252,131,0.5198,1.0000,0.0000,600.0764,600.0764,0.4473,4.4653,254.0170,355.4609,1107.7712,0.8722,27.8915,25.6075,770.9641,38.8240,461.2222,76870.3672,1,0,0.0000,0.0000,0.0000,0.0000,0,0.5198,0.4802,4.4553,935.7400,building_up,0.3857,0.7225,1.1820,0.0000,1.0000,0.0000,32.4627,24,809.0725,0.3793,0.6296,9,1,145118.0312,4.5992,0.0000,4.5992,0.4854,0.4211,0.0000,2.6569,34071.4688,34,1.7126,22.0160,771.5291,2547.0669,451728.4688,5.6905,105507.7266,0.0000,116228
44,248,NewYork_Small,generalize_over_fleet,RMCA,3600,60,43,35,0.8140,1.0000,0.0000,501.9429,71.7061,0.1285,4.6631,350.0857,195.8781,1128.8527,0.6449,26.9973,21.9794,957.1164,366.3238,1153.2559,192209.2969,0,0,0.0000,0.0000,0.0000,0.0000,0,0.8140,0.1860,4.7627,1191.7008,wave,0.4276,0.8595,1.3242,0.0000,1.0000,0.0000,124.3152,28,990.8397,0.3565,0.8561,4,0,39509.8438,4.4419,0.0000,4.4419,0.7185,0.5625,0.0000,4.1607,20613.9648,15,1.1164,1.2688,1679.6248,1988.4534,1110859.6250,3.9767,47372.8711,0.0000,49590
44,249,NewYork_Small,generalize_over_fleet,RMCA,3600,60,58,42,0.7241,1.0000,0.0000,536.8810,76.6973,0.1175,4.6622,327.6667,216.2619,1232.0680,0.7520,25.0098,23.6638,896.0654,296.8852,1350.1034,225017.2344,0,0,0.0000,0.0000,0.0000,0.0000,0,0.7241,0.2759,4.6275,1191.7008,wave,0.2365,0.5313,1.2978,0.0000,1.0000,0.0000,81.2531,28,991.5358,0.3548,0.9001,3,1,51746.8594,4.3103,0.0000,4.3103,0.7193,0.5596,0.0000,2.7334,16214.5820,14,1.1288,1.7352,1511.9871,1918.8156,1325405.7500,4.1034,76389.7578,0.0000,78306
44,250,NewYork_Small,generalize_normal_wave,MAPPO,3600,6,114,78,0.6842,1.0000,0.0000,763.4231,381.7115,0.4661,4.6500,412.8205,374.1717,1134.8781,0.5498,27.1632,25.0013,894.8137,190.1372,121.1754,20195.9062,0,0,0.0000,0.0000,0.0000,0.0000,0,0.6842,0.3158,4.7160,1191.7008,wave,0.4149,0.7688,1.2590,0.0000,1.0000,0.0000,185.8449,28,994.8433,0.3675,0.7352,4,0,88520.4922,4.3421,0.0000,4.3421,0.6600,0.5604,0.0000,4.1502,51666.1875,52,1.0819,0.0000,0.0000,0.0000,105816.7734,3.7105,7976.6118,0.0000,13814
44,251,NewYork_Small,generalize_normal_wave,MAPPO,3600,6,114,87,0.7632,1.0000,0.0000,645.0575,322.5287,0.3766,4.6454,343.9765,315.9091,988.7488,0.5749,27.0151,25.0539,814.9897,188.1959,96.9386,16156.4326,0,0,0.0000,0.0000,0.0000,0.0000,0,0.7632,0.2368,4.6254,1191.7008,wave,0.3351,0.6149,1.2607,0.0000,1.0000,0.0000,146.2267,28,994.8886,0.3777,0.7228,3,0,86021.1484,4.2807,0.0000,4.2807,0.7294,0.4837,0.0000,3.4001,33458.0000,41,1.0000,0.0000,0.0000,0.0000,78457.1250,3.7368,7007.3491,0.0000,11051
44,252,NewYork_Small,generalize_normal_ramp,MAPPO,3600,6,90,73,0.8111,1.0000,0.0000,491.3014,491.3014,0.2678,4.3326,249.8082,262.0976,1077.6128,0.8628,26.9329,24.3988,867.6855,220.3120,77.8444,12974.0742,0,0,0.0000,0.0000,0.0000,0.0000,0,0.8111,0.1889,4.3223,655.0147,ramp_up_down,0.3642,0.6645,1.2073,0.0000,1.0000,0.0000,34.2857,24,581.5306,0.3037,0.4485,4,0,78665.7344,4.0667,0.0000,4.0667,0.7920,0.4963,0.0000,1.9349,18999.0234,12,1.4090,0.0000,0.0000,0.0000,63657.2891,3.5333,4565.8242,0.0000,7006
44,253,NewYork_Small,generalize_normal_ramp,MAPPO,3600,6,99,80,0.8081,1.0000,0.0000,509.2750,509.2750,0.1754,4.3379,254.4625,251.8901,1059.7194,0.8329,25.8081,24.1911,778.0150,222.1144,104.7677,17461.2793,0,0,0.0000,0.0000,0.0000,0.0000,0,0.8081,0.1919,4.3729,655.0147,ramp_up_down,0.3201,0.6461,1.2296,0.0000,1.0000,0.0000,42.5186,28,581.0530,0.3029,0.5010,4,0,84777.5547,4.1717,0.0000,4.1717,0.8243,0.4898,0.0000,2.6025,20618.2754,19,1.1011,0.0000,0.0000,0.0000,93111.8281,3.3939,7985.5000,0.0000,10372
44,254,NewYork_Small,generalize_stress_shock,MAPPO,3600,5,161,134,0.8323,1.0000,0.0000,511.2836,511.2836,0.3935,4.1755,271.7090,256.5772,1065.0482,0.7840,27.7170,25.2360,901.4081,41.7927,100.7640,16793.9961,0,0,0.0000,0.0000,0.0000,0.0000,0,0.8323,0.1677,4.1704,543.2000,shock_burst,0.2985,0.5577,1.3100,0.0000,1.0000,0.0000,58.6993,24,464.8447,0.4780,0.4419,7,0,142716.4688,3.9379,0.0000,3.9379,0.7115,0.4983,0.0000,2.0131,30056.1855,26,1.0680,0.0000,0.0000,0.0000,92628.0938,3.3540,11694.0420,0.0000,16223
44,255,NewYork_Small,generalize_stress_shock,MAPPO,3600,5,147,112,0.7619,1.0000,0.0000,481.6875,481.6875,0.3262,4.1980,261.7838,267.6642,1066.3118,0.8147,27.4281,25.4392,872.9316,41.7047,94.4762,15746.0322,0,0,0.0000,0.0000,0.0000,0.0000,0,0.7619,0.2381,4.1927,543.2000,shock_burst,0.3022,0.5492,1.3227,0.0000,1.0000,0.0000,48.5214,20,463.9142,0.4584,0.4462,5,0,119426.9219,4.2177,0.0000,4.2177,0.6720,0.4982,0.0000,1.8122,17807.0664,20,1.3439,0.0000,0.0000,0.0000,83901.3359,3.5646,8964.0762,0.0000,13888
44,256,NewYork_Small,generalize_stress_buildup,MAPPO,3600,4,240,164,0.6833,1.0000,0.0000,637.5305,318.7653,0.6428,4.4605,326.0184,338.8033,1092.4639,0.6702,26.6885,24.5308,898.5944,26.3057,161.3792,26896.5273,0,0,0.0000,0.0000,0.0000,0.0000,0,0.6833,0.3167,4.4570,935.7400,building_up,0.2742,0.4948,1.3267,0.0000,1.0000,0.0000,107.5256,28,811.9406,0.3655,0.5990,6,0,179164.0781,4.3542,0.0000,4.3542,0.6063,0.5514,0.0000,2.8442,63061.7852,64,1.0837,0.0000,0.0000,0.0000,152701.4375,3.7208,26068.9883,0.0000,38731
44,257,NewYork_Small,generalize_stress_buildup,MAPPO,3600,4,252,186,0.7381,1.0000,0.0000,616.3279,308.1640,0.5331,4.4540,282.8206,336.1463,1084.3785,0.7668,27.8915,25.6075,770.9641,38.8240,90.8016,15133.5977,0,0,0.0000,0.0000,0.0000,0.0000,0,0.7381,0.2619,4.4422,935.7400,building_up,0.2315,0.4235,1.1820,0.0000,1.0000,0.0000,65.9449,24,812.2897,0.3811,0.6343,6,0,201694.4062,4.3095,0.0000,4.3095,0.7021,0.4290,0.0000,2.8101,62200.2773,75,1.1062,0.0000,0.0000,0.0000,79282.6484,3.5873,10575.6855,0.0000,22882
44,258,NewYork_Small,generalize_over_fleet,MAPPO,3600,60,43,30,0.6977,1.0000,0.0000,644.9667,80.6208,0.1492,4.6623,330.3333,376.0732,1004.1144,0.6079,26.9973,21.9794,957.1164,366.3238,320.6512,53441.8594,0,0,0.0000,0.0000,0.0000,0.0000,0,0.6977,0.3023,4.7621,1191.7008,wave,0.3706,0.7659,1.3242,0.0000,1.0000,0.0000,129.5105,28,990.9214,0.3582,0.7507,3,0,30123.4336,4.3953,0.0000,4.3953,0.6237,0.5696,0.0000,4.1847,20200.5117,18,1.7903,0.0000,0.0000,0.0000,274561.4062,3.3721,11379.9414,0.0000,13788
44,259,NewYork_Small,generalize_over_fleet,MAPPO,3600,60,58,47,0.8103,1.0000,0.0000,615.9149,61.5915,0.1803,4.6585,355.9787,350.5555,953.2542,0.5356,25.0098,23.6638,896.0654,296.8852,534.7931,89132.1875,0,0,0.0000,0.0000,0.0000,0.0000,0,0.8103,0.1897,4.6264,1191.7008,wave,0.3176,0.6229,1.2978,0.0000,1.0000,0.0000,165.3279,28,991.9117,0.3608,0.7947,3,0,44802.9453,4.2759,0.0000,4.2759,0.6850,0.4762,0.0000,3.2777,24969.6289,21,3.0833,0.0000,0.0000,0.0000,510798.7500,3.5517,28988.2520,0.0000,31018
44,260,NewYork_Small,generalize_normal_wave,FaithfulMAPPER,3600,6,114,79,0.6930,1.0000,0.0000,711.8987,355.9494,0.3951,4.6497,334.4430,479.8085,1066.3970,0.6377,27.1632,25.0013,894.8137,190.1372,121.3333,20222.2227,0,0,0.0000,0.0000,0.0000,0.0000,0,0.6930,0.3070,4.7161,1191.7008,wave,0.3909,0.7175,1.2590,0.0000,1.0000,0.0000,121.1636,28,994.6372,0.3697,0.7479,4,0,84245.3594,4.2807,0.0000,4.2807,0.6338,0.5314,0.0000,3.2628,36303.4297,42,1.1402,0.0000,0.0000,0.0000,107805.3828,3.7895,9341.7080,0.0000,13832
44,261,NewYork_Small,generalize_normal_wave,FaithfulMAPPER,3600,6,114,88,0.7719,1.0000,0.0000,619.2727,619.2727,0.2599,4.6461,318.2588,330.3125,1042.4182,0.6551,27.0151,25.0539,814.9897,188.1959,80.2018,13366.9590,0,0,0.0000,0.0000,0.0000,0.0000,0,0.7719,0.2281,4.6290,1191.7008,wave,0.3876,0.7301,1.2607,0.0000,1.0000,0.0000,109.7752,28,994.7792,0.3769,0.7104,5,0,91732.8047,4.2632,0.0000,4.2632,0.7935,0.5202,0.0000,2.9648,37572.5391,32,1.2127,0.0000,0.0000,0.0000,63121.0977,3.6754,5455.9219,0.0000,9143
44,262,NewYork_Small,generalize_normal_ramp,FaithfulMAPPER,3600,6,90,77,0.8556,1.0000,0.0000,503.1559,0.0000,0.1529,4.3328,278.6234,239.7108,1109.1581,0.7962,26.9329,24.3988,867.6855,220.3120,80.5000,13416.6670,0,0,0.0000,0.0000,0.0000,0.0000,0,0.8556,0.1444,4.3236,655.0147,ramp_up_down,0.3541,0.6556,1.2073,0.0000,1.0000,0.0000,56.7918,24,581.4958,0.3039,0.4429,4,0,85405.1719,4.1778,0.0000,4.1778,0.8515,0.5058,0.0000,2.2860,17499.4434,14,1.0042,0.0000,0.0000,0.0000,66854.0703,3.5556,4815.0459,0.0000,7245
44,263,NewYork_Small,generalize_normal_ramp,FaithfulMAPPER,3600,6,99,86,0.8687,1.0000,0.0000,503.3954,251.6977,0.3400,4.3379,268.9186,260.8526,970.0409,0.7214,25.8081,24.1911,778.0150,222.1144,119.7980,19966.3301,0,0,0.0000,0.0000,0.0000,0.0000,0,0.8687,0.1313,4.3739,655.0147,ramp_up_down,0.3194,0.5892,1.2296,0.0000,1.0000,0.0000,74.9104,28,581.0583,0.3026,0.3847,4,0,83423.5156,4.1919,0.0000,4.1919,0.8487,0.4691,0.0000,1.9439,8738.7070,13,1.1337,0.0000,0.0000,0.0000,108412.0469,3.5556,9480.3350,0.0000,11860
44,264,NewYork_Small,generalize_stress_shock,FaithfulMAPPER,3600,5,161,136,0.8447,1.0000,0.0000,551.6103,275.8051,0.4358,4.1746,276.0882,290.9470,1088.0768,0.7882,27.7170,25.2360,901.4081,41.7927,94.8820,15813.6650,0,0,0.0000,0.0000,0.0000,0.0000,0,0.8447,0.1553,4.1720,543.2000,shock_burst,0.2421,0.4372,1.3100,0.0000,1.0000,0.0000,58.4729,24,464.8036,0.4785,0.4133,5,1,147978.4375,4.0683,0.0000,4.0683,0.7442,0.5135,0.0000,1.7504,21595.9180,27,1.1529,0.0000,0.0000,0.0000,87222.2812,3.4348,10614.0762,0.0000,15276
44,265,NewYork_Small,generalize_stress_shock,FaithfulMAPPER,3600,5,147,117,0.7959,1.0000,0.0000,495.2308,495.2308,0.2744,4.1984,273.5812,266.1493,1060.7188,0.7754,27.4281,25.4392,872.9316,41.7047,58.5646,9760.7705,0,0,0.0000,0.0000,0.0000,0.0000,0,0.7959,0.2041,4.1904,543.2000,shock_burst,0.2944,0.5523,1.3227,0.0000,1.0000,0.0000,61.4375,20,463.8311,0.4591,0.4386,5,0,124104.0938,4.1565,0.0000,4.1565,0.6987,0.4958,0.0000,1.6820,13642.7266,18,1.0419,0.0000,0.0000,0.0000,49926.7891,3.2245,4186.6792,0.0000,8609
44,266,NewYork_Small,generalize_stress_buildup,FaithfulMAPPER,3600,4,240,153,0.6375,1.0000,0.0000,683.0065,341.5033,0.5472,4.4636,329.5294,398.0592,1077.9105,0.6542,26.6885,24.5308,898.5944,26.3057,156.3083,26051.3887,0,0,0.0000,0.0000,0.0000,0.0000,0,0.6375,0.3625,4.4609,935.7400,building_up,0.2940,0.5282,1.3267,0.0000,1.0000,0.0000,113.9473,28,811.1069,0.3649,0.5850,6,0,164920.3125,4.2083,0.0000,4.2083,0.5529,0.5390,0.0000,2.9033,67058.5938,63,1.0538,0.0000,0.0000,0.0000,147224.8281,3.6333,21421.5449,0.0000,37514
44,267,NewYork_Small,generalize_stress_buildup,FaithfulMAPPER,3600,4,252,175,0.6944,1.0000,0.0000,602.7429,301.3714,0.5342,4.4563,300.8391,366.6935,1053.4890,0.7004,27.8915,25.6075,770.9641,38.8240,117.1706,19528.4395,0,0,0.0000,0.0000,0.0000,0.0000,0,0.6944,0.3056,4.4460,935.7400,building_up,0.2113,0.3823,1.1820,0.0000,1.0000,0.0000,90.1413,24,811.8478,0.3789,0.6458,5,1,184360.5781,4.1111,0.0000,4.1111,0.6688,0.4343,0.0000,4.0182,80648.6172,84,1.0155,0.0000,0.0000,0.0000,103831.0938,3.5079,14350.3594,0.0000,29527
44,268,NewYork_Small,generalize_over_fleet,FaithfulMAPPER,3600,60,43,33,0.7674,1.0000,0.0000,633.6364,79.2045,0.1496,4.6628,319.9091,427.9744,1051.8380,0.6576,26.9973,21.9794,957.1164,366.3238,155.9767,25996.1250,0,0,0.0000,0.0000,0.0000,0.0000,0,0.7674,0.2326,4.7631,1191.7008,wave,0.3851,0.7521,1.3242,0.0000,1.0000,0.0000,109.5415,28,990.7645,0.3580,0.8176,3,0,34710.6562,4.2558,0.0000,4.2558,0.6228,0.5171,0.0000,4.0122,21158.3887,17,2.0038,0.0000,0.0000,0.0000,109071.4453,3.3256,4236.9858,0.0000,6707
44,269,NewYork_Small,generalize_over_fleet,FaithfulMAPPER,3600,60,58,48,0.8276,1.0000,0.0000,599.4583,66.6065,0.1543,4.6599,302.6042,368.1579,969.2537,0.6406,25.0098,23.6638,896.0654,296.8852,133.1724,22195.4023,0,0,0.0000,0.0000,0.0000,0.0000,0,0.8276,0.1724,4.6244,1191.7008,wave,0.3194,0.6374,1.2978,0.0000,1.0000,0.0000,108.7534,28,991.9886,0.3572,0.7197,3,0,46524.1797,4.1034,0.0000,4.1034,0.6972,0.4747,0.0000,3.8279,18622.5645,23,2.9537,0.0000,0.0000,0.0000,110108.1172,3.5517,5610.1748,0.0000,7724
44,270,NewYork_Small,generalize_normal_wave,IPPO,3600,6,114,81,0.7105,1.0000,0.0000,712.8025,356.4012,0.3889,4.6478,371.8642,394.0952,1059.6504,0.5699,27.1632,25.0013,894.8137,190.1372,86.9825,14497.0762,0,0,0.0000,0.0000,0.0000,0.0000,0,0.7105,0.2895,4.7144,1191.7008,wave,0.3704,0.6955,1.2590,0.0000,1.0000,0.0000,159.9341,28,994.8875,0.3733,0.7348,4,0,85831.6797,4.2368,0.0000,4.2368,0.6185,0.5057,0.0000,2.9908,34223.5312,46,1.1633,0.0000,0.0000,0.0000,71878.2266,3.6667,4499.7700,0.0000,9916
44,271,NewYork_Small,generalize_normal_wave,IPPO,3600,6,114,92,0.8070,1.0000,0.0000,583.2065,583.2065,0.2397,4.6453,302.8696,324.4112,1059.9712,0.7000,27.0151,25.0539,814.9897,188.1959,62.2105,10368.4209,0,0,0.0000,0.0000,0.0000,0.0000,0,0.8070,0.1930,4.6270,1191.7008,wave,0.3323,0.6345,1.2607,0.0000,1.0000,0.0000,90.8753,28,994.9061,0.3773,0.6863,5,0,97517.3516,4.0965,0.0000,4.0965,0.8277,0.5190,0.0000,3.4497,30465.4551,31,1.1309,0.0000,0.0000,0.0000,43720.8086,3.4649,3106.8811,0.0000,7092
44,272,NewYork_Small,generalize_normal_ramp,IPPO,3600,6,90,73,0.8111,1.0000,0.0000,501.5753,501.5753,0.2491,4.3337,273.8356,250.5663,1107.5881,0.8089,26.9329,24.3988,867.6855,220.3120,94.0778,15679.6299,0,0,0.0000,0.0000,0.0000,0.0000,0,0.8111,0.1889,4.3239,655.0147,ramp_up_down,0.3084,0.5911,1.2073,0.0000,1.0000,0.0000,52.3180,24,581.3864,0.3030,0.4674,4,0,80853.9375,4.1000,0.0000,4.1000,0.8004,0.5015,0.0000,2.0254,9911.5439,18,1.1846,0.0000,0.0000,0.0000,73092.0312,3.5222,4825.2368,0.0000,8467
44,273,NewYork_Small,generalize_normal_ramp,IPPO,3600,6,99,79,0.7980,1.0000,0.0000,492.6202,0.0000,0.1588,4.3387,246.3797,243.5795,1011.6357,0.8212,25.8081,24.1911,778.0150,222.1144,112.7879,18797.9805,0,0,0.0000,0.0000,0.0000,0.0000,0,0.7980,0.2020,4.3738,655.0147,ramp_up_down,0.3931,0.7668,1.2296,0.0000,1.0000,0.0000,44.0526,28,580.9644,0.3023,0.5439,5,0,79919.2266,4.2323,0.0000,4.2323,0.8118,0.4885,0.0000,3.1765,25611.7188,26,1.1348,0.0000,0.0000,0.0000,96386.1328,3.5051,7155.7769,0.0000,11166
44,274,NewYork_Small,generalize_stress_shock,IPPO,3600,5,161,131,0.8137,1.0000,0.0000,529.7634,529.7634,0.3753,4.1815,260.2366,290.3673,1090.1935,0.8378,27.7170,25.2360,901.4081,41.7927,122.5093,20418.2188,0,0,0.0000,0.0000,0.0000,0.0000,0,0.8137,0.1863,4.1775,543.2000,shock_burst,0.2497,0.4638,1.3100,0.0000,1.0000,0.0000,42.1979,24,464.4342,0.4739,0.4136,6,0,142815.3438,3.9689,0.0000,3.9689,0.7107,0.5091,0.0000,1.9597,33308.3711,23,1.2624,0.0000,0.0000,0.0000,111482.6328,3.4161,11885.7686,0.0000,19724
44,275,NewYork_Small,generalize_stress_shock,IPPO,3600,5,147,115,0.7823,1.0000,0.0000,499.4957,499.4957,0.2967,4.1973,264.3478,261.6743,1043.5796,0.7896,27.4281,25.4392,872.9316,41.7047,98.6871,16447.8457,0,0,0.0000,0.0000,0.0000,0.0000,0,0.7823,0.2177,4.1919,543.2000,shock_burst,0.3411,0.6262,1.3227,0.0000,1.0000,0.0000,55.6319,20,463.8847,0.4583,0.4963,6,0,120011.6562,4.1701,0.0000,4.1701,0.6746,0.4870,0.0000,1.7937,16356.9688,21,1.0324,0.0000,0.0000,0.0000,88656.1094,3.3401,8683.6963,0.0000,14507
44,276,NewYork_Small,generalize_stress_buildup,IPPO,3600,4,240,153,0.6375,1.0000,0.0000,684.3464,342.1732,0.5863,4.4613,301.2303,428.0059,1186.1072,0.7875,26.6885,24.5308,898.5944,26.3057,223.6792,37279.8594,0,0,0.0000,0.0000,0.0000,0.0000,0,0.6375,0.3625,4.4585,935.7400,building_up,0.2964,0.5473,1.3267,0.0000,1.0000,0.0000,64.0088,28,811.6083,0.3660,0.5285,7,0,181474.3906,4.3333,0.0000,4.3333,0.6222,0.6065,0.0000,2.4213,49058.0938,53,1.1862,0.0000,0.0000,0.0000,211294.5000,3.6417,30479.4473,0.0000,53683
44,277,NewYork_Small,generalize_stress_buildup,IPPO,3600,4,252,172,0.6825,1.0000,0.0000,654.8547,327.4273,0.5140,4.4555,306.7093,383.1295,1062.6176,0.6929,27.8915,25.6075,770.9641,38.8240,150.2024,25033.7305,0,0,0.0000,0.0000,0.0000,0.0000,0,0.6825,0.3175,4.4429,935.7400,building_up,0.2591,0.4657,1.1820,0.0000,1.0000,0.0000,94.1858,24,812.0894,0.3786,0.5873,6,0,182770.2188,4.2262,0.0000,4.2262,0.6558,0.4333,0.0000,2.7538,63521.0664,67,1.3521,0.0000,0.0000,0.0000,131173.5781,3.5159,15868.5391,0.0000,37851
44,278,NewYork_Small,generalize_over_fleet,IPPO,3600,60,43,34,0.7907,1.0000,0.0000,589.0588,65.4510,0.1589,4.6649,308.6765,399.9268,1001.3649,0.6488,26.9973,21.9794,957.1164,366.3238,175.6512,29275.1934,0,0,0.0000,0.0000,0.0000,0.0000,0,0.7907,0.2093,4.7622,1191.7008,wave,0.3890,0.7452,1.3242,0.0000,1.0000,0.0000,108.4035,28,990.8383,0.3526,0.7916,3,0,34046.4062,4.1860,0.0000,4.1860,0.6114,0.4926,0.0000,3.5509,21649.9902,22,2.0220,0.0000,0.0000,0.0000,112364.5078,3.2791,4199.9819,0.0000,7553
44,279,NewYork_Small,generalize_over_fleet,IPPO,3600,60,58,45,0.7759,1.0000,0.0000,773.2000,70.2909,0.1892,4.6584,368.5333,416.5185,1039.0696,0.5639,25.0098,23.6638,896.0654,296.8852,123.3793,20563.2188,0,0,0.0000,0.0000,0.0000,0.0000,0,0.7759,0.2241,4.6242,1191.7008,wave,0.3652,0.7066,1.2978,0.0000,1.0000,0.0000,160.7194,28,991.9767,0.3610,0.7566,3,0,46758.1289,4.1207,0.0000,4.1207,0.7549,0.5482,0.0000,3.6863,34197.7422,28,2.2636,0.0000,0.0000,0.0000,95328.2422,3.5172,4503.1528,0.0000,7156
44,280,NewYork_Small,generalize_normal_wave,Hybrid,3600,6,114,80,0.7018,1.0000,0.0000,686.9875,343.4937,0.4213,4.6489,355.9000,384.0392,1045.5598,0.5876,27.1632,25.0013,894.8137,190.1372,69.8860,11647.6611,0,0,-0.0204,0.0000,0.0000,0.0000,462,0.7018,0.2982,4.7169,1191.7008,wave,0.3915,0.7408,1.2590,0.0000,1.0000,0.0000,146.7880,28,994.7497,0.3730,0.7837,5,0,83644.7891,4.0526,0.0000,4.0526,0.6342,0.5251,0.0000,3.9602,67505.1406,53,1.0885,0.0000,0.0000,0.0000,53117.7109,3.4912,2045.2070,0.0000,7967
44,281,NewYork_Small,generalize_normal_wave,Hybrid,3600,6,114,91,0.7982,1.0000,0.0000,613.1978,306.5989,0.3381,4.6453,321.1429,354.9346,995.9722,0.6203,27.0151,25.0539,814.9897,188.1959,62.1053,10350.8770,0,0,-0.0231,0.0000,0.0000,0.0000,461,0.7982,0.2018,4.6293,1191.7008,wave,0.3567,0.6518,1.2607,0.0000,1.0000,0.0000,121.9484,28,994.9353,0.3771,0.6928,4,0,90633.4688,4.0439,0.0000,4.0439,0.7696,0.4879,0.0000,2.8796,33358.8672,31,1.0967,0.0000,0.0000,0.0000,41116.8242,3.6579,1937.4020,0.0000,7080
44,282,NewYork_Small,generalize_normal_ramp,Hybrid,3600,6,90,79,0.8778,1.0000,0.0000,539.2278,539.2278,0.2886,4.3328,270.5696,286.0482,1136.1334,0.8398,26.9329,24.3988,867.6855,220.3120,61.3444,10224.0742,0,0,-0.0330,0.0000,0.0000,0.0000,369,0.8778,0.1222,4.3244,655.0147,ramp_up_down,0.2727,0.5103,1.2073,0.0000,1.0000,0.0000,43.3429,24,581.4758,0.3037,0.3795,4,0,89754.5469,4.1000,0.0000,4.1000,0.8725,0.5052,0.0000,2.0871,14806.3281,12,1.1519,0.0000,0.0000,0.0000,43900.4102,3.5667,2203.7241,0.0000,5521
44,283,NewYork_Small,generalize_normal_ramp,Hybrid,3600,6,99,83,0.8384,1.0000,0.0000,516.1325,516.1325,0.2724,4.3380,260.4096,260.0745,1011.5050,0.7769,25.8081,24.1911,778.0150,222.1144,125.7172,20952.8613,0,0,-0.0278,0.0000,0.0000,0.0000,394,0.8384,0.1616,4.3718,655.0147,ramp_up_down,0.3419,0.6556,1.2296,0.0000,1.0000,0.0000,58.1086,28,581.0242,0.3026,0.4697,5,0,83954.9141,3.9798,0.0000,3.9798,0.8204,0.4698,0.0000,2.3524,18554.6309,18,1.0105,0.0000,0.0000,0.0000,111755.2734,3.3636,9260.6895,0.0000,12446
44,284,NewYork_Small,generalize_stress_shock,Hybrid,3600,5,161,133,0.8261,1.0000,0.0000,538.6015,538.6015,0.2923,4.1777,269.1654,281.4558,1087.0088,0.8077,27.7170,25.2360,901.4081,41.7927,86.4658,14410.9727,0,0,-0.0309,0.0000,0.0000,0.0000,637,0.8261,0.1739,4.1757,543.2000,shock_burst,0.2726,0.5030,1.3100,0.0000,1.0000,0.0000,51.7636,24,464.6069,0.4756,0.4549,6,0,144572.1719,3.9565,0.0000,3.9565,0.7239,0.5107,0.0000,1.8862,25142.2109,22,1.1053,0.0000,0.0000,0.0000,77618.8984,3.3292,7438.3818,0.0000,13921
44,285,NewYork_Small,generalize_stress_shock,Hybrid,3600,5,147,115,0.7823,1.0000,0.0000,503.3565,503.3565,0.2933,4.1961,263.3565,265.9237,1075.2799,0.8166,27.4281,25.4392,872.9316,41.7047,104.0272,17337.8691,0,0,-0.0171,0.0000,0.0000,0.0000,606,0.7823,0.2177,4.1923,543.2000,shock_burst,0.3393,0.6105,1.3227,0.0000,1.0000,0.0000,48.3006,20,463.8039,0.4610,0.4900,5,0,123657.1953,4.1224,0.0000,4.1224,0.6897,0.4979,0.0000,2.2311,28659.2969,19,1.2514,0.0000,0.0000,0.0000,93231.8672,3.3741,8692.0791,0.0000,15292
44,286,NewYork_Small,generalize_stress_buildup,Hybrid,3600,4,240,154,0.6417,1.0000,0.0000,643.9415,321.9708,0.5938,4.4631,307.4935,370.8497,1132.9663,0.7369,26.6885,24.5308,898.5944,26.3057,218.2708,36378.4727,0,0,-0.0216,0.0000,0.0000,0.0000,1010,0.6417,0.3583,4.4607,935.7400,building_up,0.2959,0.5527,1.3267,0.0000,1.0000,0.0000,80.9002,28,811.2717,0.3646,0.5626,7,0,174476.8125,4.2083,0.0000,4.2083,0.5857,0.5672,0.0000,2.7143,68085.0078,64,1.2182,0.0000,0.0000,0.0000,206976.6094,3.5500,26825.5566,0.0000,52385
44,287,NewYork_Small,generalize_stress_buildup,Hybrid,3600,4,252,178,0.7063,1.0000,0.0000,648.9213,324.4607,0.5858,4.4551,285.6477,412.3300,1052.1034,0.7366,27.8915,25.6075,770.9641,38.8240,171.5397,28589.9473,0,0,-0.0215,0.0000,0.0000,0.0000,1066,0.7063,0.2937,4.4446,935.7400,building_up,0.2560,0.4645,1.1820,0.0000,1.0000,0.0000,75.2271,24,812.2903,0.3794,0.6201,6,0,187274.4062,4.2302,0.0000,4.2302,0.6863,0.4382,0.0000,2.6897,57862.2031,82,1.4748,0.0000,0.0000,0.0000,150660.5781,3.5159,19096.4629,0.0000,43228
44,288,NewYork_Small,generalize_over_fleet,Hybrid,3600,60,43,36,0.8372,1.0000,0.0000,558.9722,69.8715,0.1356,4.6652,280.0278,372.4250,941.6408,0.6725,26.9973,21.9794,957.1164,366.3238,142.4419,23740.3105,0,0,-0.0089,0.0000,0.0000,0.0000,187,0.8372,0.1628,4.7627,1191.7008,wave,0.3941,0.7617,1.3242,0.0000,1.0000,0.0000,91.6996,28,990.8600,0.3519,0.6846,3,0,33899.0703,4.3488,0.0000,4.3488,0.7056,0.5370,0.0000,2.5184,11772.6895,16,1.9224,0.0000,0.0000,0.0000,70866.5312,3.3721,2454.2000,0.0000,6125
44,289,NewYork_Small,generalize_over_fleet,Hybrid,3600,60,58,46,0.7931,1.0000,0.0000,618.1522,61.8152,0.1809,4.6590,311.8261,359.2000,1046.6993,0.6713,25.0098,23.6638,896.0654,296.8852,77.7931,12965.5176,0,0,-0.0122,0.0000,0.0000,0.0000,245,0.7931,0.2069,4.6237,1191.7008,wave,0.3981,0.7850,1.2978,0.0000,1.0000,0.0000,102.4862,28,991.9658,0.3591,0.7744,3,0,48148.1680,4.2241,0.0000,4.2241,0.6996,0.4970,0.0000,3.6605,21819.3770,20,2.3179,0.0000,0.0000,0.0000,49095.1211,3.5862,1540.6890,0.0000,4512
44,290,NewYork_Small,generalize_normal_wave,TokenPassing,3600,6,114,17,0.1491,1.0000,0.0000,887.1177,221.7794,0.7900,4.6639,267.1250,602.3889,828.7353,0.6205,27.1632,25.0013,894.8137,190.1372,3079.1228,513187.1250,0,0,0.0000,0.0000,0.0000,0.0000,0,0.1491,0.8509,4.7277,1191.7008,wave,0.5980,1.1602,1.2590,0.0000,1.0000,0.0000,101.3779,28,990.9197,0.3583,1.0388,9,0,14088.5000,5.1228,0.0000,0.0000,0.0959,0.3737,0.0000,6.2150,16580.5098,7,14609.1748,0.0000,0.0000,0.0000,3036793.5000,0.0000,336458.6875,0.0000,351020
44,291,NewYork_Small,generalize_normal_wave,TokenPassing,3600,6,114,17,0.1491,1.0000,0.0000,966.5883,241.6471,0.7950,4.6618,210.1333,635.6000,1072.9309,1.0000,27.0151,25.0539,814.9897,188.1959,2107.7720,351295.3125,0,0,0.0000,0.0000,0.0000,0.0000,0,0.1491,0.8509,4.6438,1191.7008,wave,0.5000,0.8979,1.2607,0.0000,1.0000,0.0000,0.0000,28,991.0178,0.3614,0.9029,7,0,18239.8242,5.1053,0.0000,0.0000,0.1686,0.5722,0.0000,5.3610,11983.9248,9,3.0930,0.0000,0.0000,0.0000,2075886.1250,0.0000,225772.3594,0.0000,240286
44,292,NewYork_Small,generalize_normal_ramp,TokenPassing,3600,6,90,28,0.3111,1.0000,0.0000,936.3214,234.0804,0.7804,4.3460,171.5000,806.0800,1038.5046,1.0000,26.9329,24.3988,867.6855,220.3120,1805.0000,300833.3438,0,0,0.0000,0.0000,0.0000,0.0000,0,0.3111,0.6889,4.3356,655.0147,ramp_up_down,0.3690,0.6507,1.2073,0.0000,1.0000,0.0000,0.0000,24,579.1080,0.2977,0.6188,9,0,29078.1309,5.0000,0.0000,0.0000,0.3078,0.5028,0.0000,2.7478,8225.0205,6,2.8293,0.0000,0.0000,0.0000,1784449.3750,0.0000,151201.0156,0.0000,162450
44,293,NewYork_Small,generalize_normal_ramp,TokenPassing,3600,6,99,24,0.2424,1.0000,0.0000,988.7083,247.1771,0.8034,4.3504,188.0952,766.1481,1030.0591,1.0000,25.8081,24.1911,778.0150,222.1144,2577.1716,429528.6250,0,0,0.0000,0.0000,0.0000,0.0000,0,0.2424,0.7576,4.3849,655.0147,ramp_up_down,0.1667,0.3536,1.2296,0.0000,1.0000,0.0000,0.0000,28,578.2656,0.3015,0.5626,5,2,24721.4180,5.1717,0.0000,0.0000,0.2182,0.4323,0.0000,2.7520,4672.7676,5,5.4380,0.0000,0.0000,0.0000,2550717.5000,0.0000,244021.8750,0.0000,255140
44,294,NewYork_Small,generalize_stress_shock,TokenPassing,3600,5,161,31,0.1925,1.0000,0.0000,1031.1290,343.7097,0.7747,4.2627,203.1304,957.2083,1003.9073,0.9884,27.7170,25.2360,901.4081,41.7927,1221.3354,203555.9062,0,0,0.0000,0.0000,0.0000,0.0000,0,0.1925,0.8075,4.2660,543.2000,shock_burst,0.4129,0.7384,1.3100,0.0000,1.0000,0.0000,2.3490,24,458.3000,0.4264,0.6021,12,0,31121.1270,3.7516,0.0000,0.0000,0.1586,0.4801,0.0000,1.6721,2026.8138,2,14.4846,0.0000,0.0000,0.0000,1189210.0000,0.0000,178516.5469,0.0000,196635
44,295,NewYork_Small,generalize_stress_shock,TokenPassing,3600,5,147,27,0.1837,1.0000,0.0000,830.4815,276.8272,0.7706,4.2604,145.0435,671.9130,854.8276,1.0000,27.4281,25.4392,872.9316,41.7047,1052.3401,175390.0156,0,0,0.0000,0.0000,0.0000,0.0000,0,0.1837,0.8163,4.2518,543.2000,shock_burst,0.3556,0.6789,1.3227,0.0000,1.0000,0.0000,0.0000,20,458.8306,0.4240,0.5911,9,0,23080.3457,3.8844,0.0000,0.0000,0.1627,0.5002,0.0000,1.5244,1592.9976,4,5.7323,0.0000,0.0000,0.0000,1027963.7500,0.0000,138571.4375,0.0000,154694
44,296,NewYork_Small,generalize_stress_buildup,TokenPassing,3600,4,240,29,0.1208,1.0000,0.0000,1165.4828,582.7414,0.7472,4.5118,123.0000,1129.6801,1450.4032,1.0000,26.6885,24.5308,898.5944,26.3057,920.3792,153396.5312,0,0,0.0000,0.0000,0.0000,0.0000,0,0.1208,0.8792,4.5088,935.7400,building_up,0.5259,0.9964,1.3267,0.0000,1.0000,0.0000,0.0000,28,800.7742,0.3330,0.9187,19,0,42061.6953,3.0500,0.0000,0.0000,0.1207,0.6209,0.0000,3.2242,11526.0303,9,7.3809,0.0000,0.0000,0.0000,869376.4375,0.0000,189193.4531,0.0000,220891
44,297,NewYork_Small,generalize_stress_buildup,TokenPassing,3600,4,252,17,0.0675,1.0000,0.0000,1063.3529,354.4510,0.7545,4.5082,187.5625,894.8235,716.9568,0.7645,27.8915,25.6075,770.9641,38.8240,1295.4722,215912.0469,0,0,0.0000,0.0000,0.0000,0.0000,0,0.0675,0.9325,4.4949,935.7400,building_up,0.3382,0.6308,1.1820,0.0000,1.0000,0.0000,44.1711,24,800.2661,0.3506,1.2263,7,0,12188.2666,2.9881,0.0000,0.0000,0.0532,0.3554,0.0000,6.3075,7596.9795,9,10822.2412,0.0000,0.0000,0.0000,1235459.2500,0.0000,295446.2188,0.0000,326459
44,298,NewYork_Small,generalize_over_fleet,TokenPassing,3600,60,43,35,0.8140,1.0000,0.0000,549.2000,61.0222,0.1538,4.6650,326.2857,230.6341,1007.2647,0.6174,26.9973,21.9794,957.1164,366.3238,121.0233,20170.5430,0,0,0.0000,0.0000,0.0000,0.0000,0,0.8140,0.1860,4.7619,1191.7008,wave,0.3812,0.7357,1.3242,0.0000,1.0000,0.0000,124.8328,28,990.9258,0.3517,0.8424,3,0,35254.2656,48.6047,0.0000,0.0000,0.7270,0.5691,0.0000,4.5231,22171.3594,15,1.1470,0.0000,0.0000,0.0000,92294.3984,0.0000,477.6870,0.0000,5204
44,299,NewYork_Small,generalize_over_fleet,TokenPassing,3600,60,58,50,0.8621,1.0000,0.0000,626.9200,62.6920,0.1698,4.6610,409.8000,219.5926,1195.0793,0.5833,25.0098,23.6638,896.0654,296.8852,161.1207,26853.4492,0,0,0.0000,0.0000,0.0000,0.0000,0,0.8621,0.1379,4.6256,1191.7008,wave,0.2958,0.5845,1.2978,0.0000,1.0000,0.0000,170.7841,28,991.9750,0.3547,0.7154,3,0,59753.9648,49.8276,0.0000,0.0000,0.8622,0.5635,0.0000,2.9011,16548.8613,17,1.6935,0.0000,0.0000,0.0000,139174.8125,0.0000,3522.1040,0.0000,9345
