seed,global_episode,city,phase,policy_mode,total_steps,n_agents_max,tasks_appeared,tasks_completed,throughput_rate,accept_rate,refuse_rate,latency_mean,latency_per_agent,agent_utilisation,mean_congestion,mean_trip_steps,mean_wait_steps,mean_road_pd_m,delivery_route_efficiency,bbox_area_km2,convex_hull_km2,mean_pd_hav_m,mean_nn_pickup_m,compute_time_per_task_ms,compute_time_per_decision_us,pairing_violations,capacity_violations,actor_loss,critic_loss,entropy,adv_std,n_experiences,completion_per_accepted,unfinished_accept_rate,mean_congestion_at_decision,n_ghost_active_mean,congestion_profile,agent_completed_gini,agent_completed_std,mean_imp_accepted,mean_imp_refused,accept_rate_high_cong,accept_rate_low_cong,mean_extra_steps_per_task,wallclock_ms
42,0,Tokyo_Small,train,FaithfulMAPPER,3600,8,139,48,0.3453,0.9281,0.0719,862.8750,862.8750,0.2492,0.9840,255.5500,648.7632,1244.5996,0.9741,29.8284,27.4437,896.1081,219.5440,169.9137,21239.2090,0,0,0.0279,12.6572,0.6931,0.6739,236,0.3721,0.6279,1.0003,12.1967,wave,0.4286,0.7664,1.2776,1.2119,0.9281,0.0000,6.6301,23618
42,1,Tokyo_Small,train,MAPPO,3600,8,107,53,0.4953,0.8692,0.1308,662.8113,331.4057,0.3570,0.9842,213.4884,440.0256,939.0103,0.8797,29.0514,26.8541,837.2422,222.3545,32.9720,4121.4951,0,0,-0.0052,4.1251,0.6930,1.3932,158,0.5699,0.4301,0.9817,12.1967,wave,0.5051,0.9747,1.2199,1.2652,0.8857,0.0000,25.6863,3528
42,2,Kyoto_Small,train,FaithfulMAPPER,3600,8,138,21,0.1522,0.8913,0.1087,708.0952,236.0317,0.4081,0.9842,294.0526,432.7143,1280.6371,0.8710,19.6086,17.7850,870.7657,191.4596,473.8478,59230.9766,0,0,-0.0060,26.1663,0.6931,0.2826,239,0.1707,0.8293,1.0010,12.1967,wave,0.4490,0.8357,1.2970,1.3060,0.8913,0.0000,37.9252,65391
42,3,Kyoto_Small,train,MAPPO,3600,8,131,65,0.4962,0.9313,0.0687,565.0000,188.3333,0.4381,0.9892,206.6296,381.3954,978.3420,0.9470,19.9535,17.9402,750.5930,169.6120,66.4733,8309.1602,0,0,-0.0272,7.1079,0.6927,1.8771,233,0.5328,0.4672,0.9847,12.1967,wave,0.2857,0.5084,1.2339,1.1086,0.9380,0.5000,10.9612,8708
42,4,LosAngeles_Small,train,FaithfulMAPPER,3600,8,137,24,0.1752,0.9124,0.0876,1095.3334,547.6667,0.2502,0.9505,389.0454,748.2222,1547.4767,0.7955,23.7366,20.5686,981.6103,185.8115,315.7591,39469.8906,0,0,-0.0007,24.5576,0.6929,0.2677,241,0.1920,0.8080,0.9854,9.5000,building_up,0.4167,0.7935,1.2477,1.4112,0.9259,0.0000,79.5501,43259
42,5,LosAngeles_Small,train,MAPPO,3600,8,115,41,0.3565,0.9478,0.0522,804.6585,402.3293,0.3701,0.9783,280.4118,575.2414,1195.9501,0.8530,24.1581,22.5575,897.6740,228.1918,149.5391,18692.3906,0,0,-0.0039,16.0528,0.6921,2.4040,216,0.3761,0.6239,0.9826,9.5000,building_up,0.4559,0.8625,1.3212,1.4136,0.9558,0.5000,41.2218,17197
42,6,Tokyo_Small,train,FaithfulMAPPER,3600,8,123,60,0.4878,0.9593,0.0407,738.4333,369.2167,0.3328,0.9749,308.9074,456.4348,978.8738,0.6338,29.3438,27.6082,773.2390,210.7153,35.4959,4436.9917,0,0,-0.0077,6.1567,0.6931,0.5387,235,0.5085,0.4915,0.9837,9.5000,building_up,0.4770,0.9408,1.2443,1.0596,0.9669,0.5000,113.1326,4366
42,7,Tokyo_Small,train,MAPPO,3600,8,149,88,0.5906,0.9597,0.0403,757.1250,378.5625,0.3499,0.9858,244.0704,514.7333,1253.3921,1.0000,29.6751,28.2990,859.0901,193.1705,51.2953,6411.9126,0,0,-0.0032,4.1131,0.6916,1.7472,261,0.6154,0.3846,0.9866,9.5000,building_up,0.3935,0.7169,1.2600,1.1470,0.9660,0.5000,0.0000,7643
42,8,Kyoto_Small,train,FaithfulMAPPER,3600,8,122,86,0.7049,0.9672,0.0328,632.5117,158.1279,0.5049,0.9840,212.6447,402.4921,1034.7169,0.9732,19.4026,17.5147,843.1631,187.1740,16.8279,2103.4836,0,0,-0.0035,3.2304,0.6930,0.6041,243,0.7288,0.2712,0.9844,9.5000,building_up,0.2242,0.4178,1.2037,1.2929,0.9750,0.5000,5.7013,2053
42,9,Kyoto_Small,train,MAPPO,3600,8,128,58,0.4531,0.9219,0.0781,617.1207,205.7069,0.4287,0.9503,231.3273,388.2000,1106.4630,0.9566,20.0185,19.0023,808.4121,191.3526,51.5547,6444.3359,0,0,-0.0018,5.3980,0.6918,1.7068,250,0.4915,0.5085,0.9770,9.5000,building_up,0.4441,0.8271,1.1871,1.4551,0.9440,0.0000,10.0347,6599
42,10,LosAngeles_Small,train,FaithfulMAPPER,3600,8,125,39,0.3120,0.9680,0.0320,669.9487,669.9487,0.1652,0.9569,240.8056,445.4667,1184.1134,0.9835,22.8819,21.8164,925.6772,200.8628,290.4080,36301.0000,0,0,0.0094,16.9757,0.6930,0.4398,235,0.3223,0.6777,0.9760,9.5000,building_up,0.4476,0.8340,1.1869,1.1331,0.9836,0.3333,3.9829,36301
42,11,LosAngeles_Small,train,MAPPO,3600,8,129,46,0.3566,0.9380,0.0620,760.6304,380.3152,0.2900,0.9875,207.2381,493.1282,1033.6997,0.9976,23.4404,21.1073,806.3827,195.7023,306.8140,38351.7461,0,0,-0.0010,12.3824,0.6919,2.2914,239,0.3802,0.6198,0.9700,9.5000,building_up,0.3429,0.6106,1.2874,1.1636,0.9520,0.5000,0.4982,39579
42,12,Tokyo_Small,train,FaithfulMAPPER,3600,8,123,42,0.3415,0.8943,0.1057,924.3333,231.0833,0.5714,1.0001,256.2895,669.5500,1286.5223,1.0000,29.5663,27.7878,894.0293,231.3612,64.3821,8047.7642,0,0,-0.0095,7.5834,0.6930,0.4818,230,0.3818,0.6182,1.0000,2.0000,flat,0.3684,0.6689,1.2144,1.2835,0.8943,0.0000,0.0000,7919
42,13,Tokyo_Small,train,MAPPO,3600,8,133,68,0.5113,0.9624,0.0376,816.2647,204.0662,0.5837,1.0002,260.1053,556.7174,1293.4733,0.9946,29.5831,26.6653,857.6473,213.1923,64.5789,8072.3687,0,0,-0.0024,8.7324,0.6917,2.4599,250,0.5312,0.4688,1.0000,2.0000,flat,0.3333,0.5955,1.2419,1.0173,0.9624,0.0000,1.4106,8589
42,14,Kyoto_Small,train,FaithfulMAPPER,3600,8,140,79,0.5643,0.9714,0.0286,718.9241,718.9241,0.1656,0.9559,201.9714,456.4464,977.9655,0.9684,19.9464,18.1752,830.3124,159.4044,50.8000,6350.0000,0,0,-0.0109,8.1466,0.6930,0.4953,252,0.5809,0.4191,0.9866,9.5000,building_up,0.5226,1.0119,1.2267,1.0949,0.9783,0.5000,6.3783,7112
42,15,Kyoto_Small,train,MAPPO,3600,8,136,60,0.4412,0.9706,0.0294,1040.9000,1040.9000,0.1777,0.9900,273.6667,747.3721,1098.0956,0.8025,19.7806,17.5964,839.3335,164.1503,105.3750,13171.8750,0,0,-0.0102,8.6365,0.6923,2.1952,259,0.4545,0.5455,0.9796,9.5000,building_up,0.4044,0.7186,1.3074,1.1715,0.9774,0.6667,54.0475,14331
42,16,LosAngeles_Small,train,FaithfulMAPPER,3600,8,146,88,0.6027,0.9795,0.0205,771.5568,385.7784,0.3682,1.0004,229.1081,529.6334,1044.2064,0.9115,24.2855,22.8434,771.3765,177.5366,62.7671,7845.8906,0,0,0.0124,3.6091,0.6925,0.5792,267,0.6154,0.3846,1.0010,2.0000,flat,0.3806,0.7104,1.2015,1.7579,0.9795,0.0000,20.2668,9164
42,17,LosAngeles_Small,train,MAPPO,3600,8,135,34,0.2519,0.9259,0.0741,664.3235,664.3235,0.1599,1.0004,216.2414,506.2222,1163.2451,1.0000,24.0867,22.1329,869.8457,202.1807,536.7185,67089.8125,0,0,-0.0168,20.2002,0.6930,2.9842,266,0.2720,0.7280,1.0000,2.0000,flat,0.4571,0.8524,1.2695,1.2796,0.9259,0.0000,0.0000,72457
42,18,Tokyo_Small,train,FaithfulMAPPER,3600,8,125,72,0.5760,0.9280,0.0720,753.9722,376.9861,0.3022,1.0000,204.7377,504.1852,1035.9380,1.0000,29.5948,27.9324,850.5201,234.4591,27.3360,3417.0000,0,0,0.0106,4.4687,0.6928,0.6497,216,0.6207,0.3793,1.0006,5.8000,shock_burst,0.2903,0.5141,1.2324,1.1508,0.9280,0.0000,0.0000,3417
42,19,Tokyo_Small,train,MAPPO,3600,8,127,75,0.5906,0.9449,0.0551,761.7466,253.9155,0.4572,1.0001,207.3810,550.3455,1073.5193,1.0000,29.6778,26.2387,795.7375,214.2998,27.2677,3408.4646,0,0,-0.0006,2.4550,0.6931,1.4942,223,0.6250,0.3750,1.0000,5.8000,shock_burst,0.3079,0.5417,1.2646,1.3136,0.9449,0.0000,0.0000,3463
42,20,Kyoto_Small,train,FaithfulMAPPER,3600,8,124,59,0.4758,0.9194,0.0806,1044.3220,522.1610,0.2543,0.9656,283.3333,699.4737,1267.9941,0.8951,19.7240,17.5538,858.3378,172.5016,92.0081,11501.0078,0,0,0.0140,8.4141,0.6929,0.4673,239,0.5175,0.4825,0.9839,6.5039,ramp_up_down,0.3152,0.5686,1.2581,1.1139,0.9262,0.5000,29.7345,11409
42,21,Kyoto_Small,train,MAPPO,3600,8,118,80,0.6780,0.9831,0.0169,696.6000,232.2000,0.3789,0.9849,277.2308,455.4035,1157.1014,0.8348,19.9352,18.1012,853.2700,176.9563,20.3814,2547.6694,0,0,-0.0101,2.7354,0.6929,1.6485,242,0.6897,0.3103,0.9835,6.5039,ramp_up_down,0.2931,0.5750,1.2679,1.8090,0.9914,0.5000,45.8105,2405
42,22,LosAngeles_Small,train,FaithfulMAPPER,3600,8,116,55,0.4741,0.9224,0.0776,736.1091,368.0545,0.3576,1.0004,225.4694,483.6170,1198.3362,1.0000,23.7268,21.0048,847.9058,204.3468,91.7845,11473.0605,0,0,-0.0107,7.1575,0.6921,0.5365,188,0.5140,0.4860,1.0000,2.0000,flat,0.3345,0.6853,1.1638,1.3005,0.9224,0.0000,0.0000,10647
42,23,LosAngeles_Small,train,MAPPO,3600,8,118,55,0.4661,0.9746,0.0254,765.7636,765.7636,0.2210,1.0002,218.8800,533.6977,883.8398,0.8076,24.1464,21.6278,743.8845,199.9785,148.5763,18572.0332,0,0,-0.0529,7.7667,0.6929,2.4643,232,0.4783,0.5217,1.0000,2.0000,flat,0.5311,1.1342,1.2646,1.0342,0.9746,0.0000,42.1120,17532
42,24,Tokyo_Small,train,FaithfulMAPPER,3600,8,117,58,0.4957,0.9402,0.0598,942.5517,471.2758,0.2699,1.0001,222.2708,673.7442,1119.1945,1.0000,28.9582,26.3780,852.1748,233.6993,33.8034,4225.4272,0,0,-0.0527,4.2861,0.6926,0.6570,224,0.5273,0.4727,1.0000,5.8000,shock_burst,0.1936,0.3589,1.2801,1.2452,0.9402,0.0000,0.0000,3955
42,25,Tokyo_Small,train,MAPPO,3600,8,126,66,0.5238,0.9603,0.0397,963.7879,481.8940,0.3288,1.0002,260.6727,580.0435,1152.1649,0.8840,29.6959,27.4557,878.3930,217.8152,179.1984,22399.8008,0,0,0.0132,10.7468,0.6927,3.0561,260,0.5455,0.4545,1.0000,5.8000,shock_burst,0.4475,0.8190,1.2013,1.2983,0.9603,0.0000,30.2397,22579
42,26,Kyoto_Small,train,FaithfulMAPPER,3600,8,126,76,0.6032,0.9762,0.0238,739.2895,739.2895,0.2231,0.9623,193.5303,578.7500,911.6643,0.9421,20.0267,17.4839,703.7658,181.3974,19.4048,2425.5952,0,0,-0.0175,3.7040,0.6923,0.4509,211,0.6179,0.3821,0.9841,9.5000,building_up,0.4684,0.8719,1.2204,1.2053,0.9839,0.5000,11.1974,2445
42,27,Kyoto_Small,train,MAPPO,3600,8,131,63,0.4809,0.9389,0.0611,860.5079,430.2540,0.3291,0.9594,240.7308,572.0682,1146.0203,0.9521,20.0969,18.7441,798.5550,161.8571,98.2366,12279.5801,0,0,0.0017,6.6455,0.6927,2.5089,217,0.5122,0.4878,0.9864,9.5000,building_up,0.4686,0.8567,1.2639,1.1134,0.9457,0.5000,11.5267,12869
42,28,LosAngeles_Small,train,FaithfulMAPPER,3600,8,134,62,0.4627,0.9776,0.0224,719.3387,719.3387,0.1807,0.9769,220.7544,472.8298,1003.9990,0.9096,22.8938,20.6596,829.6464,179.7174,284.0298,35503.7305,0,0,0.0246,10.9884,0.6928,0.3784,275,0.4733,0.5267,0.9780,9.5000,building_up,0.4569,0.8789,1.2875,1.0433,0.9924,0.3333,19.9546,38060
42,29,LosAngeles_Small,train,MAPPO,3600,8,134,63,0.4701,0.9552,0.0448,655.2540,327.6270,0.2932,0.9609,242.7091,406.8979,949.9355,0.7828,23.3325,22.8078,819.6548,204.7878,110.5672,13820.8955,0,0,-0.0507,9.0680,0.6931,2.9007,259,0.4922,0.5078,0.9854,9.5000,building_up,0.3864,0.7261,1.2664,1.2524,0.9621,0.5000,52.7220,14816
42,30,Tokyo_Small,train,FaithfulMAPPER,3600,8,116,69,0.5948,0.9310,0.0690,569.6812,284.8406,0.3194,0.9720,198.2787,432.3214,917.0350,0.9250,29.7812,27.5427,855.7711,244.6074,30.6121,3826.5085,0,0,-0.0111,4.1273,0.6915,0.5429,218,0.6389,0.3611,0.9661,6.5039,ramp_up_down,0.3391,0.5963,1.2219,1.1010,0.9554,0.2500,14.8717,3551
42,31,Tokyo_Small,train,MAPPO,3600,8,112,48,0.4286,0.8929,0.1071,906.3333,453.1667,0.2897,0.9692,244.4318,615.7143,1338.7480,1.0000,29.5020,27.8776,1003.8204,267.6990,83.4821,10435.2676,0,0,-0.0014,13.8608,0.6930,3.5555,205,0.4800,0.5200,0.9821,6.5039,ramp_up_down,0.3430,0.6390,1.2585,1.1742,0.9000,0.5000,0.0000,9350
42,32,Kyoto_Small,train,FaithfulMAPPER,3600,8,118,77,0.6525,0.9746,0.0254,785.1429,196.2857,0.5069,0.9844,264.9683,494.3571,1095.9525,0.8272,19.8999,17.8619,768.6775,181.6632,29.8729,3734.1101,0,0,0.0063,3.9069,0.6916,0.5660,211,0.6696,0.3304,0.9923,12.1967,wave,0.4042,0.7401,1.2696,1.2784,0.9829,0.0000,45.7778,3525
42,33,Kyoto_Small,train,MAPPO,3600,8,116,58,0.5000,0.9655,0.0345,858.2931,429.1465,0.3023,0.9967,268.9800,574.5000,1213.4524,0.9023,19.4413,18.0331,882.3815,180.6870,71.5259,8940.7324,0,0,0.0070,13.1958,0.6929,3.4933,218,0.5179,0.4821,0.9840,12.1967,wave,0.3561,0.6353,1.2220,0.7260,0.9737,0.5000,26.2895,8297
42,34,LosAngeles_Small,train,FaithfulMAPPER,3600,8,111,46,0.4144,0.9820,0.0180,745.1087,745.1087,0.1851,0.9757,247.2750,563.0769,1170.9818,0.9471,23.2763,21.8179,882.1575,234.4111,112.8468,14105.8555,0,0,0.0263,12.2680,0.6915,0.4875,233,0.4220,0.5780,0.9826,9.5000,building_up,0.4905,0.9571,1.3366,0.9270,0.9908,0.5000,13.0786,12526
42,35,LosAngeles_Small,train,MAPPO,3600,8,92,56,0.6087,0.9565,0.0435,622.9643,622.9643,0.2367,0.9551,228.8125,401.0256,967.3344,0.8455,23.4664,20.7586,830.4939,263.1292,38.6304,4828.8042,0,0,-0.0077,4.5693,0.6929,2.0888,169,0.6364,0.3636,0.9806,9.5000,building_up,0.4409,0.7951,1.2502,1.1823,0.9667,0.5000,35.3456,3554
42,36,Tokyo_Small,train,FaithfulMAPPER,3600,8,132,63,0.4773,0.9621,0.0379,852.6667,426.3333,0.3223,1.0002,194.3929,662.5385,1056.3363,1.0000,29.7613,28.3698,858.6348,208.3352,48.0152,6001.8940,0,0,-0.0002,6.0894,0.6911,0.5692,255,0.4961,0.5039,1.0000,5.8000,shock_burst,0.4949,0.9046,1.2873,1.0347,0.9621,0.0000,0.0000,6338
42,37,Tokyo_Small,train,MAPPO,3600,8,133,59,0.4436,0.9774,0.0226,731.7797,731.7797,0.1894,1.0003,174.0000,533.7551,953.2859,1.0000,29.2962,25.1312,788.6146,210.2106,94.7895,11848.6846,0,0,0.0004,7.2183,0.6929,2.3943,255,0.4538,0.5462,1.0000,5.8000,shock_burst,0.3810,0.7102,1.2652,0.9867,0.9774,0.0000,0.0000,12607
42,38,Kyoto_Small,train,FaithfulMAPPER,3600,8,123,64,0.5203,0.9837,0.0163,616.3906,616.3906,0.1742,0.9565,212.7797,438.4445,1052.1544,0.9890,19.2117,17.5474,860.7677,177.2725,33.2520,4156.5039,0,0,0.0157,7.4946,0.6906,0.6506,217,0.5289,0.4711,0.9837,9.5000,building_up,0.3642,0.7115,1.2726,1.4483,0.9917,0.5000,2.3488,4090
42,39,Kyoto_Small,train,MAPPO,3600,8,107,61,0.5701,0.9439,0.0561,771.0328,771.0328,0.2249,0.9768,239.6275,454.7609,1165.6377,0.9729,20.0738,18.4821,887.9409,220.1614,37.9439,4742.9907,0,0,-0.0009,6.2323,0.6928,2.5302,232,0.6040,0.3960,0.9819,9.5000,building_up,0.3884,0.7421,1.2782,1.3123,0.9524,0.5000,6.4999,4060
42,40,LosAngeles_Small,train,FaithfulMAPPER,3600,8,124,77,0.6210,0.9516,0.0484,733.8052,366.9026,0.3414,0.9519,234.3971,498.7544,1057.4478,0.9023,23.5618,21.8188,863.9058,231.2866,44.2823,5535.2822,0,0,0.0014,4.9180,0.6903,0.6243,207,0.6525,0.3475,0.9839,9.5000,building_up,0.3344,0.6060,1.2522,1.3744,0.9590,0.5000,22.9075,5491
42,41,LosAngeles_Small,train,MAPPO,3600,8,111,56,0.5045,0.9009,0.0991,843.2679,843.2679,0.1289,0.9665,261.5532,552.4167,1162.7476,0.8891,22.9798,20.0195,842.9728,218.7571,59.1171,7389.6396,0,0,0.0277,7.8393,0.6919,2.7865,230,0.5600,0.4400,0.9730,9.5000,building_up,0.3993,0.7599,1.2150,1.4207,0.9167,0.3333,29.0037,6562
42,42,Tokyo_Small,train,FaithfulMAPPER,3600,8,125,46,0.3680,0.9440,0.0560,801.8913,801.8913,0.1467,0.9843,280.0000,523.5000,1362.8307,0.9735,29.4685,26.8530,958.9703,236.5646,87.0080,10876.0000,0,0,0.0284,10.7790,0.6909,0.5407,213,0.3898,0.6102,0.9924,12.1967,wave,0.3814,0.7064,1.2088,1.2064,0.9516,0.0000,7.4339,10876
42,43,Tokyo_Small,train,MAPPO,3600,8,130,70,0.5385,0.9462,0.0538,877.1429,438.5714,0.2685,0.9881,212.3443,646.5400,1047.3016,0.9864,29.6695,27.5971,833.9860,215.5278,60.9538,7619.2310,0,0,0.0017,8.2347,0.6908,2.7671,246,0.5691,0.4309,0.9850,12.1967,wave,0.3491,0.6425,1.3307,1.2811,0.9531,0.5000,2.8839,7924
42,44,Kyoto_Small,train,FaithfulMAPPER,3600,8,137,86,0.6277,0.9635,0.0365,681.9767,227.3256,0.4927,0.9841,205.8553,476.3125,1060.6527,1.0000,20.0330,18.8454,776.6113,166.6728,22.0657,2758.2117,0,0,0.0043,2.9963,0.6906,0.7133,241,0.6515,0.3485,0.9854,6.5039,ramp_up_down,0.3116,0.5553,1.2612,1.3650,0.9704,0.5000,0.0000,3023
42,45,Kyoto_Small,train,MAPPO,3600,8,128,54,0.4219,0.9844,0.0156,830.6111,276.8704,0.4748,0.9873,210.8445,577.8571,1129.4746,1.0000,19.0808,17.6938,904.1371,176.7106,94.6875,11835.9375,0,0,-0.0018,14.4867,0.6896,3.4134,288,0.4286,0.5714,0.9857,6.5039,ramp_up_down,0.4811,0.8917,1.2632,0.7088,0.9921,0.5000,0.0000,12120
42,46,LosAngeles_Small,train,FaithfulMAPPER,3600,8,118,58,0.4915,0.9407,0.0593,630.4655,630.4655,0.2053,1.0001,204.1373,400.6087,1039.2888,1.0000,23.3288,21.3048,891.2914,195.8529,77.1017,9637.7119,0,0,-0.0232,8.9071,0.6898,0.5618,197,0.5225,0.4775,1.0000,2.0000,flat,0.4216,0.8340,1.3088,1.1499,0.9407,0.0000,0.0000,9098
42,47,LosAngeles_Small,train,MAPPO,3600,8,131,55,0.4198,0.9695,0.0305,714.1818,357.0909,0.2652,1.0002,217.7200,481.5217,953.2211,0.8756,24.1270,23.1061,911.8588,214.9793,194.4504,24306.2969,0,0,-0.0168,15.9690,0.6877,3.6023,300,0.4331,0.5669,1.0000,2.0000,flat,0.3292,0.6305,1.2589,0.9173,0.9695,0.0000,27.0758,25473
42,48,Tokyo_Small,train,FaithfulMAPPER,3600,8,122,69,0.5656,0.9180,0.0820,743.5073,743.5073,0.1818,1.0006,227.0000,514.0600,1092.4589,0.9625,29.3834,26.7030,981.7006,233.7652,58.6393,7329.9180,0,0,-0.0681,8.3953,0.6902,0.6746,216,0.6161,0.3839,1.0000,5.8000,shock_burst,0.4069,0.8153,1.1425,1.2849,0.9180,0.0000,8.5082,7154
42,49,Tokyo_Small,train,MAPPO,3600,8,128,39,0.3047,0.9297,0.0703,1106.3334,1106.3334,0.1579,1.0005,405.1875,738.6154,1227.4598,0.6059,28.6560,27.0156,896.0999,224.7927,525.4219,65677.7344,0,0,0.0007,23.5529,0.6866,4.1433,282,0.3277,0.6723,1.0011,5.8000,shock_burst,0.4437,0.8592,1.1859,1.5640,0.9297,0.0000,159.6955,67254
42,50,Kyoto_Small,train,FaithfulMAPPER,3600,8,124,71,0.5726,0.9677,0.0323,662.5493,662.5493,0.2348,1.0003,189.9062,458.8276,872.1362,0.9185,19.9112,17.6799,684.9827,170.1405,41.8468,5230.8467,0,0,-0.0308,4.7338,0.6888,0.4779,207,0.5917,0.4083,1.0009,2.0000,flat,0.3133,0.5554,1.2480,1.0728,0.9677,0.0000,15.4790,5189
42,51,Kyoto_Small,train,MAPPO,3600,8,139,48,0.3453,0.9856,0.0144,932.4167,932.4167,0.2074,1.0006,223.5854,642.8108,1150.5209,1.0000,20.0116,17.9730,839.4133,154.2660,268.7266,33590.8281,0,0,0.0008,13.1374,0.6888,3.2127,280,0.3504,0.6496,1.0000,2.0000,flat,0.5767,1.2657,1.2036,1.4234,0.9856,0.0000,0.0000,37353
42,52,LosAngeles_Small,train,FaithfulMAPPER,3600,8,141,59,0.4184,0.9504,0.0496,766.0508,766.0508,0.1925,0.9950,227.2830,546.7333,1086.2712,0.9559,23.8176,22.0985,947.4683,198.8614,125.1348,15641.8438,0,0,-0.0194,14.2693,0.6883,0.5277,233,0.4403,0.5597,0.9864,6.5039,ramp_up_down,0.4861,0.8896,1.1825,1.1851,0.9568,0.5000,10.0288,17644
42,53,LosAngeles_Small,train,MAPPO,3600,8,148,59,0.3986,0.9257,0.0743,807.8983,807.8983,0.1508,0.9811,216.7736,570.7021,929.6176,0.8577,23.2766,21.0436,769.8093,176.4249,56.6216,7077.7026,0,0,-0.0001,11.3636,0.6908,3.2917,287,0.4307,0.5693,0.9865,6.5039,ramp_up_down,0.4213,0.7756,1.2609,1.2362,0.9315,0.5000,30.8501,8380
42,54,Tokyo_Small,train,FaithfulMAPPER,3600,8,126,53,0.4206,0.9365,0.0635,823.8868,205.9717,0.5114,1.0000,281.5000,617.9459,1393.7220,0.9902,29.4327,27.1583,900.1949,218.1287,137.8254,17228.1738,0,0,0.0135,9.2933,0.6889,0.5134,212,0.4492,0.5508,1.0009,2.0000,flat,0.3689,0.6790,1.2420,1.2563,0.9365,0.0000,2.7556,17366
42,55,Tokyo_Small,train,MAPPO,3600,8,139,84,0.6043,0.9640,0.0360,756.6786,151.3357,0.6473,1.0001,264.7671,464.6774,1064.4762,0.8041,29.5000,27.7615,823.5038,244.5994,36.8777,4609.7124,0,0,-0.0000,8.7478,0.6910,2.9688,280,0.6269,0.3731,1.0000,2.0000,flat,0.3619,0.6408,1.2346,1.5232,0.9640,0.0000,51.8719,5126
42,56,Kyoto_Small,train,FaithfulMAPPER,3600,8,150,79,0.5267,0.9867,0.0133,748.1899,748.1899,0.1784,0.9995,228.6522,525.9677,1004.3149,0.8785,19.8081,18.4432,805.6058,161.8667,74.1200,9265.0000,0,0,-0.0357,12.5708,0.6884,0.6725,261,0.5338,0.4662,0.9867,6.5039,ramp_up_down,0.3706,0.6860,1.2345,1.4651,0.9932,0.5000,27.7892,11118
42,57,Kyoto_Small,train,MAPPO,3600,8,130,78,0.6000,0.9769,0.0231,773.3718,257.7906,0.4082,0.9667,254.3881,562.1579,1133.0219,0.8908,19.5680,18.7404,875.4988,171.1883,60.7231,7590.3848,0,0,-0.0075,11.6748,0.6910,3.4263,278,0.6142,0.3858,0.9846,6.5039,ramp_up_down,0.2812,0.4921,1.2580,1.0040,0.9844,0.5000,27.7837,7894
42,58,LosAngeles_Small,train,FaithfulMAPPER,3600,8,123,64,0.5203,0.9431,0.0569,620.0469,155.0117,0.5703,1.0003,195.8909,416.2653,1018.7942,1.0000,23.4898,21.9978,796.4662,211.4705,89.0569,11132.1143,0,0,-0.0014,6.4440,0.6880,0.6211,199,0.5517,0.4483,1.0000,2.0000,flat,0.4338,0.8856,1.2761,1.2402,0.9431,0.0000,0.0000,10954
42,59,LosAngeles_Small,train,MAPPO,3600,8,130,70,0.5385,0.9692,0.0308,740.8428,185.2107,0.5585,1.0005,206.8065,540.8077,973.0678,0.9410,23.8877,21.2046,862.2814,188.1429,67.9846,8498.0771,0,0,-0.0039,8.5075,0.6912,2.8506,281,0.5556,0.4444,1.0000,2.0000,flat,0.4518,0.8600,1.1864,1.0547,0.9692,0.0000,12.1929,8838
42,60,Tokyo_Small,train,FaithfulMAPPER,3600,8,141,73,0.5177,0.9787,0.0213,626.9452,313.4726,0.3317,1.0002,205.8529,422.6885,935.0474,0.9085,29.1507,26.4495,871.6946,196.4463,79.5319,9941.4893,0,0,0.0138,10.6047,0.6866,0.5462,242,0.5290,0.4710,1.0000,2.0000,flat,0.4034,0.8056,1.2156,1.2429,0.9787,0.0000,18.8435,11214
42,61,Tokyo_Small,train,MAPPO,3600,8,118,57,0.4831,0.9746,0.0254,969.4035,484.7018,0.2621,1.0001,314.4681,547.7180,1262.2057,0.8028,29.6718,26.5934,863.1841,207.0767,68.4237,8552.9658,0,0,-0.0227,10.5600,0.6919,3.1911,289,0.4957,0.5043,1.0000,2.0000,flat,0.3889,0.7045,1.2455,1.6723,0.9746,0.0000,62.0269,8074
42,62,Kyoto_Small,train,FaithfulMAPPER,3600,8,138,75,0.5435,0.9783,0.0217,620.7733,620.7733,0.2385,1.0009,232.1129,436.3148,1043.6954,0.8993,19.8805,18.5920,810.4113,161.4807,142.5290,17816.1230,0,0,-0.0466,13.8568,0.6862,0.6374,244,0.5556,0.4444,1.0018,5.8000,shock_burst,0.3516,0.6510,1.2437,1.6709,0.9783,0.0000,23.3738,19669
42,63,Kyoto_Small,train,MAPPO,3600,8,125,62,0.4960,0.9760,0.0240,579.4194,579.4194,0.1752,1.0005,201.8393,380.9057,1067.5046,1.0000,19.8759,18.1960,819.3709,197.5984,122.5200,15315.0000,0,0,-0.0470,10.7366,0.6926,3.2235,261,0.5082,0.4918,1.0007,5.8000,shock_burst,0.4231,0.8697,1.2371,1.1487,0.9760,0.0000,0.0000,15315
42,64,LosAngeles_Small,train,FaithfulMAPPER,3600,8,119,85,0.7143,0.9748,0.0252,675.4588,168.8647,0.5891,1.0001,280.9333,409.9833,1327.1810,0.9448,23.1589,20.8756,948.5966,209.5471,35.5294,4441.1763,1,0,0.0087,3.6767,0.6867,0.7506,241,0.7328,0.2672,1.0000,2.0000,flat,0.3278,0.5860,1.1838,0.8994,0.9748,0.0000,15.4971,4228
42,65,LosAngeles_Small,train,MAPPO,3600,8,126,68,0.5397,0.9841,0.0159,835.5000,208.8750,0.5299,1.0006,211.0833,590.4706,1015.1234,0.9618,23.0279,21.4064,891.7277,209.0772,93.1746,11646.8252,0,0,-0.0074,11.3135,0.6928,3.3545,261,0.5484,0.4516,1.0008,2.0000,flat,0.3643,0.6448,1.2709,1.1836,0.9841,0.0000,8.0587,11740
42,66,Tokyo_Small,train,FaithfulMAPPER,3600,8,114,60,0.5263,0.9737,0.0263,768.1500,256.0500,0.4221,1.0002,208.3846,574.2500,1065.3861,1.0000,29.7887,27.1057,871.6661,238.0005,77.8947,9736.8418,0,0,-0.0101,4.9297,0.6855,0.5443,192,0.5405,0.4595,1.0000,2.0000,flat,0.2390,0.4344,1.1848,1.6177,0.9737,0.0000,0.0000,8880
42,67,Tokyo_Small,train,MAPPO,3600,8,105,45,0.4286,0.9143,0.0857,1006.5111,1006.5111,0.2150,1.0001,223.2051,765.4857,1334.7493,1.0000,28.1562,25.6405,900.3330,236.1233,62.7143,7839.2856,0,0,-0.0312,11.2071,0.6930,3.3606,193,0.4688,0.5312,1.0000,2.0000,flat,0.4415,0.8410,1.2765,1.0059,0.9143,0.0000,0.0000,6585
42,68,Kyoto_Small,train,FaithfulMAPPER,3600,8,136,77,0.5662,0.9926,0.0074,789.4935,394.7468,0.2795,0.9860,257.0857,519.8500,1131.9980,0.8806,19.6500,18.2000,887.8420,180.9251,34.2353,4279.4116,0,0,-0.0155,8.8633,0.6860,0.6848,270,0.5704,0.4296,0.9860,12.1967,wave,0.3688,0.6673,1.2846,1.4395,1.0000,0.5000,30.6861,4656
42,69,Kyoto_Small,train,MAPPO,3600,8,113,46,0.4071,0.9381,0.0619,767.7174,767.7174,0.1458,0.9839,221.7143,502.1945,953.9075,0.8605,20.0809,18.6394,893.4357,215.6748,152.3982,19049.7793,0,0,-0.0083,21.3436,0.6929,4.3331,210,0.4340,0.5660,0.9823,12.1967,wave,0.4088,0.7563,1.3217,1.2315,0.9459,0.5000,30.9328,17221
42,70,LosAngeles_Small,train,FaithfulMAPPER,3600,8,121,50,0.4132,0.9421,0.0579,786.3000,262.1000,0.4230,1.0003,268.5555,502.3500,1103.1449,0.8215,23.0973,21.9115,843.9055,199.4749,84.6777,10584.7109,0,0,0.0235,10.1531,0.6861,0.6270,234,0.4386,0.5614,1.0000,2.0000,flat,0.3425,0.6214,1.2257,1.0851,0.9421,0.0000,47.9266,10246
42,71,LosAngeles_Small,train,MAPPO,3600,8,125,67,0.5360,0.9120,0.0880,602.3582,200.7861,0.3824,1.0002,212.4746,421.2653,1083.9385,1.0000,23.7417,21.4559,836.3107,214.7325,28.3360,3542.0000,0,0,-0.0120,3.9909,0.6929,1.9816,210,0.5877,0.4123,1.0000,2.0000,flat,0.3800,0.6815,1.2444,1.3201,0.9120,0.0000,0.0000,3542
42,72,Tokyo_Small,train,FaithfulMAPPER,3600,8,123,49,0.3984,0.9756,0.0244,734.9592,367.4796,0.3080,0.9867,234.0417,528.9773,1128.0227,0.9640,28.7440,27.0636,819.8725,211.4106,87.5122,10939.0244,0,0,0.0141,7.2807,0.6862,0.5367,207,0.4083,0.5917,0.9837,6.5039,ramp_up_down,0.4553,0.8968,1.2699,1.7273,0.9835,0.5000,8.4371,10764
42,73,Tokyo_Small,train,MAPPO,3600,8,129,70,0.5426,0.8992,0.1008,797.5428,265.8476,0.4663,0.9740,260.7091,596.9388,1188.1791,0.9115,28.8910,27.6728,901.2911,217.7811,48.5504,6068.7983,1,0,-0.0023,5.8255,0.6930,2.4269,248,0.6034,0.3966,0.9845,6.5039,ramp_up_down,0.3421,0.6279,1.2469,1.2555,0.9055,0.5000,23.0733,6263
42,74,Kyoto_Small,train,FaithfulMAPPER,3600,8,111,84,0.7568,0.9640,0.0360,653.0357,217.6786,0.4112,0.9892,220.6389,412.4333,964.1535,0.8740,19.2885,17.0645,740.4374,167.7666,19.4505,2431.3064,0,0,-0.0056,2.1413,0.6859,0.4377,189,0.7850,0.2150,0.9820,6.5039,ramp_up_down,0.2536,0.4511,1.2070,1.6245,0.9725,0.5000,27.8082,2159
42,75,Kyoto_Small,train,MAPPO,3600,8,154,66,0.4286,0.9675,0.0325,770.4545,770.4545,0.2235,0.9962,225.5085,527.9423,1209.2233,1.0000,20.0966,19.0092,825.5175,151.7504,61.3182,7664.7729,0,0,0.0025,7.7166,0.6928,2.8067,323,0.4430,0.5570,0.9874,6.5039,ramp_up_down,0.3793,0.6845,1.1902,1.1623,0.9737,0.5000,0.0000,9443
42,76,LosAngeles_Small,train,FaithfulMAPPER,3600,8,117,65,0.5556,0.9487,0.0513,666.3231,666.3231,0.2313,0.9848,212.7500,466.3019,1048.3002,0.9855,23.2574,21.8017,826.1268,219.4439,34.8974,4362.1797,0,0,0.0192,5.9584,0.6848,0.6888,208,0.5856,0.4144,1.0000,12.1967,wave,0.3377,0.6008,1.2472,1.1035,0.9487,0.0000,3.0900,4083
42,77,LosAngeles_Small,train,MAPPO,3600,8,135,64,0.4741,0.9407,0.0593,776.1875,258.7292,0.3815,0.9844,268.9445,471.5107,1093.5758,0.8132,23.4506,21.5124,861.3393,176.5407,105.2444,13155.5557,0,0,-0.0130,8.6486,0.6923,2.9491,271,0.5039,0.4961,1.0000,12.1967,wave,0.4231,0.7615,1.1269,1.4961,0.9407,0.0000,50.2293,14208
42,78,Tokyo_Small,train,FaithfulMAPPER,3600,8,122,64,0.5246,0.9508,0.0492,723.3438,144.6687,0.7285,0.9843,245.8545,492.5745,1169.0984,0.9510,28.7598,25.9692,894.2113,235.7419,53.5820,6697.7461,0,0,0.0303,6.0948,0.6814,0.6458,202,0.5517,0.4483,0.9836,12.1967,wave,0.3601,0.6695,1.2617,1.0099,0.9667,0.0000,12.0349,6537
42,79,Tokyo_Small,train,MAPPO,3600,8,124,81,0.6532,0.9516,0.0484,671.0247,134.2049,0.6647,0.9843,253.8906,427.3673,990.0186,0.7799,29.6262,27.5445,775.6637,232.1222,43.8226,5477.8228,0,0,-0.0039,6.0703,0.6920,2.4647,239,0.6864,0.3136,0.9919,12.1967,wave,0.3571,0.6508,1.2958,1.3528,0.9593,0.0000,55.8869,5434
42,80,Kyoto_Small,train,FaithfulMAPPER,3600,8,117,54,0.4615,0.9744,0.0256,626.8889,208.9630,0.4881,1.0001,229.9592,388.0667,1155.1566,1.0000,19.9692,18.4933,894.5590,192.1907,65.3932,8174.1455,0,0,0.0517,8.1532,0.6807,0.5441,194,0.4737,0.5263,1.0000,2.0000,flat,0.4449,0.8414,1.2405,1.2008,0.9744,0.0000,0.0000,7651
42,81,Kyoto_Small,train,MAPPO,3600,8,118,39,0.3305,0.9407,0.0593,830.5385,830.5385,0.1784,1.0002,235.0588,582.9286,991.0955,0.8433,19.8858,18.0556,825.6298,190.5682,318.3559,39794.4922,0,0,-0.0008,17.3611,0.6916,3.3778,252,0.3514,0.6486,1.0000,2.0000,flat,0.4502,0.8310,1.2911,1.2887,0.9407,0.0000,36.8397,37566
42,82,LosAngeles_Small,train,FaithfulMAPPER,3600,8,114,65,0.5702,0.9912,0.0088,740.7538,185.1885,0.5233,1.0012,197.1930,573.5870,1078.8622,1.0000,22.4862,20.8557,951.5012,205.4907,55.7456,6968.2017,0,0,0.0026,7.1160,0.6828,0.5695,200,0.5752,0.4248,1.0027,2.0000,flat,0.4077,0.7287,1.2218,0.6243,0.9912,0.0000,0.0000,6355
42,83,LosAngeles_Small,train,MAPPO,3600,8,111,58,0.5225,0.9640,0.0360,668.2241,222.7414,0.4461,1.0004,303.6250,343.0750,957.6923,0.6308,22.6448,21.8597,820.1935,212.7853,137.5676,17195.9453,0,0,0.0042,10.2527,0.6914,3.0518,266,0.5421,0.4579,1.0000,2.0000,flat,0.4347,0.8387,1.2585,0.9259,0.9640,0.0000,112.0865,15270
42,84,Tokyo_Small,train,FaithfulMAPPER,3600,8,128,70,0.5469,0.9531,0.0469,847.5571,211.8893,0.5554,0.9584,311.4032,571.7447,1198.4709,0.7697,29.8743,28.1260,896.8998,198.1857,48.8203,6102.5391,0,0,-0.0240,6.7123,0.6824,0.6824,213,0.5738,0.4262,0.9922,6.5039,ramp_up_down,0.4012,0.7563,1.2782,1.5346,0.9606,0.0000,71.7090,6249
42,85,Tokyo_Small,train,MAPPO,3600,8,135,64,0.4741,0.9704,0.0296,859.7344,214.9336,0.5477,0.9899,243.0189,582.3405,1016.5768,0.8366,29.6026,26.3263,811.4470,196.2375,70.4074,8800.9258,0,0,0.0005,9.2654,0.6910,2.9654,281,0.4885,0.5115,0.9856,6.5039,ramp_up_down,0.5000,0.9511,1.2792,1.4361,0.9774,0.5000,39.7035,9505
42,86,Kyoto_Small,train,FaithfulMAPPER,3600,8,135,62,0.4593,0.9630,0.0370,682.8226,682.8226,0.1287,1.0003,167.6275,447.7234,1024.8580,1.0000,19.9064,18.2559,844.0667,172.9228,81.9778,10247.2227,0,0,0.0137,6.7764,0.6815,0.5333,223,0.4769,0.5231,1.0000,5.8000,shock_burst,0.4805,0.9000,1.2294,1.2359,0.9630,0.0000,0.0000,11067
42,87,Kyoto_Small,train,MAPPO,3600,8,127,55,0.4331,0.9843,0.0157,701.1273,701.1273,0.1828,1.0005,218.9130,481.2927,1129.0955,1.0000,19.6472,18.1352,867.4017,174.7328,244.8819,30610.2363,0,0,-0.0018,15.6639,0.6911,3.7855,252,0.4400,0.5600,1.0000,5.8000,shock_burst,0.4824,0.8844,1.2048,1.0918,0.9843,0.0000,0.0000,31100
42,88,LosAngeles_Small,train,FaithfulMAPPER,3600,8,119,51,0.4286,0.9664,0.0336,720.4117,360.2059,0.2698,1.0002,212.7174,505.9091,1133.4464,1.0000,23.6746,22.2396,891.5260,214.9923,132.4034,16550.4199,0,0,0.0362,6.7001,0.6793,0.5063,188,0.4435,0.5565,1.0000,5.8000,shock_burst,0.4130,0.7543,1.2641,1.2020,0.9664,0.0000,0.0000,15756
42,89,LosAngeles_Small,train,MAPPO,3600,8,137,56,0.4088,0.9489,0.0511,692.1250,692.1250,0.2178,1.0004,225.9592,415.1000,820.6415,0.7264,23.5262,21.3927,824.3820,180.7353,261.2117,32651.4590,0,0,-0.0072,16.8186,0.6909,3.6047,274,0.4308,0.5692,1.0000,5.8000,shock_burst,0.4602,0.9448,1.2785,1.1281,0.9489,0.0000,61.8309,35786
42,90,Tokyo_Small,train,FaithfulMAPPER,3600,8,137,60,0.4380,0.9927,0.0073,812.4167,270.8056,0.4183,0.9834,233.8824,544.1163,1052.2395,0.8998,29.6190,26.7373,881.8493,185.7198,142.1314,17766.4238,0,0,-0.0110,9.6016,0.6839,0.6179,226,0.4412,0.5588,0.9857,9.5000,building_up,0.5032,1.0248,1.2061,0.7976,1.0000,0.5000,23.4344,19472
42,91,Tokyo_Small,train,MAPPO,3600,8,132,79,0.5985,0.8561,0.1439,746.5569,373.2785,0.3515,0.9690,189.6324,561.0577,971.9868,1.0000,29.7422,26.3308,865.2462,227.4042,41.0076,5125.9468,0,0,-0.0299,7.7928,0.6909,2.8270,229,0.6991,0.3009,0.9776,9.5000,building_up,0.4091,0.7472,1.2508,1.1884,0.8682,0.3333,0.0000,5413
42,92,Kyoto_Small,train,FaithfulMAPPER,3600,8,138,65,0.4710,0.9855,0.0145,1143.8000,381.2667,0.4059,0.9679,290.5439,824.6000,1222.8867,0.8418,20.0528,18.5485,837.2085,162.5535,61.7464,7718.2969,0,0,-0.1205,8.9988,0.6844,0.6063,226,0.4779,0.5221,0.9855,9.5000,building_up,0.4490,0.8612,1.2693,1.3754,0.9926,0.5000,45.9665,8521
42,93,Kyoto_Small,train,MAPPO,3600,8,127,61,0.4803,0.9764,0.0236,644.1312,322.0656,0.3332,0.9894,208.0000,468.4546,984.2233,0.9464,19.6952,18.2502,799.8112,177.1745,219.7638,27470.4727,0,0,-0.0097,14.9191,0.6904,3.7731,262,0.4919,0.5081,0.9851,9.5000,building_up,0.4930,0.9158,1.2211,1.1835,0.9840,0.5000,11.1553,27910
42,94,LosAngeles_Small,train,FaithfulMAPPER,3600,8,140,63,0.4500,0.9643,0.0357,600.9365,300.4683,0.2905,1.0002,185.0345,402.4510,963.0388,1.0000,23.0142,21.7219,817.9071,194.7801,76.0929,9511.6074,0,0,-0.0034,7.7967,0.6839,0.5460,237,0.4667,0.5333,1.0000,2.0000,flat,0.3852,0.7324,1.2165,1.6205,0.9643,0.0000,0.0000,10653
42,95,LosAngeles_Small,train,MAPPO,3600,8,138,53,0.3841,0.9565,0.0435,685.0000,228.3333,0.3796,1.0002,199.6667,568.3846,960.1373,0.9617,23.4043,21.1657,828.7046,167.8641,158.5072,19813.4062,0,0,-0.0013,11.8431,0.6888,3.1643,313,0.4015,0.5985,1.0000,2.0000,flat,0.4599,0.8582,1.2451,1.1311,0.9565,0.0000,7.6392,21874
42,96,Tokyo_Small,train,FaithfulMAPPER,3600,8,137,70,0.5109,0.9562,0.0438,692.4429,346.2214,0.2924,0.9808,269.7288,442.0000,1142.7849,0.8474,29.4816,26.1607,815.7689,215.6745,117.9854,14748.1748,0,0,0.0236,6.8271,0.6833,0.5459,217,0.5344,0.4656,0.9859,9.5000,building_up,0.3653,0.6712,1.2369,1.2251,0.9630,0.5000,41.1718,16164
42,97,Tokyo_Small,train,MAPPO,3600,8,105,42,0.4000,0.8762,0.1238,820.3333,410.1667,0.2655,0.9896,278.4595,607.4849,1242.8691,0.8927,29.2207,25.7337,946.8455,264.1590,57.2667,7158.3335,0,0,0.0050,11.0683,0.6890,3.3202,209,0.4565,0.5435,0.9810,9.5000,building_up,0.3395,0.6124,1.2305,1.2469,0.8835,0.5000,29.8857,6013
42,98,Kyoto_Small,train,FaithfulMAPPER,3600,8,125,71,0.5680,0.9520,0.0480,711.5493,177.8873,0.5213,1.0003,219.8136,440.7222,1165.2174,1.0000,19.8659,18.5443,865.4794,163.5457,32.2880,4036.0000,0,0,0.0058,3.6709,0.6832,0.5488,209,0.5966,0.4034,1.0000,2.0000,flat,0.4226,0.7627,1.2137,1.3267,0.9520,0.0000,0.0000,4036
42,99,Kyoto_Small,train,MAPPO,3600,8,137,64,0.4672,0.9562,0.0438,813.6875,271.2292,0.4536,1.0003,240.2076,550.5625,1165.2360,0.9702,19.5327,17.8217,945.3904,160.0830,60.6496,7581.2046,0,0,-0.0125,14.7942,0.6888,3.8272,275,0.4885,0.5115,1.0000,2.0000,flat,0.3135,0.5808,1.2992,1.0584,0.9562,0.0000,7.1604,8309
42,100,LosAngeles_Small,train,FaithfulMAPPER,3600,8,117,52,0.4444,0.9744,0.0256,912.2885,304.0962,0.4128,1.0002,259.0869,646.0244,1169.5155,0.9028,22.4215,20.0011,896.5635,216.8054,111.0769,13884.6152,0,0,-0.0165,9.5490,0.6805,0.4516,187,0.4561,0.5439,1.0000,2.0000,flat,0.4348,0.8087,1.2394,1.7030,0.9744,0.0000,25.1838,12996
42,101,LosAngeles_Small,train,MAPPO,3600,8,126,53,0.4206,0.9762,0.0238,576.6226,576.6226,0.2175,1.0005,227.1087,367.8537,1043.5502,0.9190,23.9220,21.5499,887.4255,189.0406,145.0079,18125.9922,0,0,0.0108,11.0730,0.6881,3.0849,302,0.4309,0.5691,1.0000,2.0000,flat,0.5278,1.1109,1.2375,1.1172,0.9762,0.0000,18.3987,18271
42,102,Tokyo_Small,train,FaithfulMAPPER,3600,8,128,79,0.6172,0.9375,0.0625,897.2532,299.0844,0.4157,0.9867,277.0909,588.5714,1017.2765,0.7343,28.4042,26.8481,856.5787,224.8309,69.5781,8697.2656,0,0,-0.0019,7.5718,0.6798,0.6225,207,0.6583,0.3417,0.9852,6.5039,ramp_up_down,0.3300,0.5821,1.2612,1.5132,0.9444,0.5000,73.6356,8906
42,103,Tokyo_Small,train,MAPPO,3600,8,127,64,0.5039,0.9370,0.0630,864.1406,864.1406,0.1633,0.9733,283.3148,575.3182,1346.1062,0.9503,29.3783,27.9075,1042.6975,236.4556,47.4961,5937.0078,0,0,-0.0008,9.6860,0.6888,3.1218,287,0.5378,0.4622,0.9847,6.5039,ramp_up_down,0.3385,0.6130,1.2683,1.0496,0.9440,0.5000,14.0936,6032
42,104,Kyoto_Small,train,FaithfulMAPPER,3600,8,132,70,0.5303,0.9621,0.0379,724.8143,362.4071,0.2518,0.9845,243.0000,469.0217,882.9263,0.7267,19.4606,17.4180,753.7220,183.4882,34.6515,4331.4395,0,0,0.0208,8.5370,0.6836,0.4135,205,0.5512,0.4488,0.9928,12.1967,wave,0.4808,0.8804,1.2731,1.3636,0.9695,0.0000,66.4147,4574
42,105,Kyoto_Small,train,MAPPO,3600,8,138,41,0.2971,0.9203,0.0797,844.5122,844.5122,0.2180,0.9933,213.1944,602.0000,1102.9094,1.0000,19.6582,18.3190,794.7114,194.0945,111.9638,13995.4707,0,0,0.0008,12.5977,0.6897,3.1671,272,0.3228,0.6772,0.9859,12.1967,wave,0.3910,0.7159,1.3006,1.2071,0.9265,0.5000,0.0000,15451
42,106,LosAngeles_Small,train,FaithfulMAPPER,3600,8,147,79,0.5374,0.9456,0.0544,701.6962,350.8481,0.3408,1.0001,207.4154,523.9310,1003.3778,0.9675,24.4156,21.2040,819.8567,185.8410,43.3333,5416.6665,0,0,0.0052,4.9837,0.6818,0.5464,244,0.5683,0.4317,1.0000,5.8000,shock_burst,0.3431,0.6020,1.2459,1.4467,0.9456,0.0000,6.7398,6370
42,107,LosAngeles_Small,train,MAPPO,3600,8,136,62,0.4559,0.9632,0.0368,723.9516,361.9758,0.2856,1.0002,209.6415,562.4773,1098.6941,1.0000,22.9959,22.1132,905.7750,198.8321,340.1618,42520.2188,0,0,-0.0037,20.0935,0.6901,4.4054,280,0.4733,0.5267,1.0003,5.8000,shock_burst,0.3706,0.7040,1.1693,0.9550,0.9632,0.0000,0.0000,46262
42,108,Tokyo_Small,train,FaithfulMAPPER,3600,8,137,84,0.6131,0.9708,0.0292,797.6786,797.6786,0.1915,0.9841,268.5811,572.4237,1116.8046,0.8316,29.3099,27.4312,871.4024,217.9954,38.2044,4775.5474,0,0,0.0034,5.0036,0.6822,0.7377,235,0.6316,0.3684,1.0003,12.1967,wave,0.3581,0.6629,1.2744,1.4666,0.9708,0.0000,45.2202,5234
42,109,Tokyo_Small,train,MAPPO,3600,8,129,56,0.4341,0.9302,0.0698,768.1429,384.0714,0.2736,0.9841,253.2885,511.1923,1264.3788,0.9984,29.3757,27.4583,937.8389,238.7613,143.3333,17916.6660,0,0,-0.0017,14.1301,0.6907,3.7838,262,0.4667,0.5333,0.9845,12.1967,wave,0.2562,0.4927,1.2527,1.2777,0.9449,0.0000,0.4127,18490
42,110,Kyoto_Small,train,FaithfulMAPPER,3600,8,113,48,0.4248,0.8938,0.1062,684.0625,0.0000,0.0786,1.0003,190.7805,536.5750,1008.3948,1.0000,19.6914,17.6522,866.0040,213.3223,96.3717,12046.4600,0,0,-0.0187,12.0851,0.6831,0.4389,192,0.4752,0.5248,1.0000,2.0000,flat,0.4644,0.8903,1.2826,1.3236,0.8938,0.0000,0.0000,10890
42,111,Kyoto_Small,train,MAPPO,3600,8,113,66,0.5841,0.9292,0.0708,870.6061,870.6061,0.1419,1.0003,301.2182,534.8409,1051.2482,0.6980,19.8063,18.3405,974.6739,185.7224,70.8407,8855.0889,0,0,-0.0092,16.2322,0.6908,4.0429,206,0.6286,0.3714,1.0015,2.0000,flat,0.4849,0.9474,1.2085,1.2345,0.9292,0.0000,90.9685,8005
42,112,LosAngeles_Small,train,FaithfulMAPPER,3600,8,115,48,0.4174,0.9130,0.0870,699.6667,699.6667,0.1656,1.0002,294.8750,428.4243,1188.2184,0.8059,24.4199,21.7009,830.6040,222.4609,120.0956,15011.9561,0,0,-0.0008,11.0320,0.6826,0.4818,198,0.4571,0.5429,1.0006,5.8000,shock_burst,0.4551,0.8531,1.2454,1.1178,0.9130,0.0000,57.2313,13811
42,113,LosAngeles_Small,train,MAPPO,3600,8,119,46,0.3866,0.9412,0.0588,731.9565,365.9783,0.2945,1.0004,213.6190,568.9000,1150.6235,1.0000,23.7168,21.1769,906.3746,232.2438,181.7563,22719.5371,0,0,0.0008,14.9935,0.6900,3.8341,254,0.4107,0.5893,1.0000,5.8000,shock_burst,0.3415,0.6170,1.2252,1.1908,0.9412,0.0000,0.0000,21629
42,114,Tokyo_Small,train,FaithfulMAPPER,3600,8,119,74,0.6218,0.9916,0.0084,817.1757,204.2939,0.5007,1.0001,200.0769,556.4039,988.1516,0.9878,28.4284,25.8710,798.0428,221.4868,132.1513,16518.9082,0,0,0.0057,9.4792,0.6801,0.6153,193,0.6271,0.3729,1.0000,2.0000,flat,0.2773,0.4918,1.2824,1.5009,0.9916,0.0000,2.4466,15726
42,115,Tokyo_Small,train,MAPPO,3600,8,131,65,0.4962,0.9389,0.0611,747.8923,249.2974,0.4602,1.0002,240.7091,466.8723,990.0964,0.8226,29.3920,27.9964,835.3428,246.1664,83.8855,10485.6875,0,0,-0.0076,10.5158,0.6904,3.1649,324,0.5285,0.4715,1.0000,2.0000,flat,0.3979,0.7288,1.2504,1.1648,0.9389,0.0000,42.6898,10989
42,116,Kyoto_Small,train,FaithfulMAPPER,3600,8,119,69,0.5798,0.9748,0.0252,694.7536,231.5845,0.3853,1.0003,223.1724,493.8600,1078.5775,0.9666,19.9992,17.8988,861.2094,192.9572,18.3697,2296.2185,0,0,-0.0083,5.7785,0.6791,0.7994,180,0.5948,0.4052,1.0004,5.8000,shock_burst,0.2650,0.4853,1.2783,1.3095,0.9748,0.0000,7.4569,2186
42,117,Kyoto_Small,train,MAPPO,3600,8,130,54,0.4154,0.9538,0.0462,917.7963,917.7963,0.2394,1.0007,255.0638,574.9750,1077.7898,0.8451,19.4914,18.5408,868.6194,179.4676,202.3308,25291.3457,0,0,0.0062,18.0670,0.6908,4.1239,260,0.4355,0.5645,1.0006,5.8000,shock_burst,0.4161,0.7806,1.2816,1.2584,0.9538,0.0000,39.5059,26303
42,118,LosAngeles_Small,train,FaithfulMAPPER,3600,8,139,61,0.4388,0.9784,0.0216,733.7541,244.5847,0.4836,0.9842,197.7451,452.8222,994.6870,1.0000,23.8943,22.4141,854.4017,197.3433,82.7050,10338.1299,0,0,0.0056,11.1082,0.6770,0.6031,229,0.4485,0.5515,1.0007,12.1967,wave,0.3986,0.7469,1.2222,1.1334,0.9784,0.0000,0.0000,11496
42,119,LosAngeles_Small,train,MAPPO,3600,8,128,67,0.5234,0.9453,0.0547,680.7313,170.1828,0.5287,0.9858,217.8525,451.7500,1224.8708,1.0000,22.9220,20.2787,943.3221,207.8876,45.1328,5641.6016,0,0,-0.0040,9.6045,0.6911,3.0350,248,0.5537,0.4463,0.9844,12.1967,wave,0.4000,0.7265,1.2243,1.0109,0.9524,0.5000,0.0000,5777
42,120,Tokyo_Small,train,FaithfulMAPPER,3600,8,145,55,0.3793,0.9586,0.0414,715.9454,238.6485,0.3955,0.9844,180.0000,577.6667,1120.4517,1.0000,29.9148,28.3195,932.6675,194.9099,267.5586,33444.8281,0,0,-0.0045,13.4108,0.6770,0.6303,248,0.3957,0.6043,0.9935,12.1967,wave,0.4874,0.8931,1.2564,1.2480,0.9653,0.0000,0.0000,38796
42,121,Tokyo_Small,train,MAPPO,3600,8,112,46,0.4107,0.9375,0.0625,907.9130,226.9783,0.5015,0.9844,293.3421,637.6875,1342.7198,0.9155,28.7108,26.3633,1032.6818,193.9614,114.1250,14265.6250,0,0,-0.0045,12.1060,0.6905,3.3691,217,0.4381,0.5619,0.9928,12.1967,wave,0.4189,0.7838,1.2209,1.1027,0.9459,0.0000,24.7981,12782
42,122,Kyoto_Small,train,FaithfulMAPPER,3600,8,128,74,0.5781,0.9766,0.0234,674.4730,674.4730,0.1927,0.9937,218.7969,427.5769,928.0895,0.8484,19.5033,17.9544,763.4711,161.8551,34.4219,4302.7344,0,0,0.0227,7.2978,0.6775,0.6363,211,0.5920,0.4080,0.9844,9.5000,building_up,0.2316,0.4247,1.2914,1.0061,0.9841,0.5000,33.1790,4406
42,123,Kyoto_Small,train,MAPPO,3600,8,148,45,0.3041,0.9527,0.0473,810.3778,810.3778,0.1444,0.9845,215.5556,615.2000,1099.8615,1.0000,19.8614,18.2275,853.6669,163.2887,408.2770,51034.6289,0,0,-0.0043,14.7646,0.6890,3.4472,341,0.3191,0.6809,0.9865,9.5000,building_up,0.4633,0.8322,1.2311,1.4444,0.9589,0.5000,0.0000,60425
42,124,LosAngeles_Small,train,FaithfulMAPPER,3600,8,121,50,0.4132,0.9504,0.0496,686.8600,686.8600,0.2257,0.9843,181.6364,471.0513,1050.7690,1.0000,23.4577,21.4555,831.6069,217.6917,165.9917,20748.9668,0,0,-0.0080,11.1078,0.6765,0.4377,197,0.4348,0.5652,1.0011,12.1967,wave,0.4747,0.8965,1.2870,1.2221,0.9504,0.0000,0.0000,20085
42,125,LosAngeles_Small,train,MAPPO,3600,8,119,50,0.4202,0.8992,0.1008,634.7400,634.7400,0.1807,0.9843,204.6512,403.6250,1028.9794,1.0000,23.4905,20.5695,787.2015,208.1618,159.0336,19879.2012,0,0,-0.0026,12.9591,0.6893,3.5785,252,0.4673,0.5327,0.9916,12.1967,wave,0.4928,0.9335,1.3620,1.2667,0.9068,0.0000,0.0000,18925
42,126,Tokyo_Small,train,FaithfulMAPPER,3600,8,135,69,0.5111,0.9259,0.0741,723.4058,723.4058,0.2272,1.0001,226.0678,473.8542,994.7073,0.8800,29.6923,27.9905,835.1011,240.2554,53.6000,6700.0000,0,0,0.1166,5.5913,0.6777,0.6592,209,0.5520,0.4480,1.0000,5.8000,shock_burst,0.3991,0.7400,1.2667,1.1010,0.9259,0.0000,27.1263,7236
42,127,Tokyo_Small,train,MAPPO,3600,8,118,74,0.6271,0.9407,0.0593,732.0811,366.0405,0.2531,1.0002,264.4590,458.6667,1172.7477,0.8869,29.0990,26.5036,826.4330,225.1701,37.7881,4723.5171,0,0,-0.0017,10.1464,0.6904,2.7893,228,0.6667,0.3333,1.0000,5.8000,shock_burst,0.2742,0.4987,1.2784,1.1609,0.9407,0.0000,29.9095,4459
42,128,Kyoto_Small,train,FaithfulMAPPER,3600,8,124,53,0.4274,0.9516,0.0484,813.6981,271.2327,0.3931,1.0001,215.2667,574.0000,1088.8347,1.0000,19.9014,18.0680,793.1004,161.5207,123.6290,15453.6289,0,0,-0.0004,11.3914,0.6767,0.4801,195,0.4492,0.5508,1.0000,2.0000,flat,0.4638,0.8575,1.2372,1.6048,0.9516,0.0000,0.0000,15330
42,129,Kyoto_Small,train,MAPPO,3600,8,119,61,0.5126,0.9664,0.0336,854.9344,213.7336,0.5568,1.0001,256.7200,573.5682,1161.2136,0.9047,20.0214,17.8156,840.8966,185.0067,48.6975,6087.1851,0,0,-0.0058,10.7402,0.6910,3.1895,271,0.5304,0.4696,1.0008,2.0000,flat,0.3007,0.5261,1.2539,1.7049,0.9664,0.0000,24.4773,5795
42,130,LosAngeles_Small,train,FaithfulMAPPER,3600,8,111,56,0.5045,0.9369,0.0631,840.4107,420.2054,0.2984,1.0001,270.8542,616.5263,1220.3262,0.9011,23.5839,21.2577,835.3157,220.1989,68.9369,8617.1172,0,0,-0.0138,5.5606,0.6746,0.4222,175,0.5385,0.4615,1.0000,2.0000,flat,0.3478,0.6195,1.2016,1.3236,0.9369,0.0000,26.7889,7652
42,131,LosAngeles_Small,train,MAPPO,3600,8,130,68,0.5231,0.9154,0.0846,709.6323,354.8162,0.3200,1.0002,221.1930,495.5107,1034.9226,0.9358,24.1838,21.5428,821.8302,206.1418,64.6615,8082.6924,0,0,-0.0129,10.8266,0.6916,3.2955,263,0.5714,0.4286,1.0011,2.0000,flat,0.3821,0.6862,1.3169,1.1968,0.9154,0.0000,14.2085,8406
42,132,Tokyo_Small,train,FaithfulMAPPER,3600,8,117,70,0.5983,0.9487,0.0513,790.8857,395.4429,0.2983,1.0004,266.0000,572.5192,1267.7817,0.9532,29.3846,27.3555,926.3336,229.3238,35.8205,4477.5640,0,0,0.0258,5.2742,0.6738,0.6732,182,0.6306,0.3694,1.0000,5.8000,shock_burst,0.4107,0.7590,1.2851,1.0830,0.9487,0.0000,12.4436,4191
42,133,Tokyo_Small,train,MAPPO,3600,8,130,57,0.4385,0.9077,0.0923,909.3684,909.3684,0.2082,1.0003,243.0833,633.6923,1023.0434,0.8417,27.9353,25.8491,861.2006,219.4561,64.8692,8108.6538,0,0,-0.0114,10.1690,0.6911,3.1641,240,0.4831,0.5169,1.0000,5.8000,shock_burst,0.4686,0.8375,1.1932,1.1002,0.9077,0.0000,38.4747,8433
42,134,Kyoto_Small,train,FaithfulMAPPER,3600,8,124,75,0.6048,0.9597,0.0403,541.6266,180.5422,0.4446,1.0004,165.5075,394.1053,872.0658,1.0000,19.3977,17.8236,779.5991,169.7014,32.6613,4082.6614,0,0,0.0080,4.3084,0.6741,0.4320,200,0.6303,0.3697,1.0000,2.0000,flat,0.1734,0.3077,1.1777,1.3597,0.9597,0.0000,0.0000,4050
42,135,Kyoto_Small,train,MAPPO,3600,8,134,71,0.5299,0.9701,0.0299,582.6620,582.6620,0.2189,1.0003,213.8689,363.9019,863.8588,0.8078,19.8667,18.3763,775.9316,172.7950,62.7687,7846.0820,0,0,0.0052,8.2866,0.6909,2.8253,301,0.5462,0.4538,1.0015,2.0000,flat,0.2818,0.5025,1.2589,1.1037,0.9701,0.0000,41.0971,8411
42,136,LosAngeles_Small,train,FaithfulMAPPER,3600,8,130,80,0.6154,0.9692,0.0308,722.6625,180.6656,0.5557,0.9841,211.1000,483.8596,972.6476,0.9215,23.3738,21.8748,740.3473,168.5434,64.5000,8062.5000,0,0,-0.0849,3.4572,0.6720,0.4941,214,0.6349,0.3651,0.9923,12.1967,wave,0.4028,0.7652,1.2528,1.4258,0.9767,0.0000,16.5705,8385
42,137,LosAngeles_Small,train,MAPPO,3600,8,121,71,0.5868,0.9835,0.0165,639.1831,319.5916,0.3446,0.9992,215.0984,380.3860,947.9335,0.8814,23.3483,22.3750,733.2982,209.5170,64.3802,8047.5205,0,0,0.0127,7.6522,0.6913,2.6611,246,0.5966,0.4034,0.9835,12.1967,wave,0.4672,0.9141,1.2729,0.6936,0.9916,0.5000,25.5117,7790
42,138,Tokyo_Small,train,FaithfulMAPPER,3600,8,133,69,0.5188,0.9323,0.0677,726.4927,242.1642,0.4851,1.0001,228.3276,534.7547,1141.3361,0.9997,29.0152,26.8801,814.4963,219.4563,35.4511,4431.3911,0,0,-0.0040,3.6823,0.6731,0.6384,212,0.5565,0.4435,1.0000,2.0000,flat,0.3262,0.5794,1.1815,1.2451,0.9323,0.0000,0.0604,4715
42,139,Tokyo_Small,train,MAPPO,3600,8,129,69,0.5349,0.9457,0.0543,771.5217,257.1739,0.4475,1.0000,335.2787,410.0425,1110.0725,0.6622,29.2388,26.8789,872.2844,197.7434,77.3411,9667.6357,0,0,-0.0002,13.0870,0.6915,3.5142,256,0.5656,0.4344,1.0000,2.0000,flat,0.3967,0.7084,1.2568,1.4260,0.9457,0.0000,113.2642,9977
42,140,Kyoto_Small,train,FaithfulMAPPER,3600,8,145,79,0.5448,0.9241,0.0759,737.4051,184.3513,0.5658,1.0002,248.8611,501.8474,1181.3821,0.9494,19.8905,18.4398,877.6053,151.1387,26.0759,3259.4827,0,0,0.0306,5.9781,0.6731,0.8373,224,0.5896,0.4104,1.0000,2.0000,flat,0.2281,0.4086,1.2490,0.9495,0.9241,0.0000,12.5847,3781
42,141,Kyoto_Small,train,MAPPO,3600,8,134,76,0.5672,0.9552,0.0448,759.7632,189.9408,0.5506,1.0004,250.5634,537.2381,1068.5304,0.8529,19.5031,18.5986,810.6611,156.7699,36.3134,4539.1792,1,0,-0.0035,8.9302,0.6921,2.9002,264,0.5938,0.4062,1.0000,2.0000,flat,0.3127,0.5813,1.2861,1.0389,0.9552,0.0000,36.8573,4866
42,142,LosAngeles_Small,train,FaithfulMAPPER,3600,8,135,89,0.6593,0.9333,0.0667,711.7079,355.8539,0.3283,0.9711,241.2533,477.5246,1069.6331,0.8867,23.8094,21.7419,823.0975,189.6230,42.7481,5343.5186,0,0,-0.0114,3.6643,0.6706,0.5972,207,0.7063,0.2937,0.9781,9.5000,building_up,0.3533,0.6341,1.2236,1.3275,0.9470,0.3333,27.3267,5771
42,143,LosAngeles_Small,train,MAPPO,3600,8,120,54,0.4500,0.9417,0.0583,935.0370,467.5185,0.2889,0.9977,251.7400,657.6190,1131.8805,0.8992,23.3610,21.8968,889.5162,221.0819,58.9333,7366.6665,0,0,-0.0006,11.1476,0.6923,3.3369,220,0.4779,0.5221,0.9833,9.5000,building_up,0.4087,0.7353,1.1887,1.0580,0.9492,0.5000,25.3639,7072
42,144,Tokyo_Small,train,FaithfulMAPPER,3600,8,129,65,0.5039,0.9612,0.0388,691.4462,345.7231,0.2849,0.9889,241.2353,501.0667,1247.0016,1.0000,28.5435,27.1652,939.9810,228.1780,81.5891,10198.6436,0,0,-0.0049,8.9828,0.6649,0.6727,185,0.5242,0.4758,0.9781,9.5000,building_up,0.3603,0.6439,1.2078,1.6797,0.9683,0.6667,0.0000,10525
42,145,Tokyo_Small,train,MAPPO,3600,8,127,72,0.5669,0.9370,0.0630,895.2639,447.6320,0.2553,0.9663,220.0000,623.4068,1084.6083,0.9860,29.0448,27.5320,842.9269,237.0527,44.1024,5512.7954,0,0,-0.0038,7.8543,0.6923,2.7648,233,0.6050,0.3950,0.9764,9.5000,building_up,0.4034,0.7300,1.2770,1.4834,0.9516,0.3333,3.0783,5601
42,146,Kyoto_Small,train,FaithfulMAPPER,3600,8,142,87,0.6127,0.9507,0.0493,797.1724,797.1724,0.2123,0.9959,194.7222,613.1754,925.8901,0.9510,19.9653,19.4587,742.1752,165.7663,32.1831,4022.8872,0,0,-0.0037,5.7294,0.6690,0.6092,225,0.6444,0.3556,0.9863,12.1967,wave,0.3333,0.5984,1.2613,1.3674,0.9571,0.5000,9.5442,4570
42,147,Kyoto_Small,train,MAPPO,3600,8,140,72,0.5143,0.9500,0.0500,871.1805,435.5903,0.2939,0.9863,238.6167,574.5510,1022.6342,0.8571,19.8233,17.1745,824.1863,156.4753,59.1500,7393.7500,0,0,-0.0016,11.1677,0.6922,3.3439,255,0.5414,0.4586,0.9864,12.1967,wave,0.3169,0.5684,1.2766,1.3387,0.9565,0.5000,34.0898,8281
42,148,LosAngeles_Small,train,FaithfulMAPPER,3600,8,122,54,0.4426,0.9426,0.0574,830.0000,276.6667,0.4327,0.9845,255.9149,603.6170,1248.1158,0.9754,24.1666,21.7922,885.0048,218.4795,73.0246,9128.0742,0,0,-0.0462,10.4055,0.6667,0.6842,186,0.4696,0.5304,1.0009,12.1967,wave,0.3455,0.6248,1.2643,1.1090,0.9426,0.0000,6.2917,8909
42,149,LosAngeles_Small,train,MAPPO,3600,8,152,61,0.4013,0.9671,0.0329,739.1312,246.3771,0.4239,0.9843,187.8704,559.8163,968.7778,1.0000,23.1286,21.0970,825.0716,158.7188,194.2171,24277.1387,0,0,-0.0024,11.0370,0.6919,2.9966,304,0.4150,0.5850,0.9876,12.1967,wave,0.4873,0.8768,1.2488,1.3050,0.9800,0.0000,0.0000,29521
42,150,Tokyo_Small,train,FaithfulMAPPER,3600,8,102,58,0.5686,0.9510,0.0490,798.2586,199.5647,0.5058,0.9840,265.5294,550.9286,1043.3212,0.7858,29.3316,27.3016,839.0374,239.5833,35.4314,4428.9214,0,0,-0.0099,4.7317,0.6775,0.5354,164,0.5979,0.4021,0.9902,12.1967,wave,0.3907,0.7407,1.3141,1.3925,0.9604,0.0000,56.8652,3614
42,151,Tokyo_Small,train,MAPPO,3600,8,124,59,0.4758,0.9194,0.0806,802.3390,200.5847,0.5880,0.9842,290.8704,481.2766,1146.3601,0.7882,28.2857,27.0114,873.7096,217.0446,34.8952,4361.8950,0,0,0.0442,7.7880,0.6924,2.8168,227,0.5175,0.4825,0.9843,12.1967,wave,0.4145,0.7348,1.1962,1.2456,0.9344,0.0000,61.5983,4327
42,152,Kyoto_Small,train,FaithfulMAPPER,3600,8,108,56,0.5185,0.9630,0.0370,780.9464,780.9464,0.1933,0.9893,269.3469,503.1000,1012.5534,0.7519,19.5136,17.4861,816.6758,212.2122,96.1944,12024.3057,0,0,0.0019,8.1809,0.6723,0.4367,181,0.5385,0.4615,0.9820,6.5039,ramp_up_down,0.4806,0.8886,1.2732,1.2552,0.9717,0.5000,66.8362,10389
42,153,Kyoto_Small,train,MAPPO,3600,8,107,56,0.5234,0.9626,0.0374,806.1071,806.1071,0.1795,0.9587,198.1509,642.0698,1051.8722,1.0000,19.7221,17.3313,849.8381,159.8978,31.8972,3987.1494,0,0,0.0005,6.0701,0.6929,2.4754,216,0.5437,0.4563,1.0000,6.5039,ramp_up_down,0.4293,0.7620,1.1999,1.4218,0.9626,0.0000,0.0000,3413
42,154,LosAngeles_Small,train,FaithfulMAPPER,3600,8,128,69,0.5391,0.9531,0.0469,622.6522,155.6630,0.5188,1.0002,218.7500,453.1132,1064.5085,0.9733,24.2202,22.4866,875.5732,206.7556,49.4688,6183.5938,0,0,0.0125,7.7675,0.6760,0.6638,232,0.5656,0.4344,1.0000,2.0000,flat,0.4511,0.8565,1.2939,1.0785,0.9531,0.0000,5.8483,6332
42,155,LosAngeles_Small,train,MAPPO,3600,8,120,54,0.4500,0.9750,0.0250,764.3333,382.1667,0.3107,1.0002,182.6250,487.5814,960.0241,1.0000,23.7387,22.1532,846.6194,198.5121,234.4917,29311.4590,0,0,-0.0132,10.0385,0.6929,3.0499,213,0.4615,0.5385,1.0000,2.0000,flat,0.5000,0.9901,1.2143,1.1895,0.9750,0.0000,0.0000,28139
42,156,Tokyo_Small,train,FaithfulMAPPER,3600,8,138,51,0.3696,0.9855,0.0145,974.3726,324.7909,0.4284,0.9844,290.4889,722.4737,1263.6979,0.8700,28.3468,26.0699,880.7609,197.2767,96.4928,12061.5938,0,0,0.0025,11.3564,0.6664,0.5666,229,0.3750,0.6250,1.0009,12.1967,wave,0.4951,0.9723,1.2122,1.0584,0.9855,0.0000,37.7493,13316
42,157,Tokyo_Small,train,MAPPO,3600,8,117,69,0.5897,0.9060,0.0940,694.8986,231.6329,0.4710,0.9878,213.8305,459.3673,982.0641,0.9185,29.7562,26.7047,856.8598,229.9711,32.5556,4069.4443,0,0,0.0085,4.4819,0.6930,2.0836,244,0.6509,0.3491,0.9834,12.1967,wave,0.3714,0.6595,1.2075,1.3735,0.9130,0.5000,17.4177,3809
42,158,Kyoto_Small,train,FaithfulMAPPER,3600,8,138,68,0.4928,0.9638,0.0362,750.6765,375.3382,0.3131,1.0004,251.0000,568.9592,1144.7065,0.9121,19.9023,18.0462,830.8055,181.7361,94.3406,11792.5723,0,0,0.0207,9.1113,0.6690,0.7249,211,0.5113,0.4887,1.0010,2.0000,flat,0.3561,0.6567,1.2947,1.2815,0.9638,0.0000,22.0587,13019
42,159,Kyoto_Small,train,MAPPO,3600,8,144,81,0.5625,0.9306,0.0694,707.0864,707.0864,0.2484,1.0002,257.8676,437.9298,1056.6993,0.8196,19.9325,18.1008,790.5638,181.1584,54.0417,6755.2085,0,0,0.0040,6.7314,0.6931,2.6048,280,0.6045,0.3955,1.0000,2.0000,flat,0.3597,0.6299,1.2434,1.0579,0.9306,0.0000,46.5278,7782
42,160,LosAngeles_Small,train,FaithfulMAPPER,3600,8,133,68,0.5113,0.8947,0.1053,597.0441,597.0441,0.2293,0.9844,191.8644,446.0192,946.6223,0.9868,24.1601,20.2907,810.7156,191.0406,36.5263,4565.7896,0,0,-0.0148,5.6653,0.6721,0.5471,192,0.5714,0.4286,1.0011,12.1967,wave,0.3700,0.6574,1.2170,0.9171,0.8947,0.0000,2.5400,4858
42,161,LosAngeles_Small,train,MAPPO,3600,8,105,67,0.6381,0.9429,0.0571,718.9403,359.4702,0.3688,0.9846,199.5500,492.7083,929.7191,0.9318,24.1522,21.8017,771.5686,229.4305,27.3714,3421.4285,0,0,-0.0041,7.1439,0.6931,2.3805,185,0.6768,0.3232,0.9905,12.1967,wave,0.3218,0.5821,1.1507,1.3426,0.9519,0.0000,13.6062,2874
42,162,Tokyo_Small,train,FaithfulMAPPER,3600,8,120,54,0.4500,0.9667,0.0333,892.3148,0.0000,0.1058,0.9706,259.9362,581.9025,1084.1401,0.8342,28.7867,25.9798,958.1896,244.7904,208.6500,26081.2500,0,0,0.0284,12.9896,0.6661,0.6386,210,0.4655,0.5345,0.9833,6.5039,ramp_up_down,0.4913,0.9097,1.2302,1.3055,0.9746,0.5000,43.1081,25038
42,163,Tokyo_Small,train,MAPPO,3600,8,138,68,0.4928,0.9638,0.0362,717.3530,717.3530,0.1782,0.9589,221.0345,468.7647,1064.9131,0.9636,28.1834,24.9575,809.5108,180.5111,65.2681,8158.5146,0,0,-0.0011,8.2290,0.6931,2.7778,283,0.5113,0.4887,0.9873,6.5039,ramp_up_down,0.3983,0.7209,1.2454,1.1898,0.9779,0.0000,8.0519,9007
42,164,Kyoto_Small,train,FaithfulMAPPER,3600,8,126,66,0.5238,0.9683,0.0317,683.3182,227.7727,0.4098,1.0006,192.8333,491.5185,916.4966,0.9506,19.4414,18.5775,801.2267,160.8563,28.8175,3602.1826,0,0,-0.0592,3.7846,0.6669,0.4686,193,0.5410,0.4590,1.0000,2.0000,flat,0.4074,0.7412,1.2674,1.2876,0.9683,0.0000,9.5340,3631
42,165,Kyoto_Small,train,MAPPO,3600,8,121,88,0.7273,0.9917,0.0083,624.4091,208.1364,0.3999,1.0002,216.0526,395.9831,946.0916,0.8758,20.1270,18.9221,821.8983,201.3822,49.2314,6153.9258,0,0,-0.0329,6.3929,0.6931,2.4787,229,0.7333,0.2667,1.0000,2.0000,flat,0.2507,0.4465,1.2281,0.9687,0.9917,0.0000,26.8343,5957
42,166,LosAngeles_Small,train,FaithfulMAPPER,3600,8,140,67,0.4786,0.9500,0.0500,800.4627,266.8209,0.4315,0.9923,231.9322,546.2941,1105.0245,0.9529,23.3928,21.4886,923.5233,194.4957,68.1571,8519.6426,0,0,-0.0139,12.4137,0.6710,0.6994,198,0.5038,0.4962,0.9860,12.1967,wave,0.3877,0.6976,1.2784,1.2699,0.9565,0.5000,10.9273,9542
42,167,LosAngeles_Small,train,MAPPO,3600,8,133,58,0.4361,0.9474,0.0526,781.6035,260.5345,0.3797,0.9971,258.4694,521.7675,1228.6692,0.9507,24.1585,22.2013,858.9705,183.2488,73.3985,9174.8125,0,0,-0.0235,8.0088,0.6931,2.8005,265,0.4603,0.5397,0.9853,12.1967,wave,0.3236,0.5810,1.2769,1.2134,0.9542,0.5000,12.7355,9762
42,168,Tokyo_Small,train,FaithfulMAPPER,3600,8,139,71,0.5108,0.9712,0.0288,699.6197,349.8098,0.2768,1.0008,213.1406,463.4912,982.1100,0.9216,29.1520,26.7715,821.1353,190.7604,51.7986,6474.8203,0,0,-0.0209,5.8762,0.6681,0.6736,217,0.5259,0.4741,1.0000,2.0000,flat,0.3339,0.5990,1.2756,1.0801,0.9712,0.0000,16.7186,7200
42,169,Tokyo_Small,train,MAPPO,3600,8,147,60,0.4082,0.9184,0.0816,800.0667,400.0333,0.2639,1.0002,278.7115,530.4545,1030.5527,0.7395,29.2904,27.9103,856.7887,196.6814,229.9592,28744.8984,0,0,-0.0051,7.8545,0.6931,2.5510,266,0.4444,0.5556,1.0000,2.0000,flat,0.4967,0.9558,1.2311,1.4372,0.9184,0.0000,72.6010,33804
42,170,Kyoto_Small,train,FaithfulMAPPER,3600,8,142,79,0.5563,0.9507,0.0493,883.8354,294.6118,0.4684,1.0006,207.0152,701.7719,1010.9046,0.9766,19.9749,17.9564,783.9776,153.3546,34.3803,4297.5352,0,0,0.0138,4.6123,0.6628,0.7079,205,0.5852,0.4148,1.0000,2.0000,flat,0.3502,0.6199,1.2245,1.0891,0.9507,0.0000,4.8342,4882
42,171,Kyoto_Small,train,MAPPO,3600,8,120,66,0.5500,0.9833,0.0167,671.6818,335.8409,0.3593,1.0002,246.4407,540.1667,1075.9976,0.8732,19.5673,17.8974,843.1946,157.1759,47.9083,5988.5415,0,0,-0.0073,5.4730,0.6931,2.2996,268,0.5593,0.4407,1.0000,2.0000,flat,0.3365,0.5958,1.2708,1.2871,0.9833,0.0000,31.2412,5749
42,172,LosAngeles_Small,train,FaithfulMAPPER,3600,8,123,59,0.4797,0.9675,0.0325,909.7119,303.2373,0.4774,1.0001,231.3725,621.5227,1188.5715,1.0000,24.1048,22.8238,874.0478,224.1912,151.2276,18903.4551,0,0,-0.0001,11.0727,0.6598,0.5043,172,0.4958,0.5042,1.0000,5.8000,shock_burst,0.4000,0.7288,1.2251,1.2441,0.9675,0.0000,0.0000,18601
42,173,LosAngeles_Small,train,MAPPO,3600,8,108,54,0.5000,0.9352,0.0648,911.3889,303.7963,0.4253,1.0003,244.8800,694.6591,1029.0437,0.8404,23.7254,21.8227,797.7852,235.7285,133.5741,16696.7598,0,0,0.0107,6.9746,0.6930,2.6469,212,0.5347,0.4653,1.0015,5.8000,shock_burst,0.4348,0.8203,1.2662,1.3835,0.9352,0.0000,39.0713,14426
42,174,Tokyo_Small,train,FaithfulMAPPER,3600,8,133,69,0.5188,0.9549,0.0451,740.1884,185.0471,0.5371,0.9866,244.7833,524.0000,951.2031,0.7772,29.6957,27.3341,847.5157,226.1959,96.4662,12058.2705,0,0,0.0008,7.2691,0.6616,0.5815,215,0.5433,0.4567,0.9857,9.5000,building_up,0.2719,0.5088,1.2038,1.3655,0.9618,0.5000,54.5427,12830
42,175,Tokyo_Small,train,MAPPO,3600,8,145,67,0.4621,0.9103,0.0897,681.6567,227.2189,0.4581,0.9663,208.1379,456.8163,964.3580,0.9267,28.0259,24.9481,707.9382,179.5286,56.3517,7043.9653,0,0,0.0005,5.8635,0.6929,2.3679,253,0.5076,0.4924,0.9729,9.5000,building_up,0.3945,0.7147,1.2598,1.2304,0.9291,0.2500,15.2663,8171
42,176,Kyoto_Small,train,FaithfulMAPPER,3600,8,151,75,0.4967,0.9801,0.0199,635.0667,317.5333,0.3354,1.0006,197.1940,440.3148,1047.2390,1.0000,20.0733,18.7991,833.2654,171.0572,79.4967,9937.0859,0,0,-0.0188,8.5391,0.6643,0.5803,247,0.5068,0.4932,1.0014,5.8000,shock_burst,0.3259,0.5874,1.2374,1.5192,0.9801,0.0000,0.0000,12004
42,177,Kyoto_Small,train,MAPPO,3600,8,143,73,0.5105,0.9650,0.0350,793.7260,793.7260,0.2353,1.0003,229.4762,526.0200,975.7011,0.8504,19.4153,17.4964,754.7000,147.2411,43.1888,5398.6016,0,0,-0.0039,5.6820,0.6925,2.3289,287,0.5290,0.4710,1.0011,5.8000,shock_burst,0.4061,0.7171,1.2922,1.5695,0.9650,0.0000,34.3360,6176
42,178,LosAngeles_Small,train,FaithfulMAPPER,3600,8,154,44,0.2857,0.9870,0.0130,776.0909,776.0909,0.1606,1.0003,204.7222,638.2500,923.5908,0.9023,23.8944,21.6798,854.9741,162.3231,259.6753,32459.4160,0,0,-0.0368,19.0386,0.6595,0.3308,235,0.2895,0.7105,1.0011,2.0000,flat,0.5658,1.1078,1.2170,0.8586,0.9870,0.0000,20.0041,39990
42,179,LosAngeles_Small,train,MAPPO,3600,8,131,72,0.5496,0.9618,0.0382,835.1389,417.5695,0.3715,1.0001,219.0167,593.5532,1000.1973,0.9134,23.9463,21.6688,814.5329,207.7784,135.7328,16966.6035,0,0,0.0201,6.9655,0.6924,2.6277,264,0.5714,0.4286,1.0000,2.0000,flat,0.3966,0.7672,1.2444,1.4563,0.9618,0.0000,18.9772,17781
42,180,Tokyo_Small,train,FaithfulMAPPER,3600,8,115,73,0.6348,0.9304,0.0696,948.8493,237.2123,0.5212,0.9948,337.1695,591.6304,1190.6449,0.7063,28.7828,24.2157,944.4590,228.7760,37.2087,4651.0869,0,0,0.0038,3.3168,0.6608,0.5263,162,0.6822,0.3178,0.9826,9.5000,building_up,0.2564,0.4545,1.1980,1.0450,0.9381,0.5000,99.0405,4279
42,181,Tokyo_Small,train,MAPPO,3600,8,112,56,0.5000,0.9286,0.0714,752.8393,376.4196,0.2920,0.9650,303.7500,455.9000,1190.7419,0.7840,28.8043,26.1326,890.9608,252.6151,169.9911,21248.8848,0,0,-0.0057,10.1719,0.6929,3.1917,227,0.5385,0.4615,0.9821,9.5000,building_up,0.3087,0.5602,1.1967,1.2222,0.9364,0.5000,65.6016,19039
42,182,Kyoto_Small,train,FaithfulMAPPER,3600,8,125,69,0.5520,0.9840,0.0160,925.6667,925.6667,0.1783,1.0002,329.3509,521.5532,1247.7369,0.7577,19.7625,18.4511,872.0562,180.2089,53.1120,6639.0000,0,0,-0.0001,8.6504,0.6569,0.5093,186,0.5610,0.4390,1.0000,5.8000,shock_burst,0.3750,0.6701,1.2610,1.0118,0.9840,0.0000,79.8035,6639
42,183,Kyoto_Small,train,MAPPO,3600,8,130,40,0.3077,0.9769,0.0231,848.0750,0.0000,0.0245,1.0002,198.8824,587.6896,1290.3572,1.0000,19.8439,17.7941,902.8158,197.5872,186.6846,23335.5762,0,0,0.0090,11.7471,0.6929,2.5780,267,0.3150,0.6850,1.0000,5.8000,shock_burst,0.4510,0.8256,1.2633,1.4080,0.9769,0.0000,0.0000,24269
42,184,LosAngeles_Small,train,FaithfulMAPPER,3600,8,135,73,0.5407,0.9556,0.0444,671.8356,335.9178,0.2814,1.0003,215.9206,436.4445,1075.0659,0.9958,23.3942,20.9299,873.4966,193.7909,81.7852,10223.1484,0,0,0.0031,11.0068,0.6578,0.6493,185,0.5659,0.4341,1.0000,2.0000,flat,0.3692,0.7224,1.2305,1.3959,0.9556,0.0000,0.9075,11041
42,185,LosAngeles_Small,train,MAPPO,3600,8,131,59,0.4504,0.9695,0.0305,892.3898,892.3898,0.2014,1.0003,279.3148,575.3409,1139.6448,0.8160,23.6475,20.8738,819.3564,194.6760,304.5573,38069.6562,0,0,0.0337,14.7098,0.6930,3.4888,229,0.4646,0.5354,1.0000,2.0000,flat,0.4917,0.9961,1.2255,1.5675,0.9695,0.0000,51.3859,39897
42,186,Tokyo_Small,train,FaithfulMAPPER,3600,8,112,63,0.5625,0.9643,0.0357,742.6349,371.3175,0.3364,1.0001,281.9445,443.0698,1048.4541,0.7437,29.4968,26.5922,816.7116,234.4751,39.6696,4958.7056,0,0,0.0770,7.6524,0.6578,0.6629,161,0.5833,0.4167,1.0000,2.0000,flat,0.3312,0.5941,1.3400,0.9657,0.9643,0.0000,72.2536,4443
42,187,Tokyo_Small,train,MAPPO,3600,8,135,48,0.3556,0.8963,0.1037,849.8333,283.2778,0.3863,1.0002,290.9070,593.4634,1184.0350,0.8140,28.6650,26.2523,820.1238,232.2330,138.3778,17297.2227,0,0,0.0121,10.5562,0.6930,3.2073,205,0.3967,0.6033,1.0000,2.0000,flat,0.3762,0.6717,1.2730,1.1558,0.8963,0.0000,54.1000,18681
42,188,Kyoto_Small,train,FaithfulMAPPER,3600,8,133,66,0.4962,0.9173,0.0827,720.0909,720.0909,0.1495,0.9516,181.6786,493.2826,1003.9781,1.0000,19.4311,17.9340,757.8801,177.0416,42.1955,5274.4360,0,0,-0.0004,4.3217,0.6559,0.4762,193,0.5410,0.4590,0.9774,9.5000,building_up,0.4213,0.7545,1.1744,1.2130,0.9308,0.3333,0.0000,5612
42,189,Kyoto_Small,train,MAPPO,3600,8,119,31,0.2605,0.9328,0.0672,847.2581,0.0000,0.0233,0.9901,213.8965,590.9630,952.5535,0.8907,19.7165,17.6516,881.9913,187.7723,466.0420,58255.2539,0,0,0.0010,15.3131,0.6930,3.2392,216,0.2793,0.7207,0.9837,9.5000,building_up,0.4506,0.8190,1.2285,1.3882,0.9402,0.5000,23.3858,55459
42,190,LosAngeles_Small,train,FaithfulMAPPER,3600,8,119,51,0.4286,0.9076,0.0924,906.6667,906.6667,0.1550,1.0003,280.3409,587.8250,1437.6957,1.0000,23.2082,21.3935,903.2907,205.9022,192.0084,24001.0508,0,0,-0.0119,12.4193,0.6538,0.5828,161,0.4722,0.5278,1.0000,5.8000,shock_burst,0.4574,0.9051,1.2530,1.2765,0.9076,0.0000,0.0000,22849
42,191,LosAngeles_Small,train,MAPPO,3600,8,139,40,0.2878,0.9568,0.0432,917.2750,0.0000,0.0788,1.0002,205.8378,661.4243,1080.6548,1.0000,22.5255,21.2735,911.6373,185.2753,289.1079,36138.4883,0,0,-0.0009,15.5116,0.6931,3.4192,254,0.3008,0.6992,1.0027,5.8000,shock_burst,0.5469,1.1161,1.3320,1.1415,0.9568,0.0000,0.0000,40186
42,192,Tokyo_Small,train,FaithfulMAPPER,3600,8,124,79,0.6371,0.9919,0.0081,711.8860,237.2953,0.3992,1.0006,236.8462,493.0800,1045.5735,0.8829,29.7140,28.1219,847.0892,186.7627,52.0323,6504.0322,0,0,0.0278,5.4992,0.6520,0.6283,194,0.6423,0.3577,1.0000,2.0000,flat,0.3402,0.5970,1.2812,1.8926,0.9919,0.0000,27.7315,6452
42,193,Tokyo_Small,train,MAPPO,3600,8,125,48,0.3840,0.9040,0.0960,955.1250,477.5625,0.3306,1.0002,314.5714,617.3500,1425.2755,0.9062,29.2140,27.6199,828.6667,228.0890,77.1600,9645.0000,0,0,0.0850,7.9945,0.6930,2.8324,225,0.4248,0.5752,1.0000,2.0000,flat,0.4482,0.9412,1.2265,1.2265,0.9040,0.0000,29.5163,9645
42,194,Kyoto_Small,train,FaithfulMAPPER,3600,8,126,67,0.5317,0.9444,0.0556,812.9850,0.0000,0.1174,0.9751,262.8036,568.0213,1134.5747,0.8634,19.2268,17.5602,740.9719,185.3163,32.3492,4043.6509,0,0,-0.0001,5.3395,0.6548,0.5479,201,0.5630,0.4370,0.9845,6.5039,ramp_up_down,0.3273,0.5847,1.1390,1.2255,0.9516,0.5000,35.8886,4076
42,195,Kyoto_Small,train,MAPPO,3600,8,143,65,0.4545,0.8951,0.1049,767.3231,767.3231,0.1568,0.9992,296.8947,514.5417,987.5160,0.6652,19.5538,17.9392,804.8917,178.5954,67.6993,8462.4121,0,0,0.0076,8.0491,0.6929,2.8431,274,0.5078,0.4922,0.9864,6.5039,ramp_up_down,0.3798,0.6837,1.2542,1.4167,0.9007,0.5000,99.3915,9681
42,196,LosAngeles_Small,train,FaithfulMAPPER,3600,8,153,43,0.2810,0.9477,0.0523,673.2558,336.6279,0.2788,0.9841,200.1081,484.1250,982.2493,0.9817,24.2608,22.9767,808.8569,183.3625,586.1961,73274.5078,0,0,-0.0012,28.1155,0.6543,0.3482,223,0.2966,0.7034,1.0007,12.1967,wave,0.4829,0.9058,1.2714,1.3281,0.9477,0.0000,3.6582,89688
42,197,LosAngeles_Small,train,MAPPO,3600,8,136,75,0.5515,0.9706,0.0294,617.0533,205.6844,0.3783,0.9842,203.5556,449.1509,900.7421,0.8850,23.1471,21.9484,821.9689,191.1197,165.7574,20719.6699,0,0,-0.0860,11.4575,0.6929,3.4196,257,0.5682,0.4318,0.9853,12.1967,wave,0.4233,0.7649,1.2783,1.4651,0.9851,0.0000,23.4071,22543
42,198,Tokyo_Small,train,FaithfulMAPPER,3600,8,122,59,0.4836,0.9098,0.0902,797.1525,797.1525,0.2281,1.0006,237.8200,535.1277,1343.2321,1.0000,29.0977,26.5349,916.2548,229.3461,40.3033,5037.9097,0,0,-0.0118,7.3331,0.6546,0.7688,157,0.5315,0.4685,1.0012,5.8000,shock_burst,0.3115,0.5756,1.3662,1.3332,0.9098,0.0000,0.0000,4917
42,199,Tokyo_Small,train,MAPPO,3600,8,147,72,0.4898,0.9252,0.0748,821.6250,821.6250,0.1680,1.0001,243.1270,571.3922,1075.0131,0.8843,29.1756,27.4152,844.6958,185.5176,58.7007,7337.5850,0,0,0.0646,9.7998,0.6930,3.1020,289,0.5294,0.4706,1.0003,5.8000,shock_burst,0.3548,0.6403,1.2105,1.1373,0.9252,0.0000,28.1244,8629
42,200,Kyoto_Small,train,FaithfulMAPPER,3600,8,111,46,0.4144,0.9640,0.0360,839.4130,419.7065,0.3134,1.0003,212.4444,569.7188,1102.3137,1.0000,19.6513,18.4290,879.4681,185.1010,233.5946,29199.3242,0,0,-0.0020,13.5419,0.6502,0.3489,152,0.4299,0.5701,1.0000,2.0000,flat,0.4391,0.8849,1.2328,1.3489,0.9640,0.0000,0.0000,25929
42,201,Kyoto_Small,train,MAPPO,3600,8,117,56,0.4786,0.9231,0.0769,743.2857,185.8214,0.5023,1.0001,270.2000,486.2046,1350.1257,0.9994,19.6825,18.0285,898.0930,195.5490,51.5299,6441.2393,0,0,0.0019,9.1544,0.6931,2.9695,219,0.5185,0.4815,1.0021,2.0000,flat,0.3287,0.5796,1.2353,1.3931,0.9231,0.0000,0.1749,6029
42,202,LosAngeles_Small,train,FaithfulMAPPER,3600,8,120,64,0.5333,0.9750,0.0250,665.6094,332.8047,0.2756,1.0002,271.0357,400.0800,1228.1515,0.9063,22.8802,21.4748,853.8856,205.9092,40.3500,5043.7500,0,0,-0.0299,7.1178,0.6536,0.7792,167,0.5470,0.4530,1.0000,2.0000,flat,0.3764,0.6668,1.2452,0.9408,0.9750,0.0000,25.4054,4842
42,203,LosAngeles_Small,train,MAPPO,3600,8,119,63,0.5294,0.9580,0.0420,761.6508,761.6508,0.2406,1.0000,249.3091,517.7609,1059.3602,0.8498,22.3849,19.6380,806.6720,203.4034,35.8403,4480.0420,0,0,0.0127,8.4614,0.6931,2.8177,244,0.5526,0.4474,1.0000,2.0000,flat,0.2819,0.5430,1.2606,1.0131,0.9580,0.0000,37.4371,4265
42,204,Tokyo_Small,train,FaithfulMAPPER,3600,8,136,77,0.5662,0.9412,0.0588,679.6494,169.9123,0.5475,1.0002,239.7302,417.4546,1062.0951,0.8861,29.1381,25.7218,832.6954,204.2577,74.0000,9250.0000,0,0,0.0042,8.1884,0.6577,0.6893,174,0.6016,0.3984,1.0000,2.0000,flat,0.3295,0.5855,1.2724,1.0685,0.9412,0.0000,27.3111,10064
42,205,Tokyo_Small,train,MAPPO,3600,8,130,52,0.4000,0.9308,0.0692,833.8461,277.9487,0.4634,1.0001,237.4318,613.7750,1062.7004,0.8952,29.7849,27.0794,785.4836,212.3361,65.3308,8166.3462,0,0,0.0238,7.0301,0.6931,2.6529,267,0.4298,0.5702,1.0000,2.0000,flat,0.3500,0.6603,1.2277,1.1982,0.9308,0.0000,24.8917,8493
42,206,Kyoto_Small,train,FaithfulMAPPER,3600,8,127,70,0.5512,0.9528,0.0472,799.0714,0.0000,0.1149,0.9844,242.4310,668.1304,1124.7754,0.9279,20.0884,18.6584,818.6154,183.6084,39.1024,4887.7954,0,0,-0.0220,4.5597,0.6495,0.6302,199,0.5785,0.4215,1.0004,12.1967,wave,0.2828,0.5026,1.2015,1.2939,0.9528,0.0000,17.4760,4966
42,207,Kyoto_Small,train,MAPPO,3600,8,137,36,0.2628,0.9562,0.0438,702.2778,0.0000,0.0631,0.9845,211.7000,413.6296,1153.7330,1.0000,19.9679,18.5291,830.6538,164.7678,536.2409,67030.1094,0,0,-0.0004,14.6440,0.6929,2.9112,248,0.2748,0.7252,0.9862,12.1967,wave,0.5250,1.0132,1.2717,1.1393,0.9704,0.0000,0.0000,73465
42,208,LosAngeles_Small,train,FaithfulMAPPER,3600,8,134,71,0.5299,0.9776,0.0224,780.5211,260.1737,0.4326,0.9681,197.1525,573.4694,1053.1917,1.0000,24.0739,22.7058,862.1818,185.9585,111.3209,13915.1123,0,0,0.0161,8.7093,0.6453,0.6494,203,0.5420,0.4580,0.9851,9.5000,building_up,0.4400,0.8062,1.2385,1.1788,0.9848,0.5000,0.0000,14917
42,209,LosAngeles_Small,train,MAPPO,3600,8,149,57,0.3826,0.9597,0.0403,805.8772,268.6257,0.4299,0.9676,266.5306,541.2143,1112.3718,0.8347,23.7182,20.5714,893.6235,188.4704,163.3423,20417.7852,0,0,0.0086,12.4551,0.6926,3.3753,261,0.3986,0.6014,0.9879,9.5000,building_up,0.5435,1.0747,1.2132,1.3035,0.9660,0.5000,44.0562,24338
42,210,Tokyo_Small,train,FaithfulMAPPER,3600,8,133,72,0.5414,0.9624,0.0376,880.9305,440.4653,0.3664,0.9976,245.8571,596.9796,1229.3009,1.0000,29.6015,27.0752,943.2709,203.7368,56.1729,7021.6167,0,0,0.0053,5.9962,0.6416,0.7637,195,0.5625,0.4375,0.9850,9.5000,building_up,0.3452,0.6237,1.2745,1.1542,0.9695,0.5000,0.0000,7471
42,211,Tokyo_Small,train,MAPPO,3600,8,127,66,0.5197,0.9291,0.0709,685.9849,228.6616,0.4180,0.9709,228.8475,439.1961,1140.7117,0.9969,29.1755,25.2529,808.8855,182.8219,33.5591,4194.8818,0,0,-0.0021,7.7784,0.6922,2.5377,250,0.5593,0.4407,0.9774,9.5000,building_up,0.4108,0.7449,1.2657,1.6434,0.9435,0.3333,0.7051,4262
42,212,Kyoto_Small,train,FaithfulMAPPER,3600,8,131,61,0.4656,0.9542,0.0458,810.7213,810.7213,0.1965,0.9867,250.6038,472.3182,1098.6184,0.8768,19.9994,18.3708,822.6257,187.0327,74.9237,9365.4580,0,0,-0.0051,9.4144,0.6397,0.4830,204,0.4880,0.5120,0.9847,6.5039,ramp_up_down,0.4050,0.7579,1.2338,1.4555,0.9612,0.5000,30.8801,9815
42,213,Kyoto_Small,train,MAPPO,3600,8,121,69,0.5702,0.9421,0.0579,694.4203,694.4203,0.1897,0.9588,193.0164,592.7925,1044.5747,1.0000,19.4636,18.2667,918.9907,198.0655,39.4215,4927.6860,1,0,-0.0026,8.1383,0.6924,2.8645,233,0.6053,0.3947,1.0010,6.5039,ramp_up_down,0.3782,0.6862,1.2751,1.4555,0.9421,0.0000,0.0000,4770
42,214,LosAngeles_Small,train,FaithfulMAPPER,3600,8,133,73,0.5489,0.9699,0.0301,624.3561,312.1781,0.3233,0.9937,201.9062,438.6833,1077.0250,1.0000,23.7556,22.0361,851.8776,189.4671,38.6090,4826.1279,0,0,-0.0407,6.2805,0.6451,0.6322,206,0.5659,0.4341,0.9850,6.5039,ramp_up_down,0.3608,0.6748,1.2173,1.3818,0.9771,0.5000,0.0000,5135
42,215,LosAngeles_Small,train,MAPPO,3600,8,121,50,0.4132,0.9091,0.0909,849.8600,849.8600,0.2412,0.9584,279.0227,513.5000,991.1763,0.7105,23.8911,21.5260,791.2452,215.4056,148.4876,18560.9512,0,0,-0.0126,11.0139,0.6926,3.2846,203,0.4545,0.5455,0.9921,6.5039,ramp_up_down,0.3750,0.6832,1.2758,1.4428,0.9167,0.0000,80.7875,17967
42,216,Tokyo_Small,train,FaithfulMAPPER,3600,8,116,62,0.5345,0.9483,0.0517,795.1613,265.0538,0.4248,0.9696,236.2632,471.9575,1022.9097,0.8659,28.0236,24.5040,845.1597,221.2148,61.6034,7700.4312,0,0,0.0023,6.9251,0.6396,0.5734,170,0.5636,0.4364,0.9828,6.5039,ramp_up_down,0.4064,0.7655,1.2420,1.3303,0.9561,0.5000,31.6812,7146
42,217,Tokyo_Small,train,MAPPO,3600,8,157,72,0.4586,0.9236,0.0764,820.6945,205.1736,0.5132,0.9616,231.8548,622.7736,1117.4093,0.9639,29.7604,27.4313,764.5250,191.2373,217.0764,27134.5547,0,0,-0.0001,8.5567,0.6924,2.8783,276,0.4966,0.5034,0.9809,6.5039,ramp_up_down,0.3608,0.6704,1.3060,1.3262,0.9351,0.3333,8.3730,34081
42,218,Kyoto_Small,train,FaithfulMAPPER,3600,8,136,66,0.4853,0.9412,0.0588,821.8485,410.9243,0.3244,1.0002,287.8704,612.6279,1171.1240,0.8136,19.7944,18.2257,892.5756,183.6487,56.6765,7084.5586,0,0,0.0180,9.5503,0.6402,0.5271,208,0.5156,0.4844,1.0000,2.0000,flat,0.4151,0.7861,1.2216,1.4633,0.9412,0.0000,53.6456,7708
42,219,Kyoto_Small,train,MAPPO,3600,8,121,72,0.5950,0.9917,0.0083,698.0278,232.6759,0.3869,1.0001,205.7869,450.9445,1041.9745,1.0000,19.9918,19.1736,796.7275,204.5840,55.0165,6877.0659,0,0,-0.0012,7.4069,0.6924,2.6501,241,0.6000,0.4000,1.0000,2.0000,flat,0.3563,0.6353,1.2379,1.5039,0.9917,0.0000,0.0000,6657
42,220,LosAngeles_Small,train,FaithfulMAPPER,3600,8,125,68,0.5440,0.9600,0.0400,882.5883,882.5883,0.2418,1.0002,247.6949,644.4375,1170.1803,0.9449,22.8415,21.2748,878.7703,200.8267,111.7680,13971.0000,0,0,0.0148,8.4862,0.6396,0.6938,183,0.5667,0.4333,1.0000,5.8000,shock_burst,0.2949,0.5313,1.2404,1.3025,0.9600,0.0000,13.6589,13971
42,221,LosAngeles_Small,train,MAPPO,3600,8,111,53,0.4775,0.9369,0.0631,737.0755,368.5378,0.2516,1.0003,291.9184,422.0714,1261.6880,0.8644,23.9334,21.2642,878.0963,219.8766,87.5856,10948.1982,0,0,-0.0085,10.2007,0.6924,3.1931,244,0.5096,0.4904,1.0003,5.8000,shock_burst,0.3309,0.5888,1.2958,1.4176,0.9369,0.0000,39.5808,9722
42,222,Tokyo_Small,train,FaithfulMAPPER,3600,8,135,68,0.5037,0.9481,0.0519,760.0735,760.0735,0.2460,0.9709,267.4032,487.5763,1090.5587,0.8157,28.2764,24.4935,827.1066,204.1489,41.2815,5160.1851,0,0,0.0168,5.5751,0.6415,0.6560,185,0.5312,0.4688,0.9778,6.5039,ramp_up_down,0.4411,0.8365,1.2554,1.1433,0.9621,0.3333,49.2915,5573
42,223,Tokyo_Small,train,MAPPO,3600,8,116,60,0.5172,0.9310,0.0690,698.9167,349.4583,0.2677,0.9857,235.9583,474.6046,1204.1222,1.0000,27.8802,24.3772,907.7131,206.5819,83.5517,10443.9658,1,0,0.0018,8.4184,0.6923,2.8961,235,0.5556,0.4444,0.9741,6.5039,ramp_up_down,0.3007,0.5455,1.1936,1.3040,0.9469,0.3333,0.0000,9692
42,224,Kyoto_Small,train,FaithfulMAPPER,3600,8,144,83,0.5764,0.9653,0.0347,695.8434,695.8434,0.1297,0.9725,253.2917,433.7069,1093.9026,0.8637,19.6202,18.6522,832.3082,156.7374,40.8472,5105.9028,0,0,0.0060,7.2587,0.6426,0.5753,202,0.5971,0.4029,0.9867,9.5000,building_up,0.1856,0.3361,1.2554,0.9773,0.9718,0.5000,34.5112,5882
42,225,Kyoto_Small,train,MAPPO,3600,8,138,74,0.5362,0.9565,0.0435,766.1892,0.0000,0.0997,0.9865,238.1525,578.6938,967.5941,0.8126,19.6971,18.3450,793.9402,184.5154,46.0870,5760.8696,0,0,0.0023,5.6042,0.6925,2.2856,278,0.5606,0.4394,0.9855,9.5000,building_up,0.3148,0.5560,1.2448,1.3182,0.9632,0.5000,44.6337,6360
42,226,LosAngeles_Small,train,FaithfulMAPPER,3600,8,148,51,0.3446,0.9730,0.0270,986.6667,493.3333,0.2626,1.0002,281.0714,800.7838,1108.9287,0.7891,24.2562,21.9365,893.2872,178.4917,211.7095,26463.6816,0,0,0.0010,23.7253,0.6310,0.4753,190,0.3542,0.6458,1.0000,2.0000,flat,0.3750,0.6742,1.2572,0.9672,0.9730,0.0000,59.2857,31333
42,227,LosAngeles_Small,train,MAPPO,3600,8,143,72,0.5035,0.9510,0.0490,684.0278,171.0069,0.5780,1.0003,175.5000,495.7358,849.9374,0.9686,24.2701,21.5934,806.3698,175.9456,88.5524,11069.0557,0,0,-0.0069,8.6117,0.6927,2.9260,301,0.5294,0.4706,1.0000,2.0000,flat,0.4047,0.7188,1.2808,1.0624,0.9510,0.0000,5.5125,12663
42,228,Tokyo_Small,train,FaithfulMAPPER,3600,8,143,64,0.4476,0.9510,0.0490,784.0469,261.3490,0.4125,0.9740,295.2758,462.6471,1282.1306,0.8684,29.2371,27.2457,905.2966,213.5698,61.9371,7742.1328,0,0,-0.0107,4.4919,0.6395,0.5910,204,0.4706,0.5294,0.9790,6.5039,ramp_up_down,0.3400,0.6152,1.2081,1.2441,0.9643,0.3333,38.8497,8857
42,229,Tokyo_Small,train,MAPPO,3600,8,145,62,0.4276,0.9379,0.0621,675.5161,337.7581,0.3205,0.9931,247.0926,386.1739,930.1991,0.7529,29.1943,27.3080,770.2589,196.4137,232.8069,29100.8613,0,0,0.0006,8.5820,0.6926,2.6127,278,0.4559,0.5441,0.9862,6.5039,ramp_up_down,0.4615,0.9985,1.2760,1.4082,0.9441,0.5000,61.0528,33757
42,230,Kyoto_Small,train,FaithfulMAPPER,3600,8,113,64,0.5664,0.9381,0.0619,747.3281,0.0000,0.0672,0.9863,330.1607,470.6458,1171.6641,0.7098,19.7824,17.8850,813.7076,181.8641,35.1593,4394.9116,0,0,-0.0260,2.9406,0.6410,0.5718,159,0.6038,0.3962,0.9827,6.5039,ramp_up_down,0.3354,0.5997,1.2731,1.1627,0.9459,0.5000,95.8279,3973
42,231,Kyoto_Small,train,MAPPO,3600,8,128,67,0.5234,0.9688,0.0312,714.8955,0.0000,0.0489,0.9587,204.3818,546.7609,980.9894,0.9600,19.9280,18.7288,827.4024,180.8657,64.1875,8023.4375,0,0,-0.0022,5.9131,0.6929,2.3580,273,0.5403,0.4597,0.9922,6.5039,ramp_up_down,0.3860,0.6960,1.2368,0.8984,0.9764,0.0000,8.1839,8216
42,232,LosAngeles_Small,train,FaithfulMAPPER,3600,8,112,55,0.4911,0.9554,0.0446,861.5637,430.7818,0.3141,0.9843,227.6222,609.5128,1215.5264,1.0000,23.7447,20.6809,895.5969,205.3416,51.3304,6416.2944,0,0,0.0311,5.8320,0.6398,0.5968,166,0.5140,0.4860,0.9911,12.1967,wave,0.4720,0.8532,1.1678,1.3179,0.9640,0.0000,0.0000,5749
42,233,LosAngeles_Small,train,MAPPO,3600,8,115,45,0.3913,0.9565,0.0435,738.9778,369.4889,0.2898,0.9842,263.4146,496.0263,1294.2312,0.9827,23.4669,21.8457,898.5124,207.7762,122.0174,15252.1738,0,0,-0.0007,11.2601,0.6930,3.3442,223,0.4091,0.5909,0.9918,12.1967,wave,0.3700,0.6982,1.2204,1.1093,0.9649,0.0000,4.5684,14032
42,234,Tokyo_Small,train,FaithfulMAPPER,3600,8,116,52,0.4483,0.9138,0.0862,735.6346,367.8173,0.2650,0.9827,239.6875,458.8837,1102.0817,0.9196,29.3981,26.5952,848.3598,226.8950,62.4310,7803.8794,0,0,-0.0023,7.5547,0.6339,0.4163,158,0.4906,0.5094,0.9828,6.5039,ramp_up_down,0.4591,0.8755,1.2269,1.3113,0.9211,0.5000,19.2712,7242
42,235,Tokyo_Small,train,MAPPO,3600,8,140,46,0.3286,0.9214,0.0786,887.3261,887.3261,0.1972,0.9903,286.1282,610.6250,1448.2727,1.0000,29.2168,27.9209,958.9760,205.9108,185.3143,23164.2852,0,0,0.0029,10.0948,0.6930,3.0531,282,0.3566,0.6434,0.9857,6.5039,ramp_up_down,0.3947,0.7042,1.3202,1.3209,0.9275,0.5000,0.0000,25944
42,236,Kyoto_Small,train,FaithfulMAPPER,3600,8,118,50,0.4237,0.9746,0.0254,644.9400,644.9400,0.2443,1.0001,194.5122,385.9189,1131.5815,1.0000,20.0990,18.3435,939.0389,175.4677,346.8305,43353.8125,0,0,-0.0015,22.2706,0.6377,0.5046,168,0.4348,0.5652,1.0000,2.0000,flat,0.3409,0.6556,1.3034,1.0879,0.9746,0.0000,0.0000,40926
42,237,Kyoto_Small,train,MAPPO,3600,8,133,60,0.4511,0.9699,0.0301,798.2500,266.0833,0.4117,1.0002,218.8679,621.9362,1148.7015,1.0000,19.8584,18.4920,850.1591,174.8604,81.6466,10205.8271,0,0,0.0261,7.3874,0.6929,2.7375,271,0.4651,0.5349,1.0000,2.0000,flat,0.4090,0.7579,1.1611,1.2073,0.9699,0.0000,0.0000,10859
42,238,LosAngeles_Small,train,FaithfulMAPPER,3600,8,141,73,0.5177,0.9716,0.0284,844.4247,211.1062,0.5080,0.9912,207.7727,605.1017,1080.9889,1.0000,23.2116,21.8358,825.8289,193.4137,65.3404,8167.5532,0,0,-0.0014,4.7943,0.6362,0.6885,219,0.5328,0.4672,0.9791,6.5039,ramp_up_down,0.2452,0.4435,1.3047,1.2218,0.9783,0.6667,0.0000,9213
42,239,LosAngeles_Small,train,MAPPO,3600,8,124,60,0.4839,0.9355,0.0645,806.9833,268.9944,0.4841,0.9585,309.9600,558.0238,1261.0004,0.8137,24.2318,21.2326,902.9240,203.4078,95.4597,11932.4600,0,0,0.0106,10.6850,0.6926,3.2394,241,0.5172,0.4828,0.9919,6.5039,ramp_up_down,0.4106,0.7250,1.3024,1.4983,0.9431,0.0000,57.7599,11837
42,240,Tokyo_Small,train,FaithfulMAPPER,3600,8,119,61,0.5126,0.9748,0.0252,815.9508,407.9754,0.3208,1.0002,193.1346,582.6222,1121.2811,1.0000,29.7499,28.6622,910.2208,238.3183,88.4034,11050.4199,0,0,0.1323,10.4165,0.6241,0.5599,174,0.5259,0.4741,1.0017,2.0000,flat,0.3314,0.6040,1.2005,1.0344,0.9748,0.0000,0.0000,10520
42,241,Tokyo_Small,train,MAPPO,3600,8,123,65,0.5285,0.9187,0.0813,817.0461,408.5231,0.2707,1.0002,278.9038,587.4545,1257.4059,0.9017,29.6801,26.9527,933.4567,235.1917,37.0244,4628.0488,0,0,-0.0211,6.8929,0.6926,2.3612,204,0.5752,0.4248,1.0000,2.0000,flat,0.3654,0.6538,1.1989,1.5595,0.9187,0.0000,27.4227,4554
42,242,Kyoto_Small,train,FaithfulMAPPER,3600,8,144,78,0.5417,0.9861,0.0139,786.4487,393.2244,0.2661,0.9866,229.8125,514.9454,964.4849,0.8394,19.6381,17.8555,783.7259,146.0878,94.5139,11814.2363,0,0,0.0086,9.3115,0.6203,0.5019,196,0.5493,0.4507,0.9792,6.5039,ramp_up_down,0.3569,0.6265,1.1958,1.0119,1.0000,0.3333,36.9155,13610
42,243,Kyoto_Small,train,MAPPO,3600,8,141,76,0.5390,0.9929,0.0071,791.6447,395.8224,0.2720,0.9946,241.6176,549.0370,992.2322,0.8213,20.1874,19.5096,818.4559,172.5628,44.2199,5527.4824,0,0,-0.0065,8.4074,0.6926,2.8982,278,0.5429,0.4571,0.9865,6.5039,ramp_up_down,0.3908,0.6982,1.2626,1.3681,1.0000,0.5000,43.1712,6235
42,244,LosAngeles_Small,train,FaithfulMAPPER,3600,8,136,87,0.6397,0.9926,0.0074,772.5747,386.2874,0.3623,1.0001,265.4000,515.6610,1088.2390,0.8201,24.2887,22.6027,805.6000,196.0205,35.5368,4442.0957,1,0,-0.0124,5.6990,0.6228,0.6550,205,0.6444,0.3556,1.0000,2.0000,flat,0.2278,0.4383,1.3147,1.0282,0.9926,0.0000,47.7522,4833
42,245,LosAngeles_Small,train,MAPPO,3600,8,134,64,0.4776,0.9627,0.0373,737.4219,737.4219,0.2086,1.0002,199.1400,547.2826,1082.5908,1.0000,23.1878,20.9390,913.0000,210.7694,79.8358,9979.4775,0,0,-0.0049,9.4003,0.6926,3.0596,246,0.4961,0.5039,1.0000,2.0000,flat,0.4509,0.8416,1.2159,1.3027,0.9627,0.0000,0.0000,10698
42,246,Tokyo_Small,train,FaithfulMAPPER,3600,8,117,54,0.4615,0.9829,0.0171,583.2037,291.6018,0.3152,0.9790,203.8889,387.4318,1059.9935,1.0000,29.0433,27.3740,872.3235,240.7302,81.0598,10132.4785,0,0,-0.0111,7.0344,0.6195,0.5334,174,0.4696,0.5304,0.9837,9.5000,building_up,0.3840,0.6812,1.2385,1.2533,0.9913,0.5000,0.0000,9484
42,247,Tokyo_Small,train,MAPPO,3600,8,122,61,0.5000,0.9262,0.0738,838.3771,419.1885,0.3416,0.9891,253.0800,636.0227,1084.8302,0.8573,28.9223,26.5742,878.2361,224.1070,79.1229,9890.3691,0,0,-0.0054,6.2252,0.6924,2.5265,261,0.5398,0.4602,0.9836,9.5000,building_up,0.5170,0.9489,1.2055,0.9611,0.9333,0.5000,36.1140,9653
42,248,Kyoto_Small,train,FaithfulMAPPER,3600,8,135,79,0.5852,0.9630,0.0370,852.8987,284.2996,0.4109,0.9885,302.0333,499.7660,1027.2921,0.6803,19.7400,18.8395,816.6684,189.6219,39.1037,4887.9629,0,0,-0.0042,7.7452,0.6220,0.6930,202,0.6077,0.3923,0.9790,12.1967,wave,0.3519,0.6525,1.2781,1.0162,0.9773,0.3333,96.5749,5279
42,249,Kyoto_Small,train,MAPPO,3600,8,142,71,0.5000,0.9577,0.0423,575.8451,191.9484,0.4492,0.9845,179.5902,366.6200,891.4805,0.9928,19.6303,18.4416,792.2652,177.3132,129.6549,16206.8662,0,0,-0.0005,7.9013,0.6921,2.6318,319,0.5221,0.4779,0.9795,12.1967,wave,0.3653,0.6750,1.2921,1.2225,0.9784,0.0000,1.2941,18411
42,250,LosAngeles_Small,train,FaithfulMAPPER,3600,8,116,67,0.5776,0.9655,0.0345,842.0150,421.0075,0.3128,0.9843,232.0702,595.1702,1018.2405,0.8775,24.1563,21.4436,859.6542,182.4262,150.6465,18830.8184,0,0,-0.0023,14.1296,0.6188,0.5446,151,0.5982,0.4018,1.0017,12.1967,wave,0.4273,0.7810,1.2889,1.4072,0.9655,0.0000,28.4221,17475
42,251,LosAngeles_Small,train,MAPPO,3600,8,133,76,0.5714,0.9624,0.0376,840.7632,840.7632,0.2473,0.9842,266.2969,570.0200,1066.6075,0.8011,24.3679,22.4311,848.9037,191.5829,85.5338,10691.7295,0,0,-0.0044,10.9987,0.6917,3.3136,245,0.5938,0.4062,0.9925,12.1967,wave,0.4647,0.8607,1.2617,1.3366,0.9697,0.0000,52.9754,11376
42,252,Tokyo_Small,train,FaithfulMAPPER,3600,8,119,79,0.6639,0.9412,0.0588,803.8354,200.9589,0.5898,0.9826,239.1500,577.1765,1070.8466,0.8955,29.2697,25.5767,837.8672,231.8289,30.5462,3818.2773,0,0,-0.0011,2.3579,0.6230,0.5873,173,0.7054,0.2946,0.9832,9.5000,building_up,0.3720,0.6552,1.2941,1.2117,0.9487,0.5000,24.9807,3635
42,253,Tokyo_Small,train,MAPPO,3600,8,128,72,0.5625,0.9531,0.0469,754.4445,150.8889,0.6986,0.9798,241.5167,536.0000,1173.7931,0.9720,28.7969,26.4916,888.1789,181.6234,70.0391,8754.8828,0,0,0.0006,7.6124,0.6910,2.7633,284,0.5902,0.4098,0.9851,9.5000,building_up,0.4129,0.7469,1.2671,1.2660,0.9603,0.5000,6.7580,8965
42,254,Kyoto_Small,train,FaithfulMAPPER,3600,8,118,61,0.5169,0.9746,0.0254,658.5901,658.5901,0.1906,0.9756,249.1481,383.5208,1132.6293,0.9092,19.5301,17.7833,823.7120,164.6639,110.9915,13873.9404,0,0,0.0006,9.4737,0.6158,0.6202,162,0.5304,0.4696,0.9831,6.5039,ramp_up_down,0.2821,0.5015,1.2700,1.2629,0.9828,0.5000,22.6223,13097
42,255,Kyoto_Small,train,MAPPO,3600,8,112,56,0.5000,0.9643,0.0357,829.6429,829.6429,0.1523,0.9787,282.5833,596.2955,1278.1890,0.9046,20.0153,18.3350,817.6076,197.1625,92.8214,11602.6787,0,0,0.0118,8.0702,0.6911,2.8357,234,0.5185,0.4815,0.9834,6.5039,ramp_up_down,0.3519,0.6312,1.2689,1.4689,0.9727,0.5000,26.9456,10396
42,256,LosAngeles_Small,train,FaithfulMAPPER,3600,8,124,81,0.6532,0.9758,0.0242,680.3457,340.1729,0.3222,0.9772,236.6418,443.4000,1168.6125,0.9877,24.2171,21.0466,872.0953,189.2955,25.6129,3201.6128,0,0,0.0203,3.5272,0.6235,0.5798,181,0.6694,0.3306,0.9847,9.5000,building_up,0.3131,0.5579,1.2729,1.3061,0.9836,0.5000,2.9193,3176
42,257,LosAngeles_Small,train,MAPPO,3600,8,122,53,0.4344,0.9508,0.0492,904.9623,904.9623,0.2448,0.9733,248.6596,568.0714,1282.0723,1.0000,23.0579,20.6550,984.1429,205.2865,79.1639,9895.4922,0,0,-0.0017,11.9574,0.6916,3.4649,275,0.4569,0.5431,0.9836,9.5000,building_up,0.4463,0.8083,1.2934,1.6027,0.9583,0.5000,0.0000,9658
42,258,Tokyo_Small,train,FaithfulMAPPER,3600,8,138,79,0.5725,0.9275,0.0725,807.9114,161.5823,0.6958,1.0003,230.2424,595.1273,1034.4927,0.8986,29.4446,27.2527,789.1907,231.4072,35.5942,4449.2754,0,0,-0.0322,2.5981,0.6174,0.5787,183,0.6172,0.3828,1.0000,2.0000,flat,0.2970,0.5215,1.2308,1.3501,0.9275,0.0000,23.3439,4912
42,259,Tokyo_Small,train,MAPPO,3600,8,127,49,0.3858,0.9606,0.0394,679.2449,339.6224,0.3706,1.0003,228.2857,482.3421,1271.8503,1.0000,28.8244,25.4100,940.9053,246.0735,204.9134,25614.1738,0,0,0.0092,8.9244,0.6918,2.5289,207,0.4016,0.5984,1.0000,2.0000,flat,0.4040,0.8263,1.1700,1.3686,0.9606,0.0000,0.0000,26024
42,260,Kyoto_Small,train,FaithfulMAPPER,3600,8,105,49,0.4667,0.9619,0.0381,661.0408,661.0408,0.1577,0.9750,238.8095,455.1515,994.4196,0.8328,19.9351,18.2540,790.6830,183.8481,53.1333,6641.6665,0,0,0.1131,12.6741,0.6120,0.5699,144,0.4851,0.5149,0.9810,9.5000,building_up,0.3395,0.6236,1.2829,1.2440,0.9709,0.5000,39.9256,5579
42,261,Kyoto_Small,train,MAPPO,3600,8,140,60,0.4286,0.9714,0.0286,901.6833,450.8417,0.2622,0.9910,251.3800,615.8536,1021.4749,0.8127,19.4516,18.0071,847.9177,162.0965,279.5357,34941.9648,0,0,0.0003,9.5393,0.6915,2.7703,287,0.4412,0.5588,0.9857,9.5000,building_up,0.4531,0.8858,1.2373,1.1152,0.9783,0.5000,47.0850,39135
42,262,LosAngeles_Small,train,FaithfulMAPPER,3600,8,116,73,0.6293,0.9483,0.0517,677.9452,338.9726,0.3582,0.9716,202.6562,482.2857,1074.3007,1.0000,24.0435,20.4793,825.3974,191.2952,30.3103,3788.7932,0,0,0.0775,3.0105,0.6174,0.6944,163,0.6636,0.3364,0.9832,6.5039,ramp_up_down,0.4059,0.7654,1.2958,1.2648,0.9561,0.5000,0.0000,3516
42,263,LosAngeles_Small,train,MAPPO,3600,8,112,65,0.5804,0.9286,0.0714,636.4615,636.4615,0.2290,0.9860,248.0172,403.5094,1037.9415,0.8370,22.5492,20.2396,834.2706,223.8643,48.2857,6035.7144,0,0,-0.0131,7.6932,0.6917,2.6920,274,0.6250,0.3750,0.9732,6.5039,ramp_up_down,0.4598,0.8730,1.2271,1.4823,0.9450,0.3333,40.4289,5408
42,264,Tokyo_Small,train,FaithfulMAPPER,3600,8,124,69,0.5565,0.9194,0.0806,545.4927,181.8309,0.4817,0.9987,247.3091,335.6304,944.8021,0.7641,28.9601,25.2650,798.2652,193.0742,60.7097,7588.7095,0,0,0.0173,8.6768,0.6122,0.5427,162,0.6053,0.3947,0.9839,6.5039,ramp_up_down,0.4179,0.7873,1.2462,1.0447,0.9262,0.5000,58.3487,7528
42,265,Tokyo_Small,train,MAPPO,3600,8,123,52,0.4228,0.9187,0.0813,729.5577,243.1859,0.4909,0.9650,231.1458,489.7111,1002.8625,0.8677,29.3483,25.4596,807.5370,217.6807,102.6179,12827.2354,0,0,0.0014,7.5695,0.6914,2.6217,253,0.4602,0.5398,0.9756,6.5039,ramp_up_down,0.4872,0.9228,1.2784,1.3695,0.9333,0.3333,30.5733,12622
42,266,Kyoto_Small,train,FaithfulMAPPER,3600,8,138,62,0.4493,0.9565,0.0435,784.1129,784.1129,0.2253,0.9931,207.0000,573.6739,1157.1676,1.0000,19.9614,17.9876,872.0786,169.7412,30.0145,3751.8115,0,0,0.0066,7.7125,0.6097,0.5318,194,0.4697,0.5303,0.9876,6.5039,ramp_up_down,0.2550,0.5044,1.2666,1.3002,0.9632,0.5000,0.0000,4142
42,267,Kyoto_Small,train,MAPPO,3600,8,132,52,0.3939,0.9697,0.0303,864.4615,864.4615,0.2463,0.9872,286.1364,572.9445,1023.9135,0.7157,20.0904,18.1599,816.7444,167.5733,192.8788,24109.8477,0,0,-0.0173,10.3139,0.6909,2.8525,272,0.4062,0.5938,0.9848,6.5039,ramp_up_down,0.4444,0.8452,1.2392,0.9874,0.9769,0.5000,81.3537,25460
42,268,LosAngeles_Small,train,FaithfulMAPPER,3600,8,137,68,0.4964,0.9708,0.0292,837.8677,279.2892,0.4652,1.0004,244.5345,585.9400,1031.7734,0.8439,23.2184,22.1841,831.6483,199.9583,118.5474,14818.4307,0,0,0.0026,16.0782,0.6200,0.6178,186,0.5113,0.4887,1.0000,5.8000,shock_burst,0.4518,0.8338,1.2705,1.2923,0.9708,0.0000,38.1798,16241
42,269,LosAngeles_Small,train,MAPPO,3600,8,137,35,0.2555,0.9416,0.0584,1019.3714,509.6857,0.2660,1.0003,270.7273,715.2759,1196.1138,0.8836,24.1495,22.0865,907.6643,220.1316,302.9124,37864.0508,0,0,-0.0034,10.7598,0.6908,2.9512,281,0.2713,0.7287,1.0000,5.8000,shock_burst,0.5025,0.9431,1.1958,1.2759,0.9416,0.0000,31.5045,41499
42,270,Tokyo_Small,train,FaithfulMAPPER,3600,8,150,78,0.5200,0.9733,0.0267,774.4872,258.1624,0.3958,0.9814,257.5143,553.8519,1074.6171,0.8346,29.6764,28.5264,820.9633,218.0803,85.7067,10713.3330,0,0,-0.0228,12.4208,0.5912,0.6563,212,0.5342,0.4658,0.9867,9.5000,building_up,0.3767,0.6749,1.2686,1.3016,0.9797,0.5000,42.5909,12856
42,271,Tokyo_Small,train,MAPPO,3600,8,143,55,0.3846,0.9510,0.0490,764.8182,382.4091,0.3564,0.9743,262.5490,524.7447,1094.3947,0.8337,29.4795,27.4515,892.5970,210.2457,61.5664,7695.8042,0,0,-0.0032,8.8967,0.6906,2.9063,313,0.4044,0.5956,0.9870,9.5000,building_up,0.3042,0.5728,1.2553,1.3189,0.9574,0.5000,43.6701,8804
42,272,Kyoto_Small,train,FaithfulMAPPER,3600,8,122,82,0.6721,0.9672,0.0328,566.7073,188.9025,0.4863,1.0004,176.3143,366.8033,914.3027,1.0000,19.7986,18.0649,758.0104,158.0443,27.9754,3496.9263,0,0,0.0142,4.0558,0.6034,0.5296,145,0.6949,0.3051,1.0000,2.0000,flat,0.2582,0.4590,1.2093,1.4134,0.9672,0.0000,0.0000,3413
42,273,Kyoto_Small,train,MAPPO,3600,8,130,55,0.4231,0.9462,0.0538,918.3818,306.1273,0.3849,1.0000,279.7959,575.4750,1112.2886,0.7951,19.6548,17.9711,839.8511,154.2550,59.3077,7413.4614,0,0,0.0018,8.8223,0.6905,2.9638,286,0.4472,0.5528,1.0000,2.0000,flat,0.2391,0.4304,1.2331,1.2265,0.9462,0.0000,57.3382,7710
42,274,LosAngeles_Small,train,FaithfulMAPPER,3600,8,124,70,0.5645,0.9839,0.0161,758.5143,379.2571,0.3072,1.0004,262.5517,492.9333,1122.4672,0.8550,23.1057,21.0191,829.9028,200.3741,74.0323,9254.0322,0,0,0.0037,8.2328,0.5960,0.6182,163,0.5738,0.4262,1.0003,5.8000,shock_burst,0.1982,0.3684,1.2749,1.1917,0.9839,0.0000,38.0583,9180
42,275,LosAngeles_Small,train,MAPPO,3600,8,148,64,0.4324,0.9527,0.0473,822.2188,0.0000,0.1069,1.0004,216.4364,658.8222,1089.7410,1.0000,23.1301,21.6859,838.6984,192.7358,88.9662,11120.7773,0,0,0.0176,9.9858,0.6905,3.1035,305,0.4539,0.5461,1.0020,5.8000,shock_burst,0.3827,0.7027,1.1834,1.1397,0.9527,0.0000,0.0000,13167
42,276,Tokyo_Small,train,FaithfulMAPPER,3600,8,130,57,0.4385,0.9769,0.0231,789.8070,394.9035,0.2970,0.9835,261.1915,443.2750,1107.0232,0.8477,28.6817,27.2869,866.9148,214.8674,91.4538,11431.7305,0,0,0.0049,14.1115,0.5918,0.8069,172,0.4488,0.5512,0.9856,6.5039,ramp_up_down,0.4508,0.8074,1.2579,0.9643,0.9844,0.5000,39.7869,11889
42,277,Tokyo_Small,train,MAPPO,3600,8,101,58,0.5743,0.9703,0.0297,842.4310,421.2155,0.3460,0.9849,223.9804,581.9333,1113.9073,0.9946,29.1560,26.0664,887.7725,229.2103,54.7624,6845.2969,0,0,0.0099,9.8436,0.6904,3.1223,239,0.5918,0.4082,0.9827,6.5039,ramp_up_down,0.4844,0.9143,1.2268,0.7700,0.9798,0.5000,1.1989,5531
42,278,Kyoto_Small,train,FaithfulMAPPER,3600,8,159,75,0.4717,0.9497,0.0503,741.3734,0.0000,0.0703,0.9894,226.8333,582.3273,1032.6212,0.9105,19.9271,18.4869,851.0123,151.5532,41.0566,5132.0757,0,0,-0.0022,10.7993,0.5981,0.6208,209,0.4967,0.5033,0.9829,6.5039,ramp_up_down,0.4198,0.7825,1.2806,1.0657,0.9551,0.6667,20.3091,6528
42,279,Kyoto_Small,train,MAPPO,3600,8,132,58,0.4394,0.9773,0.0227,585.7414,0.0000,0.0648,0.9867,199.2778,365.9583,1033.7673,1.0000,19.7499,17.4994,778.8540,171.0655,127.0909,15886.3633,0,0,-0.0054,8.8680,0.6900,2.8343,299,0.4496,0.5504,0.9856,6.5039,ramp_up_down,0.4338,0.8111,1.2941,1.3695,0.9846,0.5000,0.0000,16776
42,280,LosAngeles_Small,train,FaithfulMAPPER,3600,8,156,66,0.4231,0.9487,0.0513,799.4849,799.4849,0.1280,1.0002,294.8983,499.6170,1115.2943,0.7564,23.2896,21.2313,820.9663,178.9209,252.1987,31524.8398,0,0,-0.0099,18.6296,0.5969,0.5493,197,0.4459,0.5541,1.0008,2.0000,flat,0.3889,0.6960,1.2312,1.0505,0.9487,0.0000,71.8394,39343
42,281,LosAngeles_Small,train,MAPPO,3600,8,120,59,0.4917,0.9500,0.0500,873.0678,436.5339,0.3302,1.0001,186.2727,625.5217,992.5095,1.0000,22.1119,19.8716,845.2783,201.8799,71.1583,8894.7920,0,0,-0.0072,9.7041,0.6896,3.1291,230,0.5175,0.4825,1.0000,2.0000,flat,0.4823,0.9196,1.2083,1.6084,0.9500,0.0000,0.0000,8539
42,282,Tokyo_Small,train,FaithfulMAPPER,3600,8,132,72,0.5455,0.9545,0.0455,780.6250,260.2083,0.4663,1.0002,268.5645,534.1429,1097.1567,0.8171,29.7605,27.6991,897.3489,253.4221,40.8939,5111.7422,0,0,0.0079,5.7941,0.5965,0.6777,195,0.5714,0.4286,1.0018,2.0000,flat,0.3428,0.6121,1.3475,1.3280,0.9545,0.0000,49.1332,5398
42,283,Tokyo_Small,train,MAPPO,3600,8,107,61,0.5701,0.9439,0.0561,762.5901,381.2951,0.2706,1.0001,246.9623,467.5714,1036.7806,0.8396,29.4371,26.6200,819.0223,252.3626,95.9626,11995.3271,0,0,-0.0092,9.5528,0.6894,3.0730,206,0.6040,0.3960,1.0000,2.0000,flat,0.3091,0.5499,1.2489,1.1931,0.9439,0.0000,39.6061,10268
42,284,Kyoto_Small,train,FaithfulMAPPER,3600,8,111,63,0.5676,0.9640,0.0360,656.1746,0.0000,0.0606,0.9857,223.2963,369.7021,1089.9631,0.9762,19.4774,17.4930,875.4728,202.3123,114.7928,14349.0986,0,0,0.0009,7.7677,0.5930,0.5347,149,0.5888,0.4112,0.9824,6.5039,ramp_up_down,0.3457,0.7577,1.2325,1.3816,0.9725,0.5000,5.3037,12742
42,285,Kyoto_Small,train,MAPPO,3600,8,113,39,0.3451,0.9381,0.0619,683.2564,0.0000,0.0988,0.9630,299.0000,409.0833,1054.6788,0.7055,19.6805,17.6556,832.3987,185.4692,374.2301,46778.7617,0,0,-0.0336,10.5695,0.6895,2.6560,226,0.3679,0.6321,0.9646,6.5039,ramp_up_down,0.4688,0.9036,1.1723,1.1780,0.9633,0.2500,88.0642,42288
42,286,LosAngeles_Small,train,FaithfulMAPPER,3600,8,122,61,0.5000,0.9508,0.0492,760.2623,253.4208,0.4164,0.9503,202.3846,607.9575,1015.6030,1.0000,21.7314,19.9399,818.0944,202.2996,76.3197,9539.9590,0,0,-0.0084,6.1521,0.5994,0.5307,166,0.5259,0.4741,0.9918,9.5000,building_up,0.3805,0.7081,1.2532,1.2401,0.9587,0.0000,0.0000,9311
42,287,LosAngeles_Small,train,MAPPO,3600,8,122,51,0.4180,0.9508,0.0492,784.9804,392.4902,0.3230,0.9733,230.2750,580.1667,1026.4529,0.8915,23.2136,21.4630,892.4814,223.4310,92.9590,11619.8770,0,0,-0.0154,11.0105,0.6897,3.3272,230,0.4397,0.5603,0.9844,9.5000,building_up,0.5481,1.0625,1.2844,1.2169,0.9583,0.5000,24.9844,11341
42,288,Tokyo_Small,train,FaithfulMAPPER,3600,8,133,85,0.6391,0.9699,0.0301,705.2706,235.0902,0.3902,0.9587,222.8169,454.3393,1033.5237,0.9277,28.8609,26.4754,812.7252,220.3294,44.6391,5579.8872,0,0,0.0245,8.8245,0.5939,0.7551,172,0.6589,0.3411,0.9940,6.5039,ramp_up_down,0.3342,0.5966,1.3106,1.5951,0.9773,0.0000,16.1122,5937
42,289,Tokyo_Small,train,MAPPO,3600,8,131,53,0.4046,0.9389,0.0611,684.1698,342.0849,0.3409,0.9589,205.2553,475.9778,1021.4876,0.9953,29.6572,26.1871,878.3329,230.0513,319.5878,39948.4727,0,0,0.0538,11.1056,0.6894,3.0343,290,0.4309,0.5691,0.9924,6.5039,ramp_up_down,0.3891,0.8144,1.2557,1.4392,0.9462,0.0000,0.9578,41866
42,290,Kyoto_Small,train,FaithfulMAPPER,3600,8,124,57,0.4597,0.9677,0.0323,684.5439,342.2719,0.3089,1.0001,217.7083,479.0250,993.4160,0.9126,19.7847,16.6730,757.5758,157.5750,210.7984,26349.7988,0,0,-0.0051,15.6363,0.5923,0.3796,166,0.4750,0.5250,1.0000,2.0000,flat,0.4073,0.7498,1.2737,1.5034,0.9677,0.0000,19.0251,26139
42,291,Kyoto_Small,train,MAPPO,3600,8,131,54,0.4122,0.9847,0.0153,789.8148,394.9074,0.2745,1.0002,187.2340,578.4878,966.5793,1.0000,19.8732,18.5503,781.3840,168.9499,67.2748,8409.3516,0,0,0.0040,8.3809,0.6895,2.8879,281,0.4186,0.5814,1.0000,2.0000,flat,0.4761,0.8821,1.2516,1.3620,0.9847,0.0000,0.0000,8813
42,292,LosAngeles_Small,train,FaithfulMAPPER,3600,8,128,66,0.5156,0.9453,0.0547,753.0606,753.0606,0.2077,1.0001,244.5254,528.8113,972.0947,0.7951,23.8961,22.3858,794.4567,206.7488,63.0469,7880.8594,0,0,-0.0007,9.6630,0.5989,0.5303,181,0.5455,0.4545,1.0009,2.0000,flat,0.3509,0.6618,1.2190,1.4742,0.9453,0.0000,50.1065,8070
42,293,LosAngeles_Small,train,MAPPO,3600,8,120,55,0.4583,0.9750,0.0250,942.9091,942.9091,0.1597,1.0001,208.6667,678.6957,1310.3492,1.0000,23.3798,21.4635,925.4935,183.9196,70.3083,8788.5420,0,0,-0.0009,14.7784,0.6887,3.7847,250,0.4701,0.5299,1.0000,2.0000,flat,0.4102,0.7980,1.2060,1.1883,0.9750,0.0000,0.0000,8437
42,294,Tokyo_Small,train,FaithfulMAPPER,3600,8,146,72,0.4932,0.9521,0.0479,837.7222,209.4306,0.5270,1.0001,292.8667,620.9600,1158.3862,0.7911,29.8552,26.5294,863.2273,205.8091,90.5616,11320.2051,0,0,0.0101,7.8850,0.5885,0.6810,193,0.5180,0.4820,1.0000,2.0000,flat,0.3277,0.5802,1.2539,1.2676,0.9521,0.0000,61.1894,13222
42,295,Tokyo_Small,train,MAPPO,3600,8,106,53,0.5000,0.9717,0.0283,778.4528,194.6132,0.5122,1.0001,218.6956,529.3256,1259.0878,1.0000,29.0133,27.2643,905.6692,220.4761,78.1415,9767.6885,0,0,-0.0035,10.2900,0.6887,3.0639,243,0.5146,0.4854,1.0000,2.0000,flat,0.5300,0.9732,1.2437,1.7534,0.9717,0.0000,0.0000,8283
42,296,Kyoto_Small,train,FaithfulMAPPER,3600,8,130,49,0.3769,0.9538,0.0462,691.7755,691.7755,0.2267,0.9843,199.5000,457.7273,1064.5682,1.0000,19.7274,17.5454,841.5272,158.1408,114.8692,14358.6543,0,0,-0.0402,13.8635,0.5934,0.4898,183,0.3952,0.6048,0.9923,12.1967,wave,0.3462,0.6750,1.2582,1.3370,0.9612,0.0000,0.0000,14933
42,297,Kyoto_Small,train,MAPPO,3600,8,126,35,0.2778,0.9683,0.0317,726.4286,0.0000,0.1241,0.9905,226.4138,516.1429,1131.7153,0.9997,19.9306,18.8987,838.8251,179.7162,449.3889,56173.6094,0,0,0.0130,12.3022,0.6888,2.8012,292,0.2869,0.7131,0.9867,12.1967,wave,0.3714,0.7242,1.2263,1.5370,0.9758,0.5000,0.0707,56623
42,298,LosAngeles_Small,train,FaithfulMAPPER,3600,8,131,67,0.5115,0.9847,0.0153,683.7164,683.7164,0.1480,1.0001,226.9828,450.8298,920.0978,0.8107,24.2797,22.6554,788.7368,175.6186,106.2519,13281.4883,0,0,-0.0057,12.1785,0.5944,0.4158,172,0.5194,0.4806,1.0000,5.8000,shock_burst,0.4418,0.7977,1.2280,1.0653,0.9847,0.0000,42.9632,13919
42,299,LosAngeles_Small,train,MAPPO,3600,8,130,67,0.5154,0.9462,0.0538,694.2537,694.2537,0.2137,1.0003,222.5273,457.2609,962.8820,0.8654,23.5305,20.4623,791.3807,182.7164,233.6615,29207.6914,0,0,-0.0008,10.8605,0.6896,3.2985,274,0.5447,0.4553,1.0003,5.8000,shock_burst,0.4228,0.7649,1.2007,1.0051,0.9462,0.0000,29.9509,30376
42,300,Tokyo_Small,train,FaithfulMAPPER,3600,8,117,61,0.5214,0.9316,0.0684,857.6885,214.4221,0.5824,0.9841,282.7924,616.3333,1422.0732,1.0000,29.5512,26.8477,928.9568,232.9879,48.6410,6080.1284,0,0,0.0209,4.7142,0.5885,0.7456,140,0.5596,0.4404,1.0008,12.1967,wave,0.3322,0.6057,1.2517,1.1995,0.9316,0.0000,0.0000,5691
42,301,Tokyo_Small,train,MAPPO,3600,8,127,64,0.5039,0.9134,0.0866,818.3906,818.3906,0.2289,0.9842,265.7222,560.1464,1094.0365,0.8234,29.9216,26.9291,806.2179,222.9649,69.2205,8652.5586,0,0,-0.0165,8.4537,0.6898,2.9101,242,0.5517,0.4483,0.9928,12.1967,wave,0.3600,0.6681,1.2156,1.2651,0.9206,0.0000,46.9149,8791
42,302,Kyoto_Small,train,FaithfulMAPPER,3600,8,136,65,0.4779,0.9632,0.0368,784.4154,784.4154,0.2191,0.9847,235.7143,554.1277,972.6132,0.8252,19.0379,18.1403,779.4882,156.8519,57.8529,7231.6177,0,0,0.0023,10.3846,0.5918,0.4344,169,0.4962,0.5038,0.9932,12.1967,wave,0.3626,0.6550,1.1818,1.5052,0.9704,0.0000,41.1916,7868
42,303,Kyoto_Small,train,MAPPO,3600,8,135,57,0.4222,0.9630,0.0370,977.9298,977.9298,0.1456,0.9843,221.1200,718.4318,1084.5404,0.9810,19.7675,17.3622,812.6407,163.6453,84.5852,10573.1484,0,0,0.0181,8.4627,0.6893,2.8743,269,0.4385,0.5615,1.0004,12.1967,wave,0.3611,0.6770,1.2913,1.2298,0.9630,0.0000,4.2119,11419
42,304,LosAngeles_Small,train,FaithfulMAPPER,3600,8,140,85,0.6071,0.9786,0.0214,906.2235,453.1118,0.3510,1.0004,268.3506,660.5333,1078.5367,0.8038,24.1871,22.2294,914.7892,195.5631,45.9357,5741.9644,0,0,0.0007,8.8619,0.5932,0.7776,191,0.6204,0.3796,1.0000,5.8000,shock_burst,0.3776,0.6938,1.2851,1.4692,0.9786,0.0000,52.6433,6431
42,305,LosAngeles_Small,train,MAPPO,3600,8,125,48,0.3840,0.9200,0.0800,528.8125,528.8125,0.2497,1.0004,234.6744,318.7500,1071.7192,0.9134,23.7419,21.2440,844.0689,215.0684,137.3760,17172.0000,0,0,0.0050,12.4605,0.6894,3.4868,233,0.4174,0.5826,1.0004,5.8000,shock_burst,0.3550,0.6868,1.2431,1.1122,0.9200,0.0000,20.3306,17172
42,306,Tokyo_Small,train,FaithfulMAPPER,3600,8,121,56,0.4628,0.9587,0.0413,760.9464,760.9464,0.1457,1.0003,201.1458,497.3023,1050.3518,1.0000,29.3890,26.6880,829.9868,210.3550,41.6364,5204.5454,0,0,0.0065,5.9737,0.5939,0.6858,159,0.4828,0.5172,1.0000,5.8000,shock_burst,0.3750,0.6903,1.2217,1.3679,0.9587,0.0000,0.0000,5038
42,307,Tokyo_Small,train,MAPPO,3600,8,141,53,0.3759,0.9007,0.0993,893.7358,893.7358,0.1832,1.0004,214.6667,773.4318,1115.2362,1.0000,28.8662,25.9847,934.8794,204.4470,152.9362,19117.0215,0,0,-0.0250,8.7405,0.6879,2.8130,292,0.4173,0.5827,1.0000,5.8000,shock_burst,0.3528,0.6406,1.2186,1.5128,0.9007,0.0000,0.0000,21564
42,308,Kyoto_Small,train,FaithfulMAPPER,3600,8,122,56,0.4590,0.9508,0.0492,905.2143,301.7381,0.3885,0.9843,249.2857,584.3846,1080.6451,0.8670,19.8162,18.1106,855.5452,182.3535,98.5492,12318.6475,0,0,0.0627,12.8060,0.5896,0.4294,163,0.4828,0.5172,0.9918,12.1967,wave,0.3961,0.7201,1.2885,1.1579,0.9587,0.0000,33.1567,12023
42,309,Kyoto_Small,train,MAPPO,3600,8,135,72,0.5333,0.9630,0.0370,610.2083,203.4028,0.4148,0.9843,165.0328,446.0755,862.5616,1.0000,19.6934,17.3495,786.5711,155.2311,56.2889,7036.1113,0,0,-0.0004,8.5213,0.6882,2.9094,288,0.5538,0.4462,1.0003,12.1967,wave,0.3036,0.5404,1.2936,1.4463,0.9630,0.0000,0.0000,7599
42,310,LosAngeles_Small,train,FaithfulMAPPER,3600,8,105,58,0.5524,0.9714,0.0286,734.2414,183.5603,0.5302,0.9667,259.9615,457.2889,1212.2910,0.9327,23.3655,20.9731,881.3767,237.3572,83.0095,10376.1904,0,0,-0.0025,6.2345,0.5904,0.5113,132,0.5686,0.4314,0.9714,6.5039,ramp_up_down,0.3612,0.6610,1.2487,1.3771,0.9902,0.3333,17.5033,8716
42,311,LosAngeles_Small,train,MAPPO,3600,8,139,69,0.4964,0.9784,0.0216,731.4637,182.8659,0.5216,0.9845,205.4754,544.1887,1062.8320,1.0000,23.6493,20.8424,834.5505,179.5585,79.4748,9934.3525,0,0,0.0178,8.5530,0.6888,2.9403,326,0.5074,0.4926,0.9859,6.5039,ramp_up_down,0.3691,0.6556,1.2486,1.5176,0.9854,0.5000,0.0000,11047
42,312,Tokyo_Small,train,FaithfulMAPPER,3600,8,130,56,0.4308,0.9154,0.0846,974.6964,974.6964,0.1794,0.9792,268.1200,709.9756,1100.7776,0.8211,29.4902,27.2014,880.4131,252.1006,53.2692,6658.6538,0,0,-0.0026,11.0433,0.5888,0.5760,174,0.4706,0.5294,0.9769,9.5000,building_up,0.3694,0.6588,1.2351,1.4492,0.9291,0.3333,47.9645,6925
42,313,Tokyo_Small,train,MAPPO,3600,8,140,69,0.4929,0.9429,0.0571,771.8986,771.8986,0.1651,0.9890,223.5556,530.4667,1076.0227,0.9626,29.8811,26.9668,845.3091,198.6929,98.0357,12254.4639,0,0,-0.0016,8.0251,0.6897,2.8376,286,0.5227,0.4773,0.9863,9.5000,building_up,0.3571,0.6547,1.1660,1.3615,0.9493,0.5000,8.3510,13725
42,314,Kyoto_Small,train,FaithfulMAPPER,3600,8,115,42,0.3652,0.9739,0.0261,722.2381,722.2381,0.2386,0.9718,286.9714,430.9630,1115.4934,0.7774,19.3032,17.0116,893.4255,187.6314,245.6609,30707.6094,0,0,-0.0089,23.3537,0.5795,0.4154,150,0.3750,0.6250,0.9739,6.5039,ramp_up_down,0.4779,0.9170,1.3109,1.0917,0.9911,0.3333,63.8728,28251
42,315,Kyoto_Small,train,MAPPO,3600,8,128,35,0.2734,0.9688,0.0312,904.7714,0.0000,0.0799,0.9588,288.3000,697.9630,1371.0120,0.9511,19.6909,17.6179,836.7137,197.2199,127.0078,15875.9766,0,0,-0.0017,5.8812,0.6891,2.1850,282,0.2823,0.7177,0.9844,6.5039,ramp_up_down,0.4195,0.7687,1.1795,1.3235,0.9841,0.0000,14.0976,16257
42,316,LosAngeles_Small,train,FaithfulMAPPER,3600,8,128,69,0.5391,0.9453,0.0547,680.6087,226.8696,0.3818,0.9952,211.4000,462.2308,998.2434,0.9444,23.2638,22.2748,838.6788,200.0496,137.0469,17130.8594,0,0,-0.0009,11.0447,0.5875,0.5453,174,0.5702,0.4298,0.9844,12.1967,wave,0.3950,0.7460,1.2076,1.3981,0.9524,0.5000,11.7513,17542
42,317,LosAngeles_Small,train,MAPPO,3600,8,135,51,0.3778,0.9704,0.0296,804.0784,804.0784,0.2428,0.9861,271.0930,605.4167,1062.4813,0.7839,23.4330,20.8605,849.1417,193.0324,347.5555,43444.4453,0,0,-0.0055,13.5002,0.6883,3.2487,274,0.3893,0.6107,0.9778,12.1967,wave,0.4950,0.9354,1.2022,1.0846,0.9848,0.3333,58.5968,46920
42,318,Tokyo_Small,train,FaithfulMAPPER,3600,8,123,51,0.4146,0.9512,0.0488,957.5294,239.3824,0.5248,1.0002,269.8571,627.3235,1246.8680,0.9241,28.9690,27.0708,1001.8481,215.6729,251.6179,31452.2363,0,0,-0.0208,15.8947,0.5834,0.4382,153,0.4359,0.5641,1.0000,2.0000,flat,0.4177,0.7394,1.2140,1.1795,0.9512,0.0000,20.4835,30949
42,319,Tokyo_Small,train,MAPPO,3600,8,108,50,0.4630,0.9167,0.0833,902.8600,225.7150,0.5442,1.0002,275.8095,633.4722,1500.6190,1.0000,28.4554,26.4496,1039.9185,242.1365,57.4537,7181.7129,0,0,-0.0057,10.4548,0.6888,3.2079,217,0.5051,0.4949,1.0019,2.0000,flat,0.4167,0.7484,1.2608,1.5005,0.9167,0.0000,0.0000,6205
42,320,Kyoto_Small,train,FaithfulMAPPER,3600,8,131,37,0.2824,0.9695,0.0305,674.4324,674.4324,0.2349,0.9842,259.3714,492.5000,1070.8121,0.8257,19.9963,18.8744,838.2026,172.8453,191.6031,23950.3809,0,0,-0.0267,23.1751,0.5728,0.4262,177,0.2913,0.7087,1.0000,12.1967,wave,0.4667,0.8882,1.2667,1.4111,0.9695,0.0000,45.2090,25100
42,321,Kyoto_Small,train,MAPPO,3600,8,111,66,0.5946,0.9550,0.0450,755.8333,377.9167,0.3531,0.9902,194.0182,568.8372,825.7603,0.8512,19.7787,18.1296,697.6942,166.6841,40.3514,5043.9189,0,0,0.0006,10.0284,0.6885,2.9141,254,0.6226,0.3774,0.9735,12.1967,wave,0.3260,0.5813,1.2866,1.4135,0.9722,0.3333,28.8661,4479
42,322,LosAngeles_Small,train,FaithfulMAPPER,3600,8,111,47,0.4234,0.9730,0.0270,765.0425,255.0142,0.4151,0.9967,244.1219,561.6389,1191.1818,0.9759,24.2617,22.6242,822.5790,206.9192,64.3063,8038.2881,0,0,-0.0447,4.8252,0.5860,0.4837,150,0.4352,0.5648,0.9820,12.1967,wave,0.4500,0.8493,1.2900,0.8567,0.9817,0.5000,5.8856,7138
42,323,LosAngeles_Small,train,MAPPO,3600,8,132,60,0.4545,0.9621,0.0379,693.2833,346.6417,0.2801,0.9917,216.2000,535.2200,1049.1166,0.9705,22.9253,20.9777,891.1700,191.0641,95.9470,11993.3711,0,0,-0.0032,10.7061,0.6877,3.2706,281,0.4724,0.5276,0.9852,12.1967,wave,0.5431,1.0392,1.2176,1.6305,0.9692,0.5000,6.3767,12665
42,324,Tokyo_Small,train,FaithfulMAPPER,3600,8,125,53,0.4240,0.9440,0.0560,598.0566,199.3522,0.3835,0.9843,215.6522,342.7632,1021.0830,0.9470,29.3805,27.1978,835.8779,211.5971,224.6960,28087.0000,0,0,0.0118,23.8685,0.5820,0.4262,166,0.4492,0.5508,0.9924,12.1967,wave,0.3517,0.6236,1.3153,1.6193,0.9516,0.0000,11.4356,28087
42,325,Tokyo_Small,train,MAPPO,3600,8,125,43,0.3440,0.9520,0.0480,1106.5116,368.8372,0.4525,0.9980,312.0278,667.6207,1260.1914,0.8077,29.2272,26.4567,947.8377,187.4801,116.1760,14522.0000,0,0,-0.0115,11.7072,0.6873,3.2043,271,0.3613,0.6387,0.9840,12.1967,wave,0.4607,0.8624,1.3137,1.4088,0.9593,0.5000,59.9895,14522
42,326,Kyoto_Small,train,FaithfulMAPPER,3600,8,124,44,0.3548,0.9677,0.0323,593.7727,593.7727,0.1768,1.0002,171.1282,417.2000,899.5872,1.0000,19.9816,18.5712,823.9149,196.6275,304.1855,38023.1836,0,0,0.0017,21.3091,0.5831,0.3031,159,0.3667,0.6333,1.0008,5.8000,shock_burst,0.4214,0.7754,1.1804,1.1240,0.9677,0.0000,0.0000,37719
42,327,Kyoto_Small,train,MAPPO,3600,8,136,57,0.4191,0.9412,0.0588,891.1579,891.1579,0.2238,1.0006,217.6667,556.2000,1145.4495,1.0000,20.0225,18.9202,862.8275,191.5211,63.0221,7877.7573,0,0,-0.0236,11.4512,0.6880,3.3939,292,0.4453,0.5547,1.0006,5.8000,shock_burst,0.3086,0.5521,1.2646,1.1110,0.9412,0.0000,0.0000,8571
42,328,LosAngeles_Small,train,FaithfulMAPPER,3600,8,117,69,0.5897,0.9402,0.0598,776.7536,258.9179,0.4133,0.9867,251.1356,459.2041,1102.0782,0.8777,23.8117,21.3681,819.0801,218.4663,35.7350,4466.8804,0,0,-0.0250,5.3940,0.5893,0.6497,142,0.6273,0.3727,0.9829,12.1967,wave,0.3379,0.6012,1.3086,1.1150,0.9478,0.5000,30.7199,4181
42,329,LosAngeles_Small,train,MAPPO,3600,8,101,49,0.4851,0.9307,0.0693,705.7551,235.2517,0.3794,0.9844,200.9268,478.7778,1064.7141,1.0000,23.4474,20.9169,828.4824,241.0092,145.6139,18201.7324,0,0,-0.0007,13.3516,0.6886,3.6528,219,0.5213,0.4787,1.0000,12.1967,wave,0.4397,0.9723,1.2376,0.9882,0.9307,0.0000,0.0000,14707
42,330,Tokyo_Small,train,FaithfulMAPPER,3600,8,120,54,0.4500,0.9500,0.0500,727.0370,363.5185,0.2528,0.9915,182.9574,482.6190,983.0399,1.0000,28.4517,25.9615,867.4323,235.9756,192.4500,24056.2500,0,0,0.0068,14.0419,0.5851,0.3797,175,0.4737,0.5263,0.9750,6.5039,ramp_up_down,0.2917,0.5196,1.2159,1.3430,0.9573,0.6667,0.0000,23094
42,331,Tokyo_Small,train,MAPPO,3600,8,119,55,0.4622,0.9244,0.0756,597.3273,298.6636,0.2679,0.9722,175.1600,463.4186,853.4484,0.9745,29.3271,27.4959,937.7960,243.6493,155.6218,19452.7305,0,0,-0.0080,9.6172,0.6877,3.0939,234,0.5000,0.5000,0.9836,6.5039,ramp_up_down,0.3429,0.6486,1.2069,1.0210,0.9316,0.5000,4.4703,18519
42,332,Kyoto_Small,train,FaithfulMAPPER,3600,8,103,61,0.5922,0.9515,0.0485,749.8033,149.9607,0.6399,0.9845,249.1633,510.7111,1106.6095,0.8883,19.9836,19.1005,864.2310,213.1069,57.1748,7146.8447,0,0,0.1296,8.3819,0.5946,0.4827,135,0.6224,0.3776,0.9903,12.1967,wave,0.3231,0.5987,1.2378,1.2312,0.9608,0.0000,27.8414,5889
42,333,Kyoto_Small,train,MAPPO,3600,8,124,60,0.4839,0.9758,0.0242,682.7000,227.5667,0.4150,0.9842,174.7692,504.1860,890.7622,1.0000,19.6176,18.1872,806.0347,176.0246,122.6210,15327.6211,0,0,0.0014,8.5901,0.6870,2.7722,284,0.4959,0.5041,0.9843,12.1967,wave,0.2376,0.4508,1.2751,1.2086,0.9918,0.0000,0.0000,15205
42,334,LosAngeles_Small,train,FaithfulMAPPER,3600,8,150,67,0.4467,0.9600,0.0400,883.9105,883.9105,0.1514,0.9753,274.6129,568.3137,1282.1831,0.9338,24.1929,22.7378,880.0979,201.9461,85.8200,10727.5000,0,0,-0.0081,7.2264,0.5922,0.6103,192,0.4653,0.5347,0.9867,6.5039,ramp_up_down,0.3741,0.6738,1.2187,1.3204,0.9662,0.5000,18.1763,12873
42,335,LosAngeles_Small,train,MAPPO,3600,8,129,64,0.4961,0.9457,0.0543,640.1875,640.1875,0.1683,0.9585,177.9038,444.9783,978.0637,1.0000,24.0316,21.7409,837.1419,212.8692,59.7752,7471.8994,0,0,0.0001,8.1051,0.6873,2.8042,255,0.5246,0.4754,0.9767,6.5039,ramp_up_down,0.3929,0.6976,1.2566,1.0196,0.9683,0.0000,0.0000,7711
42,336,Tokyo_Small,train,FaithfulMAPPER,3600,8,128,59,0.4609,0.9141,0.0859,951.1356,237.7839,0.5008,0.9883,265.4600,623.2045,1493.1451,1.0000,29.3024,27.4451,999.1812,263.1636,48.2422,6030.2734,0,0,-0.0044,5.0424,0.5877,0.8194,160,0.5043,0.4957,0.9844,12.1967,wave,0.3415,0.6204,1.3503,1.0384,0.9206,0.5000,0.0000,6175
42,337,Tokyo_Small,train,MAPPO,3600,8,131,87,0.6641,0.9771,0.0229,694.0460,231.3486,0.4324,0.9841,188.3889,517.8621,956.5018,1.0000,29.1167,26.7523,748.7104,224.6121,72.0840,9010.4961,0,0,-0.0018,8.6986,0.6880,2.6556,317,0.6797,0.3203,1.0007,12.1967,wave,0.2469,0.4410,1.2582,1.1319,0.9771,0.0000,0.0000,9443
42,338,Kyoto_Small,train,FaithfulMAPPER,3600,8,143,65,0.4545,0.9510,0.0490,862.0615,431.0308,0.3232,0.9671,278.6482,628.4418,1158.3489,0.8314,19.9015,18.0713,835.7373,178.1395,47.1818,5897.7271,0,0,0.0146,9.5676,0.5875,0.5684,189,0.4779,0.5221,0.9794,9.5000,building_up,0.2837,0.5160,1.3333,1.0794,0.9643,0.3333,46.9784,6747
42,339,Kyoto_Small,train,MAPPO,3600,8,122,59,0.4836,0.9426,0.0574,721.1865,360.5932,0.2675,0.9538,248.9200,472.4286,1115.8533,0.8966,20.0167,18.1120,832.4279,198.3383,126.2213,15777.6641,0,0,-0.0071,8.2465,0.6900,2.8575,248,0.5130,0.4870,0.9836,9.5000,building_up,0.3900,0.7099,1.2253,1.1930,0.9500,0.5000,25.7493,15399
42,340,LosAngeles_Small,train,FaithfulMAPPER,3600,8,108,45,0.4167,0.9167,0.0833,660.9778,660.9778,0.1735,1.0001,194.0750,457.1842,880.4915,0.9074,23.7437,21.2734,827.2227,229.2918,250.1852,31273.1484,0,0,0.0177,15.5260,0.5902,0.4673,138,0.4545,0.5455,1.0000,5.8000,shock_burst,0.3875,0.7071,1.2854,1.2940,0.9167,0.0000,17.9767,27020
42,341,LosAngeles_Small,train,MAPPO,3600,8,113,63,0.5575,0.9735,0.0265,733.6667,366.8333,0.3414,1.0003,169.4423,533.8140,893.6860,1.0000,23.0996,21.1761,813.8997,208.7761,162.0885,20261.0625,0,0,0.0003,13.1537,0.6906,3.6077,254,0.5727,0.4273,1.0000,5.8000,shock_burst,0.2558,0.4629,1.1731,1.1790,0.9735,0.0000,0.0000,18316
42,342,Tokyo_Small,train,FaithfulMAPPER,3600,8,138,76,0.5507,0.9348,0.0652,830.5789,276.8596,0.4761,0.9585,264.3231,556.6470,1106.4841,0.8372,27.5080,26.0942,878.6141,214.0749,52.6522,6581.5220,0,0,-0.0075,7.7279,0.5896,0.6159,176,0.5891,0.4109,0.9855,6.5039,ramp_up_down,0.2540,0.4730,1.2772,1.0381,0.9485,0.0000,43.0263,7266
42,343,Tokyo_Small,train,MAPPO,3600,8,122,54,0.4426,0.9344,0.0656,752.8704,250.9568,0.3781,0.9815,224.7111,477.6410,1031.6168,0.9182,29.7142,27.4833,860.6750,240.4642,75.9508,9493.8525,0,0,-0.0002,10.2092,0.6906,3.2007,224,0.4737,0.5263,0.9850,6.5039,ramp_up_down,0.4242,0.7741,1.1983,1.1111,0.9417,0.5000,18.3877,9266
42,344,Kyoto_Small,train,FaithfulMAPPER,3600,8,113,59,0.5221,0.9646,0.0354,812.3729,406.1864,0.3741,1.0001,283.1837,566.0769,1200.1683,0.8476,19.4929,17.1940,898.8088,206.9337,42.9469,5368.3628,0,0,-0.0034,7.5629,0.5814,0.5615,149,0.5413,0.4587,1.0000,2.0000,flat,0.4176,0.7537,1.2640,1.5605,0.9646,0.0000,43.1500,4853
42,345,Kyoto_Small,train,MAPPO,3600,8,120,61,0.5083,0.9500,0.0500,649.1639,216.3880,0.4415,1.0003,251.3529,427.5000,1043.1882,0.8301,19.9805,18.6313,850.4281,172.6911,56.5750,7071.8750,0,0,-0.0308,9.4079,0.6905,2.9608,227,0.5351,0.4649,1.0000,2.0000,flat,0.3361,0.5992,1.2673,1.1986,0.9500,0.0000,42.7153,6789
42,346,LosAngeles_Small,train,FaithfulMAPPER,3600,8,128,84,0.6562,0.9688,0.0312,669.4167,167.3542,0.5309,1.0003,195.4286,487.8182,977.3116,1.0000,23.2516,19.7424,791.7186,199.5906,45.6328,5704.1016,0,0,-0.0111,4.7784,0.5911,0.6030,171,0.6774,0.3226,1.0000,2.0000,flat,0.4171,0.7487,1.2827,1.5464,0.9688,0.0000,0.0000,5841
42,347,LosAngeles_Small,train,MAPPO,3600,8,119,66,0.5546,0.9748,0.0252,659.9243,164.9811,0.5179,1.0002,213.3103,438.1042,967.9236,0.9075,23.3679,20.9064,865.1873,214.6324,41.1008,5137.6050,0,0,-0.0001,8.8503,0.6900,2.8729,247,0.5690,0.4310,1.0000,2.0000,flat,0.3611,0.6463,1.3176,1.1931,0.9748,0.0000,19.7256,4891
42,348,Tokyo_Small,train,FaithfulMAPPER,3600,8,110,48,0.4364,0.9727,0.0273,707.4167,176.8542,0.6172,1.0003,276.0238,484.4878,1162.2157,0.8421,28.7502,27.0559,838.3741,197.8800,102.9455,12868.1816,0,0,0.0084,6.5829,0.5883,0.4844,158,0.4486,0.5514,1.0000,2.0000,flat,0.4339,0.7693,1.2076,1.2713,0.9727,0.0000,43.5807,11324
42,349,Tokyo_Small,train,MAPPO,3600,8,148,56,0.3784,0.9662,0.0338,715.4643,178.8661,0.5458,1.0000,223.6200,511.0000,1066.4492,0.9538,29.3957,27.8157,806.0705,208.6225,174.0270,21753.3789,0,0,0.0174,10.2000,0.6896,3.0888,297,0.3916,0.6084,1.0000,2.0000,flat,0.3292,0.5878,1.3370,1.6164,0.9662,0.0000,10.3302,25756
42,350,Kyoto_Small,train,FaithfulMAPPER,3600,8,121,62,0.5124,0.9835,0.0165,826.5968,0.0000,0.1158,0.9968,255.7636,592.0652,1214.5953,0.9498,19.6261,18.3444,834.1141,179.2116,69.7190,8714.8760,0,0,-0.0008,6.0913,0.5837,0.5077,160,0.5210,0.4790,0.9835,6.5039,ramp_up_down,0.3543,0.6456,1.2352,1.0288,0.9916,0.5000,12.8446,8436
42,351,Kyoto_Small,train,MAPPO,3600,8,126,40,0.3175,0.9524,0.0476,654.8000,0.0000,0.0252,0.9796,232.8857,425.3333,1047.9260,0.8999,19.7732,18.2402,800.2960,180.6986,386.5873,48323.4141,0,0,0.0107,15.3112,0.6890,2.7974,268,0.3333,0.6667,0.9766,6.5039,ramp_up_down,0.3431,0.6253,1.3253,1.3528,0.9675,0.3333,23.3005,48710
42,352,LosAngeles_Small,train,FaithfulMAPPER,3600,8,144,62,0.4306,0.9514,0.0486,776.4677,258.8226,0.4670,0.9765,313.5962,419.1219,1254.8995,0.8003,23.5159,22.0342,863.4828,180.9536,187.2361,23404.5137,0,0,-0.0125,17.6039,0.5808,0.5306,192,0.4526,0.5474,0.9872,6.5039,ramp_up_down,0.4635,0.8738,1.2943,1.0800,0.9577,0.5000,62.6163,26962
42,353,LosAngeles_Small,train,MAPPO,3600,8,138,71,0.5145,0.9710,0.0290,594.5775,198.1925,0.4256,0.9660,218.0323,410.3393,1012.7900,0.9290,23.9655,21.6074,790.3965,184.4694,43.6884,5461.0508,0,0,0.0208,7.4913,0.6898,2.6295,297,0.5299,0.4701,0.9855,6.5039,ramp_up_down,0.2667,0.4830,1.2680,1.0569,0.9779,0.5000,15.4742,6029
42,354,Tokyo_Small,train,FaithfulMAPPER,3600,8,130,65,0.5000,0.9154,0.0846,672.8154,336.4077,0.3334,1.0003,265.1636,412.3182,1189.1833,0.8969,29.3660,28.0410,811.8279,229.1493,44.2154,5526.9229,0,0,-0.0390,7.0376,0.5896,0.6668,164,0.5462,0.4538,1.0000,2.0000,flat,0.3415,0.6146,1.2847,0.9637,0.9154,0.0000,27.3270,5748
42,355,Tokyo_Small,train,MAPPO,3600,8,131,77,0.5878,0.9542,0.0458,755.9351,377.9675,0.2775,1.0001,226.6875,509.2264,1097.6298,0.9684,29.6331,27.4286,855.1857,223.2184,66.2519,8281.4883,0,0,-0.0012,8.2654,0.6894,2.8391,282,0.6160,0.3840,1.0000,2.0000,flat,0.2465,0.4518,1.2696,1.1355,0.9542,0.0000,7.1615,8679
42,356,Kyoto_Small,train,FaithfulMAPPER,3600,8,125,67,0.5360,0.9520,0.0480,851.2537,283.7513,0.3908,1.0003,205.7414,555.6042,1063.9742,1.0000,19.7582,17.8291,787.4202,187.5478,41.9200,5240.0000,0,0,0.0016,4.5054,0.5841,0.4843,168,0.5630,0.4370,1.0000,5.8000,shock_burst,0.2917,0.5225,1.2142,0.9702,0.9520,0.0000,0.0000,5240
42,357,Kyoto_Small,train,MAPPO,3600,8,128,43,0.3359,0.9844,0.0156,906.7442,906.7442,0.2215,1.0006,209.3333,669.2500,983.1051,0.9393,19.7052,17.7370,807.3514,157.8750,232.6875,29085.9375,0,0,-0.0089,11.0818,0.6887,2.6077,300,0.3413,0.6587,1.0010,5.8000,shock_burst,0.4887,0.9539,1.1942,1.2802,0.9844,0.0000,12.7123,29784
42,358,LosAngeles_Small,train,FaithfulMAPPER,3600,8,129,80,0.6202,0.9767,0.0233,730.3750,182.5938,0.6170,0.9842,265.5441,485.9107,1143.7194,0.8614,23.7812,22.5525,939.7667,200.0905,39.1085,4888.5659,0,0,0.0211,4.3311,0.5854,0.7371,167,0.6349,0.3651,1.0003,12.1967,wave,0.1733,0.3094,1.2337,1.2048,0.9767,0.0000,36.8003,5045
42,359,LosAngeles_Small,train,MAPPO,3600,8,144,53,0.3681,0.9028,0.0972,559.9245,279.9622,0.2559,0.9838,207.7917,333.9048,1053.7106,1.0000,23.9174,21.0052,765.9898,196.6005,108.7569,13594.6182,0,0,0.0003,8.1545,0.6893,2.8015,294,0.4077,0.5923,0.9802,12.1967,wave,0.3816,0.6805,1.2773,1.4940,0.9220,0.0000,0.0000,15661
42,360,Tokyo_Small,train,FaithfulMAPPER,3600,8,135,69,0.5111,0.9481,0.0519,794.5652,794.5652,0.2323,0.9947,306.8571,485.9773,1197.8702,0.7807,29.5380,26.7581,952.3838,218.1884,88.8370,11104.6299,0,0,-0.0140,8.1209,0.5714,0.6141,156,0.5391,0.4609,0.9943,12.1967,wave,0.3889,0.7463,1.2326,1.4674,0.9478,1.0000,67.2831,11993
42,361,Tokyo_Small,train,MAPPO,3600,8,130,56,0.4308,0.9308,0.0692,766.0893,766.0893,0.2411,0.9840,251.6808,535.3409,1143.1991,0.9085,29.4610,24.8231,878.3507,216.7317,56.9231,7115.3848,0,0,-0.0003,8.5583,0.6888,2.9368,256,0.4628,0.5372,0.9923,12.1967,wave,0.2978,0.5506,1.2858,1.3792,0.9380,0.0000,23.0410,7400
42,362,Kyoto_Small,train,FaithfulMAPPER,3600,8,138,42,0.3043,0.9348,0.0652,609.3095,609.3095,0.1815,1.0004,207.6842,386.8421,1130.1469,1.0000,19.7587,18.4322,857.9356,169.2232,196.3551,24544.3848,0,0,-0.0886,18.6742,0.5750,0.5453,175,0.3256,0.6744,1.0009,5.8000,shock_burst,0.3297,0.6207,1.2813,1.1308,0.9348,0.0000,0.0000,27097
42,363,Kyoto_Small,train,MAPPO,3600,8,140,57,0.4071,0.9714,0.0286,828.5439,414.2719,0.3400,1.0005,205.6596,626.6829,1226.6831,1.0000,19.8831,18.7504,867.3958,165.0510,173.3571,21669.6426,0,0,-0.0040,6.0102,0.6894,2.3669,308,0.4191,0.5809,1.0010,5.8000,shock_burst,0.4457,0.8546,1.2598,0.8976,0.9714,0.0000,0.0000,24270
42,364,LosAngeles_Small,train,FaithfulMAPPER,3600,8,131,72,0.5496,0.9695,0.0305,760.2639,253.4213,0.4503,0.9939,271.8813,556.6470,990.6238,0.7287,23.1521,21.2216,773.2585,199.3310,123.6489,15456.1064,0,0,0.0059,13.6855,0.5761,0.5836,170,0.5669,0.4331,0.9847,12.1967,wave,0.4561,0.8461,1.2358,1.2016,0.9767,0.5000,73.7566,16198
42,365,LosAngeles_Small,train,MAPPO,3600,8,129,78,0.6047,0.9457,0.0543,914.5513,228.6378,0.5468,0.9870,305.2576,570.9623,1003.5997,0.6575,23.3827,20.1596,840.2107,189.3763,44.3256,5540.6978,0,0,-0.0371,12.2187,0.6892,3.5097,257,0.6393,0.3607,0.9855,12.1967,wave,0.3889,0.6921,1.2867,1.2761,0.9528,0.5000,104.5376,5718
42,366,Tokyo_Small,train,FaithfulMAPPER,3600,8,128,78,0.6094,0.9766,0.0234,538.8589,179.6196,0.4013,1.0004,190.0149,345.3509,844.0458,0.8884,29.4787,27.8031,781.1830,202.3296,48.5391,6067.3828,0,0,0.0039,6.0645,0.5812,0.6001,171,0.6240,0.3760,1.0015,2.0000,flat,0.3092,0.5472,1.2296,1.4502,0.9766,0.0000,21.2058,6213
42,367,Tokyo_Small,train,MAPPO,3600,8,120,65,0.5417,0.9500,0.0500,807.0308,269.0103,0.3785,1.0001,248.5254,549.1961,1020.2981,0.8211,28.6441,26.2839,862.2972,256.9287,50.0333,6254.1665,0,0,-0.0038,6.9412,0.6898,2.6119,248,0.5702,0.4298,1.0021,2.0000,flat,0.3175,0.5906,1.2131,1.2355,0.9500,0.0000,44.4658,6004
42,368,Kyoto_Small,train,FaithfulMAPPER,3600,8,128,47,0.3672,0.9766,0.0234,810.6170,270.2057,0.4055,1.0001,255.4773,595.3903,1258.8539,0.9855,19.7967,18.5711,909.6318,182.4417,124.2188,15527.3438,0,0,0.0396,15.5259,0.5710,0.4061,173,0.3760,0.6240,1.0000,2.0000,flat,0.4071,0.7467,1.2133,0.6800,0.9766,0.0000,3.7065,15900
42,369,Kyoto_Small,train,MAPPO,3600,8,135,69,0.5111,0.9704,0.0296,768.3188,256.1063,0.4505,1.0006,255.9219,521.4039,1213.2614,0.9481,19.7490,18.0870,907.1317,175.1578,62.2593,7782.4072,0,0,-0.0008,6.3630,0.6904,2.5243,255,0.5267,0.4733,1.0017,2.0000,flat,0.3159,0.5560,1.2448,1.0361,0.9704,0.0000,13.2696,8405
42,370,LosAngeles_Small,train,FaithfulMAPPER,3600,8,155,107,0.6903,0.9806,0.0194,606.2897,202.0966,0.4834,1.0001,198.4382,414.0270,884.0358,0.8910,23.0990,20.7254,777.8822,166.9601,40.1097,5013.7095,0,0,-0.0879,6.0765,0.5815,0.6844,197,0.7039,0.2961,1.0011,2.0000,flat,0.3146,0.5687,1.2682,0.9201,0.9806,0.0000,21.6310,6217
42,371,LosAngeles_Small,train,MAPPO,3600,8,125,54,0.4320,0.9760,0.0240,845.5741,281.8580,0.4624,1.0004,299.8776,520.2128,1333.2745,0.8892,24.3327,21.4436,945.3615,213.5438,71.7360,8967.0000,0,0,0.0005,13.2381,0.6903,3.5801,253,0.4426,0.5574,1.0000,2.0000,flat,0.3531,0.6220,1.3372,1.4281,0.9760,0.0000,33.2227,8967
42,372,Tokyo_Small,train,FaithfulMAPPER,3600,8,144,73,0.5069,0.8958,0.1042,736.2055,184.0514,0.5328,1.0001,232.4308,482.7455,1117.7004,0.9617,28.9868,26.2596,838.7826,210.0395,67.0000,8375.0000,0,0,0.0122,6.1682,0.5766,0.6085,177,0.5659,0.4341,1.0009,2.0000,flat,0.3525,0.6240,1.2903,1.3360,0.8958,0.0000,8.8907,9648
42,373,Tokyo_Small,train,MAPPO,3600,8,130,60,0.4615,0.9923,0.0077,653.5500,217.8500,0.3939,1.0002,237.5385,411.5869,928.7255,0.7820,29.5928,27.0857,816.8196,216.9102,124.9385,15617.3076,0,0,-0.0302,8.6434,0.6903,2.4955,300,0.4651,0.5349,1.0000,2.0000,flat,0.4760,0.9036,1.2085,0.8589,0.9923,0.0000,51.7934,16242
42,374,Kyoto_Small,train,FaithfulMAPPER,3600,8,135,56,0.4148,0.9111,0.0889,737.6786,0.0000,0.1067,0.9847,213.2708,529.0714,1125.9141,1.0000,19.9351,18.6333,852.9122,188.5351,175.1778,21897.2227,0,0,-0.0137,20.5820,0.5694,0.4834,146,0.4553,0.5447,0.9778,12.1967,wave,0.3750,0.6667,1.2579,1.2642,0.9318,0.0000,0.0000,23649
42,375,Kyoto_Small,train,MAPPO,3600,8,124,45,0.3629,0.9435,0.0565,802.3555,0.0000,0.0359,0.9844,233.2703,533.1875,1045.8390,0.8967,19.7475,18.2499,804.7582,180.0820,191.6935,23961.6934,0,0,0.0024,6.4227,0.6904,2.3728,237,0.3846,0.6154,0.9923,12.1967,wave,0.4556,0.8444,1.2313,1.1118,0.9512,0.0000,24.1025,23770
42,376,LosAngeles_Small,train,FaithfulMAPPER,3600,8,133,82,0.6165,0.9699,0.0301,576.9146,192.3049,0.4650,1.0001,203.2740,435.8788,999.9395,0.9838,23.8742,21.4414,797.0640,184.9123,61.8722,7734.0225,0,0,0.0009,6.9868,0.5785,0.7294,161,0.6357,0.3643,1.0000,2.0000,flat,0.3356,0.6199,1.2788,0.8888,0.9699,0.0000,3.2861,8229
42,377,LosAngeles_Small,train,MAPPO,3600,8,101,64,0.6337,0.9505,0.0495,538.6250,269.3125,0.2791,1.0003,180.4528,352.3111,1032.9304,1.0000,23.5231,21.1805,827.6487,219.4107,78.1287,9766.0889,0,0,-0.0900,11.6180,0.6899,2.8221,197,0.6667,0.3333,1.0000,2.0000,flat,0.3778,0.6738,1.1807,1.3418,0.9505,0.0000,0.0000,7891
42,378,Tokyo_Small,train,FaithfulMAPPER,3600,8,117,54,0.4615,0.9231,0.0769,935.1667,467.5833,0.3216,0.9842,233.0000,791.0698,1169.2727,1.0000,28.8967,26.2804,886.6926,250.7313,60.8718,7608.9741,0,0,0.0141,7.4836,0.5762,0.5609,151,0.5000,0.5000,0.9915,12.1967,wave,0.2934,0.5191,1.2720,1.4608,0.9310,0.0000,0.0000,7122
42,379,Tokyo_Small,train,MAPPO,3600,8,137,69,0.5036,0.9197,0.0803,710.4927,236.8309,0.4178,0.9841,223.1897,527.5106,1073.6334,0.9621,29.7847,27.7876,892.4836,214.3750,67.0146,8376.8252,0,0,-0.0248,8.3074,0.6898,2.8887,291,0.5476,0.4524,0.9927,12.1967,wave,0.1477,0.2666,1.2701,1.1805,0.9265,0.0000,8.4630,9181
42,380,Kyoto_Small,train,FaithfulMAPPER,3600,8,116,48,0.4138,0.9483,0.0517,659.8958,329.9479,0.3272,1.0001,240.5581,410.6136,1212.5482,1.0000,19.9371,17.4399,770.8063,171.5588,82.3793,10297.4141,0,0,-0.0127,5.6492,0.5723,0.4508,151,0.4364,0.5636,1.0000,2.0000,flat,0.4830,0.9448,1.2669,1.3443,0.9483,0.0000,0.0000,9556
42,381,Kyoto_Small,train,MAPPO,3600,8,139,61,0.4388,0.9856,0.0144,737.0820,245.6940,0.4461,1.0001,234.2778,533.4091,1065.4514,0.9096,19.8834,17.5353,795.2212,170.2290,45.2230,5652.8779,0,0,-0.0131,7.1961,0.6900,2.6297,267,0.4453,0.5547,1.0000,2.0000,flat,0.3850,0.6776,1.3156,1.4431,0.9856,0.0000,21.1875,6286
42,382,LosAngeles_Small,train,FaithfulMAPPER,3600,8,126,49,0.3889,0.9921,0.0079,892.4490,446.2245,0.3031,0.9529,354.3409,600.9737,1284.5596,0.7250,23.6563,21.6663,795.0043,194.1237,61.0476,7630.9521,0,0,-0.0439,8.6956,0.5714,0.5234,180,0.3920,0.6080,0.9841,9.5000,building_up,0.4390,0.8023,1.3061,1.4262,1.0000,0.5000,97.4290,7692
42,383,LosAngeles_Small,train,MAPPO,3600,8,150,66,0.4400,0.9733,0.0267,868.6818,289.5606,0.3942,0.9832,228.3148,651.8182,1137.6293,0.9965,23.6927,21.4019,840.8773,171.6412,212.8200,26602.5000,0,0,-0.0097,7.1669,0.6897,2.6380,295,0.4521,0.5479,0.9800,9.5000,building_up,0.4667,0.8654,1.1931,1.1417,0.9796,0.6667,0.7890,31923
42,384,Tokyo_Small,train,FaithfulMAPPER,3600,8,109,75,0.6881,0.9541,0.0459,684.9333,342.4667,0.2956,1.0002,212.6230,436.3111,921.1656,0.8665,29.4610,27.3522,820.5771,251.5306,42.6514,5331.4219,0,0,0.0205,4.6942,0.5721,0.5514,129,0.7212,0.2788,1.0000,2.0000,flat,0.2802,0.4961,1.2130,1.1858,0.9541,0.0000,28.3898,4649
42,385,Tokyo_Small,train,MAPPO,3600,8,137,60,0.4380,0.9781,0.0219,725.2167,725.2167,0.1986,1.0003,183.5385,521.9231,922.7465,1.0000,28.5822,26.6125,820.1487,186.5784,252.7956,31599.4531,0,0,0.0065,8.7787,0.6895,2.5529,295,0.4478,0.5522,1.0000,2.0000,flat,0.2826,0.5144,1.2317,0.8724,0.9781,0.0000,0.0000,34633
42,386,Kyoto_Small,train,FaithfulMAPPER,3600,8,145,80,0.5517,0.9241,0.0759,595.6500,198.5500,0.4659,0.9919,211.3333,407.4808,927.3907,0.8777,20.1263,18.9106,801.1920,181.8787,34.6483,4331.0347,0,0,-0.0031,3.9714,0.5773,0.4332,189,0.5970,0.4030,0.9793,12.1967,wave,0.2044,0.3780,1.2079,1.1851,0.9366,0.3333,25.8552,5024
42,387,Kyoto_Small,train,MAPPO,3600,8,130,31,0.2385,0.9538,0.0462,865.0000,865.0000,0.2083,0.9973,234.2500,685.7143,988.1296,0.8437,19.5138,17.6165,828.4961,169.9390,544.3077,68038.4609,0,0,-0.0120,17.0537,0.6891,2.5424,275,0.2500,0.7500,0.9851,12.1967,wave,0.5278,1.0992,1.2081,1.4517,0.9609,0.5000,36.6241,70760
42,388,LosAngeles_Small,train,FaithfulMAPPER,3600,8,139,76,0.5468,0.9856,0.0144,788.1842,262.7281,0.4230,1.0003,269.3913,541.5690,981.7855,0.7289,23.7765,21.9912,809.2983,189.6100,42.6547,5331.8345,0,0,0.0022,6.0514,0.5741,0.4870,180,0.5547,0.4453,1.0006,5.8000,shock_burst,0.3608,0.6494,1.2346,1.2095,0.9856,0.0000,73.0342,5929
42,389,LosAngeles_Small,train,MAPPO,3600,8,131,45,0.3435,0.9618,0.0382,749.2000,374.6000,0.2969,1.0006,255.7368,489.6389,1318.2983,1.0000,23.9668,22.4541,851.1985,185.1896,193.3817,24172.7090,0,0,-0.0005,9.6212,0.6898,3.0587,300,0.3571,0.6429,1.0003,5.8000,shock_burst,0.4650,0.9552,1.1685,1.1895,0.9618,0.0000,0.0000,25333
42,390,Tokyo_Small,train,FaithfulMAPPER,3600,8,142,50,0.3521,0.9648,0.0352,841.3200,420.6600,0.3283,0.9800,236.5227,629.3571,1521.4006,1.0000,29.8457,26.8806,1023.9700,191.4528,222.9718,27871.4785,0,0,-0.0129,17.7534,0.5690,0.6157,179,0.3650,0.6350,0.9863,9.5000,building_up,0.3720,0.6679,1.2514,1.1569,0.9714,0.5000,0.0000,31662
42,391,Tokyo_Small,train,MAPPO,3600,8,131,62,0.4733,0.9466,0.0534,853.0161,426.5081,0.3279,0.9586,229.8704,616.9787,1034.2878,0.8999,29.1435,27.1631,824.8734,193.1793,96.1832,12022.9004,0,0,-0.0170,8.5365,0.6902,2.9207,234,0.5000,0.5000,0.9847,9.5000,building_up,0.3656,0.6663,1.2590,1.0383,0.9535,0.5000,23.0128,12600
42,392,Kyoto_Small,train,FaithfulMAPPER,3600,8,145,69,0.4759,0.9586,0.0414,1065.3478,355.1159,0.4345,1.0004,359.2500,656.2727,1335.4679,0.7435,19.6408,18.0010,956.4706,161.0374,62.5034,7812.9312,0,0,0.0311,12.8685,0.5755,0.7104,177,0.4964,0.5036,1.0003,5.8000,shock_burst,0.3061,0.6124,1.2454,1.4357,0.9586,0.0000,92.1564,9063
42,393,Kyoto_Small,train,MAPPO,3600,8,129,42,0.3256,0.9767,0.0233,1008.9762,504.4881,0.3287,1.0004,286.0811,741.6000,1359.3186,0.9503,19.5737,17.9555,856.5296,169.6523,419.0078,52375.9688,0,0,-0.0017,10.6375,0.6899,2.9500,285,0.3333,0.6667,1.0003,5.8000,shock_burst,0.2048,0.4247,1.2097,1.5143,0.9767,0.0000,14.2174,54052
42,394,LosAngeles_Small,train,FaithfulMAPPER,3600,8,124,43,0.3468,0.9597,0.0403,958.2325,319.4109,0.3803,1.0002,281.5750,719.2432,1159.2299,0.8234,23.7797,21.9982,877.1353,195.3231,176.5887,22073.5879,0,0,0.0693,16.8852,0.5677,0.5369,170,0.3613,0.6387,1.0000,2.0000,flat,0.4375,0.8012,1.2574,1.0760,0.9597,0.0000,49.7290,21897
42,395,LosAngeles_Small,train,MAPPO,3600,8,135,50,0.3704,0.9481,0.0519,705.7000,352.8500,0.2897,1.0002,170.2500,579.4737,1006.5299,1.0000,22.5999,21.4890,796.4394,187.5034,176.3037,22037.9629,0,0,-0.0033,5.7355,0.6904,2.3178,277,0.3906,0.6094,1.0000,2.0000,flat,0.4694,0.8729,1.2484,1.1494,0.9481,0.0000,0.0000,23801
42,396,Tokyo_Small,train,FaithfulMAPPER,3600,8,149,69,0.4631,0.8993,0.1007,916.9130,458.4565,0.2562,0.9835,291.6379,670.7347,1215.5409,0.8336,29.7253,28.0564,901.8314,223.9390,60.8389,7604.8657,0,0,-0.0295,9.7751,0.5749,0.6726,179,0.5149,0.4851,0.9799,6.5039,ramp_up_down,0.2938,0.5434,1.2361,1.2428,0.9110,0.3333,48.5298,9065
42,397,Tokyo_Small,train,MAPPO,3600,8,131,62,0.4733,0.9313,0.0687,798.6451,399.3226,0.2506,0.9823,221.2453,601.7045,1135.4611,1.0000,28.9683,27.3721,948.2731,225.5362,49.8092,6226.1450,0,0,0.0481,8.6431,0.6902,2.8330,260,0.5082,0.4918,0.9851,6.5039,ramp_up_down,0.2731,0.5000,1.3050,1.4343,0.9380,0.5000,0.0000,6525
42,398,Kyoto_Small,train,FaithfulMAPPER,3600,8,124,42,0.3387,0.8952,0.1048,793.2619,264.4206,0.4139,1.0004,227.0000,510.5151,1137.0555,1.0000,19.5759,17.6782,842.3660,190.9502,86.6855,10835.6855,0,0,0.0181,11.6046,0.5721,0.5347,151,0.3784,0.6216,1.0000,2.0000,flat,0.4247,0.7944,1.2337,1.1576,0.8952,0.0000,0.0000,10749
42,399,Kyoto_Small,train,MAPPO,3600,8,135,47,0.3481,0.9630,0.0370,727.7447,363.8723,0.3144,1.0004,227.5000,495.3333,1184.5382,1.0000,19.5679,18.5019,916.8574,195.0202,100.2000,12525.0000,0,0,-0.0097,10.5321,0.6905,3.0445,262,0.3615,0.6385,1.0000,2.0000,flat,0.4604,0.8585,1.3027,1.5087,0.9630,0.0000,0.0000,13527
42,400,LosAngeles_Small,train,FaithfulMAPPER,3600,8,132,77,0.5833,0.9394,0.0606,735.8182,367.9091,0.2814,1.0003,239.9833,501.1961,1044.9092,0.8708,24.0105,21.9086,867.1260,206.4992,46.2879,5785.9849,0,0,0.0055,4.5436,0.5816,0.5771,161,0.6210,0.3790,1.0000,5.8000,shock_burst,0.3246,0.5808,1.2662,1.6051,0.9394,0.0000,31.0015,6110
42,401,LosAngeles_Small,train,MAPPO,3600,8,134,47,0.3507,0.9776,0.0224,728.1064,364.0532,0.2621,1.0002,225.8462,503.6571,1173.2570,1.0000,24.0951,21.7594,833.4425,192.2195,324.2463,40530.7852,0,0,-0.0016,12.0427,0.6900,3.2705,270,0.3588,0.6412,1.0006,5.8000,shock_burst,0.3814,0.6989,1.3107,0.8261,0.9776,0.0000,0.0000,43449
42,402,Tokyo_Small,train,FaithfulMAPPER,3600,8,125,72,0.5760,0.9280,0.0720,684.3195,684.3195,0.1983,1.0003,238.8281,472.5577,1097.8961,0.9194,29.3286,27.2741,865.4995,228.9110,35.9680,4496.0000,0,0,0.0095,4.1903,0.5809,0.5747,159,0.6207,0.3793,1.0011,2.0000,flat,0.3931,0.7016,1.3123,1.3914,0.9280,0.0000,19.2489,4496
42,403,Tokyo_Small,train,MAPPO,3600,8,131,67,0.5115,0.9389,0.0611,741.8358,370.9179,0.2568,1.0001,249.3115,516.8431,1112.5280,0.8925,29.5817,28.2177,813.2635,232.5969,46.3511,5793.8931,0,0,-0.0089,9.2128,0.6900,2.7960,260,0.5447,0.4553,1.0000,2.0000,flat,0.3481,0.6426,1.2692,1.3944,0.9389,0.0000,26.8059,6072
42,404,Kyoto_Small,train,FaithfulMAPPER,3600,8,147,61,0.4150,0.9796,0.0204,636.8853,318.4426,0.2869,1.0006,201.2453,393.4667,772.4263,0.7676,19.5894,17.5417,679.4784,167.6290,105.5034,13187.9248,0,0,-0.0158,9.8514,0.5725,0.3791,191,0.4236,0.5764,1.0003,5.8000,shock_burst,0.4835,0.9069,1.2262,0.9659,0.9796,0.0000,46.7600,15509
42,405,Kyoto_Small,train,MAPPO,3600,8,144,31,0.2153,0.9583,0.0417,936.1935,936.1935,0.2349,1.0003,211.3103,716.4643,1060.2186,1.0000,19.7459,18.5408,867.6541,182.8116,299.6320,37453.9922,0,0,-0.0148,12.7714,0.6901,2.6447,295,0.2246,0.7754,1.0003,5.8000,shock_burst,0.5291,1.0317,1.2435,0.9894,0.9583,0.0000,0.0000,43147
42,406,LosAngeles_Small,train,FaithfulMAPPER,3600,8,134,47,0.3507,0.9403,0.0597,578.5745,289.2872,0.2882,0.9901,206.0000,385.4524,1009.1381,0.9797,23.7736,21.7656,883.2329,193.6839,230.5000,28812.5000,0,0,-0.0443,15.0519,0.5709,0.4912,186,0.3730,0.6270,0.9851,6.5039,ramp_up_down,0.3690,0.6717,1.2316,0.9066,0.9470,0.5000,4.1724,30887
42,407,LosAngeles_Small,train,MAPPO,3600,8,128,57,0.4453,0.9375,0.0625,717.4211,717.4211,0.2147,0.9866,238.7292,516.0698,1215.4044,1.0000,23.2650,21.6694,919.7488,186.1065,64.0156,8001.9531,0,0,-0.0121,6.6075,0.6904,2.5012,275,0.4750,0.5250,0.9847,6.5039,ramp_up_down,0.4922,0.9216,1.2070,1.4412,0.9444,0.5000,0.0000,8194
42,408,Tokyo_Small,train,FaithfulMAPPER,3600,8,115,61,0.5304,0.9391,0.0609,686.7049,228.9016,0.4184,1.0003,284.1930,439.3800,1111.8379,0.7825,29.5563,26.8367,865.8873,226.8375,166.1652,20770.6523,0,0,-0.0003,14.6089,0.5737,0.4961,135,0.5648,0.4352,1.0000,2.0000,flat,0.3735,0.6673,1.3170,1.0268,0.9391,0.0000,61.8254,19109
42,409,Tokyo_Small,train,MAPPO,3600,8,134,52,0.3881,0.9328,0.0672,908.1154,302.7051,0.4127,1.0001,266.0000,642.4706,1014.0062,0.7624,28.2162,24.8370,828.3607,212.7002,179.1492,22393.6562,0,0,0.0020,13.3725,0.6908,3.4897,242,0.4160,0.5840,1.0000,2.0000,flat,0.3812,0.7000,1.2234,1.3516,0.9328,0.0000,63.1988,24006
42,410,Kyoto_Small,train,FaithfulMAPPER,3600,8,120,61,0.5083,0.9583,0.0417,739.4099,739.4099,0.1414,0.9790,263.4038,406.4286,1114.0918,0.8459,19.9675,18.3914,803.5929,210.5626,34.7500,4343.7500,0,0,0.0145,4.1218,0.5805,0.5215,154,0.5304,0.4696,0.9763,6.5039,ramp_up_down,0.2914,0.5314,1.2443,1.4483,0.9744,0.3333,40.5855,4170
42,411,Kyoto_Small,train,MAPPO,3600,8,132,62,0.4697,0.9167,0.0833,821.5806,0.0000,0.0773,0.9742,249.9423,649.6342,980.3405,0.7845,19.8274,17.9737,811.1513,175.1587,51.2652,6408.1440,0,0,-0.0032,10.5279,0.6909,3.2436,283,0.5124,0.4876,0.9701,6.5039,ramp_up_down,0.2976,0.5480,1.2800,1.1180,0.9375,0.2500,53.8742,6767
42,412,LosAngeles_Small,train,FaithfulMAPPER,3600,8,117,60,0.5128,0.9658,0.0342,633.0167,158.2542,0.5488,0.9857,245.7273,376.2667,1179.0350,0.9596,23.6139,20.6219,946.2817,211.4784,115.0940,14386.7520,0,0,-0.0080,11.5873,0.5678,0.5998,170,0.5310,0.4690,0.9839,6.5039,ramp_up_down,0.3724,0.6960,1.2097,0.9807,0.9739,0.5000,9.9203,13466
42,413,LosAngeles_Small,train,MAPPO,3600,8,127,55,0.4331,0.9764,0.0236,735.5273,245.1758,0.4067,0.9805,300.7500,463.9744,1190.9034,0.7920,22.7148,20.1021,905.2996,188.0306,114.4488,14306.1025,0,0,-0.0089,10.9281,0.6908,3.2972,246,0.4435,0.5565,0.9843,6.5039,ramp_up_down,0.3928,0.6961,1.2836,1.2065,0.9840,0.5000,62.5693,14535
42,414,Tokyo_Small,train,FaithfulMAPPER,3600,8,153,67,0.4379,0.9412,0.0588,728.0746,242.6915,0.3982,1.0002,246.6316,480.7174,1167.5049,0.9468,28.9048,25.6182,816.6325,173.9373,237.1373,29642.1562,0,0,-0.0323,10.7693,0.5706,0.5026,190,0.4653,0.5347,1.0002,5.8000,shock_burst,0.3504,0.6864,1.2931,1.3027,0.9412,0.0000,13.1306,36282
42,415,Tokyo_Small,train,MAPPO,3600,8,135,57,0.4222,0.9407,0.0593,660.0877,330.0439,0.2827,1.0001,176.2308,500.3600,1042.7919,1.0000,28.9385,26.5359,872.7690,206.9481,199.8889,24986.1113,0,0,0.0004,11.3343,0.6908,3.2623,263,0.4488,0.5512,1.0006,5.8000,shock_burst,0.2432,0.4344,1.2833,1.2414,0.9407,0.0000,0.0000,26985
42,416,Kyoto_Small,train,FaithfulMAPPER,3600,8,130,51,0.3923,0.9846,0.0154,755.5098,755.5098,0.1845,0.9502,230.5476,522.8205,1217.8490,1.0000,19.8760,18.1315,910.0938,177.5324,80.8385,10104.8076,0,0,-0.0337,13.8008,0.5673,0.5247,179,0.3984,0.6016,0.9846,9.5000,building_up,0.4361,0.7797,1.2897,1.5819,1.0000,0.0000,0.0000,10509
42,417,Kyoto_Small,train,MAPPO,3600,8,135,53,0.3926,0.9630,0.0370,868.7736,434.3868,0.2987,0.9587,217.3125,641.8250,1051.0798,0.9673,19.7254,19.0536,806.6392,175.5445,115.5037,14437.9629,0,0,0.0031,12.5874,0.6913,3.3877,277,0.4077,0.5923,0.9852,9.5000,building_up,0.3917,0.7218,1.2465,1.0540,0.9699,0.5000,7.0965,15593
42,418,LosAngeles_Small,train,FaithfulMAPPER,3600,8,125,84,0.6720,0.9680,0.0320,655.1548,218.3849,0.4263,1.0003,254.7945,415.1053,1096.9911,0.8611,24.1428,21.3712,869.7615,177.0434,35.4400,4430.0000,0,0,-0.0004,3.2614,0.5780,0.7182,163,0.6942,0.3058,1.0008,2.0000,flat,0.3396,0.6046,1.3148,1.3231,0.9680,0.0000,35.3963,4430
42,419,LosAngeles_Small,train,MAPPO,3600,8,112,57,0.5089,0.9643,0.0357,789.4386,263.1462,0.4393,1.0003,249.7021,445.5000,1057.8193,0.8473,24.3676,21.5040,842.1658,200.6777,219.3036,27412.9473,0,0,-0.0005,17.2967,0.6913,4.1220,224,0.5278,0.4722,1.0000,2.0000,flat,0.4525,0.8237,1.2942,1.1350,0.9643,0.0000,38.1383,24562
42,420,Tokyo_Small,train,FaithfulMAPPER,3600,8,140,59,0.4214,0.9286,0.0714,872.0508,290.6836,0.4583,1.0002,230.0000,724.9318,1197.1918,1.0000,29.9033,27.3677,899.5344,219.0298,94.3929,11799.1074,0,0,-0.0077,8.2146,0.5649,0.6490,188,0.4538,0.5462,1.0014,2.0000,flat,0.3399,0.6113,1.2807,1.3332,0.9286,0.0000,0.0000,13215
42,421,Tokyo_Small,train,MAPPO,3600,8,166,70,0.4217,0.9337,0.0663,641.0714,320.5357,0.3118,1.0003,182.0667,449.0816,897.2491,0.9856,29.4596,27.1146,789.1068,177.5090,288.8253,36103.1641,0,0,-0.0003,10.9865,0.6913,3.1273,320,0.4516,0.5484,1.0000,2.0000,flat,0.3860,0.6982,1.2762,1.1977,0.9337,0.0000,2.6168,47945
42,422,Kyoto_Small,train,FaithfulMAPPER,3600,8,141,56,0.3972,0.9433,0.0567,703.9821,351.9911,0.2698,1.0004,253.6250,424.5750,1149.3463,0.9063,19.9194,18.8252,863.1326,168.3631,112.2270,14028.3691,0,0,-0.0056,12.2399,0.5641,0.4383,182,0.4211,0.5789,1.0000,5.8000,shock_burst,0.3859,0.7568,1.2226,1.2921,0.9433,0.0000,23.7557,15824
42,423,Kyoto_Small,train,MAPPO,3600,8,125,62,0.4960,0.9680,0.0320,587.1935,587.1935,0.1813,1.0008,187.9057,406.3333,957.2188,1.0000,19.5595,17.9647,790.2709,166.6583,135.0240,16878.0000,0,0,-0.0068,7.2364,0.6912,2.6969,270,0.5124,0.4876,1.0011,5.8000,shock_burst,0.2363,0.4248,1.2257,1.1940,0.9680,0.0000,0.0000,16878
42,424,LosAngeles_Small,train,FaithfulMAPPER,3600,8,135,90,0.6667,0.9852,0.0148,708.3000,354.1500,0.3497,1.0002,210.3924,473.4849,1020.4821,0.9701,22.9000,21.6976,848.7382,174.3977,32.6519,4081.4814,0,0,-0.0379,4.4079,0.5720,0.8589,183,0.6767,0.3233,1.0000,2.0000,flat,0.3377,0.6261,1.2589,0.8684,0.9852,0.0000,6.2960,4408
42,425,LosAngeles_Small,train,MAPPO,3600,8,133,76,0.5714,0.9774,0.0226,767.4605,383.7303,0.3120,1.0003,224.2308,503.3396,1054.0731,0.9402,23.0614,20.7423,878.0245,179.1285,91.1654,11395.6768,0,0,-0.0001,17.6662,0.6912,3.8850,254,0.5846,0.4154,1.0000,2.0000,flat,0.3232,0.5674,1.3038,1.3953,0.9774,0.0000,13.4162,12125
42,426,Tokyo_Small,train,FaithfulMAPPER,3600,8,121,59,0.4876,0.9174,0.0826,723.8813,361.9407,0.3245,1.0002,216.3922,475.4419,913.4718,0.8443,29.1740,26.6692,799.8865,236.4752,57.9256,7240.7026,0,0,0.1103,7.8100,0.5714,0.5682,151,0.5315,0.4685,1.0000,2.0000,flat,0.4167,0.7395,1.2894,1.2210,0.9174,0.0000,33.6978,7009
42,427,Tokyo_Small,train,MAPPO,3600,8,124,65,0.5242,0.9758,0.0242,758.4154,379.2077,0.2930,1.0004,235.9661,553.2909,1315.3625,1.0000,29.6826,27.0354,923.9162,215.6869,56.5564,7069.5566,0,0,0.0166,10.4144,0.6915,2.9910,232,0.5372,0.4628,1.0000,2.0000,flat,0.2759,0.4864,1.2310,1.1854,0.9758,0.0000,0.0000,7013
42,428,Kyoto_Small,train,FaithfulMAPPER,3600,8,140,76,0.5429,0.9714,0.0286,776.0000,776.0000,0.1403,0.9910,202.2188,550.4800,967.8297,0.9572,20.1009,18.3480,818.5764,146.3017,66.0214,8252.6787,0,0,-0.0063,10.4065,0.5634,0.5560,186,0.5588,0.4412,0.9885,6.5039,ramp_up_down,0.3458,0.6146,1.2854,1.4748,0.9783,0.5000,8.6528,9243
42,429,Kyoto_Small,train,MAPPO,3600,8,142,42,0.2958,0.9577,0.0423,856.7143,0.0000,0.0650,0.9800,347.1892,594.7000,1112.3606,0.6408,20.0673,18.2154,824.2101,149.7889,710.3310,88791.3750,0,0,0.0008,14.0515,0.6919,2.6669,274,0.3088,0.6912,0.9859,6.5039,ramp_up_down,0.5893,1.2640,1.1958,1.2858,0.9643,0.5000,124.7171,100867
42,430,LosAngeles_Small,train,FaithfulMAPPER,3600,8,132,82,0.6212,0.9773,0.0227,618.8293,309.4146,0.3658,1.0002,172.0870,438.3934,971.5645,1.0000,24.0095,22.9943,730.4600,206.8204,38.2500,4781.2500,0,0,0.0027,5.5542,0.5695,0.7256,164,0.6357,0.3643,1.0000,5.8000,shock_burst,0.4167,0.7532,1.2375,1.1315,0.9773,0.0000,0.0000,5049
42,431,LosAngeles_Small,train,MAPPO,3600,8,139,71,0.5108,0.9784,0.0216,719.7324,359.8662,0.2966,1.0001,216.7288,472.8654,1148.2755,1.0000,24.1660,22.8452,1014.4357,188.7291,114.6259,14328.2373,0,0,0.0009,12.3057,0.6916,3.5107,297,0.5221,0.4779,1.0000,5.8000,shock_burst,0.4978,0.9334,1.2316,1.3409,0.9784,0.0000,0.0000,15933
42,432,Tokyo_Small,train,FaithfulMAPPER,3600,8,145,58,0.4000,0.9103,0.0897,931.2759,931.2759,0.2210,1.0001,341.9787,612.7750,1320.9595,0.7725,29.3163,27.0481,1018.6639,221.8409,124.6828,15585.3447,0,0,-0.0212,17.1320,0.5604,0.6989,165,0.4394,0.5606,1.0000,5.8000,shock_burst,0.2969,0.5336,1.2836,1.2564,0.9103,0.0000,77.7868,18079
42,433,Tokyo_Small,train,MAPPO,3600,8,129,53,0.4109,0.9457,0.0543,873.3207,873.3207,0.2401,1.0005,291.3111,695.3415,1019.2474,0.6998,28.0436,26.4885,840.4385,212.9541,59.6047,7450.5815,0,0,0.0926,7.2291,0.6914,2.7355,257,0.4344,0.5656,1.0010,5.8000,shock_burst,0.4545,0.8320,1.2620,1.4090,0.9457,0.0000,87.4616,7689
42,434,Kyoto_Small,train,FaithfulMAPPER,3600,8,143,64,0.4476,0.9930,0.0070,772.1875,386.0938,0.3602,0.9846,238.6364,486.5869,1139.6689,0.9552,19.8699,18.9288,963.0945,179.9196,220.3007,27537.5879,0,0,-0.0294,21.1483,0.5632,0.5094,180,0.4507,0.5493,1.0000,12.1967,wave,0.3703,0.6915,1.2231,1.0514,0.9930,0.0000,10.7026,31503
42,435,Kyoto_Small,train,MAPPO,3600,8,135,56,0.4148,0.9852,0.0148,694.5179,347.2589,0.3473,0.9843,214.3200,562.2093,898.1734,0.8382,19.9751,18.3271,743.4011,198.5532,119.2444,14905.5557,0,0,-0.0068,7.6440,0.6917,2.6195,309,0.4211,0.5789,0.9929,12.1967,wave,0.3324,0.6616,1.2991,1.1640,0.9925,0.0000,34.6853,16098
42,436,LosAngeles_Small,train,FaithfulMAPPER,3600,8,127,73,0.5748,0.9528,0.0472,757.4658,252.4886,0.4281,1.0002,227.5968,579.8235,1040.7883,0.9146,23.2369,20.4654,840.6462,215.1942,74.2598,9282.4805,0,0,0.0065,11.6306,0.5616,0.6059,159,0.6033,0.3967,1.0000,2.0000,flat,0.4082,0.7421,1.2586,1.1715,0.9528,0.0000,19.4391,9431
42,437,LosAngeles_Small,train,MAPPO,3600,8,129,46,0.3566,0.9302,0.0698,862.1739,862.1739,0.2348,1.0004,238.7368,609.4865,1213.5084,1.0000,23.7103,21.3372,936.2983,208.8868,122.7907,15348.8369,0,0,0.0119,15.2336,0.6915,3.8847,235,0.3833,0.6167,1.0000,2.0000,flat,0.5041,1.0092,1.3245,1.3139,0.9302,0.0000,0.0000,15840
42,438,Tokyo_Small,train,FaithfulMAPPER,3600,8,100,54,0.5400,0.8800,0.1200,641.5926,320.7963,0.2994,0.9503,240.1956,434.1190,1134.9589,0.9450,29.2481,26.5497,810.6696,229.3281,30.4400,3805.0000,0,0,0.0219,3.4825,0.5735,0.5198,120,0.6136,0.3864,1.0009,9.5000,building_up,0.3694,0.6673,1.2901,1.3772,0.8800,0.0000,13.2039,3044
42,439,Tokyo_Small,train,MAPPO,3600,8,135,68,0.5037,0.9481,0.0519,773.2647,386.6324,0.2566,0.9788,208.9365,554.7288,985.3877,0.9432,29.2058,27.3303,784.2441,214.9754,42.6519,5331.4814,0,0,0.0078,9.3088,0.6915,2.9233,242,0.5312,0.4688,0.9778,9.5000,building_up,0.3328,0.5886,1.2599,1.2809,0.9545,0.6667,11.8590,5758
42,440,Kyoto_Small,train,FaithfulMAPPER,3600,8,116,64,0.5517,0.9569,0.0431,664.4844,166.1211,0.5325,0.9854,232.9649,462.0204,1098.3517,0.9429,20.0960,18.5065,918.7465,178.3563,63.3621,7920.2588,0,0,0.0028,9.5835,0.5682,0.5674,145,0.5766,0.4234,0.9925,12.1967,wave,0.2870,0.5172,1.2217,1.5863,0.9652,0.0000,13.2946,7350
42,441,Kyoto_Small,train,MAPPO,3600,8,125,65,0.5200,0.9680,0.0320,762.1077,381.0538,0.3051,0.9844,257.0179,489.7907,1085.6000,0.8448,19.5290,17.3294,803.8301,169.0976,42.8480,5356.0000,0,0,-0.0844,7.2971,0.6918,2.5881,258,0.5372,0.4628,1.0007,12.1967,wave,0.2733,0.4883,1.2653,1.2684,0.9680,0.0000,39.8979,5356
42,442,LosAngeles_Small,train,FaithfulMAPPER,3600,8,123,68,0.5528,0.9593,0.0407,752.5883,376.2941,0.2699,1.0002,228.2069,499.5217,1104.9829,0.9684,24.2135,22.6581,889.2924,197.2698,39.7480,4968.4961,0,0,-0.0418,7.6136,0.5690,0.6490,154,0.5763,0.4237,1.0000,2.0000,flat,0.3532,0.6463,1.2949,1.1390,0.9593,0.0000,7.2103,4889
42,443,LosAngeles_Small,train,MAPPO,3600,8,138,50,0.3623,0.9783,0.0217,970.9200,970.9200,0.2327,1.0002,239.8298,658.3947,1163.8568,0.9706,23.5401,21.8835,960.9580,211.3330,134.0725,16759.0586,0,0,-0.0018,13.0254,0.6916,3.5880,247,0.3704,0.6296,1.0000,2.0000,flat,0.3942,0.7138,1.1871,1.3651,0.9783,0.0000,7.0584,18502
42,444,Tokyo_Small,train,FaithfulMAPPER,3600,8,109,61,0.5596,0.9541,0.0459,849.3279,424.6639,0.3214,0.9841,239.0200,554.0476,979.6349,0.8197,29.6054,27.7241,864.0995,235.2291,53.4495,6681.1929,0,0,-0.0141,7.7390,0.5638,0.6215,140,0.5865,0.4135,1.0000,12.1967,wave,0.3229,0.5742,1.2669,1.1670,0.9541,0.0000,43.0930,5826
42,445,Tokyo_Small,train,MAPPO,3600,8,148,68,0.4595,0.9662,0.0338,818.3235,272.7745,0.4093,0.9869,305.3750,513.1154,1426.7771,0.9344,28.9343,27.5469,998.6560,193.2045,60.2297,7528.7163,0,0,0.0124,8.8581,0.6916,2.9554,321,0.4755,0.5245,0.9865,12.1967,wave,0.3867,0.7071,1.2901,1.4837,0.9726,0.5000,20.0196,8914
42,446,Kyoto_Small,train,FaithfulMAPPER,3600,8,122,59,0.4836,0.9672,0.0328,744.5424,372.2712,0.2971,0.9861,238.7692,503.4043,1054.1155,0.8830,19.5462,17.1636,852.9622,172.1458,41.9016,5237.7051,0,0,-0.0263,8.9948,0.5630,0.5692,156,0.5000,0.5000,0.9846,6.5039,ramp_up_down,0.4289,0.7801,1.2459,1.4552,0.9750,0.5000,27.9461,5112
42,447,Kyoto_Small,train,MAPPO,3600,8,127,56,0.4409,0.9921,0.0079,780.9643,390.4821,0.2748,0.9881,200.3061,642.1489,1068.3596,1.0000,19.7995,17.9880,823.2477,180.8235,155.3465,19418.3066,0,0,0.0038,7.5162,0.6915,2.7461,280,0.4444,0.5556,0.9843,6.5039,ramp_up_down,0.3473,0.6126,1.2301,0.6195,1.0000,0.5000,0.0000,19729
42,448,LosAngeles_Small,train,FaithfulMAPPER,3600,8,123,69,0.5610,0.9512,0.0488,630.0000,157.5000,0.5031,1.0003,218.5333,424.8654,1001.7136,0.9168,23.5537,20.2750,742.8877,203.6791,19.0244,2378.0488,0,0,-0.0237,4.0439,0.5695,0.6419,158,0.5897,0.4103,1.0000,2.0000,flat,0.2519,0.4475,1.2177,1.1125,0.9512,0.0000,18.1906,2340
42,449,LosAngeles_Small,train,MAPPO,3600,8,140,52,0.3714,0.9286,0.0714,603.3461,603.3461,0.2347,1.0002,211.2391,436.6429,1014.0994,0.9601,24.3067,21.1871,880.3007,191.6420,80.7929,10099.1074,0,0,0.0043,8.3555,0.6913,2.8977,274,0.4000,0.6000,1.0000,2.0000,flat,0.4083,0.7487,1.2290,1.3878,0.9286,0.0000,8.4193,11311
42,450,Tokyo_Small,train,FaithfulMAPPER,3600,8,136,71,0.5221,0.9632,0.0368,865.8873,288.6291,0.4364,0.9842,292.7667,555.0000,1237.7577,0.8456,28.1830,26.9285,939.3052,205.1011,55.4191,6927.3896,0,0,0.0098,5.6433,0.5689,0.5180,167,0.5420,0.4580,0.9926,12.1967,wave,0.4552,0.8614,1.2972,0.7825,0.9704,0.0000,45.2151,7537
42,451,Tokyo_Small,train,MAPPO,3600,8,133,58,0.4361,0.9624,0.0376,843.4138,421.7069,0.2663,0.9841,239.1765,626.3261,1110.9764,0.9290,29.9232,28.8400,833.5849,200.2900,80.2481,10031.0146,0,0,0.0188,7.5198,0.6911,2.7224,267,0.4531,0.5469,0.9928,12.1967,wave,0.3333,0.5951,1.2207,1.0639,0.9697,0.0000,16.9812,10673
42,452,Kyoto_Small,train,FaithfulMAPPER,3600,8,132,62,0.4697,0.9697,0.0303,775.5645,775.5645,0.1344,0.9646,249.8400,543.7675,1084.8108,0.8684,19.7949,17.4691,848.6755,164.7723,65.0606,8132.5757,0,0,0.0074,9.2523,0.5664,0.5030,172,0.4844,0.5156,0.9857,9.5000,building_up,0.3325,0.6446,1.2833,1.0001,0.9769,0.5000,32.8778,8588
42,453,Kyoto_Small,train,MAPPO,3600,8,130,51,0.3923,0.9385,0.0615,831.9804,0.0000,0.1211,0.9709,291.1778,539.9487,1237.4930,0.8500,19.8782,18.3259,871.8943,182.4220,87.6462,10955.7695,0,0,-0.0031,10.3937,0.6914,3.2237,245,0.4180,0.5820,0.9769,9.5000,building_up,0.3389,0.6118,1.2475,1.2728,0.9528,0.3333,43.6792,11394
42,454,LosAngeles_Small,train,FaithfulMAPPER,3600,8,127,67,0.5276,0.9449,0.0551,700.6269,350.3134,0.3582,0.9843,200.6441,505.6000,906.9229,0.9040,23.2812,21.9160,828.7358,234.4596,157.1575,19644.6855,0,0,-0.0285,11.4506,0.5733,0.4390,148,0.5583,0.4417,1.0000,12.1967,wave,0.3071,0.5997,1.2465,1.0685,0.9449,0.0000,19.2595,19959
42,455,LosAngeles_Small,train,MAPPO,3600,8,127,66,0.5197,0.9764,0.0236,682.8939,341.4470,0.3730,0.9928,212.1607,445.3125,1068.7517,1.0000,24.1128,21.6738,880.5208,193.6383,111.6063,13950.7871,0,0,-0.0004,13.5834,0.6912,3.6025,256,0.5323,0.4677,0.9843,12.1967,wave,0.2228,0.4155,1.2156,1.0702,0.9840,0.5000,0.0000,14174
42,456,Tokyo_Small,train,FaithfulMAPPER,3600,8,113,46,0.4071,0.9381,0.0619,914.3478,457.1739,0.2669,0.9883,260.3171,662.4595,1336.7421,1.0000,29.3122,26.5368,842.3442,240.6645,71.3894,8923.6729,0,0,0.0101,7.9003,0.5652,0.5535,139,0.4340,0.5660,0.9735,6.5039,ramp_up_down,0.4715,0.9658,1.2970,1.1662,0.9455,0.6667,0.0000,8067
42,457,Tokyo_Small,train,MAPPO,3600,8,121,75,0.6198,0.9421,0.0579,915.7867,915.7867,0.1672,0.9587,315.0476,628.5227,1173.3008,0.7448,29.6588,25.7435,874.7415,229.6575,46.3802,5797.5205,0,0,0.0176,8.9967,0.6913,2.9344,268,0.6579,0.3421,0.9917,6.5039,ramp_up_down,0.3798,0.6700,1.2530,1.0420,0.9500,0.0000,80.3875,5612
42,458,Kyoto_Small,train,FaithfulMAPPER,3600,8,119,56,0.4706,0.9496,0.0504,805.6607,402.8304,0.3606,0.9637,220.4167,595.1667,992.5027,0.9006,19.9870,18.0447,803.5648,189.2318,35.7059,4463.2354,0,0,0.0024,7.7503,0.5728,0.5758,145,0.4956,0.5044,0.9837,6.5039,ramp_up_down,0.2917,0.5487,1.3145,1.5000,0.9573,0.5000,21.9161,4249
42,459,Kyoto_Small,train,MAPPO,3600,8,134,57,0.4254,0.9627,0.0373,623.3684,311.6842,0.3667,0.9962,224.7778,404.2222,895.3765,0.7967,20.1180,18.2788,770.1487,190.6835,92.0149,11501.8652,0,0,0.0000,8.7487,0.6915,2.7542,285,0.4419,0.5581,0.9851,6.5039,ramp_up_down,0.2603,0.4909,1.3025,1.1015,0.9697,0.5000,45.7025,12330
42,460,LosAngeles_Small,train,FaithfulMAPPER,3600,8,135,80,0.5926,0.8963,0.1037,631.6500,210.5500,0.4799,0.9846,219.4493,413.9833,961.4925,0.8763,23.6590,20.8316,782.5173,207.8189,63.1778,7897.2222,0,0,0.0007,6.6666,0.5776,0.5736,159,0.6612,0.3388,0.9932,12.1967,wave,0.2403,0.4328,1.2391,1.2631,0.9030,0.0000,27.1508,8529
42,461,LosAngeles_Small,train,MAPPO,3600,8,133,68,0.5113,0.9624,0.0376,772.2647,386.1324,0.3635,0.9843,236.5932,552.7917,1195.1238,1.0000,24.0669,22.8339,860.8856,194.9189,44.3534,5544.1729,0,0,-0.0045,10.6653,0.6914,3.1727,293,0.5312,0.4688,1.0023,12.1967,wave,0.3786,0.6786,1.2315,1.4071,0.9624,0.0000,0.0000,5899
42,462,Tokyo_Small,train,FaithfulMAPPER,3600,8,135,65,0.4815,0.9333,0.0667,869.4769,434.7385,0.3088,1.0002,232.8364,613.1739,1121.7163,0.9635,29.3061,26.4791,857.5107,212.5244,86.9704,10871.2959,0,0,-0.0733,5.9224,0.5755,0.6168,169,0.5159,0.4841,1.0000,2.0000,flat,0.3438,0.6224,1.2696,1.2147,0.9333,0.0000,8.4931,11741
42,463,Tokyo_Small,train,MAPPO,3600,8,135,48,0.3556,0.9481,0.0519,765.9375,382.9688,0.2743,1.0004,262.3023,477.5263,992.2056,0.7565,29.1746,26.0570,869.4528,207.6035,164.0444,20505.5547,0,0,-0.0012,8.5275,0.6913,2.6549,269,0.3750,0.6250,1.0000,2.0000,flat,0.4251,0.7767,1.2245,1.3314,0.9481,0.0000,63.8612,22146
42,464,Kyoto_Small,train,FaithfulMAPPER,3600,8,125,57,0.4560,0.9920,0.0080,638.6667,319.3333,0.3072,0.9798,171.2600,411.5208,1054.1824,1.0000,19.8221,17.9774,847.4094,168.6502,226.4560,28307.0000,0,0,-0.0080,15.8028,0.5564,0.4383,160,0.4597,0.5403,0.9767,9.5000,building_up,0.4175,0.7620,1.2880,1.5103,1.0000,0.6667,0.0000,28307
42,465,Kyoto_Small,train,MAPPO,3600,8,157,55,0.3503,0.9873,0.0127,839.3273,839.3273,0.2021,0.9957,264.9787,568.2500,1085.3164,0.8192,19.9651,19.1741,824.2086,154.6982,251.5350,31441.8789,0,0,-0.0009,10.2616,0.6911,2.7415,351,0.3548,0.6452,0.9890,9.5000,building_up,0.4185,0.7862,1.2832,1.4134,0.9935,0.5000,47.9155,39491
42,466,LosAngeles_Small,train,FaithfulMAPPER,3600,8,140,78,0.5571,0.9500,0.0500,667.8205,222.6068,0.3893,1.0005,215.5882,429.3158,987.9762,0.9165,22.5208,20.6043,837.5834,205.1523,84.9214,10615.1787,0,0,0.0024,8.0923,0.5785,0.5837,183,0.5865,0.4135,1.0003,5.8000,shock_burst,0.2862,0.5340,1.2762,1.2540,0.9500,0.0000,17.9930,11889
42,467,LosAngeles_Small,train,MAPPO,3600,8,146,85,0.5822,0.9658,0.0342,872.8706,290.9569,0.4227,1.0002,292.4305,565.1228,1185.0569,0.8105,23.1988,21.1019,838.7807,172.6602,103.4795,12934.9316,0,0,-0.0010,11.7737,0.6912,3.3463,283,0.6028,0.3972,1.0003,5.8000,shock_burst,0.3747,0.7521,1.2942,1.6333,0.9658,0.0000,55.4192,15108
42,468,Tokyo_Small,train,FaithfulMAPPER,3600,8,149,65,0.4362,0.9195,0.0805,891.7692,891.7692,0.2017,1.0001,284.6607,628.6957,1318.2435,0.9262,28.7125,25.1576,879.1597,197.9470,70.4430,8805.3691,0,0,-0.0480,5.8223,0.5728,0.6220,201,0.4745,0.5255,1.0000,2.0000,flat,0.3453,0.6204,1.3336,1.1084,0.9195,0.0000,21.0120,10496
42,469,Tokyo_Small,train,MAPPO,3600,8,125,64,0.5120,0.9680,0.0320,827.5312,413.7656,0.3578,1.0002,231.4828,606.6304,1003.2349,0.8668,28.8615,26.2302,776.3129,223.9832,74.0320,9254.0000,0,0,0.0148,9.0178,0.6916,2.9465,291,0.5289,0.4711,1.0000,2.0000,flat,0.4188,0.7556,1.2748,0.8084,0.9680,0.0000,30.8358,9254
42,470,Kyoto_Small,train,FaithfulMAPPER,3600,8,137,84,0.6131,0.9781,0.0219,596.6905,298.3452,0.2933,1.0006,187.5507,426.2727,887.5635,0.9465,19.9522,18.7649,746.0721,157.9800,30.1460,3768.2483,0,0,0.1185,4.8916,0.5703,0.5440,186,0.6269,0.3731,1.0006,5.8000,shock_burst,0.2059,0.3767,1.2930,0.7574,0.9781,0.0000,10.0380,4130
42,471,Kyoto_Small,train,MAPPO,3600,8,126,58,0.4603,0.9762,0.0238,764.7759,382.3879,0.3154,1.0004,233.8367,492.9762,1056.2202,0.9034,19.6730,18.0807,831.0642,175.6975,141.4603,17682.5391,0,0,0.0283,9.0990,0.6916,2.9576,264,0.4715,0.5285,1.0000,5.8000,shock_burst,0.3490,0.6292,1.2763,1.4563,0.9762,0.0000,22.5927,17824
42,472,LosAngeles_Small,train,FaithfulMAPPER,3600,8,133,68,0.5113,0.9549,0.0451,611.4706,305.7353,0.3468,1.0003,184.5738,408.6316,1023.0475,1.0000,23.8166,20.4762,779.0590,171.1448,175.3985,21924.8125,0,0,-0.0040,8.5174,0.5720,0.5701,177,0.5354,0.4646,1.0000,2.0000,flat,0.4457,0.8331,1.2075,1.0912,0.9549,0.0000,0.0000,23328
42,473,LosAngeles_Small,train,MAPPO,3600,8,134,76,0.5672,0.9627,0.0373,631.0000,210.3333,0.3898,1.0003,192.1846,427.2182,976.4008,1.0000,23.0354,20.7946,848.7653,187.1288,73.9328,9241.6045,0,0,-0.0158,7.5938,0.6916,2.6452,296,0.5891,0.4109,1.0000,2.0000,flat,0.3313,0.5813,1.2918,1.6542,0.9627,0.0000,0.0000,9907
42,474,Tokyo_Small,train,FaithfulMAPPER,3600,8,135,71,0.5259,0.9407,0.0593,741.4225,741.4225,0.1947,0.9737,264.4483,444.4893,992.4608,0.7506,29.2088,26.9149,800.4324,219.4244,80.3037,10037.9629,0,0,0.0159,9.0064,0.5757,0.5870,180,0.5591,0.4409,0.9855,6.5039,ramp_up_down,0.4138,0.7571,1.2854,0.8572,0.9474,0.5000,65.9561,10841
42,475,Tokyo_Small,train,MAPPO,3600,8,111,42,0.3784,0.9369,0.0631,754.4048,754.4048,0.1524,0.9816,217.6857,523.8387,956.4178,0.8787,29.2992,24.3740,974.9512,235.2845,255.4234,31927.9277,0,0,-0.0106,16.4706,0.6919,3.5277,233,0.4038,0.5962,0.9820,6.5039,ramp_up_down,0.4899,0.9483,1.2666,1.3527,0.9450,0.5000,26.4022,28352
42,476,Kyoto_Small,train,FaithfulMAPPER,3600,8,136,41,0.3015,0.9706,0.0294,648.6829,324.3415,0.3461,0.9991,290.5454,420.7408,1321.4615,0.9096,19.9435,19.0778,919.3646,164.9213,446.7059,55838.2344,0,0,-0.0122,21.7952,0.5523,0.4726,173,0.3106,0.6894,0.9790,9.5000,building_up,0.4706,0.8902,1.2943,1.2235,0.9850,0.3333,26.2531,60752
42,477,Kyoto_Small,train,MAPPO,3600,8,146,38,0.2603,0.9589,0.0411,693.0526,693.0526,0.2440,0.9870,198.5429,572.3871,1045.2664,1.0000,19.7418,17.4754,838.6413,164.3251,627.3973,78424.6562,0,0,0.0057,14.9041,0.6917,2.8175,329,0.2714,0.7286,0.9870,9.5000,building_up,0.4583,0.9266,1.2383,1.4192,0.9653,0.5000,0.0000,91600
42,478,LosAngeles_Small,train,FaithfulMAPPER,3600,8,135,62,0.4593,0.9481,0.0519,717.2258,358.6129,0.3568,0.9791,258.0000,437.7551,1087.2773,0.8429,24.1046,21.2275,771.8505,210.6477,71.2148,8901.8516,0,0,0.0181,9.9147,0.5781,0.6872,165,0.4844,0.5156,0.9852,6.5039,ramp_up_down,0.3218,0.5706,1.2155,1.2856,0.9549,0.5000,40.5445,9614
42,479,LosAngeles_Small,train,MAPPO,3600,8,109,50,0.4587,0.9817,0.0183,704.6400,234.8800,0.4519,0.9599,272.5116,434.0263,999.1007,0.7333,22.6881,20.0528,807.3313,202.3009,92.8807,11610.0918,0,0,0.1044,10.2187,0.6916,3.1418,257,0.4673,0.5327,0.9817,6.5039,ramp_up_down,0.4756,0.9090,1.2392,0.9605,0.9907,0.5000,72.6915,10124
