seed,global_episode,city,phase,policy_mode,total_steps,n_agents_max,tasks_appeared,tasks_completed,throughput_rate,accept_rate,refuse_rate,latency_mean,latency_per_agent,agent_utilisation,mean_congestion,mean_trip_steps,mean_wait_steps,mean_road_pd_m,delivery_route_efficiency,bbox_area_km2,convex_hull_km2,mean_pd_hav_m,mean_nn_pickup_m,compute_time_per_task_ms,compute_time_per_decision_us,pairing_violations,capacity_violations,actor_loss,critic_loss,entropy,adv_std,n_experiences,completion_per_accepted,unfinished_accept_rate,mean_congestion_at_decision,n_ghost_active_mean,congestion_profile,agent_completed_gini,agent_completed_std,mean_imp_accepted,mean_imp_refused,accept_rate_high_cong,accept_rate_low_cong,mean_extra_steps_per_task,wallclock_ms
43,0,Tokyo_Small,train,FaithfulMAPPER,3600,8,124,45,0.3629,0.9032,0.0968,853.6667,426.8333,0.3375,0.9803,241.6053,631.8666,1201.2506,0.9944,29.6196,27.1764,954.1466,231.0338,254.0242,31753.0234,0,0,-0.0027,16.2640,0.6931,0.4295,239,0.4018,0.5982,0.9758,6.5039,ramp_up_down,0.3243,0.6531,1.3178,1.4235,0.9174,0.3333,1.3551,31499
43,1,Tokyo_Small,train,MAPPO,3600,8,127,44,0.3465,0.9213,0.0787,723.4091,723.4091,0.1955,0.9688,221.3902,509.9211,1227.9097,1.0000,28.8942,27.0323,848.3515,222.7849,198.7717,24846.4570,0,0,-0.0046,12.3706,0.6931,2.5126,237,0.3761,0.6239,0.9858,6.5039,ramp_up_down,0.3778,0.6801,1.2994,1.2588,0.9280,0.5000,0.0000,25244
43,2,Kyoto_Small,train,FaithfulMAPPER,3600,8,129,39,0.3023,0.9612,0.0388,901.1539,450.5769,0.2570,0.9624,276.2121,574.1429,886.2529,0.6417,19.5432,18.3788,845.9460,185.7533,321.2015,40150.1953,0,0,0.0007,19.4175,0.6928,0.3520,251,0.3145,0.6855,0.9690,9.5000,building_up,0.5806,1.2765,1.2159,1.3521,0.9840,0.2500,98.9615,41435
43,3,Kyoto_Small,train,MAPPO,3600,8,131,33,0.2519,0.9237,0.0763,779.4243,779.4243,0.1500,0.9784,241.6538,431.6522,890.5753,0.7371,19.9077,18.1663,796.6793,196.8891,429.2519,53656.4883,0,0,0.0002,18.3346,0.6931,2.1478,238,0.2727,0.7273,0.9783,9.5000,building_up,0.5000,0.9952,1.3062,1.3887,0.9375,0.3333,63.5388,56232
43,4,LosAngeles_Small,train,FaithfulMAPPER,3600,8,114,46,0.4035,0.9386,0.0614,772.7391,257.5797,0.4208,0.9852,196.1053,544.0690,1034.4850,1.0000,23.1768,22.4041,905.2237,220.0127,154.9474,19368.4219,0,0,0.0516,12.5228,0.6930,0.4622,204,0.4299,0.5701,0.9918,12.1967,wave,0.3243,0.5958,1.2659,1.4339,0.9469,0.0000,0.0000,17664
43,5,LosAngeles_Small,train,MAPPO,3600,8,136,62,0.4559,0.9338,0.0662,811.1451,202.7863,0.5227,0.9841,235.2264,515.9565,1145.3925,0.9739,23.9503,22.2404,986.4335,182.8681,118.3015,14787.6836,0,0,-0.0028,9.8732,0.6928,2.2809,256,0.4882,0.5118,1.0003,12.1967,wave,0.3606,0.6525,1.3300,1.2013,0.9338,0.0000,6.1479,16089
43,6,Tokyo_Small,train,FaithfulMAPPER,3600,8,130,52,0.4000,0.9615,0.0385,769.9423,769.9423,0.2311,0.9801,205.4000,548.1622,1193.3053,1.0000,28.8476,26.3215,943.4922,197.6925,106.5385,13317.3076,0,0,0.0029,11.5418,0.6931,0.5899,260,0.4160,0.5840,0.9846,6.5039,ramp_up_down,0.3939,0.7049,1.2388,1.6783,0.9688,0.5000,0.0000,13850
43,7,Tokyo_Small,train,MAPPO,3600,8,130,60,0.4615,0.9692,0.0308,866.4000,866.4000,0.1858,0.9676,238.5472,625.8444,1129.9050,0.9473,28.7240,26.3836,975.4592,202.0401,72.6692,9083.6543,0,0,-0.0658,7.6078,0.6925,2.0902,226,0.4762,0.5238,0.9846,6.5039,ramp_up_down,0.3400,0.6027,1.1955,1.7768,0.9766,0.5000,12.5662,9447
43,8,Kyoto_Small,train,FaithfulMAPPER,3600,8,120,54,0.4500,0.9417,0.0583,755.7037,377.8518,0.3315,0.9851,189.7021,501.5000,962.4565,1.0000,19.8477,18.1261,792.4153,165.8858,62.4333,7804.1665,0,0,-0.0059,9.1534,0.6931,0.4298,233,0.4779,0.5221,0.9921,12.1967,wave,0.3697,0.6832,1.2755,1.2402,0.9496,0.0000,0.0000,7492
43,9,Kyoto_Small,train,MAPPO,3600,8,132,42,0.3182,0.9848,0.0152,806.5238,403.2619,0.2618,0.9949,226.6286,579.1379,1225.9098,1.0000,19.4124,18.2956,820.2226,166.6773,564.0530,70506.6250,0,0,0.0005,13.8095,0.6925,2.6932,253,0.3231,0.6769,0.9848,12.1967,wave,0.3220,0.6232,1.2118,1.4175,0.9923,0.5000,0.0000,74455
43,10,LosAngeles_Small,train,FaithfulMAPPER,3600,8,119,61,0.5126,0.9664,0.0336,735.6393,183.9098,0.5139,0.9825,292.0833,413.8108,1226.3214,0.8397,23.4781,21.3960,842.8406,219.4517,77.2437,9655.4619,0,0,-0.0110,4.8951,0.6930,0.5286,231,0.5304,0.4696,0.9838,6.5039,ramp_up_down,0.3378,0.6007,1.2462,1.4735,0.9744,0.5000,46.8191,9192
43,11,LosAngeles_Small,train,MAPPO,3600,8,140,69,0.4929,0.9429,0.0571,592.6087,197.5362,0.4222,0.9674,216.3929,381.5417,1024.6261,0.9470,23.9202,21.3527,799.8849,205.4038,96.3714,12046.4287,0,0,-0.0009,6.0924,0.6930,2.0996,252,0.5227,0.4773,0.9857,6.5039,ramp_up_down,0.4828,0.9009,1.2249,1.4258,0.9493,0.5000,11.4676,13492
43,12,Tokyo_Small,train,FaithfulMAPPER,3600,8,153,72,0.4706,0.9477,0.0523,847.5972,847.5972,0.1940,1.0001,275.6212,589.0728,1155.2825,0.8383,28.8295,26.6624,855.1929,197.5811,58.4771,7309.6406,0,0,-0.0002,8.0969,0.6929,0.6607,312,0.4966,0.5034,1.0009,2.0000,flat,0.3949,0.7169,1.2678,1.2196,0.9477,0.0000,44.5647,8947
43,13,Tokyo_Small,train,MAPPO,3600,8,125,74,0.5920,0.9440,0.0560,581.7973,290.8987,0.2980,1.0002,189.2500,411.1296,984.5032,1.0000,29.7867,26.8805,875.8207,215.9338,40.2480,5031.0000,0,0,0.0120,4.4848,0.6930,1.9287,237,0.6271,0.3729,1.0000,2.0000,flat,0.2886,0.5216,1.2173,1.5675,0.9440,0.0000,0.0000,5031
43,14,Kyoto_Small,train,FaithfulMAPPER,3600,8,127,46,0.3622,0.8976,0.1024,668.0652,668.0652,0.2064,0.9846,196.8095,492.0750,1127.6798,1.0000,19.8928,18.4698,789.7633,191.5159,110.4961,13812.0078,0,0,0.0689,11.9039,0.6930,0.4633,202,0.4035,0.5965,1.0008,12.1967,wave,0.4074,0.8018,1.2059,1.2828,0.8976,0.0000,0.0000,14033
43,15,Kyoto_Small,train,MAPPO,3600,8,132,57,0.4318,0.9773,0.0227,846.7719,846.7719,0.2061,0.9844,229.7083,550.7750,1079.0237,0.9395,19.9388,17.6656,797.4752,157.1149,220.3712,27546.4023,0,0,-0.0084,12.6154,0.6928,2.8291,273,0.4419,0.5581,0.9924,12.1967,wave,0.4429,0.8486,1.2445,1.1208,0.9847,0.0000,13.9036,29089
43,16,LosAngeles_Small,train,FaithfulMAPPER,3600,8,136,46,0.3382,0.9191,0.0809,938.5870,469.2935,0.3203,0.9773,262.3488,629.1470,1210.0248,0.9225,24.2468,20.9970,878.6635,186.5114,278.3162,34789.5234,0,0,-0.0026,17.6803,0.6930,0.4014,245,0.3680,0.6320,0.9783,6.5039,ramp_up_down,0.4317,0.8172,1.2258,1.2507,0.9323,0.3333,20.3439,37851
43,17,LosAngeles_Small,train,MAPPO,3600,8,119,40,0.3361,0.9328,0.0672,694.8250,694.8250,0.1729,0.9670,179.2500,568.3793,891.4116,0.9946,23.9712,22.2026,873.5883,212.7942,263.1008,32887.6055,0,0,-0.0020,17.6247,0.6924,3.0879,253,0.3604,0.6396,0.9664,6.5039,ramp_up_down,0.5040,1.0277,1.2735,1.1957,0.9565,0.2500,0.9677,31309
43,18,Tokyo_Small,train,FaithfulMAPPER,3600,8,135,74,0.5481,0.9704,0.0296,800.9324,200.2331,0.5767,0.9842,216.3333,617.9500,1045.9050,0.9669,27.5435,25.2312,836.4753,203.7994,51.2519,6406.4814,0,0,0.0131,6.7121,0.6929,0.7181,264,0.5649,0.4351,0.9926,12.1967,wave,0.1979,0.3617,1.3019,1.1893,0.9776,0.0000,7.1523,6919
43,19,Tokyo_Small,train,MAPPO,3600,8,125,58,0.4640,0.9440,0.0560,815.0345,407.5172,0.3449,0.9848,250.0833,568.7556,1155.5652,0.9241,29.3546,27.6972,931.2655,219.5377,199.6800,24960.0000,0,0,-0.0025,11.4071,0.6909,3.1830,224,0.4915,0.5085,0.9766,12.1967,wave,0.5212,0.9755,1.2473,1.1142,0.9590,0.3333,18.9703,24960
43,20,Kyoto_Small,train,FaithfulMAPPER,3600,8,124,79,0.6371,0.9677,0.0323,748.9367,249.6456,0.4197,1.0002,250.2985,510.2364,996.3823,0.7962,19.7947,18.6290,809.2379,182.5468,26.6935,3336.6936,0,0,-0.0036,6.0420,0.6929,0.4707,230,0.6583,0.3417,1.0010,2.0000,flat,0.4545,0.8880,1.2224,0.8261,0.9677,0.0000,51.0220,3310
43,21,Kyoto_Small,train,MAPPO,3600,8,128,74,0.5781,0.9688,0.0312,556.2027,185.4009,0.3892,1.0001,189.9000,380.7592,815.7183,0.8591,19.4160,18.0365,761.9093,189.2672,32.3281,4041.0156,0,0,0.0115,7.6470,0.6901,2.3759,274,0.5968,0.4032,1.0000,2.0000,flat,0.4502,0.8091,1.2568,1.2718,0.9688,0.0000,26.7563,4138
43,22,LosAngeles_Small,train,FaithfulMAPPER,3600,8,108,45,0.4167,0.9259,0.0741,623.7556,0.0000,0.0933,0.9909,241.7073,359.3636,940.2841,0.7780,23.3634,20.4521,811.5785,211.0967,380.4815,47560.1836,0,0,0.0012,15.4740,0.6930,0.3622,211,0.4500,0.5500,0.9727,6.5039,ramp_up_down,0.3953,0.8845,1.3236,1.5604,0.9429,0.3333,53.6505,41092
43,23,LosAngeles_Small,train,MAPPO,3600,8,132,33,0.2500,0.9621,0.0379,716.1212,716.1212,0.1544,0.9586,206.1481,568.0385,1145.3453,1.0000,23.6379,21.5957,848.9919,202.6291,629.2500,78656.2500,0,0,0.0207,19.6500,0.6903,3.2225,263,0.2598,0.7402,0.9928,6.5039,ramp_up_down,0.4267,0.8153,1.3328,1.0332,0.9695,0.0000,0.0000,83061
43,24,Tokyo_Small,train,FaithfulMAPPER,3600,8,135,86,0.6370,0.9481,0.0519,731.2907,365.6454,0.3517,1.0002,258.5286,537.3860,1146.0118,0.8866,29.8779,26.9504,861.7654,200.6514,37.5407,4692.5928,0,0,0.0211,5.1064,0.6925,0.6471,223,0.6719,0.3281,1.0000,5.8000,shock_burst,0.2993,0.5667,1.2140,0.8622,0.9481,0.0000,29.3262,5068
43,25,Tokyo_Small,train,MAPPO,3600,8,135,89,0.6593,0.9333,0.0667,726.7079,726.7079,0.1441,1.0002,218.3649,500.4237,892.2354,0.8172,29.6501,28.1062,771.7720,188.6865,60.2519,7531.4814,0,0,-0.0044,5.7256,0.6912,2.3551,295,0.7063,0.2937,1.0000,5.8000,shock_burst,0.4507,0.8082,1.2727,1.5011,0.9333,0.0000,39.9178,8134
43,26,Kyoto_Small,train,FaithfulMAPPER,3600,8,115,49,0.4261,0.9652,0.0348,683.5102,341.7551,0.3496,0.9843,194.1429,524.2368,989.8578,1.0000,19.8026,18.1842,837.9169,177.4709,125.3913,15673.9131,0,0,0.0364,8.8912,0.6922,0.4564,202,0.4414,0.5586,0.9826,6.5039,ramp_up_down,0.4506,0.8317,1.2789,1.3652,0.9735,0.5000,0.0000,14420
43,27,Kyoto_Small,train,MAPPO,3600,8,144,61,0.4236,0.9861,0.0139,569.1967,284.5984,0.3234,0.9935,171.5926,382.9200,925.6639,1.0000,19.4483,18.0877,739.3914,134.0696,167.5069,20938.3672,0,0,0.0018,13.0644,0.6910,3.3523,312,0.4296,0.5704,0.9861,6.5039,ramp_up_down,0.4992,0.9909,1.2948,1.2138,0.9930,0.5000,0.0000,24121
43,28,LosAngeles_Small,train,FaithfulMAPPER,3600,8,124,41,0.3306,0.9758,0.0242,697.4390,348.7195,0.3738,1.0002,235.9394,502.0000,1095.7206,0.9288,23.2446,22.0988,843.3779,229.1113,378.2661,47283.2656,0,0,-0.0039,15.4518,0.6923,0.3275,221,0.3388,0.6612,1.0000,5.8000,shock_burst,0.5833,1.1547,1.2327,1.4392,0.9758,0.0000,16.7953,46905
43,29,LosAngeles_Small,train,MAPPO,3600,8,124,56,0.4516,0.9677,0.0323,835.8214,278.6071,0.4010,1.0004,256.5957,491.9697,985.1116,0.7678,23.5855,21.3703,857.7709,206.1825,130.3387,16292.3389,0,0,0.0064,12.2244,0.6904,2.9453,268,0.4667,0.5333,1.0000,5.8000,shock_burst,0.4405,0.8819,1.2322,1.0607,0.9677,0.0000,59.5734,16162
43,30,Tokyo_Small,train,FaithfulMAPPER,3600,8,109,59,0.5413,0.9358,0.0642,831.9661,831.9661,0.2399,0.9843,289.9796,560.9575,1353.4974,0.9335,29.6510,29.0859,1066.1313,259.1300,88.6697,11083.7158,0,0,-0.0237,7.9050,0.6927,0.7137,203,0.5784,0.4216,0.9913,12.1967,wave,0.2744,0.4992,1.2610,1.3441,0.9444,0.0000,19.2801,9665
43,31,Tokyo_Small,train,MAPPO,3600,8,121,53,0.4380,0.8843,0.1157,827.8491,827.8491,0.1488,0.9841,285.1489,495.5946,1358.8750,0.9531,29.7384,28.1883,898.5743,224.2305,56.5620,7070.2480,0,0,-0.0421,10.8847,0.6915,3.1507,228,0.4953,0.5047,0.9917,12.1967,wave,0.3594,0.6764,1.2719,1.1978,0.8917,0.0000,13.3739,6844
43,32,Kyoto_Small,train,FaithfulMAPPER,3600,8,118,58,0.4915,0.9831,0.0169,845.7241,281.9081,0.3976,1.0003,255.6154,538.9286,1257.2319,0.9837,19.8219,17.8540,925.1190,176.3278,279.7542,34969.2812,0,0,-0.0024,12.4928,0.6931,0.4794,220,0.5000,0.5000,1.0000,2.0000,flat,0.4064,0.7555,1.2173,0.9530,0.9831,0.0000,4.1690,33011
43,33,Kyoto_Small,train,MAPPO,3600,8,153,75,0.4902,0.9804,0.0196,705.7600,176.4400,0.5081,1.0003,245.6000,445.3276,1243.7551,1.0000,20.0707,18.5325,865.5790,162.9242,34.5817,4322.7124,0,0,0.0034,5.8630,0.6927,2.3288,324,0.5000,0.5000,1.0000,2.0000,flat,0.4646,0.8717,1.2445,1.2164,0.9804,0.0000,0.0000,5291
43,34,LosAngeles_Small,train,FaithfulMAPPER,3600,8,125,37,0.2960,0.9360,0.0640,695.6486,695.6486,0.1966,0.9842,201.7000,457.4333,1137.4355,1.0000,23.6274,21.5232,911.4124,223.8490,423.5920,52949.0000,0,0,0.0176,14.9516,0.6931,0.3802,247,0.3162,0.6838,0.9920,12.1967,wave,0.5229,1.0718,1.1550,1.1710,0.9435,0.0000,0.0000,52949
43,35,LosAngeles_Small,train,MAPPO,3600,8,128,64,0.5000,0.9688,0.0312,706.4219,176.6055,0.5065,0.9842,220.3571,457.8163,1145.3290,1.0000,23.8219,21.8795,899.7593,196.3970,85.3125,10664.0625,0,0,-0.0130,10.6739,0.6931,3.2009,263,0.5161,0.4839,1.0000,12.1967,wave,0.3885,0.8013,1.2098,1.0653,0.9688,0.0000,0.0000,10920
43,36,Tokyo_Small,train,FaithfulMAPPER,3600,8,113,73,0.6460,0.9558,0.0442,932.5068,466.2534,0.3468,1.0005,342.3846,566.1346,1300.1965,0.7595,29.6319,27.4504,986.1373,201.4215,47.4071,5925.8848,0,0,-0.0266,7.9506,0.6926,0.6820,210,0.6759,0.3241,1.0010,5.8000,shock_burst,0.3845,0.6936,1.2528,0.9632,0.9558,0.0000,82.3453,5357
43,37,Tokyo_Small,train,MAPPO,3600,8,120,64,0.5333,0.9167,0.0833,913.9219,304.6406,0.3833,1.0005,323.3091,493.9773,1367.9606,0.8462,29.4725,27.2237,988.8826,255.5830,53.3000,6662.5000,0,0,-0.0083,9.8006,0.6930,3.1461,247,0.5818,0.4182,1.0000,5.8000,shock_burst,0.4744,1.0074,1.2410,1.2835,0.9167,0.0000,49.7170,6396
43,38,Kyoto_Small,train,FaithfulMAPPER,3600,8,135,63,0.4667,0.9778,0.0222,782.8730,260.9577,0.3874,0.9553,217.3148,556.3830,1026.2540,0.9445,19.3258,17.3279,803.8044,143.8726,101.8963,12737.0371,0,0,0.0335,9.1099,0.6921,0.4651,238,0.4773,0.5227,0.9861,9.5000,building_up,0.3857,0.7399,1.3145,1.2214,0.9850,0.5000,12.0640,13756
43,39,Kyoto_Small,train,MAPPO,3600,8,123,61,0.4959,0.9593,0.0407,675.6885,337.8443,0.2765,0.9864,242.0909,442.2292,1037.1587,0.8568,19.8233,17.9607,876.8972,189.6396,30.9593,3869.9187,0,0,0.0029,6.7753,0.6929,2.5943,231,0.5169,0.4831,0.9675,9.5000,building_up,0.2804,0.4995,1.2534,1.2502,0.9748,0.5000,34.6592,3808
43,40,LosAngeles_Small,train,FaithfulMAPPER,3600,8,136,57,0.4191,0.9412,0.0588,701.3333,701.3333,0.1608,1.0002,203.4200,500.3333,1091.2313,1.0000,24.0690,20.4851,782.3215,187.1888,81.3309,10166.3604,0,0,0.0498,6.7187,0.6923,0.4557,238,0.4453,0.5547,1.0000,5.8000,shock_burst,0.4821,0.8771,1.2896,1.3699,0.9412,0.0000,0.0000,11061
43,41,LosAngeles_Small,train,MAPPO,3600,8,127,52,0.4094,0.9685,0.0315,782.1731,782.1731,0.1591,1.0001,271.8696,531.9318,1075.1311,0.7909,23.6288,22.0696,869.8074,200.8455,120.9134,15114.1729,0,0,-0.0059,13.5160,0.6930,3.6345,240,0.4228,0.5772,1.0000,5.8000,shock_burst,0.3590,0.6671,1.2133,1.2994,0.9685,0.0000,56.8434,15356
43,42,Tokyo_Small,train,FaithfulMAPPER,3600,8,112,66,0.5893,0.9018,0.0982,618.0455,309.0227,0.3284,0.9587,217.4590,418.0000,1199.0569,1.0000,29.3314,26.4627,792.9553,244.8315,21.5268,2690.8481,0,0,-0.0395,1.3675,0.6922,0.5111,199,0.6535,0.3465,0.9832,6.5039,ramp_up_down,0.2485,0.4778,1.2107,1.3791,0.9182,0.0000,0.0000,2411
43,43,Tokyo_Small,train,MAPPO,3600,8,117,80,0.6838,0.9658,0.0342,637.0750,318.5375,0.3281,0.9946,242.8841,375.1250,975.2802,0.8031,29.5671,26.4207,759.2404,202.6414,42.3248,5290.5981,0,0,-0.0070,5.1674,0.6931,2.2432,225,0.7080,0.2920,0.9829,6.5039,ramp_up_down,0.3085,0.5817,1.2865,1.5163,0.9739,0.5000,47.8280,4952
43,44,Kyoto_Small,train,FaithfulMAPPER,3600,8,133,64,0.4812,0.9850,0.0150,821.8906,273.9635,0.3953,0.9866,237.5263,484.6471,1100.9637,0.9270,19.5974,18.1975,836.6666,188.9793,133.3383,16667.2930,0,0,-0.0410,9.4779,0.6917,0.5851,271,0.4885,0.5115,0.9873,9.5000,building_up,0.3978,0.8743,1.2895,1.5558,0.9924,0.5000,17.3336,17734
43,45,Kyoto_Small,train,MAPPO,3600,8,128,59,0.4609,0.9531,0.0469,698.7458,698.7458,0.2302,0.9632,213.5625,462.6279,935.0995,0.8757,19.7711,18.3129,818.1895,188.9799,86.0703,10758.7891,0,0,-0.0179,9.0572,0.6929,2.9054,234,0.4836,0.5164,0.9844,9.5000,building_up,0.4400,0.8227,1.2286,1.2645,0.9603,0.5000,26.5426,11017
43,46,LosAngeles_Small,train,FaithfulMAPPER,3600,8,129,71,0.5504,0.9612,0.0388,714.5493,714.5493,0.1906,0.9601,246.4098,433.7451,1154.5416,0.9371,23.8359,22.2751,882.3536,203.2656,102.4806,12810.0771,0,0,0.0619,10.3877,0.6922,0.6370,242,0.5726,0.4274,0.9788,6.5039,ramp_up_down,0.3451,0.6423,1.2517,1.1131,0.9762,0.3333,15.5015,13220
43,47,LosAngeles_Small,train,MAPPO,3600,8,127,56,0.4409,0.9764,0.0236,921.8214,0.0000,0.1233,0.9870,291.1702,662.0000,1139.3206,0.7826,23.8243,22.7143,891.7598,203.8032,93.3858,11673.2285,0,0,-0.0001,11.0983,0.6927,3.2107,255,0.4516,0.5484,0.9843,6.5039,ramp_up_down,0.3990,0.7180,1.2137,1.6902,0.9840,0.5000,63.3061,11860
43,48,Tokyo_Small,train,FaithfulMAPPER,3600,8,132,87,0.6591,0.9242,0.0758,696.5977,232.1992,0.4177,0.9982,205.6164,511.4068,809.8797,0.7878,28.4553,26.2045,715.0383,223.5891,40.0455,5005.6816,0,0,0.0048,3.8879,0.6913,0.5500,209,0.7131,0.2869,0.9852,12.1967,wave,0.3247,0.5928,1.2698,1.1038,0.9308,0.5000,43.6405,5286
43,49,Tokyo_Small,train,MAPPO,3600,8,127,52,0.4094,0.9370,0.0630,718.0961,239.3654,0.3947,0.9841,268.3111,407.2273,1312.3495,0.9782,28.7823,26.2551,916.7435,214.9049,134.7244,16840.5508,0,0,-0.0368,10.1389,0.6926,3.1871,229,0.4370,0.5630,0.9925,12.1967,wave,0.3706,0.6630,1.2337,1.3150,0.9444,0.0000,5.8412,17110
43,50,Kyoto_Small,train,FaithfulMAPPER,3600,8,131,76,0.5802,0.9389,0.0611,648.0132,324.0066,0.2775,0.9625,213.6875,381.7000,905.5363,0.8475,20.1130,18.7588,801.9055,164.2039,108.7710,13596.3740,0,0,0.0414,11.8882,0.6919,0.5404,242,0.6179,0.3821,0.9775,6.5039,ramp_up_down,0.4276,0.8479,1.2735,1.4052,0.9531,0.3333,32.5802,14249
43,51,Kyoto_Small,train,MAPPO,3600,8,133,85,0.6391,0.9774,0.0226,792.8353,396.4176,0.2841,0.9926,252.0811,542.7931,1017.8311,0.8075,19.8115,18.3952,784.1024,183.9856,39.8120,4976.5039,0,0,-0.0009,8.5759,0.6925,2.9353,254,0.6538,0.3462,0.9857,6.5039,ramp_up_down,0.3418,0.6046,1.2344,1.6693,0.9847,0.5000,48.5149,5295
43,52,LosAngeles_Small,train,FaithfulMAPPER,3600,8,134,64,0.4776,0.9328,0.0672,804.0312,268.0104,0.4318,0.9876,236.7857,562.3800,1212.3447,1.0000,23.4667,20.2696,874.0117,186.8695,55.3507,6918.8433,0,0,0.0010,2.9954,0.6915,0.5476,215,0.5120,0.4880,0.9776,6.5039,ramp_up_down,0.4441,0.8123,1.1972,1.3625,0.9466,0.3333,0.0000,7417
43,53,LosAngeles_Small,train,MAPPO,3600,8,128,39,0.3047,0.9531,0.0469,919.2820,919.2820,0.2125,0.9680,220.2424,648.8710,1083.1462,0.9836,23.7504,20.6214,918.1454,193.1074,225.8984,28237.3047,0,0,0.0375,16.5713,0.6919,3.4970,257,0.3197,0.6803,0.9844,6.5039,ramp_up_down,0.4779,0.9245,1.3005,1.1497,0.9603,0.5000,3.6132,28915
43,54,Tokyo_Small,train,FaithfulMAPPER,3600,8,129,79,0.6124,0.9302,0.0698,699.3418,699.3418,0.2288,0.9739,201.3662,545.7000,1052.4048,1.0000,27.4957,24.6583,860.7539,198.3828,38.1008,4762.5967,0,0,0.0642,3.6200,0.6893,0.6775,202,0.6583,0.3417,0.9771,6.5039,ramp_up_down,0.4823,0.8830,1.2882,1.1864,0.9444,0.3333,0.0000,4915
43,55,Tokyo_Small,train,MAPPO,3600,8,112,60,0.5357,0.9107,0.0893,826.4833,413.2417,0.3167,0.9886,305.3529,453.5349,1277.3649,0.8366,29.3250,25.8753,834.4115,244.1315,92.2500,11531.2500,0,0,0.0162,7.4702,0.6914,2.6882,227,0.5882,0.4118,0.9821,6.5039,ramp_up_down,0.2125,0.3931,1.2678,1.3274,0.9182,0.5000,49.8800,10332
43,56,Kyoto_Small,train,FaithfulMAPPER,3600,8,136,79,0.5809,0.9926,0.0074,772.2911,386.1456,0.3214,0.9842,274.3134,527.5306,1069.6943,0.7799,20.0867,18.8119,751.2288,178.9637,35.1544,4394.3013,0,0,0.0136,6.6808,0.6887,0.5826,278,0.5852,0.4148,0.9930,12.1967,wave,0.4713,0.8607,1.2115,1.9496,1.0000,0.0000,60.3746,4781
43,57,Kyoto_Small,train,MAPPO,3600,8,128,68,0.5312,0.9844,0.0156,812.3088,406.1544,0.2752,0.9965,243.4915,544.7692,996.9728,0.8189,19.7938,16.8083,838.8766,176.5936,98.6016,12325.1953,0,0,0.0156,12.8573,0.6908,3.5542,265,0.5397,0.4603,0.9851,12.1967,wave,0.4274,0.7534,1.2459,1.5099,0.9921,0.5000,44.0970,12621
43,58,LosAngeles_Small,train,FaithfulMAPPER,3600,8,123,59,0.4797,0.9593,0.0407,685.7119,228.5706,0.4773,1.0006,216.4898,450.5869,1024.1202,0.9461,22.6767,19.7583,793.1006,214.1112,100.0081,12501.0166,0,0,0.0026,4.9620,0.6913,0.4664,208,0.5000,0.5000,1.0000,2.0000,flat,0.4208,0.7782,1.2174,1.5545,0.9593,0.0000,11.6657,12301
43,59,LosAngeles_Small,train,MAPPO,3600,8,112,55,0.4911,0.9464,0.0536,802.9272,267.6424,0.4022,1.0001,290.2609,550.1429,1288.8162,0.8880,22.7908,20.5673,859.7608,228.7166,46.4018,5800.2231,0,0,-0.0155,7.8762,0.6902,2.8050,236,0.5189,0.4811,1.0000,2.0000,flat,0.3333,0.5995,1.3128,1.1898,0.9464,0.0000,32.4976,5197
43,60,Tokyo_Small,train,FaithfulMAPPER,3600,8,116,69,0.5948,0.9655,0.0345,612.5507,306.2754,0.2926,0.9775,208.4833,463.7636,1040.5792,0.9982,29.2371,26.3343,798.2904,232.2259,57.8707,7233.8364,0,0,-0.0418,5.3339,0.6897,0.5703,208,0.6161,0.3839,0.9828,9.5000,building_up,0.3566,0.6398,1.3254,1.1157,0.9737,0.5000,0.3675,6713
43,61,Tokyo_Small,train,MAPPO,3600,8,134,47,0.3507,0.9403,0.0597,915.5319,915.5319,0.2285,0.9734,337.0555,503.3333,1399.9399,0.8307,29.5589,26.7162,883.6716,223.2661,289.9925,36249.0664,0,0,-0.0014,15.4005,0.6885,3.7038,270,0.3730,0.6270,0.9851,9.5000,building_up,0.3647,0.6527,1.2321,1.5103,0.9470,0.5000,57.0676,38859
43,62,Kyoto_Small,train,FaithfulMAPPER,3600,8,105,76,0.7238,0.9714,0.0286,675.0395,225.0132,0.4817,0.9705,234.8594,377.5926,1042.4761,0.8877,19.9284,17.4001,732.8149,186.3356,16.6952,2086.9048,0,0,0.0085,1.1587,0.6902,0.4652,197,0.7451,0.2549,0.9723,6.5039,ramp_up_down,0.4013,0.7325,1.1885,1.5816,0.9902,0.3333,26.3642,1753
43,63,Kyoto_Small,train,MAPPO,3600,8,128,72,0.5625,0.9766,0.0234,647.3195,323.6597,0.3320,0.9856,257.8000,364.6400,1046.8259,0.8121,19.7822,17.7998,798.3890,169.4097,43.6562,5457.0312,0,0,0.0000,8.5372,0.6883,2.8550,286,0.5760,0.4240,0.9844,6.5039,ramp_up_down,0.3448,0.6081,1.2508,1.6244,0.9841,0.5000,48.4348,5588
43,64,LosAngeles_Small,train,FaithfulMAPPER,3600,8,114,52,0.4561,0.9298,0.0702,852.9423,426.4712,0.3342,0.9587,223.9556,642.4762,1137.2767,1.0000,23.8296,21.5465,880.0049,225.5213,57.3596,7169.9561,0,0,0.0130,9.1849,0.6899,0.5133,184,0.4906,0.5094,0.9659,6.5039,ramp_up_down,0.4010,0.7230,1.2462,1.2391,0.9636,0.0000,0.0000,6539
43,65,LosAngeles_Small,train,MAPPO,3600,8,151,52,0.3444,0.9470,0.0530,774.9039,774.9039,0.2073,0.9584,198.1915,553.7105,864.6990,0.8726,24.4316,23.0145,812.9594,215.3277,428.9007,53612.5820,0,0,0.0122,21.1869,0.6879,4.1162,304,0.3636,0.6364,0.9868,6.5039,ramp_up_down,0.3924,0.7081,1.2560,1.4295,0.9597,0.0000,25.2517,64764
43,66,Tokyo_Small,train,FaithfulMAPPER,3600,8,130,55,0.4231,0.9462,0.0538,665.7636,221.9212,0.4170,0.9797,239.5625,437.4773,1134.9865,0.9475,29.3308,27.6932,829.4931,209.4624,159.2692,19908.6543,0,0,0.0051,14.2091,0.6890,0.5378,239,0.4472,0.5528,0.9769,12.1967,wave,0.3408,0.6085,1.2994,1.4047,0.9606,0.3333,12.5652,20705
43,67,Tokyo_Small,train,MAPPO,3600,8,130,53,0.4077,0.9308,0.0692,747.2075,249.0692,0.3825,0.9985,237.5870,535.2368,1174.9639,0.9891,28.7654,25.7910,829.3401,227.5430,76.0769,9509.6152,0,0,-0.0031,9.1832,0.6874,3.0258,247,0.4380,0.5620,0.9846,12.1967,wave,0.3967,0.7230,1.2100,1.2477,0.9375,0.5000,2.5942,9890
43,68,Kyoto_Small,train,FaithfulMAPPER,3600,8,121,53,0.4380,0.9339,0.0661,692.9434,230.9811,0.4271,0.9885,266.7451,426.9167,1092.3563,0.8190,19.1611,17.3826,832.6668,179.8406,194.1488,24268.5957,0,0,-0.0088,12.7074,0.6881,0.4265,224,0.4690,0.5310,0.9842,12.1967,wave,0.3918,0.7330,1.3115,1.3166,0.9412,0.5000,48.2738,23492
43,69,Kyoto_Small,train,MAPPO,3600,8,117,66,0.5641,0.9829,0.0171,813.7879,271.2626,0.4380,0.9845,263.4310,507.1304,1132.3607,0.8597,19.6245,16.8207,835.3152,189.2878,45.2222,5652.7778,0,0,0.0101,8.9130,0.6837,3.0113,261,0.5739,0.4261,0.9918,12.1967,wave,0.4007,0.7394,1.3300,0.8493,0.9914,0.0000,36.9589,5291
43,70,LosAngeles_Small,train,FaithfulMAPPER,3600,8,139,64,0.4604,0.9496,0.0504,809.6562,404.8281,0.2765,0.9951,258.7500,453.8333,1193.9323,0.9228,23.6853,22.6206,865.0665,195.5529,80.3813,10047.6621,0,0,0.0047,8.4829,0.6881,0.6124,244,0.4848,0.5152,0.9784,6.5039,ramp_up_down,0.3667,0.6641,1.2553,1.2236,0.9632,0.3333,19.9635,11173
43,71,LosAngeles_Small,train,MAPPO,3600,8,107,71,0.6636,0.9533,0.0467,682.9718,341.4859,0.3124,0.9586,281.2000,432.8511,994.6981,0.7075,23.9639,20.1574,810.9585,218.2485,26.0935,3261.6821,0,0,-0.0329,5.7457,0.6836,2.3825,233,0.6961,0.3039,0.9813,6.5039,ramp_up_down,0.4600,0.8460,1.2468,1.1766,0.9714,0.0000,82.2604,2792
43,72,Tokyo_Small,train,FaithfulMAPPER,3600,8,157,67,0.4268,0.9745,0.0255,700.2985,350.1493,0.3187,0.9848,226.2000,512.3913,1082.8939,0.9575,29.6831,28.1630,758.6234,179.8286,113.1465,14143.3125,0,0,-0.0063,6.2454,0.6876,0.4828,297,0.4379,0.5621,0.9682,9.5000,building_up,0.3881,0.6948,1.1783,1.2247,0.9934,0.4000,9.6212,17764
43,73,Tokyo_Small,train,MAPPO,3600,8,113,50,0.4425,0.9469,0.0531,721.9800,360.9900,0.3017,0.9840,240.1555,467.1000,1011.1364,0.8421,28.9395,26.5954,822.3579,224.6820,72.5664,9070.7969,0,0,0.0087,8.0321,0.6853,2.7120,274,0.4673,0.5327,0.9739,9.5000,building_up,0.4583,0.8430,1.2819,1.2890,0.9636,0.3333,37.9283,8200
43,74,Kyoto_Small,train,FaithfulMAPPER,3600,8,126,67,0.5317,0.9762,0.0238,666.5522,333.2761,0.3334,0.9810,206.1091,504.7609,1033.5862,1.0000,19.5815,17.8333,791.9752,169.7497,64.4048,8050.5952,0,0,-0.0071,8.9954,0.6892,0.5445,200,0.5447,0.4553,0.9841,6.5039,ramp_up_down,0.3842,0.6976,1.3168,1.4118,0.9839,0.5000,0.0000,8115
43,75,Kyoto_Small,train,MAPPO,3600,8,157,75,0.4777,0.9745,0.0255,784.5867,261.5289,0.4672,0.9734,253.8438,482.8600,1107.3174,0.8724,19.8804,18.0094,796.8876,155.3867,78.4650,9808.1211,0,0,-0.0113,9.6648,0.6868,2.9764,329,0.4902,0.5098,0.9873,6.5039,ramp_up_down,0.4424,0.8469,1.2279,1.4849,0.9806,0.5000,32.3803,12319
43,76,LosAngeles_Small,train,FaithfulMAPPER,3600,8,142,76,0.5352,0.9437,0.0563,657.7500,657.7500,0.1919,0.9586,199.9848,472.6852,927.7452,0.9278,23.7699,19.1127,782.4158,162.7288,53.3521,6669.0142,0,0,0.0317,7.2111,0.6877,0.5539,259,0.5672,0.4328,0.9718,6.5039,ramp_up_down,0.3521,0.6365,1.2820,1.3673,0.9710,0.0000,14.4358,7576
43,77,LosAngeles_Small,train,MAPPO,3600,8,136,50,0.3676,0.9191,0.0809,548.2600,548.2600,0.2038,0.9817,186.8182,436.3111,973.4600,1.0000,24.5280,22.1702,847.6405,190.9142,199.1250,24890.6250,0,0,-0.0000,12.9164,0.6855,3.3609,276,0.4000,0.6000,0.9779,6.5039,ramp_up_down,0.4429,0.9147,1.1778,1.2925,0.9323,0.3333,0.0000,27081
43,78,Tokyo_Small,train,FaithfulMAPPER,3600,8,121,53,0.4380,0.9339,0.0661,823.9245,274.6415,0.3788,0.9654,234.7111,577.4878,951.1844,0.8105,29.7176,28.3811,773.7684,239.3945,61.4793,7684.9175,0,0,-0.0081,5.1505,0.6878,0.4873,218,0.4690,0.5310,0.9835,6.5039,ramp_up_down,0.3365,0.5930,1.2230,1.0309,0.9412,0.5000,44.4742,7439
43,79,Tokyo_Small,train,MAPPO,3600,8,112,49,0.4375,0.8661,0.1339,852.7143,426.3571,0.3066,0.9857,282.0000,480.2000,1266.1545,0.8980,28.8351,25.9102,922.7537,233.8999,61.0714,7633.9287,0,0,-0.0005,10.7848,0.6837,3.2834,224,0.5052,0.4948,0.9821,6.5039,ramp_up_down,0.2667,0.4873,1.2566,1.5443,0.8727,0.5000,28.7691,6840
43,80,Kyoto_Small,train,FaithfulMAPPER,3600,8,140,73,0.5214,0.9929,0.0071,664.7397,332.3699,0.3570,0.9664,206.8806,442.4107,1101.1310,1.0000,19.7932,17.2293,908.0187,153.8886,83.5929,10449.1074,0,0,0.0739,9.9030,0.6875,0.5352,267,0.5252,0.4748,0.9863,9.5000,building_up,0.3994,0.7390,1.1897,0.8729,1.0000,0.5000,0.0000,11703
43,81,Kyoto_Small,train,MAPPO,3600,8,113,78,0.6903,0.9558,0.0442,712.7949,356.3974,0.2690,0.9972,253.6875,434.7647,1030.9747,0.8128,19.4903,17.9064,780.3193,182.2343,14.6283,1828.5398,0,0,-0.0001,4.1407,0.6829,1.8070,256,0.7222,0.2778,0.9823,9.5000,building_up,0.3431,0.6240,1.2174,1.2138,0.9640,0.5000,47.4926,1653
43,82,LosAngeles_Small,train,FaithfulMAPPER,3600,8,134,66,0.4925,0.9701,0.0299,660.6970,660.6970,0.1915,0.9867,248.0179,436.8723,1077.1371,0.8686,23.3966,21.1946,851.4781,201.9402,54.2910,6786.3804,0,0,0.0011,9.2851,0.6866,0.6353,237,0.5077,0.4923,0.9782,6.5039,ramp_up_down,0.4025,0.7356,1.2312,1.2334,0.9847,0.3333,32.5904,7275
43,83,LosAngeles_Small,train,MAPPO,3600,8,103,53,0.5146,0.9612,0.0388,872.6981,872.6981,0.2146,0.9586,283.6522,574.4286,1321.1146,0.9315,23.1849,21.2139,928.0708,218.7345,69.0291,8628.6406,0,0,-0.0053,10.7587,0.6816,3.1806,204,0.5354,0.4646,0.9810,6.5039,ramp_up_down,0.2609,0.4581,1.2077,1.0778,0.9802,0.0000,19.4292,7110
43,84,Tokyo_Small,train,FaithfulMAPPER,3600,8,148,89,0.6014,0.9730,0.0270,654.4382,163.6096,0.6096,0.9693,200.7973,444.3548,1007.4929,1.0000,28.0358,25.9625,934.0452,208.9648,50.6892,6336.1484,0,0,0.0052,6.5727,0.6864,0.7503,254,0.6181,0.3819,0.9865,6.5039,ramp_up_down,0.3801,0.7365,1.2621,1.2413,0.9795,0.5000,0.0000,7502
43,85,Tokyo_Small,train,MAPPO,3600,8,121,56,0.4628,0.9421,0.0579,741.5000,370.7500,0.2907,0.9665,214.9375,474.9474,950.7457,0.8847,29.0754,27.0762,816.0803,215.4458,83.1405,10392.5615,0,0,0.0392,8.6765,0.6801,2.8258,292,0.4912,0.5088,0.9845,6.5039,ramp_up_down,0.4022,0.7585,1.2979,0.7950,0.9496,0.5000,24.7884,10060
43,86,Kyoto_Small,train,FaithfulMAPPER,3600,8,129,69,0.5349,0.9690,0.0310,617.5363,308.7681,0.3602,0.9843,181.9322,429.0385,895.9982,0.9850,19.8494,17.7373,757.9338,163.1141,48.2791,6034.8838,0,0,-0.0152,8.0731,0.6886,0.4883,209,0.5520,0.4480,1.0004,12.1967,wave,0.3900,0.7110,1.3115,1.0106,0.9690,0.0000,2.7326,6228
43,87,Kyoto_Small,train,MAPPO,3600,8,151,88,0.5828,0.9735,0.0265,746.7955,248.9318,0.4091,0.9946,238.7778,518.7627,1069.8434,0.8961,19.4156,18.0676,826.1906,145.9210,27.0132,3376.6555,0,0,-0.0058,7.4548,0.6781,2.7338,305,0.5986,0.4014,0.9876,12.1967,wave,0.4417,0.7803,1.2324,1.1316,0.9799,0.5000,24.8091,4079
43,88,LosAngeles_Small,train,FaithfulMAPPER,3600,8,129,56,0.4341,0.8837,0.1163,735.3571,367.6786,0.2812,1.0003,223.2826,524.1667,1023.7523,0.9170,23.5109,20.7992,836.1298,208.6605,64.5814,8072.6743,0,0,-0.0431,7.2358,0.6864,0.6059,185,0.4912,0.5088,1.0000,5.8000,shock_burst,0.4704,0.8459,1.2073,1.3396,0.8837,0.0000,18.5322,8331
43,89,LosAngeles_Small,train,MAPPO,3600,8,136,51,0.3750,0.9853,0.0147,742.9804,371.4902,0.2871,1.0002,228.3556,519.7568,1083.4579,0.9489,23.6043,20.1860,922.8806,195.3786,369.9044,46238.0508,0,0,0.0028,17.1423,0.6743,3.5933,312,0.3806,0.6194,1.0000,5.8000,shock_burst,0.4910,0.9555,1.1831,1.4229,0.9853,0.0000,11.6640,50307
43,90,Tokyo_Small,train,FaithfulMAPPER,3600,8,141,64,0.4539,0.9574,0.0426,763.2344,254.4115,0.4549,1.0003,306.2000,437.0425,1198.5492,0.7829,29.7699,28.0199,945.3767,207.9713,146.9858,18373.2266,0,0,0.0127,12.9739,0.6843,0.6950,233,0.4741,0.5259,1.0000,2.0000,flat,0.3838,0.7444,1.2370,1.0104,0.9574,0.0000,66.4902,20725
43,91,Tokyo_Small,train,MAPPO,3600,8,118,68,0.5763,0.9492,0.0508,674.4706,337.2353,0.3264,1.0002,229.0667,527.5000,894.7090,0.7812,28.4050,25.1608,815.8709,216.3304,92.2458,11530.7207,0,0,-0.0171,8.5034,0.6779,2.9140,264,0.6071,0.3929,1.0000,2.0000,flat,0.4425,0.8434,1.2747,1.1554,0.9492,0.0000,50.1249,10885
43,92,Kyoto_Small,train,FaithfulMAPPER,3600,8,135,83,0.6148,0.9630,0.0370,697.9639,232.6546,0.4784,1.0002,214.8235,509.9831,1040.0114,0.9682,19.6868,18.3582,840.6996,174.9588,27.3481,3418.5186,0,0,-0.0001,3.8698,0.6828,0.5308,231,0.6385,0.3615,1.0000,2.0000,flat,0.3663,0.6452,1.2478,1.0871,0.9630,0.0000,6.8213,3692
43,93,Kyoto_Small,train,MAPPO,3600,8,147,75,0.5102,0.9728,0.0272,819.4933,204.8733,0.6097,1.0002,272.8254,583.5769,1099.4087,0.8059,19.6053,18.4913,851.1912,162.7840,51.3741,6421.7686,0,0,0.0008,10.9151,0.6781,3.2972,342,0.5245,0.4755,1.0009,2.0000,flat,0.3262,0.5794,1.2606,0.9263,0.9728,0.0000,52.9437,7552
43,94,LosAngeles_Small,train,FaithfulMAPPER,3600,8,135,72,0.5333,0.9630,0.0370,737.0833,368.5417,0.2664,0.9501,222.0167,525.8627,1034.9142,0.9323,23.6925,21.3830,871.1426,187.0250,65.9259,8240.7412,0,0,-0.0462,8.9074,0.6814,0.6409,221,0.5538,0.4462,0.9855,9.5000,building_up,0.2861,0.5236,1.2205,1.0567,0.9774,0.0000,15.0338,8900
43,95,LosAngeles_Small,train,MAPPO,3600,8,132,52,0.3939,0.9697,0.0303,984.5000,984.5000,0.2038,0.9794,243.0652,645.2250,1178.2555,0.9695,24.1218,22.2772,840.6065,199.6985,222.6212,27827.6523,0,0,-0.0053,13.8862,0.6730,3.5653,309,0.4062,0.5938,0.9854,9.5000,building_up,0.3352,0.5961,1.2671,1.6218,0.9769,0.5000,7.4141,29386
43,96,Tokyo_Small,train,FaithfulMAPPER,3600,8,131,51,0.3893,0.9084,0.0916,877.8431,438.9216,0.2819,1.0002,285.0000,636.1081,1164.5194,0.8172,29.7013,26.7547,807.2061,228.7691,141.9618,17745.2285,0,0,-0.0093,11.9987,0.6796,0.6249,196,0.4286,0.5714,1.0014,5.8000,shock_burst,0.4045,0.7413,1.3103,1.2761,0.9084,0.0000,52.0961,18597
43,97,Tokyo_Small,train,MAPPO,3600,8,131,68,0.5191,0.9084,0.0916,762.0883,254.0294,0.3919,1.0007,244.4828,563.3091,1045.7659,0.8555,29.0716,26.9468,817.7470,212.3427,81.9008,10237.5957,0,0,0.0823,7.8619,0.6736,2.7970,290,0.5714,0.4286,1.0003,5.8000,shock_burst,0.3847,0.7857,1.2309,1.3125,0.9084,0.0000,35.3296,10729
43,98,Kyoto_Small,train,FaithfulMAPPER,3600,8,129,68,0.5271,0.9922,0.0078,763.4265,381.7132,0.2512,1.0002,223.8814,522.9388,1013.8919,0.9057,19.9654,18.1984,764.3441,180.4978,56.2171,7027.1318,0,0,0.0020,6.9420,0.6796,0.5020,238,0.5312,0.4688,1.0000,2.0000,flat,0.3316,0.6180,1.2469,1.6260,0.9922,0.0000,21.1030,7252
43,99,Kyoto_Small,train,MAPPO,3600,8,125,73,0.5840,0.9680,0.0320,859.6439,429.8219,0.2941,1.0004,291.9524,556.1200,1070.3717,0.7333,19.6967,17.7543,848.8314,171.2463,50.8480,6356.0000,0,0,0.0007,10.7686,0.6744,3.2547,277,0.6033,0.3967,1.0000,2.0000,flat,0.4053,0.7609,1.2309,1.2374,0.9680,0.0000,77.8781,6356
43,100,LosAngeles_Small,train,FaithfulMAPPER,3600,8,135,60,0.4444,0.9556,0.0444,831.7333,277.2444,0.4145,1.0002,270.7647,544.3405,1006.3114,0.7433,24.0676,21.1052,873.8863,198.4407,238.2741,29784.2598,0,0,-0.0040,13.7451,0.6792,0.4697,229,0.4651,0.5349,1.0000,2.0000,flat,0.3376,0.6361,1.2347,1.2721,0.9556,0.0000,69.5024,32167
43,101,LosAngeles_Small,train,MAPPO,3600,8,117,60,0.5128,0.9658,0.0342,786.7000,262.2333,0.4651,1.0002,255.1296,553.5532,1124.8083,0.8818,23.7266,21.7579,945.6963,218.7797,169.1538,21144.2305,0,0,-0.0024,10.6222,0.6752,3.1703,314,0.5310,0.4690,1.0000,2.0000,flat,0.3333,0.5886,1.1748,1.2521,0.9658,0.0000,30.1680,19791
43,102,Tokyo_Small,train,FaithfulMAPPER,3600,8,130,72,0.5538,0.9769,0.0231,641.3055,213.7685,0.3774,0.9755,239.6719,414.0545,1084.2241,0.9048,29.6015,26.7829,860.6022,213.4732,37.7154,4714.4229,0,0,0.0574,6.7863,0.6793,0.6442,195,0.5669,0.4331,0.9846,6.5039,ramp_up_down,0.3434,0.6053,1.2684,1.1867,0.9844,0.5000,22.8271,4903
43,103,Tokyo_Small,train,MAPPO,3600,8,125,78,0.6240,0.9600,0.0400,851.6795,283.8932,0.3832,0.9831,225.5303,611.3461,1036.2067,0.9189,29.2944,26.6602,870.9356,219.5249,48.1520,6019.0000,0,0,-0.0036,6.9638,0.6759,2.6441,311,0.6500,0.3500,0.9840,6.5039,ramp_up_down,0.3900,0.7071,1.2535,1.3612,0.9675,0.5000,18.2890,6019
43,104,Kyoto_Small,train,FaithfulMAPPER,3600,8,128,69,0.5391,0.9453,0.0547,708.8840,236.2947,0.4406,0.9844,238.4098,476.5600,1153.2684,0.9675,19.8802,18.0455,821.6791,165.5849,25.6641,3208.0078,0,0,0.0066,3.5720,0.6788,0.5799,196,0.5702,0.4298,0.9925,12.1967,wave,0.4198,0.7816,1.2525,0.9534,0.9528,0.0000,7.7561,3285
43,105,Kyoto_Small,train,MAPPO,3600,8,125,74,0.5920,0.9760,0.0240,815.7838,407.8919,0.3155,0.9846,228.8548,572.5400,959.3405,0.8384,19.9756,18.4055,793.9288,185.3404,35.0880,4386.0000,0,0,-0.0000,7.5440,0.6736,2.7649,287,0.6066,0.3934,0.9928,12.1967,wave,0.3729,0.6712,1.2648,1.3165,0.9839,0.0000,36.9867,4386
43,106,LosAngeles_Small,train,FaithfulMAPPER,3600,8,111,70,0.6306,0.9640,0.0360,795.1286,198.7822,0.5423,0.9824,273.3833,484.5510,1109.3749,0.8116,22.4865,20.8775,841.1586,199.7879,33.8468,4230.8560,0,0,-0.0432,2.4473,0.6757,0.4682,181,0.6542,0.3458,1.0005,12.1967,wave,0.3714,0.6547,1.1851,1.5296,0.9640,0.0000,51.5084,3757
43,107,LosAngeles_Small,train,MAPPO,3600,8,127,61,0.4803,0.9606,0.0394,776.8033,258.9344,0.4298,0.9843,269.8776,557.3488,1149.6422,0.8520,22.9842,20.9120,884.3044,181.2836,160.6378,20079.7246,0,0,-0.0084,10.7844,0.6723,3.2705,301,0.5000,0.5000,0.9921,12.1967,wave,0.3462,0.6093,1.2768,1.0057,0.9683,0.0000,39.9491,20401
43,108,Tokyo_Small,train,FaithfulMAPPER,3600,8,110,61,0.5545,0.9273,0.0727,698.9180,232.9727,0.4448,1.0001,193.5000,495.3585,1061.4912,1.0000,28.8063,27.6701,818.5774,229.8244,90.6818,11335.2275,0,0,-0.0114,9.0858,0.6777,0.5559,182,0.5980,0.4020,1.0000,2.0000,flat,0.3542,0.6268,1.2265,1.2237,0.9273,0.0000,0.0000,9975
43,109,Tokyo_Small,train,MAPPO,3600,8,136,56,0.4118,0.9779,0.0221,742.4643,247.4881,0.4003,1.0003,325.1224,540.5952,1217.6252,0.7490,29.6860,27.1273,958.0344,198.8381,66.4559,8306.9854,0,0,0.0034,9.1431,0.6714,2.8089,337,0.4211,0.5789,1.0011,2.0000,flat,0.4535,0.8579,1.2861,0.9193,0.9779,0.0000,81.5974,9038
43,110,Kyoto_Small,train,FaithfulMAPPER,3600,8,119,59,0.4958,0.9832,0.0168,783.3898,783.3898,0.2080,1.0004,178.2857,595.2325,1024.2246,1.0000,20.0807,18.3238,839.3586,187.4529,210.4538,26306.7227,0,0,0.0063,10.8287,0.6765,0.4892,195,0.5043,0.4957,1.0012,2.0000,flat,0.3245,0.5946,1.2388,1.0683,0.9832,0.0000,0.0000,25044
43,111,Kyoto_Small,train,MAPPO,3600,8,110,61,0.5545,0.9455,0.0545,737.1312,368.5656,0.3004,1.0000,239.8627,493.1250,1049.1276,0.8748,19.5070,17.8145,866.8939,195.7326,54.9455,6868.1816,0,0,0.0092,10.5835,0.6713,3.2610,235,0.5865,0.4135,1.0000,2.0000,flat,0.3689,0.6633,1.2721,1.2524,0.9455,0.0000,30.0372,6044
43,112,LosAngeles_Small,train,FaithfulMAPPER,3600,8,117,63,0.5385,0.9402,0.0598,705.2222,352.6111,0.3098,0.9504,231.4200,493.8049,1017.8365,0.8796,22.4298,18.9219,874.3503,213.0391,39.5556,4944.4443,0,0,0.0058,7.9268,0.6732,0.5540,191,0.5727,0.4273,0.9829,9.5000,building_up,0.3173,0.5653,1.2582,1.2084,0.9565,0.0000,27.8527,4628
43,113,LosAngeles_Small,train,MAPPO,3600,8,103,51,0.4951,0.9903,0.0097,942.2157,942.2157,0.1642,0.9682,245.4783,732.2105,1225.7667,0.9987,22.8776,21.0617,833.3629,198.1001,70.0194,8752.4268,0,0,-0.0183,7.1677,0.6686,2.6707,270,0.5000,0.5000,0.9812,9.5000,building_up,0.3415,0.6014,1.2730,1.1090,1.0000,0.5000,0.3249,7212
43,114,Tokyo_Small,train,FaithfulMAPPER,3600,8,130,67,0.5154,0.9308,0.0692,657.9552,657.9552,0.1654,0.9909,210.5893,397.1915,1036.4573,0.9843,28.8202,26.4323,867.3672,224.3616,124.1231,15515.3848,0,0,-0.0135,8.7196,0.6780,0.6871,200,0.5537,0.4463,0.9769,9.5000,building_up,0.4684,0.9185,1.2455,1.4235,0.9370,0.6667,3.2978,16136
43,115,Tokyo_Small,train,MAPPO,3600,8,126,54,0.4286,0.9683,0.0317,698.7222,698.7222,0.1881,0.9501,262.1042,437.7442,1184.0885,0.9035,29.0163,26.9096,898.2229,228.5540,265.5794,33197.4219,0,0,0.0035,13.7498,0.6709,3.6027,313,0.4426,0.5574,0.9921,9.5000,building_up,0.3010,0.5426,1.2757,1.2980,0.9760,0.0000,25.2865,33463
43,116,Kyoto_Small,train,FaithfulMAPPER,3600,8,154,81,0.5260,0.9870,0.0130,654.3333,327.1667,0.3367,1.0006,213.7857,507.2182,907.4524,0.8489,19.9379,18.2539,774.4474,154.6510,44.2143,5526.7856,0,0,-0.0617,5.9291,0.6749,0.5299,258,0.5329,0.4671,1.0000,5.8000,shock_burst,0.4778,0.9202,1.2061,1.4085,0.9870,0.0000,32.2952,6809
43,117,Kyoto_Small,train,MAPPO,3600,8,119,58,0.4874,0.9748,0.0252,786.2931,262.0977,0.4255,1.0002,219.1176,567.9333,1146.9390,1.0000,20.0178,18.8208,877.6268,198.7247,52.8571,6607.1431,0,0,-0.0057,9.9504,0.6683,3.1683,273,0.5000,0.5000,1.0000,5.8000,shock_burst,0.4615,0.8929,1.2558,1.0416,0.9748,0.0000,0.0000,6290
43,118,LosAngeles_Small,train,FaithfulMAPPER,3600,8,155,85,0.5484,0.9097,0.0903,738.0823,369.0412,0.3225,0.9841,255.2917,472.0364,1105.2324,0.8659,24.1560,22.3791,837.4384,184.5407,30.6581,3832.2581,0,0,0.0072,4.9052,0.6755,0.7326,231,0.6028,0.3972,0.9935,12.1967,wave,0.3154,0.5600,1.1962,1.1850,0.9156,0.0000,34.2452,4752
43,119,LosAngeles_Small,train,MAPPO,3600,8,110,57,0.5182,0.9545,0.0455,753.9474,376.9737,0.2685,0.9842,241.5306,484.5952,1097.3625,0.9087,22.6343,21.8364,869.1481,206.3103,113.4182,14177.2725,0,0,-0.0002,7.3467,0.6607,2.6983,319,0.5429,0.4571,0.9914,12.1967,wave,0.2700,0.4980,1.2092,1.2458,0.9633,0.0000,22.0581,12476
43,120,Tokyo_Small,train,FaithfulMAPPER,3600,8,124,46,0.3710,0.9274,0.0726,740.1087,740.1087,0.1681,1.0000,231.3000,485.6250,1190.9972,1.0000,29.5160,26.9963,956.7689,211.5976,114.5161,14314.5166,0,0,-0.0539,9.6044,0.6728,0.4939,171,0.4000,0.6000,1.0000,5.8000,shock_burst,0.4607,0.9146,1.2142,1.3588,0.9274,0.0000,0.0000,14200
43,121,Tokyo_Small,train,MAPPO,3600,8,127,69,0.5433,0.9528,0.0472,847.2029,282.4010,0.4494,1.0002,247.8833,534.7000,1179.1084,0.9513,28.1369,26.1906,886.2332,222.7673,66.8189,8352.3623,0,0,-0.0033,8.6261,0.6615,2.9449,300,0.5702,0.4298,1.0000,5.8000,shock_burst,0.3630,0.6532,1.2034,1.1831,0.9528,0.0000,12.0616,8486
43,122,Kyoto_Small,train,FaithfulMAPPER,3600,8,149,73,0.4899,0.9799,0.0201,887.1370,887.1370,0.2168,0.9965,296.6094,711.6667,1059.1108,0.7141,19.6217,18.7193,838.9702,170.7943,153.1007,19137.5840,0,0,0.0386,12.7950,0.6727,0.4566,244,0.5000,0.5000,0.9933,6.5039,ramp_up_down,0.4931,0.9593,1.2575,1.3711,0.9797,1.0000,84.7872,22812
43,123,Kyoto_Small,train,MAPPO,3600,8,133,56,0.4211,0.9474,0.0526,784.7321,784.7321,0.1736,0.9944,261.3469,481.8095,1100.8818,0.8425,19.4979,17.9695,821.2240,168.6694,73.7594,9219.9248,0,0,0.0124,9.9209,0.6637,2.8693,364,0.4444,0.5556,0.9857,6.5039,ramp_up_down,0.3894,0.7060,1.2317,1.2714,0.9542,0.5000,41.1706,9810
43,124,LosAngeles_Small,train,FaithfulMAPPER,3600,8,131,55,0.4198,0.9466,0.0534,706.2909,706.2909,0.2489,1.0001,264.1400,437.9286,1174.6884,0.8894,23.6381,21.9095,887.5847,193.6993,201.2519,25156.4883,0,0,-0.0007,22.1398,0.6669,0.4904,191,0.4435,0.5565,1.0000,5.8000,shock_burst,0.3407,0.6110,1.2503,1.2738,0.9466,0.0000,29.2023,26364
43,125,LosAngeles_Small,train,MAPPO,3600,8,131,33,0.2519,0.9313,0.0687,774.5455,387.2727,0.2900,1.0004,263.5714,528.1071,1246.0211,0.9455,23.7533,21.3564,859.1561,197.8342,366.9542,45869.2734,0,0,0.0390,17.0322,0.6682,3.5205,292,0.2705,0.7295,1.0000,5.8000,shock_burst,0.3319,0.5842,1.2708,1.2885,0.9313,0.0000,14.3672,48071
43,126,Tokyo_Small,train,FaithfulMAPPER,3600,8,120,63,0.5250,0.9667,0.0333,1066.3492,533.1746,0.2702,0.9807,223.9811,773.5652,1022.9039,0.9134,28.5332,26.6167,866.4097,232.3003,97.6167,12202.0830,0,0,0.0613,5.4664,0.6657,0.4556,202,0.5431,0.4569,0.9833,9.5000,building_up,0.4927,0.8954,1.2632,1.4095,0.9746,0.5000,19.4003,11714
43,127,Tokyo_Small,train,MAPPO,3600,8,134,45,0.3358,0.9478,0.0522,768.0222,0.0000,0.1016,0.9936,212.6667,547.3143,1159.3630,1.0000,29.3557,25.5079,836.4262,207.6875,172.5821,21572.7617,0,0,-0.0082,10.1923,0.6708,3.0221,304,0.3543,0.6457,0.9855,9.5000,building_up,0.4135,0.7498,1.2596,0.9638,0.9545,0.5000,0.0000,23126
43,128,Kyoto_Small,train,FaithfulMAPPER,3600,8,128,57,0.4453,0.9531,0.0469,771.1930,771.1930,0.1533,1.0004,202.0000,524.1778,1141.8397,1.0000,19.8692,18.6744,884.0692,179.7562,64.2891,8036.1328,0,0,-0.0877,7.5131,0.6706,0.5488,191,0.4672,0.5328,1.0003,5.8000,shock_burst,0.3924,0.7209,1.2150,1.4438,0.9531,0.0000,0.0000,8229
43,129,Kyoto_Small,train,MAPPO,3600,8,126,63,0.5000,0.9683,0.0317,630.5238,630.5238,0.1611,1.0003,211.6379,437.5686,1001.8092,0.9467,20.0642,19.0103,837.0829,191.4981,27.6349,3454.3650,0,0,0.0002,7.3088,0.6751,2.7232,319,0.5164,0.4836,1.0006,5.8000,shock_burst,0.2658,0.4779,1.2381,1.3653,0.9683,0.0000,11.2761,3482
43,130,LosAngeles_Small,train,FaithfulMAPPER,3600,8,131,60,0.4580,0.9542,0.0458,792.7333,396.3667,0.3212,1.0005,272.7800,596.0952,1062.5834,0.7791,22.7343,20.9047,789.7781,200.4179,118.2214,14777.6719,0,0,0.0460,10.9407,0.6711,0.5600,203,0.4800,0.5200,1.0000,2.0000,flat,0.3189,0.5797,1.2718,1.4064,0.9542,0.0000,60.2633,15487
43,131,LosAngeles_Small,train,MAPPO,3600,8,156,61,0.3910,0.9615,0.0385,973.1967,486.5984,0.3117,1.0002,264.1837,608.6667,1249.3347,0.9458,23.9971,22.8731,879.0450,191.6051,169.7308,21216.3457,0,0,0.0001,11.9232,0.6732,3.3703,381,0.4067,0.5933,1.0000,2.0000,flat,0.4701,0.8855,1.2498,1.4745,0.9615,0.0000,14.3167,26478
43,132,Tokyo_Small,train,FaithfulMAPPER,3600,8,146,62,0.4247,0.9384,0.0616,859.6613,859.6613,0.2152,0.9841,267.0588,593.6512,1201.5712,0.8999,28.5313,26.4751,864.1048,180.0288,57.6644,7208.0479,0,0,0.0085,6.7049,0.6693,0.6000,239,0.4526,0.5474,0.9932,12.1967,wave,0.4400,0.7965,1.2155,1.3747,0.9448,0.0000,26.7446,8419
43,133,Tokyo_Small,train,MAPPO,3600,8,127,57,0.4488,0.8819,0.1181,848.0000,212.0000,0.5008,0.9843,286.6038,602.1750,1317.8369,0.9196,29.0002,26.2908,1017.4870,227.2260,134.5905,16823.8184,0,0,-0.0010,15.1627,0.6741,3.8168,309,0.5089,0.4911,1.0008,12.1967,wave,0.4455,0.8270,1.2339,1.3329,0.8819,0.0000,23.0364,17093
43,134,Kyoto_Small,train,FaithfulMAPPER,3600,8,144,81,0.5625,0.9861,0.0139,799.4074,266.4691,0.4973,0.9843,274.5373,494.6909,1211.1395,0.8823,19.8159,18.1328,901.1165,172.8469,142.4583,17807.2910,0,0,-0.0168,14.5505,0.6690,0.6538,217,0.5704,0.4296,0.9931,12.1967,wave,0.3545,0.6364,1.2599,1.6883,0.9930,0.0000,32.3094,20514
43,135,Kyoto_Small,train,MAPPO,3600,8,143,68,0.4755,0.9650,0.0350,792.8383,396.4191,0.3397,0.9843,276.9825,469.6522,1124.3228,0.8118,19.7927,18.1169,838.0317,159.0634,34.8252,4353.1470,0,0,-0.0025,10.8380,0.6767,3.3052,311,0.4928,0.5072,0.9880,12.1967,wave,0.4444,0.7865,1.2767,1.2182,0.9787,0.0000,52.1179,4980
43,136,LosAngeles_Small,train,FaithfulMAPPER,3600,8,142,61,0.4296,0.9366,0.0634,660.2951,660.2951,0.1520,0.9862,257.9216,368.6667,924.1935,0.7166,24.1912,20.5411,820.5154,200.3076,95.3732,11921.6553,0,0,0.0040,14.0911,0.6700,0.5107,207,0.4586,0.5414,0.9794,6.5039,ramp_up_down,0.3442,0.6497,1.2256,1.3167,0.9496,0.3333,73.0829,13543
43,137,LosAngeles_Small,train,MAPPO,3600,8,125,55,0.4400,0.9680,0.0320,768.0182,0.0000,0.1242,0.9752,249.1111,459.0811,1175.4908,0.9437,24.1925,22.4103,838.4164,212.3230,274.4640,34308.0000,0,0,0.0035,11.8778,0.6753,3.4156,297,0.4545,0.5455,0.9845,6.5039,ramp_up_down,0.4396,0.8425,1.2781,1.5185,0.9756,0.5000,14.0129,34308
43,138,Tokyo_Small,train,FaithfulMAPPER,3600,8,119,66,0.5546,0.9076,0.0924,755.9697,151.1939,0.6270,0.9842,233.2586,509.4898,1059.7529,0.9087,28.6997,27.1085,779.9427,202.0780,36.7731,4596.6387,0,0,-0.0104,4.0411,0.6636,0.5475,176,0.6111,0.3889,0.9832,12.1967,wave,0.3800,0.7100,1.2888,1.2448,0.9231,0.0000,21.3080,4376
43,139,Tokyo_Small,train,MAPPO,3600,8,99,59,0.5960,0.9697,0.0303,762.0847,190.5212,0.5915,0.9927,231.1087,505.0465,976.2057,0.8448,28.3205,26.9588,884.4667,232.4249,44.0404,5505.0503,0,0,-0.0055,10.9979,0.6771,3.1865,248,0.6146,0.3854,0.9798,12.1967,wave,0.3745,0.6818,1.2413,0.9675,0.9794,0.5000,35.8676,4360
43,140,Kyoto_Small,train,FaithfulMAPPER,3600,8,121,75,0.6198,0.9256,0.0744,784.6667,392.3333,0.3095,0.9959,297.7969,469.0784,1039.6122,0.6982,19.9807,18.5839,789.7377,166.0917,40.4793,5059.9175,0,0,-0.0011,3.9157,0.6675,0.5364,189,0.6696,0.3304,0.9839,12.1967,wave,0.3600,0.6412,1.3079,1.1787,0.9328,0.5000,89.8744,4898
43,141,Kyoto_Small,train,MAPPO,3600,8,119,67,0.5630,0.9832,0.0168,782.0448,782.0448,0.2248,0.9870,281.7924,524.0889,1210.3905,0.8591,20.1283,19.3994,840.4948,195.2814,42.5714,5321.4287,0,0,0.0251,6.4704,0.6770,2.5850,321,0.5726,0.4274,0.9836,12.1967,wave,0.3392,0.6093,1.2336,1.7515,0.9915,0.5000,39.7144,5066
43,142,LosAngeles_Small,train,FaithfulMAPPER,3600,8,135,56,0.4148,0.9778,0.0222,928.1607,464.0804,0.3234,1.0002,263.2708,703.9487,1116.9821,0.8485,23.2804,21.8525,923.3840,195.5389,146.5259,18315.7402,0,0,-0.0203,14.0012,0.6717,0.5376,206,0.4242,0.5758,1.0000,2.0000,flat,0.3429,0.6270,1.2511,1.4831,0.9778,0.0000,39.8744,19781
43,143,LosAngeles_Small,train,MAPPO,3600,8,125,60,0.4800,0.9360,0.0640,858.6000,858.6000,0.2162,1.0002,173.5283,606.1334,958.4230,1.0000,23.8722,22.3342,818.9415,206.3022,58.4400,7305.0000,0,0,-0.0100,6.9309,0.6771,2.6129,263,0.5128,0.4872,1.0000,2.0000,flat,0.4316,0.7816,1.1683,1.1775,0.9360,0.0000,0.0000,7305
43,144,Tokyo_Small,train,FaithfulMAPPER,3600,8,129,42,0.3256,0.9380,0.0620,708.6429,0.0000,0.0554,1.0003,238.6579,455.4546,1079.5278,0.9047,29.3940,26.9478,815.2307,227.4773,278.0698,34758.7227,0,0,-0.0108,17.2178,0.6629,0.4293,177,0.3471,0.6529,1.0011,2.0000,flat,0.3536,0.6459,1.2204,1.2651,0.9380,0.0000,22.7523,35871
43,145,Tokyo_Small,train,MAPPO,3600,8,136,56,0.4118,0.9265,0.0735,913.6071,456.8036,0.2937,1.0001,263.6667,644.6047,1340.3276,1.0000,29.5889,28.2623,926.8870,211.4925,192.6544,24081.8008,0,0,0.0127,7.9409,0.6774,2.8098,294,0.4444,0.5556,1.0000,2.0000,flat,0.2685,0.4841,1.1783,1.0553,0.9265,0.0000,0.0000,26201
43,146,Kyoto_Small,train,FaithfulMAPPER,3600,8,129,58,0.4496,0.9767,0.0233,582.9483,291.4742,0.2946,1.0004,208.3192,425.0000,1066.5574,1.0000,19.5598,17.7695,786.4369,168.6686,192.2713,24033.9141,0,0,0.0194,14.5764,0.6632,0.4631,188,0.4603,0.5397,1.0000,5.8000,shock_burst,0.3824,0.7094,1.2684,1.6463,0.9767,0.0000,0.0000,24803
43,147,Kyoto_Small,train,MAPPO,3600,8,125,63,0.5040,0.8960,0.1040,674.6031,674.6031,0.1911,1.0002,201.0862,479.5818,1069.0392,1.0000,19.9188,18.5676,740.9510,206.6035,37.8640,4733.0000,0,0,-0.0021,6.0667,0.6796,2.3881,275,0.5625,0.4375,1.0003,5.8000,shock_burst,0.3281,0.5821,1.3008,1.2001,0.8960,0.0000,0.0000,4733
43,148,LosAngeles_Small,train,FaithfulMAPPER,3600,8,105,53,0.5048,0.9429,0.0571,926.4340,926.4340,0.1963,0.9851,276.3111,713.4750,1392.0376,1.0000,24.1074,20.2145,974.4609,227.0310,90.0476,11255.9521,0,0,-0.0285,5.0172,0.6569,0.4853,162,0.5354,0.4646,0.9810,6.5039,ramp_up_down,0.3917,0.6939,1.2031,1.4585,0.9515,0.5000,0.0000,9455
43,149,LosAngeles_Small,train,MAPPO,3600,8,151,54,0.3576,0.9470,0.0530,685.8333,685.8333,0.1445,0.9760,256.8261,404.5789,1078.7998,0.8401,23.8159,21.6568,866.0699,180.2604,368.2384,46029.8008,0,0,0.0035,11.0384,0.6777,2.9419,334,0.3776,0.6224,0.9884,6.5039,ramp_up_down,0.3197,0.5704,1.2371,1.2313,0.9530,0.5000,41.0661,55604
43,150,Tokyo_Small,train,FaithfulMAPPER,3600,8,132,80,0.6061,0.8636,0.1364,647.5000,323.7500,0.3224,0.9843,201.0896,448.8772,993.3887,0.9880,28.7563,26.4697,740.3256,220.4105,75.6667,9458.3330,0,0,-0.1209,3.5957,0.6641,0.4712,187,0.7018,0.2982,0.9934,12.1967,wave,0.3609,0.6890,1.2005,1.1906,0.8702,0.0000,2.4118,9988
43,151,Tokyo_Small,train,MAPPO,3600,8,129,62,0.4806,0.9225,0.0775,717.9677,717.9677,0.1422,0.9848,196.6786,560.1800,1006.8181,1.0000,28.4970,25.1596,831.4962,211.9509,82.6899,10336.2402,0,0,-0.0091,8.0435,0.6786,2.7856,306,0.5210,0.4790,0.9845,12.1967,wave,0.2639,0.4729,1.2342,1.0443,0.9291,0.5000,0.0000,10667
43,152,Kyoto_Small,train,FaithfulMAPPER,3600,8,133,73,0.5489,0.9474,0.0526,651.6849,651.6849,0.2429,1.0002,220.1343,470.7455,999.0842,0.9077,19.9929,18.4538,792.0901,166.7337,39.4361,4929.5112,0,0,-0.0052,5.6206,0.6606,0.6254,206,0.5794,0.4206,1.0000,2.0000,flat,0.3102,0.5542,1.2099,1.2247,0.9474,0.0000,20.3175,5245
43,153,Kyoto_Small,train,MAPPO,3600,8,135,69,0.5111,0.9481,0.0519,851.4493,425.7246,0.3430,1.0002,228.2742,580.1154,1100.5339,0.9642,19.7448,17.8595,846.2193,165.1246,111.1852,13898.1484,0,0,-0.0154,9.3219,0.6816,3.0117,302,0.5391,0.4609,1.0000,2.0000,flat,0.3354,0.6120,1.1833,1.1427,0.9481,0.0000,8.1674,15010
43,154,LosAngeles_Small,train,FaithfulMAPPER,3600,8,142,65,0.4577,0.9577,0.0423,839.3692,279.7897,0.4848,1.0005,257.7857,616.7273,1155.1270,0.8962,23.2225,21.3441,847.9884,163.4101,89.9859,11248.2393,0,0,0.0634,10.0002,0.6626,0.5576,213,0.4779,0.5221,1.0000,2.0000,flat,0.3588,0.6351,1.2524,1.6829,0.9577,0.0000,26.7603,12778
43,155,LosAngeles_Small,train,MAPPO,3600,8,126,69,0.5476,0.9206,0.0794,857.3043,285.7681,0.4638,1.0002,270.9167,584.1224,1293.3336,0.9548,23.6382,22.7749,853.3974,198.1751,84.0714,10508.9287,0,0,-0.0076,7.6525,0.6811,2.7399,279,0.5948,0.4052,1.0000,2.0000,flat,0.3373,0.6098,1.2950,1.2208,0.9206,0.0000,12.2499,10593
43,156,Tokyo_Small,train,FaithfulMAPPER,3600,8,122,59,0.4836,0.9098,0.0902,757.4915,378.7458,0.2925,1.0001,260.2400,484.6977,1091.8787,0.8391,29.3023,26.7282,750.9154,223.9941,34.6148,4326.8442,0,0,-0.0301,5.1173,0.6597,0.5857,182,0.5315,0.4685,1.0000,2.0000,flat,0.3667,0.6530,1.3205,1.0282,0.9098,0.0000,41.8643,4223
43,157,Tokyo_Small,train,MAPPO,3600,8,123,59,0.4797,0.9756,0.0244,828.4745,276.1582,0.4633,1.0002,317.9019,545.9762,1133.8542,0.7133,29.1787,26.6494,896.0266,214.4102,145.8699,18233.7402,0,0,-0.0002,12.9561,0.6798,3.4170,276,0.4917,0.5083,1.0000,2.0000,flat,0.4230,0.7739,1.3119,1.2321,0.9756,0.0000,91.1311,17942
43,158,Kyoto_Small,train,FaithfulMAPPER,3600,8,140,67,0.4786,0.9429,0.0571,860.4478,286.8159,0.4731,0.9866,261.3509,577.8163,1278.5352,0.9784,20.0665,19.1341,895.6100,187.2555,50.4571,6307.1431,0,0,-0.0252,7.9809,0.6607,0.5340,207,0.5076,0.4924,0.9857,6.5039,ramp_up_down,0.3276,0.5811,1.1996,1.6100,0.9493,0.5000,5.6439,7064
43,159,Kyoto_Small,train,MAPPO,3600,8,115,39,0.3391,0.9565,0.0435,669.8205,223.2735,0.3752,0.9811,222.5294,496.7812,1100.3589,0.9890,20.0620,18.3900,881.9757,189.0854,314.2348,39279.3477,0,0,-0.0064,14.7040,0.6772,3.4704,270,0.3545,0.6455,0.9831,6.5039,ramp_up_down,0.4750,0.9138,1.1822,1.1631,0.9646,0.5000,2.4576,36137
43,160,LosAngeles_Small,train,FaithfulMAPPER,3600,8,144,67,0.4653,0.9583,0.0417,804.1791,804.1791,0.2248,0.9713,209.7931,630.0889,948.8727,0.9046,23.2432,21.9888,893.1865,185.9679,141.2569,17657.1172,0,0,0.0172,10.1382,0.6641,0.4961,233,0.4855,0.5145,0.9796,9.5000,building_up,0.4191,0.7602,1.1537,1.2937,0.9716,0.3333,20.0186,20341
43,161,LosAngeles_Small,train,MAPPO,3600,8,129,54,0.4186,0.9845,0.0155,828.0370,414.0185,0.2734,0.9950,237.9149,622.4750,982.0494,0.8255,23.4433,22.5613,911.0576,202.7552,462.8915,57861.4336,0,0,0.0007,15.9808,0.6746,3.4823,348,0.4252,0.5748,0.9849,9.5000,building_up,0.4381,0.8755,1.2426,0.9291,0.9921,0.5000,41.5050,59713
43,162,Tokyo_Small,train,FaithfulMAPPER,3600,8,135,77,0.5704,0.9259,0.0741,823.0649,164.6130,0.6350,1.0002,330.0154,498.1818,1274.8938,0.7726,28.5961,26.5893,909.6853,214.4889,36.4519,4556.4814,0,0,0.0002,4.3819,0.6606,0.6866,208,0.6160,0.3840,1.0000,5.8000,shock_burst,0.2474,0.4476,1.2495,1.5864,0.9259,0.0000,75.0366,4921
43,163,Tokyo_Small,train,MAPPO,3600,8,117,55,0.4701,0.8974,0.1026,771.8364,192.9591,0.5393,1.0000,219.6304,523.8000,1263.0492,1.0000,29.1758,27.8906,998.1251,266.9340,64.5983,8074.7861,0,0,0.0086,12.2253,0.6790,3.4328,231,0.5238,0.4762,1.0000,5.8000,shock_burst,0.3280,0.5933,1.2793,1.1872,0.8974,0.0000,0.0000,7558
43,164,Kyoto_Small,train,FaithfulMAPPER,3600,8,120,61,0.5083,0.9750,0.0250,774.9344,387.4672,0.3572,0.9844,200.6731,558.5227,1156.5223,1.0000,20.0622,18.3626,851.9794,179.0403,65.1750,8146.8750,0,0,-0.0080,9.1372,0.6586,0.5577,173,0.5214,0.4786,0.9924,12.1967,wave,0.3309,0.6072,1.3023,1.2855,0.9832,0.0000,0.0000,7821
43,165,Kyoto_Small,train,MAPPO,3600,8,124,59,0.4758,0.9758,0.0242,802.8475,401.4237,0.3453,0.9843,256.5577,531.1628,1114.2025,0.8686,19.8145,18.5903,890.1363,170.4190,59.1613,7395.1611,0,0,0.0204,11.0762,0.6795,3.3310,271,0.4876,0.5124,1.0016,12.1967,wave,0.4178,0.7828,1.2486,0.7586,0.9758,0.0000,33.7172,7336
43,166,LosAngeles_Small,train,FaithfulMAPPER,3600,8,135,42,0.3111,0.9704,0.0296,931.6190,465.8095,0.2729,0.9867,276.3784,639.6896,1314.4193,0.9512,23.8986,21.8791,887.2104,184.9442,386.6370,48329.6289,0,0,0.0175,15.4570,0.6648,0.3688,222,0.3206,0.6794,0.9797,6.5039,ramp_up_down,0.4853,0.9825,1.2363,1.3355,0.9848,0.3333,13.4945,52196
43,167,LosAngeles_Small,train,MAPPO,3600,8,113,47,0.4159,0.9381,0.0619,657.2979,657.2979,0.2230,0.9588,203.3846,547.2000,1051.7484,1.0000,24.1990,23.0907,820.0020,237.7266,283.9026,35487.8320,0,0,-0.0079,11.8279,0.6776,3.4300,272,0.4434,0.5566,0.9916,6.5039,ramp_up_down,0.3628,0.6860,1.2296,1.2772,0.9464,0.0000,0.0000,32081
43,168,Tokyo_Small,train,FaithfulMAPPER,3600,8,153,85,0.5556,0.9085,0.0915,845.2000,281.7333,0.4634,0.9971,270.5072,530.0000,1089.8289,0.8058,29.1598,28.0087,960.3433,216.6167,69.9020,8737.7451,0,0,0.0006,15.1202,0.6581,0.8631,217,0.6115,0.3885,0.9869,12.1967,wave,0.2254,0.4063,1.1983,1.2167,0.9139,0.5000,52.5415,10695
43,169,Tokyo_Small,train,MAPPO,3600,8,140,58,0.4143,0.9000,0.1000,811.7241,270.5747,0.3840,0.9841,249.6275,630.9149,1196.3922,0.9585,29.4962,27.6365,960.6547,233.8716,212.6643,26583.0352,0,0,0.0004,17.5192,0.6752,4.1214,317,0.4603,0.5397,0.9929,12.1967,wave,0.3300,0.5865,1.2731,1.3821,0.9065,0.0000,10.3490,29773
43,170,Kyoto_Small,train,FaithfulMAPPER,3600,8,120,48,0.4000,0.9833,0.0167,694.0208,347.0104,0.3113,0.9861,228.1136,439.0869,1208.1340,1.0000,19.9639,18.1442,871.9459,206.5144,92.2417,11530.2080,0,0,-0.0081,9.3195,0.6546,0.5560,184,0.4068,0.5932,0.9833,6.5039,ramp_up_down,0.3933,0.7585,1.2324,1.1505,0.9915,0.5000,0.0000,11069
43,171,Kyoto_Small,train,MAPPO,3600,8,142,72,0.5070,0.9859,0.0141,703.8889,351.9445,0.3236,0.9858,241.7778,481.0566,1180.3418,0.9764,19.8761,18.8427,838.7181,173.8510,41.9085,5238.5562,0,0,-0.0150,6.3063,0.6752,2.5095,301,0.5143,0.4857,0.9864,6.5039,ramp_up_down,0.3103,0.5549,1.1941,1.4325,0.9929,0.5000,5.7094,5951
43,172,LosAngeles_Small,train,FaithfulMAPPER,3600,8,112,44,0.3929,0.9643,0.0357,648.9091,216.3030,0.4339,0.9843,241.6279,517.1860,1245.3878,1.0000,23.3574,22.4354,891.5347,225.0836,155.2500,19406.2500,0,0,0.0583,8.4681,0.6515,0.4933,155,0.4074,0.5926,1.0004,12.1967,wave,0.3875,0.7134,1.2495,0.9179,0.9643,0.0000,0.0000,17388
43,173,LosAngeles_Small,train,MAPPO,3600,8,119,42,0.3529,0.9664,0.0336,609.9524,304.9762,0.2993,0.9843,205.5556,393.7188,1043.5927,1.0000,23.8051,21.0400,868.6718,221.2718,172.0756,21509.4531,0,0,0.0045,7.9523,0.6753,2.6432,334,0.3652,0.6348,1.0004,12.1967,wave,0.3459,0.6257,1.2263,1.2215,0.9664,0.0000,0.0000,20477
43,174,Tokyo_Small,train,FaithfulMAPPER,3600,8,127,75,0.5906,0.8976,0.1024,742.0267,371.0133,0.3637,0.9858,247.6667,506.1400,1125.7900,0.9091,29.3576,26.9135,873.8130,203.7618,41.3228,5165.3545,0,0,-0.0224,3.9223,0.6581,0.5689,186,0.6579,0.3421,0.9847,9.5000,building_up,0.3799,0.6870,1.2290,1.2462,0.9040,0.5000,22.5087,5248
43,175,Tokyo_Small,train,MAPPO,3600,8,130,59,0.4538,0.9462,0.0538,866.2034,433.1017,0.3576,0.9707,251.9600,622.7805,1196.2593,0.9496,28.6050,25.8036,800.1265,203.8783,79.2692,9908.6543,0,0,0.0105,12.7670,0.6738,3.4966,268,0.4797,0.5203,0.9769,9.5000,building_up,0.3561,0.6719,1.2560,0.9755,0.9606,0.3333,12.7081,10305
43,176,Kyoto_Small,train,FaithfulMAPPER,3600,8,112,54,0.4821,0.9375,0.0625,780.9074,260.3025,0.4008,0.9795,236.2553,488.8372,1245.4646,1.0000,19.9601,18.2026,925.8840,189.0893,53.0179,6627.2319,0,0,0.0379,8.4641,0.6532,0.5521,179,0.5143,0.4857,0.9821,6.5039,ramp_up_down,0.4049,0.7424,1.2630,1.2388,0.9455,0.5000,0.0000,5938
43,177,Kyoto_Small,train,MAPPO,3600,8,129,78,0.6047,0.9767,0.0233,771.2564,257.0855,0.4201,0.9851,190.2462,533.2712,1025.3475,1.0000,19.7814,17.8036,781.9243,156.1088,56.6279,7078.4883,0,0,0.0015,9.0475,0.6670,2.9909,311,0.6190,0.3810,0.9845,6.5039,ramp_up_down,0.3800,0.6940,1.2414,1.0833,0.9843,0.5000,0.0000,7305
43,178,LosAngeles_Small,train,FaithfulMAPPER,3600,8,120,68,0.5667,0.9750,0.0250,637.4412,212.4804,0.3813,0.9953,241.9310,490.3061,868.3293,0.7178,22.4589,20.3716,781.3596,198.8814,61.1333,7641.6665,0,0,-0.0039,9.5959,0.6530,0.3795,179,0.5812,0.4188,0.9840,6.5039,ramp_up_down,0.4023,0.7361,1.2208,0.9230,0.9831,0.5000,68.2652,7336
43,179,LosAngeles_Small,train,MAPPO,3600,8,131,70,0.5344,0.9237,0.0763,718.8000,179.7000,0.5244,0.9738,251.9310,453.2941,1163.7346,0.9239,24.2809,21.7344,817.1048,212.2600,39.5954,4949.4272,0,0,-0.0006,7.0651,0.6669,2.5327,288,0.5785,0.4215,0.9775,6.5039,ramp_up_down,0.2417,0.4320,1.2212,1.2570,0.9375,0.3333,19.1841,5187
43,180,Tokyo_Small,train,FaithfulMAPPER,3600,8,116,57,0.4914,0.9310,0.0690,795.0000,397.5000,0.3249,0.9796,236.2800,429.5600,1124.2922,0.9517,29.1778,26.8378,860.2349,255.8961,60.2155,7526.9395,0,0,-0.0004,6.7476,0.6538,0.4881,162,0.5278,0.4722,0.9741,9.5000,building_up,0.4930,0.9203,1.3158,1.4969,0.9469,0.3333,11.4216,6985
43,181,Tokyo_Small,train,MAPPO,3600,8,140,46,0.3286,0.9357,0.0643,848.5000,848.5000,0.2232,0.9748,257.5750,498.2941,1199.4417,0.9313,27.9747,26.0775,861.2204,225.6896,226.9000,28362.5000,0,0,-0.0095,9.6293,0.6628,2.8172,369,0.3511,0.6489,0.9861,9.5000,building_up,0.5322,1.0754,1.2704,1.0493,0.9420,0.5000,17.6867,31766
43,182,Kyoto_Small,train,FaithfulMAPPER,3600,8,133,70,0.5263,0.9624,0.0376,797.4286,797.4286,0.2249,0.9843,192.4667,659.6852,1024.2157,1.0000,19.4360,18.3643,817.1584,149.5784,51.9323,6491.5415,0,0,-0.0123,3.1056,0.6547,0.5322,198,0.5469,0.4531,0.9930,12.1967,wave,0.4048,0.7310,1.1908,1.1085,0.9697,0.0000,0.0000,6907
43,183,Kyoto_Small,train,MAPPO,3600,8,127,53,0.4173,0.9685,0.0315,823.5849,0.0000,0.0997,0.9916,283.4783,482.0769,1189.4053,0.8392,19.7207,17.8182,833.5687,186.4099,130.0157,16251.9688,0,0,0.0022,9.7197,0.6578,3.0389,340,0.4309,0.5691,0.9850,12.1967,wave,0.4848,0.9321,1.2528,1.2670,0.9760,0.5000,45.5972,16512
43,184,LosAngeles_Small,train,FaithfulMAPPER,3600,8,120,53,0.4417,0.9917,0.0083,799.1698,266.3899,0.3815,0.9843,305.6522,547.6905,1419.8151,0.9290,24.1677,21.6363,931.3669,204.3131,75.1500,9393.7500,0,0,0.0259,7.9793,0.6529,0.6087,177,0.4454,0.5546,0.9929,12.1967,wave,0.2750,0.4864,1.2500,1.7817,1.0000,0.0000,21.6891,9018
43,185,LosAngeles_Small,train,MAPPO,3600,8,126,53,0.4206,0.9286,0.0714,840.1509,420.0755,0.2996,0.9844,234.4894,616.7368,1080.2142,0.9213,23.8886,22.4422,832.5869,192.7666,98.1032,12262.8965,0,0,0.0072,10.3023,0.6558,3.2036,303,0.4530,0.5470,1.0016,12.1967,wave,0.2619,0.4641,1.2698,1.1969,0.9286,0.0000,18.4465,12361
43,186,Tokyo_Small,train,FaithfulMAPPER,3600,8,131,65,0.4962,0.9542,0.0458,707.5538,707.5538,0.2015,1.0002,230.5926,518.6595,1016.5012,0.8816,29.3618,26.9994,781.3289,211.0494,57.2824,7160.3052,0,0,-0.0058,3.6936,0.6525,0.5486,191,0.5200,0.4800,1.0000,2.0000,flat,0.3630,0.6372,1.2086,1.1002,0.9542,0.0000,27.2924,7504
43,187,Tokyo_Small,train,MAPPO,3600,8,126,46,0.3651,0.9683,0.0317,746.2391,746.2391,0.2278,1.0000,245.2857,559.3589,1303.2755,1.0000,29.5532,27.5548,948.2778,233.3700,132.6667,16583.3340,0,0,-0.0022,8.8123,0.6593,2.8365,375,0.3770,0.6230,1.0000,2.0000,flat,0.4662,0.8786,1.2520,1.3755,0.9683,0.0000,0.0000,16716
43,188,Kyoto_Small,train,FaithfulMAPPER,3600,8,124,59,0.4758,0.9758,0.0242,738.5255,738.5255,0.1660,0.9828,196.4167,551.6591,912.0069,0.9286,19.5220,17.6397,833.0961,184.8208,139.3871,17423.3867,0,0,0.0139,15.1406,0.6501,0.5516,191,0.4876,0.5124,0.9758,6.5039,ramp_up_down,0.4569,0.8876,1.2345,1.2479,0.9917,0.3333,14.0153,17284
43,189,Kyoto_Small,train,MAPPO,3600,8,116,65,0.5603,0.9914,0.0086,1001.0769,1001.0769,0.1584,0.9913,324.7069,637.1400,1185.6299,0.7303,19.8789,16.6434,838.3536,177.6129,48.7931,6099.1377,0,0,0.0011,9.4154,0.6625,2.9976,314,0.5652,0.4348,0.9840,6.5039,ramp_up_down,0.3333,0.5984,1.2635,0.8078,1.0000,0.5000,87.5809,5660
43,190,LosAngeles_Small,train,FaithfulMAPPER,3600,8,136,61,0.4485,0.9706,0.0294,601.1475,300.5738,0.3678,0.9844,197.6863,390.7333,1018.3702,1.0000,23.9449,21.5360,878.3250,170.9305,111.1765,13897.0586,0,0,-0.0019,11.5829,0.6518,0.4826,243,0.4621,0.5379,1.0000,12.1967,wave,0.3897,0.7186,1.2523,1.6487,0.9706,0.0000,0.0000,15120
43,191,LosAngeles_Small,train,MAPPO,3600,8,117,57,0.4872,0.9316,0.0684,711.9298,237.3099,0.3819,0.9842,248.2727,429.3529,1144.5767,0.9220,23.1187,21.3996,871.4371,213.5517,140.7009,17587.6074,0,0,-0.0068,9.6708,0.6655,3.1251,274,0.5229,0.4771,0.9915,12.1967,wave,0.3963,0.7193,1.1852,1.3464,0.9397,0.0000,19.3574,16462
43,192,Tokyo_Small,train,FaithfulMAPPER,3600,8,137,64,0.4672,0.8832,0.1168,759.3906,189.8477,0.5851,1.0001,245.9273,508.6471,1149.5701,0.9349,29.9390,27.7915,833.0011,201.0007,82.7153,10339.4160,0,0,-0.0044,4.9792,0.6497,0.5555,203,0.5289,0.4711,1.0015,2.0000,flat,0.3409,0.6066,1.2457,1.2529,0.8832,0.0000,16.0133,11332
43,193,Tokyo_Small,train,MAPPO,3600,8,125,64,0.5120,0.9120,0.0880,854.3906,213.5977,0.5853,1.0002,290.2264,557.6739,1300.3318,0.8961,29.1917,26.3894,822.3105,240.4037,65.1920,8149.0000,0,0,-0.0034,9.5224,0.6683,3.0880,285,0.5614,0.4386,1.0016,2.0000,flat,0.4494,0.8293,1.2832,1.4522,0.9120,0.0000,30.1601,8149
43,194,Kyoto_Small,train,FaithfulMAPPER,3600,8,127,76,0.5984,0.9764,0.0236,792.0263,198.0066,0.5311,1.0004,240.3846,571.6226,1070.9102,0.8910,19.2662,17.8442,807.9043,165.1476,54.7244,6840.5513,0,0,-0.0117,3.3394,0.6491,0.4716,180,0.6129,0.3871,1.0000,2.0000,flat,0.4340,0.7967,1.3170,1.2257,0.9764,0.0000,26.2026,6950
43,195,Kyoto_Small,train,MAPPO,3600,8,121,51,0.4215,0.9587,0.0413,832.0196,277.3399,0.4328,1.0002,271.7333,508.1429,1174.4844,0.8644,19.9835,19.0897,874.0406,178.0054,112.3719,14046.4873,0,0,0.0013,8.8276,0.6722,2.8734,334,0.4397,0.5603,1.0000,2.0000,flat,0.2787,0.4951,1.2595,1.2182,0.9587,0.0000,36.8365,13597
43,196,LosAngeles_Small,train,FaithfulMAPPER,3600,8,137,71,0.5182,0.9416,0.0584,956.6338,318.8779,0.4339,0.9941,275.5091,655.0714,1102.3986,0.8003,23.6909,22.0227,920.0689,217.6383,84.5182,10564.7812,0,0,0.0187,13.0221,0.6477,0.5310,204,0.5504,0.4496,0.9781,9.5000,building_up,0.4068,0.7179,1.2659,1.3330,0.9552,0.3333,55.0294,11579
43,197,LosAngeles_Small,train,MAPPO,3600,8,107,43,0.4019,0.9720,0.0280,778.4418,778.4418,0.1965,0.9810,261.2820,572.6316,1274.5413,0.9756,23.9782,21.6591,966.8916,226.1934,125.1122,15639.0186,0,0,-0.0023,13.3758,0.6708,3.6209,249,0.4135,0.5865,0.9813,9.5000,building_up,0.4543,0.8585,1.2782,1.4483,0.9810,0.5000,6.3738,13387
43,198,Tokyo_Small,train,FaithfulMAPPER,3600,8,138,63,0.4565,0.9420,0.0580,796.0317,159.2063,0.7272,0.9872,279.6415,565.9000,1037.5891,0.7421,29.5179,27.2104,863.7621,187.4359,72.5217,9065.2178,0,0,-0.0079,7.5878,0.6472,0.6631,207,0.4846,0.5154,0.9714,6.5039,ramp_up_down,0.4734,0.8572,1.2385,1.4214,0.9627,0.2500,72.1237,10008
43,199,Tokyo_Small,train,MAPPO,3600,8,116,65,0.5603,0.9224,0.0776,720.6462,180.1615,0.5059,0.9726,171.2000,578.0961,972.1758,1.0000,29.4831,26.6893,833.3584,265.6862,39.5690,4946.1206,0,0,0.0465,9.4521,0.6694,2.9410,261,0.6075,0.3925,0.9828,6.5039,ramp_up_down,0.3836,0.6863,1.2845,1.1364,0.9298,0.5000,0.0000,4590
43,200,Kyoto_Small,train,FaithfulMAPPER,3600,8,123,65,0.5285,0.9756,0.0244,1055.6923,527.8461,0.2906,1.0001,256.5000,711.4255,1161.5948,0.9057,19.8127,17.7045,876.5459,168.3760,52.2846,6535.5693,0,0,0.1884,8.3238,0.6454,0.4825,170,0.5417,0.4583,1.0000,2.0000,flat,0.4550,0.8266,1.2009,1.0146,0.9756,0.0000,24.1810,6431
43,201,Kyoto_Small,train,MAPPO,3600,8,122,65,0.5328,0.9754,0.0246,773.4000,386.7000,0.2715,1.0000,244.7321,513.0208,1069.1581,0.8737,19.5356,17.6773,766.0130,165.9492,40.2131,5026.6392,0,0,0.0063,7.7839,0.6659,2.7293,290,0.5462,0.4538,1.0000,2.0000,flat,0.3434,0.6193,1.3748,1.0361,0.9754,0.0000,30.9005,4906
43,202,LosAngeles_Small,train,FaithfulMAPPER,3600,8,146,63,0.4315,0.9658,0.0342,806.4127,268.8042,0.4924,0.9784,228.6667,581.6087,1153.4733,1.0000,23.9892,22.9548,903.9464,177.0443,152.3973,19049.6582,0,0,0.0012,10.1667,0.6443,0.4626,189,0.4468,0.5532,0.9863,6.5039,ramp_up_down,0.3608,0.6533,1.2045,1.2084,0.9722,0.5000,0.0000,22250
43,203,LosAngeles_Small,train,MAPPO,3600,8,125,47,0.3760,0.9600,0.0400,788.2766,262.7589,0.3806,0.9585,227.3095,511.8378,1186.0885,1.0000,23.2920,21.1985,847.8807,199.2018,235.7920,29474.0000,0,0,-0.0026,9.4786,0.6622,2.9928,314,0.3917,0.6083,0.9920,6.5039,ramp_up_down,0.2937,0.5196,1.2724,1.1765,0.9677,0.0000,0.0000,29474
43,204,Tokyo_Small,train,FaithfulMAPPER,3600,8,130,62,0.4769,0.9385,0.0615,905.6935,301.8979,0.3809,1.0002,296.1636,625.6808,1415.0559,0.9556,27.7854,26.4017,1034.1057,192.4808,44.0154,5501.9229,0,0,0.0160,4.9981,0.6459,0.7186,183,0.5082,0.4918,1.0000,5.8000,shock_burst,0.3815,0.7081,1.2129,1.3378,0.9385,0.0000,13.1525,5722
43,205,Tokyo_Small,train,MAPPO,3600,8,133,62,0.4662,0.9323,0.0677,862.7581,287.5860,0.4408,1.0003,287.7018,640.6739,1074.2000,0.7467,29.2753,27.4130,804.4788,212.2641,140.7895,17598.6836,0,0,0.0021,10.5001,0.6646,3.1552,339,0.5000,0.5000,1.0000,5.8000,shock_burst,0.3006,0.5361,1.2767,1.2449,0.9323,0.0000,72.8618,18725
43,206,Kyoto_Small,train,FaithfulMAPPER,3600,8,116,77,0.6638,1.0000,0.0000,945.2468,472.6234,0.2581,0.9997,363.6349,563.3830,1236.9825,0.6803,20.0058,18.9214,771.6042,185.9280,32.6983,4087.2844,0,0,0.0040,4.5783,0.6431,0.6536,167,0.6638,0.3362,0.9919,6.5039,ramp_up_down,0.1130,0.2048,1.3050,0.0000,1.0000,1.0000,116.2384,3793
43,207,Kyoto_Small,train,MAPPO,3600,8,142,80,0.5634,0.9718,0.0282,606.3125,606.3125,0.1564,0.9824,230.7059,394.9423,1147.0385,0.9944,20.0547,19.0616,882.9286,161.3025,74.9084,9363.5566,0,0,-0.0060,8.9706,0.6690,2.9968,333,0.5797,0.4203,0.9864,6.5039,ramp_up_down,0.2387,0.4376,1.2287,1.3512,0.9786,0.5000,1.2982,10637
43,208,LosAngeles_Small,train,FaithfulMAPPER,3600,8,140,36,0.2571,0.9571,0.0429,747.4722,747.4722,0.2364,0.9841,238.4688,453.1613,1378.5488,1.0000,23.9509,22.0427,822.0424,196.7740,636.8500,79606.2500,0,0,0.0134,16.9384,0.6457,0.2796,217,0.2687,0.7313,0.9929,12.1967,wave,0.5126,1.0465,1.1797,0.9646,0.9640,0.0000,0.0000,89159
43,209,LosAngeles_Small,train,MAPPO,3600,8,134,61,0.4552,0.9627,0.0373,625.4918,208.4973,0.4099,0.9987,202.7143,453.3404,1005.9811,0.9925,23.4630,20.9729,867.5858,178.8486,126.3657,15795.7090,0,0,0.0182,8.5210,0.6702,2.8234,325,0.4729,0.5271,0.9851,12.1967,wave,0.4100,0.7787,1.3421,1.3946,0.9697,0.5000,1.5181,16933
43,210,Tokyo_Small,train,FaithfulMAPPER,3600,8,136,78,0.5735,0.9485,0.0515,900.8589,180.1718,0.7030,1.0002,258.2154,566.4068,1233.0912,0.9551,28.7999,25.9207,1016.0753,216.0414,62.4706,7808.8237,0,0,0.0094,7.9903,0.6462,0.8682,194,0.6047,0.3953,1.0000,2.0000,flat,0.4067,0.7754,1.2777,1.1669,0.9485,0.0000,11.5972,8496
43,211,Tokyo_Small,train,MAPPO,3600,8,129,73,0.5659,0.9457,0.0543,728.5480,242.8493,0.4400,1.0002,228.0159,464.4286,1181.7502,1.0000,29.0084,26.3254,902.3231,216.4013,31.8450,3980.6201,0,0,-0.0022,8.2072,0.6713,2.8085,309,0.5984,0.4016,1.0000,2.0000,flat,0.4282,0.7872,1.2477,1.4473,0.9457,0.0000,0.0000,4108
43,212,Kyoto_Small,train,FaithfulMAPPER,3600,8,125,72,0.5760,0.9680,0.0320,887.2083,443.6042,0.3568,1.0003,266.0000,565.3830,1170.9641,0.8804,19.4472,18.2290,805.2208,178.4417,31.7040,3963.0000,0,0,-0.0020,4.9925,0.6457,0.5897,185,0.5950,0.4050,1.0000,2.0000,flat,0.3849,0.6893,1.2291,1.1815,0.9680,0.0000,31.8072,3963
43,213,Kyoto_Small,train,MAPPO,3600,8,145,61,0.4207,0.9448,0.0552,743.9016,247.9672,0.3860,1.0006,231.0196,426.6585,965.4650,0.8358,18.9686,18.2684,834.1961,172.5360,298.8345,37354.3086,0,0,0.0020,9.5459,0.6711,2.7137,389,0.4453,0.5547,1.0011,2.0000,flat,0.4057,0.7864,1.3096,1.4668,0.9448,0.0000,37.9266,43331
43,214,LosAngeles_Small,train,FaithfulMAPPER,3600,8,138,72,0.5217,0.9638,0.0362,717.1667,239.0556,0.4869,1.0003,262.5901,518.7609,1089.6224,0.8299,22.7563,20.5830,910.6378,195.9760,51.8986,6487.3188,0,0,-0.0383,9.5081,0.6462,0.6541,200,0.5414,0.4586,1.0000,5.8000,shock_burst,0.3013,0.5503,1.2394,0.8021,0.9638,0.0000,44.6657,7162
43,215,LosAngeles_Small,train,MAPPO,3600,8,148,74,0.5000,0.9324,0.0676,753.4595,251.1532,0.4212,1.0007,225.0678,526.1021,1067.9318,0.9490,23.3858,20.7677,794.4834,191.6504,99.2432,12405.4053,0,0,0.0069,7.7557,0.6715,2.7971,337,0.5362,0.4638,1.0008,5.8000,shock_burst,0.3393,0.6005,1.2319,1.5241,0.9324,0.0000,11.4814,14688
43,216,Tokyo_Small,train,FaithfulMAPPER,3600,8,126,58,0.4603,0.9286,0.0714,864.2759,172.8552,0.6474,1.0001,309.6981,519.4898,1427.8809,0.9221,29.5325,26.4385,960.5379,205.5067,94.2143,11776.7861,0,0,0.0076,12.5051,0.6474,0.6438,175,0.4957,0.5043,1.0000,2.0000,flat,0.4167,0.7642,1.2554,1.2960,0.9286,0.0000,24.1219,11871
43,217,Tokyo_Small,train,MAPPO,3600,8,143,78,0.5455,0.9301,0.0699,693.1154,173.2788,0.5641,1.0003,220.6154,490.7321,1083.4507,0.9822,28.2835,26.2635,843.6312,183.2050,57.8881,7236.0142,0,0,-0.0049,8.0469,0.6703,2.7189,302,0.5865,0.4135,1.0010,2.0000,flat,0.3092,0.5767,1.2115,1.2993,0.9301,0.0000,3.9252,8278
43,218,Kyoto_Small,train,FaithfulMAPPER,3600,8,126,49,0.3889,0.9603,0.0397,757.7551,0.0000,0.1060,0.9850,217.9762,617.2750,1151.5369,1.0000,19.9943,17.6763,884.5406,165.5464,181.4841,22685.5156,0,0,0.0078,15.5036,0.6492,0.5279,182,0.4050,0.5950,0.9762,6.5039,ramp_up_down,0.3865,0.7518,1.3099,1.3796,0.9756,0.3333,0.0000,22867
43,219,Kyoto_Small,train,MAPPO,3600,8,101,40,0.3960,0.9505,0.0495,783.5000,783.5000,0.1683,0.9813,265.8286,536.6562,1241.9108,0.9344,19.5505,17.1967,876.0537,191.5056,82.9208,10365.0986,0,0,0.0055,8.3163,0.6673,2.8934,234,0.4167,0.5833,0.9802,6.5039,ramp_up_down,0.4317,0.7804,1.2252,1.1223,0.9596,0.5000,17.4464,8375
43,220,LosAngeles_Small,train,FaithfulMAPPER,3600,8,127,69,0.5433,0.9606,0.0394,757.6957,757.6957,0.2025,1.0001,226.9123,468.6596,1005.4618,0.8862,22.4876,19.1845,819.1763,187.3280,33.9921,4249.0156,0,0,0.0136,4.2828,0.6416,0.5312,184,0.5656,0.4344,1.0003,5.8000,shock_burst,0.2118,0.3962,1.2494,1.5183,0.9606,0.0000,25.8199,4317
43,221,LosAngeles_Small,train,MAPPO,3600,8,123,29,0.2358,0.9350,0.0650,730.3793,730.3793,0.1692,1.0006,187.2800,542.1071,1107.3004,1.0000,23.3303,20.6942,877.8761,214.5960,359.6667,44958.3320,0,0,0.0310,10.7403,0.6641,2.7239,259,0.2522,0.7478,1.0000,5.8000,shock_burst,0.4762,0.9147,1.2763,1.1744,0.9350,0.0000,0.0000,44239
43,222,Tokyo_Small,train,FaithfulMAPPER,3600,8,127,72,0.5669,0.9449,0.0551,783.9028,261.3009,0.3992,1.0001,231.6833,565.4615,1184.8794,1.0000,29.1137,26.3515,964.3242,211.8670,118.4094,14801.1807,0,0,-0.0323,9.6003,0.6392,0.6548,175,0.6000,0.4000,1.0000,2.0000,flat,0.3175,0.5576,1.3210,1.4665,0.9449,0.0000,0.0000,15038
43,223,Tokyo_Small,train,MAPPO,3600,8,134,73,0.5448,0.9104,0.0896,734.6712,367.3356,0.3455,1.0001,220.8615,534.3333,1060.6024,0.9604,29.6278,28.7486,815.6509,228.2540,58.2612,7282.6494,0,0,0.0083,8.7458,0.6624,2.8259,305,0.5984,0.4016,1.0000,2.0000,flat,0.2180,0.3979,1.2491,1.3582,0.9104,0.0000,8.7411,7807
43,224,Kyoto_Small,train,FaithfulMAPPER,3600,8,129,49,0.3798,0.9767,0.0233,742.7143,742.7143,0.2213,1.0005,219.1190,529.7500,996.7436,0.9098,19.8828,18.7618,839.8615,172.8670,186.3333,23291.6660,0,0,-0.0001,14.9682,0.6468,0.5010,195,0.3889,0.6111,1.0021,2.0000,flat,0.3811,0.7065,1.2987,1.4926,0.9767,0.0000,19.7703,24037
43,225,Kyoto_Small,train,MAPPO,3600,8,132,41,0.3106,0.9621,0.0379,804.1464,402.0732,0.2671,1.0000,221.0000,654.4117,1233.5278,1.0000,19.8488,18.3695,867.3973,165.8103,239.3258,29915.7188,0,0,0.0168,11.6757,0.6589,2.9172,303,0.3228,0.6772,1.0000,2.0000,flat,0.4506,0.9129,1.2911,1.0908,0.9621,0.0000,0.0000,31591
43,226,LosAngeles_Small,train,FaithfulMAPPER,3600,8,137,67,0.4891,0.9416,0.0584,975.2388,243.8097,0.5214,0.9672,338.3704,668.6364,1188.1268,0.7023,23.1498,21.3711,799.5040,201.8592,126.0365,15754.5625,0,0,-0.0155,12.1254,0.6380,0.5735,193,0.5194,0.4806,0.9781,6.5039,ramp_up_down,0.3205,0.5701,1.2665,1.2614,0.9552,0.3333,100.7450,17267
43,227,LosAngeles_Small,train,MAPPO,3600,8,154,59,0.3831,0.9545,0.0455,801.5255,267.1751,0.4219,0.9587,247.4706,590.7556,1164.0203,0.9407,22.1202,19.8738,875.1952,182.2043,73.3701,9171.2666,0,0,-0.0002,9.0082,0.6593,2.9214,351,0.4014,0.5986,0.9935,6.5039,ramp_up_down,0.3850,0.6870,1.3176,1.2148,0.9608,0.0000,14.6665,11299
43,228,Tokyo_Small,train,FaithfulMAPPER,3600,8,138,62,0.4493,0.9493,0.0507,816.4194,408.2097,0.3294,1.0004,298.1509,536.0682,1364.8878,0.9156,29.3167,27.4786,877.5840,208.6279,112.5145,14064.3115,0,0,-0.0008,9.0800,0.6427,0.6326,202,0.4733,0.5267,1.0007,2.0000,flat,0.3564,0.6657,1.2812,1.0452,0.9493,0.0000,25.1734,15527
43,229,Tokyo_Small,train,MAPPO,3600,8,141,64,0.4539,0.8865,0.1135,580.3594,290.1797,0.3113,1.0002,239.4909,444.2800,1045.7987,0.8734,29.2695,25.9807,872.5477,225.7075,78.4326,9804.0781,0,0,0.0198,9.4275,0.6639,3.0401,355,0.5120,0.4880,1.0008,2.0000,flat,0.3569,0.6410,1.2854,1.1845,0.8865,0.0000,30.3312,11059
43,230,Kyoto_Small,train,FaithfulMAPPER,3600,8,122,75,0.6148,0.9836,0.0164,893.8267,297.9422,0.3969,0.9991,249.0656,622.1200,1111.2651,0.8923,19.7208,18.7680,838.3629,196.3012,39.7541,4969.2622,0,0,-0.0107,4.8792,0.6376,0.5464,173,0.6250,0.3750,0.9836,9.5000,building_up,0.3388,0.5974,1.2495,0.9038,0.9917,0.5000,26.8125,4850
43,231,Kyoto_Small,train,MAPPO,3600,8,120,55,0.4583,0.8917,0.1083,789.2182,394.6091,0.3025,0.9692,236.4348,483.9250,1089.2938,0.9214,19.5890,17.5055,857.3242,171.0091,76.3583,9544.7920,0,0,-0.0006,8.2015,0.6646,2.8244,283,0.5140,0.4860,0.9842,9.5000,building_up,0.4058,0.7346,1.1840,0.9523,0.8983,0.5000,18.5760,9163
43,232,LosAngeles_Small,train,FaithfulMAPPER,3600,8,132,54,0.4091,0.9470,0.0530,716.3333,716.3333,0.2054,1.0001,245.1064,493.4878,1007.6464,0.8222,23.7708,22.5384,852.8073,197.6145,348.3030,43537.8789,0,0,-0.0052,20.6357,0.6434,0.4702,192,0.4320,0.5680,1.0000,5.8000,shock_burst,0.2694,0.4864,1.2573,0.9470,0.9470,0.0000,43.5771,45976
43,233,LosAngeles_Small,train,MAPPO,3600,8,114,51,0.4474,0.9474,0.0526,709.6863,709.6863,0.1618,1.0004,196.1667,470.5000,1080.0479,1.0000,24.2682,22.1521,890.4921,226.1156,152.4386,19054.8242,0,0,-0.0018,8.8074,0.6637,2.9754,293,0.4722,0.5278,1.0000,5.8000,shock_burst,0.3459,0.6373,1.2069,1.1309,0.9474,0.0000,0.0000,17378
43,234,Tokyo_Small,train,FaithfulMAPPER,3600,8,126,69,0.5476,0.9048,0.0952,686.0290,343.0145,0.3681,0.9867,204.8500,489.9464,1147.3406,1.0000,28.5848,26.2937,806.1539,190.4013,50.6667,6333.3335,0,0,-0.0039,1.6180,0.6376,0.5494,176,0.6053,0.3947,0.9841,9.5000,building_up,0.4455,0.8541,1.1975,1.2032,0.9113,0.5000,0.0000,6384
43,235,Tokyo_Small,train,MAPPO,3600,8,136,76,0.5588,0.9559,0.0441,695.9079,231.9693,0.4457,0.9633,237.8939,462.6290,1042.2197,0.8762,28.1711,26.2792,869.1678,184.7597,83.8750,10484.3750,0,0,-0.0033,6.6661,0.6671,2.4240,323,0.5846,0.4154,0.9862,9.5000,building_up,0.3497,0.6392,1.1963,1.2498,0.9627,0.5000,29.4500,11407
43,236,Kyoto_Small,train,FaithfulMAPPER,3600,8,141,68,0.4823,0.9645,0.0355,885.9706,442.9853,0.3391,0.9922,307.0862,520.5111,1224.5868,0.7976,19.7841,18.5557,872.2250,171.7185,105.6879,13210.9932,1,0,0.0230,9.6470,0.6419,0.6510,217,0.5000,0.5000,0.9858,9.5000,building_up,0.2634,0.4779,1.2367,1.3251,0.9712,0.5000,62.1689,14902
43,237,Kyoto_Small,train,MAPPO,3600,8,124,65,0.5242,0.9758,0.0242,695.0461,347.5231,0.2537,0.9880,183.5179,524.5417,1002.9001,1.0000,19.6055,17.4343,827.7556,157.8400,120.0806,15010.0811,0,0,0.0087,9.7693,0.6716,3.1076,265,0.5372,0.4628,0.9839,9.5000,building_up,0.3250,0.5838,1.2791,1.2713,0.9836,0.5000,0.0000,14890
43,238,LosAngeles_Small,train,FaithfulMAPPER,3600,8,114,50,0.4386,0.9825,0.0175,900.6000,900.6000,0.1912,0.9828,246.4048,597.3611,1351.8823,1.0000,24.1381,20.9560,905.5970,193.2462,85.4474,10680.9209,0,0,0.0023,7.1026,0.6406,0.5571,153,0.4464,0.5536,0.9926,12.1967,wave,0.3605,0.6726,1.2898,0.8491,0.9912,0.0000,0.0000,9741
43,239,LosAngeles_Small,train,MAPPO,3600,8,146,70,0.4795,0.9658,0.0342,934.0143,934.0143,0.1990,0.9843,289.8689,633.6539,1229.8502,0.8486,24.0458,22.0089,794.4130,178.1162,78.5959,9824.4863,0,0,0.0260,8.5155,0.6694,2.9305,325,0.4965,0.5035,1.0007,12.1967,wave,0.3233,0.5760,1.2114,1.3951,0.9658,0.0000,43.8988,11475
43,240,Tokyo_Small,train,FaithfulMAPPER,3600,8,127,66,0.5197,0.9606,0.0394,590.4545,590.4545,0.2498,0.9852,189.8167,370.6415,884.3425,0.9318,28.9076,25.8832,733.2849,203.6731,36.0315,4503.9370,0,0,-0.0072,3.2649,0.6431,0.4239,179,0.5410,0.4590,0.9848,12.1967,wave,0.4251,0.8070,1.1865,1.2183,0.9680,0.5000,12.9482,4576
43,241,Tokyo_Small,train,MAPPO,3600,8,151,76,0.5033,0.9338,0.0662,790.5526,263.5175,0.4392,0.9904,231.3226,591.9020,1019.9297,0.8818,29.9392,27.8548,845.5775,202.3397,97.4238,12177.9805,0,0,0.0001,8.1347,0.6661,2.8559,351,0.5390,0.4610,0.9870,12.1967,wave,0.4097,0.7593,1.2656,1.2343,0.9396,0.5000,27.3367,14711
43,242,Kyoto_Small,train,FaithfulMAPPER,3600,8,137,37,0.2701,0.9562,0.0438,889.0000,444.5000,0.3490,1.0000,244.0625,541.2667,1189.5848,0.9748,19.8330,18.2311,888.8754,161.3610,591.6642,73958.0312,0,0,-0.0042,25.1548,0.6439,0.3979,197,0.2824,0.7176,1.0000,2.0000,flat,0.5417,1.1642,1.2522,0.7813,0.9562,0.0000,6.1455,81058
43,243,Kyoto_Small,train,MAPPO,3600,8,144,63,0.4375,0.9514,0.0486,822.7143,411.3571,0.3619,1.0004,194.3793,557.6326,841.7403,0.8661,19.6846,17.9241,819.5539,171.0242,119.1528,14894.0977,0,0,-0.0017,9.7572,0.6656,2.8670,382,0.4599,0.5401,1.0000,2.0000,flat,0.2963,0.5329,1.3213,0.7853,0.9514,0.0000,26.0312,17158
43,244,LosAngeles_Small,train,FaithfulMAPPER,3600,8,127,48,0.3780,0.9370,0.0630,623.5417,623.5417,0.2212,1.0001,224.1667,474.3243,1166.0044,1.0000,23.7703,20.1600,878.7136,182.7439,438.0472,54755.9062,0,0,-0.0029,14.9650,0.6417,0.4749,186,0.4034,0.5966,1.0000,2.0000,flat,0.5333,1.0770,1.2158,1.3399,0.9370,0.0000,0.0000,55632
43,245,LosAngeles_Small,train,MAPPO,3600,8,134,42,0.3134,0.9627,0.0373,859.5000,859.5000,0.1795,1.0001,216.8333,608.9355,1140.9185,1.0000,23.6142,21.6498,942.9955,179.3525,941.8881,117736.0078,0,0,0.0005,16.5674,0.6533,3.5353,357,0.3256,0.6744,1.0000,2.0000,flat,0.3241,0.5932,1.2745,1.0586,0.9627,0.0000,0.0000,126213
43,246,Tokyo_Small,train,FaithfulMAPPER,3600,8,128,83,0.6484,0.9531,0.0469,746.6265,248.8755,0.4638,0.9841,259.7671,482.1379,1108.5580,0.8535,29.4908,25.4791,899.8726,247.2819,87.5625,10945.3125,0,0,0.0522,4.4786,0.6353,0.6451,178,0.6803,0.3197,1.0000,12.1967,wave,0.2713,0.4811,1.2577,1.2231,0.9531,0.0000,38.0555,11208
43,247,Tokyo_Small,train,MAPPO,3600,8,145,61,0.4207,0.9862,0.0138,837.0328,279.0109,0.4172,0.9931,215.5000,636.5577,1120.9474,1.0000,29.5263,27.3758,894.0044,195.9250,187.5034,23437.9316,0,0,-0.0074,9.7202,0.6517,3.0584,423,0.4266,0.5734,0.9862,12.1967,wave,0.3943,0.7358,1.2429,1.3525,0.9930,0.5000,0.0000,27188
43,248,Kyoto_Small,train,FaithfulMAPPER,3600,8,135,51,0.3778,0.9704,0.0296,743.2941,371.6471,0.2670,0.9745,191.3333,557.1429,950.2784,0.9933,19.5817,18.3723,769.4861,170.0854,141.9333,17741.6660,0,0,-0.0123,11.8422,0.6404,0.4935,202,0.3893,0.6107,0.9796,6.5039,ramp_up_down,0.4034,0.7329,1.2066,0.9960,0.9848,0.3333,1.2776,19161
43,249,Kyoto_Small,train,MAPPO,3600,8,138,46,0.3333,0.9855,0.0145,899.0217,449.5109,0.3258,0.9862,173.3846,846.8919,1315.1279,1.0000,19.4059,17.1214,805.0132,135.8329,196.0290,24503.6230,0,0,-0.0015,9.6339,0.6544,3.0750,375,0.3382,0.6618,0.9855,6.5039,ramp_up_down,0.4238,0.7522,1.2687,0.5769,0.9926,0.5000,0.0000,27052
43,250,LosAngeles_Small,train,FaithfulMAPPER,3600,8,132,65,0.4924,0.9621,0.0379,896.1693,448.0846,0.2607,1.0001,225.1455,711.1591,1106.3429,0.9828,23.4096,21.7542,814.6852,197.1756,92.2727,11534.0908,0,0,0.0240,8.9327,0.6402,0.5745,179,0.5118,0.4882,1.0000,2.0000,flat,0.3173,0.5705,1.2347,1.3733,0.9621,0.0000,3.8769,12180
43,251,LosAngeles_Small,train,MAPPO,3600,8,139,61,0.4388,0.9568,0.0432,689.3607,344.6803,0.2689,1.0001,216.7321,507.6591,996.3322,0.9194,23.2244,22.1851,889.3062,187.1761,414.1151,51764.3867,0,0,-0.0008,9.7927,0.6615,2.9297,380,0.4586,0.5414,1.0000,2.0000,flat,0.3854,0.7217,1.2415,1.3346,0.9568,0.0000,17.4657,57562
43,252,Tokyo_Small,train,FaithfulMAPPER,3600,8,109,63,0.5780,0.9725,0.0275,673.6031,673.6031,0.1260,0.9900,248.1228,443.0800,1164.4972,0.9386,27.9289,26.5237,929.0545,238.6719,105.6697,13208.7158,0,0,0.0559,3.6185,0.6338,0.5035,153,0.5943,0.4057,0.9817,6.5039,ramp_up_down,0.3500,0.6249,1.2351,1.4672,0.9813,0.5000,15.2234,11518
43,253,Tokyo_Small,train,MAPPO,3600,8,125,83,0.6640,0.9360,0.0640,853.7952,0.0000,0.0869,0.9790,239.7101,639.4259,1014.3240,0.8463,28.3982,25.8610,784.2632,207.6487,74.4800,9310.0000,0,0,0.0153,13.9903,0.6605,3.5737,298,0.7094,0.2906,0.9765,6.5039,ramp_up_down,0.4583,0.8185,1.2870,1.2505,0.9508,0.3333,36.8454,9310
43,254,Kyoto_Small,train,FaithfulMAPPER,3600,8,125,71,0.5680,0.9760,0.0240,818.7606,818.7606,0.1618,0.9850,245.8852,512.1346,1076.0459,0.8752,19.4456,17.4766,818.5873,170.6715,80.2160,10027.0000,0,0,-0.0028,6.8982,0.6344,0.5307,172,0.5820,0.4180,1.0000,12.1967,wave,0.3239,0.5802,1.2681,0.9841,0.9760,0.0000,30.6761,10027
43,255,Kyoto_Small,train,MAPPO,3600,8,165,73,0.4424,0.9758,0.0242,710.8356,355.4178,0.3332,0.9845,259.9365,510.7500,997.0589,0.7672,19.8619,18.5697,826.3105,156.2886,160.0424,20005.3027,0,0,-0.0029,7.3131,0.6605,2.5919,435,0.4534,0.5466,0.9943,12.1967,wave,0.2564,0.4791,1.2422,1.0169,0.9817,0.0000,60.5247,26407
43,256,LosAngeles_Small,train,FaithfulMAPPER,3600,8,115,63,0.5478,0.8957,0.1043,905.3174,301.7725,0.3827,0.9783,211.5098,703.1111,1092.3540,1.0000,23.6453,20.8709,856.3336,232.5437,68.7826,8597.8262,0,0,-0.0263,3.8762,0.6372,0.5298,156,0.6117,0.3883,0.9826,9.5000,building_up,0.3948,0.7309,1.1847,1.2961,0.9027,0.5000,0.0000,7910
43,257,LosAngeles_Small,train,MAPPO,3600,8,142,80,0.5634,0.9859,0.0141,892.7250,223.1812,0.5742,0.9863,277.5735,654.5741,1088.3647,0.7842,24.1552,21.8890,870.8496,200.7672,110.8451,13855.6338,0,0,0.0092,7.6642,0.6579,2.7380,359,0.5714,0.4286,0.9859,9.5000,building_up,0.4162,0.7499,1.2144,1.5768,0.9929,0.5000,59.9006,15740
43,258,Tokyo_Small,train,FaithfulMAPPER,3600,8,128,67,0.5234,0.9141,0.0859,930.6418,310.2139,0.4815,0.9884,236.6724,750.6346,1065.6675,0.9005,29.0055,24.8490,788.2192,211.8177,68.5391,8567.3828,0,0,0.0302,4.4341,0.6336,0.5572,177,0.5726,0.4274,0.9852,12.1967,wave,0.2750,0.5009,1.2700,1.1803,0.9206,0.5000,23.5389,8773
43,259,Tokyo_Small,train,MAPPO,3600,8,117,58,0.4957,0.9658,0.0342,779.1379,389.5690,0.3423,0.9840,230.0600,556.1951,1013.0806,0.8807,29.9139,25.0509,728.4696,201.6489,198.0342,24754.2734,0,0,0.0302,7.7913,0.6609,2.8512,322,0.5133,0.4867,0.9915,12.1967,wave,0.4120,0.7552,1.2441,1.2511,0.9741,0.0000,27.4439,23170
43,260,Kyoto_Small,train,FaithfulMAPPER,3600,8,115,52,0.4522,0.9304,0.0696,767.4231,255.8077,0.3855,0.9584,253.8095,537.8485,1151.8833,0.9077,19.6142,16.9179,876.4853,185.0336,94.8000,11850.0000,0,0,-0.0016,5.9711,0.6321,0.5478,150,0.4860,0.5140,1.0000,6.5039,ramp_up_down,0.5185,0.9730,1.2251,1.2585,0.9304,0.0000,23.4329,10902
43,261,Kyoto_Small,train,MAPPO,3600,8,126,48,0.3810,0.9524,0.0476,720.8125,360.4062,0.3245,0.9594,240.0227,514.8571,1141.7584,0.9514,19.3328,17.6978,866.3115,167.5700,275.0952,34386.9062,0,0,0.0062,11.4947,0.6633,3.2755,307,0.4000,0.6000,0.9856,6.5039,ramp_up_down,0.4020,0.7247,1.2378,1.1436,0.9597,0.5000,11.6710,34662
43,262,LosAngeles_Small,train,FaithfulMAPPER,3600,8,128,58,0.4531,0.9297,0.0703,819.1379,409.5690,0.2960,0.9643,235.8077,525.6190,1057.4786,0.8969,24.1894,22.4488,871.6308,228.2113,198.0469,24755.8594,0,0,0.0029,12.4868,0.6379,0.5536,179,0.4874,0.5126,0.9844,9.5000,building_up,0.3720,0.6743,1.2117,1.2945,0.9365,0.5000,24.3120,25350
43,263,LosAngeles_Small,train,MAPPO,3600,8,127,38,0.2992,0.9606,0.0394,639.7895,639.7895,0.2492,0.9709,160.3529,484.0645,916.2415,1.0000,23.1446,20.0167,875.0873,175.4790,547.7795,68472.4375,0,0,-0.0040,13.1653,0.6619,3.2809,338,0.3115,0.6885,0.9764,9.5000,building_up,0.3750,0.6904,1.2503,1.3137,0.9758,0.3333,0.0000,69568
43,264,Tokyo_Small,train,FaithfulMAPPER,3600,8,144,72,0.5000,0.9514,0.0486,809.1528,404.5764,0.3155,0.9942,219.7931,612.1961,1023.9748,0.9318,28.4197,25.9763,802.9630,203.9425,155.1597,19394.9648,0,0,0.0234,5.0133,0.6327,0.5295,208,0.5255,0.4745,0.9865,12.1967,wave,0.5484,1.1099,1.1656,1.1819,0.9577,0.5000,14.9982,22343
43,265,Tokyo_Small,train,MAPPO,3600,8,133,67,0.5038,0.9624,0.0376,817.7612,817.7612,0.2174,0.9841,236.7500,552.7708,1146.5217,0.9686,28.7281,26.4203,852.5551,216.3281,141.2406,17655.0742,0,0,0.0019,7.7052,0.6650,2.7941,338,0.5234,0.4766,0.9925,12.1967,wave,0.5812,1.1918,1.2897,1.1453,0.9697,0.0000,7.4456,18785
43,266,Kyoto_Small,train,FaithfulMAPPER,3600,8,125,55,0.4400,0.9440,0.0560,817.6545,408.8273,0.3183,1.0002,262.6600,566.7675,1160.5394,0.8837,19.6419,17.3740,826.9888,178.9033,96.6880,12086.0000,0,0,0.0142,9.2836,0.6335,0.4376,182,0.4661,0.5339,1.0000,2.0000,flat,0.2361,0.4349,1.2399,1.2190,0.9440,0.0000,30.5521,12086
43,267,Kyoto_Small,train,MAPPO,3600,8,138,61,0.4420,0.9493,0.0507,1035.1311,517.5656,0.2642,1.0004,216.1636,677.7659,996.9281,0.9224,20.0096,18.9703,802.2728,164.4533,221.0072,27625.9062,0,0,0.0435,8.5849,0.6690,2.7959,353,0.4656,0.5344,1.0000,2.0000,flat,0.4744,0.9041,1.2266,1.2125,0.9493,0.0000,16.7780,30499
43,268,LosAngeles_Small,train,FaithfulMAPPER,3600,8,125,69,0.5520,0.9520,0.0480,706.0290,706.0290,0.2369,0.9906,200.4912,508.3333,1074.2893,1.0000,23.9496,21.9544,842.8304,210.2046,145.3040,18163.0000,0,0,0.0220,7.1681,0.6330,0.6335,153,0.5798,0.4202,0.9844,9.5000,building_up,0.3082,0.5983,1.2698,1.2612,0.9593,0.5000,0.0000,18163
43,269,LosAngeles_Small,train,MAPPO,3600,8,116,32,0.2759,0.9741,0.0259,876.0625,876.0625,0.1969,0.9504,317.4483,603.8929,1428.0975,0.8997,23.0273,21.8415,867.4503,224.8501,858.0517,107256.4688,0,0,-0.0002,15.4677,0.6678,3.6505,284,0.2832,0.7168,0.9919,9.5000,building_up,0.4674,0.9790,1.3046,1.2303,0.9826,0.0000,31.8288,99534
43,270,Tokyo_Small,train,FaithfulMAPPER,3600,8,144,74,0.5139,0.9722,0.0278,755.1081,251.7027,0.3766,1.0008,322.3382,464.6909,1174.1691,0.7285,29.1029,26.4427,933.5019,188.6769,68.3958,8549.4795,0,0,-0.0711,7.2507,0.6377,0.6579,208,0.5286,0.4714,1.0008,2.0000,flat,0.4172,0.7586,1.2468,1.1603,0.9722,0.0000,87.5044,9849
43,271,Tokyo_Small,train,MAPPO,3600,8,129,41,0.3178,0.9457,0.0543,804.8293,804.8293,0.2172,1.0004,256.4857,482.0909,1187.4327,0.9259,29.7580,27.9835,1020.7375,228.9654,706.8605,88357.5547,0,0,-0.0026,13.4623,0.6644,3.2086,308,0.3361,0.6639,1.0000,2.0000,flat,0.5303,1.3293,1.2102,1.2502,0.9457,0.0000,18.9992,91185
43,272,Kyoto_Small,train,FaithfulMAPPER,3600,8,140,69,0.4929,0.9643,0.0357,775.2899,775.2899,0.1942,1.0002,210.5385,555.6981,1009.4858,0.9590,20.0250,18.1131,832.9510,149.3627,197.8786,24734.8223,0,0,0.0211,13.3217,0.6345,0.5513,205,0.5111,0.4889,1.0000,2.0000,flat,0.3482,0.6103,1.2219,1.0155,0.9643,0.0000,8.6413,27703
43,273,Kyoto_Small,train,MAPPO,3600,8,142,74,0.5211,0.9789,0.0211,825.9595,825.9595,0.1943,1.0002,221.1356,573.1277,1031.9482,0.9333,19.9436,17.7998,801.8478,159.1082,78.5493,9818.6621,0,0,-0.0018,6.1455,0.6622,2.4897,380,0.5324,0.4676,1.0000,2.0000,flat,0.4343,0.7875,1.2136,0.9762,0.9789,0.0000,14.7459,11154
43,274,LosAngeles_Small,train,FaithfulMAPPER,3600,8,130,72,0.5538,0.9077,0.0923,661.1389,330.5695,0.3178,1.0003,218.8571,468.7907,946.4570,0.8649,23.3686,21.3170,837.9088,210.3281,65.9385,8242.3076,0,0,0.0408,6.7710,0.6346,0.4578,165,0.6102,0.3898,1.0007,5.8000,shock_burst,0.2741,0.4934,1.2481,1.1077,0.9077,0.0000,29.5657,8572
43,275,LosAngeles_Small,train,MAPPO,3600,8,148,42,0.2838,0.9730,0.0270,498.7619,0.0000,0.0889,1.0004,183.0303,299.0000,891.8453,0.9745,23.4347,21.7383,839.0394,170.8424,900.0946,112511.8281,0,0,-0.0134,14.6053,0.6544,3.0362,432,0.2917,0.7083,1.0000,5.8000,shock_burst,0.5329,1.1710,1.2595,1.2090,0.9730,0.0000,4.6613,133214
43,276,Tokyo_Small,train,FaithfulMAPPER,3600,8,134,75,0.5597,0.9328,0.0672,724.6934,181.1733,0.5153,1.0002,223.6567,491.6333,1205.5474,1.0000,29.0294,26.4012,940.3490,193.7208,91.2985,11412.3135,0,0,-0.0140,3.8648,0.6343,0.7801,192,0.6000,0.4000,1.0009,2.0000,flat,0.4050,0.7282,1.2695,1.1566,0.9328,0.0000,0.0000,12234
43,277,Tokyo_Small,train,MAPPO,3600,8,133,74,0.5564,0.9323,0.0677,776.9054,258.9685,0.3798,1.0002,260.6667,499.1454,1096.6274,0.8414,28.5483,26.3099,825.4891,223.8690,64.0752,8009.3984,0,0,0.0126,12.4563,0.6562,3.4409,356,0.5968,0.4032,1.0000,2.0000,flat,0.4407,0.8791,1.2430,1.0780,0.9323,0.0000,41.3412,8522
43,278,Kyoto_Small,train,FaithfulMAPPER,3600,8,154,85,0.5519,0.9870,0.0130,668.4588,668.4588,0.2126,0.9832,206.8169,444.1454,1048.9435,1.0000,19.8377,17.6325,809.6583,150.6907,89.8636,11232.9541,0,0,0.0274,11.6431,0.6356,0.5458,229,0.5592,0.4408,0.9876,6.5039,ramp_up_down,0.2857,0.5183,1.2675,1.2990,0.9934,0.5000,0.0000,13839
43,279,Kyoto_Small,train,MAPPO,3600,8,119,78,0.6555,0.9748,0.0252,770.1411,770.1411,0.2199,0.9932,216.4444,566.0961,972.3549,0.8985,20.1140,18.4572,849.0039,167.8996,51.5630,6445.3779,0,0,0.0065,10.5903,0.6558,3.1769,366,0.6724,0.3276,0.9832,6.5039,ramp_up_down,0.2877,0.5291,1.2268,1.1286,0.9829,0.5000,21.9735,6136
43,280,LosAngeles_Small,train,FaithfulMAPPER,3600,8,124,68,0.5484,0.9839,0.0161,745.3970,372.6985,0.2939,0.9934,196.3559,584.1321,1029.8607,1.0000,23.2727,18.8356,848.5783,202.0903,102.3306,12791.3311,0,0,-0.0269,8.3015,0.6334,0.5235,195,0.5574,0.4426,0.9763,9.5000,building_up,0.2971,0.5325,1.2362,1.6626,0.9917,0.6667,0.0000,12689
43,281,LosAngeles_Small,train,MAPPO,3600,8,112,49,0.4375,0.9107,0.0893,808.1837,808.1837,0.1672,0.9503,249.0227,579.8205,1165.6954,0.9362,23.0965,21.0001,865.7486,252.7680,141.1786,17647.3223,0,0,0.0135,13.2911,0.6566,3.6491,298,0.4804,0.5196,0.9736,9.5000,building_up,0.2924,0.5464,1.2106,1.2220,0.9358,0.0000,15.8836,15812
43,282,Tokyo_Small,train,FaithfulMAPPER,3600,8,136,50,0.3676,0.9485,0.0515,1025.8800,341.9600,0.4859,1.0001,262.2093,673.8947,1441.3745,1.0000,29.1572,27.2967,907.0781,224.6558,152.1618,19020.2207,0,0,0.0009,14.4793,0.6360,0.6521,198,0.3876,0.6124,1.0000,2.0000,flat,0.4380,0.8326,1.2525,1.0904,0.9485,0.0000,0.0000,20694
43,283,Tokyo_Small,train,MAPPO,3600,8,137,67,0.4891,0.9343,0.0657,774.4627,193.6157,0.6008,1.0002,286.8305,514.9783,1263.3096,0.8809,29.7965,27.3754,962.7740,220.0895,54.2555,6781.9341,0,0,-0.0447,10.3588,0.6570,3.1522,357,0.5234,0.4766,1.0000,2.0000,flat,0.3259,0.5858,1.2630,1.2502,0.9343,0.0000,34.1686,7433
43,284,Kyoto_Small,train,FaithfulMAPPER,3600,8,123,62,0.5041,0.9837,0.0163,779.5806,389.7903,0.3230,1.0006,229.2182,565.1021,1114.5316,0.9725,19.9863,18.3423,836.4176,166.4817,153.9024,19237.8047,0,0,-0.0086,10.2566,0.6304,0.5574,172,0.5124,0.4876,1.0034,2.0000,flat,0.4151,0.7697,1.2642,1.3055,0.9837,0.0000,6.3119,18930
43,285,Kyoto_Small,train,MAPPO,3600,8,131,50,0.3817,0.9618,0.0382,845.8800,845.8800,0.1520,1.0000,281.8095,495.5000,1061.0931,0.7531,19.1001,18.1096,917.4957,180.3021,246.6031,30825.3809,0,0,-0.0047,12.2360,0.6578,3.4007,330,0.3968,0.6032,1.0000,2.0000,flat,0.4250,0.7810,1.2019,1.0394,0.9618,0.0000,69.5909,32305
43,286,LosAngeles_Small,train,FaithfulMAPPER,3600,8,136,54,0.3971,0.9779,0.0221,770.8519,770.8519,0.2000,0.9947,207.8261,584.7675,1150.1677,1.0000,23.9736,21.8446,934.7273,203.1805,396.3235,49540.4414,0,0,0.0418,16.1244,0.6353,0.5509,198,0.4060,0.5940,0.9853,6.5039,ramp_up_down,0.4989,1.0064,1.2358,1.3831,0.9851,0.5000,0.0000,53900
43,287,LosAngeles_Small,train,MAPPO,3600,8,136,53,0.3897,0.9044,0.0956,511.7358,255.8679,0.2651,0.9707,209.8085,367.8605,898.3989,0.8564,24.1668,22.9179,864.3696,209.8024,500.5956,62574.4492,0,0,-0.0051,14.8219,0.6599,3.6243,304,0.4309,0.5691,0.9853,6.5039,ramp_up_down,0.4091,0.7754,1.2659,1.1357,0.9104,0.5000,30.1287,68081
43,288,Tokyo_Small,train,FaithfulMAPPER,3600,8,145,94,0.6483,0.9724,0.0276,730.4681,146.0936,0.6586,1.0004,240.6463,442.2769,926.8698,0.7703,29.4530,27.7158,794.4857,210.2878,44.4621,5557.7588,0,0,0.0150,4.7522,0.6291,0.5598,204,0.6667,0.3333,1.0000,2.0000,flat,0.3297,0.6090,1.2355,1.4311,0.9724,0.0000,55.2724,6447
43,289,Tokyo_Small,train,MAPPO,3600,8,116,55,0.4741,0.9569,0.0431,671.3273,223.7758,0.4408,1.0001,196.1429,427.8462,888.5942,0.9061,29.1922,27.0171,860.8907,227.5187,339.6638,42457.9727,0,0,0.0750,12.3450,0.6594,3.4744,291,0.4955,0.5045,1.0000,2.0000,flat,0.3182,0.5659,1.2628,1.3776,0.9569,0.0000,18.4240,39401
43,290,Kyoto_Small,train,FaithfulMAPPER,3600,8,134,62,0.4627,0.9851,0.0149,818.3065,272.7688,0.4532,1.0006,219.0714,611.5472,1125.3281,1.0000,19.8518,17.9715,756.3589,157.0367,102.0448,12755.5967,0,0,0.0123,6.7112,0.6264,0.5573,187,0.4697,0.5303,1.0000,2.0000,flat,0.3413,0.6003,1.3118,1.2434,0.9851,0.0000,0.0000,13674
43,291,Kyoto_Small,train,MAPPO,3600,8,141,54,0.3830,0.9504,0.0496,806.1296,806.1296,0.1823,1.0005,199.3409,607.2500,958.9199,0.9621,20.0728,18.3888,779.7647,172.5601,192.0638,24007.9785,0,0,0.0204,9.3614,0.6607,2.8627,361,0.4030,0.5970,1.0000,2.0000,flat,0.3440,0.6485,1.3196,1.3873,0.9504,0.0000,7.5569,27081
43,292,LosAngeles_Small,train,FaithfulMAPPER,3600,8,130,57,0.4385,0.9923,0.0077,899.8947,449.9474,0.2669,0.9715,276.5208,624.8864,1243.3839,0.8993,23.5604,20.9917,923.2598,180.7121,106.8923,13361.5381,0,0,-0.0139,9.8880,0.6339,0.5664,201,0.4419,0.5581,0.9846,6.5039,ramp_up_down,0.4036,0.7198,1.2698,0.6594,1.0000,0.5000,27.8441,13896
43,293,LosAngeles_Small,train,MAPPO,3600,8,147,45,0.3061,0.9524,0.0476,1077.9333,1077.9333,0.1642,0.9914,208.0000,811.8710,1108.1245,1.0000,24.1815,21.7201,878.3246,186.1864,577.6667,72208.3359,0,0,-0.0199,12.0222,0.6538,3.1306,391,0.3214,0.6786,0.9871,6.5039,ramp_up_down,0.4649,0.9055,1.2419,0.9581,0.9586,0.5000,0.0000,84917
43,294,Tokyo_Small,train,FaithfulMAPPER,3600,8,130,45,0.3462,0.9231,0.0769,832.2667,416.1333,0.3492,0.9866,276.2927,529.4595,1090.5168,0.7894,28.4998,27.4126,870.2310,223.2612,397.0385,49629.8086,0,0,-0.0121,22.3134,0.6339,0.4817,174,0.3750,0.6250,0.9846,6.5039,ramp_up_down,0.4242,0.8100,1.2755,1.3533,0.9297,0.5000,58.1893,51615
43,295,Tokyo_Small,train,MAPPO,3600,8,133,67,0.5038,0.9624,0.0376,848.6716,424.3358,0.3368,0.9874,237.8103,527.6274,1190.7653,1.0000,28.6589,26.3673,931.6859,188.0280,62.1654,7770.6768,0,0,-0.0347,11.1150,0.6545,3.1688,325,0.5234,0.4766,0.9853,6.5039,ramp_up_down,0.4253,0.7687,1.1815,1.2162,0.9695,0.5000,0.0000,8268
43,296,Kyoto_Small,train,FaithfulMAPPER,3600,8,145,75,0.5172,0.9724,0.0276,756.5333,252.1778,0.4043,0.9845,191.6461,519.7679,1102.0120,1.0000,19.8573,18.5757,890.8881,174.6911,77.3793,9672.4141,0,0,-0.0634,10.8204,0.6288,0.5692,207,0.5319,0.4681,0.9931,12.1967,wave,0.2823,0.5191,1.3477,1.5688,0.9792,0.0000,0.0000,11220
43,297,Kyoto_Small,train,MAPPO,3600,8,112,50,0.4464,0.9554,0.0446,758.3400,758.3400,0.2369,0.9923,209.7872,545.5128,1073.4899,1.0000,19.6829,18.5481,911.9033,173.2211,182.6161,22827.0098,0,0,0.0028,13.4407,0.6525,3.6601,277,0.4673,0.5327,0.9826,12.1967,wave,0.2784,0.4972,1.3099,1.2962,0.9636,0.5000,0.0000,20453
43,298,LosAngeles_Small,train,FaithfulMAPPER,3600,8,141,48,0.3404,0.9574,0.0426,955.4375,477.7188,0.2765,1.0008,237.6522,745.8049,1136.9845,0.9568,24.1998,22.3599,888.0593,188.6320,245.8582,30732.2695,0,0,-0.0112,18.0835,0.6304,0.4165,191,0.3556,0.6444,1.0012,2.0000,flat,0.5528,1.0759,1.2283,0.9712,0.9574,0.0000,10.2553,34666
43,299,LosAngeles_Small,train,MAPPO,3600,8,136,73,0.5368,0.9706,0.0294,717.8356,239.2785,0.4787,1.0002,199.3387,484.4151,1068.3173,1.0000,22.5593,20.5033,842.6613,175.6102,94.1471,11768.3828,0,0,-0.0001,11.6672,0.6553,3.3536,380,0.5530,0.4470,1.0000,2.0000,flat,0.3620,0.6508,1.3042,1.3843,0.9706,0.0000,0.0000,12804
43,300,Tokyo_Small,train,FaithfulMAPPER,3600,8,122,61,0.5000,0.9836,0.0164,811.1147,405.5574,0.3285,0.9682,289.1454,487.0425,1183.3090,0.8185,28.7827,26.5365,868.8516,217.4780,82.7541,10344.2627,0,0,-0.0004,6.8673,0.6282,0.6267,160,0.5083,0.4917,0.9836,6.5039,ramp_up_down,0.3317,0.6664,1.2889,1.3833,0.9917,0.5000,52.4837,10096
43,301,Tokyo_Small,train,MAPPO,3600,8,124,50,0.4032,0.9435,0.0565,788.9400,788.9400,0.2360,0.9672,258.4318,487.5555,1180.1223,0.9133,29.2453,26.9348,904.0988,231.2069,83.3468,10418.3467,0,0,0.0001,9.6123,0.6555,3.0949,335,0.4274,0.5726,0.9857,6.5039,ramp_up_down,0.3902,0.7682,1.2599,1.1715,0.9508,0.5000,22.4074,10335
43,302,Kyoto_Small,train,FaithfulMAPPER,3600,8,143,67,0.4685,0.9720,0.0280,878.6567,878.6567,0.1901,0.9885,210.9333,647.9039,1093.4550,1.0000,19.8967,18.3550,840.1874,163.9441,179.2867,22410.8398,0,0,0.0837,13.4415,0.6328,0.4947,208,0.4820,0.5180,0.9794,9.5000,building_up,0.4527,0.8315,1.2227,1.4168,0.9857,0.3333,0.0000,25638
43,303,Kyoto_Small,train,MAPPO,3600,8,139,42,0.3022,0.9712,0.0288,719.5714,719.5714,0.1715,0.9795,259.9737,507.7742,959.6875,0.7383,19.7930,17.8815,766.9224,167.3206,234.5683,29321.0430,0,0,0.0335,9.0879,0.6511,2.6180,389,0.3111,0.6889,0.9868,9.5000,building_up,0.5202,1.0055,1.2295,1.1290,0.9781,0.5000,68.0362,32605
43,304,LosAngeles_Small,train,FaithfulMAPPER,3600,8,127,59,0.4646,0.9291,0.0709,811.1865,202.7966,0.5026,1.0004,233.7255,577.7675,1127.5826,0.9649,23.7060,21.8081,868.5967,201.0332,143.4252,17928.1504,0,0,0.0052,8.8763,0.6349,0.5974,179,0.5000,0.5000,1.0000,2.0000,flat,0.4520,0.8532,1.2374,1.0386,0.9291,0.0000,8.2090,18215
43,305,LosAngeles_Small,train,MAPPO,3600,8,115,42,0.3652,0.9391,0.0609,822.4048,274.1349,0.4604,1.0002,236.0833,660.7812,1236.9929,1.0000,22.9264,21.3469,811.2111,218.7213,109.0000,13625.0000,0,0,0.0007,11.0547,0.6521,3.3082,318,0.3889,0.6111,1.0000,2.0000,flat,0.4167,0.7698,1.2106,1.1306,0.9391,0.0000,0.0000,12535
43,306,Tokyo_Small,train,FaithfulMAPPER,3600,8,129,67,0.5194,0.9612,0.0388,758.8657,758.8657,0.1831,0.9766,282.9434,489.3333,1157.4397,0.8181,29.4854,27.3930,857.2687,204.6557,154.9845,19373.0625,0,0,0.0077,11.7094,0.6281,0.5643,186,0.5403,0.4597,0.9845,6.5039,ramp_up_down,0.3145,0.5629,1.3007,1.1977,0.9685,0.5000,51.4554,19993
43,307,Tokyo_Small,train,MAPPO,3600,8,108,61,0.5648,0.9259,0.0741,756.7869,378.3934,0.2644,0.9894,289.2653,513.5610,1248.0386,0.8629,29.0979,26.8009,890.6223,250.9540,34.6759,4334.4907,0,0,0.0164,11.0688,0.6579,2.9526,266,0.6100,0.3900,0.9815,6.5039,ramp_up_down,0.3191,0.5611,1.3300,1.1468,0.9340,0.5000,39.6576,3745
43,308,Kyoto_Small,train,FaithfulMAPPER,3600,8,123,57,0.4634,0.9675,0.0325,776.4211,258.8070,0.3974,1.0002,197.0000,607.9070,997.4821,1.0000,19.8876,18.3604,766.3017,191.8893,165.5285,20691.0566,0,0,-0.0101,10.0605,0.6353,0.3662,178,0.4790,0.5210,1.0000,2.0000,flat,0.5059,1.0557,1.1903,1.2388,0.9675,0.0000,0.0000,20360
43,309,Kyoto_Small,train,MAPPO,3600,8,122,83,0.6803,0.9508,0.0492,820.3253,410.1627,0.3528,1.0003,229.6769,584.0435,984.9874,0.8577,20.0130,17.1209,811.8240,175.8488,45.5656,5695.6968,0,0,-0.0081,14.3115,0.6583,3.4996,298,0.7155,0.2845,1.0000,2.0000,flat,0.2773,0.5039,1.2071,1.1232,0.9508,0.0000,32.6795,5559
43,310,LosAngeles_Small,train,FaithfulMAPPER,3600,8,121,53,0.4380,0.9339,0.0661,487.2076,243.6038,0.2654,1.0003,160.9318,310.9250,807.3035,1.0000,22.8836,21.5132,735.0159,198.1921,170.3223,21290.2891,0,0,0.0195,8.4774,0.6367,0.2515,161,0.4690,0.5310,1.0000,5.8000,shock_burst,0.5228,1.0341,1.2441,1.2570,0.9339,0.0000,0.0000,20609
43,311,LosAngeles_Small,train,MAPPO,3600,8,124,43,0.3468,0.9758,0.0242,1201.4651,1201.4651,0.2102,1.0004,210.7632,915.0938,1011.1712,0.9595,23.5113,21.5331,790.6891,209.9699,682.1774,85272.1797,0,0,0.0062,11.4138,0.6565,3.3066,305,0.3554,0.6446,1.0000,5.8000,shock_burst,0.5347,1.1111,1.2092,1.4211,0.9758,0.0000,8.5289,84590
43,312,Tokyo_Small,train,FaithfulMAPPER,3600,8,120,63,0.5250,0.9667,0.0333,945.4127,945.4127,0.1687,0.9971,219.7143,584.9362,982.7080,0.8945,28.6127,26.8441,817.1254,208.1045,320.0250,40003.1250,0,0,-0.0236,12.4913,0.6258,0.5947,179,0.5431,0.4569,0.9833,6.5039,ramp_up_down,0.4308,0.8195,1.2730,0.9566,0.9746,0.5000,23.1727,38403
43,313,Tokyo_Small,train,MAPPO,3600,8,125,53,0.4240,0.9280,0.0720,909.5283,0.0000,0.0788,0.9750,306.0667,664.3589,1324.6301,0.8656,28.1512,24.7293,967.3409,213.6996,212.7760,26597.0000,0,0,-0.0007,13.5569,0.6599,3.6246,288,0.4569,0.5431,0.9844,6.5039,ramp_up_down,0.3816,0.6868,1.2260,1.1415,0.9350,0.5000,41.1407,26597
43,314,Kyoto_Small,train,FaithfulMAPPER,3600,8,127,41,0.3228,0.9685,0.0315,648.3903,324.1951,0.2728,1.0002,231.0000,437.9189,1123.1062,0.9724,19.8902,18.2515,814.6324,166.1953,648.4252,81053.1484,0,0,0.0032,20.4912,0.6309,0.4130,167,0.3333,0.6667,1.0000,2.0000,flat,0.3303,0.6007,1.1969,1.3437,0.9685,0.0000,6.3788,82350
43,315,Kyoto_Small,train,MAPPO,3600,8,115,54,0.4696,0.9652,0.0348,688.1111,229.3704,0.3828,1.0002,202.1861,506.7619,1010.0839,0.9992,19.3931,18.0192,805.9193,180.9323,170.9565,21369.5645,0,0,0.0036,10.9112,0.6613,3.2743,279,0.4865,0.5135,1.0000,2.0000,flat,0.4399,0.8035,1.2407,1.3401,0.9652,0.0000,0.1693,19660
43,316,LosAngeles_Small,train,FaithfulMAPPER,3600,8,140,47,0.3357,0.9357,0.0643,879.4894,879.4894,0.1332,0.9748,274.7857,583.3784,1151.8948,0.8384,23.0223,21.3396,974.3661,185.7393,703.5571,87944.6406,0,0,0.0070,23.2453,0.6321,0.4591,198,0.3588,0.6412,0.9857,6.5039,ramp_up_down,0.5128,0.9669,1.3015,1.0605,0.9420,0.5000,44.4068,98498
43,317,LosAngeles_Small,train,MAPPO,3600,8,127,51,0.4016,0.9449,0.0551,752.4314,0.0000,0.0528,0.9588,219.0682,553.8611,1154.8622,1.0000,24.1181,21.7672,898.7859,184.0745,274.7165,34339.5664,0,0,-0.0005,9.2792,0.6586,3.0201,349,0.4250,0.5750,0.9843,6.5039,ramp_up_down,0.4464,0.8289,1.2311,1.4091,0.9600,0.0000,0.0000,34889
43,318,Tokyo_Small,train,FaithfulMAPPER,3600,8,122,63,0.5164,0.9180,0.0820,836.9524,418.4762,0.3730,0.9840,290.0943,539.6512,1091.8237,0.7527,29.3090,26.9671,890.0689,240.9734,65.6475,8205.9424,0,0,-0.0321,6.9593,0.6252,0.6852,171,0.5625,0.4375,0.9918,12.1967,wave,0.2571,0.4632,1.1987,1.2194,0.9256,0.0000,71.7296,8009
43,319,Tokyo_Small,train,MAPPO,3600,8,133,60,0.4511,0.9098,0.0902,738.3666,369.1833,0.3073,0.9885,276.6731,456.1860,1188.7544,0.8593,29.5835,27.6182,910.4890,228.1802,156.5489,19568.6094,0,0,-0.0018,8.2787,0.6599,2.8699,318,0.4959,0.5041,0.9774,12.1967,wave,0.2963,0.5303,1.3214,1.2632,0.9231,0.3333,38.9222,20821
43,320,Kyoto_Small,train,FaithfulMAPPER,3600,8,125,70,0.5600,0.9600,0.0400,879.6000,439.8000,0.3247,1.0003,235.5667,614.8478,992.8516,0.8429,19.9381,18.3752,731.6851,176.6155,43.1040,5388.0000,0,0,-0.0286,2.8030,0.6252,0.3984,162,0.5833,0.4167,1.0000,2.0000,flat,0.3584,0.6325,1.1977,1.3973,0.9600,0.0000,36.9964,5388
43,321,Kyoto_Small,train,MAPPO,3600,8,119,45,0.3782,0.9664,0.0336,858.7333,429.3667,0.2771,1.0002,210.3571,624.3514,981.9016,0.9336,19.9158,17.3759,813.1738,172.7987,470.2353,58779.4102,0,0,0.0607,8.1704,0.6582,2.7714,322,0.3913,0.6087,1.0000,2.0000,flat,0.4561,0.8508,1.2351,0.8851,0.9664,0.0000,13.9768,55958
43,322,LosAngeles_Small,train,FaithfulMAPPER,3600,8,127,60,0.4724,0.9606,0.0394,911.3000,911.3000,0.2276,0.9885,273.6078,591.1750,1418.3324,1.0000,24.2754,23.0004,824.1176,192.8318,318.4173,39802.1641,0,0,0.0796,7.0425,0.6277,0.5926,184,0.4918,0.5082,0.9843,12.1967,wave,0.5125,1.0064,1.2406,1.3787,0.9680,0.5000,0.0000,40439
43,323,LosAngeles_Small,train,MAPPO,3600,8,138,65,0.4710,0.9565,0.0435,752.3846,250.7949,0.4039,0.9846,213.4828,505.7917,1094.5953,1.0000,24.0964,22.4910,873.4417,194.3754,300.9131,37614.1289,0,0,-0.0031,9.0752,0.6620,3.0154,333,0.4924,0.5076,1.0024,12.1967,wave,0.3580,0.6334,1.2398,1.3183,0.9565,0.0000,0.0000,41526
43,324,Tokyo_Small,train,FaithfulMAPPER,3600,8,111,48,0.4324,0.9189,0.0811,669.7500,334.8750,0.2822,0.9865,248.7674,441.6512,1209.7667,0.9726,27.6866,25.4010,772.4704,225.3914,90.1982,11274.7744,0,0,0.0009,4.4406,0.6249,0.5081,140,0.4706,0.5294,0.9820,6.5039,ramp_up_down,0.4302,0.9704,1.2262,1.1143,0.9266,0.5000,6.8141,10012
43,325,Tokyo_Small,train,MAPPO,3600,8,112,43,0.3839,0.9375,0.0625,705.5814,705.5814,0.2219,0.9775,194.8537,514.3415,1066.8790,1.0000,28.2894,26.4599,851.6399,208.5745,233.8929,29236.6074,0,0,-0.0044,5.8194,0.6631,2.4113,302,0.4095,0.5905,0.9732,6.5039,ramp_up_down,0.4786,0.9055,1.2030,1.2763,0.9541,0.3333,0.0000,26196
43,326,Kyoto_Small,train,FaithfulMAPPER,3600,8,135,66,0.4889,0.9111,0.0889,663.5757,331.7879,0.2757,0.9899,244.5345,436.7391,1107.8217,0.9061,20.0727,18.3795,855.2795,191.3791,288.9778,36122.2227,0,0,0.0084,10.9186,0.6286,0.5243,173,0.5366,0.4634,0.9852,6.5039,ramp_up_down,0.2906,0.5698,1.2112,1.3789,0.9173,0.5000,22.9702,39012
43,327,Kyoto_Small,train,MAPPO,3600,8,119,29,0.2437,0.9916,0.0084,873.1379,0.0000,0.0509,0.9585,277.0000,633.7391,1203.9222,0.8693,19.2626,17.2814,970.3209,164.0538,1291.6638,161457.9844,0,0,-0.0056,12.9736,0.6573,2.7288,365,0.2458,0.7542,1.0000,6.5039,ramp_up_down,0.5400,1.0222,1.2883,1.1883,0.9916,0.0000,36.2155,153708
43,328,LosAngeles_Small,train,FaithfulMAPPER,3600,8,109,57,0.5229,0.8991,0.1009,685.2982,228.4327,0.4440,1.0002,244.2553,457.0833,1153.3005,0.9443,23.9982,22.0617,1011.8740,244.3356,157.4862,19685.7793,0,0,0.0364,10.1610,0.6257,0.4906,131,0.5816,0.4184,1.0000,2.0000,flat,0.4139,0.7434,1.2314,1.1120,0.8991,0.0000,13.5952,17166
43,329,LosAngeles_Small,train,MAPPO,3600,8,122,59,0.4836,0.9508,0.0492,821.1356,273.7119,0.4375,1.0001,264.2549,552.7273,1194.4086,0.9040,24.0643,21.6392,805.9478,212.7746,224.1311,28016.3926,0,0,0.0733,12.2151,0.6578,3.4017,323,0.5086,0.4914,1.0000,2.0000,flat,0.3204,0.5805,1.2424,1.3956,0.9508,0.0000,25.3732,27344
43,330,Tokyo_Small,train,FaithfulMAPPER,3600,8,133,71,0.5338,0.9323,0.0677,687.0422,343.5211,0.3599,0.9804,216.1746,428.7358,1029.6895,0.9526,28.8209,26.5062,860.3715,208.2688,70.2180,8777.2559,0,0,0.0349,5.6419,0.6227,0.7512,195,0.5726,0.4274,0.9850,6.5039,ramp_up_down,0.3807,0.6752,1.2951,1.2353,0.9389,0.5000,10.2367,9339
43,331,Tokyo_Small,train,MAPPO,3600,8,124,54,0.4355,0.9194,0.0806,842.3889,421.1945,0.3584,0.9774,277.6956,563.9286,1363.2506,0.9818,29.3730,27.4561,945.9575,250.6160,483.8629,60482.8633,0,0,0.0006,13.8068,0.6577,3.6709,315,0.4737,0.5263,0.9839,6.5039,ramp_up_down,0.2828,0.5048,1.2649,1.3943,0.9262,0.5000,5.0455,59999
43,332,Kyoto_Small,train,FaithfulMAPPER,3600,8,114,42,0.3684,0.9737,0.0263,818.3333,409.1667,0.3140,1.0005,299.2857,569.4286,1164.7732,0.7784,19.3511,17.4550,851.4668,175.6308,317.2807,39660.0859,0,0,-0.0296,16.9635,0.6270,0.5273,164,0.3784,0.6216,1.0000,2.0000,flat,0.3603,0.6417,1.2732,1.5694,0.9737,0.0000,66.3311,36170
43,333,Kyoto_Small,train,MAPPO,3600,8,121,61,0.5041,0.9917,0.0083,588.2459,588.2459,0.2301,1.0001,204.6667,404.1555,916.9321,0.8960,19.5612,17.5750,827.3063,170.8450,190.6281,23828.5117,0,0,0.0048,6.9181,0.6568,2.5867,328,0.5083,0.4917,1.0000,2.0000,flat,0.5833,1.1693,1.2634,0.8054,0.9917,0.0000,21.2802,23066
43,334,LosAngeles_Small,train,FaithfulMAPPER,3600,8,135,46,0.3407,0.8000,0.2000,772.3478,386.1739,0.2903,0.9733,278.3158,527.6053,1200.6404,0.8628,23.2185,20.9255,900.6067,210.7337,307.0370,38379.6289,0,0,0.0012,14.2338,0.6264,0.4772,162,0.4259,0.5741,0.9857,9.5000,building_up,0.5341,1.1515,1.2614,1.2247,0.8045,0.5000,38.1877,41450
43,335,LosAngeles_Small,train,MAPPO,3600,8,123,61,0.4959,0.9106,0.0894,708.0328,354.0164,0.3505,0.9693,203.0577,461.4091,906.6680,0.8930,24.1016,20.8818,775.5292,194.0252,104.4634,13057.9268,0,0,0.0097,10.2186,0.6600,2.9557,304,0.5446,0.4554,0.9837,9.5000,building_up,0.2526,0.4504,1.2548,1.0525,0.9174,0.5000,21.7241,12849
43,336,Tokyo_Small,train,FaithfulMAPPER,3600,8,123,59,0.4797,0.9593,0.0407,693.1865,346.5932,0.3434,1.0001,197.8077,501.7273,993.8043,1.0000,29.9321,27.6162,831.3998,212.8349,166.9756,20871.9512,0,0,0.0095,7.8331,0.6230,0.4798,173,0.5000,0.5000,1.0000,5.8000,shock_burst,0.3920,0.7266,1.2473,1.1528,0.9593,0.0000,0.0000,20538
43,337,Tokyo_Small,train,MAPPO,3600,8,143,55,0.3846,0.8811,0.1189,767.6545,383.8273,0.2656,1.0002,246.0000,585.4878,1156.8662,0.9405,29.8854,28.0377,907.4957,218.0535,174.2308,21778.8457,0,0,0.0112,10.8160,0.6583,3.2948,366,0.4365,0.5635,1.0005,5.8000,shock_burst,0.3737,0.6711,1.2674,1.0954,0.8811,0.0000,14.6268,24915
43,338,Kyoto_Small,train,FaithfulMAPPER,3600,8,144,67,0.4653,0.9306,0.0694,767.0597,255.6866,0.4400,0.9960,264.2203,494.6071,1235.7156,0.9354,20.0717,18.4192,835.6354,167.6953,91.9097,11488.7148,0,0,-0.0947,7.7113,0.6209,0.6571,200,0.5000,0.5000,0.9861,12.1967,wave,0.2682,0.4747,1.2413,1.0282,0.9366,0.5000,17.0772,13235
43,339,Kyoto_Small,train,MAPPO,3600,8,123,47,0.3821,0.9350,0.0650,822.9575,411.4787,0.2792,0.9846,234.6190,507.1579,1163.6436,0.9919,19.7986,18.0450,894.0667,187.4950,189.8537,23731.7070,0,0,0.0168,7.4185,0.6568,2.6855,328,0.4087,0.5913,0.9923,12.1967,wave,0.3611,0.6548,1.1985,1.1749,0.9426,0.0000,1.8903,23352
43,340,LosAngeles_Small,train,FaithfulMAPPER,3600,8,150,66,0.4400,0.9733,0.0267,941.4091,470.7046,0.3310,0.9821,200.6441,754.5510,1067.9165,1.0000,23.0883,20.7229,890.2979,191.2802,175.9333,21991.6660,0,0,-0.0474,12.6481,0.6223,0.6271,223,0.4521,0.5479,0.9870,9.5000,building_up,0.3561,0.6401,1.3246,1.3329,0.9797,0.5000,0.0000,26390
43,341,LosAngeles_Small,train,MAPPO,3600,8,109,35,0.3211,0.9817,0.0183,864.8286,864.8286,0.1650,0.9752,240.8000,517.2800,1001.5612,0.8319,22.9613,19.9014,788.7299,208.2578,801.6973,100212.1562,0,0,-0.0015,11.9363,0.6546,3.2191,288,0.3271,0.6729,0.9823,9.5000,building_up,0.5616,1.2133,1.2646,1.7703,0.9907,0.5000,40.4878,87385
43,342,Tokyo_Small,train,FaithfulMAPPER,3600,8,154,87,0.5649,0.9675,0.0325,723.7816,241.2605,0.4469,0.9842,236.8513,505.0893,1057.3174,0.8928,28.6336,26.9443,807.9087,182.1948,160.2467,20030.8438,0,0,-0.0000,10.0517,0.6198,0.7129,218,0.5839,0.4161,0.9935,12.1967,wave,0.2323,0.4166,1.2542,1.2702,0.9739,0.0000,25.3879,24678
43,343,Tokyo_Small,train,MAPPO,3600,8,130,52,0.4000,0.9692,0.0308,934.4039,311.4680,0.4227,0.9841,286.6591,620.5789,1406.5387,0.9813,29.0247,26.4656,816.2460,233.5927,607.1000,75887.5000,0,0,-0.0433,8.2645,0.6506,2.8351,325,0.4127,0.5873,0.9923,12.1967,wave,0.3364,0.6199,1.2318,1.3224,0.9767,0.0000,5.3513,78923
43,344,Kyoto_Small,train,FaithfulMAPPER,3600,8,117,52,0.4444,0.9744,0.0256,748.7115,374.3558,0.2890,0.9815,229.4186,580.3846,1134.4641,0.9890,19.6467,18.0474,908.7881,198.2229,112.1453,14018.1621,0,0,0.0042,10.4743,0.6217,0.4442,155,0.4561,0.5439,0.9840,9.5000,building_up,0.3644,0.6725,1.2817,1.0423,0.9826,0.5000,2.5258,13121
43,345,Kyoto_Small,train,MAPPO,3600,8,121,50,0.4132,0.9587,0.0413,692.0600,346.0300,0.2617,0.9939,214.6744,504.7297,1068.9106,0.9958,19.2459,17.3753,775.1593,167.8637,247.9669,30995.8672,0,0,-0.0045,8.2460,0.6546,2.8611,362,0.4310,0.5690,0.9835,9.5000,building_up,0.3576,0.6639,1.2563,1.3517,0.9664,0.5000,0.8923,30004
43,346,LosAngeles_Small,train,FaithfulMAPPER,3600,8,99,45,0.4545,0.9495,0.0505,745.8889,248.6296,0.4191,0.9901,268.4359,507.4865,991.1247,0.7384,23.3358,22.2327,828.7989,239.2095,128.0707,16008.8389,0,0,0.0334,9.4089,0.6171,0.3527,132,0.4787,0.5213,0.9803,12.1967,wave,0.4444,0.8427,1.2418,1.2082,0.9588,0.5000,70.2109,12679
43,347,LosAngeles_Small,train,MAPPO,3600,8,122,47,0.3852,0.9344,0.0656,649.2341,324.6170,0.3574,0.9887,216.3954,439.6216,1120.0735,1.0000,23.7536,22.1812,878.3343,226.1190,446.7787,55847.3359,0,0,-0.0218,13.0685,0.6526,3.4580,332,0.4123,0.5877,0.9840,12.1967,wave,0.3722,0.6718,1.2855,1.5939,0.9417,0.5000,0.0000,54507
43,348,Tokyo_Small,train,FaithfulMAPPER,3600,8,140,68,0.4857,0.9500,0.0500,832.6030,277.5343,0.4164,0.9932,267.1864,577.2115,1169.0524,0.8751,28.4581,25.9485,870.0817,207.3773,94.3429,11792.8574,0,0,0.0035,6.5132,0.6212,0.7302,198,0.5113,0.4887,0.9863,12.1967,wave,0.4368,0.7808,1.2579,1.3021,0.9565,0.5000,33.3760,13208
43,349,Tokyo_Small,train,MAPPO,3600,8,125,58,0.4640,0.9680,0.0320,797.6207,265.8736,0.4212,0.9843,232.1765,571.3555,1112.5503,0.9584,27.7996,23.1810,849.9666,203.3887,170.2000,21275.0000,0,0,0.0330,7.9836,0.6519,2.8572,321,0.4793,0.5207,0.9920,12.1967,wave,0.4873,0.9064,1.2012,1.0375,0.9758,0.0000,9.6664,21275
43,350,Kyoto_Small,train,FaithfulMAPPER,3600,8,123,63,0.5122,0.9512,0.0488,940.3810,940.3810,0.1782,0.9625,244.4808,612.9773,1134.5813,0.9282,19.5463,18.5986,816.4636,172.6023,86.6098,10826.2197,0,0,0.0421,2.8909,0.6171,0.5180,166,0.5385,0.4615,0.9850,6.5039,ramp_up_down,0.3941,0.7528,1.1956,1.3501,0.9587,0.5000,17.5645,10653
43,351,Kyoto_Small,train,MAPPO,3600,8,138,62,0.4493,0.9710,0.0290,679.0645,679.0645,0.1404,0.9888,231.9615,525.0909,875.4830,0.7549,19.7277,18.4416,781.8476,168.5942,202.0000,25250.0000,0,0,-0.0142,8.7432,0.6532,2.8762,366,0.4627,0.5373,0.9858,6.5039,ramp_up_down,0.4632,0.8372,1.3064,1.0223,0.9779,0.5000,56.8649,27876
43,352,LosAngeles_Small,train,FaithfulMAPPER,3600,8,123,69,0.5610,0.9512,0.0488,757.4783,252.4928,0.4456,0.9914,260.3571,550.6875,1192.3263,0.9159,23.4817,22.1972,852.8478,195.7988,66.4634,8307.9268,0,0,-0.0032,2.8561,0.6189,0.5007,167,0.5897,0.4103,0.9850,6.5039,ramp_up_down,0.4017,0.7327,1.1536,1.1576,0.9587,0.5000,21.8919,8175
43,353,LosAngeles_Small,train,MAPPO,3600,8,124,64,0.5161,0.9274,0.0726,637.0000,318.5000,0.2958,0.9921,224.9057,438.1500,962.5712,0.8560,23.8981,22.5491,791.0585,223.3179,136.6935,17086.6934,0,0,0.0000,11.6246,0.6545,3.3347,288,0.5565,0.4435,0.9844,6.5039,ramp_up_down,0.2781,0.4928,1.2952,1.2541,0.9344,0.5000,32.3914,16950
43,354,Tokyo_Small,train,FaithfulMAPPER,3600,8,128,69,0.5391,0.9844,0.0156,651.4927,651.4927,0.2089,1.0000,217.8889,440.5283,1030.1257,0.9456,29.6553,28.7519,822.5321,234.6273,65.9609,8245.1172,0,0,0.0077,6.1581,0.6140,0.6611,173,0.5476,0.4524,1.0000,2.0000,flat,0.3526,0.6279,1.2584,1.8435,0.9844,0.0000,11.8637,8443
43,355,Tokyo_Small,train,MAPPO,3600,8,114,43,0.3772,0.9298,0.0702,776.8372,0.0000,0.0829,1.0003,260.8205,450.0882,1237.7235,0.9491,29.2349,28.4916,904.8620,263.2049,189.9474,23743.4219,0,0,0.0184,7.4974,0.6529,2.6899,325,0.4057,0.5943,1.0000,2.0000,flat,0.3707,0.6686,1.2553,1.2009,0.9298,0.0000,13.2758,21654
43,356,Kyoto_Small,train,FaithfulMAPPER,3600,8,134,84,0.6269,0.9851,0.0149,676.1190,338.0595,0.3499,0.9848,191.4328,485.9649,911.5032,0.9523,19.9968,17.5561,769.1888,163.0665,84.0075,10500.9326,0,0,0.0037,5.5202,0.6162,0.5964,194,0.6364,0.3636,0.9939,12.1967,wave,0.3746,0.6851,1.2519,0.8129,0.9925,0.0000,9.1322,11257
43,357,Kyoto_Small,train,MAPPO,3600,8,138,60,0.4348,0.9420,0.0580,612.1334,612.1334,0.1977,0.9845,173.8519,523.1087,900.5182,1.0000,19.2674,18.2026,789.9745,159.9948,295.6087,36951.0859,0,0,0.0035,7.7761,0.6519,2.6958,345,0.4615,0.5385,0.9859,12.1967,wave,0.4413,0.8222,1.2457,1.4028,0.9559,0.0000,0.0000,40794
43,358,LosAngeles_Small,train,FaithfulMAPPER,3600,8,124,65,0.5242,0.9194,0.0806,785.0461,392.5231,0.2872,1.0006,211.2778,579.6522,1094.9650,1.0000,22.7935,20.7914,830.5585,196.8463,64.3306,8041.3306,0,0,0.0593,3.6019,0.6177,0.5396,161,0.5702,0.4298,1.0000,5.8000,shock_burst,0.3571,0.6329,1.1962,0.8776,0.9194,0.0000,0.0000,7977
43,359,LosAngeles_Small,train,MAPPO,3600,8,124,58,0.4677,0.8952,0.1048,783.9483,783.9483,0.1291,1.0003,239.6471,563.5952,1041.7766,0.8694,23.2810,20.6574,863.2156,203.7915,436.0968,54512.0977,0,0,-0.0002,11.3194,0.6474,3.3575,325,0.5225,0.4775,1.0004,5.8000,shock_burst,0.3704,0.8750,1.3246,1.3183,0.8952,0.0000,31.2917,54076
43,360,Tokyo_Small,train,FaithfulMAPPER,3600,8,129,70,0.5426,0.9612,0.0388,824.8000,824.8000,0.2389,1.0004,230.6207,572.9388,1127.2782,0.9776,29.7612,27.8643,900.0889,225.2921,72.8992,9112.4033,0,0,-0.0087,8.7397,0.6216,0.6729,182,0.5645,0.4355,1.0003,5.8000,shock_burst,0.3724,0.6713,1.2474,1.2343,0.9612,0.0000,5.1651,9404
43,361,Tokyo_Small,train,MAPPO,3600,8,124,38,0.3065,0.9839,0.0161,616.4474,616.4474,0.1699,1.0002,232.1667,394.1667,989.7926,0.8527,27.9471,25.7508,855.6674,217.8782,755.7339,94466.7344,0,0,-0.0017,12.6220,0.6434,2.9594,315,0.3115,0.6885,1.0008,5.8000,shock_burst,0.4688,1.0078,1.2207,1.3453,0.9839,0.0000,34.2081,93711
43,362,Kyoto_Small,train,FaithfulMAPPER,3600,8,154,77,0.5000,0.9675,0.0325,622.4545,622.4545,0.2065,1.0004,200.6377,397.9464,816.5881,0.8140,19.8645,17.8961,726.7193,164.7909,101.5779,12697.2402,0,0,0.0278,12.8287,0.6222,0.4752,215,0.5168,0.4832,1.0000,5.8000,shock_burst,0.4444,0.7934,1.3090,1.2309,0.9675,0.0000,37.3201,15643
43,363,Kyoto_Small,train,MAPPO,3600,8,124,52,0.4194,0.9758,0.0242,734.9615,734.9615,0.1674,1.0004,261.8125,441.7561,1149.7360,0.8783,19.9656,18.3750,872.5308,188.2906,206.9758,25871.9766,0,0,-0.0003,12.9464,0.6393,3.5307,343,0.4298,0.5702,1.0000,5.8000,shock_burst,0.2842,0.5200,1.2516,1.6902,0.9758,0.0000,31.8653,25665
43,364,LosAngeles_Small,train,FaithfulMAPPER,3600,8,138,82,0.5942,0.9710,0.0290,660.0732,220.0244,0.4811,0.9866,259.0435,426.3793,1020.5828,0.7880,24.3388,22.8400,812.4780,190.9515,25.1304,3141.3044,0,0,0.0044,3.7785,0.6190,0.7324,191,0.6119,0.3881,0.9855,6.5039,ramp_up_down,0.2908,0.5114,1.2789,1.0880,0.9779,0.5000,54.9269,3468
43,365,LosAngeles_Small,train,MAPPO,3600,8,127,59,0.4646,0.9370,0.0630,726.1865,363.0932,0.3697,0.9585,194.3846,512.1957,1066.9215,1.0000,23.0291,20.5044,781.4746,185.5923,52.7874,6598.4253,0,0,-0.0017,9.3851,0.6465,2.9519,372,0.4958,0.5042,0.9764,6.5039,ramp_up_down,0.4017,0.7287,1.2338,1.2721,0.9597,0.0000,0.0000,6704
43,366,Tokyo_Small,train,FaithfulMAPPER,3600,8,163,71,0.4356,0.9509,0.0491,743.3943,247.7981,0.4668,0.9828,243.0000,567.3922,1133.7386,0.9331,29.3564,27.4000,863.5134,193.2200,267.3497,33418.7109,0,0,0.0076,18.7507,0.6229,0.7385,210,0.4581,0.5419,0.9881,9.5000,building_up,0.4433,0.8233,1.2539,1.3340,0.9565,0.5000,16.2523,43578
43,367,Tokyo_Small,train,MAPPO,3600,8,123,58,0.4715,0.9756,0.0244,752.8276,250.9425,0.4183,0.9836,246.7708,462.2954,1152.9398,0.9344,29.8330,27.3056,894.8110,220.7892,68.1382,8517.2764,0,0,-0.0122,8.9824,0.6408,3.0048,360,0.4833,0.5167,0.9756,9.5000,building_up,0.3423,0.6130,1.3339,0.8569,0.9917,0.3333,16.1829,8381
43,368,Kyoto_Small,train,FaithfulMAPPER,3600,8,125,53,0.4240,0.9440,0.0560,827.6226,827.6226,0.2272,0.9705,279.8478,560.1500,1250.4453,0.8937,19.5409,17.5203,947.3378,179.5996,90.1200,11265.0000,0,0,0.0383,11.4144,0.6205,0.5456,178,0.4492,0.5508,0.9849,6.5039,ramp_up_down,0.3951,0.7180,1.2732,1.1768,0.9512,0.5000,29.7588,11265
43,369,Kyoto_Small,train,MAPPO,3600,8,109,44,0.4037,0.9633,0.0367,729.0227,729.0227,0.1540,0.9588,228.8718,535.1667,1234.7617,1.0000,19.6848,18.2000,890.1557,207.6086,142.0000,17750.0000,0,0,0.0011,11.3082,0.6407,3.3642,284,0.4190,0.5810,0.9817,6.5039,ramp_up_down,0.3944,0.7874,1.3116,1.5093,0.9813,0.0000,0.0000,15478
43,370,LosAngeles_Small,train,FaithfulMAPPER,3600,8,124,66,0.5323,0.9839,0.0161,839.6818,419.8409,0.2921,1.0004,251.2076,643.2558,1063.8999,0.8470,22.3502,20.8567,816.6222,194.2064,67.5887,8448.5889,0,0,0.0173,5.0666,0.6165,0.5187,163,0.5410,0.4590,1.0000,2.0000,flat,0.4033,0.7244,1.2378,1.3162,0.9839,0.0000,38.4276,8381
43,371,LosAngeles_Small,train,MAPPO,3600,8,112,49,0.4375,0.9643,0.0357,741.8979,741.8979,0.2273,1.0002,204.9750,534.6111,1100.1111,1.0000,23.6165,22.3384,903.2136,211.9711,126.0893,15761.1611,0,0,-0.0024,9.6234,0.6368,3.0671,338,0.4537,0.5463,1.0000,2.0000,flat,0.2364,0.4218,1.2369,1.5046,0.9643,0.0000,0.0000,14122
43,372,Tokyo_Small,train,FaithfulMAPPER,3600,8,124,59,0.4758,0.9194,0.0806,766.9153,766.9153,0.2378,0.9926,254.7222,495.2391,1204.7139,0.9459,29.4381,27.9481,932.5998,233.1627,62.2419,7780.2417,0,0,0.0515,8.6149,0.6189,0.5108,162,0.5175,0.4825,0.9842,12.1967,wave,0.4193,0.7437,1.2169,1.2895,0.9262,0.5000,13.7794,7718
43,373,Tokyo_Small,train,MAPPO,3600,8,149,65,0.4362,0.9732,0.0268,684.0308,684.0308,0.2205,0.9860,242.5000,475.0000,886.6082,0.7312,29.1229,26.3032,809.8743,166.2530,221.6980,27712.2480,0,0,0.0166,9.5221,0.6308,2.8571,456,0.4483,0.5517,0.9874,12.1967,wave,0.4701,0.8779,1.2264,1.4264,0.9796,0.5000,65.1784,33033
43,374,Kyoto_Small,train,FaithfulMAPPER,3600,8,141,65,0.4610,0.9645,0.0355,751.2923,250.4308,0.4170,0.9649,289.2909,448.8636,1253.1326,0.8663,19.8487,18.6749,870.6486,178.5690,155.7092,19463.6523,0,0,0.0137,12.9936,0.6210,0.4788,210,0.4779,0.5221,0.9787,6.5039,ramp_up_down,0.4235,0.7613,1.2114,0.9712,0.9783,0.3333,38.6644,21955
43,375,Kyoto_Small,train,MAPPO,3600,8,141,50,0.3546,0.9645,0.0355,930.8200,930.8200,0.2130,0.9977,246.2619,746.6857,1035.9584,0.8413,20.0047,18.3478,831.6647,168.6259,99.1348,12391.8438,0,0,0.0021,9.4089,0.6269,2.9512,435,0.3676,0.6324,0.9858,6.5039,ramp_up_down,0.2500,0.4809,1.2526,1.2538,0.9712,0.5000,39.0702,13978
43,376,LosAngeles_Small,train,FaithfulMAPPER,3600,8,145,79,0.5448,0.9379,0.0621,755.3544,251.7848,0.3912,1.0004,277.5797,469.6909,1087.5569,0.7836,23.3197,21.3240,855.5352,177.4513,54.8759,6859.4829,0,0,-0.0110,11.0651,0.6187,0.8033,205,0.5809,0.4191,1.0000,2.0000,flat,0.3875,0.6925,1.2092,1.4821,0.9379,0.0000,60.0683,7957
43,377,LosAngeles_Small,train,MAPPO,3600,8,129,40,0.3101,0.9767,0.0233,1105.5750,552.7875,0.2797,1.0007,255.5143,830.8666,1233.9923,0.9659,23.5538,21.6774,895.0791,200.7162,303.7675,37970.9297,0,0,-0.0018,11.6512,0.6199,3.2992,412,0.3175,0.6825,1.0000,2.0000,flat,0.4156,0.7832,1.3295,0.7630,0.9767,0.0000,8.7158,39186
43,378,Tokyo_Small,train,FaithfulMAPPER,3600,8,133,71,0.5338,0.9624,0.0376,725.2958,181.3239,0.5813,0.9769,251.3077,494.0893,1219.2726,0.9703,29.5189,26.1454,889.7759,220.1134,45.8872,5735.9023,0,0,0.0689,3.5137,0.6140,0.7519,191,0.5547,0.4453,0.9850,6.5039,ramp_up_down,0.3602,0.6456,1.2385,1.2327,0.9695,0.5000,7.4532,6103
43,379,Tokyo_Small,train,MAPPO,3600,8,127,59,0.4646,0.9606,0.0394,803.4068,401.7034,0.3318,0.9849,234.1923,607.0227,1073.8556,0.9171,29.6109,27.3726,884.6352,210.8158,152.1575,19019.6855,0,0,-0.0080,8.8141,0.6198,2.9711,403,0.4836,0.5164,0.9843,6.5039,ramp_up_down,0.4578,0.8574,1.2632,1.0649,0.9680,0.5000,19.4212,19324
43,380,Kyoto_Small,train,FaithfulMAPPER,3600,8,135,55,0.4074,0.9704,0.0296,878.1636,878.1636,0.2131,0.9813,269.5714,610.5000,1251.3361,0.9284,19.4683,17.7758,872.3829,167.9984,190.0741,23759.2598,0,0,0.0054,16.4571,0.6207,0.4352,186,0.4198,0.5802,0.9852,6.5039,ramp_up_down,0.4122,0.7537,1.2337,1.1390,0.9774,0.5000,19.3042,25660
43,381,Kyoto_Small,train,MAPPO,3600,8,155,37,0.2387,0.9226,0.0774,1140.1892,1140.1892,0.1333,0.9802,190.5161,936.4667,1383.1039,1.0000,19.9686,18.7040,830.7009,144.8807,712.0903,89011.2891,0,0,0.0089,8.9189,0.6157,2.5177,453,0.2587,0.7413,0.9811,6.5039,ramp_up_down,0.5462,1.1617,1.1903,1.1259,0.9342,0.3333,0.0000,110374
43,382,LosAngeles_Small,train,FaithfulMAPPER,3600,8,136,72,0.5294,0.9779,0.0221,605.5833,302.7917,0.3066,1.0001,206.3125,419.4643,1014.9611,0.9839,23.5440,22.4612,847.2807,209.4122,102.6471,12830.8828,0,0,0.0106,10.1288,0.6181,0.6387,186,0.5414,0.4586,1.0000,2.0000,flat,0.3051,0.5575,1.2612,1.0318,0.9779,0.0000,3.3203,13960
43,383,LosAngeles_Small,train,MAPPO,3600,8,137,55,0.4015,0.9635,0.0365,523.2000,261.6000,0.3186,1.0000,148.5833,401.8095,922.1022,1.0000,23.4746,22.2275,844.5118,193.5392,520.8613,65107.6641,0,0,-0.0082,9.3469,0.6117,2.8025,430,0.4167,0.5833,1.0000,2.0000,flat,0.3036,0.5644,1.2385,1.1873,0.9635,0.0000,0.0000,71358
43,384,Tokyo_Small,train,FaithfulMAPPER,3600,8,115,65,0.5652,0.9739,0.0261,752.7231,376.3615,0.3330,0.9927,221.3091,469.7843,1137.3165,1.0000,27.7489,25.1557,868.5398,213.6411,30.1130,3764.1304,0,0,-0.0122,2.7462,0.6086,0.6946,173,0.5804,0.4196,0.9831,12.1967,wave,0.3105,0.5768,1.2933,1.5577,0.9823,0.5000,0.0000,3463
43,385,Tokyo_Small,train,MAPPO,3600,8,125,55,0.4400,0.9840,0.0160,807.7273,403.8636,0.2637,0.9806,284.3404,526.3171,1218.1633,0.8568,28.7331,25.7430,830.5850,208.4857,96.6480,12081.0000,0,0,-0.0006,7.3860,0.6211,2.7097,446,0.4472,0.5528,0.9844,12.1967,wave,0.3348,0.6390,1.1975,1.6380,0.9919,0.5000,40.7078,12081
43,386,Kyoto_Small,train,FaithfulMAPPER,3600,8,121,58,0.4793,0.9669,0.0331,684.7414,228.2471,0.3873,1.0001,191.0851,506.4681,1016.4346,1.0000,19.5355,18.2461,812.5098,187.0175,79.7190,9964.8760,0,0,0.0017,7.4377,0.6128,0.4343,174,0.4957,0.5043,1.0000,2.0000,flat,0.4319,0.7613,1.2531,1.2898,0.9669,0.0000,0.0000,9646
43,387,Kyoto_Small,train,MAPPO,3600,8,132,71,0.5379,0.9621,0.0379,799.6761,399.8380,0.3706,1.0006,222.6667,615.8333,1067.0885,0.9585,19.8166,18.3679,859.1754,168.1848,38.8561,4857.0078,0,0,0.0007,10.8771,0.6221,3.2347,379,0.5591,0.4409,1.0000,2.0000,flat,0.3065,0.5541,1.2931,0.7058,0.9621,0.0000,9.2490,5129
43,388,LosAngeles_Small,train,FaithfulMAPPER,3600,8,138,71,0.5145,0.9348,0.0652,825.6197,275.2066,0.4752,0.9944,212.8965,589.5400,1122.2473,1.0000,23.3980,21.1490,887.2366,193.2878,80.1159,10014.4932,0,0,0.0037,4.4453,0.6161,0.4956,190,0.5504,0.4496,0.9786,12.1967,wave,0.3410,0.6081,1.2161,1.3109,0.9481,0.3333,0.0000,11056
43,389,LosAngeles_Small,train,MAPPO,3600,8,127,62,0.4882,0.9764,0.0236,813.5161,271.1720,0.4260,0.9844,276.5926,539.2553,1131.5809,0.8182,23.3155,21.2820,820.1530,194.3407,106.6693,13333.6611,0,0,0.0007,10.6426,0.6203,3.2213,436,0.5000,0.5000,0.9931,12.1967,wave,0.2881,0.5212,1.2734,1.1059,0.9841,0.0000,50.2764,13547
43,390,Tokyo_Small,train,FaithfulMAPPER,3600,8,130,77,0.5923,0.9769,0.0231,744.4156,248.1385,0.4876,1.0002,222.4203,537.2712,1103.9980,0.9927,29.4931,28.1426,882.1671,218.2090,75.6846,9460.5771,0,0,-0.0029,7.2106,0.6153,0.6255,180,0.6063,0.3937,1.0015,2.0000,flat,0.4517,0.8446,1.2594,1.2751,0.9769,0.0000,1.6207,9839
43,391,Tokyo_Small,train,MAPPO,3600,8,129,70,0.5426,0.9147,0.0853,790.0571,197.5143,0.6143,1.0002,227.5789,545.9615,1084.2788,0.9529,29.3817,27.9414,882.1434,250.5536,75.1318,9391.4727,0,0,-0.0016,14.5615,0.6223,3.6996,341,0.5932,0.4068,1.0000,2.0000,flat,0.3695,0.6650,1.2427,1.2812,0.9147,0.0000,10.7232,9692
43,392,Kyoto_Small,train,FaithfulMAPPER,3600,8,122,56,0.4590,0.9672,0.0328,747.1429,747.1429,0.2080,1.0003,172.0196,532.7600,1087.8054,1.0000,18.9484,16.5073,776.6785,155.8927,46.4754,5809.4263,0,0,0.0074,5.6314,0.6153,0.5691,175,0.4746,0.5254,1.0016,2.0000,flat,0.4231,0.7468,1.2374,1.3735,0.9672,0.0000,0.0000,5670
43,393,Kyoto_Small,train,MAPPO,3600,8,115,42,0.3652,0.9391,0.0609,650.9286,650.9286,0.2146,1.0004,214.5789,446.1945,1252.8975,1.0000,19.8822,18.4904,855.4257,166.8743,116.9304,14616.3047,0,0,0.0039,7.8447,0.6313,2.8182,332,0.3889,0.6111,1.0012,2.0000,flat,0.3684,0.7042,1.2331,1.2474,0.9391,0.0000,0.0000,13447
43,394,LosAngeles_Small,train,FaithfulMAPPER,3600,8,134,76,0.5672,0.9851,0.0149,706.5395,706.5395,0.2364,0.9865,215.5385,473.5000,1034.4547,0.9599,23.3435,20.7079,883.7866,169.7408,80.3582,10044.7764,0,0,-0.0036,7.3549,0.6160,0.5521,201,0.5758,0.4242,0.9851,6.5039,ramp_up_down,0.3633,0.6459,1.2719,1.0372,0.9924,0.5000,8.6475,10768
43,395,LosAngeles_Small,train,MAPPO,3600,8,110,44,0.4000,0.9000,0.1000,749.1591,749.1591,0.1752,0.9771,245.8462,484.6571,1022.4085,0.8317,23.5960,21.9786,769.2231,237.1636,146.0727,18259.0918,0,0,0.0091,10.2341,0.6305,3.1916,294,0.4444,0.5556,0.9836,6.5039,ramp_up_down,0.4615,0.8904,1.2990,1.1367,0.9074,0.5000,41.3645,16068
43,396,Tokyo_Small,train,FaithfulMAPPER,3600,8,143,69,0.4825,0.9720,0.0280,866.1014,433.0507,0.2986,1.0002,221.3833,574.5400,1079.8354,0.9755,29.3601,27.1719,944.2615,207.8878,248.6503,31081.2930,0,0,-0.0175,20.1436,0.6165,0.6256,215,0.4964,0.5036,1.0000,2.0000,flat,0.3700,0.6676,1.1970,1.3477,0.9720,0.0000,5.4162,35557
43,397,Tokyo_Small,train,MAPPO,3600,8,149,48,0.3221,0.9396,0.0604,682.5625,0.0000,0.0910,1.0002,211.6250,435.5588,975.1005,0.9215,28.5223,27.0075,786.2104,181.8805,400.2148,50026.8438,0,0,-0.0063,8.1086,0.6241,2.3758,439,0.3429,0.6571,1.0013,2.0000,flat,0.4875,0.9695,1.2364,0.9862,0.9396,0.0000,16.6049,59632
43,398,Kyoto_Small,train,FaithfulMAPPER,3600,8,115,49,0.4261,0.9217,0.0783,671.2041,671.2041,0.1824,1.0007,248.3095,491.0270,998.5754,0.8043,19.7884,17.4763,794.6801,187.8833,124.0087,15501.0869,0,0,-0.0092,10.1899,0.6163,0.4812,147,0.4623,0.5377,1.0004,5.8000,shock_burst,0.4116,0.7458,1.2456,1.3474,0.9217,0.0000,48.5944,14261
43,399,Kyoto_Small,train,MAPPO,3600,8,147,56,0.3810,0.9252,0.0748,754.7857,754.7857,0.2110,1.0006,266.4889,487.6667,1058.2830,0.7942,19.7267,18.2371,804.4833,160.1640,167.0068,20875.8496,0,0,0.0036,6.6387,0.6239,2.4512,424,0.4118,0.5882,1.0009,5.8000,shock_burst,0.3074,0.5799,1.2285,1.0376,0.9252,0.0000,54.8323,24550
43,400,LosAngeles_Small,train,FaithfulMAPPER,3600,8,134,64,0.4776,0.9552,0.0448,696.1562,232.0521,0.4600,0.9783,205.0339,491.9796,1000.5494,0.9760,22.6315,19.8635,788.3154,185.1643,147.0821,18385.2617,0,0,-0.0418,11.7336,0.6139,0.5144,204,0.5000,0.5000,0.9866,6.5039,ramp_up_down,0.4308,0.7778,1.2823,1.5270,0.9621,0.5000,4.9240,19709
43,401,LosAngeles_Small,train,MAPPO,3600,8,132,49,0.3712,0.9091,0.0909,800.0204,266.6735,0.4678,0.9830,321.0476,548.3947,1415.9865,0.8821,23.8824,23.0300,991.4528,221.8888,151.5379,18942.2344,0,0,0.0034,12.6741,0.6248,3.5629,331,0.4083,0.5917,0.9848,6.5039,ramp_up_down,0.4268,0.7975,1.2569,1.2350,0.9154,0.5000,37.8503,20003
43,402,Tokyo_Small,train,FaithfulMAPPER,3600,8,124,79,0.6371,0.9677,0.0323,666.2025,166.5506,0.6031,0.9844,223.0580,454.0339,1122.7289,1.0000,29.3426,26.9579,835.6390,227.5459,72.0726,9009.0723,0,0,0.0171,6.2956,0.6101,0.5018,175,0.6583,0.3417,0.9919,12.1967,wave,0.3068,0.5524,1.2470,0.8967,0.9756,0.0000,0.0000,8937
43,403,Tokyo_Small,train,MAPPO,3600,8,130,69,0.5308,0.9692,0.0308,806.0145,201.5036,0.6248,0.9879,225.6207,608.5192,1124.1392,0.9965,29.0145,27.3319,902.4111,229.3300,113.4154,14176.9229,1,0,-0.0031,10.9533,0.6191,3.3058,435,0.5476,0.4524,0.9849,12.1967,wave,0.3333,0.6368,1.2185,0.9590,0.9766,0.5000,0.7929,14744
43,404,Kyoto_Small,train,FaithfulMAPPER,3600,8,132,80,0.6061,0.9545,0.0455,711.7500,177.9375,0.5386,0.9845,230.0563,528.5410,955.9965,0.8311,19.9015,18.5910,815.2241,163.9984,30.2803,3785.0378,0,0,0.0064,4.1298,0.6084,0.5466,173,0.6349,0.3651,0.9947,12.1967,wave,0.2787,0.5429,1.2593,1.0902,0.9618,0.0000,38.8570,3997
43,405,Kyoto_Small,train,MAPPO,3600,8,119,39,0.3277,0.9748,0.0252,765.1795,765.1795,0.1864,0.9990,190.3824,675.6451,1106.1621,1.0000,19.9440,18.0155,868.4628,197.5757,415.2689,51908.6133,0,0,0.0054,14.2031,0.6204,3.3209,354,0.3362,0.6638,0.9832,12.1967,wave,0.4191,0.8545,1.2159,1.3496,0.9829,0.5000,0.0000,49417
43,406,LosAngeles_Small,train,FaithfulMAPPER,3600,8,135,75,0.5556,0.9630,0.0370,882.8267,882.8267,0.2341,0.9703,271.8281,653.6038,1068.8486,0.7864,23.2583,21.4787,808.4498,189.1512,49.3926,6174.0742,0,0,0.0061,4.3047,0.6118,0.5607,184,0.5769,0.4231,0.9852,9.5000,building_up,0.3847,0.6799,1.2472,1.3353,0.9699,0.5000,58.0584,6668
43,407,LosAngeles_Small,train,MAPPO,3600,8,119,51,0.4286,0.8992,0.1008,646.5294,646.5294,0.1667,0.9501,224.4222,488.3947,1083.0907,0.9652,23.8457,22.2796,921.6993,223.5079,159.2605,19907.5625,0,0,-0.0029,10.9474,0.6298,3.3044,342,0.4766,0.5234,0.9916,9.5000,building_up,0.3306,0.5864,1.2724,1.1407,0.9068,0.0000,7.8041,18952
43,408,Tokyo_Small,train,FaithfulMAPPER,3600,8,144,94,0.6528,0.9792,0.0208,804.8085,402.4043,0.3632,0.9841,281.4286,497.6613,1101.4268,0.7827,29.0408,25.5118,888.1058,192.3341,47.2569,5907.1182,0,0,-0.0052,4.6242,0.6120,0.7614,207,0.6667,0.3333,0.9941,12.1967,wave,0.2838,0.5027,1.2079,1.6548,0.9860,0.0000,61.1432,6805
43,409,Tokyo_Small,train,MAPPO,3600,8,112,52,0.4643,0.8571,0.1429,833.2115,0.0000,0.0585,0.9892,286.9556,540.2000,1227.2257,0.8553,29.2666,25.8272,906.7939,253.7357,127.2857,15910.7139,0,0,0.0131,12.5152,0.6317,3.3402,270,0.5417,0.4583,0.9826,12.1967,wave,0.2560,0.4543,1.2421,1.3271,0.8636,0.5000,41.5104,14256
43,410,Kyoto_Small,train,FaithfulMAPPER,3600,8,133,76,0.5714,0.9774,0.0226,738.8026,246.2675,0.4796,0.9911,234.6406,462.5306,972.4371,0.8289,19.9917,17.3743,817.2004,165.7086,78.5940,9824.2480,0,0,0.0047,5.9245,0.6118,0.4965,172,0.5846,0.4154,0.9853,12.1967,wave,0.1171,0.2099,1.2419,1.2816,0.9847,0.5000,40.1532,10453
43,411,Kyoto_Small,train,MAPPO,3600,8,134,64,0.4776,0.9776,0.0224,745.3750,248.4583,0.4622,0.9844,236.3962,490.8864,1018.2294,0.8615,19.7701,18.2843,873.3383,150.3232,132.5075,16563.4336,0,0,0.0012,9.0521,0.6263,2.9888,410,0.4885,0.5115,0.9851,12.1967,wave,0.1563,0.2811,1.2815,1.6064,0.9924,0.0000,32.7504,17756
43,412,LosAngeles_Small,train,FaithfulMAPPER,3600,8,145,66,0.4552,0.9655,0.0345,815.5303,815.5303,0.1787,0.9941,205.7308,561.8776,1105.8997,1.0000,24.1577,22.5071,868.1251,188.7242,74.6897,9336.2070,0,0,-0.0183,10.8534,0.6150,0.6991,194,0.4714,0.5286,0.9865,9.5000,building_up,0.3508,0.6362,1.2204,1.0351,0.9720,0.5000,0.0000,10830
43,413,LosAngeles_Small,train,MAPPO,3600,8,139,58,0.4173,0.9353,0.0647,899.2586,899.2586,0.2049,0.9936,268.8750,655.7143,1179.6277,0.8775,23.4163,22.4026,918.0811,188.6232,247.4964,30937.0508,0,0,-0.0016,9.8609,0.6263,3.0104,436,0.4462,0.5538,0.9712,9.5000,building_up,0.4622,0.8490,1.2839,1.1615,0.9556,0.2500,32.9495,34402
43,414,Tokyo_Small,train,FaithfulMAPPER,3600,8,142,69,0.4859,0.9507,0.0493,691.7536,345.8768,0.2900,0.9906,208.7097,501.2076,982.8369,0.9418,29.2077,26.9369,880.3032,209.5132,82.4225,10302.8174,0,0,-0.0035,7.6692,0.6146,0.5983,189,0.5111,0.4889,0.9862,12.1967,wave,0.4288,0.7857,1.2436,1.3724,0.9571,0.5000,12.1423,11704
43,415,Tokyo_Small,train,MAPPO,3600,8,129,78,0.6047,0.9767,0.0233,820.9359,273.6453,0.4172,0.9842,303.0667,525.8000,1156.7238,0.7633,29.3703,26.9299,909.6908,222.7012,68.3333,8541.6670,0,0,-0.0092,10.7888,0.6286,3.0084,300,0.6190,0.3810,0.9922,12.1967,wave,0.3262,0.5864,1.2071,1.4418,0.9844,0.0000,71.7219,8815
43,416,Kyoto_Small,train,FaithfulMAPPER,3600,8,123,60,0.4878,0.9512,0.0488,813.7500,0.0000,0.0970,0.9843,225.9020,570.7500,1086.1500,0.9616,19.5224,17.3744,856.1464,177.0690,81.3089,10163.6182,0,0,-0.0082,9.0117,0.6140,0.5765,168,0.5128,0.4872,0.9842,12.1967,wave,0.4487,0.8026,1.2992,1.1772,0.9669,0.0000,8.6720,10001
43,417,Kyoto_Small,train,MAPPO,3600,8,123,65,0.5285,0.9512,0.0488,684.7385,684.7385,0.1478,0.9846,244.9615,390.6136,1051.4860,0.8585,19.7983,18.3285,828.8212,169.4001,216.7398,27092.4805,0,0,0.0090,10.6032,0.6199,3.1714,371,0.5556,0.4444,0.9919,12.1967,wave,0.3273,0.5869,1.2850,1.1058,0.9590,0.0000,34.6643,26659
43,418,LosAngeles_Small,train,FaithfulMAPPER,3600,8,118,56,0.4746,0.8475,0.1525,656.8214,328.4107,0.2867,0.9937,218.0400,452.8781,1026.5095,0.9416,23.1199,20.3826,843.9371,226.9933,71.2712,8908.8984,0,0,-0.0089,6.1946,0.6096,0.5029,143,0.5600,0.4400,0.9831,9.5000,building_up,0.3889,0.7620,1.2415,1.2688,0.8534,0.5000,12.7381,8410
43,419,LosAngeles_Small,train,MAPPO,3600,8,104,59,0.5673,0.9327,0.0673,756.4915,378.2458,0.3126,0.9889,256.0000,535.2558,1001.6187,0.7825,23.9314,22.2147,857.4933,228.4765,84.1346,10516.8271,0,0,0.0066,15.2874,0.6296,3.4525,272,0.6082,0.3918,0.9812,9.5000,building_up,0.2876,0.5128,1.2475,1.4668,0.9412,0.5000,55.6763,8750
43,420,Tokyo_Small,train,FaithfulMAPPER,3600,8,140,79,0.5643,0.9500,0.0500,689.7848,229.9283,0.4746,0.9842,248.1000,429.4737,1021.5087,0.8235,29.3784,28.1975,814.7486,225.7369,30.3286,3791.0715,0,0,-0.0085,4.9534,0.6090,0.6914,187,0.5940,0.4060,0.9932,12.1967,wave,0.2545,0.4475,1.2521,0.9934,0.9568,0.0000,43.7983,4246
43,421,Tokyo_Small,train,MAPPO,3600,8,140,62,0.4429,0.8786,0.1214,849.1451,424.5726,0.2715,0.9842,173.2264,670.8913,1074.9641,1.0000,29.5498,27.8864,895.1686,236.2957,236.4143,29551.7852,0,0,-0.0010,7.4603,0.6268,2.7190,382,0.5041,0.4959,0.9857,12.1967,wave,0.4280,0.8051,1.2381,1.1927,0.8913,0.0000,0.0000,33098
43,422,Kyoto_Small,train,FaithfulMAPPER,3600,8,128,69,0.5391,0.9531,0.0469,667.6232,222.5411,0.4602,0.9842,203.0667,461.2692,1046.9110,1.0000,19.8088,18.0648,833.2675,174.9667,46.6641,5833.0078,0,0,0.0379,8.8885,0.6121,0.6301,179,0.5656,0.4344,0.9922,12.1967,wave,0.3257,0.5857,1.2105,1.3960,0.9606,0.0000,0.0000,5973
43,423,Kyoto_Small,train,MAPPO,3600,8,134,63,0.4701,0.9776,0.0224,645.1111,215.0370,0.4465,0.9844,172.4727,441.5962,1073.8807,1.0000,19.6888,18.2567,822.8028,156.0501,68.3881,8548.5078,0,0,-0.0007,9.4851,0.6388,3.0875,403,0.4809,0.5191,0.9936,12.1967,wave,0.3275,0.5908,1.2467,0.7395,0.9850,0.0000,0.0000,9164
43,424,LosAngeles_Small,train,FaithfulMAPPER,3600,8,113,59,0.5221,0.9292,0.0708,816.2034,816.2034,0.1936,1.0004,263.4630,533.0000,1205.6321,0.9152,24.3206,22.4770,924.3903,221.1542,47.0619,5882.7432,0,0,-0.0485,6.4010,0.6082,0.6650,135,0.5619,0.4381,1.0004,5.8000,shock_burst,0.2882,0.5147,1.2445,1.1211,0.9292,0.0000,22.3365,5318
43,425,LosAngeles_Small,train,MAPPO,3600,8,128,62,0.4844,0.9844,0.0156,806.4355,806.4355,0.2427,1.0005,254.2500,521.5000,1175.5898,0.9248,21.7049,19.9482,913.3079,185.2866,205.5234,25690.4297,0,0,-0.0304,8.9145,0.6388,2.9512,357,0.4921,0.5079,1.0020,5.8000,shock_burst,0.4671,0.8620,1.2118,1.5867,0.9844,0.0000,19.1320,26307
43,426,Tokyo_Small,train,FaithfulMAPPER,3600,8,121,70,0.5785,0.9339,0.0661,701.6714,233.8905,0.3909,0.9501,178.3818,518.8571,1054.5859,1.0000,28.6525,26.0404,886.6173,220.2713,55.9504,6993.8018,0,0,0.0006,3.9609,0.6093,0.6654,163,0.6195,0.3805,0.9917,9.5000,building_up,0.3845,0.6763,1.2183,1.4194,0.9417,0.0000,0.0000,6770
43,427,Tokyo_Small,train,MAPPO,3600,8,113,42,0.3717,0.9469,0.0531,746.9286,746.9286,0.1783,0.9618,257.5946,459.2500,1181.6875,0.9175,29.0538,26.5164,922.8534,198.3183,203.3009,25412.6113,0,0,-0.0028,11.1346,0.6389,3.2540,314,0.3925,0.6075,0.9833,9.5000,building_up,0.3598,0.6577,1.2795,1.4060,0.9550,0.5000,21.2571,22973
43,428,Kyoto_Small,train,FaithfulMAPPER,3600,8,129,74,0.5736,0.9612,0.0388,629.9459,314.9730,0.3329,1.0003,212.2615,416.7408,1016.0145,0.9573,19.8931,18.5214,835.0082,162.2511,43.7364,5467.0542,0,0,-0.0196,5.4540,0.6091,0.5454,185,0.5968,0.4032,1.0010,2.0000,flat,0.3315,0.6094,1.1865,1.2259,0.9612,0.0000,9.0586,5642
43,429,Kyoto_Small,train,MAPPO,3600,8,130,77,0.5923,0.9692,0.0308,954.4415,954.4415,0.1466,1.0001,275.5938,681.6667,1164.9136,0.8454,20.0636,17.9406,815.4024,166.3420,36.1000,4512.5000,0,0,-0.0004,10.2287,0.6386,2.9166,383,0.6111,0.3889,1.0000,2.0000,flat,0.2905,0.5286,1.2417,1.5264,0.9692,0.0000,42.6110,4693
43,430,LosAngeles_Small,train,FaithfulMAPPER,3600,8,114,77,0.6754,0.9912,0.0088,636.6494,636.6494,0.2112,1.0003,244.9702,410.6482,1135.5963,0.9271,22.9831,20.8766,834.4437,210.4039,20.0965,2512.0615,0,0,-0.0127,3.0550,0.6051,0.6548,159,0.6814,0.3186,1.0000,5.8000,shock_burst,0.1964,0.3616,1.3265,0.8468,0.9912,0.0000,17.8509,2291
43,431,LosAngeles_Small,train,MAPPO,3600,8,124,50,0.4032,0.9032,0.0968,688.7800,0.0000,0.1121,1.0002,240.9565,445.6410,1008.7897,0.8373,23.0969,20.4893,878.8552,196.7314,328.5887,41073.5898,0,0,-0.0045,11.2464,0.6411,3.3396,328,0.4464,0.5536,1.0000,5.8000,shock_burst,0.3201,0.5889,1.2378,1.3506,0.9032,0.0000,39.1986,40745
43,432,Tokyo_Small,train,FaithfulMAPPER,3600,8,127,73,0.5748,0.9134,0.0866,915.3561,0.0000,0.1161,1.0005,254.5846,669.5455,1191.5244,0.9361,29.6724,26.9771,776.3304,228.5082,39.0157,4876.9683,0,0,-0.0003,1.9875,0.6063,0.5533,156,0.6293,0.3707,1.0000,2.0000,flat,0.3544,0.6324,1.2035,1.2378,0.9134,0.0000,16.2797,4955
43,433,Tokyo_Small,train,MAPPO,3600,8,134,54,0.4030,0.9552,0.0448,694.4074,694.4074,0.1585,1.0002,247.4286,519.4000,1082.6078,0.8751,29.5182,27.1677,905.4730,206.3280,279.3507,34918.8438,0,0,-0.0086,8.5789,0.6408,2.8956,390,0.4219,0.5781,1.0000,2.0000,flat,0.4459,0.8193,1.1939,1.0964,0.9552,0.0000,30.9070,37433
43,434,Kyoto_Small,train,FaithfulMAPPER,3600,8,140,73,0.5214,0.9786,0.0214,759.3151,379.6575,0.3032,1.0002,235.5873,561.5273,1188.0875,1.0000,19.8382,18.5854,865.3149,169.5046,53.7286,6716.0713,0,0,0.0074,5.5879,0.6063,0.5989,194,0.5328,0.4672,1.0010,2.0000,flat,0.2407,0.4472,1.2186,1.2075,0.9786,0.0000,0.0000,7522
43,435,Kyoto_Small,train,MAPPO,3600,8,119,63,0.5294,0.9748,0.0252,735.3651,367.6825,0.2954,1.0003,236.6842,514.4081,1083.8633,0.9159,19.9595,18.6390,858.5442,167.7228,64.4454,8055.6724,0,0,-0.0043,13.1110,0.6398,3.5582,308,0.5431,0.4569,1.0000,2.0000,flat,0.3034,0.5580,1.2484,1.1361,0.9748,0.0000,19.9115,7669
43,436,LosAngeles_Small,train,FaithfulMAPPER,3600,8,111,52,0.4685,0.9640,0.0360,606.9231,202.3077,0.4721,1.0002,231.2917,362.0256,1013.3646,0.8763,23.0416,20.9645,834.0357,201.4493,217.0270,27128.3789,0,0,0.0052,17.9358,0.6123,0.5220,147,0.4860,0.5140,1.0000,2.0000,flat,0.3372,0.6824,1.2539,1.0126,0.9640,0.0000,28.6188,24090
43,437,LosAngeles_Small,train,MAPPO,3600,8,124,44,0.3548,0.9435,0.0565,738.7955,246.2652,0.4168,1.0004,237.5641,496.6487,1068.0509,0.8992,24.2003,22.4592,853.4556,194.3304,189.2823,23660.2832,0,0,0.0093,11.3825,0.6413,3.3152,334,0.3761,0.6239,1.0000,2.0000,flat,0.3223,0.5825,1.2644,1.4677,0.9435,0.0000,23.9539,23471
43,438,Tokyo_Small,train,FaithfulMAPPER,3600,8,143,76,0.5315,0.9580,0.0420,790.8158,158.1632,0.7105,0.9871,228.9000,611.5294,1127.1714,0.9849,29.8094,28.0625,898.4652,200.9794,93.7692,11721.1543,1,0,-0.0021,3.3887,0.6093,0.7909,185,0.5547,0.4453,0.9867,9.5000,building_up,0.3344,0.6258,1.2453,0.9587,0.9645,0.5000,3.4657,13409
43,439,Tokyo_Small,train,MAPPO,3600,8,140,60,0.4286,0.9000,0.1000,844.9167,281.6389,0.4883,0.9877,273.5577,570.7111,1235.3433,0.9032,29.7654,27.4352,908.3278,233.2646,89.4143,11176.7861,0,0,-0.0054,6.7899,0.6433,2.6036,370,0.4762,0.5238,0.9720,9.5000,building_up,0.3824,0.6818,1.2816,1.2271,0.9118,0.5000,26.4890,12518
43,440,Kyoto_Small,train,FaithfulMAPPER,3600,8,125,45,0.3600,0.9840,0.0160,776.0667,776.0667,0.1948,1.0003,248.2750,622.2105,1097.8619,0.8844,19.7582,17.9730,837.0470,170.8740,112.9520,14119.0000,0,0,0.0109,13.7950,0.6102,0.5067,184,0.3659,0.6341,1.0000,5.8000,shock_burst,0.4333,0.8292,1.2414,1.3249,0.9840,0.0000,28.7026,14119
43,441,Kyoto_Small,train,MAPPO,3600,8,138,56,0.4058,0.9710,0.0290,990.9643,990.9643,0.1582,1.0002,266.3478,700.7180,1375.2531,1.0000,19.8221,17.8768,849.8645,169.4532,106.8986,13362.3184,0,0,0.0008,7.9720,0.6390,2.8281,348,0.4179,0.5821,1.0005,5.8000,shock_burst,0.3830,0.7095,1.2264,1.1918,0.9710,0.0000,0.0000,14752
43,442,LosAngeles_Small,train,FaithfulMAPPER,3600,8,119,50,0.4202,0.9664,0.0336,724.1200,362.0600,0.3174,0.9950,247.5116,494.3947,1217.3433,0.9837,21.8535,20.7387,856.0632,190.5038,184.1933,23024.1602,0,0,-0.0019,11.3152,0.6146,0.4812,146,0.4348,0.5652,0.9853,6.5039,ramp_up_down,0.4041,0.7380,1.2250,1.4090,0.9744,0.5000,4.0430,21919
43,443,LosAngeles_Small,train,MAPPO,3600,8,142,51,0.3592,0.9437,0.0563,889.1177,296.3726,0.4118,0.9879,215.4667,626.5946,1228.3357,1.0000,24.0763,23.4925,852.1293,200.7345,151.6408,18955.1055,0,0,-0.0385,11.4600,0.6442,3.3421,357,0.3806,0.6194,0.9789,6.5039,ramp_up_down,0.4107,0.7604,1.3027,1.4273,0.9568,0.3333,0.0000,21533
43,444,Tokyo_Small,train,FaithfulMAPPER,3600,8,138,83,0.6014,0.9565,0.0435,769.9277,769.9277,0.1478,0.9841,304.7429,514.5000,1049.6573,0.6889,29.8904,28.4066,889.6232,222.4595,77.2391,9654.8916,0,0,-0.0064,9.5683,0.6063,0.6269,191,0.6288,0.3712,0.9928,12.1967,wave,0.3526,0.6317,1.2197,1.3222,0.9635,0.0000,94.8114,10659
43,445,Tokyo_Small,train,MAPPO,3600,8,117,53,0.4530,0.9487,0.0513,816.2264,816.2264,0.1515,0.9841,259.7609,474.3250,1147.9254,0.8838,29.4824,27.4006,863.5338,228.7410,105.2051,13150.6406,0,0,-0.0053,10.7668,0.6435,3.2769,345,0.4775,0.5225,0.9922,12.1967,wave,0.3160,0.5735,1.2196,0.9649,0.9569,0.0000,30.1758,12309
43,446,Kyoto_Small,train,FaithfulMAPPER,3600,8,137,81,0.5912,0.9489,0.0511,688.3827,344.1913,0.2576,1.0003,187.3788,498.6793,866.1412,0.9245,19.7388,17.9171,745.5697,169.8041,78.1533,9769.1602,0,0,0.0051,5.2779,0.6097,0.4399,172,0.6231,0.3769,1.0000,2.0000,flat,0.3414,0.6145,1.1789,1.2474,0.9489,0.0000,14.1505,10707
43,447,Kyoto_Small,train,MAPPO,3600,8,137,59,0.4307,0.9416,0.0584,664.8475,332.4237,0.2678,1.0004,192.6735,503.5000,961.7925,0.9984,19.9768,18.3342,787.6773,163.3609,115.0657,14383.2119,0,0,-0.0016,9.0989,0.6442,3.0101,338,0.4574,0.5426,1.0000,2.0000,flat,0.4495,0.8271,1.1554,1.2823,0.9416,0.0000,0.3150,15764
43,448,LosAngeles_Small,train,FaithfulMAPPER,3600,8,143,82,0.5734,0.9650,0.0350,652.6585,652.6585,0.1910,1.0004,233.6944,420.9508,905.6774,0.7751,23.2476,21.3769,772.1392,199.8110,61.3357,7666.9580,0,0,-0.0577,6.1046,0.6074,0.5089,204,0.5942,0.4058,1.0000,5.8000,shock_burst,0.4057,0.7368,1.2347,1.2277,0.9650,0.0000,52.5590,8771
43,449,LosAngeles_Small,train,MAPPO,3600,8,148,46,0.3108,0.9392,0.0608,750.0652,750.0652,0.1480,1.0002,213.0500,526.9250,1275.6831,1.0000,23.8315,21.7154,917.2461,178.5270,173.9527,21744.0879,0,0,-0.0016,7.3451,0.6414,2.6850,379,0.3309,0.6691,1.0000,5.8000,shock_burst,0.5303,1.0538,1.2313,1.2225,0.9392,0.0000,0.0000,25745
43,450,Tokyo_Small,train,FaithfulMAPPER,3600,8,141,59,0.4184,0.9291,0.0709,941.9322,470.9661,0.3384,0.9842,254.6981,716.0000,1120.2832,0.8797,29.6333,25.8683,911.5509,183.5695,98.9007,12362.5889,0,0,0.0012,9.6625,0.6109,0.7189,183,0.4504,0.5496,0.9862,12.1967,wave,0.3250,0.5878,1.2413,1.4956,0.9424,0.0000,30.6415,13945
43,451,Tokyo_Small,train,MAPPO,3600,8,148,43,0.2905,0.9257,0.0743,881.3023,881.3023,0.1494,0.9944,221.8421,700.6389,1288.9297,1.0000,28.4864,26.6911,909.5991,203.1582,126.8311,15853.8848,0,0,-0.0378,9.9941,0.6413,3.0728,385,0.3139,0.6861,0.9868,12.1967,wave,0.5205,0.9910,1.2184,1.2026,0.9315,0.5000,0.0000,18771
43,452,Kyoto_Small,train,FaithfulMAPPER,3600,8,131,55,0.4198,0.9466,0.0534,726.3818,726.3818,0.1733,0.9840,215.4318,433.3784,1066.1973,0.9898,19.6879,18.8353,761.7425,171.4265,175.5802,21947.5195,0,0,0.0062,12.5042,0.6106,0.3837,176,0.4435,0.5565,0.9928,12.1967,wave,0.4920,0.9184,1.2435,1.2081,0.9538,0.0000,2.1924,23001
43,453,Kyoto_Small,train,MAPPO,3600,8,143,19,0.1329,0.9580,0.0420,842.1053,0.0000,0.0413,0.9759,290.2105,545.4117,1437.0343,0.9903,19.7400,17.3689,905.5743,156.0411,854.4476,106805.9453,0,0,-0.0107,16.3092,0.6305,2.4427,436,0.1387,0.8613,0.9860,12.1967,wave,0.4608,1.0069,1.2548,1.4717,0.9716,0.0000,2.8037,122186
43,454,LosAngeles_Small,train,FaithfulMAPPER,3600,8,165,73,0.4424,0.9818,0.0182,757.2328,757.2328,0.1735,0.9841,215.4615,567.2857,992.8450,0.9216,24.0748,22.0636,861.9490,167.4647,109.3394,13667.4238,0,0,-0.0250,11.9298,0.6094,0.6059,232,0.4506,0.5494,0.9879,9.5000,building_up,0.3918,0.6934,1.1848,1.2457,0.9877,0.5000,16.8925,18041
43,455,LosAngeles_Small,train,MAPPO,3600,8,146,60,0.4110,0.9726,0.0274,896.6334,896.6334,0.1557,0.9770,218.7400,714.3555,1190.4010,1.0000,23.2771,20.7452,829.8645,185.4001,272.2945,34036.8164,0,0,-0.0012,7.3252,0.6315,2.6586,437,0.4225,0.5775,0.9863,9.5000,building_up,0.4471,0.8141,1.2769,1.4583,0.9792,0.5000,0.0000,39755
43,456,Tokyo_Small,train,FaithfulMAPPER,3600,8,109,58,0.5321,0.9266,0.0734,757.3965,189.3491,0.5031,0.9758,269.6793,535.6957,1175.6661,0.8719,29.3888,27.2965,897.7577,247.9795,48.5138,6064.2202,0,0,0.0409,3.1066,0.6029,0.5034,138,0.5743,0.4257,0.9817,9.5000,building_up,0.3030,0.5376,1.1741,1.0914,0.9346,0.5000,34.5460,5288
43,457,Tokyo_Small,train,MAPPO,3600,8,119,60,0.5042,0.9748,0.0252,814.1833,203.5458,0.5067,0.9767,271.7600,560.3111,1190.7949,0.8764,28.7866,25.3523,957.4503,228.4503,65.4706,8183.8237,0,0,0.0063,9.9314,0.6327,3.0165,309,0.5172,0.4828,0.9836,9.5000,building_up,0.4240,0.7537,1.2506,1.5355,0.9829,0.5000,33.6010,7791
43,458,Kyoto_Small,train,FaithfulMAPPER,3600,8,127,62,0.4882,0.9528,0.0472,875.9032,291.9677,0.4094,1.0001,237.1404,521.5319,1158.8815,0.9774,19.5617,18.5610,815.1407,175.1454,69.5197,8689.9609,0,0,-0.0357,4.4970,0.6040,0.4068,176,0.5124,0.4876,1.0000,2.0000,flat,0.4222,0.7782,1.2363,1.0427,0.9528,0.0000,5.3641,8829
43,459,Kyoto_Small,train,MAPPO,3600,8,119,63,0.5294,0.9664,0.0336,699.2064,349.6032,0.2934,1.0002,220.0392,478.4318,1010.3937,0.9184,19.5868,17.3543,803.6666,169.8678,205.3782,25672.2695,0,0,-0.0013,9.0697,0.6340,3.0033,340,0.5478,0.4522,1.0009,2.0000,flat,0.3590,0.6717,1.2595,1.2684,0.9664,0.0000,17.9605,24440
43,460,LosAngeles_Small,train,FaithfulMAPPER,3600,8,124,56,0.4516,0.9597,0.0403,745.0714,0.0000,0.0210,0.9858,231.7551,501.1739,1281.5643,1.0000,23.6445,22.0769,795.5652,210.9524,71.1774,8897.1777,0,0,-0.0064,4.0171,0.5997,0.5219,168,0.4706,0.5294,0.9762,6.5039,ramp_up_down,0.2993,0.5552,1.2341,1.1454,0.9752,0.3333,0.0000,8826
43,461,LosAngeles_Small,train,MAPPO,3600,8,122,53,0.4344,0.9836,0.0164,844.0189,0.0000,0.0379,0.9586,308.1489,591.5833,1211.1735,0.7861,23.7235,22.1915,889.8835,202.9908,218.0410,27255.1230,0,0,-0.0095,11.2467,0.6349,3.3442,364,0.4417,0.5583,0.9918,6.5039,ramp_up_down,0.3313,0.6083,1.3209,0.6178,0.9917,0.0000,65.9142,26601
43,462,Tokyo_Small,train,FaithfulMAPPER,3600,8,134,69,0.5149,0.8955,0.1045,837.3768,279.1256,0.4119,1.0002,248.9000,602.5319,1049.1453,0.8430,29.3888,26.3976,843.2150,230.4079,48.4701,6058.7686,0,0,0.0023,5.8913,0.6094,0.5987,177,0.5750,0.4250,1.0009,5.8000,shock_burst,0.4066,0.7385,1.2199,1.3137,0.8955,0.0000,39.0709,6495
43,463,Tokyo_Small,train,MAPPO,3600,8,103,63,0.6117,0.9126,0.0874,770.4921,256.8307,0.4025,1.0001,215.7255,553.0476,1102.2478,1.0000,29.0015,25.3757,852.0637,258.7009,31.2233,3902.9126,0,0,0.0007,13.2456,0.6414,2.7186,253,0.6702,0.3298,1.0000,5.8000,shock_burst,0.2736,0.4851,1.2058,1.1572,0.9126,0.0000,0.0000,3216
43,464,Kyoto_Small,train,FaithfulMAPPER,3600,8,121,53,0.4380,0.9504,0.0496,798.0755,798.0755,0.1759,0.9909,303.7500,570.7907,1158.2806,0.7627,19.8493,17.9673,819.2183,192.4509,54.5124,6814.0498,0,0,0.0000,8.1340,0.6052,0.6040,169,0.4609,0.5391,0.9835,6.5039,ramp_up_down,0.4343,0.7919,1.3213,1.2479,0.9580,0.5000,72.0939,6596
43,465,Kyoto_Small,train,MAPPO,3600,8,129,47,0.3643,0.9767,0.0233,868.3405,868.3405,0.1347,0.9588,224.4524,749.8108,1249.9620,1.0000,19.4286,17.6220,843.4995,179.3350,199.8682,24983.5273,0,0,-0.0105,6.4769,0.6346,2.4538,432,0.3730,0.6270,0.9845,6.5039,ramp_up_down,0.2256,0.4321,1.2171,1.1790,0.9921,0.0000,0.0000,25783
43,466,LosAngeles_Small,train,FaithfulMAPPER,3600,8,149,49,0.3289,0.9799,0.0201,861.3265,430.6633,0.3319,0.9941,215.7674,557.8333,1073.0491,0.9946,23.8996,21.6260,790.3054,189.4729,248.3423,31042.7852,0,0,-0.0054,20.2547,0.6106,0.5518,211,0.3356,0.6644,0.9799,9.5000,building_up,0.4160,0.8496,1.2907,1.0174,0.9932,0.3333,1.1576,37003
43,467,LosAngeles_Small,train,MAPPO,3600,8,111,40,0.3604,0.9369,0.0631,1008.8250,1008.8250,0.2213,0.9624,188.6667,820.7812,1174.4381,1.0000,23.5451,22.2103,784.1766,214.3035,310.0180,38752.2539,0,0,-0.0005,8.9921,0.6361,2.9914,336,0.3846,0.6154,0.9734,9.5000,building_up,0.3351,0.6430,1.1888,1.3348,0.9537,0.3333,0.0000,34412
43,468,Tokyo_Small,train,FaithfulMAPPER,3600,8,167,83,0.4970,0.9341,0.0659,699.3615,699.3615,0.2314,1.0002,206.7606,504.4590,985.4376,0.9532,28.8803,26.3641,839.7185,181.5037,57.4910,7186.3774,0,0,0.0214,6.4997,0.6073,0.6919,232,0.5321,0.4679,1.0000,5.8000,shock_burst,0.3979,0.7165,1.2670,1.4336,0.9341,0.0000,9.6730,9601
43,469,Tokyo_Small,train,MAPPO,3600,8,131,53,0.4046,0.9237,0.0763,782.6793,782.6793,0.2451,1.0005,249.9778,611.1429,1283.6953,1.0000,29.3846,27.4942,895.9280,224.7793,205.2901,25661.2598,0,0,-0.0323,8.4307,0.6353,2.8941,355,0.4380,0.5620,1.0006,5.8000,shock_burst,0.3557,0.6672,1.2552,1.0588,0.9237,0.0000,0.0000,26893
43,470,Kyoto_Small,train,FaithfulMAPPER,3600,8,119,63,0.5294,0.9664,0.0336,600.5714,600.5714,0.2462,0.9771,202.7547,416.1190,939.7760,0.9270,19.9681,18.2604,833.7031,183.7474,110.9580,13869.7480,0,0,0.0131,8.3840,0.6067,0.4497,160,0.5478,0.4522,0.9748,9.5000,building_up,0.3260,0.5813,1.1094,1.1657,0.9828,0.3333,14.7995,13204
43,471,Kyoto_Small,train,MAPPO,3600,8,121,39,0.3223,0.9669,0.0331,875.0513,437.5256,0.3247,0.9798,196.4857,689.3125,1143.8820,1.0000,19.8038,18.4555,862.6028,153.4498,486.6694,60833.6758,0,0,-0.0192,9.6615,0.6316,2.7654,390,0.3333,0.6667,0.9840,9.5000,building_up,0.4314,0.7936,1.2064,1.1085,0.9748,0.5000,0.0000,58887
43,472,LosAngeles_Small,train,FaithfulMAPPER,3600,8,123,39,0.3171,0.9187,0.0813,683.5641,683.5641,0.1428,0.9948,270.3429,418.4849,1012.8587,0.7493,22.9443,21.4277,930.8786,240.2904,408.8699,51108.7383,0,0,-0.0030,27.5897,0.6163,0.4158,160,0.3451,0.6549,0.9846,12.1967,wave,0.4118,0.9094,1.3073,1.1023,0.9256,0.5000,67.7711,50291
43,473,LosAngeles_Small,train,MAPPO,3600,8,139,46,0.3309,0.9496,0.0504,697.1087,697.1087,0.2335,0.9841,186.8500,550.1765,925.0297,0.9901,24.0602,20.8869,839.8594,190.1550,409.9784,51247.3008,0,0,0.0703,10.3028,0.6378,2.9249,385,0.3485,0.6515,0.9933,12.1967,wave,0.4455,0.8169,1.2450,1.2855,0.9565,0.0000,1.8441,56987
43,474,Tokyo_Small,train,FaithfulMAPPER,3600,8,122,72,0.5902,0.9754,0.0246,767.6667,383.8333,0.3093,0.9979,220.3651,552.5000,1105.3424,1.0000,29.6216,27.5572,1015.5966,219.9871,63.8279,7978.4834,0,0,-0.0110,5.0269,0.6003,0.5761,169,0.6050,0.3950,0.9918,6.5039,ramp_up_down,0.4098,0.7298,1.1600,1.6824,0.9752,1.0000,0.0000,7787
43,475,Tokyo_Small,train,MAPPO,3600,8,115,42,0.3652,0.8696,0.1304,736.5476,245.5159,0.3819,0.9866,253.0526,497.0000,1195.7434,0.9451,29.4996,28.0666,964.0320,272.9896,142.4870,17810.8691,0,0,0.0078,8.7369,0.6416,2.9519,342,0.4200,0.5800,0.9826,6.5039,ramp_up_down,0.4421,0.7965,1.2166,1.4260,0.8761,0.5000,13.9039,16386
43,476,Kyoto_Small,train,FaithfulMAPPER,3600,8,126,71,0.5635,0.9921,0.0079,796.0845,398.0423,0.2909,1.0003,246.4375,562.5961,1057.4893,0.8582,20.0077,18.7011,784.7645,168.7759,26.0556,3256.9443,0,0,-0.0335,4.3158,0.5995,0.6297,183,0.5680,0.4320,1.0000,5.8000,shock_burst,0.3135,0.5808,1.2206,1.7409,0.9921,0.0000,34.9397,3283
43,477,Kyoto_Small,train,MAPPO,3600,8,131,62,0.4733,0.9695,0.0305,843.1451,421.5726,0.2832,1.0003,255.2308,583.5476,1125.6912,0.8821,19.8342,18.0534,787.1703,160.7944,129.5267,16190.8398,0,0,-0.0004,7.8325,0.6370,2.7540,352,0.4882,0.5118,1.0003,5.8000,shock_burst,0.3015,0.5316,1.2673,1.3910,0.9695,0.0000,30.0925,16968
43,478,LosAngeles_Small,train,FaithfulMAPPER,3600,8,122,58,0.4754,0.9426,0.0574,878.9483,439.4742,0.3091,0.9935,310.6000,543.3000,1364.1838,0.8784,22.5437,20.8683,894.9987,212.4297,90.0738,11259.2217,0,0,0.0276,8.4839,0.6082,0.5732,174,0.5043,0.4957,0.9836,6.5039,ramp_up_down,0.3121,0.5835,1.2362,1.2156,0.9500,0.5000,37.7632,10989
43,479,LosAngeles_Small,train,MAPPO,3600,8,149,47,0.3154,0.9530,0.0470,746.3617,746.3617,0.2474,0.9862,214.3077,535.4706,1194.7036,1.0000,23.0005,21.2339,923.8740,174.5473,224.9799,28122.4824,0,0,0.0115,7.7759,0.6388,2.6556,421,0.3310,0.6690,0.9873,6.5039,ramp_up_down,0.3780,0.6728,1.2096,1.4104,0.9592,0.5000,0.0000,33522
