seed,global_episode,city,phase,policy_mode,total_steps,n_agents_max,tasks_appeared,tasks_completed,throughput_rate,accept_rate,refuse_rate,latency_mean,latency_per_agent,agent_utilisation,mean_congestion,mean_trip_steps,mean_wait_steps,mean_road_pd_m,delivery_route_efficiency,bbox_area_km2,convex_hull_km2,mean_pd_hav_m,mean_nn_pickup_m,compute_time_per_task_ms,compute_time_per_decision_us,pairing_violations,capacity_violations,actor_loss,critic_loss,entropy,adv_std,n_experiences,completion_per_accepted,unfinished_accept_rate,mean_congestion_at_decision,n_ghost_active_mean,congestion_profile,agent_completed_gini,agent_completed_std,mean_imp_accepted,mean_imp_refused,accept_rate_high_cong,accept_rate_low_cong,mean_extra_steps_per_task,peak_congestion,mean_overlap_edges,congestion_variance,route_congestion_exposure,max_agent_completed,min_agent_completed,total_fleet_distance_m,wallclock_ms
42,0,Tokyo_Small,eval,MAPPO,3600,8,130,53,0.4077,0.7615,0.2385,767.0944,191.7736,0.5939,1.0026,258.4792,529.9362,1167.4163,0.9033,29.3044,25.0862,922.7853,244.2870,62.1462,7768.2690,0,0,0.0000,0.0000,0.0000,0.0000,0,0.5354,0.4646,1.0000,2.0000,flat,0.1597,0.3062,1.2482,1.2072,0.8390,0.0000,24.9959,2,0.0139,0.0225,0.3756,7,2,61873.0625,8079
42,1,Tokyo_Small,eval,MAPPO,3600,8,135,65,0.4815,0.7630,0.2370,756.3077,189.0769,0.5706,1.0004,290.5818,542.0213,1256.6868,0.8649,29.1599,26.7725,856.2305,228.3232,56.3556,7044.4443,0,0,0.0000,0.0000,0.0000,0.0000,0,0.6311,0.3689,1.0000,2.0000,flat,0.2742,0.4916,1.2457,1.2851,0.8374,0.0000,39.2445,2,0.0022,0.0088,0.3580,9,1,81684.6406,7608
42,2,Tokyo_Small,eval,MAPPO,3600,8,129,68,0.5271,0.7752,0.2248,801.6765,200.4191,0.6247,1.0002,286.0000,562.3818,1255.7784,0.8782,29.2780,27.3147,915.5375,252.6184,62.8682,7858.5273,0,0,0.0000,0.0000,0.0000,0.0000,0,0.6800,0.3200,1.0000,2.0000,flat,0.1639,0.2944,1.2225,1.2501,0.8403,0.0000,34.8443,2,0.0017,0.0050,0.3385,7,3,85392.9375,8110
42,3,Tokyo_Small,eval,MAPPO,3600,8,117,49,0.4188,0.8120,0.1880,940.3469,235.0867,0.5949,1.0003,348.9535,614.8864,1677.9984,0.9617,29.5886,26.1836,961.1679,248.1676,141.3419,17667.7344,0,0,0.0000,0.0000,0.0000,0.0000,0,0.5158,0.4842,1.0000,2.0000,flat,0.2428,0.4976,1.2389,1.0972,0.8796,0.0000,13.3538,2,0.0022,0.0079,0.2943,9,1,82221.9219,16537
42,4,Tokyo_Small,eval,MAPPO,3600,8,132,63,0.4773,0.8636,0.1364,744.1111,186.0278,0.5803,1.0002,265.9286,511.4340,1195.7743,0.8993,29.3355,25.3226,939.1635,234.7627,168.7803,21097.5371,0,0,0.0000,0.0000,0.0000,0.0000,0,0.5526,0.4474,1.0000,2.0000,flat,0.2711,0.5045,1.2958,1.2591,0.9120,0.0000,26.7737,2,0.0017,0.0058,0.3428,10,0,75333.7812,22279
42,5,Tokyo_Small,eval,FaithfulMAPPER,3600,8,130,42,0.3231,0.7385,0.2615,729.5952,182.3988,0.5139,1.0001,294.8781,528.6889,1346.6104,0.9133,29.1105,25.4210,998.4459,266.4335,175.2154,21901.9238,0,0,0.0000,0.0000,0.0000,0.0000,0,0.4375,0.5625,1.0000,2.0000,flat,0.2091,0.3758,1.2360,1.2453,0.7442,0.0000,25.5560,2,0.0008,0.0034,0.3231,6,1,56557.6367,22778
42,6,Tokyo_Small,eval,FaithfulMAPPER,3600,8,135,50,0.3704,0.6444,0.3556,995.1200,248.7800,0.5580,1.0000,369.1555,660.2667,1366.0182,0.7401,28.2866,26.1082,1021.4100,278.0850,153.3852,19173.1484,0,0,0.0000,0.0000,0.0000,0.0000,0,0.5747,0.4253,1.0000,2.0000,flat,0.1818,0.3370,1.2149,1.3278,0.6493,0.0000,95.9519,2,0.0003,0.0017,0.2985,6,2,68300.9062,20707
42,7,Tokyo_Small,eval,FaithfulMAPPER,3600,8,129,39,0.3023,0.7054,0.2946,936.8718,234.2179,0.5640,1.0001,333.6389,615.0263,1516.5911,0.9091,29.2780,26.8676,1026.7882,274.2310,198.0698,24758.7207,0,0,0.0000,0.0000,0.0000,0.0000,0,0.4286,0.5714,1.0000,2.0000,flat,0.1622,0.3175,1.2251,1.2371,0.7054,0.0000,30.3207,2,0.0008,0.0042,0.2627,6,2,59147.0508,25551
42,8,Tokyo_Small,eval,FaithfulMAPPER,3600,8,117,44,0.3761,0.7265,0.2735,947.5455,236.8864,0.5662,1.0000,369.0714,531.4146,1570.8267,0.8512,28.7314,25.3067,1097.1968,240.7423,185.1880,23148.5039,0,0,0.0000,0.0000,0.0000,0.0000,0,0.5176,0.4824,1.0000,2.0000,flat,0.1685,0.3254,1.2196,1.1926,0.7265,0.0000,54.9061,1,0.0000,0.0000,0.2740,6,2,69116.3750,21667
42,9,Tokyo_Small,eval,FaithfulMAPPER,3600,8,132,45,0.3409,0.7500,0.2500,894.3111,223.5778,0.5769,1.0001,294.1219,608.2791,1565.7739,1.0000,29.3355,26.0780,1056.8265,250.2937,187.2576,23407.1973,0,0,0.0000,0.0000,0.0000,0.0000,0,0.4545,0.5455,1.0000,2.0000,flat,0.1942,0.3536,1.3014,1.2590,0.7557,0.0000,0.0000,2,0.0006,0.0037,0.2769,6,1,70459.8281,24718
42,10,Tokyo_Small,eval,TamAlwaysAccept,3600,8,130,36,0.2769,0.6538,0.3462,809.5278,202.3819,0.5429,1.0000,372.3055,482.0714,1546.3060,0.8307,29.3044,25.4878,1042.2188,281.5538,142.7538,17844.2305,0,0,0.0000,0.0000,0.0000,0.0000,0,0.4235,0.5765,1.0000,2.0000,flat,0.0606,0.1361,1.2484,1.2195,0.6538,0.0000,63.0443,2,0.0003,0.0019,0.2544,4,3,55667.0195,18558
42,11,Tokyo_Small,eval,TamAlwaysAccept,3600,8,135,46,0.3407,0.5111,0.4889,804.7826,201.1956,0.5767,1.0001,328.7619,497.9767,1458.7921,0.8874,28.4309,25.5650,1129.0826,337.1526,106.8296,13353.7041,0,0,0.0000,0.0000,0.0000,0.0000,0,0.6667,0.3333,1.0000,2.0000,flat,0.1364,0.2820,1.2433,1.2673,0.5111,0.0000,37.0035,2,0.0006,0.0035,0.2765,7,3,67104.4375,14422
42,12,Tokyo_Small,eval,TamAlwaysAccept,3600,8,129,30,0.2326,0.4651,0.5349,1040.7000,260.1750,0.5750,1.0001,410.9667,686.0000,1698.7583,0.8267,29.0937,26.4920,1250.9221,379.7629,115.1085,14388.5654,0,0,0.0000,0.0000,0.0000,0.0000,0,0.5000,0.5000,1.0000,2.0000,flat,0.1254,0.2438,1.2428,1.2164,0.4651,0.0000,71.2150,2,0.0006,0.0029,0.2346,4,2,50962.7500,14849
42,13,Tokyo_Small,eval,TamAlwaysAccept,3600,8,117,31,0.2650,0.5043,0.4957,1013.1613,253.2903,0.5355,1.0001,441.3333,625.4062,1880.0688,0.8520,28.3884,23.6929,1341.9352,354.0277,127.2479,15905.9824,0,0,0.0000,0.0000,0.0000,0.0000,0,0.5254,0.4746,1.0000,2.0000,flat,0.2522,0.4493,1.1846,1.2404,0.5043,0.0000,65.3196,2,0.0006,0.0037,0.2051,5,1,58282.1367,14888
42,14,Tokyo_Small,eval,TamAlwaysAccept,3600,8,132,39,0.2955,0.5455,0.4545,822.4359,205.6090,0.5597,1.0001,383.0513,471.9048,1584.2258,0.8272,29.1026,25.9341,1243.3713,323.5109,127.5152,15939.3936,0,0,0.0000,0.0000,0.0000,0.0000,0,0.5417,0.4583,1.0000,2.0000,flat,0.1962,0.3570,1.3299,1.2440,0.5455,0.0000,66.2061,2,0.0008,0.0048,0.2369,5,2,61784.8047,16832
42,15,Tokyo_Small,eval,CongestionAware,3600,8,130,40,0.3077,1.0000,0.0000,695.3250,231.7750,0.4991,1.0002,210.4706,496.0625,1144.7429,1.0000,29.6079,26.1481,839.9340,219.7594,272.5385,34067.3086,0,0,0.0000,0.0000,0.0000,0.0000,0,0.3077,0.6923,1.0000,2.0000,flat,0.3148,0.5774,1.2384,0.0000,1.0000,0.0000,0.0000,2,0.0014,0.0065,0.4036,12,1,45789.7188,35430
42,16,Tokyo_Small,eval,CongestionAware,3600,8,135,53,0.3926,1.0000,0.0000,911.2642,227.8160,0.5730,1.0003,238.9767,664.4324,967.6038,0.8098,29.3572,26.9962,783.9375,191.9491,241.4593,30182.4082,0,0,0.0000,0.0000,0.0000,0.0000,0,0.3926,0.6074,1.0000,2.0000,flat,0.3377,0.6232,1.2550,0.0000,1.0000,0.0000,45.4560,2,0.0019,0.0070,0.4518,12,2,51283.0039,32597
42,17,Tokyo_Small,eval,CongestionAware,3600,8,129,38,0.2946,1.0000,0.0000,780.0789,195.0197,0.5122,1.0003,216.3235,560.5455,1009.5465,0.9334,29.2780,27.4186,813.4323,200.2791,296.6434,37080.4258,0,0,0.0000,0.0000,0.0000,0.0000,0,0.2946,0.7054,1.0000,2.0000,flat,0.3361,0.6071,1.2287,0.0000,1.0000,0.0000,14.4142,2,0.0022,0.0078,0.4122,8,0,38362.7695,38267
42,18,Tokyo_Small,eval,CongestionAware,3600,8,117,54,0.4615,1.0000,0.0000,822.8519,205.7130,0.5944,1.0002,204.7317,603.4054,1237.3746,1.0000,29.5886,26.6193,896.0030,227.6813,220.5214,27565.1719,0,0,0.0000,0.0000,0.0000,0.0000,0,0.4615,0.5385,1.0000,2.0000,flat,0.4140,0.7324,1.2122,0.0000,1.0000,0.0000,0.0000,2,0.0017,0.0053,0.4239,14,0,66818.2266,25801
42,19,Tokyo_Small,eval,CongestionAware,3600,8,132,51,0.3864,1.0000,0.0000,678.2157,169.5539,0.5929,1.0003,208.4524,462.4102,1082.0533,1.0000,29.5305,26.4191,892.4816,214.0693,220.8030,27600.3789,0,0,0.0000,0.0000,0.0000,0.0000,0,0.3864,0.6136,1.0000,2.0000,flat,0.3393,0.6110,1.2908,0.0000,1.0000,0.0000,0.0000,2,0.0019,0.0068,0.4448,12,1,55184.7188,29146
42,20,Tokyo_Small,eval,TrafficFlow,3600,8,130,43,0.3308,1.0000,0.0000,762.4651,190.6163,0.5409,1.0005,226.5143,470.9375,1123.3141,0.9918,29.6079,26.1481,839.9340,219.7594,232.0692,29008.6543,0,0,0.0000,0.0000,0.0000,0.0000,0,0.3308,0.6692,1.0010,2.0000,flat,0.4060,0.7359,1.2384,0.0000,1.0000,0.0000,1.8515,2,0.0028,0.0111,0.3875,13,0,48302.5039,30169
42,21,Tokyo_Small,eval,TrafficFlow,3600,8,135,57,0.4222,1.0000,0.0000,975.5439,243.8860,0.5682,1.0003,258.1702,614.2051,961.8350,0.7451,29.3572,26.9962,783.9375,191.9491,177.7926,22224.0742,0,0,0.0000,0.0000,0.0000,0.0000,0,0.4222,0.5778,1.0000,2.0000,flat,0.3851,0.6943,1.2550,0.0000,1.0000,0.0000,65.8032,2,0.0017,0.0066,0.4348,15,0,54824.5977,24002
42,22,Tokyo_Small,eval,TrafficFlow,3600,8,129,47,0.3643,1.0000,0.0000,904.8723,226.2181,0.5832,1.0001,195.5556,756.8049,966.7863,0.9888,29.2780,27.4186,813.4323,200.2791,163.6279,20453.4883,0,0,0.0000,0.0000,0.0000,0.0000,0,0.3643,0.6357,1.0000,2.0000,flat,0.2509,0.4692,1.2287,0.0000,1.0000,0.0000,2.1983,2,0.0011,0.0045,0.4041,10,1,45438.9531,21108
42,23,Tokyo_Small,eval,TrafficFlow,3600,8,117,32,0.2735,1.0000,0.0000,764.8125,254.9375,0.4735,1.0003,189.0345,641.1035,1142.8175,1.0000,29.5886,26.6193,896.0030,227.6813,375.1453,46893.1641,0,0,0.0000,0.0000,0.0000,0.0000,0,0.2735,0.7265,1.0000,2.0000,flat,0.4095,0.8055,1.2122,0.0000,1.0000,0.0000,0.0000,2,0.0011,0.0090,0.3829,11,1,36570.1602,43892
42,24,Tokyo_Small,eval,TrafficFlow,3600,8,132,54,0.4091,1.0000,0.0000,847.7593,211.9398,0.5852,1.0003,266.9600,601.0682,956.2588,0.7164,29.5305,26.4191,892.4816,214.0693,207.2424,25905.3027,0,0,0.0000,0.0000,0.0000,0.0000,0,0.4091,0.5909,1.0000,2.0000,flat,0.3230,0.5914,1.2908,0.0000,1.0000,0.0000,75.7082,2,0.0022,0.0072,0.4061,14,1,51637.9727,27356
42,25,Tokyo_Small,eval,TokenPassing,3600,8,130,38,0.2923,1.0000,0.0000,855.6842,213.9211,0.5798,1.0003,234.9375,692.0000,1208.7307,1.0000,29.6079,26.1481,839.9340,219.7594,163.8462,20480.7695,0,0,0.0000,0.0000,0.0000,0.0000,0,0.2923,0.7077,1.0000,2.0000,flat,0.2500,0.4677,1.2384,0.0000,1.0000,0.0000,0.0000,2,0.0019,0.0062,0.3972,10,3,45931.7695,21300
42,26,Tokyo_Small,eval,TokenPassing,3600,8,135,60,0.4444,1.0000,0.0000,1179.6000,294.9000,0.5936,1.0001,338.5385,820.0541,997.3097,0.5892,29.3572,26.9962,783.9375,191.9491,144.0444,18005.5547,0,0,0.0000,0.0000,0.0000,0.0000,0,0.4444,0.5556,1.0000,2.0000,flat,0.3831,0.7100,1.2550,0.0000,1.0000,0.0000,139.0765,2,0.0006,0.0039,0.4875,15,1,59838.5820,19446
42,27,Tokyo_Small,eval,TokenPassing,3600,8,129,35,0.2713,1.0000,0.0000,899.6000,224.9000,0.5980,1.0000,278.3940,669.2188,1192.8125,0.8569,29.2780,27.4186,813.4323,200.2791,142.4574,17807.1699,0,0,0.0000,0.0000,0.0000,0.0000,0,0.2713,0.7287,1.0000,2.0000,flat,0.3041,0.5512,1.2287,0.0000,1.0000,0.0000,39.8315,2,0.0003,0.0028,0.3423,7,0,41748.4375,18377
42,28,Tokyo_Small,eval,TokenPassing,3600,8,117,43,0.3675,1.0000,0.0000,660.8140,165.2035,0.5041,1.0003,175.8056,510.0294,1009.2277,1.0000,29.5886,26.6193,896.0030,227.6813,172.1367,21517.0938,0,0,0.0000,0.0000,0.0000,0.0000,0,0.3675,0.6325,1.0000,2.0000,flat,0.3929,0.7106,1.2122,0.0000,1.0000,0.0000,0.0000,2,0.0019,0.0081,0.3890,13,1,43396.7891,20140
42,29,Tokyo_Small,eval,TokenPassing,3600,8,132,43,0.3258,1.0000,0.0000,824.1628,206.0407,0.5822,1.0004,245.7500,642.6774,987.2117,0.8034,29.5305,26.4191,892.4816,214.0693,200.7500,25093.7500,0,0,0.0000,0.0000,0.0000,0.0000,0,0.3258,0.6742,1.0009,2.0000,flat,0.3730,0.6690,1.2908,0.0000,1.0000,0.0000,48.3077,2,0.0025,0.0084,0.3778,11,1,42450.1016,26499
42,30,Kyoto_Small,eval,MAPPO,3600,8,128,60,0.4688,0.7422,0.2578,1002.8167,200.5633,0.6898,1.0005,336.5098,669.9348,1270.0551,0.7548,19.7537,17.3696,885.8027,211.6068,63.6562,7957.0312,0,0,0.0000,0.0000,0.0000,0.0000,0,0.6316,0.3684,1.0000,2.0000,flat,0.1767,0.3225,1.2587,1.2807,0.8051,0.0000,82.4988,2,0.0028,0.0107,0.3726,7,2,76203.3047,8148
42,31,Kyoto_Small,eval,MAPPO,3600,8,128,61,0.4766,0.8047,0.1953,791.7705,158.3541,0.6598,1.0001,316.6227,549.6078,1302.5287,0.8228,19.4853,17.6538,866.1382,197.0194,86.3594,10794.9219,0,0,0.0000,0.0000,0.0000,0.0000,0,0.5922,0.4078,1.0000,2.0000,flat,0.1714,0.3129,1.2361,1.2666,0.9115,0.0000,56.1169,2,0.0008,0.0031,0.3752,7,3,79454.2500,11054
42,32,Kyoto_Small,eval,MAPPO,3600,8,110,59,0.5364,0.7818,0.2182,700.2203,175.0551,0.5866,1.0003,261.6038,466.3518,1089.8551,0.8332,20.1420,17.9518,839.1306,223.4662,44.6273,5578.4092,0,0,0.0000,0.0000,0.0000,0.0000,0,0.6860,0.3140,1.0007,2.0000,flat,0.2343,0.4380,1.3133,1.2871,0.8866,0.0000,43.6327,2,0.0022,0.0071,0.3590,9,2,64301.4531,4909
42,33,Kyoto_Small,eval,MAPPO,3600,8,128,77,0.6016,0.8438,0.1562,805.6754,201.4188,0.5064,1.0003,272.4062,540.5763,1129.1440,0.8290,19.9105,18.0164,785.3035,193.5769,65.2500,8156.2500,0,0,0.0000,0.0000,0.0000,0.0000,0,0.7130,0.2870,1.0012,2.0000,flat,0.1779,0.3225,1.3029,1.2696,0.9310,0.0000,46.5774,2,0.0036,0.0058,0.4139,9,2,86944.0938,8352
42,34,Kyoto_Small,eval,MAPPO,3600,8,126,62,0.4921,0.8333,0.1667,782.0645,195.5161,0.6175,1.0001,268.1964,553.3860,1228.1598,0.9159,19.7259,17.9326,893.2805,209.5316,69.8095,8726.1904,0,0,0.0000,0.0000,0.0000,0.0000,0,0.5905,0.4095,1.0009,2.0000,flat,0.1983,0.3762,1.2023,1.2068,0.9211,0.0000,22.5645,2,0.0008,0.0032,0.3829,9,3,76145.9062,8796
42,35,Kyoto_Small,eval,FaithfulMAPPER,3600,8,128,61,0.4766,0.7656,0.2344,964.4754,192.8951,0.6523,1.0003,331.4906,609.2941,1250.4518,0.7544,19.7517,17.8050,944.3532,202.4309,87.7422,10967.7734,0,0,0.0000,0.0000,0.0000,0.0000,0,0.6224,0.3776,1.0000,2.0000,flat,0.1358,0.2796,1.2512,1.3073,0.7656,0.0000,81.4002,2,0.0022,0.0075,0.3350,8,3,76277.5625,11231
42,36,Kyoto_Small,eval,FaithfulMAPPER,3600,8,128,54,0.4219,0.7578,0.2422,901.9630,180.3926,0.6522,1.0002,310.8936,584.8333,1422.9374,0.9154,19.3563,17.6478,988.5331,195.0051,104.5078,13063.4766,0,0,0.0000,0.0000,0.0000,0.0000,0,0.5567,0.4433,1.0010,2.0000,flat,0.1733,0.3774,1.2775,1.1313,0.7638,0.0000,26.3062,2,0.0014,0.0052,0.3163,8,1,76838.6172,13377
42,37,Kyoto_Small,eval,FaithfulMAPPER,3600,8,110,61,0.5545,0.8455,0.1545,738.6885,147.7377,0.6418,1.0000,262.1818,423.4717,1131.0496,0.8628,19.7027,17.5735,878.7048,220.7129,80.3364,10042.0459,0,0,0.0000,0.0000,0.0000,0.0000,0,0.6559,0.3441,1.0000,2.0000,flat,0.2091,0.3856,1.3223,1.2271,0.8532,0.0000,35.9719,2,0.0003,0.0021,0.3221,9,2,68994.0234,8837
42,38,Kyoto_Small,eval,FaithfulMAPPER,3600,8,128,48,0.3750,0.6719,0.3281,977.8125,195.5625,0.6531,1.0003,308.4186,616.7500,1414.6638,0.9174,19.6532,17.5038,938.3640,227.4374,76.3125,9539.0625,0,0,0.0000,0.0000,0.0000,0.0000,0,0.5581,0.4419,1.0000,2.0000,flat,0.1167,0.2211,1.3199,1.2521,0.6772,0.0000,25.4858,2,0.0022,0.0088,0.2838,5,2,67903.8594,9768
42,39,Kyoto_Small,eval,FaithfulMAPPER,3600,8,126,59,0.4683,0.8175,0.1825,799.4068,159.8814,0.6500,1.0007,293.8727,499.3878,1291.0862,0.8787,19.5187,17.7232,942.7963,210.8283,111.7222,13965.2773,0,0,0.0000,0.0000,0.0000,0.0000,0,0.5728,0.4272,1.0000,2.0000,flat,0.1955,0.3567,1.1710,1.3468,0.8240,0.0000,35.6555,2,0.0058,0.0094,0.3280,7,2,76174.0859,14077
42,40,Kyoto_Small,eval,TamAlwaysAccept,3600,8,128,52,0.4062,0.6328,0.3672,906.1154,181.2231,0.6627,1.0013,363.4694,550.7551,1380.8081,0.7598,19.7517,17.8905,1026.1943,253.7426,80.0859,10010.7422,0,0,0.0000,0.0000,0.0000,0.0000,0,0.6420,0.3580,1.0008,2.0000,flat,0.0729,0.1768,1.2618,1.2689,0.6328,0.0000,87.3078,2,0.0075,0.0163,0.2789,6,3,71802.0156,10251
42,41,Kyoto_Small,eval,TamAlwaysAccept,3600,8,128,48,0.3750,0.6016,0.3984,885.3333,177.0667,0.6849,1.0013,283.3171,564.8049,1428.9183,1.0000,18.7760,17.3212,1109.3756,231.4125,66.2422,8280.2734,0,0,0.0000,0.0000,0.0000,0.0000,0,0.6234,0.3766,1.0048,2.0000,flat,0.1051,0.2085,1.2672,1.2042,0.6016,0.0000,0.0000,2,0.0075,0.0148,0.2652,5,2,68588.0781,8479
42,42,Kyoto_Small,eval,TamAlwaysAccept,3600,8,110,56,0.5091,0.6909,0.3091,729.3214,145.8643,0.6587,1.0002,285.1111,456.7963,1285.4773,0.9017,19.5324,17.5257,988.4363,257.6902,57.1545,7144.3184,0,0,0.0000,0.0000,0.0000,0.0000,0,0.7368,0.2632,1.0000,2.0000,flat,0.1745,0.3263,1.3179,1.2846,0.6909,0.0000,28.0157,2,0.0017,0.0060,0.3078,7,3,71986.7266,6287
42,43,Kyoto_Small,eval,TamAlwaysAccept,3600,8,128,39,0.3047,0.5625,0.4375,919.0513,183.8103,0.6602,1.0000,354.2564,577.1464,1426.3032,0.8052,19.5665,17.0746,984.3113,244.5088,61.5469,7693.3594,0,0,0.0000,0.0000,0.0000,0.0000,0,0.5417,0.4583,1.0000,2.0000,flat,0.1754,0.4043,1.3256,1.2618,0.5625,0.0000,68.9958,1,0.0000,0.0000,0.2482,7,2,55625.8242,7878
42,44,Kyoto_Small,eval,TamAlwaysAccept,3600,8,126,50,0.3968,0.6984,0.3016,844.1600,168.8320,0.6538,1.0002,283.7234,633.2500,1387.2205,0.9779,19.1588,17.2782,1013.5580,239.7909,64.4762,8059.5239,0,0,0.0000,0.0000,0.0000,0.0000,0,0.5682,0.4318,1.0014,2.0000,flat,0.1650,0.3075,1.1645,1.2925,0.6984,0.0000,6.2793,2,0.0019,0.0040,0.2673,7,2,69361.0234,8124
42,45,Kyoto_Small,eval,CongestionAware,3600,8,128,58,0.4531,1.0000,0.0000,869.9138,173.9828,0.7242,1.0007,278.1633,667.9500,1190.1470,0.8557,19.7537,18.1549,799.6271,171.2587,125.8281,15728.5156,0,0,0.0000,0.0000,0.0000,0.0000,0,0.4531,0.5469,1.0000,2.0000,flat,0.2686,0.4994,1.2644,0.0000,1.0000,0.0000,40.1339,2,0.0039,0.0124,0.3669,9,0,69028.5234,16106
42,46,Kyoto_Small,eval,CongestionAware,3600,8,128,61,0.4766,1.0000,0.0000,802.6066,160.5213,0.6859,1.0001,242.7222,586.5652,1071.2390,0.8827,19.5607,17.7516,839.4874,166.2143,100.3828,12547.8516,0,0,0.0000,0.0000,0.0000,0.0000,0,0.4766,0.5234,1.0000,2.0000,flat,0.2740,0.4985,1.2421,0.0000,1.0000,0.0000,28.4744,2,0.0008,0.0050,0.4061,11,0,65345.5820,12849
42,47,Kyoto_Small,eval,CongestionAware,3600,8,110,63,0.5727,1.0000,0.0000,863.2698,172.6540,0.7090,1.0004,268.4510,582.1951,1017.0070,0.7577,20.1420,18.0842,792.4923,189.7080,80.9091,10113.6367,0,0,0.0000,0.0000,0.0000,0.0000,0,0.5727,0.4273,1.0011,2.0000,flat,0.3510,0.6750,1.3076,0.0000,1.0000,0.0000,65.0496,2,0.0028,0.0079,0.4186,16,0,64071.4414,8900
42,48,Kyoto_Small,eval,CongestionAware,3600,8,128,64,0.5000,1.0000,0.0000,717.9531,143.5906,0.6374,1.0005,207.0000,556.1042,864.9080,0.8357,19.9105,18.1277,730.7985,164.3711,113.0547,14131.8359,0,0,0.0000,0.0000,0.0000,0.0000,0,0.5000,0.5000,1.0000,2.0000,flat,0.3561,0.6401,1.2977,0.0000,1.0000,0.0000,34.0184,2,0.0036,0.0082,0.4203,14,2,55354.1094,14471
42,49,Kyoto_Small,eval,CongestionAware,3600,8,126,62,0.4921,1.0000,0.0000,685.2903,137.0581,0.6895,1.0002,253.0893,438.8445,1216.2439,0.9611,19.7259,17.9326,840.4702,172.6555,107.3175,13414.6826,0,0,0.0000,0.0000,0.0000,0.0000,0,0.4921,0.5079,1.0000,2.0000,flat,0.2850,0.5044,1.2031,0.0000,1.0000,0.0000,9.8405,2,0.0014,0.0043,0.4117,11,1,75407.1250,13522
42,50,Kyoto_Small,eval,TrafficFlow,3600,8,128,65,0.5078,1.0000,0.0000,746.1385,149.2277,0.7265,1.0005,217.9672,505.1923,1084.4440,0.9951,19.7537,18.1549,799.6271,171.2587,92.5469,11568.3594,0,0,0.0000,0.0000,0.0000,0.0000,0,0.5078,0.4922,1.0000,2.0000,flat,0.2995,0.5386,1.2644,0.0000,1.0000,0.0000,1.0784,2,0.0033,0.0097,0.4410,11,0,70488.8516,11846
42,51,Kyoto_Small,eval,TrafficFlow,3600,8,128,69,0.5391,1.0000,0.0000,806.2029,161.2406,0.6835,1.0001,244.7000,534.5208,1022.3724,0.8356,19.5607,17.7516,839.4874,166.2143,86.7734,10846.6797,0,0,0.0000,0.0000,0.0000,0.0000,0,0.5391,0.4609,1.0008,2.0000,flat,0.2156,0.3858,1.2421,0.0000,1.0000,0.0000,40.2255,2,0.0008,0.0044,0.4411,12,4,70543.7031,11107
42,52,Kyoto_Small,eval,TrafficFlow,3600,8,110,57,0.5182,1.0000,0.0000,722.0175,144.4035,0.6741,1.0001,273.6458,454.7317,1078.6456,0.7884,20.1420,18.0842,792.4923,189.7080,70.5909,8823.8633,0,0,0.0000,0.0000,0.0000,0.0000,0,0.5182,0.4818,1.0000,2.0000,flat,0.4010,0.7407,1.3076,0.0000,1.0000,0.0000,57.9167,2,0.0008,0.0033,0.4382,13,1,61482.7969,7765
42,53,Kyoto_Small,eval,TrafficFlow,3600,8,128,65,0.5078,1.0000,0.0000,802.2615,160.4523,0.7288,1.0003,205.7818,565.3000,1030.0211,1.0000,19.9105,18.1277,730.7985,164.3711,114.1328,14266.6016,0,0,0.0000,0.0000,0.0000,0.0000,0,0.5078,0.4922,1.0000,2.0000,flat,0.2705,0.4848,1.2977,0.0000,1.0000,0.0000,0.0000,2,0.0022,0.0056,0.4523,12,1,66951.3750,14609
42,54,Kyoto_Small,eval,TrafficFlow,3600,8,126,59,0.4683,1.0000,0.0000,760.5593,152.1119,0.6799,1.0003,242.2778,590.9773,1031.0607,0.8511,19.7259,17.9326,840.4702,172.6555,77.1587,9644.8408,0,0,0.0000,0.0000,0.0000,0.0000,0,0.4683,0.5317,1.0000,2.0000,flat,0.3490,0.6236,1.2031,0.0000,1.0000,0.0000,36.0656,2,0.0017,0.0065,0.4366,12,1,60832.5820,9722
42,55,Kyoto_Small,eval,TokenPassing,3600,8,128,62,0.4844,1.0000,0.0000,866.2419,173.2484,0.7245,1.0006,233.6346,655.0952,1165.3070,0.9975,19.7537,18.1549,799.6271,171.2587,75.2422,9405.2734,0,0,0.0000,0.0000,0.0000,0.0000,0,0.4844,0.5156,1.0016,2.0000,flat,0.3358,0.5918,1.2644,0.0000,1.0000,0.0000,0.5732,2,0.0033,0.0114,0.3976,12,0,72249.0312,9631
42,56,Kyoto_Small,eval,TokenPassing,3600,8,128,62,0.4844,1.0000,0.0000,824.4516,164.8903,0.6794,1.0005,236.7000,588.0698,1087.2687,0.9187,19.5607,17.7516,839.4874,166.2143,74.0078,9250.9766,0,0,0.0000,0.0000,0.0000,0.0000,0,0.4844,0.5156,1.0000,2.0000,flat,0.2372,0.4168,1.2421,0.0000,1.0000,0.0000,19.2463,2,0.0031,0.0088,0.4212,12,3,67410.6641,9473
42,57,Kyoto_Small,eval,TokenPassing,3600,8,110,62,0.5636,1.0000,0.0000,806.8387,161.3677,0.6873,1.0002,198.1176,581.3778,1018.8686,1.0000,20.1420,18.0842,792.4923,189.7080,65.6455,8205.6816,0,0,0.0000,0.0000,0.0000,0.0000,0,0.5636,0.4364,1.0000,2.0000,flat,0.2778,0.4955,1.3076,0.0000,1.0000,0.0000,0.0000,2,0.0017,0.0058,0.4644,11,1,63169.8555,7221
42,58,Kyoto_Small,eval,TokenPassing,3600,8,128,65,0.5078,1.0000,0.0000,960.7385,192.1477,0.7136,1.0004,278.0385,657.9767,999.9459,0.7193,19.9105,18.1277,730.7985,164.3711,101.2422,12655.2734,0,0,0.0000,0.0000,0.0000,0.0000,0,0.5078,0.4922,1.0000,2.0000,flat,0.2212,0.4351,1.2977,0.0000,1.0000,0.0000,78.0493,2,0.0025,0.0075,0.4637,10,0,64996.4844,12959
42,59,Kyoto_Small,eval,TokenPassing,3600,8,126,62,0.4921,1.0000,0.0000,827.9355,165.5871,0.6791,1.0002,302.1698,528.4390,1224.5164,0.8105,19.7259,17.9326,840.4702,172.6555,78.1825,9772.8174,0,0,0.0000,0.0000,0.0000,0.0000,0,0.4921,0.5079,1.0000,2.0000,flat,0.3177,0.5652,1.2031,0.0000,1.0000,0.0000,57.2665,2,0.0014,0.0058,0.3943,12,1,75920.0156,9851
42,60,LosAngeles_Small,eval,MAPPO,3600,8,129,51,0.3953,0.7209,0.2791,818.9412,163.7882,0.6556,1.0001,310.7619,574.7000,1296.2891,0.8343,23.3790,21.9776,974.4352,285.5459,115.9380,14492.2480,0,0,0.0000,0.0000,0.0000,0.0000,0,0.5484,0.4516,1.0000,2.0000,flat,0.3056,0.5457,1.2820,1.2859,0.7561,0.0000,51.5041,2,0.0006,0.0030,0.3372,7,0,66110.7422,14956
42,61,LosAngeles_Small,eval,MAPPO,3600,8,125,59,0.4720,0.7920,0.2080,914.2034,182.8407,0.6385,1.0001,255.3600,707.8666,1345.1183,1.0000,23.6349,20.9753,956.1008,227.2171,101.8960,12737.0000,1,0,0.0000,0.0000,0.0000,0.0000,0,0.5960,0.4040,1.0000,2.0000,flat,0.2115,0.3872,1.1433,1.2418,0.8390,0.0000,0.0000,2,0.0006,0.0026,0.3339,8,2,79361.9844,12737
42,62,LosAngeles_Small,eval,MAPPO,3600,8,135,70,0.5185,0.8148,0.1852,744.8714,148.9743,0.6371,1.0003,296.2000,495.3889,1152.5404,0.7782,23.8920,22.2562,875.8976,208.2885,112.5037,14062.9629,0,0,0.0000,0.0000,0.0000,0.0000,0,0.6364,0.3636,1.0000,2.0000,flat,0.2306,0.4243,1.2509,1.3310,0.8527,0.0000,65.6919,2,0.0025,0.0069,0.3650,8,1,80677.8281,15188
42,63,LosAngeles_Small,eval,MAPPO,3600,8,148,69,0.4662,0.7703,0.2297,786.2899,157.2580,0.6350,1.0002,269.0656,584.6035,1136.9562,0.8451,23.2928,21.8415,825.2316,238.1040,75.3784,9422.2969,0,0,0.0000,0.0000,0.0000,0.0000,0,0.6053,0.3947,1.0000,2.0000,flat,0.1472,0.2708,1.2735,1.4056,0.8261,0.0000,41.6743,2,0.0019,0.0053,0.3642,8,3,78449.9766,11156
42,64,LosAngeles_Small,eval,MAPPO,3600,8,124,70,0.5645,0.7984,0.2016,939.2714,187.8543,0.6848,1.0022,270.6984,670.6000,1241.5083,0.9173,22.6302,21.0440,916.1953,234.0466,74.2258,9278.2256,0,0,0.0000,0.0000,0.0000,0.0000,0,0.7071,0.2929,1.0019,2.0000,flat,0.1523,0.2906,1.2277,1.1571,0.8534,0.0000,22.3968,2,0.0117,0.0213,0.3284,8,2,86905.5781,9204
42,65,LosAngeles_Small,eval,FaithfulMAPPER,3600,8,129,47,0.3643,0.7287,0.2713,975.6595,195.1319,0.6946,1.0004,310.2444,659.8444,1400.3789,0.9028,23.2800,18.7239,1022.8774,245.4306,118.2171,14777.1318,0,0,0.0000,0.0000,0.0000,0.0000,0,0.5000,0.5000,1.0000,2.0000,flat,0.1957,0.3504,1.3007,1.2358,0.7344,0.0000,30.1687,2,0.0028,0.0081,0.2629,6,2,65817.8125,15250
42,66,LosAngeles_Small,eval,FaithfulMAPPER,3600,8,125,48,0.3840,0.7520,0.2480,799.5417,199.8854,0.6140,1.0001,346.9535,447.3810,1549.6349,0.8933,24.2820,21.0858,1111.1631,225.3415,138.0960,17262.0000,0,0,0.0000,0.0000,0.0000,0.0000,0,0.5106,0.4894,1.0000,2.0000,flat,0.2241,0.4234,1.1272,1.2748,0.7581,0.0000,37.0265,2,0.0006,0.0037,0.2665,7,1,74382.4766,17262
42,67,LosAngeles_Small,eval,FaithfulMAPPER,3600,8,135,56,0.4148,0.7481,0.2519,797.0000,159.4000,0.6401,1.0001,336.4490,472.7500,1183.7762,0.7037,23.8920,22.2392,962.4997,234.5789,96.9037,12112.9629,0,0,0.0000,0.0000,0.0000,0.0000,0,0.5545,0.4455,1.0000,2.0000,flat,0.1506,0.2720,1.3072,1.1428,0.7481,0.0000,99.6937,2,0.0011,0.0044,0.3145,6,2,66291.4766,13082
42,68,LosAngeles_Small,eval,FaithfulMAPPER,3600,8,148,66,0.4459,0.7432,0.2568,877.5303,175.5061,0.6607,1.0002,294.5738,560.6271,1228.3676,0.8340,22.3615,20.2663,915.6595,231.0427,95.9595,11994.9326,0,0,0.0000,0.0000,0.0000,0.0000,0,0.6000,0.4000,1.0000,2.0000,flat,0.1639,0.2944,1.3118,1.2808,0.7432,0.0000,48.9003,2,0.0017,0.0052,0.3195,7,3,81072.2578,14202
42,69,LosAngeles_Small,eval,FaithfulMAPPER,3600,8,124,61,0.4919,0.6855,0.3145,901.0820,180.2164,0.6635,1.0004,319.6538,596.2766,1514.9385,0.9479,22.5069,20.8808,1044.9661,265.9301,92.7903,11598.7900,0,0,0.0000,0.0000,0.0000,0.0000,0,0.7176,0.2824,1.0000,2.0000,flat,0.1621,0.3015,1.2039,1.2342,0.6911,0.0000,16.6661,2,0.0031,0.0073,0.2944,7,2,92411.2500,11506
42,70,LosAngeles_Small,eval,TamAlwaysAccept,3600,8,129,44,0.3411,0.6124,0.3876,940.7500,188.1500,0.6942,1.0003,387.2143,633.6522,1592.9800,0.8228,23.2800,20.3424,1109.3922,278.0854,94.6667,11833.3330,0,0,0.0000,0.0000,0.0000,0.0000,0,0.5570,0.4430,1.0000,2.0000,flat,0.0955,0.1873,1.2923,1.2686,0.6124,0.0000,68.6183,2,0.0017,0.0082,0.2584,4,2,70091.1172,12212
42,71,LosAngeles_Small,eval,TamAlwaysAccept,3600,8,125,41,0.3280,0.6320,0.3680,897.8781,179.5756,0.6640,1.0002,360.4102,542.3721,1638.3018,0.9091,24.2372,20.2115,1222.3425,251.8243,96.4000,12050.0000,0,0,0.0000,0.0000,0.0000,0.0000,0,0.5190,0.4810,1.0000,2.0000,flat,0.1402,0.2792,1.1261,1.2284,0.6320,0.0000,32.7499,2,0.0011,0.0056,0.2493,5,1,67170.3750,12050
42,72,LosAngeles_Small,eval,TamAlwaysAccept,3600,8,135,48,0.3556,0.6370,0.3630,849.3542,169.8708,0.6957,1.0002,307.3261,561.6600,1361.2950,0.8859,23.8763,21.5167,1064.7278,258.4571,87.5259,10940.7412,0,0,0.0000,0.0000,0.0000,0.0000,0,0.5581,0.4419,1.0000,2.0000,flat,0.1167,0.2211,1.2925,1.2188,0.6370,0.0000,35.0671,2,0.0011,0.0050,0.2730,5,3,65342.1602,11816
42,73,LosAngeles_Small,eval,TamAlwaysAccept,3600,8,148,46,0.3108,0.5946,0.4054,922.0435,184.4087,0.6934,1.0001,341.6905,605.7391,1375.0001,0.8048,22.3288,19.5603,1008.0604,273.7202,94.7568,11844.5947,0,0,0.0000,0.0000,0.0000,0.0000,0,0.5227,0.4773,1.0000,2.0000,flat,0.2315,0.4234,1.3083,1.2972,0.5946,0.0000,66.6905,2,0.0011,0.0053,0.2575,7,2,63250.0039,14024
42,74,LosAngeles_Small,eval,TamAlwaysAccept,3600,8,124,48,0.3871,0.5968,0.4032,924.3750,184.8750,0.6857,1.0004,343.0217,650.7000,1534.2349,0.8945,22.5069,19.4215,1133.9288,299.8163,82.1774,10272.1777,0,0,0.0000,0.0000,0.0000,0.0000,0,0.6486,0.3514,1.0000,2.0000,flat,0.1722,0.3103,1.2017,1.2309,0.5968,0.0000,36.1747,2,0.0033,0.0073,0.2584,6,2,73643.2734,10190
42,75,LosAngeles_Small,eval,CongestionAware,3600,8,129,66,0.5116,1.0000,0.0000,976.8788,195.3758,0.7145,1.0003,239.9811,639.4667,1070.4731,0.8921,23.4000,22.0315,868.2529,208.3362,174.6046,21825.5820,0,0,0.0000,0.0000,0.0000,0.0000,0,0.5116,0.4884,1.0000,2.0000,flat,0.2593,0.4670,1.2831,0.0000,1.0000,0.0000,25.8865,2,0.0022,0.0072,0.4640,12,1,70651.2266,22524
42,76,LosAngeles_Small,eval,CongestionAware,3600,8,125,59,0.4720,1.0000,0.0000,755.9322,151.1864,0.6526,1.0005,222.6327,489.0244,1227.1431,1.0000,24.3266,21.7965,950.2605,201.7419,180.3440,22543.0000,0,0,0.0000,0.0000,0.0000,0.0000,0,0.4720,0.5280,1.0013,2.0000,flat,0.3801,0.6900,1.1638,0.0000,1.0000,0.0000,0.0000,2,0.0031,0.0084,0.4103,14,1,72401.4375,22543
42,77,LosAngeles_Small,eval,CongestionAware,3600,8,135,70,0.5185,1.0000,0.0000,782.6143,156.5229,0.6631,1.0003,212.1552,532.4706,1044.0751,0.9843,24.1084,22.4875,817.3375,176.6603,139.9630,17495.3711,0,0,0.0000,0.0000,0.0000,0.0000,0,0.5185,0.4815,1.0000,2.0000,flat,0.2857,0.5212,1.2658,0.0000,1.0000,0.0000,3.3401,2,0.0025,0.0067,0.4753,17,3,73085.2500,18895
42,78,LosAngeles_Small,eval,CongestionAware,3600,8,148,72,0.4865,1.0000,0.0000,697.8333,139.5667,0.7130,1.0005,228.1000,486.5185,945.4724,0.8290,23.3269,22.0276,769.9100,203.4088,171.5203,21440.0332,0,0,0.0000,0.0000,0.0000,0.0000,0,0.4865,0.5135,1.0020,2.0000,flat,0.4201,0.7388,1.3038,0.0000,1.0000,0.0000,39.0055,2,0.0042,0.0087,0.4701,17,0,68074.0078,25385
42,79,LosAngeles_Small,eval,CongestionAware,3600,8,124,54,0.4355,1.0000,0.0000,792.3519,158.4704,0.6983,1.0005,289.5111,474.2195,1153.3959,0.7968,22.8191,21.6520,814.4276,216.0177,222.7984,27849.7988,0,0,0.0000,0.0000,0.0000,0.0000,0,0.4355,0.5645,1.0013,2.0000,flat,0.3750,0.6671,1.2135,0.0000,1.0000,0.0000,58.8319,2,0.0028,0.0098,0.4147,13,0,62283.3789,27627
42,80,LosAngeles_Small,eval,TrafficFlow,3600,8,129,54,0.4186,1.0000,0.0000,824.6852,164.9370,0.6727,1.0004,260.9773,559.4500,1167.6113,0.8948,23.4000,22.0315,868.2529,208.3362,140.1008,17512.5977,0,0,0.0000,0.0000,0.0000,0.0000,0,0.4186,0.5814,1.0011,2.0000,flat,0.3967,0.7051,1.2831,0.0000,1.0000,0.0000,27.4550,2,0.0025,0.0087,0.4186,12,0,63051.0078,18073
42,81,LosAngeles_Small,eval,TrafficFlow,3600,8,125,62,0.4960,1.0000,0.0000,770.6290,154.1258,0.6951,1.0002,250.1800,544.3023,1141.9437,0.9129,24.3266,21.7965,950.2605,201.7419,131.2560,16407.0000,0,0,0.0000,0.0000,0.0000,0.0000,0,0.4960,0.5040,1.0000,2.0000,flat,0.2593,0.4551,1.1638,0.0000,1.0000,0.0000,21.7912,2,0.0014,0.0047,0.4314,11,2,70800.5156,16407
42,82,LosAngeles_Small,eval,TrafficFlow,3600,8,135,57,0.4222,1.0000,0.0000,883.0877,176.6175,0.6640,1.0004,303.1429,689.4651,1046.8856,0.6907,24.1084,22.4875,817.3375,176.6603,167.7482,20968.5176,0,0,0.0000,0.0000,0.0000,0.0000,0,0.4222,0.5778,1.0000,2.0000,flat,0.2507,0.4582,1.2658,0.0000,1.0000,0.0000,93.7657,2,0.0028,0.0083,0.3898,12,2,59672.4766,22646
42,83,LosAngeles_Small,eval,TrafficFlow,3600,8,148,64,0.4324,1.0000,0.0000,785.5312,157.1062,0.6946,1.0002,247.9138,526.1957,892.6938,0.7202,23.3269,22.0276,769.9100,203.4088,198.0878,24760.9805,0,0,0.0000,0.0000,0.0000,0.0000,0,0.4324,0.5676,1.0007,2.0000,flat,0.2457,0.4517,1.3038,0.0000,1.0000,0.0000,69.3750,2,0.0017,0.0057,0.4380,12,3,57132.4023,29317
42,84,LosAngeles_Small,eval,TrafficFlow,3600,8,124,57,0.4597,1.0000,0.0000,738.8421,147.7684,0.6732,1.0007,219.7200,536.2857,1189.4460,1.0000,22.8191,21.6520,814.4276,216.0177,207.3226,25915.3223,0,0,0.0000,0.0000,0.0000,0.0000,0,0.4597,0.5403,1.0000,2.0000,flat,0.3546,0.6450,1.2135,0.0000,1.0000,0.0000,0.0000,2,0.0039,0.0114,0.4521,14,0,67798.4219,25708
42,85,LosAngeles_Small,eval,TokenPassing,3600,8,129,56,0.4341,1.0000,0.0000,925.1786,185.0357,0.7152,1.0003,279.5417,572.6905,1016.8610,0.7275,23.4000,22.0315,868.2529,208.3362,171.7287,21466.0859,0,0,0.0000,0.0000,0.0000,0.0000,0,0.4341,0.5659,1.0000,2.0000,flat,0.3059,0.5478,1.2831,0.0000,1.0000,0.0000,76.1695,2,0.0025,0.0066,0.4089,10,1,56944.2148,22153
42,86,LosAngeles_Small,eval,TokenPassing,3600,8,125,55,0.4400,1.0000,0.0000,703.5637,140.7127,0.6802,1.0004,201.1702,519.6364,1254.4849,1.0000,24.3266,21.7965,950.2605,201.7419,114.0640,14258.0000,0,0,0.0000,0.0000,0.0000,0.0000,0,0.4400,0.5600,1.0010,2.0000,flat,0.3500,0.6536,1.1638,0.0000,1.0000,0.0000,0.0000,2,0.0031,0.0083,0.4095,15,2,68996.6641,14258
42,87,LosAngeles_Small,eval,TokenPassing,3600,8,135,67,0.4963,1.0000,0.0000,742.7313,148.5463,0.6887,1.0002,311.8929,468.4898,1132.1935,0.7260,24.1084,22.4875,817.3375,176.6603,147.1704,18396.2969,0,0,0.0000,0.0000,0.0000,0.0000,0,0.4963,0.5037,1.0000,2.0000,flat,0.3108,0.5739,1.2658,0.0000,1.0000,0.0000,85.4542,2,0.0014,0.0060,0.4458,15,3,75856.9688,19868
42,88,LosAngeles_Small,eval,TokenPassing,3600,8,148,72,0.4865,1.0000,0.0000,949.3472,189.8694,0.6901,1.0004,218.4194,645.2500,934.9080,0.8561,23.3269,22.0276,769.9100,203.4088,169.8311,21228.8848,0,0,0.0000,0.0000,0.0000,0.0000,0,0.4865,0.5135,1.0000,2.0000,flat,0.2905,0.5286,1.3038,0.0000,1.0000,0.0000,31.4378,2,0.0028,0.0072,0.4552,15,2,67313.3750,25135
42,89,LosAngeles_Small,eval,TokenPassing,3600,8,124,49,0.3952,1.0000,0.0000,795.8367,159.1673,0.6975,1.0007,247.3810,542.3589,1135.0193,0.9176,22.8191,21.6520,814.4276,216.0177,119.1613,14895.1611,0,0,0.0000,0.0000,0.0000,0.0000,0,0.3952,0.6048,1.0000,2.0000,flat,0.3214,0.5774,1.2135,0.0000,1.0000,0.0000,20.3771,2,0.0050,0.0104,0.4149,10,0,55615.9453,14776
42,90,Tokyo_Small,stress,MAPPO,3600,8,130,41,0.3154,0.5000,0.5000,709.6342,709.6342,0.2500,1.0000,309.1026,416.8750,1535.9319,0.9938,26.4094,21.0082,1077.7018,323.1157,122.0231,15252.8848,0,0,0.0000,0.0000,0.0000,0.0000,0,0.6308,0.3692,1.0000,2.0000,flat,0.1727,0.3571,1.1998,1.2771,0.5039,0.0000,1.9162,1,0.0000,0.0000,0.2908,7,2,62973.2070,15863
42,91,Tokyo_Small,stress,MAPPO,3600,8,135,35,0.2593,0.3926,0.6074,902.1429,451.0714,0.3180,1.0000,329.6286,582.7105,1366.7847,0.8293,28.4309,24.8147,1114.0806,407.1010,137.3333,17166.6660,0,0,0.0000,0.0000,0.0000,0.0000,0,0.6604,0.3396,1.0000,2.0000,flat,0.0883,0.1807,1.2471,1.2601,0.4046,0.0000,56.2716,2,0.0003,0.0021,0.2457,4,2,47837.4609,18540
42,92,Tokyo_Small,stress,MAPPO,3600,8,129,28,0.2171,0.3411,0.6589,909.1429,454.5714,0.2682,1.0001,386.4815,602.4138,1535.1965,0.7944,28.0857,25.1498,1249.6694,471.3273,137.3954,17174.4180,0,0,0.0000,0.0000,0.0000,0.0000,0,0.6364,0.3636,1.0000,2.0000,flat,0.1953,0.3629,1.1323,1.2786,0.3607,0.0000,79.4422,2,0.0003,0.0033,0.2292,4,1,42985.5039,17724
42,93,Tokyo_Small,stress,MAPPO,3600,8,117,21,0.1795,0.3077,0.6923,1188.2380,594.1190,0.2730,1.0000,506.7143,718.9167,2206.0520,0.8707,27.4504,22.3238,1438.4591,428.3637,144.0598,18007.4785,0,0,0.0000,0.0000,0.0000,0.0000,0,0.5833,0.4167,1.0000,2.0000,flat,0.2251,0.4151,1.1953,1.2198,0.3303,0.0000,65.5039,1,0.0000,0.0000,0.1785,3,1,46327.0898,16855
42,94,Tokyo_Small,stress,MAPPO,3600,8,132,35,0.2652,0.4015,0.5985,923.9714,461.9857,0.2749,1.0001,340.5882,623.3611,1677.4086,0.9850,28.9808,25.0299,1331.0183,363.7421,144.8030,18100.3789,0,0,0.0000,0.0000,0.0000,0.0000,0,0.6604,0.3396,1.0000,2.0000,flat,0.1195,0.2250,1.3743,1.2348,0.4240,0.0000,5.1065,2,0.0006,0.0024,0.2397,4,2,58709.3008,19114
42,95,Tokyo_Small,stress,FaithfulMAPPER,3600,8,130,31,0.2385,0.3769,0.6231,752.7419,376.3710,0.2758,1.0005,343.8065,481.0263,1404.7454,0.8172,28.2235,21.1157,1134.8452,378.0133,152.5923,19074.0391,0,0,0.0000,0.0000,0.0000,0.0000,0,0.6327,0.3673,1.0000,2.0000,flat,0.0997,0.2040,1.2601,1.2253,0.3828,0.0000,62.8574,2,0.0031,0.0084,0.2514,4,2,43547.1094,19837
42,96,Tokyo_Small,stress,FaithfulMAPPER,3600,8,135,36,0.2667,0.3481,0.6519,845.4722,422.7361,0.2957,1.0001,374.6389,491.2000,1445.1938,0.7715,27.0087,23.2421,1171.1820,377.7821,151.2148,18901.8516,0,0,0.0000,0.0000,0.0000,0.0000,0,0.7660,0.2340,1.0000,2.0000,flat,0.1351,0.2619,1.2149,1.2764,0.3507,0.0000,85.6001,2,0.0006,0.0043,0.2411,5,2,52026.9805,20414
42,97,Tokyo_Small,stress,FaithfulMAPPER,3600,8,129,28,0.2171,0.2713,0.7287,982.8214,491.4107,0.2835,1.0000,421.3214,578.5484,1695.4532,0.8048,28.9429,24.6184,1276.2524,448.8840,143.9845,17998.0625,0,0,0.0000,0.0000,0.0000,0.0000,0,0.8000,0.2000,1.0000,2.0000,flat,0.1234,0.2575,1.2699,1.2133,0.2734,0.0000,82.2308,1,0.0000,0.0000,0.2035,3,1,47472.6914,18574
42,98,Tokyo_Small,stress,FaithfulMAPPER,3600,8,117,30,0.2564,0.3333,0.6667,895.1334,447.5667,0.2881,1.0000,398.8965,521.9375,1873.6884,0.9394,27.5770,20.9391,1381.4658,338.7249,134.8120,16851.4961,0,0,0.0000,0.0000,0.0000,0.0000,0,0.7692,0.2308,1.0000,2.0000,flat,0.3030,0.5437,1.2845,1.1761,0.3362,0.0000,24.1589,1,0.0000,0.0000,0.2217,5,1,56210.6484,15773
42,99,Tokyo_Small,stress,FaithfulMAPPER,3600,8,132,34,0.2576,0.3712,0.6288,816.8530,408.4265,0.2967,1.0000,394.0294,446.6216,1490.9415,0.7568,29.1628,24.3256,1200.0464,350.8201,163.2348,20404.3555,0,0,0.0000,0.0000,0.0000,0.0000,0,0.6939,0.3061,1.0000,2.0000,flat,0.1230,0.2564,1.3468,1.2578,0.3740,0.0000,95.8411,1,0.0000,0.0000,0.2332,5,2,50692.0117,21547
42,100,Tokyo_Small,stress,TamAlwaysAccept,3600,8,130,36,0.2769,0.3385,0.6615,759.5278,379.7639,0.2727,1.0000,368.8333,418.9744,1508.0872,0.8178,27.7132,21.9645,1108.3127,399.1149,161.7077,20213.4609,0,0,0.0000,0.0000,0.0000,0.0000,0,0.8182,0.1818,1.0000,2.0000,flat,0.0960,0.1884,1.2596,1.2276,0.3385,0.0000,67.2159,1,0.0000,0.0000,0.2553,4,2,54291.1406,21022
42,101,Tokyo_Small,stress,TamAlwaysAccept,3600,8,135,40,0.2963,0.3556,0.6444,654.2500,327.1250,0.2919,1.0000,314.1250,417.4792,1341.9142,0.8544,27.1465,22.1611,1073.2137,360.2927,138.4815,17310.1855,0,0,0.0000,0.0000,0.0000,0.0000,0,0.8333,0.1667,1.0000,2.0000,flat,0.1909,0.3571,1.1719,1.3009,0.3556,0.0000,45.7422,1,0.0000,0.0000,0.2733,6,2,53676.5703,18695
42,102,Tokyo_Small,stress,TamAlwaysAccept,3600,8,129,31,0.2403,0.2868,0.7132,897.4839,448.7419,0.2937,1.0000,391.2581,521.4706,1676.2974,0.8569,29.0937,27.2562,1280.7412,540.3777,126.4496,15806.2012,0,0,0.0000,0.0000,0.0000,0.0000,0,0.8378,0.1622,1.0000,2.0000,flat,0.1584,0.2957,1.1900,1.2442,0.2868,0.0000,55.9986,1,0.0000,0.0000,0.2198,4,2,51965.2188,16312
42,103,Tokyo_Small,stress,TamAlwaysAccept,3600,8,117,29,0.2479,0.3077,0.6923,890.3104,890.3104,0.2362,1.0000,428.1035,484.7143,1834.5791,0.8571,26.2984,23.1073,1351.2008,415.9398,124.0855,15510.6836,0,0,0.0000,0.0000,0.0000,0.0000,0,0.8056,0.1944,1.0000,2.0000,flat,0.2382,0.4362,1.2424,1.1988,0.3077,0.0000,61.1876,1,0.0000,0.0000,0.2094,4,1,53202.7930,14518
42,104,Tokyo_Small,stress,TamAlwaysAccept,3600,8,132,39,0.2955,0.3485,0.6515,795.6154,397.8077,0.2830,1.0000,391.1795,429.0238,1608.5728,0.8224,26.3390,23.8914,1303.4613,371.2358,144.9697,18121.2129,0,0,0.0000,0.0000,0.0000,0.0000,0,0.8478,0.1522,1.0000,2.0000,flat,0.1678,0.3034,1.3369,1.2662,0.3485,0.0000,69.4649,1,0.0000,0.0000,0.2366,5,2,62734.3359,19136
42,105,Tokyo_Small,stress,CongestionAware,3600,8,130,27,0.2077,1.0000,0.0000,868.0370,434.0185,0.3163,1.0001,192.1923,694.9200,919.2789,0.9566,29.6079,26.1481,839.9340,219.7594,322.8923,40361.5391,0,0,0.0000,0.0000,0.0000,0.0000,0,0.2077,0.7923,1.0000,2.0000,flat,0.4167,0.7728,1.2384,0.0000,1.0000,0.0000,8.3365,2,0.0003,0.0033,0.4926,13,0,24820.5293,41976
42,106,Tokyo_Small,stress,CongestionAware,3600,8,135,23,0.1704,1.0000,0.0000,1194.7391,597.3696,0.3226,1.0005,409.5555,822.6923,1159.0156,0.5660,29.3572,26.9962,783.9375,191.9491,510.9556,63869.4453,0,0,0.0000,0.0000,0.0000,0.0000,0,0.1704,0.8296,1.0000,2.0000,flat,0.2500,0.4518,1.2550,0.0000,1.0000,0.0000,177.7524,2,0.0022,0.0107,0.3782,7,2,26657.3613,68979
42,107,Tokyo_Small,stress,CongestionAware,3600,8,129,22,0.1705,1.0000,0.0000,1149.4546,574.7273,0.3215,1.0003,206.1000,1044.1765,955.6477,0.9274,29.2780,27.4186,813.4323,200.2791,779.7209,97465.1172,0,0,0.0000,0.0000,0.0000,0.0000,0,0.1705,0.8295,1.0000,2.0000,flat,0.3971,0.7323,1.2287,0.0000,1.0000,0.0000,14.9705,2,0.0017,0.0074,0.3987,9,1,21024.2500,100584
42,108,Tokyo_Small,stress,CongestionAware,3600,8,117,26,0.2222,1.0000,0.0000,658.4615,329.2308,0.3140,1.0003,149.5455,645.9565,988.7346,1.0000,29.5886,26.6193,896.0030,227.6813,246.1624,30770.2988,0,0,0.0000,0.0000,0.0000,0.0000,0,0.2222,0.7778,1.0000,2.0000,flat,0.2292,0.4859,1.2122,0.0000,1.0000,0.0000,0.0000,2,0.0014,0.0083,0.4611,8,1,25707.0996,28801
42,109,Tokyo_Small,stress,CongestionAware,3600,8,132,23,0.1742,1.0000,0.0000,807.8261,403.9131,0.3080,1.0005,251.6316,652.3158,1110.3903,0.8826,29.5305,26.4191,892.4816,214.0693,793.9167,99239.5859,0,0,0.0000,0.0000,0.0000,0.0000,0,0.1742,0.8258,1.0011,2.0000,flat,0.4405,0.8234,1.2908,0.0000,1.0000,0.0000,29.5535,2,0.0022,0.0113,0.3318,12,0,25538.9766,104797
42,110,Tokyo_Small,stress,TrafficFlow,3600,8,130,24,0.1846,1.0000,0.0000,830.1250,415.0625,0.3042,1.0003,147.5455,590.3636,998.0390,1.0000,29.6079,26.1481,839.9340,219.7594,423.3462,52918.2695,0,0,0.0000,0.0000,0.0000,0.0000,0,0.1846,0.8154,1.0000,2.0000,flat,0.5119,0.9464,1.2384,0.0000,1.0000,0.0000,0.0000,2,0.0014,0.0080,0.4532,12,0,23952.9355,55035
42,111,Tokyo_Small,stress,TrafficFlow,3600,8,135,31,0.2296,1.0000,0.0000,759.5161,379.7581,0.3253,1.0003,204.8333,478.4091,766.5586,0.7485,29.3572,26.9962,783.9375,191.9491,291.2741,36409.2578,0,0,0.0000,0.0000,0.0000,0.0000,0,0.2296,0.7704,1.0000,2.0000,flat,0.2315,0.4367,1.2550,0.0000,1.0000,0.0000,51.5216,2,0.0011,0.0095,0.4068,10,2,23763.3164,39322
42,112,Tokyo_Small,stress,TrafficFlow,3600,8,129,19,0.1473,1.0000,0.0000,1034.6842,517.3421,0.3215,1.0002,326.0588,808.1334,922.8544,0.5661,29.2780,27.4186,813.4323,200.2791,191.1395,23892.4414,0,0,0.0000,0.0000,0.0000,0.0000,0,0.1473,0.8527,1.0000,2.0000,flat,0.2500,0.4677,1.2287,0.0000,1.0000,0.0000,141.4880,2,0.0011,0.0065,0.3463,6,1,17534.2324,24657
42,113,Tokyo_Small,stress,TrafficFlow,3600,8,117,31,0.2650,1.0000,0.0000,701.1290,350.5645,0.3019,1.0003,174.3448,523.5600,1191.3557,1.0000,29.5886,26.6193,896.0030,227.6813,135.0000,16875.0000,0,0,0.0000,0.0000,0.0000,0.0000,0,0.2650,0.7350,1.0000,2.0000,flat,0.3426,0.6404,1.2122,0.0000,1.0000,0.0000,0.0000,2,0.0017,0.0079,0.4282,12,0,36932.0273,15795
42,114,Tokyo_Small,stress,TrafficFlow,3600,8,132,26,0.1970,1.0000,0.0000,799.7692,399.8846,0.3094,1.0005,245.7143,520.6667,968.5671,0.7884,29.5305,26.4191,892.4816,214.0693,217.3788,27172.3477,0,0,0.0000,0.0000,0.0000,0.0000,0,0.1970,0.8030,1.0015,2.0000,flat,0.4091,0.7551,1.2908,0.0000,1.0000,0.0000,52.0009,2,0.0028,0.0103,0.3722,11,1,25182.7461,28694
42,115,Tokyo_Small,stress,TokenPassing,3600,8,130,29,0.2231,1.0000,0.0000,596.7931,298.3965,0.3207,1.0003,162.0000,447.4800,869.8717,1.0000,29.6079,26.1481,839.9340,219.7594,113.2385,14154.8076,0,0,0.0000,0.0000,0.0000,0.0000,0,0.2231,0.7769,1.0000,2.0000,flat,0.3426,0.6318,1.2384,0.0000,1.0000,0.0000,0.0000,2,0.0014,0.0072,0.4235,13,1,25226.2793,14721
42,116,Tokyo_Small,stress,TokenPassing,3600,8,135,35,0.2593,1.0000,0.0000,1009.1143,504.5571,0.3226,1.0004,258.3750,602.3333,827.4437,0.6405,29.3572,26.9962,783.9375,191.9491,84.6296,10578.7041,0,0,0.0000,0.0000,0.0000,0.0000,0,0.2593,0.7407,1.0025,2.0000,flat,0.2321,0.4403,1.2550,0.0000,1.0000,0.0000,92.8863,2,0.0017,0.0102,0.4546,10,2,28960.5293,11425
42,117,Tokyo_Small,stress,TokenPassing,3600,8,129,17,0.1318,1.0000,0.0000,1169.7059,584.8530,0.3215,1.0002,236.9333,1074.5385,1015.6722,0.8573,29.2780,27.4186,813.4323,200.2791,148.7674,18595.9297,0,0,0.0000,0.0000,0.0000,0.0000,0,0.1318,0.8682,1.0000,2.0000,flat,0.2885,0.5493,1.2287,0.0000,1.0000,0.0000,33.7989,2,0.0008,0.0055,0.3736,5,1,17266.4277,19191
42,118,Tokyo_Small,stress,TokenPassing,3600,8,117,25,0.2137,1.0000,0.0000,865.4000,432.7000,0.3019,1.0004,201.0455,684.1500,1520.2936,1.0000,29.5886,26.6193,896.0030,227.6813,156.7692,19596.1543,0,0,0.0000,0.0000,0.0000,0.0000,0,0.2137,0.7863,1.0000,2.0000,flat,0.2727,0.5821,1.2122,0.0000,1.0000,0.0000,0.0000,2,0.0019,0.0095,0.4314,8,0,38007.3398,18342
42,119,Tokyo_Small,stress,TokenPassing,3600,8,132,25,0.1894,1.0000,0.0000,857.9200,428.9600,0.3119,1.0003,191.2727,740.2381,955.6628,0.9993,29.5305,26.4191,892.4816,214.0693,129.5379,16192.2344,0,0,0.0000,0.0000,0.0000,0.0000,0,0.1894,0.8106,1.0015,2.0000,flat,0.3864,0.6983,1.2908,0.0000,1.0000,0.0000,0.1402,2,0.0014,0.0071,0.3861,11,1,23891.5703,17099
42,120,Kyoto_Small,stress,MAPPO,3600,8,128,42,0.3281,0.4922,0.5078,929.4524,464.7262,0.3682,1.0000,330.7317,562.0465,1416.4241,0.8565,19.4482,17.4487,1066.0591,278.6028,58.5938,7324.2188,0,0,0.0000,0.0000,0.0000,0.0000,0,0.6667,0.3333,1.0000,2.0000,flat,0.1125,0.2236,1.2887,1.2408,0.5081,0.0000,47.4469,2,0.0003,0.0028,0.2626,5,2,59489.8086,7500
42,121,Kyoto_Small,stress,MAPPO,3600,8,128,35,0.2734,0.4922,0.5078,981.1429,327.0476,0.4323,1.0001,397.8485,579.9231,1543.9484,0.7761,18.7971,16.3550,1182.1367,240.7409,71.8203,8977.5391,0,0,0.0000,0.0000,0.0000,0.0000,0,0.5556,0.4444,1.0000,2.0000,flat,0.1389,0.2624,1.2046,1.2784,0.5000,0.0000,89.0588,2,0.0003,0.0033,0.2360,4,2,54038.1914,9193
42,122,Kyoto_Small,stress,MAPPO,3600,8,110,42,0.3818,0.5909,0.4091,739.6905,369.8452,0.3692,1.0000,268.0952,522.4468,1241.4229,0.9261,19.5324,17.2100,962.3434,278.3681,63.0364,7879.5454,0,0,0.0000,0.0000,0.0000,0.0000,0,0.6462,0.3538,1.0000,2.0000,flat,0.2103,0.3780,1.2567,1.3812,0.6311,0.0000,19.8107,1,0.0000,0.0000,0.2908,6,2,52139.7617,6934
42,123,Kyoto_Small,stress,MAPPO,3600,8,128,36,0.2812,0.4766,0.5234,891.2222,297.0741,0.3785,1.0017,323.5555,587.5897,1513.6433,0.9356,19.5665,17.3722,1030.2710,282.7484,55.9453,6993.1641,0,0,0.0000,0.0000,0.0000,0.0000,0,0.5902,0.4098,1.0000,2.0000,flat,0.1991,0.3600,1.2815,1.3124,0.4880,0.0000,20.8269,2,0.0017,0.0408,0.2596,5,1,54491.1562,7161
42,124,Kyoto_Small,stress,MAPPO,3600,8,126,44,0.3492,0.5714,0.4286,802.8636,267.6212,0.3823,1.0016,334.0476,525.5319,1365.5530,0.8176,19.1303,17.2035,1047.7147,255.2576,63.7063,7963.2935,0,0,0.0000,0.0000,0.0000,0.0000,0,0.6111,0.3889,1.0015,2.0000,flat,0.1786,0.3194,1.2008,1.2061,0.5806,0.0000,60.9370,2,0.0075,0.0195,0.2743,5,2,60084.3320,8027
42,125,Kyoto_Small,stress,FaithfulMAPPER,3600,8,128,42,0.3281,0.4844,0.5156,808.5238,269.5079,0.4050,1.0013,320.9286,495.7727,1397.1692,0.8707,19.5603,17.0822,1052.6248,302.0059,80.1797,10022.4609,0,0,0.0000,0.0000,0.0000,0.0000,0,0.6774,0.3226,1.0029,2.0000,flat,0.1310,0.2474,1.2879,1.2423,0.4844,0.0000,41.4947,2,0.0081,0.0149,0.2394,5,2,58681.1055,10263
42,126,Kyoto_Small,stress,FaithfulMAPPER,3600,8,128,32,0.2500,0.4219,0.5781,846.8438,282.2812,0.3918,1.0001,351.3125,613.9459,1429.7877,0.8140,18.5484,17.1410,1237.1602,280.7607,66.8516,8356.4453,0,0,0.0000,0.0000,0.0000,0.0000,0,0.5926,0.4074,1.0000,2.0000,flat,0.1962,0.3692,1.2613,1.2281,0.4252,0.0000,65.3549,2,0.0006,0.0047,0.2121,4,1,45753.2070,8557
42,127,Kyoto_Small,stress,FaithfulMAPPER,3600,8,110,40,0.3636,0.5273,0.4727,742.4500,247.4833,0.3821,1.0001,291.5898,487.6250,1370.6616,0.9401,19.3324,15.4135,1025.5355,252.5397,61.2636,7657.9546,0,0,0.0000,0.0000,0.0000,0.0000,0,0.6897,0.3103,1.0000,2.0000,flat,0.1542,0.3082,1.3115,1.3033,0.5321,0.0000,17.4574,2,0.0006,0.0062,0.2761,6,2,54826.4648,6739
42,128,Kyoto_Small,stress,FaithfulMAPPER,3600,8,128,39,0.3047,0.3984,0.6016,877.5641,292.5214,0.3999,1.0017,368.2895,508.2927,1502.5166,0.8159,19.5665,17.1798,1094.9917,341.5472,50.0859,6260.7422,0,0,0.0000,0.0000,0.0000,0.0000,0,0.7647,0.2353,1.0000,2.0000,flat,0.1535,0.2834,1.2684,1.3171,0.4180,0.0000,67.7861,2,0.0019,0.0408,0.2401,5,2,58598.1484,6411
42,129,Kyoto_Small,stress,FaithfulMAPPER,3600,8,126,41,0.3254,0.4921,0.5079,895.0732,298.3577,0.4028,1.0002,348.9000,558.8095,1421.4434,0.8148,19.0760,17.0837,1104.1469,257.2687,69.6984,8712.3018,0,0,0.0000,0.0000,0.0000,0.0000,0,0.6613,0.3387,1.0000,2.0000,flat,0.1280,0.2523,1.1209,1.2827,0.5000,0.0000,64.6113,2,0.0011,0.0067,0.2512,5,2,58279.1758,8782
42,130,Kyoto_Small,stress,TamAlwaysAccept,3600,8,128,38,0.2969,0.4375,0.5625,851.7105,283.9035,0.3969,1.0001,352.9474,494.4546,1312.7081,0.7439,19.4750,17.4978,1026.7030,328.5077,64.2969,8037.1094,0,0,0.0000,0.0000,0.0000,0.0000,0,0.6786,0.3214,1.0000,2.0000,flat,0.1535,0.2834,1.2616,1.2666,0.4375,0.0000,90.4057,2,0.0006,0.0065,0.2437,5,2,49882.9102,8230
42,131,Kyoto_Small,stress,TamAlwaysAccept,3600,8,128,40,0.3125,0.4141,0.5859,794.5250,264.8417,0.4376,1.0004,382.7250,470.6364,1495.2703,0.7814,18.0982,16.9907,1178.0100,309.2355,56.0859,7010.7422,0,0,0.0000,0.0000,0.0000,0.0000,0,0.7547,0.2453,1.0000,2.0000,flat,0.1958,0.3536,1.2025,1.2701,0.4141,0.0000,83.6710,2,0.0017,0.0089,0.2452,5,1,59810.8086,7179
42,132,Kyoto_Small,stress,TamAlwaysAccept,3600,8,110,43,0.3909,0.4727,0.5273,743.3256,247.7752,0.3883,1.0000,353.5814,394.5208,1375.4958,0.7780,19.5421,16.4438,1035.2213,295.9747,62.8818,7860.2271,0,0,0.0000,0.0000,0.0000,0.0000,0,0.8269,0.1731,1.0000,2.0000,flat,0.1919,0.4180,1.2639,1.3468,0.4727,0.0000,78.4822,1,0.0000,0.0000,0.2698,8,2,59146.3203,6917
42,133,Kyoto_Small,stress,TamAlwaysAccept,3600,8,128,37,0.2891,0.3984,0.6016,819.7568,273.2523,0.3809,1.0019,343.4595,490.4773,1444.3885,0.8411,19.5430,17.2588,1097.2096,323.3918,69.5547,8694.3359,0,0,0.0000,0.0000,0.0000,0.0000,0,0.7255,0.2745,1.0000,2.0000,flat,0.1059,0.2076,1.2111,1.3550,0.3984,0.0000,54.5818,2,0.0033,0.0412,0.2483,4,2,53442.3750,8903
42,134,Kyoto_Small,stress,TamAlwaysAccept,3600,8,126,41,0.3254,0.4603,0.5397,734.5122,244.8374,0.4301,1.0000,317.4634,462.5532,1396.3776,0.8797,18.9893,17.4418,1123.4080,258.6998,120.1746,15021.8252,0,0,0.0000,0.0000,0.0000,0.0000,0,0.7069,0.2931,1.0000,2.0000,flat,0.1890,0.3475,1.2069,1.1998,0.4603,0.0000,38.1879,1,0.0000,0.0000,0.2635,6,2,57251.4766,15142
42,135,Kyoto_Small,stress,CongestionAware,3600,8,128,39,0.3047,1.0000,0.0000,884.8461,294.9487,0.4343,1.0003,188.7059,650.8621,977.8389,1.0000,19.7537,18.1549,799.6271,171.2587,290.7500,36343.7500,0,0,0.0000,0.0000,0.0000,0.0000,0,0.3047,0.6953,1.0000,2.0000,flat,0.2839,0.5531,1.2644,0.0000,1.0000,0.0000,0.0000,2,0.0014,0.0072,0.4319,9,0,38135.7188,37216
42,136,Kyoto_Small,stress,CongestionAware,3600,8,128,48,0.3750,1.0000,0.0000,1102.7084,367.5695,0.4262,1.0001,243.7000,891.7941,1039.3904,0.8530,19.5607,17.7516,839.4874,166.2143,130.4297,16303.7109,0,0,0.0000,0.0000,0.0000,0.0000,0,0.3750,0.6250,1.0000,2.0000,flat,0.1603,0.2935,1.2421,0.0000,1.0000,0.0000,35.8219,2,0.0008,0.0048,0.4640,13,6,49890.7383,16695
42,137,Kyoto_Small,stress,CongestionAware,3600,8,110,37,0.3364,1.0000,0.0000,735.7568,245.2523,0.4461,1.0003,266.6552,470.8148,1039.6064,0.7797,20.1420,18.0842,792.4923,189.7080,140.5546,17569.3184,0,0,0.0000,0.0000,0.0000,0.0000,0,0.3364,0.6636,1.0018,2.0000,flat,0.2788,0.5125,1.3076,0.0000,1.0000,0.0000,58.7339,2,0.0019,0.0076,0.3980,11,1,38465.4375,15461
42,138,Kyoto_Small,stress,CongestionAware,3600,8,128,45,0.3516,1.0000,0.0000,662.2667,220.7556,0.4216,1.0006,195.6000,491.6562,883.9443,0.9038,19.9105,18.1277,730.7985,164.3711,218.3047,27288.0859,0,0,0.0000,0.0000,0.0000,0.0000,0,0.3516,0.6484,1.0000,2.0000,flat,0.4667,0.8352,1.2977,0.0000,1.0000,0.0000,18.8112,2,0.0025,0.0128,0.4676,16,0,39777.4922,27943
42,139,Kyoto_Small,stress,CongestionAware,3600,8,126,42,0.3333,1.0000,0.0000,872.0476,290.6825,0.4430,1.0004,217.9722,606.5455,1059.0942,0.9718,19.7259,17.9326,840.4702,172.6555,160.9286,20116.0723,0,0,0.0000,0.0000,0.0000,0.0000,0,0.3333,0.6667,1.0000,2.0000,flat,0.4000,0.7699,1.2031,0.0000,1.0000,0.0000,6.1534,2,0.0022,0.0084,0.4003,18,0,44481.9609,20277
42,140,Kyoto_Small,stress,TrafficFlow,3600,8,128,42,0.3281,1.0000,0.0000,951.7857,317.2619,0.4246,1.0002,177.0256,759.6389,913.9997,1.0000,19.7537,18.1549,799.6271,171.2587,169.5703,21196.2891,0,0,0.0000,0.0000,0.0000,0.0000,0,0.3281,0.6719,1.0000,2.0000,flat,0.2811,0.5446,1.2644,0.0000,1.0000,0.0000,0.0000,2,0.0017,0.0061,0.4556,11,0,38387.9883,21705
42,141,Kyoto_Small,stress,TrafficFlow,3600,8,128,40,0.3125,1.0000,0.0000,1137.1750,379.0583,0.4310,1.0003,233.2188,836.0357,1143.9744,0.9810,19.5607,17.7516,839.4874,166.2143,173.2266,21653.3203,0,0,0.0000,0.0000,0.0000,0.0000,0,0.3125,0.6875,1.0000,2.0000,flat,0.2588,0.4594,1.2421,0.0000,1.0000,0.0000,4.4239,2,0.0017,0.0072,0.4869,11,2,45758.9727,22173
42,142,Kyoto_Small,stress,TrafficFlow,3600,8,110,40,0.3636,1.0000,0.0000,841.8000,280.6000,0.4338,1.0005,229.1935,584.1154,980.1102,0.8553,20.1420,18.0842,792.4923,189.7080,88.3273,11040.9092,0,0,0.0000,0.0000,0.0000,0.0000,0,0.3636,0.6364,1.0000,2.0000,flat,0.2545,0.4753,1.3076,0.0000,1.0000,0.0000,33.1715,2,0.0031,0.0094,0.4101,10,1,39204.4062,9716
42,143,Kyoto_Small,stress,TrafficFlow,3600,8,128,30,0.2344,1.0000,0.0000,915.4333,305.1444,0.4314,1.0018,201.2593,835.1852,1081.7495,1.0000,19.9105,18.1277,730.7985,164.3711,218.6953,27336.9141,0,0,0.0000,0.0000,0.0000,0.0000,0,0.2344,0.7656,1.0000,2.0000,flat,0.3429,0.6145,1.2977,0.0000,1.0000,0.0000,0.0000,2,0.0047,0.0332,0.3821,10,0,32452.4844,27993
42,144,Kyoto_Small,stress,TrafficFlow,3600,8,126,39,0.3095,1.0000,0.0000,700.8718,233.6239,0.4138,1.0002,224.8286,445.0909,1083.1727,0.9636,19.7259,17.9326,840.4702,172.6555,117.4444,14680.5557,0,0,0.0000,0.0000,0.0000,0.0000,0,0.3095,0.6905,1.0000,2.0000,flat,0.1500,0.2726,1.2031,0.0000,1.0000,0.0000,8.1940,2,0.0011,0.0080,0.4257,12,6,42243.7344,14798
42,145,Kyoto_Small,stress,TokenPassing,3600,8,128,35,0.2734,1.0000,0.0000,935.8000,311.9333,0.4085,1.0002,230.3929,849.0870,1034.7771,0.8983,19.7537,18.1549,799.6271,171.2587,140.6484,17581.0547,0,0,0.0000,0.0000,0.0000,0.0000,0,0.2734,0.7266,1.0000,2.0000,flat,0.2321,0.4403,1.2644,0.0000,1.0000,0.0000,23.4374,2,0.0008,0.0066,0.4054,10,2,36217.1992,18003
42,146,Kyoto_Small,stress,TokenPassing,3600,8,128,36,0.2812,1.0000,0.0000,924.7500,308.2500,0.4009,1.0003,208.7931,770.4445,1369.4025,1.0000,19.5607,17.7516,839.4874,166.2143,234.3594,29294.9219,0,0,0.0000,0.0000,0.0000,0.0000,0,0.2812,0.7188,1.0000,2.0000,flat,0.1742,0.3250,1.2421,0.0000,1.0000,0.0000,0.0000,2,0.0019,0.0076,0.4553,11,4,49298.4883,29998
42,147,Kyoto_Small,stress,TokenPassing,3600,8,110,33,0.3000,1.0000,0.0000,961.4545,320.4848,0.4345,1.0003,277.5333,771.8000,1025.7159,0.7392,20.1420,18.0842,792.4923,189.7080,146.8636,18357.9551,0,0,0.0000,0.0000,0.0000,0.0000,0,0.3000,0.7000,1.0000,2.0000,flat,0.2222,0.5051,1.3076,0.0000,1.0000,0.0000,72.3901,2,0.0014,0.0079,0.4187,7,0,33848.6250,16155
42,148,Kyoto_Small,stress,TokenPassing,3600,8,128,42,0.3281,1.0000,0.0000,815.7619,271.9206,0.4279,1.0015,284.4722,663.7667,894.8278,0.6291,19.9105,18.1277,730.7985,164.3711,165.2812,20660.1562,0,0,0.0000,0.0000,0.0000,0.0000,0,0.3281,0.6719,1.0016,2.0000,flat,0.0985,0.1793,1.2977,0.0000,1.0000,0.0000,105.5067,2,0.0033,0.0327,0.4815,10,6,37582.7656,21156
42,149,Kyoto_Small,stress,TokenPassing,3600,8,126,43,0.3413,1.0000,0.0000,922.7675,307.5891,0.4204,1.0002,290.7143,598.4828,1118.0540,0.7692,19.7259,17.9326,840.4702,172.6555,115.2619,14407.7383,0,0,0.0000,0.0000,0.0000,0.0000,0,0.3413,0.6587,1.0011,2.0000,flat,0.3333,0.5919,1.2031,0.0000,1.0000,0.0000,67.1035,2,0.0014,0.0058,0.4289,13,1,48076.3203,14523
42,150,LosAngeles_Small,stress,MAPPO,3600,8,129,34,0.2636,0.4729,0.5271,1062.9117,354.3039,0.3922,1.0001,402.7812,672.6486,1609.7588,0.7993,23.2800,20.2531,1164.8693,323.4938,201.9690,25246.1250,0,0,0.0000,0.0000,0.0000,0.0000,0,0.5574,0.4426,1.0000,2.0000,flat,0.1422,0.2821,1.2888,1.2779,0.4841,0.0000,80.8295,2,0.0008,0.0038,0.2085,4,1,54731.7969,26054
42,151,LosAngeles_Small,stress,MAPPO,3600,8,125,33,0.2640,0.4960,0.5040,950.0000,316.6667,0.3769,1.0001,418.0938,572.6667,1776.2510,0.8497,24.1360,19.8330,1284.2588,292.4535,184.0960,23012.0000,0,0,0.0000,0.0000,0.0000,0.0000,0,0.5323,0.4677,1.0000,2.0000,flat,0.1927,0.3536,1.1092,1.2175,0.5041,0.0000,62.8436,2,0.0006,0.0056,0.2474,4,1,58616.2852,23012
42,152,LosAngeles_Small,stress,MAPPO,3600,8,135,43,0.3185,0.5259,0.4741,926.5349,308.8450,0.4091,1.0001,326.2683,583.7675,1387.5388,0.8506,23.6956,20.2333,1111.7750,286.4638,143.1704,17896.2969,0,0,0.0000,0.0000,0.0000,0.0000,0,0.6056,0.3944,1.0000,2.0000,flat,0.1105,0.2119,1.2603,1.2718,0.5420,0.0000,48.7605,2,0.0006,0.0026,0.2701,5,2,59664.1680,19328
42,153,LosAngeles_Small,stress,MAPPO,3600,8,148,42,0.2838,0.4595,0.5405,850.8810,283.6270,0.3855,1.0002,362.7180,496.8837,1363.1290,0.7516,21.5128,18.4481,1037.9071,300.4628,97.8987,12237.3311,0,0,0.0000,0.0000,0.0000,0.0000,0,0.6176,0.3824,1.0000,2.0000,flat,0.1524,0.2792,1.2852,1.3196,0.4690,0.0000,90.0922,2,0.0017,0.0056,0.2763,5,2,57251.4180,14489
42,154,LosAngeles_Small,stress,MAPPO,3600,8,124,41,0.3306,0.4597,0.5403,843.9756,421.9878,0.3702,1.0001,333.8462,578.9048,1496.4924,0.8965,22.0241,18.3490,1169.3563,350.7577,115.6936,14461.6934,0,0,0.0000,0.0000,0.0000,0.0000,0,0.7193,0.2807,1.0000,2.0000,flat,0.1792,0.3317,1.2447,1.1869,0.4914,0.0000,34.5477,2,0.0006,0.0039,0.2665,5,2,61356.1914,14346
42,155,LosAngeles_Small,stress,FaithfulMAPPER,3600,8,129,37,0.2868,0.4341,0.5659,898.7568,299.5856,0.3960,1.0000,368.6286,554.0975,1621.2897,0.8796,21.9868,19.5201,1155.2137,308.5793,175.6512,21956.3945,0,0,0.0000,0.0000,0.0000,0.0000,0,0.6607,0.3393,1.0000,2.0000,flat,0.2095,0.4072,1.2678,1.2948,0.4375,0.0000,44.3706,1,0.0000,0.0000,0.2281,6,2,59987.7148,22659
42,156,LosAngeles_Small,stress,FaithfulMAPPER,3600,8,125,36,0.2880,0.4480,0.5520,968.9445,322.9815,0.3970,1.0010,415.2353,550.1892,1797.8319,0.8659,22.5835,19.3089,1274.3589,310.8904,198.4720,24809.0000,0,0,0.0000,0.0000,0.0000,0.0000,0,0.6429,0.3571,1.0024,2.0000,flat,0.2119,0.3823,1.0763,1.2347,0.4480,0.0000,55.6689,2,0.0053,0.0152,0.2333,5,1,64721.9492,24809
42,157,LosAngeles_Small,stress,FaithfulMAPPER,3600,8,135,46,0.3407,0.4889,0.5111,770.3261,256.7754,0.4193,1.0001,315.8667,521.1569,1202.0079,0.7611,23.8416,20.2283,1093.5520,283.5817,180.5111,22563.8887,0,0,0.0000,0.0000,0.0000,0.0000,0,0.6970,0.3030,1.0000,2.0000,flat,0.1051,0.2085,1.2476,1.2831,0.4925,0.0000,75.4651,2,0.0006,0.0033,0.2639,5,2,55292.3672,24369
42,158,LosAngeles_Small,stress,FaithfulMAPPER,3600,8,148,47,0.3176,0.4662,0.5338,703.1702,234.3901,0.3989,1.0008,305.1915,420.6346,1321.4883,0.8660,22.3288,19.1548,1015.9681,299.7126,169.5946,21199.3242,0,0,0.0000,0.0000,0.0000,0.0000,0,0.6812,0.3188,1.0000,2.0000,flat,0.1472,0.2847,1.3142,1.2947,0.4792,0.0000,40.8938,2,0.0031,0.0154,0.2757,6,3,62109.9492,25100
42,159,LosAngeles_Small,stress,FaithfulMAPPER,3600,8,124,40,0.3226,0.4355,0.5645,842.5750,280.8583,0.3836,1.0000,391.5641,477.5581,1580.5956,0.8073,20.5544,17.4225,1139.0349,352.6301,171.8952,21486.8945,0,0,0.0000,0.0000,0.0000,0.0000,0,0.7407,0.2593,1.0013,2.0000,flat,0.1708,0.3082,1.1998,1.2240,0.4390,0.0000,75.4450,2,0.0003,0.0028,0.2499,5,2,63223.8203,21315
42,160,LosAngeles_Small,stress,TamAlwaysAccept,3600,8,129,35,0.2713,0.4109,0.5891,800.6286,266.8762,0.3963,1.0001,369.7143,462.5714,1475.3324,0.7981,22.6357,20.0181,1135.1460,332.1181,185.2326,23154.0703,0,0,0.0000,0.0000,0.0000,0.0000,0,0.6604,0.3396,1.0000,2.0000,flat,0.0738,0.1690,1.2753,1.2885,0.4109,0.0000,74.6478,2,0.0006,0.0044,0.2365,4,2,51636.6328,23895
42,161,LosAngeles_Small,stress,TamAlwaysAccept,3600,8,125,35,0.2800,0.3920,0.6080,852.0286,284.0095,0.3761,1.0002,415.5000,448.4872,1613.1576,0.7765,22.2094,19.3842,1258.0226,348.7220,207.3600,25920.0000,0,0,0.0000,0.0000,0.0000,0.0000,0,0.7143,0.2857,1.0000,2.0000,flat,0.2405,0.4527,1.1273,1.1873,0.3920,0.0000,92.8685,2,0.0008,0.0060,0.2307,6,1,56460.5156,25920
42,162,LosAngeles_Small,stress,TamAlwaysAccept,3600,8,135,46,0.3407,0.4519,0.5481,693.5435,346.7717,0.3546,1.0011,335.7826,363.8039,1328.5222,0.7913,22.4881,19.0289,1044.9252,291.0013,179.8222,22477.7773,0,0,0.0000,0.0000,0.0000,0.0000,0,0.7541,0.2459,1.0014,2.0000,flat,0.1196,0.2341,1.2565,1.2734,0.4519,0.0000,70.0782,2,0.0092,0.0118,0.2837,6,3,61112.0234,24276
42,163,LosAngeles_Small,stress,TamAlwaysAccept,3600,8,148,45,0.3041,0.4189,0.5811,663.5333,221.1778,0.4009,1.0010,311.9778,395.5660,1300.7518,0.8339,21.8331,19.3733,1023.4911,266.0522,155.8378,19479.7305,0,0,0.0000,0.0000,0.0000,0.0000,0,0.7258,0.2742,1.0000,2.0000,flat,0.1648,0.3103,1.3205,1.2918,0.4189,0.0000,51.8274,2,0.0050,0.0141,0.2749,6,2,58533.8359,23064
42,164,LosAngeles_Small,stress,TamAlwaysAccept,3600,8,124,42,0.3387,0.4032,0.5968,777.0000,259.0000,0.3967,1.0000,347.3571,430.3696,1537.2997,0.8851,21.3032,17.4925,1141.6188,374.9584,172.5323,21566.5332,0,0,0.0000,0.0000,0.0000,0.0000,0,0.8400,0.1600,1.0000,2.0000,flat,0.1508,0.2736,1.2262,1.2049,0.4032,0.0000,39.8972,1,0.0000,0.0000,0.2643,5,2,64566.5859,21394
42,165,LosAngeles_Small,stress,CongestionAware,3600,8,129,45,0.3488,1.0000,0.0000,844.0444,281.3481,0.4480,1.0009,197.7805,592.7778,1060.7709,1.0000,23.4000,22.0315,868.2529,208.3362,274.6744,34334.3008,0,0,0.0000,0.0000,0.0000,0.0000,0,0.3488,0.6512,1.0000,2.0000,flat,0.2486,0.4728,1.2831,0.0000,1.0000,0.0000,0.0000,2,0.0053,0.0124,0.4685,11,1,47734.6914,35433
42,166,LosAngeles_Small,stress,CongestionAware,3600,8,125,36,0.2880,1.0000,0.0000,745.6389,248.5463,0.4189,1.0003,203.0968,583.8461,1037.5811,1.0000,24.3266,21.7965,950.2605,201.7419,328.7440,41093.0000,0,0,0.0000,0.0000,0.0000,0.0000,0,0.2880,0.7120,1.0016,2.0000,flat,0.4645,0.9203,1.1638,0.0000,1.0000,0.0000,0.0000,2,0.0014,0.0090,0.3899,17,1,37352.9219,41093
42,167,LosAngeles_Small,stress,CongestionAware,3600,8,135,42,0.3111,1.0000,0.0000,808.5238,269.5079,0.4371,1.0002,312.2059,626.9615,1022.0738,0.6547,24.1084,22.4875,817.3375,176.6603,243.0222,30377.7773,0,0,0.0000,0.0000,0.0000,0.0000,0,0.3111,0.6889,1.0021,2.0000,flat,0.3152,0.5718,1.2658,0.0000,1.0000,0.0000,107.7911,2,0.0014,0.0070,0.3853,12,2,42927.0977,32808
42,168,LosAngeles_Small,stress,CongestionAware,3600,8,148,40,0.2703,1.0000,0.0000,713.7250,237.9083,0.4478,1.0003,294.3824,526.8929,851.9520,0.5788,23.3269,22.0276,769.9100,203.4088,444.2297,55528.7148,0,0,0.0000,0.0000,0.0000,0.0000,0,0.2703,0.7297,1.0011,2.0000,flat,0.3600,0.6583,1.3038,0.0000,1.0000,0.0000,123.9920,2,0.0019,0.0080,0.3899,12,0,34078.0781,65746
42,169,LosAngeles_Small,stress,CongestionAware,3600,8,124,32,0.2581,1.0000,0.0000,990.4062,330.1354,0.4207,1.0002,195.1154,809.0741,1058.1519,1.0000,22.8191,21.6520,814.4276,216.0177,351.5403,43942.5391,0,0,0.0000,0.0000,0.0000,0.0000,0,0.2581,0.7419,1.0000,2.0000,flat,0.2933,0.5375,1.2135,0.0000,1.0000,0.0000,0.0000,2,0.0011,0.0062,0.4407,10,1,33860.8594,43591
42,170,LosAngeles_Small,stress,TrafficFlow,3600,8,129,41,0.3178,1.0000,0.0000,1047.2927,349.0976,0.4295,1.0002,216.3636,789.8519,1192.7623,1.0000,23.4000,22.0315,868.2529,208.3362,267.5349,33441.8594,0,0,0.0000,0.0000,0.0000,0.0000,0,0.3178,0.6822,1.0000,2.0000,flat,0.1929,0.3557,1.2831,0.0000,1.0000,0.0000,0.0000,2,0.0008,0.0063,0.4664,12,4,48903.2578,34512
42,171,LosAngeles_Small,stress,TrafficFlow,3600,8,125,46,0.3680,1.0000,0.0000,713.2826,237.7609,0.4410,1.0006,272.4737,482.0882,1167.9929,0.8573,24.3266,21.7965,950.2605,201.7419,184.6560,23082.0000,0,0,0.0000,0.0000,0.0000,0.0000,0,0.3680,0.6320,1.0010,2.0000,flat,0.2500,0.4873,1.1638,0.0000,1.0000,0.0000,38.8751,2,0.0033,0.0102,0.4263,13,1,53727.6719,23082
42,172,LosAngeles_Small,stress,TrafficFlow,3600,8,135,43,0.3185,1.0000,0.0000,988.8837,329.6279,0.4189,1.0012,197.5405,813.6875,1081.6261,1.0000,24.1084,22.4875,817.3375,176.6603,422.1555,52769.4453,0,0,0.0000,0.0000,0.0000,0.0000,0,0.3185,0.6815,1.0000,2.0000,flat,0.3886,0.6999,1.2658,0.0000,1.0000,0.0000,0.0000,3,0.0078,0.0150,0.4270,15,1,46509.9219,56991
42,173,LosAngeles_Small,stress,TrafficFlow,3600,8,148,43,0.2905,1.0000,0.0000,636.0930,212.0310,0.4495,1.0004,208.0556,480.7419,859.1138,0.8259,23.3269,22.0276,769.9100,203.4088,261.4324,32679.0547,0,0,0.0000,0.0000,0.0000,0.0000,0,0.2905,0.7095,1.0000,2.0000,flat,0.3222,0.5919,1.3038,0.0000,1.0000,0.0000,36.2328,2,0.0025,0.0094,0.3928,14,1,36941.8906,38692
42,174,LosAngeles_Small,stress,TrafficFlow,3600,8,124,39,0.3145,1.0000,0.0000,803.0769,267.6923,0.4372,1.0004,170.9167,632.4243,930.5452,1.0000,22.8191,21.6520,814.4276,216.0177,440.0403,55005.0391,0,0,0.0000,0.0000,0.0000,0.0000,0,0.3145,0.6855,1.0000,2.0000,flat,0.3000,0.5443,1.2135,0.0000,1.0000,0.0000,0.0000,2,0.0019,0.0098,0.4670,13,1,36291.2656,54565
42,175,LosAngeles_Small,stress,TokenPassing,3600,8,129,45,0.3488,1.0000,0.0000,800.4445,266.8148,0.4484,1.0003,231.1892,572.0690,1165.2075,1.0000,23.4000,22.0315,868.2529,208.3362,116.4496,14556.2012,0,0,0.0000,0.0000,0.0000,0.0000,0,0.3488,0.6512,1.0013,2.0000,flat,0.3529,0.6403,1.2831,0.0000,1.0000,0.0000,0.0000,2,0.0019,0.0079,0.4220,12,0,52434.3398,15022
42,176,LosAngeles_Small,stress,TokenPassing,3600,8,125,37,0.2960,1.0000,0.0000,669.6216,223.2072,0.4335,1.0002,249.4545,484.7667,1131.7021,0.9073,24.3266,21.7965,950.2605,201.7419,227.1440,28393.0000,0,0,0.0000,0.0000,0.0000,0.0000,0,0.2960,0.7040,1.0000,2.0000,flat,0.3613,0.6949,1.1638,0.0000,1.0000,0.0000,23.1141,2,0.0014,0.0068,0.3974,14,1,41872.9805,28393
42,177,LosAngeles_Small,stress,TokenPassing,3600,8,135,40,0.2963,1.0000,0.0000,633.2250,211.0750,0.4226,1.0003,192.6572,463.2812,1033.0009,1.0000,24.1084,22.4875,817.3375,176.6603,219.1111,27388.8887,0,0,0.0000,0.0000,0.0000,0.0000,0,0.2963,0.7037,1.0000,2.0000,flat,0.3086,0.5642,1.2658,0.0000,1.0000,0.0000,0.0000,2,0.0017,0.0073,0.4750,11,1,41320.0352,29580
42,178,LosAngeles_Small,stress,TokenPassing,3600,8,148,36,0.2432,1.0000,0.0000,867.2500,289.0833,0.4256,1.0003,325.7097,571.4074,934.2376,0.5737,23.3269,22.0276,769.9100,203.4088,412.4527,51556.5859,0,0,0.0000,0.0000,0.0000,0.0000,0,0.2432,0.7568,1.0014,2.0000,flat,0.3172,0.5708,1.3038,0.0000,1.0000,0.0000,138.8622,2,0.0017,0.0074,0.4535,10,1,33632.5547,61043
42,179,LosAngeles_Small,stress,TokenPassing,3600,8,124,37,0.2984,1.0000,0.0000,849.3514,283.1171,0.4457,1.0002,272.7143,540.8965,1234.8550,0.9056,22.8191,21.6520,814.4276,216.0177,196.9032,24612.9023,0,0,0.0000,0.0000,0.0000,0.0000,0,0.2984,0.7016,1.0000,2.0000,flat,0.3484,0.6238,1.2135,0.0000,1.0000,0.0000,25.7433,2,0.0011,0.0065,0.4097,11,1,45689.6367,24416
42,180,Tokyo_Large,generalize,MAPPO,3600,15,58,7,0.1207,0.4138,0.5862,1827.1428,456.7857,0.3189,1.0000,791.3333,1245.5000,3409.8271,0.8618,326.2101,249.8969,2257.3298,1888.9432,2277.8794,151858.6250,0,0,0.0000,0.0000,0.0000,0.0000,0,0.2917,0.7083,1.0000,8.0000,flat,0.3571,0.7693,1.1842,1.2911,0.4528,0.0000,109.3679,2,0.0003,0.0017,0.1113,3,0,23868.7910,132117
42,181,Tokyo_Large,generalize,MAPPO,3600,15,45,4,0.0889,0.2444,0.7556,1874.2500,624.7500,0.2608,1.0000,1007.5000,1058.0000,4737.6816,0.9405,495.7671,270.8090,3176.0979,2802.7354,1903.2444,126882.9609,0,0,0.0000,0.0000,0.0000,0.0000,0,0.3636,0.6364,1.0000,8.0000,flat,0.6429,1.2748,1.5126,1.2725,0.2619,0.0000,59.9637,1,0.0000,0.0000,0.1129,2,0,18950.7266,85646
42,182,Tokyo_Large,generalize,MAPPO,3600,15,52,10,0.1923,0.5385,0.4615,1787.4000,297.9000,0.4536,1.0000,701.4000,1255.3077,3345.8972,0.9541,672.0765,532.0457,2949.0298,2832.0178,2006.3077,133753.8438,0,0,0.0000,0.0000,0.0000,0.0000,0,0.3571,0.6429,1.0000,8.0000,flat,0.4333,0.8246,1.2262,1.3242,0.5957,0.0000,32.2206,1,0.0000,0.0000,0.1464,2,0,33458.9727,104328
42,183,Tokyo_Large,generalize,MAPPO,3600,15,67,14,0.2090,0.4478,0.5522,1545.6428,220.8061,0.4893,1.0000,753.5455,990.7143,3394.5190,0.9009,573.3143,334.6043,2593.1555,1845.1272,1324.3582,88290.5469,0,0,0.0000,0.0000,0.0000,0.0000,0,0.4667,0.5333,1.0000,8.0000,flat,0.3452,0.6851,1.2271,1.2207,0.4839,0.0000,74.6417,2,0.0003,0.0017,0.1375,3,0,47523.2656,88732
42,184,Tokyo_Large,generalize,MAPPO,3600,15,64,14,0.2188,0.5000,0.5000,1826.3572,228.2946,0.5685,1.0000,786.7500,1296.6250,3868.8208,0.9835,545.9662,463.0412,3068.7375,2342.9617,1261.6250,84108.3359,0,0,0.0000,0.0000,0.0000,0.0000,0,0.4375,0.5625,1.0000,8.0000,flat,0.5546,1.0400,1.1557,1.3009,0.5614,0.0000,12.9858,1,0.0000,0.0000,0.1146,2,0,54163.4922,80744
42,185,Tokyo_Large,generalize,FaithfulMAPPER,3600,15,58,11,0.1897,0.3793,0.6207,1826.4546,260.9221,0.5030,1.0000,716.0909,1157.3846,3195.7339,0.8925,617.9714,439.3454,3128.7073,2875.4299,1628.5690,108571.2656,0,0,0.0000,0.0000,0.0000,0.0000,0,0.5000,0.5000,1.0000,8.0000,flat,0.4500,0.9045,1.2290,1.2578,0.3793,0.0000,76.9441,1,0.0000,0.0000,0.0836,1,0,35153.0742,94457
42,186,Tokyo_Large,generalize,FaithfulMAPPER,3600,15,45,10,0.2222,0.4667,0.5333,1547.8000,257.9667,0.4491,1.0000,730.2000,1060.6428,3164.9998,0.8669,568.2442,435.6832,2724.0698,2625.7327,1360.6444,90709.6328,0,0,0.0000,0.0000,0.0000,0.0000,0,0.4762,0.5238,1.0000,8.0000,flat,0.5176,1.0198,1.3855,1.2837,0.4667,0.0000,97.2001,1,0.0000,0.0000,0.1068,2,0,31649.9980,61229
42,187,Tokyo_Large,generalize,FaithfulMAPPER,3600,15,52,14,0.2692,0.5000,0.5000,1576.0714,225.1531,0.4895,1.0000,785.7143,1203.7000,3453.1353,0.8790,651.0759,510.8521,3107.4133,2624.3401,1464.8654,97657.6953,0,0,0.0000,0.0000,0.0000,0.0000,0,0.5385,0.4615,1.0000,8.0000,flat,0.4714,0.9147,1.2710,1.2719,0.5000,0.0000,95.0872,1,0.0000,0.0000,0.1013,2,0,48343.8945,76173
42,188,Tokyo_Large,generalize,FaithfulMAPPER,3600,15,67,17,0.2537,0.4776,0.5224,1974.3529,246.7941,0.5529,1.0000,922.3125,1256.4783,4419.9775,0.9585,677.0430,466.4788,3229.0198,2610.5374,1490.2985,99353.2344,0,0,0.0000,0.0000,0.0000,0.0000,0,0.5312,0.4688,1.0000,8.0000,flat,0.2441,0.5611,1.2269,1.2205,0.4923,0.0000,38.3170,1,0.0000,0.0000,0.1075,2,0,75139.6172,99850
42,189,Tokyo_Large,generalize,FaithfulMAPPER,3600,15,64,23,0.3594,0.6250,0.3750,1717.7391,190.8599,0.6008,1.0000,700.6190,1314.1482,3580.4102,1.0000,704.2569,558.3301,3191.9917,1994.2944,1890.9531,126063.5391,0,0,0.0000,0.0000,0.0000,0.0000,0,0.5750,0.4250,1.0000,8.0000,flat,0.3281,0.6524,1.2312,1.2234,0.6250,0.0000,0.0000,1,0.0000,0.0000,0.1152,2,0,82349.4297,121021
42,190,Tokyo_Large,generalize,TamAlwaysAccept,3600,15,58,13,0.2241,0.4655,0.5345,1464.6154,244.1026,0.4554,1.0000,705.0000,1049.5000,3062.8274,0.8689,553.2658,409.5224,3029.1313,2376.8706,1397.0690,93137.9297,0,0,0.0000,0.0000,0.0000,0.0000,0,0.4815,0.5185,1.0000,8.0000,flat,0.5629,1.1014,1.2655,1.2307,0.4655,0.0000,92.4345,1,0.0000,0.0000,0.1046,2,0,39816.7539,81030
42,191,Tokyo_Large,generalize,TamAlwaysAccept,3600,15,45,18,0.4000,0.6000,0.4000,1486.8889,247.8148,0.4151,1.0000,707.8889,927.1364,3190.6560,0.9015,622.7435,465.3672,2455.0327,2377.3630,853.6000,56906.6680,0,0,0.0000,0.0000,0.0000,0.0000,0,0.6667,0.3333,1.0000,8.0000,flat,0.2677,0.5984,1.3851,1.2503,0.6000,0.0000,69.7577,1,0.0000,0.0000,0.1240,2,0,57431.8086,38412
42,192,Tokyo_Large,generalize,TamAlwaysAccept,3600,15,52,20,0.3846,0.5577,0.4423,1659.8500,237.1214,0.4967,1.0000,774.5789,1083.3600,3420.5508,0.8832,651.0759,511.6013,3114.4170,2365.8198,1177.8654,78524.3594,0,0,0.0000,0.0000,0.0000,0.0000,0,0.6897,0.3103,1.0000,8.0000,flat,0.3609,0.7810,1.2772,1.2642,0.5577,0.0000,90.4688,1,0.0000,0.0000,0.1050,3,0,68411.0156,61249
42,193,Tokyo_Large,generalize,TamAlwaysAccept,3600,15,67,22,0.3284,0.5075,0.4925,1784.1364,254.8766,0.5221,1.0000,915.2273,923.7931,4105.1665,0.8971,685.5389,480.1986,3016.6096,2387.8281,1212.6418,80842.7891,0,0,0.0000,0.0000,0.0000,0.0000,0,0.6471,0.3529,1.0000,8.0000,flat,0.2016,0.4853,1.1697,1.2791,0.5075,0.0000,94.1940,1,0.0000,0.0000,0.1112,2,0,90313.6562,81247
42,194,Tokyo_Large,generalize,TamAlwaysAccept,3600,15,64,17,0.2656,0.5000,0.5000,1773.4117,221.6765,0.5724,1.0000,804.5294,1234.0435,3833.9451,0.9531,662.0630,503.3519,3461.5642,2337.3369,1536.9688,102464.5859,0,0,0.0000,0.0000,0.0000,0.0000,0,0.5312,0.4688,1.0000,8.0000,flat,0.4143,0.8193,1.1851,1.2715,0.5000,0.0000,37.7404,1,0.0000,0.0000,0.0900,2,0,65177.0664,98366
42,195,Tokyo_Large,generalize,CongestionAware,3600,15,58,19,0.3276,1.0000,0.0000,1488.2632,248.0439,0.4477,1.0000,486.8000,1147.8235,2473.8843,1.0000,686.8397,538.8223,1973.8093,1460.2596,3992.8103,266187.3750,0,0,0.0000,0.0000,0.0000,0.0000,0,0.3276,0.6724,1.0000,8.0000,flat,0.5455,1.0086,1.2469,0.0000,1.0000,0.0000,0.0000,1,0.0000,0.0000,0.2400,5,0,47003.8008,231583
42,196,Tokyo_Large,generalize,CongestionAware,3600,15,45,19,0.4222,1.0000,0.0000,1588.5264,226.9323,0.5331,1.0000,561.1177,1014.3750,2542.1003,0.9061,646.2506,522.3581,1819.9302,1610.2118,3785.3333,252355.5625,0,0,0.0000,0.0000,0.0000,0.0000,0,0.4222,0.5778,1.0000,8.0000,flat,0.4375,0.8004,1.3312,0.0000,1.0000,0.0000,52.6976,1,0.0000,0.0000,0.1903,3,0,48299.9062,170340
42,197,Tokyo_Large,generalize,CongestionAware,3600,15,52,17,0.3269,1.0000,0.0000,1781.1177,222.6397,0.5865,1.0000,615.0000,1261.3500,2928.6274,0.9524,718.5759,577.9691,2331.2546,1897.2307,3799.3655,253291.0312,0,0,0.0000,0.0000,0.0000,0.0000,0,0.3269,0.6731,1.0000,8.0000,flat,0.3722,0.7394,1.2715,0.0000,1.0000,0.0000,29.2745,2,0.0003,0.0012,0.1875,3,0,49786.6680,197567
42,198,Tokyo_Large,generalize,CongestionAware,3600,15,67,25,0.3731,1.0000,0.0000,1482.6400,164.7378,0.6414,1.0000,483.5789,1074.0435,3005.4971,1.0000,708.4674,538.6162,2012.9728,1314.0564,3542.9553,236197.0156,0,0,0.0000,0.0000,0.0000,0.0000,0,0.3731,0.6269,1.0000,8.0000,flat,0.3944,0.7131,1.2236,0.0000,1.0000,0.0000,0.0000,2,0.0006,0.0018,0.2102,4,0,75137.4297,237378
42,199,Tokyo_Large,generalize,CongestionAware,3600,15,64,23,0.3594,1.0000,0.0000,1424.4783,158.2754,0.6425,1.0000,488.7619,1073.1305,2803.0857,1.0000,709.1215,595.3386,2440.9653,1490.1556,2989.1875,199279.1719,0,0,0.0000,0.0000,0.0000,0.0000,0,0.3594,0.6406,1.0000,8.0000,flat,0.4385,0.7906,1.2283,0.0000,1.0000,0.0000,0.0000,1,0.0000,0.0000,0.2050,4,0,64470.9727,191308
42,200,Tokyo_Large,generalize,TrafficFlow,3600,15,58,27,0.4655,1.0000,0.0000,1402.3334,200.3333,0.5274,1.0001,566.2000,969.6500,2374.3406,0.8387,686.8397,538.8223,1973.8093,1460.2596,2900.3276,193355.1875,0,0,0.0000,0.0000,0.0000,0.0000,0,0.4655,0.5345,1.0000,8.0000,flat,0.4097,0.7360,1.2469,0.0000,1.0000,0.0000,91.3319,2,0.0008,0.0022,0.2211,5,0,64107.1914,168219
42,201,Tokyo_Large,generalize,TrafficFlow,3600,15,45,12,0.2667,1.0000,0.0000,1344.3334,192.0476,0.5329,1.0000,481.6667,1031.2632,2252.9629,0.9355,646.2506,522.3581,1819.9302,1610.2118,3313.6890,220912.5938,0,0,0.0000,0.0000,0.0000,0.0000,0,0.2667,0.7333,1.0000,8.0000,flat,0.3333,0.6667,1.3312,0.0000,1.0000,0.0000,31.0741,1,0.0000,0.0000,0.1812,2,0,27035.5547,149116
42,202,Tokyo_Large,generalize,TrafficFlow,3600,15,52,22,0.4231,1.0000,0.0000,1631.9091,203.9886,0.5872,1.0000,524.6842,1060.7142,2609.2200,0.9946,718.5759,577.9691,2331.2546,1897.2307,3039.5193,202634.6250,0,0,0.0000,0.0000,0.0000,0.0000,0,0.4231,0.5769,1.0000,8.0000,flat,0.1978,0.3869,1.2715,0.0000,1.0000,0.0000,2.8402,1,0.0000,0.0000,0.2021,3,1,57402.8398,158055
42,203,Tokyo_Large,generalize,TrafficFlow,3600,15,67,25,0.3731,1.0000,0.0000,1384.4000,153.8222,0.6379,1.0000,386.3684,1038.0834,3038.4854,1.0000,708.4674,538.6162,2012.9728,1314.0564,3037.4478,202496.5156,0,0,0.0000,0.0000,0.0000,0.0000,0,0.3731,0.6269,1.0000,8.0000,flat,0.3214,0.6009,1.2236,0.0000,1.0000,0.0000,0.0000,1,0.0000,0.0000,0.2101,4,0,75962.1328,203509
42,204,Tokyo_Large,generalize,TrafficFlow,3600,15,64,25,0.3906,1.0000,0.0000,1413.6000,141.3600,0.6774,1.0000,447.1667,1120.3846,2709.3230,1.0000,709.1215,595.3386,2440.9653,1490.1556,2886.8906,192459.3594,0,0,0.0000,0.0000,0.0000,0.0000,0,0.3906,0.6094,1.0000,8.0000,flat,0.3880,0.7064,1.2283,0.0000,1.0000,0.0000,0.0000,2,0.0003,0.0017,0.2085,4,0,67733.0781,184761
42,205,Tokyo_Large,generalize,TokenPassing,3600,15,58,22,0.3793,1.0000,0.0000,1413.0454,201.8636,0.4972,1.0001,484.1500,1093.1818,2094.5117,0.8652,686.8397,538.8223,1973.8093,1460.2596,2794.8276,186321.8438,0,0,0.0000,0.0000,0.0000,0.0000,0,0.3793,0.6207,1.0000,8.0000,flat,0.4087,0.7423,1.2469,0.0000,1.0000,0.0000,65.2477,2,0.0008,0.0028,0.2079,4,0,46079.2578,162100
42,206,Tokyo_Large,generalize,TokenPassing,3600,15,45,17,0.3778,1.0000,0.0000,1477.1177,211.0168,0.4860,1.0000,622.0625,924.1053,2461.2788,0.7913,646.2506,522.3581,1819.9302,1610.2118,3162.3555,210823.7031,0,0,0.0000,0.0000,0.0000,0.0000,0,0.3778,0.6222,1.0000,8.0000,flat,0.3462,0.6495,1.3312,0.0000,1.0000,0.0000,129.8067,2,0.0003,0.0014,0.2017,2,0,41841.7422,142306
42,207,Tokyo_Large,generalize,TokenPassing,3600,15,52,19,0.3654,1.0000,0.0000,1465.7894,183.2237,0.5477,1.0000,453.1250,1117.1578,2866.5505,1.0000,718.5759,577.9691,2331.2546,1897.2307,3140.3462,209356.4062,0,0,0.0000,0.0000,0.0000,0.0000,0,0.3654,0.6346,1.0000,8.0000,flat,0.3563,0.6903,1.2715,0.0000,1.0000,0.0000,0.0000,1,0.0000,0.0000,0.1956,4,0,54464.4570,163298
42,208,Tokyo_Large,generalize,TokenPassing,3600,15,67,24,0.3582,1.0000,0.0000,1650.6666,183.4074,0.6034,1.0000,461.7778,1305.1250,2702.7375,1.0000,708.4674,538.6162,2012.9728,1314.0564,3380.2537,225350.2344,0,0,0.0000,0.0000,0.0000,0.0000,0,0.3582,0.6418,1.0000,8.0000,flat,0.4048,0.7454,1.2236,0.0000,1.0000,0.0000,0.0000,2,0.0003,0.0013,0.2109,4,0,64865.6992,226477
42,209,Tokyo_Large,generalize,TokenPassing,3600,15,64,30,0.4688,1.0000,0.0000,1384.0000,153.7778,0.6532,1.0000,496.4000,973.2083,2820.2571,1.0000,709.1215,595.3386,2440.9653,1490.1556,3073.9531,204930.2031,0,0,0.0000,0.0000,0.0000,0.0000,0,0.4688,0.5312,1.0000,8.0000,flat,0.3187,0.5714,1.2283,0.0000,1.0000,0.0000,0.0000,2,0.0003,0.0011,0.2162,4,0,84607.7109,196733
42,210,NewYork,generalize,MAPPO,3600,15,58,9,0.1552,0.5000,0.5000,1971.4445,328.5741,0.4466,1.0000,913.1429,1412.7500,4410.3604,0.9660,517.9389,304.2199,2837.7161,1482.0347,1213.8793,80925.2891,0,0,0.0000,0.0000,0.0000,0.0000,0,0.3103,0.6897,1.0000,8.0000,flat,0.5000,0.9354,1.3141,1.3267,0.5370,0.0000,31.0708,1,0.0000,0.0000,0.1327,2,0,39693.2461,70405
42,211,NewYork,generalize,MAPPO,3600,15,58,15,0.2586,0.4655,0.5345,1676.8000,279.4667,0.4013,1.0000,842.4286,1146.9333,3390.9741,0.8050,373.9907,247.9810,2494.2927,1232.3159,839.5690,55971.2656,0,0,0.0000,0.0000,0.0000,0.0000,0,0.5556,0.4444,1.0000,8.0000,flat,0.3590,0.7378,1.2695,1.2786,0.5192,0.0000,164.2338,2,0.0003,0.0017,0.1809,4,0,50864.6094,48695
42,212,NewYork,generalize,MAPPO,3600,15,60,16,0.2667,0.6000,0.4000,1721.1875,286.8646,0.4506,1.0000,741.9286,1130.8000,3678.3181,0.9916,575.6802,404.7816,2585.6917,1855.7185,850.2500,56683.3320,0,0,0.0000,0.0000,0.0000,0.0000,0,0.4444,0.5556,1.0000,8.0000,flat,0.5204,1.0000,1.0180,1.3262,0.6545,0.0000,6.2650,1,0.0000,0.0000,0.1551,3,0,58853.0898,51015
42,213,NewYork,generalize,MAPPO,3600,15,57,21,0.3684,0.6491,0.3509,1405.8096,234.3016,0.4223,1.0000,598.6111,847.9048,3203.6211,1.0000,582.1075,444.8855,2346.1023,1696.6040,780.7018,52046.7852,0,0,0.0000,0.0000,0.0000,0.0000,0,0.5676,0.4324,1.0000,8.0000,flat,0.3421,0.6519,1.2160,1.3614,0.7400,0.0000,0.0000,1,0.0000,0.0000,0.1770,2,0,67276.0391,44500
42,214,NewYork,generalize,MAPPO,3600,15,66,19,0.2879,0.6212,0.3788,1253.1578,208.8596,0.4169,1.0000,604.7059,837.3000,2564.7107,0.8483,480.0803,354.7882,2472.3787,1521.7151,732.6212,48841.4141,0,0,0.0000,0.0000,0.0000,0.0000,0,0.4634,0.5366,1.0000,8.0000,flat,0.2899,0.5549,1.2198,1.3705,0.6949,0.0000,91.7637,1,0.0000,0.0000,0.1999,2,0,48729.5039,48353
42,215,NewYork,generalize,FaithfulMAPPER,3600,15,58,15,0.2586,0.5345,0.4655,1848.6666,205.4074,0.6307,1.0000,790.5714,1348.6818,3637.6257,0.9203,498.5732,359.8812,3053.8767,2008.0834,1282.7413,85516.0938,0,0,0.0000,0.0000,0.0000,0.0000,0,0.4839,0.5161,1.0000,8.0000,flat,0.5033,1.0220,1.3407,1.2971,0.5439,0.0000,63.0463,1,0.0000,0.0000,0.0984,3,0,54564.3867,74399
42,216,NewYork,generalize,FaithfulMAPPER,3600,15,58,14,0.2414,0.4655,0.5345,1860.0000,232.5000,0.5905,1.0000,990.4286,1194.2858,4413.3506,0.8912,405.5978,296.3518,3158.2617,1734.8582,992.2931,66152.8750,0,0,0.0000,0.0000,0.0000,0.0000,0,0.5185,0.4815,1.0000,8.0000,flat,0.2222,0.5345,1.2809,1.2686,0.4655,0.0000,107.7585,1,0.0000,0.0000,0.1065,1,0,61786.9102,57553
42,217,NewYork,generalize,FaithfulMAPPER,3600,15,60,15,0.2500,0.5000,0.5000,1771.2000,221.4000,0.5504,1.0000,900.6429,1216.5652,4078.6265,0.9057,565.3915,436.0683,3154.5112,2201.7000,1009.9833,67332.2188,0,0,0.0000,0.0000,0.0000,0.0000,0,0.5000,0.5000,1.0000,8.0000,flat,0.4233,0.8300,1.0302,1.2524,0.5085,0.0000,84.9176,1,0.0000,0.0000,0.1096,2,0,61179.3984,60599
42,218,NewYork,generalize,FaithfulMAPPER,3600,15,57,15,0.2632,0.5614,0.4386,1693.8667,282.3111,0.4478,1.0000,947.4667,997.9524,4191.7246,0.8848,592.6888,435.7234,2732.7419,1621.9141,923.9298,61595.3203,0,0,0.0000,0.0000,0.0000,0.0000,0,0.4688,0.5312,1.0000,8.0000,flat,0.2500,0.5774,1.2908,1.2366,0.5818,0.0000,109.1218,1,0.0000,0.0000,0.1192,1,0,62875.8672,52664
42,219,NewYork,generalize,FaithfulMAPPER,3600,15,66,25,0.3788,0.6364,0.3636,1480.7600,185.0950,0.5572,1.0000,725.7727,867.8571,3589.1558,0.9891,498.3009,391.6200,2800.6594,1455.5215,920.6515,61376.7695,0,0,0.0000,0.0000,0.0000,0.0000,0,0.5952,0.4048,1.0000,8.0000,flat,0.3270,0.6597,1.2528,1.3191,0.6364,0.0000,7.9415,1,0.0000,0.0000,0.1448,3,0,89728.8984,60763
42,220,NewYork,generalize,TamAlwaysAccept,3600,15,58,19,0.3276,0.5517,0.4483,1867.7368,233.4671,0.5430,1.0000,823.0000,1111.7307,3575.5457,0.8689,498.5732,360.8337,2965.1934,1908.0421,1224.6897,81645.9766,0,0,0.0000,0.0000,0.0000,0.0000,0,0.5938,0.4062,1.0000,8.0000,flat,0.2225,0.5289,1.2779,1.3727,0.5517,0.0000,107.8909,1,0.0000,0.0000,0.1037,2,0,67935.3672,71032
42,221,NewYork,generalize,TamAlwaysAccept,3600,15,58,21,0.3621,0.5345,0.4655,1505.2858,250.8810,0.4261,1.0000,833.7143,748.2917,3587.6553,0.8606,499.7572,382.6802,2818.0044,1950.4343,831.8965,55459.7695,0,0,0.0000,0.0000,0.0000,0.0000,0,0.6774,0.3226,1.0000,8.0000,flat,0.3892,0.9085,1.2991,1.2459,0.5345,0.0000,116.1832,1,0.0000,0.0000,0.1193,4,0,75340.7578,48250
42,222,NewYork,generalize,TamAlwaysAccept,3600,15,60,22,0.3667,0.5500,0.4500,1626.6818,203.3352,0.5469,1.0000,756.0000,994.9310,3450.6738,0.9129,607.2866,438.1410,2865.7283,1823.8319,903.3834,60225.5547,0,0,0.0000,0.0000,0.0000,0.0000,0,0.6667,0.3333,1.0000,8.0000,flat,0.4071,0.8977,1.0581,1.2429,0.5500,0.0000,65.8652,1,0.0000,0.0000,0.1063,4,0,75914.8203,54203
42,223,NewYork,generalize,TamAlwaysAccept,3600,15,57,17,0.2982,0.5965,0.4035,1489.5883,186.1985,0.5429,1.0000,756.2353,910.0000,3418.3599,0.9040,621.3330,453.1794,2756.2056,1777.8414,955.6667,63711.1094,0,0,0.0000,0.0000,0.0000,0.0000,0,0.5000,0.5000,1.0000,8.0000,flat,0.4859,0.9948,1.3249,1.1815,0.5965,0.0000,72.5633,1,0.0000,0.0000,0.1251,3,0,58112.1172,54473
42,224,NewYork,generalize,TamAlwaysAccept,3600,15,66,19,0.2879,0.5303,0.4697,1594.0526,199.2566,0.5478,1.0000,786.3684,980.6667,3461.9805,0.8805,490.6255,327.4703,3023.5386,1856.7119,1109.7727,73984.8516,0,0,0.0000,0.0000,0.0000,0.0000,0,0.5429,0.4571,1.0000,8.0000,flat,0.3295,0.6822,1.2443,1.3138,0.5303,0.0000,93.9723,1,0.0000,0.0000,0.1142,2,0,65777.6250,73245
42,225,NewYork,generalize,CongestionAware,3600,15,58,20,0.3448,1.0000,0.0000,1776.4500,222.0562,0.5343,1.0000,530.5000,1329.5264,2901.1763,1.0000,612.9407,418.2774,2291.6938,1131.4567,2853.0344,190202.2969,0,0,0.0000,0.0000,0.0000,0.0000,0,0.3448,0.6552,1.0000,8.0000,flat,0.4306,0.7842,1.3204,0.0000,1.0000,0.0000,0.0000,1,0.0000,0.0000,0.1906,4,0,58023.5273,165476
42,226,NewYork,generalize,CongestionAware,3600,15,58,21,0.3621,1.0000,0.0000,1580.5238,197.5655,0.5438,1.0000,523.9500,1072.7500,2511.5254,0.9587,568.8249,425.7215,1960.4812,1373.3269,2291.2415,152749.4219,0,0,0.0000,0.0000,0.0000,0.0000,0,0.3621,0.6379,1.0000,8.0000,flat,0.4498,0.8584,1.2744,0.0000,1.0000,0.0000,21.6449,2,0.0003,0.0014,0.2113,4,0,52742.0352,132892
42,227,NewYork,generalize,CongestionAware,3600,15,60,24,0.4000,1.0000,0.0000,1774.5000,197.1667,0.6131,1.0000,584.2727,1303.0435,3047.8286,1.0000,640.1763,464.5469,2117.1611,1324.8130,2567.7666,171184.4375,0,0,0.0000,0.0000,0.0000,0.0000,0,0.4000,0.6000,1.0000,8.0000,flat,0.3357,0.6298,1.1413,0.0000,1.0000,0.0000,0.0000,2,0.0003,0.0017,0.1791,4,0,73147.8906,154066
42,228,NewYork,generalize,CongestionAware,3600,15,57,21,0.3684,1.0000,0.0000,1614.8572,201.8571,0.5448,1.0001,624.0526,1101.3158,2779.1550,0.8907,625.2173,473.7778,2093.1033,1237.8214,3079.9124,205327.5000,0,0,0.0000,0.0000,0.0000,0.0000,0,0.3684,0.6316,1.0000,8.0000,flat,0.3541,0.6574,1.2670,0.0000,1.0000,0.0000,68.2216,2,0.0008,0.0024,0.1981,4,0,58362.2578,175555
42,229,NewYork,generalize,CongestionAware,3600,15,66,30,0.4545,1.0000,0.0000,1308.8000,163.6000,0.5659,1.0001,446.1852,1016.4800,2509.9661,1.0000,541.1348,419.4258,2062.3535,1224.4281,3099.6819,206645.4688,0,0,0.0000,0.0000,0.0000,0.0000,0,0.4545,0.5455,1.0000,8.0000,flat,0.1987,0.3689,1.2769,0.0000,1.0000,0.0000,0.0000,2,0.0011,0.0029,0.2398,3,1,75298.9844,204579
42,230,NewYork,generalize,TrafficFlow,3600,15,58,26,0.4483,1.0000,0.0000,1553.9231,221.9890,0.5178,1.0000,448.1818,1148.3478,2982.0615,1.0000,612.9407,418.2774,2291.6938,1131.4567,2512.6897,167512.6406,0,0,0.0000,0.0000,0.0000,0.0000,0,0.4483,0.5517,1.0000,8.0000,flat,0.3055,0.5657,1.3204,0.0000,1.0000,0.0000,0.0000,2,0.0003,0.0017,0.2334,5,1,77533.6016,145736
42,231,NewYork,generalize,TrafficFlow,3600,15,58,25,0.4310,1.0000,0.0000,1617.1600,231.0229,0.5008,1.0001,502.4783,1084.6666,2535.0320,1.0000,568.8249,425.7215,1960.4812,1373.3269,2326.7241,155114.9375,0,0,0.0000,0.0000,0.0000,0.0000,0,0.4310,0.5690,1.0000,8.0000,flat,0.4298,0.8528,1.2744,0.0000,1.0000,0.0000,0.0000,2,0.0006,0.0024,0.2211,6,0,63375.8008,134950
42,232,NewYork,generalize,TrafficFlow,3600,15,60,28,0.4667,1.0000,0.0000,1230.0000,136.6667,0.6063,1.0000,446.8000,910.9643,2596.7793,1.0000,640.1763,464.5469,2117.1611,1324.8130,2506.1833,167078.8906,0,0,0.0000,0.0000,0.0000,0.0000,0,0.4667,0.5333,1.0000,8.0000,flat,0.2829,0.6053,1.1413,0.0000,1.0000,0.0000,0.0000,2,0.0003,0.0015,0.2358,5,1,72709.8203,150371
42,233,NewYork,generalize,TrafficFlow,3600,15,57,19,0.3333,1.0000,0.0000,1444.7368,180.5921,0.5448,1.0000,585.3889,947.0500,2803.3560,0.9578,625.2173,473.7778,2093.1033,1237.8214,2407.4036,160493.5625,0,0,0.0000,0.0000,0.0000,0.0000,0,0.3333,0.6667,1.0000,8.0000,flat,0.4559,0.8381,1.2670,0.0000,1.0000,0.0000,24.7177,1,0.0000,0.0000,0.2005,4,0,53263.7617,137222
42,234,NewYork,generalize,TrafficFlow,3600,15,66,26,0.3939,1.0000,0.0000,1422.6538,177.8317,0.5749,1.0001,379.0000,1113.8462,2457.8621,1.0000,541.1348,419.4258,2062.3535,1224.4281,2989.5151,199301.0156,0,0,0.0000,0.0000,0.0000,0.0000,0,0.3939,0.6061,1.0000,8.0000,flat,0.3746,0.6707,1.2769,0.0000,1.0000,0.0000,0.0000,2,0.0017,0.0034,0.2596,4,0,63904.4141,197308
42,235,NewYork,generalize,TokenPassing,3600,15,58,22,0.3793,1.0000,0.0000,1664.6364,208.0795,0.5478,1.0001,456.3684,1325.1578,2917.6943,1.0000,612.9407,418.2774,2291.6938,1131.4567,2439.5862,162639.0781,0,0,0.0000,0.0000,0.0000,0.0000,0,0.3793,0.6207,1.0000,8.0000,flat,0.3545,0.6964,1.3204,0.0000,1.0000,0.0000,0.0000,2,0.0006,0.0022,0.2141,5,0,64189.2773,141496
42,236,NewYork,generalize,TokenPassing,3600,15,58,19,0.3276,1.0000,0.0000,1671.5790,238.7970,0.4683,1.0000,574.7222,1174.7059,2551.1045,0.8878,568.8249,425.7215,1960.4812,1373.3269,2167.5344,144502.2969,0,0,0.0000,0.0000,0.0000,0.0000,0,0.3276,0.6724,1.0000,8.0000,flat,0.3000,0.7500,1.2744,0.0000,1.0000,0.0000,64.5013,1,0.0000,0.0000,0.2264,4,1,48470.9844,125717
42,237,NewYork,generalize,TokenPassing,3600,15,60,28,0.4667,1.0000,0.0000,1290.0358,143.3373,0.6104,1.0000,453.0417,1071.2307,2376.9299,1.0000,640.1763,464.5469,2117.1611,1324.8130,2627.2166,175147.7656,0,0,0.0000,0.0000,0.0000,0.0000,0,0.4667,0.5333,1.0000,8.0000,flat,0.3571,0.7684,1.1413,0.0000,1.0000,0.0000,0.0000,2,0.0003,0.0015,0.2303,6,0,66554.0391,157633
42,238,NewYork,generalize,TokenPassing,3600,15,57,21,0.3684,1.0000,0.0000,1677.9048,209.7381,0.5385,1.0000,640.1053,1027.0476,3035.6130,0.9485,625.2173,473.7778,2093.1033,1237.8214,2477.7720,165184.7812,0,0,0.0000,0.0000,0.0000,0.0000,0,0.3684,0.6316,1.0000,8.0000,flat,0.3529,0.6960,1.2670,0.0000,1.0000,0.0000,32.9827,2,0.0003,0.0017,0.2232,4,0,63747.8750,141233
42,239,NewYork,generalize,TokenPassing,3600,15,66,25,0.3788,1.0000,0.0000,1307.1200,163.3900,0.5541,1.0000,408.9524,1031.5000,2356.9990,1.0000,541.1348,419.4258,2062.3535,1224.4281,2890.3940,192692.9219,0,0,0.0000,0.0000,0.0000,0.0000,0,0.3788,0.6212,1.0000,8.0000,flat,0.3497,0.6298,1.2769,0.0000,1.0000,0.0000,0.0000,1,0.0000,0.0000,0.2527,3,0,58924.9766,190766
42,240,Paris,generalize,MAPPO,3600,12,65,28,0.4308,0.7692,0.2308,1518.7142,216.9592,0.6413,1.0029,564.7083,1059.2693,2960.9146,1.0000,174.9451,145.3253,2265.3223,1069.2771,626.0615,52171.7930,0,0,0.0000,0.0000,0.0000,0.0000,0,0.5600,0.4400,1.0029,4.0000,flat,0.2436,0.4742,1.1703,1.1885,0.8197,0.0000,0.0000,2,0.0189,0.0209,0.1843,3,0,82905.6094,40694
42,241,Paris,generalize,MAPPO,3600,12,88,46,0.5227,0.8864,0.1136,1340.4131,223.4022,0.5591,1.0002,545.5952,875.0889,2376.5574,0.8712,164.4672,133.2710,2088.6467,718.5051,828.0568,69004.7344,0,0,0.0000,0.0000,0.0000,0.0000,0,0.5897,0.4103,1.0000,4.0000,flat,0.2143,0.4041,1.2132,1.2250,0.8966,0.0000,70.2838,2,0.0014,0.0047,0.2054,4,1,109321.6406,72869
42,242,Paris,generalize,MAPPO,3600,12,68,24,0.3529,0.6324,0.3676,1184.1250,296.0312,0.4045,1.0000,519.2727,699.5555,2429.9551,0.9359,176.1857,152.4247,1744.8053,1064.6093,551.4117,45950.9805,0,0,0.0000,0.0000,0.0000,0.0000,0,0.5581,0.4419,1.0000,4.0000,flat,0.2892,0.5465,1.2579,1.2570,0.6825,0.0000,33.2817,2,0.0003,0.0019,0.2098,3,0,58318.9219,37496
42,243,Paris,generalize,MAPPO,3600,12,78,29,0.3718,0.7564,0.2436,1348.9656,269.7931,0.4774,1.0000,590.4643,885.9167,2963.5366,1.0000,184.6199,159.4586,2060.1567,924.3989,857.6025,71466.8828,0,0,0.0000,0.0000,0.0000,0.0000,0,0.4915,0.5085,1.0000,4.0000,flat,0.2222,0.4351,1.3282,1.3028,0.8194,0.0000,0.0000,1,0.0000,0.0000,0.2027,3,1,85942.5625,66893
42,244,Paris,generalize,MAPPO,3600,12,70,32,0.4571,0.7714,0.2286,1038.9062,259.7266,0.3885,1.0000,572.0000,597.5714,2452.5496,0.8575,174.7417,146.7189,1886.6871,888.1978,485.4572,40454.7617,0,0,0.0000,0.0000,0.0000,0.0000,0,0.5926,0.4074,1.0000,4.0000,flat,0.3074,0.6843,1.2482,1.3143,0.8182,0.0000,81.4901,1,0.0000,0.0000,0.2211,6,1,78481.5859,33982
42,245,Paris,generalize,FaithfulMAPPER,3600,12,65,25,0.3846,0.6769,0.3231,1335.7600,190.8229,0.5883,1.0000,566.3043,914.4667,2892.5134,1.0000,165.5427,128.8590,2553.0066,986.7328,923.5385,76961.5391,0,0,0.0000,0.0000,0.0000,0.0000,0,0.5682,0.4318,1.0000,4.0000,flat,0.3388,0.6223,1.1919,1.1379,0.6875,0.0000,0.0000,1,0.0000,0.0000,0.1417,3,0,72312.8359,60030
42,246,Paris,generalize,FaithfulMAPPER,3600,12,88,32,0.3636,0.8409,0.1591,1680.2500,240.0357,0.6242,1.0000,582.1935,1112.6857,2609.6763,0.8965,145.4189,121.3286,2238.1541,702.4006,1262.8636,105238.6328,0,0,0.0000,0.0000,0.0000,0.0000,0,0.4324,0.5676,1.0000,4.0000,flat,0.2275,0.4570,1.2328,1.1184,0.8409,0.0000,60.2583,1,0.0000,0.0000,0.1674,4,1,83509.6406,111132
42,247,Paris,generalize,FaithfulMAPPER,3600,12,68,24,0.3529,0.6029,0.3971,1243.2916,207.2153,0.5345,1.0000,541.5417,798.5862,2562.8835,0.9465,181.3340,157.4955,2131.2488,1073.7356,983.7059,81975.4922,0,0,0.0000,0.0000,0.0000,0.0000,0,0.5854,0.4146,1.0000,4.0000,flat,0.2157,0.4249,1.3404,1.1317,0.6029,0.0000,28.9650,1,0.0000,0.0000,0.1646,2,0,61509.2031,66892
42,248,Paris,generalize,FaithfulMAPPER,3600,12,78,26,0.3333,0.7692,0.2308,1536.3462,256.0577,0.5498,1.0000,609.1600,927.8621,2683.5623,0.8811,184.1996,163.3159,2355.8262,897.7741,1333.2949,111107.9062,0,0,0.0000,0.0000,0.0000,0.0000,0,0.4333,0.5667,1.0000,4.0000,flat,0.2729,0.5276,1.2797,1.4631,0.7692,0.0000,72.4475,1,0.0000,0.0000,0.1553,3,0,69772.6172,103997
42,249,Paris,generalize,FaithfulMAPPER,3600,12,70,25,0.3571,0.7286,0.2714,1139.0400,227.8080,0.4511,1.0001,508.7500,806.9412,2477.6465,0.9740,173.2113,149.6109,2191.7764,891.9263,1231.3429,102611.9062,0,0,0.0000,0.0000,0.0000,0.0000,0,0.4902,0.5098,1.0000,4.0000,flat,0.3186,0.5980,1.3211,1.1079,0.7500,0.0000,13.2207,2,0.0006,0.0041,0.1771,3,0,61941.1641,86194
42,250,Paris,generalize,TamAlwaysAccept,3600,12,65,25,0.3846,0.6308,0.3692,1292.6400,184.6629,0.5968,1.0000,641.2800,825.9000,2875.0830,0.8967,165.7902,122.1155,2635.6401,936.3851,1156.5692,96380.7656,0,0,0.0000,0.0000,0.0000,0.0000,0,0.6098,0.3902,1.0000,4.0000,flat,0.3106,0.5769,1.2475,1.0497,0.6308,0.0000,66.2634,2,0.0003,0.0019,0.1312,3,0,71877.0703,75177
42,251,Paris,generalize,TamAlwaysAccept,3600,12,88,30,0.3409,0.7045,0.2955,1639.2000,273.2000,0.5779,1.0000,621.3214,1096.9354,2961.2839,0.9532,163.9387,129.1463,2438.6348,814.3449,1353.8182,112818.1797,0,0,0.0000,0.0000,0.0000,0.0000,0,0.4839,0.5161,1.0000,4.0000,flat,0.1387,0.2901,1.2520,1.1254,0.7045,0.0000,29.0646,1,0.0000,0.0000,0.1644,2,1,88838.5156,119136
42,252,Paris,generalize,TamAlwaysAccept,3600,12,68,24,0.3529,0.5147,0.4853,1327.4166,265.4833,0.4571,1.0000,569.8750,875.2143,2549.1997,0.8947,145.5329,107.4198,2227.7773,941.5577,1239.7794,103314.9531,0,0,0.0000,0.0000,0.0000,0.0000,0,0.6857,0.3143,1.0000,4.0000,flat,0.2711,0.5635,1.3256,1.1854,0.5147,0.0000,60.0351,1,0.0000,0.0000,0.1528,3,0,61180.7930,84305
42,253,Paris,generalize,TamAlwaysAccept,3600,12,78,26,0.3333,0.5897,0.4103,1441.3462,240.2244,0.5509,1.0000,612.7826,931.1852,2929.5488,0.9561,166.3835,138.4943,2536.9070,933.6368,1289.5000,107458.3359,0,0,0.0000,0.0000,0.0000,0.0000,0,0.5652,0.4348,1.0000,4.0000,flat,0.2494,0.5769,1.2501,1.4254,0.5897,0.0000,26.8728,1,0.0000,0.0000,0.1498,4,1,76168.2656,100581
42,254,Paris,generalize,TamAlwaysAccept,3600,12,70,23,0.3286,0.6571,0.3429,1218.4348,243.6870,0.4997,1.0000,633.0870,712.0345,2696.3755,0.8518,172.5215,142.4316,2297.1777,1036.0170,1385.2572,115438.0938,0,0,0.0000,0.0000,0.0000,0.0000,0,0.5000,0.5000,1.0000,4.0000,flat,0.2762,0.6179,1.2497,1.2892,0.6571,0.0000,93.8119,1,0.0000,0.0000,0.1683,4,0,62016.6367,96968
42,255,Paris,generalize,CongestionAware,3600,12,65,26,0.4000,1.0000,0.0000,1234.1154,176.3022,0.6017,1.0001,485.4348,782.6800,2242.8403,0.9241,178.9973,156.1104,2021.4641,805.1591,1386.6461,115553.8438,0,0,0.0000,0.0000,0.0000,0.0000,0,0.4000,0.6000,1.0000,4.0000,flat,0.3611,0.6614,1.1745,0.0000,1.0000,0.0000,36.8667,2,0.0011,0.0040,0.2572,6,0,58313.8477,90132
42,256,Paris,generalize,CongestionAware,3600,12,88,27,0.3068,1.0000,0.0000,1170.5927,195.0988,0.5574,1.0001,367.0909,804.1364,1942.2950,1.0000,165.3490,155.8631,2001.1761,694.2332,1324.3068,110358.8984,0,0,0.0000,0.0000,0.0000,0.0000,0,0.3068,0.6932,1.0000,4.0000,flat,0.4739,0.8921,1.2146,0.0000,1.0000,0.0000,0.0000,2,0.0006,0.0034,0.2584,7,0,52441.9648,116539
42,257,Paris,generalize,CongestionAware,3600,12,68,27,0.3971,1.0000,0.0000,1249.6666,208.2778,0.5688,1.0001,425.6522,880.4091,2054.8042,0.9655,183.5462,166.2685,1521.2836,727.9182,1285.4265,107118.8750,0,0,0.0000,0.0000,0.0000,0.0000,0,0.3971,0.6029,1.0000,4.0000,flat,0.3768,0.6679,1.2576,0.0000,1.0000,0.0000,14.6913,2,0.0008,0.0047,0.2482,5,0,55479.7148,87409
42,258,Paris,generalize,CongestionAware,3600,12,78,34,0.4359,1.0000,0.0000,1174.0883,167.7269,0.6116,1.0001,494.7143,781.3200,2214.7292,0.8954,188.1415,172.0684,1997.0134,789.7314,1068.5128,89042.7344,0,0,0.0000,0.0000,0.0000,0.0000,0,0.4359,0.5641,1.0000,4.0000,flat,0.2467,0.4472,1.3220,0.0000,1.0000,0.0000,51.7684,2,0.0003,0.0033,0.2639,5,1,75300.7969,83344
42,259,Paris,generalize,CongestionAware,3600,12,70,31,0.4429,1.0000,0.0000,1007.2903,167.8817,0.5514,1.0000,410.1071,661.2222,2228.8892,1.0000,179.1641,152.4715,1833.5530,791.7366,987.0714,82255.9531,0,0,0.0000,0.0000,0.0000,0.0000,0,0.4429,0.5571,1.0000,4.0000,flat,0.2460,0.4657,1.2633,0.0000,1.0000,0.0000,0.0000,1,0.0000,0.0000,0.2330,6,1,69095.5625,69095
42,260,Paris,generalize,TrafficFlow,3600,12,65,27,0.4154,1.0000,0.0000,1185.7778,169.3968,0.6239,1.0001,389.9131,756.2692,2590.0583,1.0000,178.9973,156.1104,2021.4641,805.1591,1171.4462,97620.5156,0,0,0.0000,0.0000,0.0000,0.0000,0,0.4154,0.5846,1.0000,4.0000,flat,0.3560,0.6753,1.1745,0.0000,1.0000,0.0000,0.0000,2,0.0006,0.0035,0.2347,6,1,69931.5781,76144
42,261,Paris,generalize,TrafficFlow,3600,12,88,24,0.2727,1.0000,0.0000,1392.2916,198.8988,0.6370,1.0001,524.4583,939.7692,2393.9756,0.9129,165.3490,155.8631,2001.1761,694.2332,1159.7841,96648.6719,0,0,0.0000,0.0000,0.0000,0.0000,0,0.2727,0.7273,1.0000,4.0000,flat,0.2636,0.4896,1.2146,0.0000,1.0000,0.0000,45.6632,2,0.0011,0.0039,0.2176,4,0,57455.4141,102061
42,262,Paris,generalize,TrafficFlow,3600,12,68,36,0.5294,1.0000,0.0000,1200.6666,171.5238,0.5990,1.0001,434.0345,777.8519,1808.7407,0.8335,183.5462,166.2685,1521.2836,727.9182,1041.1177,86759.8047,0,0,0.0000,0.0000,0.0000,0.0000,0,0.5294,0.4706,1.0000,4.0000,flat,0.3276,0.5862,1.2576,0.0000,1.0000,0.0000,72.2863,2,0.0006,0.0033,0.2831,5,0,65114.6641,70796
42,263,Paris,generalize,TrafficFlow,3600,12,78,34,0.4359,1.0000,0.0000,1197.0588,171.0084,0.6064,1.0001,469.2143,829.9630,2222.4629,0.9473,188.1415,172.0684,1997.0134,789.7314,1067.4359,88952.9922,0,0,0.0000,0.0000,0.0000,0.0000,0,0.4359,0.5641,1.0000,4.0000,flat,0.1645,0.3043,1.3220,0.0000,1.0000,0.0000,24.7217,2,0.0006,0.0025,0.2427,5,2,75563.7344,83260
42,264,Paris,generalize,TrafficFlow,3600,12,70,34,0.4857,1.0000,0.0000,998.5883,142.6555,0.6644,1.0000,422.2414,659.6552,2179.0486,1.0000,179.1641,152.4715,1833.5530,791.7366,903.6572,75304.7656,0,0,0.0000,0.0000,0.0000,0.0000,0,0.4857,0.5143,1.0000,4.0000,flat,0.4061,0.7832,1.2633,0.0000,1.0000,0.0000,0.0000,2,0.0003,0.0021,0.2547,8,0,74087.6484,63256
42,265,Paris,generalize,TokenPassing,3600,12,65,29,0.4462,1.0000,0.0000,1104.1034,157.7290,0.5922,1.0000,361.0800,784.5926,2361.7378,1.0000,178.9973,156.1104,2021.4641,805.1591,1047.0308,87252.5625,0,0,0.0000,0.0000,0.0000,0.0000,0,0.4462,0.5538,1.0000,4.0000,flat,0.3074,0.5506,1.1745,0.0000,1.0000,0.0000,0.0000,1,0.0000,0.0000,0.2404,5,1,68490.3984,68057
42,266,Paris,generalize,TokenPassing,3600,12,88,25,0.2841,1.0000,0.0000,1331.2400,221.8733,0.5680,1.0001,533.1053,960.0500,2424.5264,0.9096,165.3490,155.8631,2001.1761,694.2332,923.1364,76928.0312,0,0,0.0000,0.0000,0.0000,0.0000,0,0.2841,0.7159,1.0000,4.0000,flat,0.3939,0.6983,1.2146,0.0000,1.0000,0.0000,48.2000,2,0.0008,0.0037,0.2445,5,0,60613.1602,81236
42,267,Paris,generalize,TokenPassing,3600,12,68,31,0.4559,1.0000,0.0000,1183.5161,169.0737,0.5904,1.0000,443.0385,741.6000,2110.5364,0.9528,183.5462,166.2685,1521.2836,727.9182,1035.8529,86321.0781,0,0,0.0000,0.0000,0.0000,0.0000,0,0.4559,0.5441,1.0000,4.0000,flat,0.3838,0.6809,1.2576,0.0000,1.0000,0.0000,20.9312,2,0.0003,0.0014,0.2710,5,0,65426.6250,70438
42,268,Paris,generalize,TokenPassing,3600,12,78,33,0.4231,1.0000,0.0000,1200.2424,171.4632,0.6178,1.0001,534.6667,665.2143,2215.0823,0.8286,188.1415,172.0684,1997.0134,789.7314,978.7949,81566.2422,0,0,0.0000,0.0000,0.0000,0.0000,0,0.4231,0.5769,1.0000,4.0000,flat,0.3701,0.6566,1.3220,0.0000,1.0000,0.0000,91.6502,2,0.0003,0.0033,0.2549,5,0,73097.7188,76346
42,269,Paris,generalize,TokenPassing,3600,12,70,33,0.4714,1.0000,0.0000,1154.5454,164.9351,0.6209,1.0000,442.7333,777.1852,1907.4541,0.8617,179.1641,152.4715,1833.5530,791.7366,944.6000,78716.6641,0,0,0.0000,0.0000,0.0000,0.0000,0,0.4714,0.5286,1.0000,4.0000,flat,0.2926,0.5506,1.2633,0.0000,1.0000,0.0000,61.2425,2,0.0003,0.0017,0.2566,6,1,62945.9844,66122
42,270,London,generalize,MAPPO,3600,15,69,12,0.1739,0.6232,0.3768,1863.8334,232.9792,0.5956,1.0002,809.4545,1412.2858,3246.8235,0.8022,279.9759,245.8168,2568.8306,1396.1971,1164.9711,77664.7344,0,0,0.0000,0.0000,0.0000,0.0000,0,0.2791,0.7209,1.0000,8.0000,flat,0.3879,0.7820,1.4145,1.1987,0.6935,0.0000,160.0898,2,0.0025,0.0048,0.1305,2,0,38961.8789,80383
42,271,London,generalize,MAPPO,3600,15,68,27,0.3971,0.7206,0.2794,1368.9259,195.5608,0.4795,1.0001,518.6667,1043.4517,2758.2297,1.0000,268.6147,207.4643,2258.0400,1043.5552,953.7941,63586.2734,0,0,0.0000,0.0000,0.0000,0.0000,0,0.5510,0.4490,1.0000,8.0000,flat,0.2808,0.5493,1.2067,1.3064,0.7656,0.0000,0.0000,2,0.0008,0.0024,0.1726,3,0,74472.2031,64858
42,272,London,generalize,MAPPO,3600,15,55,21,0.3818,0.7091,0.2909,1370.7142,228.4524,0.4206,1.0000,806.4500,694.4091,3421.4287,0.8485,247.6169,216.9533,2617.0779,1137.1726,804.0546,53603.6367,0,0,0.0000,0.0000,0.0000,0.0000,0,0.5385,0.4615,1.0000,8.0000,flat,0.3538,0.6678,1.2604,1.3819,0.7500,0.0000,122.1642,1,0.0000,0.0000,0.1571,2,0,71850.0000,44223
42,273,London,generalize,MAPPO,3600,15,48,22,0.4583,0.7917,0.2083,1515.7727,252.6288,0.4620,1.0000,778.7727,789.4828,3335.2415,0.8565,256.1013,208.1122,2291.5859,1427.3401,591.6667,39444.4453,0,0,0.0000,0.0000,0.0000,0.0000,0,0.5789,0.4211,1.0000,8.0000,flat,0.4091,0.8039,1.2476,1.2430,0.8261,0.0000,111.7244,1,0.0000,0.0000,0.1570,3,0,73375.3125,28400
42,274,London,generalize,MAPPO,3600,15,56,27,0.4821,0.8571,0.1429,1359.8518,194.2645,0.5108,1.0000,648.2800,925.9677,2702.0913,0.8336,251.6367,229.9954,2057.7485,942.3588,679.6786,45311.9062,0,0,0.0000,0.0000,0.0000,0.0000,0,0.5625,0.4375,1.0000,8.0000,flat,0.4513,0.8408,1.1705,1.0345,0.8889,0.0000,107.8618,2,0.0003,0.0013,0.1719,3,0,72956.4609,38062
42,275,London,generalize,FaithfulMAPPER,3600,15,69,27,0.3913,0.6667,0.3333,1487.8889,185.9861,0.5639,1.0000,700.5769,897.0645,3293.5586,0.9402,274.0195,239.9169,2531.1809,1194.7704,1203.2609,80217.3906,0,0,0.0000,0.0000,0.0000,0.0000,0,0.5870,0.4130,1.0000,8.0000,flat,0.3344,0.6550,1.4011,1.1974,0.6667,0.0000,41.8652,1,0.0000,0.0000,0.1344,3,0,88926.0859,83025
42,276,London,generalize,FaithfulMAPPER,3600,15,68,21,0.3088,0.7059,0.2941,1461.0952,208.7279,0.5283,1.0000,728.8095,1064.3939,2849.0159,0.7818,263.5312,192.0113,2528.0312,973.8346,1335.3529,89023.5312,0,0,0.0000,0.0000,0.0000,0.0000,0,0.4375,0.5625,1.0000,8.0000,flat,0.3609,0.7810,1.2704,1.1488,0.7273,0.0000,159.0063,1,0.0000,0.0000,0.1464,3,0,59829.3320,90804
42,277,London,generalize,FaithfulMAPPER,3600,15,55,20,0.3636,0.6364,0.3636,1798.9500,224.8687,0.5876,1.0000,862.1000,1073.3572,3651.4971,0.8471,238.2367,212.0526,2940.0737,1128.0710,1316.0182,87734.5469,0,0,0.0000,0.0000,0.0000,0.0000,0,0.5714,0.4286,1.0000,8.0000,flat,0.2545,0.5657,1.3478,1.2046,0.6604,0.0000,131.8005,1,0.0000,0.0000,0.1206,2,0,73029.9375,72381
42,278,London,generalize,FaithfulMAPPER,3600,15,48,20,0.4167,0.7292,0.2708,1699.4000,212.4250,0.5718,1.0000,709.6000,1037.2400,3112.7761,0.8773,249.3824,223.8213,2555.1980,1384.2815,1132.2500,75483.3359,0,0,0.0000,0.0000,0.0000,0.0000,0,0.5714,0.4286,1.0000,8.0000,flat,0.2545,0.5657,1.2016,1.3679,0.7609,0.0000,87.0447,1,0.0000,0.0000,0.1306,2,0,62255.5234,54348
42,279,London,generalize,FaithfulMAPPER,3600,15,56,26,0.4643,0.7857,0.2143,1495.6923,186.9615,0.5379,1.0000,587.8800,995.7241,2548.9822,0.8672,251.6367,189.1035,2168.3909,1106.2794,1322.6964,88179.7656,0,0,0.0000,0.0000,0.0000,0.0000,0,0.5909,0.4091,1.0000,8.0000,flat,0.3370,0.7008,1.1423,1.1833,0.8302,0.0000,78.0836,1,0.0000,0.0000,0.1524,4,0,66273.5312,74071
42,280,London,generalize,TamAlwaysAccept,3600,15,69,24,0.3478,0.6087,0.3913,1253.4584,156.6823,0.5815,1.0000,728.9583,848.2812,3299.1440,0.9052,271.8500,239.1807,2774.6931,1411.1824,1174.5508,78303.3828,0,0,0.0000,0.0000,0.0000,0.0000,0,0.5714,0.4286,1.0000,8.0000,flat,0.3478,0.6614,1.3783,1.2630,0.6087,0.0000,69.1295,1,0.0000,0.0000,0.1232,2,0,79179.4609,81044
42,281,London,generalize,TamAlwaysAccept,3600,15,68,21,0.3088,0.6471,0.3529,1245.1904,155.6488,0.5773,1.0000,584.5714,1032.0000,2416.6111,0.8268,247.3098,225.6881,2605.9182,1211.1722,1380.6912,92046.0781,0,0,0.0000,0.0000,0.0000,0.0000,0,0.4773,0.5227,1.0000,8.0000,flat,0.3685,0.7159,1.2394,1.2258,0.6471,0.0000,101.2492,1,0.0000,0.0000,0.1282,2,0,50748.8359,93887
42,282,London,generalize,TamAlwaysAccept,3600,15,55,23,0.4182,0.6545,0.3455,1689.3043,211.1630,0.5560,1.0000,943.2273,967.0000,3819.4590,0.8099,254.1977,227.9068,3186.6992,1318.0333,1636.3636,109090.9062,0,0,0.0000,0.0000,0.0000,0.0000,0,0.6389,0.3611,1.0000,8.0000,flat,0.3281,0.6524,1.3879,1.1211,0.6545,0.0000,179.3355,2,0.0003,0.0015,0.1115,2,0,87847.5547,90000
42,283,London,generalize,TamAlwaysAccept,3600,15,48,20,0.4167,0.7083,0.2917,1501.3500,214.4786,0.5021,1.0000,711.9500,930.2414,3109.3770,0.8735,244.3288,219.8787,2596.0608,1472.9402,1349.8334,89988.8906,0,0,0.0000,0.0000,0.0000,0.0000,0,0.5882,0.4118,1.0000,8.0000,flat,0.4500,0.8718,1.2396,1.2638,0.7083,0.0000,90.0746,1,0.0000,0.0000,0.1269,3,0,62187.5391,64792
42,284,London,generalize,TamAlwaysAccept,3600,15,56,22,0.3929,0.7143,0.2857,1276.3636,212.7273,0.4600,1.0000,676.8636,751.8965,2861.2844,0.8455,240.2434,219.7223,2314.7976,1230.5139,1233.9642,82264.2891,0,0,0.0000,0.0000,0.0000,0.0000,0,0.5500,0.4500,1.0000,8.0000,flat,0.4427,0.8431,1.1700,1.1037,0.7143,0.0000,104.6068,1,0.0000,0.0000,0.1385,3,0,62948.2539,69102
42,285,London,generalize,CongestionAware,3600,15,69,35,0.5072,1.0000,0.0000,1188.8286,132.0921,0.6279,1.0000,536.8182,767.7000,2670.2217,0.9948,279.9759,259.3763,2110.2788,1016.4895,2671.7537,178116.9219,0,0,0.0000,0.0000,0.0000,0.0000,0,0.5072,0.4928,1.0000,8.0000,flat,0.2143,0.4009,1.3332,0.0000,1.0000,0.0000,2.7739,1,0.0000,0.0000,0.2478,3,1,93457.7578,184351
42,286,London,generalize,CongestionAware,3600,15,68,32,0.4706,1.0000,0.0000,1323.8438,147.0938,0.6419,1.0000,564.4839,865.1035,2241.1399,0.7940,275.5335,244.6089,2022.1736,882.3671,2042.5294,136168.6250,0,0,0.0000,0.0000,0.0000,0.0000,0,0.4706,0.5294,1.0000,8.0000,flat,0.3352,0.6057,1.2346,0.0000,1.0000,0.0000,116.2559,1,0.0000,0.0000,0.2446,4,0,71716.4766,138892
42,287,London,generalize,CongestionAware,3600,15,55,26,0.4727,1.0000,0.0000,1505.9231,167.3248,0.6006,1.0000,652.5217,1070.4399,2741.5552,0.8403,263.9706,233.6642,2397.9788,976.4850,2278.2910,151886.0625,0,0,0.0000,0.0000,0.0000,0.0000,0,0.4727,0.5273,1.0000,8.0000,flat,0.3636,0.6983,1.2958,0.0000,1.0000,0.0000,104.2107,2,0.0003,0.0015,0.1918,5,0,71280.4297,125306
42,288,London,generalize,CongestionAware,3600,15,48,28,0.5833,1.0000,0.0000,1298.4642,162.3080,0.5674,1.0000,565.3182,712.2800,3126.3870,1.0000,262.7680,232.5924,2119.1355,1133.1448,1921.0834,128072.2188,0,0,0.0000,0.0000,0.0000,0.0000,0,0.5833,0.4167,1.0000,8.0000,flat,0.3229,0.6053,1.2467,0.0000,1.0000,0.0000,0.0000,1,0.0000,0.0000,0.2153,3,0,87538.8359,92212
42,289,London,generalize,CongestionAware,3600,15,56,27,0.4821,1.0000,0.0000,1405.6296,175.7037,0.5448,1.0000,466.9131,988.7083,2102.4031,0.9006,253.1497,232.0269,1972.8394,904.8091,2044.1964,136279.7656,0,0,0.0000,0.0000,0.0000,0.0000,0,0.4821,0.5179,1.0000,8.0000,flat,0.2708,0.5000,1.1511,0.0000,1.0000,0.0000,46.4324,1,0.0000,0.0000,0.2320,3,0,56764.8828,114475
42,290,London,generalize,TrafficFlow,3600,15,69,32,0.4638,1.0000,0.0000,1395.0625,155.0069,0.6627,1.0000,553.2069,818.2308,2784.3950,1.0000,279.9759,259.3763,2110.2788,1016.4895,2364.5508,157636.7188,0,0,0.0000,0.0000,0.0000,0.0000,0,0.4638,0.5362,1.0000,8.0000,flat,0.3901,0.7008,1.3332,0.0000,1.0000,0.0000,0.0000,2,0.0003,0.0017,0.2108,4,0,89100.6406,163154
42,291,London,generalize,TrafficFlow,3600,15,68,27,0.3971,1.0000,0.0000,1394.4814,174.3102,0.5936,1.0000,521.1304,967.5000,2817.1599,1.0000,275.5335,244.6089,2022.1736,882.3671,2194.5293,146301.9531,0,0,0.0000,0.0000,0.0000,0.0000,0,0.3971,0.6029,1.0000,8.0000,flat,0.3869,0.7120,1.2346,0.0000,1.0000,0.0000,0.0000,2,0.0003,0.0013,0.2112,3,0,76063.3203,149228
42,292,London,generalize,TrafficFlow,3600,15,55,29,0.5273,1.0000,0.0000,1220.6207,174.3744,0.5070,1.0000,519.5000,821.4286,2810.6802,1.0000,263.9706,233.6642,2397.9788,976.4850,2067.7817,137852.1250,0,0,0.0000,0.0000,0.0000,0.0000,0,0.5273,0.4727,1.0000,8.0000,flat,0.2694,0.5592,1.2958,0.0000,1.0000,0.0000,0.0000,1,0.0000,0.0000,0.2506,6,1,81509.7188,113728
42,293,London,generalize,TrafficFlow,3600,15,48,27,0.5625,1.0000,0.0000,1317.2593,146.3621,0.6028,1.0000,620.5652,694.1250,2780.2805,0.8960,262.7680,232.5924,2119.1355,1133.1448,1895.0834,126338.8906,0,0,0.0000,0.0000,0.0000,0.0000,0,0.5625,0.4375,1.0000,8.0000,flat,0.2600,0.4817,1.2467,0.0000,1.0000,0.0000,64.5092,1,0.0000,0.0000,0.2217,3,0,75067.5703,90964
42,294,London,generalize,TrafficFlow,3600,15,56,31,0.5536,1.0000,0.0000,1437.0000,179.6250,0.5832,1.0000,535.2400,880.3077,2595.8391,0.9700,253.1497,232.0269,1972.8394,904.8091,2254.9465,150329.7656,0,0,0.0000,0.0000,0.0000,0.0000,0,0.5536,0.4464,1.0000,8.0000,flat,0.4312,0.8190,1.1511,0.0000,1.0000,0.0000,16.0721,1,0.0000,0.0000,0.2021,5,0,80471.0156,126277
42,295,London,generalize,TokenPassing,3600,15,69,26,0.3768,1.0000,0.0000,1401.4615,155.7180,0.6247,1.0002,588.4545,809.8846,2982.8674,1.0000,279.9759,259.3763,2110.2788,1016.4895,2441.6521,162776.8125,0,0,0.0000,0.0000,0.0000,0.0000,0,0.3768,0.6232,1.0000,8.0000,flat,0.3211,0.5930,1.3332,0.0000,1.0000,0.0000,0.0000,2,0.0022,0.0042,0.2113,4,0,77554.5547,168474
42,296,London,generalize,TokenPassing,3600,15,68,27,0.3971,1.0000,0.0000,1268.6666,140.9630,0.6247,1.0000,565.3461,779.3461,2294.6028,0.8118,275.5335,244.6089,2022.1736,882.3671,1819.8235,121321.5703,0,0,0.0000,0.0000,0.0000,0.0000,0,0.3971,0.6029,1.0000,8.0000,flat,0.3013,0.5559,1.2346,0.0000,1.0000,0.0000,106.4256,1,0.0000,0.0000,0.2456,4,0,61954.2773,123748
42,297,London,generalize,TokenPassing,3600,15,55,29,0.5273,1.0000,0.0000,1296.7587,185.2512,0.5310,1.0000,582.5200,823.5185,2716.5745,0.9327,263.9706,233.6642,2397.9788,976.4850,1960.1455,130676.3672,0,0,0.0000,0.0000,0.0000,0.0000,0,0.5273,0.4727,1.0000,8.0000,flat,0.3077,0.6815,1.2958,0.0000,1.0000,0.0000,39.2051,2,0.0003,0.0014,0.2339,7,1,78780.6641,107808
42,298,London,generalize,TokenPassing,3600,15,48,29,0.6042,1.0000,0.0000,1234.2759,176.3251,0.5173,1.0001,470.0000,741.1250,2808.6628,1.0000,262.7680,232.5924,2119.1355,1133.1448,1780.5834,118705.5547,0,0,0.0000,0.0000,0.0000,0.0000,0,0.6042,0.3958,1.0000,8.0000,flat,0.2253,0.4108,1.2467,0.0000,1.0000,0.0000,0.0000,2,0.0006,0.0024,0.2314,4,1,81451.2266,85468
42,299,London,generalize,TokenPassing,3600,15,56,35,0.6250,1.0000,0.0000,1425.2000,178.1500,0.5412,1.0000,554.2500,786.9259,2636.6855,0.9514,253.1497,232.0269,1972.8394,904.8091,1796.9286,119795.2344,0,0,0.0000,0.0000,0.0000,0.0000,0,0.6250,0.3750,1.0000,8.0000,flat,0.3360,0.6213,1.1511,0.0000,1.0000,0.0000,26.9129,1,0.0000,0.0000,0.2615,6,1,92283.9922,100628
