seed,global_episode,city,phase,policy_mode,total_steps,n_agents_max,tasks_appeared,tasks_completed,throughput_rate,accept_rate,refuse_rate,latency_mean,latency_per_agent,agent_utilisation,mean_congestion,mean_trip_steps,mean_wait_steps,mean_road_pd_m,delivery_route_efficiency,bbox_area_km2,convex_hull_km2,mean_pd_hav_m,mean_nn_pickup_m,compute_time_per_task_ms,compute_time_per_decision_us,pairing_violations,capacity_violations,actor_loss,critic_loss,entropy,adv_std,n_experiences,completion_per_accepted,unfinished_accept_rate,mean_congestion_at_decision,n_ghost_active_mean,congestion_profile,agent_completed_gini,agent_completed_std,mean_imp_accepted,mean_imp_refused,accept_rate_high_cong,accept_rate_low_cong,mean_extra_steps_per_task,peak_congestion,mean_overlap_edges,congestion_variance,route_congestion_exposure,max_agent_completed,min_agent_completed,total_fleet_distance_m,mean_agents_offered_per_task,mean_recall_rounds_per_task,mean_candidates_scored_per_task,value_throughput_rate,mean_completion_value,value_loss_to_refusal,mean_bpr_along_route,time_lost_to_congestion_steps,n_traversals_in_jam,marginal_cost_ratio_vs_oracle,rmca_relative_regret,rmca_marginal_cost_k1,rmca_marginal_cost_k2,mean_allocation_time_us,mean_tam_dijkstra_steps,path_compute_time_ms,mean_pure_alloc_time_ms,wallclock_ms
42,0,Tokyo_Small,train,IPPO,3600,7,88,57,0.6477,1.0000,0.0000,1056.7192,528.3596,0.3738,3.0942,301.2281,817.9403,1021.2018,0.6780,29.1581,27.1324,914.8841,271.7115,229.5455,22954.5449,0,0,-0.0001,2.9475,0.6931,0.2817,319,0.6477,0.3523,3.0969,1676.2472,uniform,0.2849,0.5193,1.6700,0.0000,1.0000,0.0000,96.9877,17,1323.8188,0.0429,1.1973,5,1,58208.5039,3.6250,0.0000,3.6250,0.5635,0.7709,0.0000,1.6718,8648.1797,42,1.0543,0.0000,0.0000,0.0000,169531.2188,17.2045,11876.3750,34.5735,20200
42,0,Tokyo_Small,train,MAPPER,3600,7,88,71,0.8068,1.0000,0.0000,645.3099,322.6549,0.3873,3.0913,290.9014,399.0625,1109.3734,0.7627,29.1581,27.1324,914.8841,271.7115,172.6932,17269.3184,0,0,-0.0028,0.5543,0.6931,0.1308,296,0.8068,0.1932,3.0933,1676.2472,uniform,0.2621,0.4770,1.6700,0.0000,1.0000,0.0000,69.0267,17,1323.7939,0.0433,1.1044,5,0,78765.5156,3.3636,0.0000,3.3636,0.7471,0.8206,0.0000,1.3230,5539.4556,40,1.1243,0.0000,0.0000,0.0000,113975.1016,9.4205,5635.3159,49.9386,15197
42,0,Tokyo_Small,train,MAPPO,3600,7,88,73,0.8295,1.0000,0.0000,779.3973,155.8795,0.7213,3.0848,263.3836,574.9630,1124.5122,0.8539,29.1581,27.1324,914.8841,271.7115,245.5568,24555.6816,0,0,-0.0003,1.7233,0.6931,0.2546,327,0.8295,0.1705,3.0881,1676.2472,uniform,0.2132,0.4066,1.6700,0.0000,1.0000,0.0000,38.4811,17,1323.8541,0.0427,1.3654,5,0,82089.3906,3.7159,0.0000,3.7159,0.7723,0.8249,0.0000,1.5945,13348.1201,93,1.7261,0.0000,0.0000,0.0000,181982.2969,14.9886,8221.6631,88.5554,21609
42,1,Tokyo_Medium,train,IPPO,3600,14,161,92,0.5714,1.0000,0.0000,1129.1848,125.4650,0.6481,3.0865,536.6630,671.6174,2074.3396,0.7731,58.0491,56.8962,1683.6952,262.0247,864.5963,43229.8125,0,0,-0.0002,0.9091,0.6931,0.3621,635,0.5714,0.4286,3.0844,3350.3521,uniform,0.2769,0.5517,1.6385,0.0000,1.0000,0.0000,121.7951,14,2625.8564,0.0274,1.0431,6,0,190839.2500,3.9441,0.0000,3.9441,0.5388,1.6352,0.0000,1.3576,13697.2461,98,1.3332,0.0000,0.0000,0.0000,778135.7500,23.4410,110934.0078,89.1059,139200
42,1,Tokyo_Medium,train,MAPPER,3600,14,161,113,0.7019,1.0000,0.0000,1048.9646,131.1206,0.6256,3.0805,508.8584,574.7710,2148.4514,0.8444,58.0491,56.8962,1683.6952,262.0247,726.6149,36330.7461,0,0,-0.0027,0.6294,0.6928,0.1179,650,0.7019,0.2981,3.0785,3350.3521,uniform,0.2314,0.4452,1.6385,0.0000,1.0000,0.0000,79.1681,14,2626.0945,0.0273,1.1018,4,0,242775.0000,4.0373,0.0000,4.0373,0.7468,1.8451,0.0000,1.3665,17875.2871,140,1.5650,0.0000,0.0000,0.0000,626281.0625,15.4472,80689.8906,125.1035,116985
42,1,Tokyo_Medium,train,MAPPO,3600,14,161,137,0.8509,1.0000,0.0000,881.3138,110.1642,0.6175,3.0787,490.0365,412.8859,2123.9502,0.8669,58.0491,56.8962,1683.6952,262.0247,607.7329,30386.6465,0,0,-0.0012,0.7459,0.6924,0.1256,590,0.8509,0.1491,3.0759,3350.3521,uniform,0.1532,0.3002,1.6385,0.0000,1.0000,0.0000,65.2465,14,2625.8887,0.0266,1.0217,4,1,290981.1875,3.6646,0.0000,3.6646,0.8981,1.8304,0.0000,1.2854,16157.0723,141,1.2916,0.0000,0.0000,0.0000,491821.1250,15.9689,54406.2461,153.8962,97845
42,2,LosAngeles_Small,train,IPPO,3600,7,96,86,0.8958,1.0000,0.0000,846.0930,211.5233,0.6312,3.0884,346.7907,521.4778,1231.4037,0.7102,23.0149,20.7510,952.2700,232.8362,280.6146,28061.4590,0,0,-0.0001,0.2471,0.6931,0.2028,380,0.8958,0.1042,3.0874,1674.7537,uniform,0.2465,0.4434,1.6428,0.0000,1.0000,0.0000,100.5100,15,1306.8406,0.0482,1.0194,7,1,105900.7188,3.9583,0.0000,3.9583,0.9114,0.9370,0.0000,1.2788,7660.9868,46,1.6135,0.0000,0.0000,0.0000,220437.1094,24.2708,14703.7998,67.2737,26939
42,2,LosAngeles_Small,train,MAPPER,3600,7,96,80,0.8333,1.0000,0.0000,726.3500,181.5875,0.6169,3.0867,298.5625,451.2069,1272.4104,0.8524,23.0149,20.7510,952.2700,232.8362,280.1875,28018.7500,0,0,-0.0019,0.3581,0.6914,0.1117,379,0.8333,0.1667,3.0864,1674.7537,uniform,0.1914,0.3518,1.6428,0.0000,1.0000,0.0000,44.0804,15,1306.9286,0.0486,1.1911,5,1,101792.8281,3.9479,0.0000,3.9479,0.9054,1.0006,0.0000,1.3493,8714.0088,68,1.4361,0.0000,0.0000,0.0000,213170.4375,13.0417,12935.9502,78.4223,26898
42,2,LosAngeles_Small,train,MAPPO,3600,7,96,89,0.9271,1.0000,0.0000,692.5056,230.8352,0.5602,3.0867,300.4045,397.4783,1252.6227,0.8340,23.0149,20.7510,952.2700,232.8362,253.6771,25367.7090,0,0,-0.0035,0.3249,0.6898,0.1186,335,0.9271,0.0729,3.0859,1674.7537,uniform,0.1629,0.3075,1.6428,0.0000,1.0000,0.0000,49.8799,15,1306.8591,0.0486,1.2410,5,1,111483.4141,3.4896,0.0000,3.4896,0.9578,0.9515,0.0000,1.3760,10309.5947,76,1.4592,0.0000,0.0000,0.0000,185021.4531,11.6042,8847.5254,92.8610,24353
42,3,LosAngeles_Medium,train,IPPO,3600,14,168,109,0.6488,1.0000,0.0000,1203.7523,120.3752,0.7788,3.0920,643.2569,572.5041,2364.3359,0.7351,45.8691,44.1290,1908.1929,245.9095,863.4286,43171.4297,0,0,-0.0001,0.5484,0.6931,0.3014,692,0.6488,0.3512,3.0901,3353.0793,uniform,0.3539,0.6819,1.6625,0.0000,1.0000,0.0000,170.3897,14,2605.0625,0.0384,1.2475,6,0,257712.6094,4.1190,0.0000,4.1190,0.6683,2.0603,0.0000,1.5895,39009.4570,108,2.2294,0.0000,0.0000,0.0000,773177.7500,25.7798,114512.4141,91.5578,145056
42,3,LosAngeles_Medium,train,MAPPER,3600,14,168,125,0.7440,1.0000,0.0000,1035.6639,115.0738,0.6490,3.0880,588.7040,487.9577,2450.1167,0.8324,45.8691,44.1290,1908.1929,245.9095,790.3631,39518.1562,0,0,-0.0033,0.3510,0.6902,0.1233,649,0.7440,0.2560,3.0859,3353.0793,uniform,0.2142,0.4023,1.6625,0.0000,1.0000,0.0000,98.6806,14,2604.8027,0.0379,1.0627,4,0,306264.5625,3.8631,0.0000,3.8631,0.8048,2.1634,0.0000,1.5402,22554.0352,156,2.4391,0.0000,0.0000,0.0000,688084.5000,21.6310,95226.4141,121.2622,132781
42,3,LosAngeles_Medium,train,MAPPO,3600,14,168,127,0.7560,1.0000,0.0000,987.1417,109.6824,0.6726,3.0861,574.0000,475.8680,2477.4556,0.8632,45.8691,44.1290,1908.1929,245.9095,617.1786,30858.9277,0,0,-0.0047,0.8050,0.6802,0.2307,651,0.7560,0.2440,3.0846,3353.0793,uniform,0.2083,0.3961,1.6625,0.0000,1.0000,0.0000,78.5089,14,2604.9612,0.0375,1.0751,4,0,314636.8750,3.8750,0.0000,3.8750,0.7827,2.0707,0.0000,1.4805,22627.6816,166,2.0045,0.0000,0.0000,0.0000,505147.2812,26.4643,54861.2227,178.5941,103686
42,4,Paris_Small,train,IPPO,3600,7,87,73,0.8391,1.0000,0.0000,734.2328,244.7443,0.4621,3.0437,327.5342,476.9481,1247.7274,0.7619,23.4540,21.8217,986.8375,216.3934,578.1494,57814.9414,0,0,-0.0003,0.3503,0.6931,0.2480,314,0.8391,0.1609,3.0446,1677.4449,uniform,0.2808,0.5481,1.6266,0.0000,1.0000,0.0000,77.9888,12,1325.5688,0.0400,0.9315,7,1,91084.1094,3.6092,0.0000,3.6092,0.8616,0.9906,0.0000,1.1693,3037.7920,30,1.5309,0.0000,0.0000,0.0000,506884.6875,15.6092,31145.6504,148.8899,50299
42,4,Paris_Small,train,MAPPER,3600,7,87,77,0.8851,1.0000,0.0000,622.2857,311.1429,0.3848,3.0419,297.5195,355.9879,1205.7952,0.8106,23.4540,21.8217,986.8375,216.3934,468.8736,46887.3555,0,0,-0.0020,0.2965,0.6862,0.0864,300,0.8851,0.1149,3.0432,1677.4449,uniform,0.2377,0.4348,1.6266,0.0000,1.0000,0.0000,56.3604,12,1325.5533,0.0397,1.0240,5,1,92846.2266,3.4483,0.0000,3.4483,0.9008,0.9819,0.0000,1.2611,4198.4102,48,1.2731,0.0000,0.0000,0.0000,390841.6562,10.5172,20922.0234,150.3599,40792
42,4,Paris_Small,train,MAPPO,3600,7,87,83,0.9540,1.0000,0.0000,550.8073,183.6024,0.4568,3.0419,280.8193,276.9059,1181.8645,0.8417,23.4540,21.8217,986.8375,216.3934,428.6552,42865.5156,0,0,-0.0042,0.2176,0.6630,0.1069,311,0.9540,0.0460,3.0432,1677.4449,uniform,0.2028,0.3812,1.6266,0.0000,1.0000,0.0000,44.4464,12,1325.5891,0.0402,1.0385,5,1,98094.7500,3.5747,0.0000,3.5747,0.9114,0.9215,0.0000,1.2002,3993.2964,39,1.6042,0.0000,0.0000,0.0000,352154.8125,7.7586,15808.5732,170.4484,37293
42,5,Paris_Medium,train,IPPO,3600,14,167,104,0.6228,1.0000,0.0000,1088.7693,136.0962,0.6193,3.0384,601.2596,570.7778,2175.7244,0.7237,46.6773,44.6087,1876.8307,270.7321,1848.9221,92446.1016,0,0,-0.0001,0.8327,0.6930,0.3859,608,0.6228,0.3772,3.0347,3353.0723,uniform,0.2840,0.5795,1.6247,0.0000,1.0000,0.0000,166.1148,14,2646.6162,0.0264,0.9537,8,1,226275.3438,3.6407,0.0000,3.6407,0.6254,2.0078,0.0000,1.2222,7091.8130,70,1.2463,0.0000,0.0000,0.0000,1746615.7500,25.7844,251159.2812,242.6698,308770
42,5,Paris_Medium,train,MAPPER,3600,14,167,122,0.7305,1.0000,0.0000,1019.4099,145.6300,0.5087,3.0322,543.8033,505.3233,2220.2310,0.8166,46.6773,44.6087,1876.8307,270.7321,1805.9581,90297.9062,0,0,-0.0017,0.3455,0.6877,0.1224,698,0.7305,0.2695,3.0274,3353.0723,uniform,0.2202,0.4111,1.6247,0.0000,1.0000,0.0000,99.7571,14,2646.6111,0.0265,0.9119,4,1,270868.1875,4.1796,0.0000,4.1796,0.7281,1.9929,0.0000,1.2308,9251.2676,100,1.4362,0.0000,0.0000,0.0000,1684495.5000,16.9341,228288.7656,317.4987,301595
42,5,Paris_Medium,train,MAPPO,3600,14,167,140,0.8383,1.0000,0.0000,950.8571,95.0857,0.7181,3.0277,533.0857,480.3522,2206.2439,0.8277,46.6773,44.6087,1876.8307,270.7321,1407.5389,70376.9453,0,0,-0.0069,0.2573,0.6234,0.1136,656,0.8383,0.1617,3.0248,3353.0723,uniform,0.1790,0.3381,1.6247,0.0000,1.0000,0.0000,91.8369,14,2646.6067,0.0244,0.9314,4,1,308874.1562,3.9281,0.0000,3.9281,0.8341,1.9893,0.0000,1.2104,12611.6572,93,1.8649,0.0000,0.0000,0.0000,1222987.8750,21.5689,127055.2578,462.1802,235059
42,6,Tokyo_Small,train,IPPO,3600,10,85,71,0.8353,1.0000,0.0000,658.2112,219.4037,0.3878,3.0775,289.3662,400.3117,1119.1295,0.7735,29.1865,25.9924,784.4854,260.9364,632.0000,63200.0000,0,0,-0.0002,0.1411,0.6930,0.1611,316,0.8353,0.1647,3.0750,1676.2023,uniform,0.3341,0.5932,1.6528,0.0000,1.0000,0.0000,65.5403,14,1312.8905,0.0326,1.0580,5,0,79458.1953,3.7176,0.0000,3.7176,0.9127,0.9096,0.0000,1.3796,7620.1221,42,1.1670,0.0000,0.0000,0.0000,490972.0938,17.1059,34186.8359,88.7757,53720
42,6,Tokyo_Small,train,MAPPER,3600,10,85,73,0.8588,1.0000,0.0000,640.1507,160.0377,0.4923,3.0758,257.9041,385.0124,1072.9824,0.8321,29.1865,25.9924,784.4854,260.9364,431.9412,43194.1172,0,0,-0.0041,0.2619,0.6804,0.0849,277,0.8588,0.1412,3.0741,1676.2023,uniform,0.2921,0.5261,1.6528,0.0000,1.0000,0.0000,43.3076,14,1312.8833,0.0320,1.1629,5,0,78327.7188,3.2588,0.0000,3.2588,0.8982,0.8706,0.0000,1.3222,6575.8794,60,1.2911,0.0000,0.0000,0.0000,357128.0000,8.4941,21432.5527,104.9820,36715
42,6,Tokyo_Small,train,MAPPO,3600,10,85,78,0.9176,1.0000,0.0000,556.3461,139.0865,0.4097,3.0760,258.3974,298.4146,1070.4622,0.8285,29.1865,25.9924,784.4854,260.9364,384.3529,38435.2930,0,0,-0.0134,0.1609,0.5924,0.0961,289,0.9176,0.0824,3.0735,1676.2023,uniform,0.2812,0.5025,1.6528,0.0000,1.0000,0.0000,44.3050,14,1312.8680,0.0326,1.2135,5,1,83496.0547,3.4000,0.0000,3.4000,0.9654,0.8757,0.0000,1.3317,6456.8496,60,1.3578,0.0000,0.0000,0.0000,310324.1875,5.4471,17035.1992,109.9116,32670
42,7,Tokyo_Medium,train,IPPO,3600,20,159,128,0.8050,1.0000,0.0000,919.8984,91.9898,0.5435,3.0767,575.5547,411.4460,2290.8154,0.7960,56.1455,53.7834,1876.2156,276.1286,1654.8617,82743.0859,0,0,-0.0002,0.2452,0.6929,0.2052,589,0.8050,0.1950,3.0828,3352.8572,uniform,0.2423,0.4422,1.6757,0.0000,1.0000,0.0000,117.3916,14,2638.9473,0.0230,0.8842,4,0,293224.3750,3.7044,0.0000,3.7044,0.8184,1.9935,0.0000,1.2758,12632.2930,91,1.2641,0.0000,0.0000,0.0000,1457518.0000,24.3648,211965.6406,124.4030,263123
42,7,Tokyo_Medium,train,MAPPER,3600,20,159,116,0.7296,1.0000,0.0000,984.6724,89.5157,0.5995,3.0734,527.1810,565.9291,2281.2810,0.8655,56.1455,53.7834,1876.2156,276.1286,1230.4591,61522.9570,0,0,-0.0045,0.3138,0.6814,0.0988,592,0.7296,0.2704,3.0791,3352.8572,uniform,0.2141,0.4102,1.6757,0.0000,1.0000,0.0000,70.9248,14,2638.7432,0.0231,1.0379,4,0,264628.5938,3.7233,0.0000,3.7233,0.7696,2.0687,0.0000,1.3684,18687.3633,133,1.6573,0.0000,0.0000,0.0000,1115437.2500,21.9623,148886.6250,179.0461,195643
42,7,Tokyo_Medium,train,MAPPO,3600,20,159,116,0.7296,1.0000,0.0000,975.4224,75.0325,0.6653,3.0733,543.4914,498.5191,2317.5151,0.8528,56.1455,53.7834,1876.2156,276.1286,966.6541,48332.7031,0,0,-0.0100,0.2989,0.5032,0.1279,605,0.7296,0.2704,3.0787,3352.8572,uniform,0.2560,0.4709,1.6757,0.0000,1.0000,0.0000,79.9884,14,2638.9299,0.0227,1.1344,4,0,268831.7500,3.8050,0.0000,3.8050,0.7377,1.9830,0.0000,1.3604,22026.3457,166,1.6259,0.0000,0.0000,0.0000,852111.3125,26.4969,92823.4297,268.3179,153698
42,8,LosAngeles_Small,train,IPPO,3600,10,86,77,0.8953,1.0000,0.0000,615.4026,123.0805,0.5443,3.0985,293.8831,336.4706,1242.6868,0.8457,23.6966,22.1037,973.3262,275.4920,679.0117,67901.1641,0,0,-0.0003,0.0914,0.6929,0.1214,326,0.8953,0.1047,3.1047,1677.0139,uniform,0.2463,0.4463,1.6601,0.0000,1.0000,0.0000,45.3458,14,1312.5436,0.0475,1.0522,5,0,95686.8828,3.7907,0.0000,3.7907,0.8777,0.9745,0.0000,1.3522,8768.8213,57,2.1472,0.0000,0.0000,0.0000,541722.0625,23.9651,37659.7695,103.8194,58395
42,8,LosAngeles_Small,train,MAPPER,3600,10,86,76,0.8837,1.0000,0.0000,648.1316,162.0329,0.4620,3.0965,286.9474,400.1829,1192.2238,0.8310,23.6966,22.1037,973.3262,275.4920,473.1279,47312.7891,0,0,-0.0047,0.2116,0.6674,0.0673,310,0.8837,0.1163,3.1026,1677.0139,uniform,0.1798,0.3339,1.6601,0.0000,1.0000,0.0000,48.5026,14,1312.5586,0.0460,1.2426,4,1,90609.0000,3.6047,0.0000,3.6047,0.8661,0.9742,0.0000,1.4354,10079.6006,76,1.6025,0.0000,0.0000,0.0000,394257.1250,10.6977,23621.8965,119.5851,40689
42,8,LosAngeles_Small,train,MAPPO,3600,10,86,79,0.9186,1.0000,0.0000,663.4937,132.6987,0.5909,3.0953,287.3038,401.6667,1225.2439,0.8529,23.6966,22.1037,973.3262,275.4920,392.8605,39286.0469,0,0,-0.0121,0.1367,0.4432,0.0851,316,0.9186,0.0814,3.1016,1677.0139,uniform,0.2004,0.3731,1.6601,0.0000,1.0000,0.0000,42.2550,14,1312.6019,0.0482,1.1880,4,0,96794.2734,3.6744,0.0000,3.6744,0.8725,0.9441,0.0000,1.4808,11883.9570,74,1.4897,0.0000,0.0000,0.0000,308165.1250,7.9767,14886.3848,135.0686,33786
42,9,LosAngeles_Medium,train,IPPO,3600,20,159,135,0.8491,1.0000,0.0000,927.0519,92.7052,0.5279,3.0910,583.4148,375.7987,2443.1252,0.8375,47.4464,43.1078,1909.2744,259.1607,1373.6478,68682.3906,0,0,-0.0002,0.2027,0.6928,0.1736,626,0.8491,0.1509,3.0874,3352.7056,uniform,0.2144,0.3944,1.8334,0.0000,1.0000,0.0000,94.7897,20,2599.1541,0.0296,0.8680,4,1,329821.9062,3.9371,0.0000,3.9371,0.8627,2.2708,0.0000,1.3102,14242.2930,105,1.2344,0.0000,0.0000,0.0000,1172666.1250,31.1761,167261.7656,120.7074,218410
42,9,LosAngeles_Medium,train,MAPPER,3600,20,159,118,0.7421,1.0000,0.0000,995.8305,90.5300,0.5773,3.0903,579.3813,471.1567,2441.4438,0.8428,47.4464,43.1078,1909.2744,259.1607,1095.2327,54761.6367,0,0,-0.0043,0.2266,0.6623,0.1077,627,0.7421,0.2579,3.0867,3352.7056,uniform,0.1937,0.3869,1.8334,0.0000,1.0000,0.0000,91.0926,20,2599.0391,0.0292,1.0675,4,0,288090.3750,3.9434,0.0000,3.9434,0.7321,2.2048,0.0000,1.4870,20105.4375,148,1.5812,0.0000,0.0000,0.0000,978623.5000,17.0440,131142.6250,153.8289,174142
42,9,LosAngeles_Medium,train,MAPPO,3600,20,159,124,0.7799,1.0000,0.0000,987.5081,75.9622,0.6963,3.0877,570.9194,461.6357,2458.6016,0.8613,47.4464,43.1078,1909.2744,259.1607,906.0063,45300.3164,0,0,-0.0080,0.2433,0.3471,0.1117,614,0.7799,0.2201,3.0844,3352.7056,uniform,0.1906,0.3734,1.8334,0.0000,1.0000,0.0000,79.1991,20,2599.2214,0.0295,1.1041,4,0,304866.5938,3.8616,0.0000,3.8616,0.7808,2.2374,0.0000,1.6601,30473.3672,162,1.7476,0.0000,0.0000,0.0000,785590.2500,23.6981,93152.4297,199.7275,144055
42,10,Paris_Small,train,IPPO,3600,10,94,87,0.9255,1.0000,0.0000,483.2069,161.0690,0.3396,3.0360,253.9310,243.2967,1052.7510,0.8292,23.8265,22.0634,860.6082,234.6201,996.0213,99602.1250,0,0,-0.0002,0.1145,0.6927,0.1265,324,0.9255,0.0745,3.0398,1675.3453,uniform,0.2586,0.4741,1.6604,0.0000,1.0000,0.0000,43.3808,13,1329.5331,0.0394,0.9106,6,0,91589.3359,3.4468,0.0000,3.4468,0.9405,0.9436,0.0000,1.1392,2601.0903,28,1.1302,0.0000,0.0000,0.0000,807785.3750,20.4574,62026.0312,147.9357,93626
42,10,Paris_Small,train,MAPPER,3600,10,94,80,0.8511,1.0000,0.0000,602.5875,120.5175,0.5038,3.0329,248.7250,357.1463,1046.2443,0.8413,23.8265,22.0634,860.6082,234.6201,883.2128,88321.2734,0,0,-0.0026,0.2793,0.6313,0.0692,358,0.8511,0.1489,3.0363,1675.3453,uniform,0.1914,0.3518,1.6604,0.0000,1.0000,0.0000,39.4762,13,1329.6842,0.0393,1.1390,4,1,83699.5391,3.8085,0.0000,3.8085,0.8792,0.9593,0.0000,1.4348,8652.9941,51,1.3893,0.0000,0.0000,0.0000,790207.7500,17.1702,53166.8438,224.6046,83022
42,10,Paris_Small,train,MAPPO,3600,10,94,83,0.8830,1.0000,0.0000,515.6385,128.9096,0.4250,3.0342,255.5783,269.4091,1054.5840,0.8253,23.8265,22.0634,860.6082,234.6201,597.1702,59717.0195,0,0,-0.0053,0.1061,0.3212,0.0679,351,0.8830,0.1170,3.0381,1675.3453,uniform,0.2219,0.4177,1.6604,0.0000,1.0000,0.0000,44.6615,13,1329.5427,0.0390,1.1087,6,1,87530.4766,3.7340,0.0000,3.7340,0.9034,0.9501,0.0000,1.2939,6119.9199,49,2.4972,0.0000,0.0000,0.0000,503289.2812,10.8723,21200.2637,277.7560,56134
42,11,Paris_Medium,train,IPPO,3600,20,158,147,0.9304,1.0000,0.0000,867.6259,96.4029,0.4768,3.0277,550.3878,330.6602,2171.9595,0.7892,46.8401,44.4319,1833.4314,230.7251,2615.1519,130757.5938,0,0,-0.0001,0.1369,0.6925,0.1348,636,0.9304,0.0696,3.0334,3352.9456,uniform,0.2459,0.4854,1.5998,0.0000,1.0000,0.0000,115.9958,15,2642.7998,0.0306,0.8591,6,1,319278.0312,4.0253,0.0000,4.0253,0.9544,1.8607,0.0000,1.1497,5937.0303,76,1.3293,0.0000,0.0000,0.0000,2098074.5000,27.1456,299264.9688,203.9952,413194
42,11,Paris_Medium,train,MAPPER,3600,20,158,129,0.8165,1.0000,0.0000,951.5582,105.7287,0.4904,3.0266,545.0775,460.2207,2124.0444,0.7794,46.8401,44.4319,1833.4314,230.7251,1613.6075,80680.3828,0,0,-0.0025,0.2850,0.6232,0.0829,616,0.8165,0.1835,3.0330,3352.9456,uniform,0.2533,0.4649,1.5998,0.0000,1.0000,0.0000,120.2686,15,2642.9370,0.0303,0.9469,5,0,274001.7188,3.8987,0.0000,3.8987,0.8577,1.9054,0.0000,1.2009,9865.6250,78,1.3038,0.0000,0.0000,0.0000,1460985.5000,13.1835,189040.3906,264.5301,254950
42,11,Paris_Medium,train,MAPPO,3600,20,158,139,0.8797,1.0000,0.0000,833.8993,69.4916,0.6068,3.0254,510.6115,367.1355,2157.9707,0.8452,46.8401,44.4319,1833.4314,230.7251,1510.6456,75532.2812,0,0,-0.0075,0.1303,0.2375,0.0793,586,0.8797,0.1203,3.0312,3352.9456,uniform,0.1553,0.3103,1.5998,0.0000,1.0000,0.0000,79.0174,15,2642.9883,0.0306,0.9939,4,0,299957.9375,3.7089,0.0000,3.7089,0.8746,1.8032,0.0000,1.2915,12465.8262,121,1.4355,0.0000,0.0000,0.0000,1353071.0000,13.9367,153019.3594,384.5961,238682
42,12,Tokyo_Small,train,IPPO,3600,25,89,78,0.8764,1.0000,0.0000,610.4615,50.8718,0.4869,3.0650,300.4744,340.9176,1277.1140,0.8501,29.2441,26.6215,966.2589,246.4534,1637.6405,163764.0469,0,0,-0.0002,0.1207,0.6925,0.1250,286,0.8764,0.1236,3.0673,1676.4220,uniform,0.2811,0.5198,1.7445,0.0000,1.0000,0.0000,45.0516,12,1320.2328,0.0394,1.1706,6,0,99614.8906,3.2135,0.0000,3.2135,0.9221,1.1753,0.0000,1.4811,11409.9053,62,1.5726,0.0000,0.0000,0.0000,1489475.8750,19.5169,122240.2344,115.9920,145750
42,12,Tokyo_Small,train,MAPPER,3600,25,89,79,0.8876,1.0000,0.0000,602.3418,50.1951,0.5182,3.0649,302.4557,307.7262,1240.2391,0.8201,29.2441,26.6215,966.2589,246.4534,682.9101,68291.0078,0,0,-0.0078,0.1845,0.6154,0.0488,262,0.8876,0.1124,3.0672,1676.4220,uniform,0.3034,0.6003,1.7445,0.0000,1.0000,0.0000,54.4079,12,1320.2333,0.0388,1.0768,8,0,97978.8906,2.9438,0.0000,2.9438,0.8841,1.1126,0.0000,1.3705,7143.0278,48,1.8626,0.0000,0.0000,0.0000,593874.5000,6.8427,42351.8633,118.0124,60779
42,12,Tokyo_Small,train,MAPPO,3600,25,89,81,0.9101,1.0000,0.0000,540.1235,54.0123,0.4221,3.0660,287.7654,257.1798,1238.4254,0.8607,29.2441,26.6215,966.2589,246.4534,368.7978,36879.7734,0,0,-0.0058,0.0589,0.2138,0.0525,308,0.9101,0.0899,3.0677,1676.4220,uniform,0.2451,0.4444,1.7445,0.0000,1.0000,0.0000,40.0804,12,1320.2753,0.0387,1.0509,5,0,100312.4609,3.4607,0.0000,3.4607,0.9045,1.1102,0.0000,1.2338,5126.2510,45,1.5108,0.0000,0.0000,0.0000,279158.8750,5.0449,12424.2744,139.5625,32823
42,13,Tokyo_Medium,train,IPPO,3600,50,165,135,0.8182,1.0000,0.0000,974.1778,32.4726,0.6193,3.0809,564.1481,462.7857,2282.0789,0.8090,58.6350,55.7169,1816.4775,291.7909,5507.9878,275399.3750,0,0,0.0000,0.3758,0.6923,0.2130,630,0.8182,0.1818,3.0746,3351.6560,uniform,0.2154,0.4187,1.5548,0.0000,1.0000,0.0000,107.7324,15,2632.9233,0.0281,1.0003,5,0,308080.6250,3.8182,0.0000,3.8182,0.8219,1.7004,0.0000,1.3009,15900.3916,122,2.2293,0.0000,0.0000,0.0000,5246468.5000,32.5212,833424.9375,195.4115,908818
42,13,Tokyo_Medium,train,MAPPER,3600,50,165,120,0.7273,1.0000,0.0000,1008.0333,32.5172,0.6275,3.0801,533.7250,538.7518,2286.5352,0.8568,58.6350,55.7169,1816.4775,291.7909,1501.7878,75089.3984,0,0,-0.0030,0.2864,0.6099,0.0832,652,0.7273,0.2727,3.0738,3351.6560,uniform,0.2472,0.4655,1.5548,0.0000,1.0000,0.0000,76.4179,15,2632.7620,0.0281,1.0354,5,1,274384.2188,3.9515,0.0000,3.9515,0.7486,1.7423,0.0000,1.2878,17946.7246,117,2.1282,0.0000,0.0000,0.0000,1390598.5000,15.9576,197336.7188,194.6206,247795
42,13,Tokyo_Medium,train,MAPPO,3600,50,165,111,0.6727,1.0000,0.0000,1062.7478,28.7229,0.7487,3.0773,543.4324,637.7015,2335.3152,0.8595,58.6350,55.7169,1816.4775,291.7909,1401.3636,70068.1797,0,0,-0.0032,0.1132,0.1331,0.0710,585,0.6727,0.3273,3.0725,3351.6560,uniform,0.2209,0.4167,1.5548,0.0000,1.0000,0.0000,76.3694,15,2632.7986,0.0272,1.1168,3,0,259220.0000,3.5455,0.0000,3.5455,0.7116,1.7906,0.0000,1.3900,22254.3574,176,3.1541,0.0000,0.0000,0.0000,1282890.1250,45.5273,139916.7500,434.9118,231225
42,14,LosAngeles_Small,train,IPPO,3600,25,92,74,0.8043,1.0000,0.0000,664.1486,47.4392,0.5746,3.0773,329.8919,350.2118,1419.0458,0.8603,21.8859,20.3656,1066.5768,237.8719,1320.2826,132028.2656,0,0,-0.0001,0.1400,0.6923,0.1272,327,0.8043,0.1957,3.0800,1675.2097,uniform,0.2470,0.4555,1.6771,0.0000,1.0000,0.0000,46.0828,13,1308.4958,0.0458,1.1669,5,0,105009.3906,3.5543,0.0000,3.5543,0.8486,1.2753,0.0000,1.4410,9319.8945,77,2.0031,0.0000,0.0000,0.0000,1199923.2500,30.2935,98228.4297,132.2245,121466
42,14,LosAngeles_Small,train,MAPPER,3600,25,92,73,0.7935,1.0000,0.0000,762.0822,50.8055,0.6277,3.0766,332.1507,444.6329,1424.2477,0.8576,21.8859,20.3656,1066.5768,237.8719,586.5761,58657.6094,0,0,-0.0064,0.2280,0.5429,0.0557,352,0.7935,0.2065,3.0795,1675.2097,uniform,0.2388,0.4334,1.6771,0.0000,1.0000,0.0000,47.3011,13,1308.5803,0.0449,1.3472,4,0,103970.0859,3.8261,0.0000,3.8261,0.8393,1.2786,0.0000,1.6308,13857.5518,104,3.2370,0.0000,0.0000,0.0000,506092.5312,18.5326,30574.6055,173.7613,53965
42,14,LosAngeles_Small,train,MAPPO,3600,25,92,82,0.8913,1.0000,0.0000,588.8293,45.2946,0.5522,3.0795,325.1342,311.9091,1399.6692,0.8610,21.8859,20.3656,1066.5768,237.8719,340.6413,34064.1289,0,0,-0.0055,0.0612,0.1273,0.0521,351,0.8913,0.1087,3.0826,1675.2097,uniform,0.2000,0.3771,1.6771,0.0000,1.0000,0.0000,45.2003,13,1308.4930,0.0457,1.1705,5,0,114772.8750,3.8152,0.0000,3.8152,0.9420,1.2775,0.0000,1.5144,10395.3945,66,1.6795,0.0000,0.0000,0.0000,259968.4844,4.9457,10318.5088,147.8123,31339
42,15,LosAngeles_Medium,train,IPPO,3600,50,158,116,0.7342,1.0000,0.0000,946.3707,33.7990,0.5650,3.1052,537.7328,471.6045,2244.7275,0.8349,46.3504,43.6703,1784.6791,266.0063,3893.5254,194676.2656,0,0,-0.0001,0.3942,0.6921,0.2152,608,0.7342,0.2658,3.1101,3351.0864,uniform,0.2440,0.4952,1.7805,0.0000,1.0000,0.0000,88.7873,19,2608.2209,0.0234,1.0104,5,0,260388.4062,3.8481,0.0000,3.8481,0.7524,1.9017,0.0000,1.4953,23571.3594,116,3.2351,0.0000,0.0000,0.0000,3665956.5000,28.6899,556532.5000,143.6012,615177
42,15,LosAngeles_Medium,train,MAPPER,3600,50,158,115,0.7278,1.0000,0.0000,1052.1217,35.0707,0.6024,3.1035,532.3739,565.9259,2259.4434,0.8488,46.3504,43.6703,1784.6791,266.0063,1566.5950,78329.7500,0,0,-0.0054,0.2908,0.5855,0.0808,605,0.7278,0.2722,3.1085,3351.0864,uniform,0.2242,0.4291,1.7805,0.0000,1.0000,0.0000,80.4852,19,2608.3655,0.0235,1.1856,4,1,259835.9844,3.8291,0.0000,3.8291,0.7543,1.9229,0.0000,1.5913,21372.8320,186,2.9455,0.0000,0.0000,0.0000,1444733.3750,18.6013,199014.3906,185.1505,247522
42,15,LosAngeles_Medium,train,MAPPO,3600,50,158,121,0.7658,0.9873,0.0127,1010.4463,29.7190,0.6972,3.1006,533.4380,520.9137,2263.3242,0.8486,46.3504,43.6703,1780.6168,269.7705,957.0633,47853.1641,0,0,-0.0022,0.0375,0.0769,0.0408,614,0.7756,0.2244,3.1070,3351.0864,uniform,0.1853,0.3563,1.7875,1.2347,0.9873,0.0000,80.7731,19,2608.3044,0.0243,1.1345,3,0,273862.2188,3.8861,0.0000,3.8861,0.8109,1.9647,3.0912,1.4956,26132.1270,180,3.8250,0.0000,0.0000,0.0000,831700.0625,32.9557,81892.2969,313.3961,151216
42,16,Paris_Small,train,IPPO,3600,25,95,87,0.9158,1.0000,0.0000,563.4023,51.2184,0.4438,3.0320,271.8391,313.9785,1129.4337,0.8310,24.1370,23.1763,940.3734,249.3585,1810.0631,181006.3125,0,0,-0.0001,0.1615,0.6920,0.1349,351,0.9158,0.0842,3.0329,1678.2291,uniform,0.2502,0.4570,1.5461,0.0000,1.0000,0.0000,45.9523,13,1327.6248,0.0336,1.0585,6,0,98260.7266,3.6947,0.0000,3.6947,0.9373,0.8850,0.0000,1.2105,3828.1338,44,1.5317,0.0000,0.0000,0.0000,1608659.8750,26.1263,136937.6406,167.2128,171956
42,16,Paris_Small,train,MAPPER,3600,25,95,85,0.8947,1.0000,0.0000,648.1647,54.0137,0.5183,3.0291,291.7177,352.7753,1150.8383,0.7890,24.1370,23.1763,940.3734,249.3585,989.1684,98916.8438,0,0,-0.0044,0.2163,0.5025,0.0474,314,0.8947,0.1053,3.0297,1678.2291,uniform,0.2482,0.4472,1.5461,0.0000,1.0000,0.0000,61.5500,13,1327.6133,0.0343,1.1102,5,1,97821.2578,3.3053,0.0000,3.3053,0.8969,0.8668,0.0000,1.3031,7433.2690,59,1.8722,0.0000,0.0000,0.0000,909008.5000,11.1474,66504.9062,208.9586,93971
42,16,Paris_Small,train,MAPPO,3600,25,95,89,0.9368,1.0000,0.0000,571.4832,43.9602,0.5202,3.0300,276.2360,297.3369,1150.4003,0.8329,24.1370,23.1763,940.3734,249.3585,530.2211,53022.1055,0,0,-0.0035,0.0174,0.0840,0.0271,334,0.9368,0.0632,3.0308,1678.2291,uniform,0.2011,0.3639,1.5461,0.0000,1.0000,0.0000,46.1559,13,1327.6453,0.0338,1.0922,5,1,102385.6172,3.5158,0.0000,3.5158,0.9603,0.8863,0.0000,1.2212,3980.6184,52,1.8823,0.0000,0.0000,0.0000,447971.9688,8.3579,20773.2207,229.3081,50371
42,17,Paris_Medium,train,IPPO,3600,50,157,142,0.9045,1.0000,0.0000,846.9084,29.2037,0.5842,3.0265,521.5352,338.7600,2094.3445,0.8031,47.1699,42.7441,1807.9412,257.9812,5312.6626,265633.1250,0,0,-0.0002,0.1508,0.6918,0.1288,613,0.9045,0.0955,3.0273,3351.5962,uniform,0.2380,0.4335,1.7672,0.0000,1.0000,0.0000,102.6663,14,2643.8611,0.0322,0.9000,5,0,297396.9062,3.9045,0.0000,3.9045,0.9034,1.7999,0.0000,1.2729,14031.4961,87,2.2068,0.0000,0.0000,0.0000,5013350.0000,31.7707,750976.5625,230.0618,834088
42,17,Paris_Medium,train,MAPPER,3600,50,157,146,0.9299,1.0000,0.0000,835.6918,28.8170,0.5918,3.0249,499.3219,355.0641,2111.7539,0.8458,47.1699,42.7441,1807.9412,257.9812,1770.5477,88527.3906,0,0,-0.0047,0.1635,0.5273,0.0394,578,0.9299,0.0701,3.0258,3351.5962,uniform,0.2066,0.3779,1.7672,0.0000,1.0000,0.0000,76.9712,14,2643.9492,0.0322,0.9442,4,1,308316.0938,3.6815,0.0000,3.6815,0.9533,1.8474,0.0000,1.1961,9070.9912,97,1.8896,0.0000,0.0000,0.0000,1635786.2500,10.5732,218565.9375,243.6484,277976
42,17,Paris_Medium,train,MAPPO,3600,50,157,151,0.9618,1.0000,0.0000,777.6490,28.8018,0.5495,3.0267,503.5431,279.9554,2104.8901,0.8360,47.1699,42.7441,1807.9412,257.9812,781.1529,39057.6445,0,0,-0.0030,0.0209,0.0499,0.0297,611,0.9618,0.0382,3.0274,3351.5962,uniform,0.1780,0.3318,1.7672,0.0000,1.0000,0.0000,82.5650,14,2643.9370,0.0323,0.8580,4,1,317838.4062,3.8917,0.0000,3.8917,0.9804,1.8370,0.0000,1.1519,6895.7383,74,1.9950,0.0000,0.0000,0.0000,642829.1250,8.1210,58843.0469,268.0346,122641
42,18,Tokyo_Small,train,IPPO,3600,7,93,72,0.7742,1.0000,0.0000,575.8055,287.9028,0.3457,2.9779,299.6945,299.6667,1210.7677,0.8080,28.1483,26.0709,897.9415,251.2568,615.0860,61508.6016,0,0,-0.0002,0.1221,0.6916,0.1137,355,0.7742,0.2258,2.9133,1592.6163,shock_pick,0.3519,0.6597,1.6966,0.0000,1.0000,1.0000,57.5409,16,1238.9270,0.3498,1.2383,7,0,87175.2734,3.8172,0.0000,3.8172,0.7198,0.9160,0.0000,1.3444,7414.5298,58,1.0384,0.0000,0.0000,0.0000,474841.6250,20.5914,33821.0469,111.1762,57203
42,18,Tokyo_Small,train,MAPPER,3600,7,93,73,0.7849,1.0000,0.0000,602.9315,200.9772,0.5409,2.9757,287.2055,337.0000,1220.5176,0.8499,28.1483,26.0709,897.9415,251.2568,486.7312,48673.1172,0,0,-0.0069,0.1903,0.4902,0.0439,321,0.7849,0.2151,2.9123,1592.6163,shock_pick,0.3212,0.5866,1.6966,0.0000,1.0000,1.0000,43.1020,16,1238.9111,0.3448,1.1024,6,0,89097.7812,3.4516,0.0000,3.4516,0.7346,0.9220,0.0000,1.2934,6201.0015,57,1.4554,0.0000,0.0000,0.0000,397171.4688,10.8602,24943.2871,128.9660,45266
42,18,Tokyo_Small,train,MAPPO,3600,7,93,76,0.8172,1.0000,0.0000,536.2105,178.7368,0.4581,2.9771,291.1184,267.1512,1212.2793,0.8328,28.1483,26.0709,897.9415,251.2568,384.9677,38496.7734,0,0,-0.0043,0.0619,0.0527,0.0524,300,0.8172,0.1828,2.9165,1592.6163,shock_pick,0.3132,0.5650,1.6966,0.0000,1.0000,1.0000,48.6626,16,1238.9351,0.3496,1.3455,5,0,92133.2266,3.2258,0.0000,3.2258,0.8012,0.9659,0.0000,1.4169,8875.6553,68,1.1637,0.0000,0.0000,0.0000,297001.8125,7.5484,15161.4707,133.9768,35802
42,19,Tokyo_Medium,train,IPPO,3600,14,167,132,0.7904,1.0000,0.0000,956.0151,136.5736,0.5360,2.9953,597.3636,427.4935,2311.5381,0.7739,58.0171,55.9548,1908.6396,283.5766,1685.1976,84259.8828,0,0,-0.0002,0.3873,0.6913,0.2029,667,0.7904,0.2096,2.9884,3176.3809,shock_pick,0.2419,0.4606,1.6648,0.0000,1.0000,0.0000,135.0560,15,2461.0664,0.3773,0.9137,6,1,305123.0312,3.9940,0.0000,3.9940,0.7823,1.8288,0.0000,1.2826,13591.4189,71,1.5487,0.0000,0.0000,0.0000,1273599.6250,24.2874,188710.6875,143.5988,281428
42,19,Tokyo_Medium,train,MAPPER,3600,14,167,120,0.7186,1.0000,0.0000,996.9583,199.3917,0.4119,2.9964,607.5250,454.2370,2403.5906,0.7913,58.0171,55.9548,1908.6396,283.5766,1368.9462,68447.3047,0,0,-0.0038,0.3310,0.5382,0.0795,637,0.7186,0.2814,2.9850,3176.3809,shock_pick,0.2532,0.5145,1.6648,0.0000,1.0000,0.0000,126.8069,15,2461.0173,0.3774,0.9585,7,0,288430.8438,3.8144,0.0000,3.8144,0.6972,1.7929,0.0000,1.1996,9358.4707,80,1.1475,0.0000,0.0000,0.0000,1228915.0000,13.7964,174464.0938,184.2234,228614
42,19,Tokyo_Medium,train,MAPPO,3600,14,167,127,0.7605,1.0000,0.0000,1008.2834,100.8283,0.7225,2.9879,558.2441,533.3586,2387.4055,0.8553,58.0171,55.9548,1908.6396,283.5766,1182.6047,59130.2422,0,0,-0.0007,0.0127,0.0216,0.0142,677,0.7605,0.2395,2.9769,3176.3809,shock_pick,0.1699,0.3238,1.6648,0.0000,1.0000,0.0000,80.7630,15,2461.0610,0.3776,1.1409,3,1,303200.5000,4.0539,0.0000,4.0539,0.7888,1.9167,0.0000,1.3844,24103.0859,140,1.6435,0.0000,0.0000,0.0000,1035172.6250,27.7784,129436.5312,260.1062,197495
42,20,LosAngeles_Small,train,IPPO,3600,7,92,81,0.8804,1.0000,0.0000,613.1358,306.5679,0.4141,2.9575,318.2963,306.3140,1307.8754,0.8218,24.0325,22.5183,971.8627,223.8423,561.4022,56140.2188,0,0,-0.0002,0.1738,0.6911,0.1344,357,0.8804,0.1196,2.9330,1592.4272,shock_pick,0.2663,0.4983,1.7253,0.0000,1.0000,1.0000,56.7212,14,1225.7925,0.4284,1.0414,6,1,105937.9062,3.8804,0.0000,3.8804,0.8950,1.0612,0.0000,1.3070,4592.8901,37,1.0853,0.0000,0.0000,0.0000,372990.6875,21.2609,25682.4121,93.8361,51649
42,20,LosAngeles_Small,train,MAPPER,3600,7,92,73,0.7935,1.0000,0.0000,700.1781,233.3927,0.4981,2.9506,336.0137,378.6500,1280.5480,0.7622,24.0325,22.5183,971.8627,223.8423,510.0869,51008.6953,0,0,-0.0058,0.1794,0.3963,0.0389,363,0.7935,0.2065,2.9344,1592.4272,shock_pick,0.2911,0.5261,1.7253,0.0000,1.0000,1.0000,79.9041,14,1225.8970,0.4352,1.0942,6,1,93480.0000,3.9457,0.0000,3.9457,0.8117,1.0678,0.0000,1.3605,5789.8071,50,1.1226,0.0000,0.0000,0.0000,409928.5312,12.2174,26251.0840,124.5926,46928
42,20,LosAngeles_Small,train,MAPPO,3600,7,92,86,0.9348,1.0000,0.0000,598.1279,199.3760,0.5513,2.9502,298.6395,302.9659,1276.8724,0.8551,24.0325,22.5183,971.8627,223.8423,424.9565,42495.6523,0,0,-0.0032,0.0206,0.0259,0.0293,335,0.9348,0.0652,2.9227,1592.4272,shock_pick,0.1930,0.3573,1.7253,0.0000,1.0000,1.0000,43.2650,14,1225.8147,0.4341,1.1858,5,1,109811.0312,3.6413,0.0000,3.6413,0.9131,1.0196,0.0000,1.3198,6679.5278,63,1.1983,0.0000,0.0000,0.0000,331220.7812,11.5761,17059.5527,145.7924,39096
42,21,LosAngeles_Medium,train,IPPO,3600,14,161,137,0.8509,1.0000,0.0000,912.6934,114.0867,0.5766,2.9624,603.6132,352.2617,2478.6731,0.8213,46.6700,42.7531,1913.3988,256.8589,1384.1243,69206.2109,0,0,-0.0002,0.2030,0.6908,0.1397,635,0.8509,0.1491,2.8776,3184.8669,shock_pick,0.2176,0.4313,1.6006,0.0000,1.0000,1.0000,107.8785,17,2449.9280,0.4042,0.8701,6,1,339578.1875,3.9441,0.0000,3.9441,0.8918,2.0649,0.0000,1.4934,22890.8945,84,1.1491,0.0000,0.0000,0.0000,1054760.7500,28.5901,150967.9531,117.0744,222844
42,21,LosAngeles_Medium,train,MAPPER,3600,14,161,122,0.7578,1.0000,0.0000,875.0984,175.0197,0.4229,2.9630,547.3197,383.9286,2332.0193,0.8522,46.6700,42.7531,1913.3988,256.8589,908.0062,45400.3086,0,0,-0.0034,0.2443,0.5002,0.0711,624,0.7578,0.2422,2.8765,3184.8669,shock_pick,0.2496,0.4748,1.6006,0.0000,1.0000,1.0000,80.9158,17,2450.0139,0.4051,1.0074,5,0,284506.3438,3.8758,0.0000,3.8758,0.7792,2.0260,0.0000,1.4041,16249.3184,92,1.2160,0.0000,0.0000,0.0000,761099.7500,12.6894,100420.0859,137.3754,146189
42,21,LosAngeles_Medium,train,MAPPO,3600,14,161,136,0.8447,1.0000,0.0000,888.6544,98.7394,0.6787,2.9585,566.9191,362.3600,2445.4346,0.8627,46.6700,42.7531,1913.3988,256.8589,821.0062,41050.3125,0,0,-0.0001,0.0109,0.0141,0.0208,652,0.8447,0.1553,2.8721,3184.8669,shock_pick,0.1765,0.3405,1.6006,0.0000,1.0000,1.0000,77.8322,17,2450.1177,0.4039,1.0805,4,1,332579.1250,4.0497,0.0000,4.0497,0.8631,2.0132,0.0000,1.3866,20945.2832,158,1.4051,0.0000,0.0000,0.0000,664680.5000,23.5901,76154.3750,191.6743,132182
42,22,Paris_Small,train,IPPO,3600,7,93,88,0.9462,1.0000,0.0000,491.7500,491.7500,0.2567,2.9143,270.4091,231.3626,1084.2104,0.8019,24.1098,23.1762,904.8930,227.2545,801.8065,80180.6484,0,0,-0.0001,0.1483,0.6906,0.1112,334,0.9462,0.0538,2.8835,1589.7217,shock_pick,0.2077,0.3820,1.7313,0.0000,1.0000,1.0000,53.5670,14,1250.8188,0.4508,0.9343,6,1,95410.5234,3.5914,0.0000,3.5914,0.9662,1.0365,0.0000,1.0969,1607.0199,16,1.0000,0.0000,0.0000,0.0000,583780.8125,18.5054,41258.7539,140.1402,74568
42,22,Paris_Small,train,MAPPER,3600,7,93,86,0.9247,1.0000,0.0000,567.8721,189.2907,0.4806,2.9109,259.7558,308.1163,1083.5575,0.8343,24.1098,23.1762,904.8930,227.2545,597.8602,59786.0234,0,0,-0.0033,0.1779,0.3898,0.0350,333,0.9247,0.0753,2.8856,1589.7217,shock_pick,0.2558,0.4569,1.7313,0.0000,1.0000,1.0000,43.0443,14,1250.8580,0.4495,1.0747,5,0,93185.9453,3.5806,0.0000,3.5806,0.9587,1.0524,0.0000,1.2344,4146.6851,46,1.6793,0.0000,0.0000,0.0000,498678.1875,11.5806,30173.6523,174.2317,55601
42,22,Paris_Small,train,MAPPO,3600,7,93,90,0.9677,1.0000,0.0000,467.0667,233.5333,0.4115,2.9137,249.0444,223.6264,1065.7450,0.8559,24.1098,23.1762,904.8930,227.2545,542.5054,54250.5391,0,0,-0.0015,0.0058,0.0194,0.0154,325,0.9677,0.0323,2.8852,1589.7217,shock_pick,0.1815,0.3333,1.7313,0.0000,1.0000,1.0000,35.8954,14,1250.8419,0.4482,1.0061,5,1,95917.0547,3.4946,0.0000,3.4946,0.9786,1.0265,0.0000,1.0989,2293.8569,23,1.6608,0.0000,0.0000,0.0000,444341.8125,6.7742,22490.7871,202.5069,50453
42,23,Paris_Medium,train,IPPO,3600,14,152,138,0.9079,1.0000,0.0000,883.2899,126.1843,0.5202,2.9413,559.3116,350.3490,2249.9846,0.8046,47.7712,42.0445,1972.1749,259.7674,2177.6907,108884.5391,0,0,-0.0001,0.1803,0.6901,0.1258,606,0.9079,0.0921,2.9147,3176.5178,shock_pick,0.2296,0.4333,1.6945,0.0000,1.0000,0.0000,109.3147,15,2484.0291,0.2758,0.9312,5,0,310497.8750,3.9868,0.0000,3.9868,0.8701,1.9285,0.0000,1.2066,9580.7383,75,1.1980,0.0000,0.0000,0.0000,1601212.1250,29.5724,212492.5781,203.2378,331009
42,23,Paris_Medium,train,MAPPER,3600,14,152,130,0.8553,1.0000,0.0000,849.1077,169.8215,0.3908,2.9409,549.2615,343.0986,2305.7566,0.8396,47.7712,42.0445,1972.1749,259.7674,1264.0264,63201.3164,0,0,-0.0056,0.3412,0.4630,0.0538,573,0.8553,0.1447,2.9141,3176.5178,shock_pick,0.2011,0.3825,1.6945,0.0000,1.0000,0.0000,88.1102,15,2484.0920,0.2716,0.8534,5,1,299748.3750,3.7697,0.0000,3.7697,0.8542,2.0099,0.0000,1.1324,5477.5508,51,1.1400,0.0000,0.0000,0.0000,1085151.6250,14.1184,126229.9844,254.6940,192132
42,23,Paris_Medium,train,MAPPO,3600,14,152,144,0.9474,1.0000,0.0000,862.6250,95.8472,0.6540,2.9363,532.2847,337.6600,2279.2397,0.8564,47.7712,42.0445,1972.1749,259.7674,1406.3618,70318.0938,0,0,-0.0014,0.0148,0.0102,0.0232,580,0.9474,0.0526,2.9065,3176.5178,shock_pick,0.1470,0.2867,1.6945,0.0000,1.0000,0.0000,76.4368,15,2484.1555,0.2744,0.9232,4,1,328210.5000,3.8158,0.0000,3.8158,0.9265,1.9681,0.0000,1.1570,7056.4268,73,1.6052,0.0000,0.0000,0.0000,1192758.2500,18.6447,114775.5703,437.6594,213767
42,24,Tokyo_Small,train,IPPO,3600,10,92,73,0.7935,1.0000,0.0000,654.3425,163.5856,0.4611,2.9678,303.4247,389.2299,1270.6412,0.8375,28.7565,26.5291,909.2928,226.0548,892.8804,89288.0469,0,0,-0.0002,0.3618,0.6900,0.1810,312,0.7935,0.2065,2.9459,1593.9980,shock_pick,0.2343,0.4253,1.5669,0.0000,1.0000,1.0000,49.2964,16,1235.5289,0.4295,1.1228,5,1,92756.8125,3.3913,0.0000,3.3913,0.7793,0.7775,0.0000,1.3394,5452.6968,49,1.2274,0.0000,0.0000,0.0000,714808.5000,19.0870,54151.8086,126.2042,82145
42,24,Tokyo_Small,train,MAPPER,3600,10,92,66,0.7174,1.0000,0.0000,616.0151,205.3384,0.3996,2.9672,292.6060,372.4583,1213.4042,0.8294,28.7565,26.5291,909.2928,226.0548,688.5435,68854.3516,0,0,-0.0037,0.2248,0.3937,0.0426,315,0.7174,0.2826,2.9493,1593.9980,shock_pick,0.2626,0.4753,1.5669,0.0000,1.0000,1.0000,49.9252,16,1235.5450,0.4290,1.3521,4,1,80084.6719,3.4239,0.0000,3.4239,0.6637,0.7324,0.0000,1.8163,15058.6709,55,1.2685,0.0000,0.0000,0.0000,574963.3125,10.1087,39400.4453,146.6993,63346
42,24,Tokyo_Small,train,MAPPO,3600,10,92,78,0.8478,1.0000,0.0000,690.4487,138.0898,0.5751,2.9637,297.9359,404.7529,1246.3108,0.8366,28.7565,26.5291,909.2928,226.0548,745.2174,74521.7422,0,0,0.0000,0.0053,0.0115,0.0156,362,0.8478,0.1522,2.9425,1593.9980,shock_pick,0.2573,0.4721,1.5669,0.0000,1.0000,1.0000,48.6737,16,1235.5880,0.4281,1.3664,5,0,97212.2422,3.9348,0.0000,3.9348,0.8382,0.7827,0.0000,1.5483,11971.9512,77,1.7468,0.0000,0.0000,0.0000,626495.1875,19.0326,28242.1621,319.5168,68560
42,25,Tokyo_Medium,train,IPPO,3600,20,146,119,0.8151,1.0000,0.0000,815.4370,81.5437,0.5200,3.0033,503.3277,361.0672,2088.6982,0.8300,58.6112,56.9819,1689.4395,314.9601,2303.6233,115181.1641,0,0,-0.0002,0.2434,0.6896,0.1507,520,0.8151,0.1849,3.0314,3190.7681,shock_pick,0.2898,0.5484,1.7517,0.0000,1.0000,0.0000,85.5881,15,2476.6084,0.4420,1.0334,6,0,248555.0781,3.5616,0.0000,3.5616,0.8191,1.7859,0.0000,1.3187,12838.3564,115,1.3731,0.0000,0.0000,0.0000,1940534.7500,21.9726,261196.8906,151.5175,336329
42,25,Tokyo_Medium,train,MAPPER,3600,20,146,104,0.7123,1.0000,0.0000,865.6250,123.6607,0.3887,3.0021,504.2308,416.9744,2123.7659,0.8424,58.6112,56.9819,1689.4395,314.9601,1401.6576,70082.8750,0,0,-0.0036,0.2350,0.4543,0.0562,563,0.7123,0.2877,3.0298,3190.7681,shock_pick,0.2709,0.5048,1.7517,0.0000,1.0000,0.0000,79.4776,15,2476.4692,0.4420,1.0744,4,0,220871.6562,3.8562,0.0000,3.8562,0.6960,1.7364,0.0000,1.4366,21254.0879,108,1.3713,0.0000,0.0000,0.0000,1247958.2500,13.1986,154022.7500,193.0097,204642
42,25,Tokyo_Medium,train,MAPPO,3600,20,146,113,0.7740,1.0000,0.0000,820.5752,68.3813,0.6065,3.0015,486.2832,416.5074,2084.6191,0.8574,58.6112,56.9819,1689.4395,314.9601,1103.8151,55190.7500,0,0,-0.0002,0.0015,0.0099,0.0081,561,0.7740,0.2260,3.0299,3190.7681,shock_pick,0.2881,0.5577,1.7517,0.0000,1.0000,0.0000,69.3593,15,2476.5410,0.4413,1.1601,6,0,235561.9688,3.8425,0.0000,3.8425,0.7734,1.7760,0.0000,1.3805,18145.1855,139,1.4756,0.0000,0.0000,0.0000,948677.8125,14.9178,105451.8828,226.4065,161157
42,26,LosAngeles_Small,train,IPPO,3600,10,85,76,0.8941,1.0000,0.0000,478.2895,159.4298,0.3114,3.0121,261.1184,236.3625,1065.0404,0.8158,22.4365,19.2985,815.3680,237.5276,630.9177,63091.7656,0,0,-0.0003,0.1078,0.6891,0.0993,323,0.8941,0.1059,3.0162,1587.2783,shock_pick,0.2518,0.4641,1.7624,0.0000,1.0000,1.0000,48.1103,15,1221.1923,0.3750,1.2517,5,1,80943.0781,3.8000,0.0000,3.8000,0.8858,0.8569,0.0000,1.5841,11813.8408,47,1.1420,0.0000,0.0000,0.0000,463504.9375,16.7059,31164.8789,96.8613,53628
42,26,LosAngeles_Small,train,MAPPER,3600,10,85,77,0.9059,1.0000,0.0000,524.5455,131.1364,0.4149,3.0112,261.3766,283.5366,1053.9147,0.8064,22.4365,19.2985,815.3680,237.5276,487.7177,48771.7656,0,0,-0.0051,0.2627,0.3155,0.0385,320,0.9059,0.0941,3.0173,1587.2783,shock_pick,0.2320,0.4228,1.7624,0.0000,1.0000,1.0000,50.5937,15,1221.2097,0.3733,1.1476,5,1,81151.4297,3.7647,0.0000,3.7647,0.8995,0.8588,0.0000,1.4510,5853.3232,49,1.1881,0.0000,0.0000,0.0000,390508.4062,7.8118,23111.4844,118.6104,41456
42,26,LosAngeles_Small,train,MAPPO,3600,10,85,77,0.9059,1.0000,0.0000,442.4546,110.6136,0.4285,3.0107,251.3117,225.5122,1061.1364,0.8445,22.4365,19.2985,815.3680,237.5276,400.2588,40025.8828,0,0,0.0000,0.0013,0.0147,0.0059,332,0.9059,0.0941,3.0148,1587.2783,shock_pick,0.2532,0.4575,1.7624,0.0000,1.0000,1.0000,39.0844,15,1221.1808,0.3746,1.2334,5,1,81707.5000,3.9059,0.0000,3.9059,0.8660,0.8269,0.0000,1.4492,5518.4707,50,1.1505,0.0000,0.0000,0.0000,303914.1875,7.6588,14907.1436,128.5378,34022
42,27,LosAngeles_Medium,train,IPPO,3600,20,167,139,0.8323,1.0000,0.0000,837.5612,83.7561,0.5119,2.9846,523.0287,365.8239,2073.5994,0.7929,47.3229,42.1918,1608.9871,241.3624,1728.5031,86425.1484,0,0,-0.0002,0.2683,0.6884,0.1542,676,0.8323,0.1677,2.9163,3184.9595,shock_pick,0.2683,0.5038,1.6686,0.0000,1.0000,1.0000,108.3089,19,2444.9158,0.3719,1.0258,6,0,288230.3125,4.0479,0.0000,4.0479,0.8442,1.6243,0.0000,1.3422,12125.8662,108,1.4007,0.0000,0.0000,0.0000,1484146.1250,29.0778,225959.4844,131.0982,288660
42,27,LosAngeles_Medium,train,MAPPER,3600,20,167,127,0.7605,1.0000,0.0000,827.8504,103.4813,0.4194,2.9912,499.3701,352.4429,2029.0311,0.8126,47.3229,42.1918,1608.9871,241.3624,1204.0839,60204.1914,0,0,-0.0027,0.2195,0.4461,0.0661,649,0.7605,0.2395,2.9271,3184.9595,shock_pick,0.2301,0.4450,1.6686,0.0000,1.0000,1.0000,93.5639,19,2444.9683,0.3579,1.0995,5,0,257686.9531,3.8862,0.0000,3.8862,0.7734,1.6287,0.0000,1.3680,13456.7822,125,1.5055,0.0000,0.0000,0.0000,1056803.1250,14.1557,149410.4531,162.1330,201082
42,27,LosAngeles_Medium,train,MAPPO,3600,20,167,133,0.7964,1.0000,0.0000,806.0000,62.0000,0.6612,2.9825,483.3684,372.3490,2075.4004,0.8587,47.3229,42.1918,1608.9871,241.3624,1167.2156,58360.7773,0,0,-0.0016,0.0076,0.0096,0.0154,657,0.7964,0.2036,2.9154,3184.9595,shock_pick,0.2024,0.3783,1.6686,0.0000,1.0000,1.0000,68.2883,19,2445.2847,0.3711,1.2608,4,0,276028.2500,3.9341,0.0000,3.9341,0.7951,1.5988,0.0000,1.5985,26659.2988,195,1.5771,0.0000,0.0000,0.0000,1018419.7500,28.9880,133739.3281,217.5873,194925
42,28,Paris_Small,train,IPPO,3600,10,94,83,0.8830,1.0000,0.0000,489.0723,122.2681,0.4712,2.8965,229.4578,270.7011,952.3211,0.8301,23.6083,21.6528,733.2462,229.9632,1104.0426,110404.2578,0,0,-0.0002,0.1348,0.6880,0.1088,363,0.8830,0.1170,2.7850,1592.2378,shock_pick,0.2570,0.4679,1.6661,0.0000,1.0000,1.0000,38.9936,15,1252.3630,0.3733,1.1433,6,1,79042.6484,3.8617,0.0000,3.8617,0.9384,0.8223,0.0000,1.2408,3075.8765,31,1.5641,0.0000,0.0000,0.0000,916913.8750,20.8298,69970.1875,172.5519,103780
42,28,Paris_Small,train,MAPPER,3600,10,94,83,0.8830,1.0000,0.0000,494.8795,123.7199,0.4305,2.8894,224.7108,270.9176,946.3658,0.8423,23.6083,21.6528,733.2462,229.9632,814.2979,81429.7891,0,0,-0.0036,0.1201,0.2827,0.0273,360,0.8830,0.1170,2.7821,1592.2378,shock_pick,0.2376,0.4277,1.6661,0.0000,1.0000,1.0000,35.4377,15,1252.3998,0.3791,1.1485,5,1,78548.3672,3.8298,0.0000,3.8298,0.9400,0.8237,0.0000,1.2371,3766.0005,38,1.2808,0.0000,0.0000,0.0000,717602.8125,8.5957,49250.6367,193.6617,76544
42,28,Paris_Small,train,MAPPO,3600,10,94,88,0.9362,1.0000,0.0000,415.3409,103.8352,0.4293,2.8961,222.6250,197.4835,931.9038,0.8372,23.6083,21.6528,733.2462,229.9632,527.1383,52713.8281,0,0,-0.0015,0.0133,0.0109,0.0216,359,0.9362,0.0638,2.7857,1592.2378,shock_pick,0.2508,0.4483,1.6661,0.0000,1.0000,1.0000,36.2442,15,1252.3508,0.3779,1.1056,5,0,82007.5391,3.8191,0.0000,3.8191,0.9707,0.8023,0.0000,1.2560,2852.5420,33,1.3957,0.0000,0.0000,0.0000,428905.7812,5.0213,21679.0332,198.2795,49551
42,29,Paris_Medium,train,IPPO,3600,20,153,136,0.8889,1.0000,0.0000,870.5588,87.0559,0.5230,2.9434,537.3750,343.7035,2138.3567,0.7959,45.9992,42.8522,1797.0369,243.8005,3158.8823,157944.1094,0,0,-0.0001,0.1617,0.6875,0.1092,578,0.8889,0.1111,2.9407,3182.2009,shock_pick,0.2336,0.4475,1.8050,0.0000,1.0000,1.0000,109.7037,14,2496.1631,0.3924,0.9494,5,1,290816.5000,3.7778,0.0000,3.7778,0.9364,2.1074,0.0000,1.1839,7915.5317,86,1.8203,0.0000,0.0000,0.0000,2570089.7500,26.4183,358207.0938,228.8694,483309
42,29,Paris_Medium,train,MAPPER,3600,20,153,130,0.8497,1.0000,0.0000,844.4769,93.8308,0.4558,2.9419,513.1769,347.4255,2152.2896,0.8388,45.9992,42.8522,1797.0369,243.8005,1967.2810,98364.0469,0,0,-0.0029,0.0971,0.3991,0.0308,550,0.8497,0.1503,2.9392,3182.2009,shock_pick,0.2068,0.3900,1.8050,0.0000,1.0000,1.0000,82.7190,14,2495.9641,0.3910,0.9561,4,0,279797.6562,3.5948,0.0000,3.5948,0.8612,2.0277,0.0000,1.1587,6663.5806,71,2.1294,0.0000,0.0000,0.0000,1782131.0000,11.7190,230475.5938,275.7569,300994
42,29,Paris_Medium,train,MAPPO,3600,20,153,138,0.9020,1.0000,0.0000,756.0000,68.7273,0.5818,2.9433,512.1014,258.8836,2143.5461,0.8372,45.9992,42.8522,1797.0369,243.8005,1615.7646,80788.2344,0,0,0.0001,0.0004,0.0067,0.0039,571,0.9020,0.0980,2.9407,3182.2009,shock_pick,0.1926,0.3659,1.8050,0.0000,1.0000,1.0000,83.3922,14,2496.0117,0.3915,1.0171,5,1,295809.3750,3.7320,0.0000,3.7320,0.9427,2.0909,0.0000,1.2713,9438.8877,81,1.5546,0.0000,0.0000,0.0000,1426803.5000,8.8562,170096.4688,315.0643,247212
42,30,Tokyo_Small,train,IPPO,3600,25,93,78,0.8387,1.0000,0.0000,640.5513,49.2732,0.5357,2.9812,300.3462,355.9048,1288.1514,0.8578,28.8704,27.3129,968.4745,245.7379,1965.0753,196507.5312,0,0,-0.0003,0.1108,0.6871,0.0966,342,0.8387,0.1613,2.9660,1587.4055,shock_pick,0.2359,0.4397,1.7746,0.0000,1.0000,1.0000,42.7159,18,1242.1008,0.4289,1.2947,6,1,100475.8047,3.6774,0.0000,3.6774,0.8529,1.0327,0.0000,1.3880,9492.6611,69,2.1934,0.0000,0.0000,0.0000,1767152.3750,24.1828,149298.1406,161.7980,182752
42,30,Tokyo_Small,train,MAPPER,3600,25,93,76,0.8172,1.0000,0.0000,740.8421,46.3026,0.6404,2.9788,315.9737,437.5128,1292.2483,0.8179,28.8704,27.3129,968.4745,245.7379,984.3549,98435.4844,0,0,-0.0064,0.2023,0.2838,0.0268,340,0.8172,0.1828,2.9604,1587.4055,shock_pick,0.2325,0.4292,1.7746,0.0000,1.0000,1.0000,57.5240,18,1242.0586,0.4281,1.3307,5,0,98210.8750,3.6559,0.0000,3.6559,0.8080,1.0041,0.0000,1.4667,11531.2656,79,3.1952,0.0000,0.0000,0.0000,877630.4375,18.4409,62748.8633,202.9133,91545
42,30,Tokyo_Small,train,MAPPO,3600,25,93,77,0.8280,1.0000,0.0000,571.9091,47.6591,0.5057,2.9821,295.7922,307.0714,1270.3239,0.8589,28.8704,27.3129,968.4745,245.7379,418.7742,41877.4180,0,0,-0.0000,0.0024,0.0082,0.0085,342,0.8280,0.1720,2.9659,1587.4055,shock_pick,0.2126,0.4109,1.7746,0.0000,1.0000,1.0000,41.7274,18,1242.0114,0.4300,1.3320,6,1,97814.9375,3.6774,0.0000,3.6774,0.8156,1.0003,0.0000,1.4498,10119.5352,72,2.0126,0.0000,0.0000,0.0000,315565.5625,7.5376,11125.6924,195.9363,38946
42,31,Tokyo_Medium,train,IPPO,3600,50,158,126,0.7975,1.0000,0.0000,980.6588,32.6886,0.6183,2.9821,556.4048,462.7343,2326.1726,0.8361,58.3796,54.5515,1870.5585,284.5209,5069.5381,253476.9062,0,0,-0.0002,0.3040,0.6862,0.1592,603,0.7975,0.2025,2.9825,3186.3523,shock_pick,0.1847,0.3553,1.7115,0.0000,1.0000,1.0000,91.1703,16,2463.5364,0.3974,1.0112,4,1,293097.7500,3.8165,0.0000,3.8165,0.8478,2.1850,0.0000,1.2408,13682.2080,114,3.1516,0.0000,0.0000,0.0000,4822088.5000,32.6519,726522.7500,223.8457,800987
42,31,Tokyo_Medium,train,MAPPER,3600,50,158,123,0.7785,1.0000,0.0000,1013.3496,30.7076,0.6609,2.9804,546.6667,534.3650,2366.1313,0.8657,58.3796,54.5515,1870.5585,284.5209,2014.7595,100737.9766,0,0,-0.0052,0.2621,0.3945,0.0330,574,0.7785,0.2215,2.9833,3186.3523,shock_pick,0.1725,0.3383,1.7115,0.0000,1.0000,1.0000,73.4404,16,2463.5261,0.3971,1.0182,3,0,291034.1562,3.6329,0.0000,3.6329,0.8309,2.1935,0.0000,1.2959,19950.2969,106,2.9537,0.0000,0.0000,0.0000,1847811.6250,20.3544,243814.2344,304.6857,318332
42,31,Tokyo_Medium,train,MAPPO,3600,50,158,116,0.7342,0.9810,0.0190,1008.4224,28.0117,0.7371,2.9795,549.4138,518.6992,2375.3044,0.8647,58.3796,54.5515,1892.7472,291.5551,1396.6266,69831.3281,0,0,-0.0000,0.0008,0.0057,0.0052,581,0.7484,0.2516,2.9814,3186.3523,shock_pick,0.2009,0.3878,1.7182,1.3659,0.9809,1.0000,74.3529,16,2463.6790,0.3970,1.1849,4,0,275535.3125,3.6772,0.0000,3.6772,0.7841,2.1951,1.9617,1.3384,23561.0547,174,3.6918,0.0000,0.0000,0.0000,1225118.7500,26.0127,99180.5859,597.3957,220667
42,32,LosAngeles_Small,train,IPPO,3600,25,91,83,0.9121,1.0000,0.0000,557.4337,55.7434,0.4380,2.9365,270.0482,283.6860,1164.0558,0.8621,23.9212,21.9806,784.7012,231.1677,1686.0879,168608.7969,0,0,-0.0005,0.1544,0.6858,0.1103,339,0.9121,0.0879,2.8984,1588.9475,shock_pick,0.2108,0.3812,1.5436,0.0000,1.0000,0.0000,37.2370,15,1221.6945,0.4244,1.1601,5,1,96616.6250,3.7253,0.0000,3.7253,0.9066,0.7469,0.0000,1.4054,6437.1938,67,1.6144,0.0000,0.0000,0.0000,1538483.1250,20.6703,128177.1406,129.9454,153434
42,32,LosAngeles_Small,train,MAPPER,3600,25,91,77,0.8462,1.0000,0.0000,613.5585,43.8256,0.5905,2.9331,247.2208,386.1084,1055.4613,0.8539,23.9212,21.9806,784.7012,231.1677,1083.0769,108307.6953,0,0,-0.0029,0.0700,0.2518,0.0185,341,0.8462,0.1538,2.8941,1588.9475,shock_pick,0.2810,0.5196,1.5436,0.0000,1.0000,0.0000,36.1285,15,1221.7053,0.4234,1.4790,6,0,81270.5234,3.7473,0.0000,3.7473,0.8597,0.7634,0.0000,1.6447,14048.3320,97,2.0231,0.0000,0.0000,0.0000,967717.8125,12.3187,67825.6016,222.3836,98560
42,32,LosAngeles_Small,train,MAPPO,3600,25,91,82,0.9011,1.0000,0.0000,542.1219,49.2838,0.4691,2.9372,269.8415,269.2874,1161.4834,0.8609,23.9212,21.9806,784.7012,231.1677,409.1099,40910.9883,0,0,-0.0022,0.0256,0.0063,0.0283,370,0.9011,0.0989,2.8985,1588.9475,shock_pick,0.1894,0.3771,1.5436,0.0000,1.0000,0.0000,37.5448,15,1221.7755,0.4248,1.3193,6,1,95241.6406,4.0659,0.0000,4.0659,0.9016,0.7518,0.0000,1.5909,11099.1064,59,1.4084,0.0000,0.0000,0.0000,304753.8125,6.3626,11843.8223,174.6040,37229
42,33,LosAngeles_Medium,train,IPPO,3600,50,168,134,0.7976,1.0000,0.0000,991.5074,30.9846,0.6467,2.9818,623.6343,453.5555,2604.7883,0.8354,47.6546,45.5076,2044.1902,260.2003,5372.9521,268647.6250,0,0,-0.0005,0.4252,0.6846,0.1853,603,0.7976,0.2024,2.9386,3180.5449,shock_pick,0.2607,0.5129,1.7378,0.0000,1.0000,1.0000,102.6767,25,2445.3601,0.3933,0.9640,6,0,349041.6562,3.5893,0.0000,3.5893,0.8072,2.3290,0.0000,1.2558,14223.3662,125,3.0473,0.0000,0.0000,0.0000,5097187.0000,26.7381,827153.2500,173.6584,902656
42,33,LosAngeles_Medium,train,MAPPER,3600,50,168,110,0.6548,1.0000,0.0000,1073.2455,33.5389,0.6492,2.9804,607.7545,535.0787,2625.1699,0.8639,47.6546,45.5076,2044.1902,260.2003,2788.2856,139414.2812,0,0,-0.0027,0.4805,0.4012,0.0592,621,0.6548,0.3452,2.9376,3180.5449,shock_pick,0.2173,0.4126,1.7378,0.0000,1.0000,1.0000,82.7205,25,2445.4678,0.3923,1.0494,4,1,288768.6875,3.6964,0.0000,3.6964,0.6888,2.4208,0.0000,1.3497,15558.8711,124,2.8392,0.0000,0.0000,0.0000,2620994.7500,24.5238,391962.8750,287.8847,468432
42,33,LosAngeles_Medium,train,MAPPO,3600,50,168,112,0.6667,0.9524,0.0476,1109.5089,29.1976,0.7723,2.9785,610.4375,553.4597,2640.4028,0.8651,47.6546,45.5076,2045.5476,268.7440,1536.6130,76830.6562,0,0,-0.0000,0.0011,0.0035,0.0052,557,0.7000,0.3000,2.9355,3180.5449,shock_pick,0.2107,0.4088,1.7462,1.5684,0.9521,1.0000,82.3569,25,2445.6477,0.3926,1.2515,4,1,295725.0938,3.3155,0.0000,3.3155,0.6863,2.3690,18.4267,1.6147,36339.2734,169,6.3170,0.0000,0.0000,0.0000,1365798.5000,41.8095,150414.1250,470.4787,258151
42,34,Paris_Small,train,IPPO,3600,25,92,80,0.8696,1.0000,0.0000,510.8500,51.0850,0.4226,2.9717,274.1750,252.1264,1116.2351,0.8143,22.5441,20.5756,910.2761,222.1305,2655.4456,265544.5625,0,0,-0.0003,0.1558,0.6842,0.1122,325,0.8696,0.1304,2.9726,1593.0739,shock_pick,0.2147,0.3885,1.6066,0.0000,1.0000,1.0000,50.9280,14,1252.7019,0.3319,1.0902,4,1,89298.8047,3.5326,0.0000,3.5326,0.8937,0.8968,0.0000,1.2198,3516.3115,43,1.6642,0.0000,0.0000,0.0000,2461415.2500,23.5761,206465.9062,217.2227,244301
42,34,Paris_Small,train,MAPPER,3600,25,92,75,0.8152,1.0000,0.0000,524.7600,47.7055,0.4500,2.9720,278.4267,272.6190,1145.1733,0.8226,22.5441,20.5756,910.2761,222.1305,1092.2500,109225.0000,0,0,-0.0033,0.2280,0.3017,0.0291,325,0.8152,0.1848,2.9716,1593.0739,shock_pick,0.2805,0.4994,1.6066,0.0000,1.0000,1.0000,49.3920,14,1252.7408,0.3315,1.1614,5,0,85888.0000,3.5326,0.0000,3.5326,0.8629,0.9236,0.0000,1.2611,4245.9878,55,1.8692,0.0000,0.0000,0.0000,983279.6250,9.6630,69376.4375,229.1898,100487
42,34,Paris_Small,train,MAPPO,3600,25,92,79,0.8587,1.0000,0.0000,484.7215,48.4722,0.4245,2.9726,274.5823,218.7500,1137.0492,0.8282,22.5441,20.5756,910.2761,222.1305,668.1087,66810.8672,0,0,-0.0000,0.0003,0.0055,0.0028,352,0.8587,0.1413,2.9736,1593.0739,shock_pick,0.2139,0.3981,1.6066,0.0000,1.0000,1.0000,47.1724,14,1252.7456,0.3329,1.1310,5,0,89826.8906,3.8261,0.0000,3.8261,0.8806,0.8949,0.0000,1.2562,4317.4678,46,2.0093,0.0000,0.0000,0.0000,556528.6875,6.7391,27239.8086,260.4460,61466
42,35,Paris_Medium,train,IPPO,3600,50,164,143,0.8720,1.0000,0.0000,884.9301,28.5461,0.6201,2.9389,559.3566,333.4333,2297.5239,0.8215,47.3438,45.5354,1886.9274,244.8195,6774.9209,338746.0312,0,0,-0.0001,0.1549,0.6825,0.1063,615,0.8720,0.1280,2.8967,3180.9539,shock_pick,0.2307,0.5087,1.6543,0.0000,1.0000,1.0000,99.8518,15,2502.3870,0.2818,0.9598,9,1,328545.9062,3.7500,0.0000,3.7500,0.9124,1.9917,0.0000,1.2140,12642.4307,100,2.1698,0.0000,0.0000,0.0000,6428824.0000,35.7012,1008227.1250,281.0999,1111087
42,35,Paris_Medium,train,MAPPER,3600,50,164,140,0.8537,1.0000,0.0000,917.6714,28.6772,0.6478,2.9358,532.6714,427.5752,2245.3252,0.8430,47.3438,45.5354,1886.9274,244.8195,3296.4268,164821.3438,0,0,-0.0037,0.1579,0.3671,0.0287,570,0.8537,0.1463,2.8900,3180.9539,shock_pick,0.1860,0.3470,1.6543,0.0000,1.0000,1.0000,83.6064,15,2502.4756,0.2786,0.9076,4,1,314345.5312,3.4756,0.0000,3.4756,0.8991,2.0048,0.0000,1.1754,8842.6113,101,3.1008,0.0000,0.0000,0.0000,3101025.0000,20.1890,434089.4375,454.1402,540614
42,35,Paris_Medium,train,MAPPO,3600,50,164,140,0.8537,0.9939,0.0061,847.1714,25.6719,0.6713,2.9354,524.2286,381.5325,2208.0374,0.8424,47.3438,45.5354,1885.7803,246.3991,1365.5792,68278.9688,0,0,-0.0000,0.0007,0.0034,0.0023,631,0.8589,0.1411,2.8919,3180.9539,shock_pick,0.1957,0.3725,1.6536,1.7584,0.9939,1.0000,82.6211,15,2502.5310,0.2809,1.0356,5,1,309125.2188,3.8476,0.0000,3.8476,0.8829,1.9686,2.0135,1.2534,13684.9570,135,2.4187,0.0000,0.0000,0.0000,1165025.6250,13.3720,111892.6016,482.7557,223955
42,36,Tokyo_Small,train,IPPO,3600,7,89,83,0.9326,1.0000,0.0000,654.9036,218.3012,0.4571,3.0617,335.0844,336.3296,1305.0587,0.7789,28.5324,24.9372,1004.0544,241.9475,791.4607,79146.0703,0,0,-0.0008,0.2588,0.6818,0.1425,306,0.9326,0.0674,3.0576,1729.2766,wave,0.2709,0.4831,1.8051,0.0000,1.0000,1.0000,74.0726,16,1353.9891,0.1756,1.0373,5,0,108319.8750,3.4382,0.0000,3.4382,0.9499,1.2544,0.0000,1.1869,4106.6626,50,1.4812,0.0000,0.0000,0.0000,620715.4375,20.8427,41769.7539,151.3946,70440
42,36,Tokyo_Small,train,MAPPER,3600,7,89,71,0.7978,1.0000,0.0000,656.4648,164.1162,0.6806,3.0603,303.1831,392.9630,1298.6667,0.8567,28.5324,24.9372,1004.0544,241.9475,714.4382,71443.8203,0,0,-0.0032,0.1354,0.2491,0.0314,324,0.7978,0.2022,3.0554,1729.2766,wave,0.2086,0.3875,1.8051,0.0000,1.0000,1.0000,43.4498,16,1353.9956,0.1756,1.1058,4,0,92205.3359,3.6404,0.0000,3.6404,0.8073,1.2464,0.0000,1.2473,5176.0938,54,1.4576,0.0000,0.0000,0.0000,629514.1250,11.9551,40304.5938,176.6554,63585
42,36,Tokyo_Small,train,MAPPO,3600,7,89,84,0.9438,1.0000,0.0000,577.7262,192.5754,0.4560,3.0619,306.0952,273.6744,1320.1658,0.8626,28.5324,24.9372,1004.0544,241.9475,520.0899,52008.9883,0,0,-0.0009,0.0156,0.0047,0.0213,313,0.9438,0.0562,3.0565,1729.2766,wave,0.1778,0.3247,1.8051,0.0000,1.0000,1.0000,42.0621,16,1354.0264,0.1750,1.1595,4,1,110893.9219,3.5169,0.0000,3.5169,0.9643,1.2583,0.0000,1.2935,7077.4087,51,1.1105,0.0000,0.0000,0.0000,434209.8125,8.1011,21551.0645,192.0648,46288
42,37,Tokyo_Medium,train,IPPO,3600,14,168,133,0.7917,1.0000,0.0000,984.4737,123.0592,0.6180,3.0710,568.9850,476.0581,2200.4138,0.7735,57.0281,53.2797,1843.6353,275.6079,2068.9285,103446.4297,0,0,-0.0003,0.6854,0.6795,0.2262,670,0.7917,0.2083,3.0751,3458.5034,wave,0.2238,0.4290,1.6619,0.0000,1.0000,0.0000,128.9022,15,2694.9045,0.1349,1.0471,5,1,292655.0312,3.9881,0.0000,3.9881,0.8102,1.9131,0.0000,1.3113,16693.3984,120,1.6463,0.0000,0.0000,0.0000,1732993.8750,27.0476,261039.3594,179.1909,347580
42,37,Tokyo_Medium,train,MAPPER,3600,14,168,122,0.7262,1.0000,0.0000,1003.0164,143.2881,0.5072,3.0719,572.5656,500.0735,2286.3406,0.7986,57.0281,53.2797,1843.6353,275.6079,1592.4642,79623.2109,0,0,-0.0039,0.4322,0.3958,0.0594,651,0.7262,0.2738,3.0763,3458.5034,wave,0.2255,0.4237,1.6619,0.0000,1.0000,0.0000,115.2974,15,2694.8787,0.1332,0.9526,4,0,278933.5312,3.8750,0.0000,3.8750,0.7448,1.9174,0.0000,1.2684,13954.6631,114,1.3007,0.0000,0.0000,0.0000,1463408.2500,13.7679,207846.4844,226.2296,267534
42,37,Tokyo_Medium,train,MAPPO,3600,14,168,126,0.7500,1.0000,0.0000,965.4048,96.5405,0.7539,3.0652,519.4127,555.4870,2212.4690,0.8519,57.0281,53.2797,1843.6353,275.6079,1366.5774,68328.8672,0,0,-0.0019,0.0133,0.0019,0.0197,640,0.7500,0.2500,3.0724,3458.5034,wave,0.2341,0.4407,1.6619,0.0000,1.0000,0.0000,76.9189,15,2695.1013,0.1365,1.1180,5,1,278771.0938,3.8095,0.0000,3.8095,0.7667,1.9111,0.0000,1.4516,27828.9766,184,1.5279,0.0000,0.0000,0.0000,1229113.3750,31.5179,152775.0469,319.7401,229585
42,38,LosAngeles_Small,train,IPPO,3600,7,89,77,0.8652,1.0000,0.0000,613.4545,204.4848,0.4446,3.0403,332.0649,288.2771,1300.5596,0.7833,23.4124,21.4963,993.2897,229.8632,765.2809,76528.0938,0,0,-0.0006,0.2652,0.6788,0.1404,353,0.8652,0.1348,3.0588,1729.1058,wave,0.2248,0.4111,1.6069,0.0000,1.0000,0.0000,71.9530,15,1339.6122,0.2740,1.1371,5,1,100143.0859,3.9663,0.0000,3.9663,0.8867,1.0350,0.0000,1.4391,5712.8633,59,1.0351,0.0000,0.0000,0.0000,617144.3750,19.8090,42215.4883,142.8150,68110
42,38,LosAngeles_Small,train,MAPPER,3600,7,89,72,0.8090,1.0000,0.0000,634.8889,211.6296,0.5460,3.0400,291.5278,347.1818,1241.9342,0.8520,23.4124,21.4963,993.2897,229.8632,736.2809,73628.0938,0,0,-0.0043,0.2801,0.2400,0.0319,331,0.8090,0.1910,3.0574,1729.1058,wave,0.2748,0.5031,1.6069,0.0000,1.0000,0.0000,43.1409,15,1339.6078,0.2738,1.1366,6,1,89419.2656,3.7191,0.0000,3.7191,0.7988,0.9972,0.0000,1.3904,8406.6113,64,1.0796,0.0000,0.0000,0.0000,647838.4375,11.7191,42072.7930,175.1125,65529
42,38,LosAngeles_Small,train,MAPPO,3600,7,89,80,0.8989,1.0000,0.0000,521.6375,173.8792,0.4864,3.0395,300.0750,235.7765,1280.3650,0.8534,23.4124,21.4963,993.2897,229.8632,424.5506,42455.0547,0,0,-0.0000,0.0007,0.0031,0.0036,326,0.8989,0.1011,3.0552,1729.1058,wave,0.2259,0.4153,1.6069,0.0000,1.0000,0.0000,44.0020,15,1339.6337,0.2745,1.0002,6,1,102429.1953,3.6629,0.0000,3.6629,0.9205,1.0342,0.0000,1.3157,5061.3403,44,1.1699,0.0000,0.0000,0.0000,338368.2812,7.0225,14448.1504,176.0314,37785
42,39,LosAngeles_Medium,train,IPPO,3600,14,159,135,0.8491,1.0000,0.0000,994.1111,124.2639,0.6154,3.0824,568.5037,472.6842,2358.9397,0.8299,45.5311,42.5700,1808.6016,236.5421,1981.8868,99094.3359,0,0,-0.0007,0.3099,0.6765,0.1552,651,0.8491,0.1509,3.1035,3458.3672,wave,0.2278,0.4341,1.6651,0.0000,1.0000,0.0000,96.7158,16,2662.0417,0.1701,1.0345,5,0,318456.8438,4.0943,0.0000,4.0943,0.8448,1.8465,0.0000,1.4251,16816.8965,153,1.6464,0.0000,0.0000,0.0000,1571333.8750,27.7610,221178.2344,180.2785,315120
42,39,LosAngeles_Medium,train,MAPPER,3600,14,159,118,0.7421,1.0000,0.0000,1015.2966,145.0424,0.5296,3.0812,590.6695,506.5971,2470.5190,0.8365,45.5311,42.5700,1808.6016,236.5421,1400.5345,70026.7266,0,0,-0.0041,0.2224,0.3686,0.0404,616,0.7421,0.2579,3.1035,3458.3672,wave,0.2274,0.4251,1.6651,0.0000,1.0000,0.0000,96.5657,16,2661.7969,0.1697,1.0768,4,0,291521.2500,3.8742,0.0000,3.8742,0.7830,1.9578,0.0000,1.7690,33560.1328,153,1.9155,0.0000,0.0000,0.0000,1262598.5000,16.7673,165305.5625,222.9433,222685
42,39,LosAngeles_Medium,train,MAPPO,3600,14,159,126,0.7925,1.0000,0.0000,946.0952,105.1217,0.6789,3.0794,562.8333,463.4150,2379.8994,0.8457,45.5311,42.5700,1808.6016,236.5421,1310.1949,65509.7461,0,0,-0.0000,0.0008,0.0014,0.0044,629,0.7925,0.2075,3.1018,3458.3672,wave,0.2093,0.4050,1.6651,0.0000,1.0000,0.0000,86.8534,16,2662.0537,0.1711,1.1274,4,0,299867.3125,3.9560,0.0000,3.9560,0.7857,1.8400,0.0000,1.6233,29166.6660,184,1.4445,0.0000,0.0000,0.0000,1173522.8750,20.9560,143209.1094,272.8387,208321
42,40,Paris_Small,train,IPPO,3600,7,89,87,0.9775,1.0000,0.0000,540.3104,180.1035,0.4358,3.0136,300.4943,237.2360,1218.4802,0.8110,23.1819,21.4955,988.8849,222.4149,872.4269,87242.6953,0,0,-0.0004,0.1505,0.6756,0.1016,342,0.9775,0.0225,3.0269,1728.4177,wave,0.2149,0.3916,1.6770,0.0000,1.0000,0.0000,56.7982,14,1366.6194,0.1841,0.9433,5,1,106007.7734,3.8427,0.0000,3.8427,0.9767,1.0142,0.0000,1.1328,2356.5754,31,1.1758,0.0000,0.0000,0.0000,698096.1250,22.2697,45509.9961,186.7500,77646
42,40,Paris_Small,train,MAPPER,3600,7,89,82,0.9213,1.0000,0.0000,585.7317,146.4329,0.5727,3.0117,291.5610,303.9882,1226.3022,0.8412,23.1819,21.4955,988.8849,222.4149,697.8652,69786.5156,0,0,-0.0043,0.1670,0.2486,0.0226,342,0.9213,0.0787,3.0257,1728.4177,wave,0.2902,0.5259,1.6770,0.0000,1.0000,0.0000,46.3005,14,1366.6176,0.1845,0.9651,6,1,100556.7812,3.8427,0.0000,3.8427,0.9184,1.0119,0.0000,1.3214,8753.3848,44,1.2016,0.0000,0.0000,0.0000,604665.8750,12.2809,32419.7422,240.4012,62110
42,40,Paris_Small,train,MAPPO,3600,7,89,88,0.9888,1.0000,0.0000,518.2159,172.7386,0.5080,3.0130,289.3182,228.2472,1209.3779,0.8360,23.1819,21.4955,988.8849,222.4149,607.5843,60758.4258,0,0,-0.0017,0.0070,0.0023,0.0139,343,0.9888,0.0112,3.0262,1728.4177,wave,0.2455,0.4395,1.6770,0.0000,1.0000,0.0000,47.4426,14,1366.6002,0.1842,0.9493,5,1,106425.2578,3.8539,0.0000,3.8539,0.9843,1.0106,0.0000,1.1975,3169.7393,36,1.3136,0.0000,0.0000,0.0000,514254.2812,7.4494,22957.8906,256.3023,54075
42,41,Paris_Medium,train,IPPO,3600,14,163,142,0.8712,1.0000,0.0000,870.9718,124.4245,0.5311,3.0169,565.1057,334.9745,2176.5073,0.7703,46.9929,44.8743,1814.4425,241.5130,3283.7546,164187.7344,0,0,-0.0005,0.3312,0.6734,0.1585,645,0.8712,0.1288,2.9870,3458.1396,wave,0.2113,0.4056,1.7314,0.0000,1.0000,1.0000,129.8042,14,2722.0576,0.1800,0.8009,6,1,309064.0312,3.9571,0.0000,3.9571,0.8926,2.1228,0.0000,1.1726,6316.5142,69,1.3113,0.0000,0.0000,0.0000,2252358.5000,26.0920,324654.6250,260.6151,535252
42,41,Paris_Medium,train,MAPPER,3600,14,163,135,0.8282,1.0000,0.0000,867.9333,144.6556,0.4606,3.0152,513.2444,385.7770,2126.7126,0.8287,46.9929,44.8743,1814.4425,241.5130,2188.7607,109438.0391,0,0,-0.0045,0.2693,0.3717,0.0453,605,0.8282,0.1718,2.9875,3458.1396,wave,0.2331,0.4251,1.7314,0.0000,1.0000,1.0000,87.9019,14,2722.0288,0.1806,0.8936,4,0,287106.2188,3.7117,0.0000,3.7117,0.8055,2.0150,0.0000,1.1795,8015.7788,90,1.3617,0.0000,0.0000,0.0000,2036969.6250,12.3988,280638.7812,315.2623,356768
42,41,Paris_Medium,train,MAPPO,3600,14,163,134,0.8221,1.0000,0.0000,907.4702,90.7470,0.7210,3.0096,512.1194,457.8766,2165.6958,0.8458,46.9929,44.8743,1814.4425,241.5130,2416.0920,120804.6016,0,0,0.0002,0.0006,0.0009,0.0041,675,0.8221,0.1779,2.9829,3458.1396,wave,0.2032,0.3866,1.7314,0.0000,1.0000,1.0000,78.9802,14,2722.1721,0.1826,1.0642,4,0,290203.2500,4.1411,0.0000,4.1411,0.8502,2.1427,0.0000,1.3109,14320.5674,136,1.9830,0.0000,0.0000,0.0000,2255659.0000,27.1411,270871.4688,593.8733,393823
42,42,Tokyo_Small,train,IPPO,3600,10,91,75,0.8242,1.0000,0.0000,635.0400,127.0080,0.5030,3.0855,318.1600,393.4767,1157.0729,0.7274,29.1176,26.7662,933.8924,274.8450,1158.2087,115820.8828,0,0,-0.0005,0.1991,0.6728,0.1228,341,0.8242,0.1758,3.1053,1728.8245,wave,0.3044,0.5633,1.7283,0.0000,1.0000,0.0000,86.7454,13,1359.2103,0.1044,1.1297,6,0,86780.4688,3.7473,0.0000,3.7473,0.8282,0.9861,0.0000,1.6559,10550.5205,61,1.1956,0.0000,0.0000,0.0000,1002718.4375,19.8022,77243.1719,153.8943,105397
42,42,Tokyo_Small,train,MAPPER,3600,10,91,75,0.8242,1.0000,0.0000,744.0533,148.8107,0.5279,3.0834,304.0667,458.8625,1230.6627,0.8095,29.1176,26.7662,933.8924,274.8450,824.7473,82474.7266,0,0,-0.0021,0.0974,0.1709,0.0196,367,0.8242,0.1758,3.1051,1728.8245,wave,0.2195,0.3998,1.7283,0.0000,1.0000,0.0000,57.9341,13,1359.1858,0.1055,1.3116,5,1,92299.7109,4.0330,0.0000,4.0330,0.8776,1.0449,0.0000,1.5552,9951.7305,81,1.4195,0.0000,0.0000,0.0000,737629.6875,12.0220,49124.4258,197.8024,75052
42,42,Tokyo_Small,train,MAPPO,3600,10,91,78,0.8571,1.0000,0.0000,656.5641,131.3128,0.5633,3.0833,300.6026,379.1765,1216.9551,0.8097,29.1176,26.7662,933.8924,274.8450,728.7473,72874.7266,0,0,-0.0000,0.0011,0.0017,0.0047,329,0.8571,0.1429,3.1039,1728.8245,wave,0.2026,0.3795,1.7283,0.0000,1.0000,0.0000,57.2115,13,1359.2517,0.1053,1.3887,4,0,94922.5000,3.6154,0.0000,3.6154,0.8944,1.0240,0.0000,1.7179,13648.8359,79,1.1644,0.0000,0.0000,0.0000,635410.0000,13.8462,31672.0117,287.3673,66316
42,43,Tokyo_Medium,train,IPPO,3600,20,158,119,0.7532,1.0000,0.0000,967.3613,80.6134,0.6130,3.0780,568.6555,472.3714,2362.5691,0.8309,57.9395,52.3454,1978.3245,311.6533,2576.6963,128834.8125,0,0,-0.0006,0.5877,0.6686,0.2101,660,0.7532,0.2468,3.1037,3459.0344,wave,0.2672,0.4873,1.7093,0.0000,1.0000,0.0000,96.1416,15,2694.2461,0.0865,1.0504,4,0,281145.7188,4.1772,0.0000,4.1772,0.7250,2.0134,0.0000,1.4363,18400.3477,120,1.4351,0.0000,0.0000,0.0000,2265203.0000,24.8734,325669.6562,204.0053,407118
42,43,Tokyo_Medium,train,MAPPER,3600,20,158,114,0.7215,1.0000,0.0000,1002.7018,111.4113,0.4699,3.0771,574.3596,512.2537,2407.8877,0.8385,57.9395,52.3454,1978.3245,311.6533,1472.3418,73617.0859,0,0,-0.0045,0.3872,0.3080,0.0617,614,0.7215,0.2785,3.1030,3459.0344,wave,0.2355,0.4588,1.7093,0.0000,1.0000,0.0000,92.7821,15,2694.1987,0.0874,0.9694,5,0,274499.1875,3.8861,0.0000,3.8861,0.7414,2.1493,0.0000,1.3364,14701.3457,110,1.5162,0.0000,0.0000,0.0000,1335259.6250,14.0506,171873.6875,247.4546,232630
42,43,Tokyo_Medium,train,MAPPO,3600,20,158,115,0.7278,1.0000,0.0000,974.6000,74.9692,0.6912,3.0729,547.8870,521.8889,2339.4370,0.8540,57.9395,52.3454,1978.3245,311.6533,1940.7911,97039.5547,0,0,-0.0000,0.0004,0.0008,0.0036,655,0.7278,0.2722,3.1017,3459.0344,wave,0.2433,0.4497,1.7093,0.0000,1.0000,0.0000,79.9996,15,2694.4351,0.0894,1.1510,4,0,269035.2812,4.1456,0.0000,4.1456,0.7043,2.0241,0.0000,1.4071,24006.8340,170,2.8281,0.0000,0.0000,0.0000,1800801.0000,30.7342,230217.4688,343.7306,306645
42,44,LosAngeles_Small,train,IPPO,3600,10,88,77,0.8750,1.0000,0.0000,623.9611,155.9903,0.4264,3.0830,296.3636,352.1219,1264.3240,0.8532,24.4497,21.7710,922.4901,237.6377,966.1364,96613.6328,0,0,-0.0005,0.2916,0.6681,0.1420,350,0.8750,0.1250,3.0812,1728.5828,wave,0.1795,0.3314,1.6163,0.0000,1.0000,0.0000,43.4989,16,1338.8044,0.1826,1.0889,4,1,97352.9453,3.9773,0.0000,3.9773,0.8417,0.8882,0.0000,1.4367,5936.0464,51,1.2709,0.0000,0.0000,0.0000,812834.0000,20.4886,59366.6523,138.2145,85020
42,44,LosAngeles_Small,train,MAPPER,3600,10,88,73,0.8295,1.0000,0.0000,762.8630,152.5726,0.5738,3.0797,304.0959,484.3766,1281.6470,0.8429,24.4497,21.7710,922.4901,237.6377,833.3864,83338.6328,0,0,-0.0020,0.1494,0.1916,0.0169,336,0.8295,0.1705,3.0809,1728.5828,wave,0.1633,0.3051,1.6163,0.0000,1.0000,0.0000,47.7665,16,1338.8687,0.1837,1.2419,5,1,93560.2266,3.8182,0.0000,3.8182,0.8245,0.9178,0.0000,1.5493,9980.8076,69,1.3483,0.0000,0.0000,0.0000,742860.6250,13.6364,49975.6016,174.9579,73338
42,44,LosAngeles_Small,train,MAPPO,3600,10,88,81,0.9205,1.0000,0.0000,608.0617,152.0154,0.4876,3.0813,293.1234,331.5595,1286.4757,0.8778,24.4497,21.7710,922.4901,237.6377,495.0341,49503.4102,0,0,-0.0000,0.0004,0.0018,0.0027,332,0.9205,0.0795,3.0807,1728.5828,wave,0.2188,0.4031,1.6163,0.0000,1.0000,0.0000,35.8283,16,1338.9147,0.1826,1.2122,5,0,104204.5312,3.7727,0.0000,3.7727,0.9337,0.9366,0.0000,1.4647,7945.6626,64,1.1392,0.0000,0.0000,0.0000,405959.1875,8.8750,17658.4004,205.2970,43563
42,45,LosAngeles_Medium,train,IPPO,3600,20,166,137,0.8253,1.0000,0.0000,911.0657,82.8242,0.5905,3.0728,541.9854,414.0962,2215.7595,0.8176,46.7363,43.5367,1774.1650,237.7312,2501.5061,125075.2969,0,0,-0.0006,0.3534,0.6644,0.1631,649,0.8253,0.1747,3.0975,3457.3481,wave,0.2405,0.4446,1.6519,0.0000,1.0000,0.0000,98.8335,15,2666.6311,0.2455,1.0427,5,0,303559.0312,3.9096,0.0000,3.9096,0.8306,1.8717,0.0000,1.4443,20963.7344,143,1.3598,0.0000,0.0000,0.0000,2280785.2500,27.6807,350679.4062,168.2618,415250
42,45,LosAngeles_Medium,train,MAPPER,3600,20,166,128,0.7711,1.0000,0.0000,927.8438,103.0938,0.4867,3.0732,549.9609,417.5107,2258.7136,0.8214,46.7363,43.5367,1774.1650,237.7312,1926.9698,96348.4922,0,0,-0.0032,0.4007,0.3063,0.0411,599,0.7711,0.2289,3.0963,3457.3481,wave,0.1936,0.3714,1.6519,0.0000,1.0000,0.0000,98.2182,15,2666.6973,0.2452,1.0504,4,1,289115.3438,3.6084,0.0000,3.6084,0.8077,1.9481,0.0000,1.4486,16114.1299,126,1.4458,0.0000,0.0000,0.0000,1804994.5000,13.7108,264317.6250,212.7229,319877
42,45,LosAngeles_Medium,train,MAPPO,3600,20,166,137,0.8253,1.0000,0.0000,938.1679,62.5445,0.7510,3.0686,514.6497,485.9935,2205.8877,0.8572,46.7363,43.5367,1774.1650,237.7312,1434.6687,71733.4375,0,0,-0.0010,0.0158,0.0010,0.0194,646,0.8253,0.1747,3.0953,3457.3481,wave,0.2196,0.4084,1.6519,0.0000,1.0000,0.0000,73.4721,15,2666.9475,0.2457,1.2072,4,0,302206.6250,3.8916,0.0000,3.8916,0.8103,1.8261,0.0000,1.5610,28357.4590,217,1.5500,0.0000,0.0000,0.0000,1305904.3750,29.0241,163893.2188,318.5980,238155
42,46,Paris_Small,train,IPPO,3600,10,89,84,0.9438,1.0000,0.0000,539.8214,134.9554,0.4532,3.0146,303.4643,249.6404,1233.5951,0.8130,23.0418,21.7617,1014.2250,260.2136,1479.5842,147958.4219,0,0,-0.0009,0.1292,0.6643,0.0808,316,0.9438,0.0562,3.0286,1729.4625,wave,0.2714,0.4827,1.6455,0.0000,1.0000,0.0000,56.7453,14,1364.3959,0.1769,0.8617,5,0,103621.9844,3.5506,0.0000,3.5506,0.9568,1.0936,0.0000,1.1910,2815.9802,29,1.2560,0.0000,0.0000,0.0000,1196753.5000,17.6517,87427.2031,214.4275,131683
42,46,Paris_Small,train,MAPPER,3600,10,89,80,0.8989,1.0000,0.0000,630.5125,126.1025,0.5472,3.0133,294.8500,363.5909,1190.1538,0.8073,23.0418,21.7617,1014.2250,260.2136,941.4045,94140.4531,0,0,-0.0033,0.0899,0.1670,0.0150,333,0.8989,0.1011,3.0275,1729.4625,wave,0.2268,0.4153,1.6455,0.0000,1.0000,0.0000,56.8192,14,1364.4308,0.1763,0.9474,5,1,95212.3047,3.7416,0.0000,3.7416,0.8522,1.0228,0.0000,1.2076,4937.7583,35,1.4612,0.0000,0.0000,0.0000,836624.8750,11.6517,50955.1289,264.0968,83785
42,46,Paris_Small,train,MAPPO,3600,10,89,84,0.9438,1.0000,0.0000,491.3333,122.8333,0.4542,3.0172,296.7857,212.4944,1248.5819,0.8414,23.0418,21.7617,1014.2250,260.2136,656.1011,65610.1094,0,0,-0.0008,0.0005,0.0019,0.0027,310,0.9438,0.0562,3.0310,1729.4625,wave,0.2594,0.4654,1.6455,0.0000,1.0000,0.0000,47.0693,14,1364.4066,0.1754,0.9352,5,0,104880.8828,3.4831,0.0000,3.4831,0.9362,1.0701,0.0000,1.2184,3828.0901,33,1.0345,0.0000,0.0000,0.0000,559107.3750,6.8764,26184.4824,264.9012,58393
42,47,Paris_Medium,train,IPPO,3600,20,156,141,0.9038,1.0000,0.0000,847.4114,84.7411,0.5138,3.0227,524.2269,356.5490,2116.8044,0.8076,47.1261,42.7360,1751.5939,248.5636,3701.8718,185093.5781,0,0,-0.0003,0.2361,0.6600,0.1270,593,0.9038,0.0962,3.0236,3457.8228,wave,0.2566,0.5700,1.6668,0.0000,1.0000,1.0000,100.8660,15,2728.9719,0.1659,0.8878,9,1,298469.4375,3.8013,0.0000,3.8013,0.9209,1.8541,0.0000,1.2006,6949.9800,88,1.3302,0.0000,0.0000,0.0000,3115503.2500,22.9936,443424.8438,273.0391,577492
42,47,Paris_Medium,train,MAPPER,3600,20,156,131,0.8397,1.0000,0.0000,847.5649,94.1739,0.4680,3.0194,500.9466,394.1973,2097.4885,0.8374,47.1261,42.7360,1751.5939,248.5636,2182.5833,109129.1719,0,0,-0.0035,0.1096,0.3004,0.0274,577,0.8397,0.1603,3.0217,3457.8228,wave,0.2403,0.4384,1.6668,0.0000,1.0000,1.0000,81.4489,15,2728.9841,0.1697,1.0010,4,0,274771.0000,3.6987,0.0000,3.6987,0.8567,1.8564,0.0000,1.3313,12498.2627,122,1.6286,0.0000,0.0000,0.0000,2024374.0000,14.0449,263093.8750,337.8769,340483
42,47,Paris_Medium,train,MAPPO,3600,20,156,138,0.8846,1.0000,0.0000,854.8043,77.7095,0.5922,3.0182,486.6232,391.2215,2076.8242,0.8536,47.1261,42.7360,1751.5939,248.5636,1984.5577,99227.8906,0,0,-0.0026,0.0008,0.0010,0.0045,638,0.8846,0.1154,3.0198,3457.8228,wave,0.1964,0.3664,1.6668,0.0000,1.0000,1.0000,71.2584,15,2729.0798,0.1686,0.9858,4,1,286601.7188,4.0897,0.0000,4.0897,0.8794,1.8090,0.0000,1.2583,11471.5361,136,1.8712,0.0000,0.0000,0.0000,1822252.5000,19.6474,213733.0469,452.1711,309591
42,48,Tokyo_Small,train,IPPO,3600,25,90,83,0.9222,1.0000,0.0000,693.2169,57.7681,0.4911,3.0450,304.0844,391.6932,1206.4382,0.7935,29.8040,27.3145,942.3051,246.3204,2236.9556,223695.5625,0,0,-0.0007,0.1638,0.6575,0.1063,348,0.9222,0.0778,3.0121,1729.2828,wave,0.2727,0.5335,1.6893,0.0000,1.0000,0.0000,62.7967,15,1349.7300,0.2005,1.1016,8,0,100134.3750,3.8667,0.0000,3.8667,0.9163,0.9789,0.0000,1.2106,5748.2817,49,1.4851,0.0000,0.0000,0.0000,2068950.6250,19.5556,170800.2812,171.1714,201326
42,48,Tokyo_Small,train,MAPPER,3600,25,90,81,0.9000,1.0000,0.0000,701.9012,53.9924,0.5539,3.0419,304.2963,416.8023,1228.6375,0.8075,29.8040,27.3145,942.3051,246.3204,1064.6777,106467.7812,0,0,-0.0023,0.0444,0.1509,0.0122,315,0.9000,0.1000,3.0082,1729.2828,wave,0.2745,0.4890,1.6893,0.0000,1.0000,0.0000,58.5688,15,1349.6931,0.2020,1.1375,5,1,99519.6328,3.5000,0.0000,3.5000,0.9129,0.9994,0.0000,1.3187,7473.2153,50,2.0536,0.0000,0.0000,0.0000,973687.9375,7.7778,70038.5156,195.4838,95821
42,48,Tokyo_Small,train,MAPPO,3600,25,90,86,0.9556,1.0000,0.0000,614.5930,47.2764,0.5262,3.0442,288.4535,331.5168,1236.0247,0.8570,29.8040,27.3145,942.3051,246.3204,458.7556,45875.5547,0,0,0.0000,0.0017,0.0012,0.0036,330,0.9556,0.0444,3.0088,1729.2828,wave,0.2209,0.4001,1.6893,0.0000,1.0000,0.0000,41.2486,15,1349.6869,0.2019,1.1817,5,1,106298.1250,3.6667,0.0000,3.6667,0.9579,0.9877,0.0000,1.3626,7765.1982,59,1.5992,0.0000,0.0000,0.0000,366616.4062,5.1111,13985.9102,211.2193,41288
42,49,Tokyo_Medium,train,IPPO,3600,50,172,136,0.7907,1.0000,0.0000,892.0073,31.8574,0.5678,3.0633,525.7353,412.4423,2111.0564,0.8031,58.0998,54.5938,1710.7120,269.7372,6054.5757,302728.7812,0,0,-0.0002,0.6934,0.6547,0.2210,655,0.7907,0.2093,3.0541,3459.8562,wave,0.2787,0.5335,1.5861,0.0000,1.0000,1.0000,103.5240,15,2696.4521,0.1474,1.0218,6,0,287103.6875,3.8081,0.0000,3.8081,0.7996,1.6694,0.0000,1.3925,18521.1777,126,2.0897,0.0000,0.0000,0.0000,5793039.5000,28.7849,962884.9375,194.8739,1041387
42,49,Tokyo_Medium,train,MAPPER,3600,50,172,118,0.6860,1.0000,0.0000,919.0339,31.6908,0.5862,3.0616,486.9407,491.1844,2048.9045,0.8415,58.0998,54.5938,1710.7120,269.7372,2729.2849,136464.2344,0,0,-0.0032,0.2786,0.2611,0.0481,654,0.6860,0.3140,3.0524,3459.8562,wave,0.2487,0.4740,1.5861,0.0000,1.0000,1.0000,77.1598,15,2696.4944,0.1480,1.2035,5,0,241770.7344,3.8023,0.0000,3.8023,0.6765,1.6279,0.0000,1.4162,22040.6016,139,2.3352,0.0000,0.0000,0.0000,2610993.2500,19.3547,404065.4062,261.7779,469437
42,49,Tokyo_Medium,train,MAPPO,3600,50,172,119,0.6919,0.9709,0.0291,881.1177,25.9152,0.6930,3.0572,477.5630,477.6788,2068.4380,0.8662,58.0998,54.5938,1690.8911,265.0223,2024.3663,101218.3125,0,0,-0.0000,0.0004,0.0007,0.0025,606,0.7126,0.2874,3.0518,3459.8562,wave,0.2814,0.5247,1.6003,1.1101,0.9708,1.0000,63.8754,15,2696.4551,0.1514,1.2630,5,0,246144.1406,3.5233,0.0000,3.5233,0.6979,1.6651,9.6170,1.5339,33769.7305,185,2.9548,0.0000,0.0000,0.0000,1901419.0000,38.5349,216283.4688,643.9589,348191
42,50,LosAngeles_Small,train,IPPO,3600,25,90,78,0.8667,1.0000,0.0000,644.7180,53.7265,0.5153,3.0869,315.1026,373.5862,1306.9524,0.8295,24.0237,21.8984,977.0731,241.7562,2316.7000,231670.0156,0,0,-0.0009,0.1381,0.6532,0.0993,352,0.8667,0.1333,3.1109,1730.3628,wave,0.2154,0.4166,1.7430,0.0000,1.0000,0.0000,53.7121,15,1342.3650,0.1794,1.1583,6,1,101942.2812,3.9111,0.0000,3.9111,0.9053,1.0842,0.0000,1.5618,7574.6636,72,1.8841,0.0000,0.0000,0.0000,2156414.5000,25.4444,176086.7656,199.8975,208503
42,50,LosAngeles_Small,train,MAPPER,3600,25,90,76,0.8444,1.0000,0.0000,711.2368,47.4158,0.6050,3.0856,321.4868,405.6265,1338.8408,0.8329,24.0237,21.8984,977.0731,241.7562,992.3555,99235.5547,0,0,-0.0022,0.0604,0.1445,0.0127,328,0.8444,0.1556,3.1108,1730.3628,wave,0.2777,0.4951,1.7430,0.0000,1.0000,0.0000,53.7187,15,1342.4092,0.1786,1.2867,5,0,101751.9062,3.6444,0.0000,3.6444,0.9189,1.1294,0.0000,1.5062,10362.2275,87,2.2183,0.0000,0.0000,0.0000,901323.3125,11.5222,63523.9727,195.5031,89312
42,50,LosAngeles_Small,train,MAPPO,3600,25,90,82,0.9111,1.0000,0.0000,590.3293,49.1941,0.5026,3.0896,310.6951,290.7416,1301.6514,0.8379,24.0237,21.8984,977.0731,241.7562,480.5889,48058.8906,0,0,-0.0015,0.0229,0.0008,0.0226,351,0.9111,0.0889,3.1132,1730.3628,wave,0.1951,0.3723,1.7430,0.0000,1.0000,0.0000,50.3649,15,1342.3489,0.1756,1.1498,5,0,106735.4141,3.9000,0.0000,3.9000,0.9481,1.0800,0.0000,1.3802,5931.7754,72,1.5927,0.0000,0.0000,0.0000,386586.1250,5.8111,17292.2559,194.4517,43253
42,51,LosAngeles_Medium,train,IPPO,3600,50,151,133,0.8808,1.0000,0.0000,876.2782,31.2957,0.5798,3.0962,532.2406,359.9028,2212.6951,0.8315,47.0001,43.3313,1773.4742,252.2645,5461.4438,273072.1875,0,0,-0.0006,0.1771,0.6496,0.1109,543,0.8808,0.1192,3.1129,3458.8533,wave,0.2666,0.4873,1.5894,0.0000,1.0000,0.0000,89.7016,15,2677.6343,0.1382,1.0278,5,0,294288.4688,3.5960,0.0000,3.5960,0.8932,1.7773,0.0000,1.4450,19390.7656,145,2.3728,0.0000,0.0000,0.0000,5188772.0000,28.7086,756014.8750,182.0533,824678
42,51,LosAngeles_Medium,train,MAPPER,3600,50,151,124,0.8212,1.0000,0.0000,898.6129,30.9867,0.5999,3.0952,525.0806,437.8156,2182.2397,0.8312,47.0001,43.3313,1773.4742,252.2645,2007.7815,100389.0781,0,0,-0.0040,0.1406,0.2435,0.0278,540,0.8212,0.1788,3.1129,3458.8533,wave,0.2786,0.5160,1.5894,0.0000,1.0000,0.0000,88.6327,15,2677.8311,0.1383,1.1517,5,0,270597.7188,3.5762,0.0000,3.5762,0.8174,1.7444,0.0000,1.5272,22985.1348,176,2.8470,0.0000,0.0000,0.0000,1874242.1250,15.9272,249139.5625,224.3130,303175
42,51,LosAngeles_Medium,train,MAPPO,3600,50,151,129,0.8543,1.0000,0.0000,803.4108,26.7804,0.6148,3.0945,504.6279,358.0548,2134.7063,0.8461,47.0001,43.3313,1773.4742,252.2645,1042.0663,52103.3125,0,0,-0.0000,0.0007,0.0005,0.0025,568,0.8543,0.1457,3.1114,3458.8533,wave,0.2937,0.5492,1.5894,0.0000,1.0000,0.0000,77.6866,15,2677.9263,0.1382,1.0997,6,0,275377.1250,3.7616,0.0000,3.7616,0.8619,1.7682,0.0000,1.5192,22831.9570,159,2.1508,0.0000,0.0000,0.0000,908058.9375,12.8742,99733.0391,247.5770,157352
42,52,Paris_Small,train,IPPO,3600,25,89,85,0.9551,1.0000,0.0000,572.0588,52.0053,0.4518,3.0604,263.3059,310.6477,1090.2748,0.8281,23.9799,22.4481,901.3484,246.8380,3019.9326,301993.2812,0,0,-0.0004,0.1449,0.6476,0.1001,338,0.9551,0.0449,3.0570,1728.5416,wave,0.2616,0.4654,1.6766,0.0000,1.0000,0.0000,45.2509,14,1364.6194,0.1481,1.0256,5,1,92673.3594,3.7978,0.0000,3.7978,0.9553,0.9457,0.0000,1.1749,3436.6079,40,1.6546,0.0000,0.0000,0.0000,2791329.5000,22.7640,224996.3438,263.2828,268774
42,52,Paris_Small,train,MAPPER,3600,25,89,85,0.9551,1.0000,0.0000,623.1530,47.9348,0.5234,3.0576,262.4941,364.6364,1090.1438,0.8306,23.9799,22.4481,901.3484,246.8380,1391.1573,139115.7344,0,0,-0.0015,0.1081,0.1324,0.0137,319,0.9551,0.0449,3.0569,1728.5416,wave,0.2231,0.4000,1.6766,0.0000,1.0000,0.0000,44.4653,14,1364.5995,0.1488,1.1561,5,1,92662.2188,3.5843,0.0000,3.5843,0.9499,0.9403,0.0000,1.2304,4970.0591,59,2.3044,0.0000,0.0000,0.0000,1298469.8750,9.8427,89168.2344,296.5816,123813
42,52,Paris_Small,train,MAPPO,3600,25,89,86,0.9663,1.0000,0.0000,491.6977,49.1698,0.4036,3.0624,263.6628,233.8202,1084.8604,0.8229,23.9799,22.4481,901.3484,246.8380,549.7416,54974.1562,0,0,-0.0018,0.0266,0.0005,0.0239,329,0.9663,0.0337,3.0594,1728.5416,wave,0.1917,0.3595,1.6766,0.0000,1.0000,0.0000,46.6907,14,1364.6187,0.1478,1.0336,5,1,93297.9922,3.6966,0.0000,3.6966,0.9633,0.9425,0.0000,1.1717,3607.9705,31,1.4193,0.0000,0.0000,0.0000,459634.3438,5.0225,16319.9287,276.2660,48927
42,53,Paris_Medium,train,IPPO,3600,50,169,137,0.8107,1.0000,0.0000,921.0073,30.7002,0.6032,3.0158,559.3431,412.3648,2259.6697,0.8080,47.0413,44.9181,1903.2991,268.2600,8030.9526,401547.6250,0,0,-0.0003,0.3705,0.6414,0.1628,640,0.8107,0.1893,3.0003,3458.5952,wave,0.2096,0.3925,1.6701,0.0000,1.0000,1.0000,107.4091,15,2725.5073,0.2135,0.9550,5,1,309574.7500,3.7870,0.0000,3.7870,0.8436,2.0683,0.0000,1.1821,9928.5186,99,2.2395,0.0000,0.0000,0.0000,7581597.0000,31.2840,1229004.8750,309.3810,1357231
42,53,Paris_Medium,train,MAPPER,3600,50,169,130,0.7692,1.0000,0.0000,962.2769,32.0759,0.6166,3.0164,544.0769,456.0490,2302.1877,0.8463,47.0413,44.9181,1903.2991,268.2600,3586.0117,179300.5781,0,0,-0.0029,0.1624,0.2371,0.0332,637,0.7692,0.2308,2.9992,3458.5952,wave,0.1995,0.3716,1.6701,0.0000,1.0000,1.0000,83.6393,15,2725.5129,0.2130,1.0145,4,1,299284.4062,3.7692,0.0000,3.7692,0.8079,2.0873,0.0000,1.2795,12427.8330,126,2.4366,0.0000,0.0000,0.0000,3434558.5000,17.6391,506493.8125,437.5558,606036
42,53,Paris_Medium,train,MAPPO,3600,50,169,143,0.8462,1.0000,0.0000,914.7692,26.1363,0.7182,3.0112,541.5594,406.8636,2293.6975,0.8471,47.0413,44.9181,1903.2991,268.2600,2201.2366,110061.8281,0,0,-0.0013,0.0151,0.0003,0.0180,601,0.8462,0.1538,2.9971,3458.5952,wave,0.1782,0.3347,1.6701,0.0000,1.0000,1.0000,82.8199,15,2725.5486,0.2143,0.9887,4,1,327998.7500,3.5562,0.0000,3.5562,0.8953,2.1028,0.0000,1.2096,13495.8291,106,2.9123,0.0000,0.0000,0.0000,2010652.2500,30.5385,202045.3438,815.1197,372009
42,54,Tokyo_Small,train,IPPO,3600,7,86,57,0.6628,1.0000,0.0000,530.6491,265.3246,0.3447,3.0882,268.0000,296.3195,1147.5851,0.8564,29.5712,26.4748,892.0580,249.6090,925.7675,92576.7422,0,0,-0.0007,0.3072,0.6402,0.1430,338,0.6628,0.3372,3.0840,1673.2195,uniform,0.2930,0.5324,1.6674,0.0000,1.0000,0.0000,38.4830,13,1315.8630,0.0420,0.8878,4,0,65412.3477,3.9302,0.0000,3.9302,0.6383,1.0287,0.0000,1.1836,2793.6406,27,1.1211,0.0000,0.0000,0.0000,758704.0625,20.5698,48746.4219,191.8865,79616
42,54,Tokyo_Small,train,MAPPER,3600,7,86,53,0.6163,1.0000,0.0000,541.5472,270.7736,0.3880,3.0889,270.1698,319.0476,1153.3542,0.8538,29.5712,26.4748,892.0580,249.6090,817.0814,81708.1406,0,0,-0.0023,0.2479,0.1709,0.0281,312,0.6163,0.3837,3.0854,1673.2195,uniform,0.2962,0.5600,1.6674,0.0000,1.0000,0.0000,39.4989,13,1315.8658,0.0415,1.1850,4,0,61127.7734,3.6279,0.0000,3.6279,0.5975,1.0356,0.0000,1.3700,6111.5737,43,1.1820,0.0000,0.0000,0.0000,728876.6250,12.2907,44152.8320,215.4728,70269
42,54,Tokyo_Small,train,MAPPO,3600,7,86,51,0.5930,1.0000,0.0000,494.0392,247.0196,0.3497,3.0877,276.7059,275.2500,1179.0066,0.8522,29.5712,26.4748,892.0580,249.6090,1002.4883,100248.8359,0,0,0.0000,0.0018,0.0002,0.0056,341,0.5930,0.4070,3.0831,1673.2195,uniform,0.3693,0.7148,1.6674,0.0000,1.0000,0.0000,40.9046,13,1315.8589,0.0425,1.2167,5,0,60129.3359,3.9651,0.0000,3.9651,0.6495,1.1699,0.0000,1.4803,8728.6670,43,1.2228,0.0000,0.0000,0.0000,914311.7500,19.7442,49553.6367,338.1077,86214
42,55,Tokyo_Medium,train,IPPO,3600,14,115,84,0.7304,1.0000,0.0000,747.1429,149.4286,0.3703,3.0781,460.4405,381.9048,1941.2013,0.8432,56.6319,53.7967,1589.0042,328.6727,2646.2261,132311.2969,0,0,-0.0010,0.3388,0.6382,0.1534,396,0.7304,0.2696,3.0679,3351.5759,uniform,0.2666,0.5345,1.6692,0.0000,1.0000,0.0000,72.2002,14,2617.2764,0.0462,0.9560,4,0,163060.9062,3.4435,0.0000,3.4435,0.7214,1.6728,0.0000,1.3634,9898.0957,57,1.1972,0.0000,0.0000,0.0000,2154095.0000,13.8261,224746.5000,199.7801,304316
42,55,Tokyo_Medium,train,MAPPER,3600,14,115,84,0.7304,1.0000,0.0000,781.0357,195.2589,0.2915,3.0771,459.2024,393.2020,1955.4044,0.8517,56.6319,53.7967,1589.0042,328.6727,1800.9565,90047.8281,0,0,-0.0031,0.1605,0.2613,0.0265,439,0.7304,0.2696,3.0661,3351.5759,uniform,0.3036,0.5774,1.6692,0.0000,1.0000,0.0000,68.1215,14,2617.3511,0.0466,0.9547,4,0,164253.9688,3.8174,0.0000,3.8174,0.7346,1.7034,0.0000,1.2684,9056.9893,65,2.0276,0.0000,0.0000,0.0000,1652064.2500,9.3652,162099.9375,242.5019,207110
42,55,Tokyo_Medium,train,MAPPO,3600,14,115,85,0.7391,1.0000,0.0000,794.0000,132.3333,0.4513,3.0749,473.5647,380.4158,2023.6537,0.8546,56.6319,53.7967,1589.0042,328.6727,1663.2522,83162.6094,0,0,0.0000,0.0008,0.0001,0.0030,455,0.7391,0.2609,3.0640,3351.5759,uniform,0.3127,0.6085,1.6692,0.0000,1.0000,0.0000,68.8340,14,2617.3752,0.0473,1.2009,4,0,172010.5625,3.9565,0.0000,3.9565,0.7475,1.7128,0.0000,1.5179,16638.2227,107,1.2386,0.0000,0.0000,0.0000,1514554.0000,13.2000,139301.2500,303.2407,191274
42,56,LosAngeles_Small,train,IPPO,3600,7,79,61,0.7722,1.0000,0.0000,605.3279,302.6639,0.3501,3.0918,287.3443,333.7576,1238.2046,0.8618,23.1954,20.7608,851.7607,252.3296,936.1772,93617.7188,0,0,-0.0011,0.3450,0.6348,0.1550,289,0.7722,0.2278,3.0924,1675.3848,uniform,0.2793,0.5200,1.7470,0.0000,1.0000,0.0000,39.7034,14,1309.1250,0.0399,1.1603,5,1,75530.4766,3.6582,0.0000,3.6582,0.7817,0.9465,0.0000,1.3710,5579.7168,42,1.1427,0.0000,0.0000,0.0000,779163.3125,18.5443,47194.9453,181.7607,73958
42,56,LosAngeles_Small,train,MAPPER,3600,7,79,59,0.7468,1.0000,0.0000,618.5763,309.2881,0.3326,3.0916,287.1526,362.8889,1240.7780,0.8642,23.1954,20.7608,851.7607,252.3296,893.1013,89310.1250,0,0,-0.0010,0.0465,0.1350,0.0115,281,0.7468,0.2532,3.0924,1675.3848,uniform,0.2127,0.3975,1.7470,0.0000,1.0000,0.0000,38.9970,15,1309.1836,0.0396,1.2179,4,1,73205.8984,3.5570,0.0000,3.5570,0.7989,1.0002,0.0000,1.4565,6551.3745,56,1.1796,0.0000,0.0000,0.0000,793632.5625,11.7215,45308.5312,220.1083,70555
42,56,LosAngeles_Small,train,MAPPO,3600,7,79,64,0.8101,1.0000,0.0000,534.4688,267.2344,0.2858,3.0910,288.2656,269.3676,1243.8773,0.8630,23.1954,20.7608,851.7607,252.3296,426.6709,42667.0898,0,0,-0.0019,0.0473,0.0002,0.0310,282,0.8101,0.1899,3.0923,1675.3848,uniform,0.2833,0.5376,1.7470,0.0000,1.0000,0.0000,39.4902,15,1309.1475,0.0406,1.1835,5,0,79608.1484,3.5696,0.0000,3.5696,0.8803,1.0160,0.0000,1.4062,5286.4536,52,1.2912,0.0000,0.0000,0.0000,328944.0000,8.5443,8431.3662,222.2192,33707
42,57,LosAngeles_Medium,train,IPPO,3600,14,124,85,0.6855,1.0000,0.0000,773.1647,193.2912,0.3275,3.1060,484.8353,363.9636,2030.0813,0.8374,47.1601,44.1191,1477.1522,294.5638,1974.2661,98713.3047,0,0,-0.0010,0.4593,0.6261,0.1798,507,0.6855,0.3145,3.1114,3350.5349,uniform,0.3083,0.5754,1.6694,0.0000,1.0000,0.0000,78.8190,15,2603.9189,0.0304,0.9461,3,0,172556.9219,4.0887,0.0000,4.0887,0.7793,1.6935,0.0000,1.3698,9852.4424,80,1.2811,0.0000,0.0000,0.0000,1735047.7500,19.5161,193491.0938,174.6379,244809
42,57,LosAngeles_Medium,train,MAPPER,3600,14,124,89,0.7177,1.0000,0.0000,765.7977,255.2659,0.2529,3.1064,467.0899,339.4019,1951.6649,0.8357,47.1601,44.1191,1477.1522,294.5638,1357.8549,67892.7422,0,0,-0.0027,0.1929,0.2425,0.0348,486,0.7177,0.2823,3.1125,3350.5349,uniform,0.2574,0.4837,1.6694,0.0000,1.0000,0.0000,76.7569,15,2604.0298,0.0302,1.0421,3,0,173698.1875,3.9194,0.0000,3.9194,0.7847,1.6285,0.0000,1.3623,9605.3076,91,2.2684,0.0000,0.0000,0.0000,1209736.3750,12.6210,123598.9766,212.9723,168374
42,57,LosAngeles_Medium,train,MAPPO,3600,14,124,88,0.7097,1.0000,0.0000,763.2159,109.0308,0.5033,3.1046,459.9659,351.6286,1909.4576,0.8303,47.1601,44.1191,1477.1522,294.5638,1224.3871,61219.3555,0,0,-0.0016,0.0077,0.0001,0.0124,525,0.7097,0.2903,3.1107,3350.5349,uniform,0.3519,0.6404,1.6694,0.0000,1.0000,0.0000,78.0744,15,2604.0298,0.0308,1.1243,3,0,168032.2656,4.2339,0.0000,4.2339,0.7621,1.5998,0.0000,1.4504,16186.1973,127,1.3577,0.0000,0.0000,0.0000,1074960.3750,18.8468,100015.2266,268.3878,151824
42,58,Paris_Small,train,IPPO,3600,7,86,62,0.7209,1.0000,0.0000,572.4355,286.2177,0.3115,3.0367,304.7581,296.2078,1266.9728,0.8315,23.8695,22.7315,990.6898,247.9527,1315.1279,131512.7969,0,0,-0.0008,0.3403,0.6253,0.1539,342,0.7209,0.2791,3.0376,1677.2533,uniform,0.2419,0.4493,1.7570,0.0000,1.0000,0.0000,51.3635,13,1326.9886,0.0513,0.9563,4,0,78552.3125,3.9767,0.0000,3.9767,0.6887,1.0077,0.0000,1.1889,2850.1052,30,1.1784,0.0000,0.0000,0.0000,1103518.8750,21.0814,73284.5938,251.3753,113101
42,58,Paris_Small,train,MAPPER,3600,7,86,58,0.6744,1.0000,0.0000,569.0517,284.5258,0.3957,3.0371,295.1724,303.4179,1244.3563,0.8431,23.8695,22.7315,990.6898,247.9527,1042.5814,104258.1406,0,0,-0.0013,0.0513,0.1115,0.0139,324,0.6744,0.3256,3.0378,1677.2533,uniform,0.3210,0.6017,1.7570,0.0000,1.0000,0.0000,46.3012,13,1327.0067,0.0514,0.9539,5,0,72172.6641,3.7674,0.0000,3.7674,0.6219,0.9727,0.0000,1.1930,2404.6626,32,1.1000,0.0000,0.0000,0.0000,934629.1250,12.1512,54562.9883,300.1775,89662
42,58,Paris_Small,train,MAPPO,3600,7,86,58,0.6744,1.0000,0.0000,564.3276,188.1092,0.4313,3.0355,301.4655,287.3281,1278.0096,0.8479,23.8695,22.7315,990.6898,247.9527,1025.9186,102591.8594,0,0,-0.0000,0.0006,0.0001,0.0025,348,0.6744,0.3256,3.0353,1677.2533,uniform,0.2299,0.4416,1.7570,0.0000,1.0000,0.0000,45.8636,13,1326.9591,0.0519,1.0774,4,1,74124.5625,4.0465,0.0000,4.0465,0.6337,0.9911,0.0000,1.2168,3670.2402,37,1.8345,0.0000,0.0000,0.0000,920683.4375,20.3721,44237.5352,406.2949,88229
42,59,Paris_Medium,train,IPPO,3600,14,125,96,0.7680,1.0000,0.0000,731.5833,146.3167,0.3714,3.0456,466.3125,309.7328,1929.4047,0.8275,47.2356,43.0885,1585.8964,319.5201,4423.6719,221183.5938,0,0,-0.0011,0.1661,0.6183,0.0930,488,0.7680,0.2320,3.0401,3351.4878,uniform,0.3318,0.6208,1.5604,0.0000,1.0000,0.0000,80.4316,15,2647.7810,0.0341,0.9073,5,0,185222.8438,3.9040,0.0000,3.9040,0.7983,1.4517,0.0000,1.2149,6927.8687,51,1.1100,0.0000,0.0000,0.0000,2586470.2500,21.9120,284401.6875,311.2589,552959
42,59,Paris_Medium,train,MAPPER,3600,14,125,99,0.7920,1.0000,0.0000,732.0303,183.0076,0.3106,3.0457,441.2525,326.5454,1874.6506,0.8497,47.2356,43.0885,1585.8964,319.5201,1760.8560,88042.8047,0,0,-0.0032,0.1610,0.2149,0.0247,457,0.7920,0.2080,3.0402,3351.4878,uniform,0.2336,0.4419,1.5604,0.0000,1.0000,0.0000,66.3224,15,2647.7673,0.0338,0.9618,4,0,185590.4062,3.6560,0.0000,3.6560,0.7936,1.3995,0.0000,1.2308,7048.4155,71,1.1951,0.0000,0.0000,0.0000,1587818.2500,10.6400,151813.5156,373.3117,220107
42,59,Paris_Medium,train,MAPPO,3600,14,125,102,0.8160,1.0000,0.0000,718.1177,119.6863,0.4298,3.0437,459.1471,299.1176,1916.5460,0.8348,47.2356,43.0885,1585.8964,319.5201,1862.0640,93103.2031,0,0,0.0000,0.0002,0.0000,0.0018,496,0.8160,0.1840,3.0386,3351.4878,uniform,0.2467,0.4718,1.5604,0.0000,1.0000,0.0000,75.8379,15,2647.9038,0.0344,1.0074,4,0,195487.6875,3.9680,0.0000,3.9680,0.8581,1.4687,0.0000,1.2079,7256.7085,75,1.2306,0.0000,0.0000,0.0000,1694598.3750,14.2720,153781.5312,464.3477,232758
42,60,Tokyo_Small,train,IPPO,3600,10,84,56,0.6667,1.0000,0.0000,644.9464,214.9821,0.3163,3.0733,314.8393,358.4286,1252.8792,0.7959,29.1193,26.4081,865.3058,297.0523,1122.1548,112215.4766,0,0,-0.0013,0.3661,0.6144,0.1587,315,0.6667,0.3333,3.0700,1674.8280,uniform,0.3000,0.5487,1.5616,0.0000,1.0000,0.0000,64.2635,13,1310.6000,0.0417,1.1018,4,0,70161.2344,3.7500,0.0000,3.7500,0.6957,0.8412,0.0000,1.3696,6233.6118,38,1.0825,0.0000,0.0000,0.0000,945035.0625,19.8214,63483.6133,189.2797,94261
42,60,Tokyo_Small,train,MAPPER,3600,10,84,52,0.6190,1.0000,0.0000,683.2308,341.6154,0.2833,3.0733,300.5192,408.3390,1243.6069,0.8276,29.1193,26.4081,865.3058,297.0523,1147.0952,114709.5234,0,0,-0.0013,0.2281,0.1157,0.0214,316,0.6190,0.3810,3.0694,1674.8280,uniform,0.2143,0.3997,1.5616,0.0000,1.0000,0.0000,51.7978,12,1310.5936,0.0412,1.1343,3,1,64667.5625,3.7619,0.0000,3.7619,0.6158,0.8019,0.0000,1.2665,4055.0090,38,1.2572,0.0000,0.0000,0.0000,1042083.0625,14.1905,64677.3945,272.1153,96356
42,60,Tokyo_Small,train,MAPPO,3600,10,84,51,0.6071,0.9881,0.0119,615.6078,153.9020,0.4210,3.0714,293.5882,368.2542,1209.1069,0.8237,29.1193,26.4081,873.4084,300.7180,877.2143,87721.4297,0,0,-0.0000,0.0007,0.0000,0.0033,332,0.6145,0.3855,3.0673,1674.8280,uniform,0.3366,0.6104,1.5629,1.4573,0.9881,0.0000,51.7668,12,1310.6272,0.0420,1.1728,4,0,61664.4531,3.9524,0.0000,3.9524,0.5806,0.7708,0.2514,1.4958,8983.1934,54,1.7387,0.0000,0.0000,0.0000,769967.8750,21.6548,34220.7695,362.5790,73686
42,61,Tokyo_Medium,train,IPPO,3600,20,120,85,0.7083,1.0000,0.0000,837.8470,104.7309,0.4282,3.0735,504.9294,366.9528,2145.7615,0.8499,56.8213,53.6851,1691.2775,336.1141,2868.2834,143414.1562,0,0,-0.0011,0.2340,0.6089,0.1232,461,0.7083,0.2917,3.0646,3353.8010,uniform,0.2901,0.5567,1.6699,0.0000,1.0000,0.0000,75.7771,15,2626.7776,0.0365,1.0445,4,0,182389.7344,3.8417,0.0000,3.8417,0.7772,2.0153,0.0000,1.3412,12932.6855,78,1.3191,0.0000,0.0000,0.0000,2614928.5000,18.8083,287335.2188,220.4702,344194
42,61,Tokyo_Medium,train,MAPPER,3600,20,120,89,0.7417,1.0000,0.0000,821.6741,136.9457,0.3059,3.0727,484.5056,392.5555,2074.1277,0.8562,56.8213,53.6851,1691.2775,336.1141,2163.5833,108179.1641,0,0,-0.0020,0.0944,0.1802,0.0183,440,0.7417,0.2583,3.0639,3353.8010,uniform,0.2443,0.4720,1.6699,0.0000,1.0000,0.0000,69.6801,15,2626.7322,0.0367,0.9842,3,0,184597.3594,3.6667,0.0000,3.6667,0.7633,1.8901,0.0000,1.2700,8762.7617,84,1.5704,0.0000,0.0000,0.0000,1988601.3750,9.1333,206607.5312,266.8738,259630
42,61,Tokyo_Medium,train,MAPPO,3600,20,120,96,0.8000,1.0000,0.0000,792.3021,99.0378,0.4329,3.0720,497.7292,332.3772,2171.4224,0.8725,56.8213,53.6851,1691.2775,336.1141,1417.9584,70897.9219,0,0,-0.0018,0.0084,0.0000,0.0127,440,0.8000,0.2000,3.0630,3353.8010,uniform,0.2406,0.4593,1.6699,0.0000,1.0000,0.0000,63.4447,15,2626.8042,0.0369,1.0488,3,0,208456.5312,3.6667,0.0000,3.6667,0.8588,1.9715,0.0000,1.3129,11173.3662,81,1.3025,0.0000,0.0000,0.0000,1246638.6250,8.9000,112938.5234,305.4861,170155
42,62,LosAngeles_Small,train,IPPO,3600,10,79,60,0.7595,1.0000,0.0000,656.7833,164.1958,0.4145,3.0751,309.5000,390.3088,1252.8636,0.8096,24.2235,22.1909,953.7247,256.0176,1233.7848,123378.4844,0,0,-0.0010,0.2835,0.6038,0.1399,321,0.7595,0.2405,3.0634,1675.8837,uniform,0.2344,0.4472,1.5709,0.0000,1.0000,0.0000,58.9273,13,1304.9814,0.0438,1.0531,4,0,75171.8203,4.0633,0.0000,4.0633,0.7373,0.8602,0.0000,1.3618,5038.9048,43,1.3424,0.0000,0.0000,0.0000,1059104.3750,17.4684,70652.1406,164.7751,97469
42,62,LosAngeles_Small,train,MAPPER,3600,10,79,56,0.7089,1.0000,0.0000,617.7857,205.9286,0.3625,3.0750,308.4821,324.3175,1357.5026,0.8801,24.2235,22.1909,953.7247,256.0176,932.4810,93248.1016,0,0,-0.0024,0.0884,0.1028,0.0152,296,0.7089,0.2911,3.0622,1675.8837,uniform,0.2783,0.5076,1.5709,0.0000,1.0000,0.0000,36.9816,13,1304.9508,0.0439,1.1177,4,0,76020.1406,3.7468,0.0000,3.7468,0.7298,0.9122,0.0000,1.3607,5048.3242,45,1.4044,0.0000,0.0000,0.0000,825790.1875,12.2785,46056.3281,242.8003,73666
42,62,LosAngeles_Small,train,MAPPO,3600,10,79,57,0.7215,1.0000,0.0000,630.8421,157.7105,0.4633,3.0734,307.8246,359.8769,1345.1799,0.8740,24.2235,22.1909,953.7247,256.0176,766.1140,76611.3906,0,0,-0.0000,0.0003,0.0000,0.0019,296,0.7215,0.2785,3.0608,1675.8837,uniform,0.2450,0.4965,1.5709,0.0000,1.0000,0.0000,38.7886,13,1304.9764,0.0446,1.3237,5,1,76675.2578,3.7468,0.0000,3.7468,0.7661,0.9409,0.0000,1.5409,7114.2319,60,1.4694,0.0000,0.0000,0.0000,657763.5625,18.0253,26511.7676,322.1732,60523
42,63,LosAngeles_Medium,train,IPPO,3600,20,116,88,0.7586,1.0000,0.0000,814.0000,116.2857,0.3514,3.1157,515.7727,353.6476,2168.5479,0.8409,46.4157,40.7320,1711.6932,295.3934,2685.1724,134258.6250,0,0,-0.0009,0.3679,0.5971,0.1587,460,0.7586,0.2414,3.1050,3354.9529,uniform,0.2871,0.5700,1.5900,0.0000,1.0000,0.0000,82.0631,15,2616.7781,0.0316,0.9405,5,0,190832.2031,3.9655,0.0000,3.9655,0.7892,1.7188,0.0000,1.3016,8831.2900,80,3.8665,0.0000,0.0000,0.0000,2408908.5000,18.8103,257799.4688,186.5014,311480
42,63,LosAngeles_Medium,train,MAPPER,3600,20,116,82,0.7069,1.0000,0.0000,871.4390,174.2878,0.2658,3.1151,525.0244,388.6495,2231.9548,0.8502,46.4157,40.7320,1711.6932,295.3934,1577.8879,78894.3984,0,0,-0.0012,0.1065,0.1439,0.0119,466,0.7069,0.2931,3.1035,3354.9529,uniform,0.2169,0.4274,1.5900,0.0000,1.0000,0.0000,78.6335,15,2616.7241,0.0320,0.9748,3,0,183020.2969,4.0172,0.0000,4.0172,0.7413,1.7325,0.0000,1.3141,9623.6143,84,1.4575,0.0000,0.0000,0.0000,1406111.1250,11.2931,135114.9688,241.3292,183035
42,63,LosAngeles_Medium,train,MAPPO,3600,20,116,92,0.7931,1.0000,0.0000,823.4565,102.9321,0.4468,3.1143,526.5978,333.2453,2258.5291,0.8578,46.4157,40.7320,1711.6932,295.3934,1418.3966,70919.8281,0,0,-0.0012,0.0018,0.0000,0.0058,459,0.7931,0.2069,3.1031,3354.9529,uniform,0.2438,0.4683,1.5900,0.0000,1.0000,0.0000,74.8920,15,2616.9055,0.0321,1.0751,3,0,207784.6562,3.9569,0.0000,3.9569,0.8567,1.7847,0.0000,1.3746,12155.0820,104,1.2591,0.0000,0.0000,0.0000,1249674.6250,12.5345,112171.3047,282.6825,164534
42,64,Paris_Small,train,IPPO,3600,10,78,58,0.7436,1.0000,0.0000,508.6552,254.3276,0.2967,3.0379,250.4655,285.1757,976.1504,0.7795,23.6607,21.7465,778.3249,265.4098,1728.3206,172832.0469,0,0,-0.0011,0.2184,0.5965,0.1224,302,0.7436,0.2564,3.0499,1674.9661,uniform,0.2724,0.4985,1.5828,0.0000,1.0000,0.0000,55.2354,15,1325.9181,0.0510,0.9632,4,0,56616.7227,3.8718,0.0000,3.8718,0.7166,0.8316,0.0000,1.1208,1564.4108,20,1.2430,0.0000,0.0000,0.0000,1455587.1250,15.7949,94372.9375,245.6794,134809
42,64,Paris_Small,train,MAPPER,3600,10,78,57,0.7308,1.0000,0.0000,539.3684,269.6842,0.2933,3.0375,271.9649,269.7500,1036.7153,0.7624,23.6607,21.7465,778.3249,265.4098,1381.4615,138146.1562,0,0,-0.0020,0.0494,0.0927,0.0100,309,0.7308,0.2692,3.0497,1674.9661,uniform,0.2939,0.5330,1.5828,0.0000,1.0000,0.0000,64.6218,15,1325.9055,0.0501,0.9648,4,0,59092.7773,3.9615,0.0000,3.9615,0.7676,0.9064,0.0000,1.1361,1737.8290,21,1.3649,0.0000,0.0000,0.0000,1265297.3750,10.3718,73541.1953,322.4630,107754
42,64,Paris_Small,train,MAPPO,3600,10,78,65,0.8333,1.0000,0.0000,499.5538,166.5179,0.3626,3.0362,247.5846,252.7183,1037.0586,0.8377,23.6607,21.7465,778.3249,265.4098,950.5385,95053.8438,0,0,0.0000,0.0002,0.0000,0.0022,294,0.8333,0.1667,3.0485,1674.9661,uniform,0.1759,0.3388,1.5828,0.0000,1.0000,0.0000,40.1729,15,1325.8986,0.0500,1.0616,4,1,67408.8047,3.7692,0.0000,3.7692,0.8811,0.9123,0.0000,1.2561,2880.8323,41,1.2528,0.0000,0.0000,0.0000,836499.8750,11.8718,35338.4609,383.4441,74142
42,65,Paris_Medium,train,IPPO,3600,20,128,88,0.6875,1.0000,0.0000,756.4886,151.2977,0.2884,3.0449,475.8636,334.5370,1946.6956,0.8182,46.3203,42.7531,1564.5438,291.1659,4255.2266,212761.3281,0,0,-0.0009,0.5279,0.5868,0.1906,464,0.6875,0.3125,3.0408,3353.6367,uniform,0.3210,0.5953,1.5551,0.0000,1.0000,0.0000,86.5245,14,2645.2246,0.0256,0.8548,4,0,171309.2188,3.6250,0.0000,3.6250,0.7656,1.8163,0.0000,1.2771,6263.0444,52,1.4985,0.0000,0.0000,0.0000,3799330.2500,16.8281,450843.4375,277.1183,544669
42,65,Paris_Medium,train,MAPPER,3600,20,128,93,0.7266,1.0000,0.0000,817.5269,163.5054,0.2674,3.0429,473.0323,370.3143,1945.3319,0.8225,46.3203,42.7531,1564.5438,291.1659,3018.6328,150931.6406,0,0,-0.0017,0.0530,0.1542,0.0205,513,0.7266,0.2734,3.0379,3353.6367,uniform,0.2491,0.4663,1.5551,0.0000,1.0000,0.0000,83.9659,14,2645.1958,0.0256,0.9268,3,0,180915.8750,4.0078,0.0000,4.0078,0.7806,1.7525,0.0000,1.1892,5562.1250,51,1.3990,0.0000,0.0000,0.0000,2841689.0000,13.3047,314506.8438,384.6066,386385
42,65,Paris_Medium,train,MAPPO,3600,20,128,101,0.7891,1.0000,0.0000,759.1584,94.8948,0.4095,3.0402,465.0693,341.9099,1970.7457,0.8475,46.3203,42.7531,1564.5438,291.1659,2139.1953,106959.7656,0,0,0.0000,0.0002,0.0000,0.0017,503,0.7891,0.2109,3.0354,3353.6367,uniform,0.2833,0.5383,1.5551,0.0000,1.0000,0.0000,70.9202,14,2645.2419,0.0271,0.9841,4,0,199045.3125,3.9297,0.0000,3.9297,0.8427,1.7420,0.0000,1.2476,7899.2080,83,1.5432,0.0000,0.0000,0.0000,1961653.3750,16.9453,186724.2969,502.8716,273817
42,66,Tokyo_Small,train,IPPO,3600,25,82,58,0.7073,1.0000,0.0000,567.3965,63.0441,0.3682,3.0897,253.6379,355.9118,1050.6360,0.8285,29.1182,26.8323,797.9047,291.9775,2976.5488,297654.8750,0,0,-0.0011,0.3490,0.5906,0.1540,285,0.7073,0.2927,3.0985,1675.3683,uniform,0.2724,0.4985,1.4898,0.0000,1.0000,0.0000,43.5107,14,1316.4005,0.0350,1.2539,4,0,60936.8906,3.4756,0.0000,3.4756,0.6814,0.6928,0.0000,1.3602,5358.7817,47,1.7081,0.0000,0.0000,0.0000,2767788.7500,22.9512,205856.5156,257.3452,244077
42,66,Tokyo_Small,train,MAPPER,3600,25,82,58,0.7073,1.0000,0.0000,577.1035,57.7103,0.4047,3.0883,252.2069,356.9844,1062.1433,0.8423,29.1182,26.8323,797.9047,291.9775,1044.5000,104450.0000,0,0,-0.0010,0.0472,0.0843,0.0104,265,0.7073,0.2927,3.0954,1675.3683,uniform,0.2494,0.4613,1.4898,0.0000,1.0000,0.0000,39.7782,14,1316.4036,0.0345,1.2213,4,1,61604.3125,3.2317,0.0000,3.2317,0.6529,0.6639,0.0000,1.2941,4408.3398,47,2.1528,0.0000,0.0000,0.0000,941417.7500,19.4268,52437.2656,301.9406,85649
42,66,Tokyo_Small,train,MAPPO,3600,25,82,57,0.6951,0.9390,0.0610,550.6316,55.0632,0.4135,3.0885,244.9474,330.9524,1056.3596,0.8625,28.2768,25.1777,801.6745,293.1400,622.7805,62278.0469,0,0,-0.0021,0.0241,0.0000,0.0204,259,0.7403,0.2597,3.0973,1675.3683,uniform,0.2450,0.4578,1.4988,1.3510,0.9390,0.0000,33.6754,14,1316.4194,0.0350,1.3236,4,0,60212.4961,3.1585,0.0000,3.1585,0.6265,0.6482,3.2266,1.4575,6904.7886,51,2.6376,0.0000,0.0000,0.0000,525091.6875,9.8659,15822.2930,332.1381,51068
42,67,Tokyo_Medium,train,IPPO,3600,50,111,77,0.6937,1.0000,0.0000,885.4935,46.6049,0.3965,3.0701,523.2208,446.2188,2243.8057,0.8577,57.2809,54.2621,1706.4440,350.9564,7612.2251,380611.2500,0,0,-0.0006,0.2325,0.5733,0.1212,445,0.6937,0.3063,3.0614,3350.6956,uniform,0.2897,0.5510,1.6947,0.0000,1.0000,0.0000,74.4596,15,2621.2922,0.0361,1.0523,3,0,172773.0312,4.0090,0.0000,4.0090,0.7807,2.0993,0.0000,1.3063,13279.7500,84,2.8392,0.0000,0.0000,0.0000,7346774.0000,20.3514,784053.9375,283.2266,844957
42,67,Tokyo_Medium,train,MAPPER,3600,50,111,68,0.6126,1.0000,0.0000,932.3970,44.3999,0.4364,3.0688,544.7059,476.8523,2349.3799,0.8626,57.2809,54.2621,1706.4440,350.9564,2958.8379,147941.8906,0,0,-0.0014,0.0514,0.1267,0.0113,408,0.6126,0.3874,3.0590,3350.6956,uniform,0.3162,0.6127,1.6947,0.0000,1.0000,0.0000,74.8299,15,2621.3411,0.0362,1.0969,3,0,159757.8281,3.6757,0.0000,3.6757,0.7375,2.2456,0.0000,1.3987,15630.1133,102,2.5739,0.0000,0.0000,0.0000,2777440.5000,15.2703,262590.9062,411.7583,328431
42,67,Tokyo_Medium,train,MAPPO,3600,50,111,78,0.7027,1.0000,0.0000,863.3461,39.2430,0.4554,3.0689,516.4103,416.1684,2242.4617,0.8685,57.2809,54.2621,1706.4440,350.9564,1312.6937,65634.6797,0,0,-0.0000,0.0005,0.0000,0.0018,432,0.7027,0.2973,3.0598,3350.6956,uniform,0.3303,0.6170,1.6947,0.0000,1.0000,0.0000,67.9179,15,2621.2344,0.0362,1.0807,3,0,174912.0156,3.8919,0.0000,3.8919,0.8072,2.1429,0.0000,1.4594,17680.3828,102,3.5792,0.0000,0.0000,0.0000,1135358.2500,8.4595,79039.0547,423.2963,145709
42,68,LosAngeles_Small,train,IPPO,3600,25,81,57,0.7037,1.0000,0.0000,538.3333,59.8148,0.3912,3.0958,281.8596,298.2656,1221.3141,0.8666,23.7241,21.0743,953.4255,262.2080,2051.5061,205150.6250,0,0,-0.0011,0.3062,0.5795,0.1427,281,0.7037,0.2963,3.0938,1676.3108,uniform,0.3436,0.6193,1.6751,0.0000,1.0000,0.0000,37.5968,14,1313.3774,0.0446,1.2147,4,0,69614.8984,3.4691,0.0000,3.4691,0.7212,1.1189,0.0000,1.5027,8191.1592,62,1.9992,0.0000,0.0000,0.0000,1867911.7500,23.5432,136867.5000,178.1912,166172
42,68,LosAngeles_Small,train,MAPPER,3600,25,81,58,0.7160,1.0000,0.0000,597.9483,59.7948,0.4290,3.0942,282.2586,336.4688,1238.6263,0.8777,23.7241,21.0743,953.4255,262.2080,903.7407,90374.0703,0,0,-0.0015,0.0254,0.0758,0.0079,257,0.7160,0.2840,3.0910,1676.3108,uniform,0.3210,0.5872,1.6751,0.0000,1.0000,0.0000,34.5333,14,1313.3611,0.0448,1.1234,4,0,71840.3281,3.1728,0.0000,3.1728,0.7574,1.1548,0.0000,1.3900,7339.0518,56,2.1984,0.0000,0.0000,0.0000,806023.6250,16.3457,45727.6172,241.4867,73203
42,68,LosAngeles_Small,train,MAPPO,3600,25,81,58,0.7160,0.9877,0.0123,510.1897,46.3809,0.4431,3.0948,284.1897,281.9559,1236.5947,0.8703,23.7241,20.9225,954.4244,266.8822,546.8271,54682.7148,0,0,-0.0000,0.0002,0.0000,0.0016,256,0.7250,0.2750,3.0917,1676.3108,uniform,0.2989,0.5496,1.6589,2.9704,0.9877,0.0000,36.8707,14,1313.4578,0.0455,1.3177,3,0,71722.4922,3.1605,0.0000,3.1605,0.7330,1.1176,2.1202,1.8647,12384.4561,64,2.2536,0.0000,0.0000,0.0000,445799.0625,10.8148,15652.0977,252.5648,44293
42,69,LosAngeles_Medium,train,IPPO,3600,50,121,83,0.6860,1.0000,0.0000,867.0844,41.2897,0.4236,3.1005,508.5060,420.4423,2129.2683,0.8375,46.9940,42.1244,1580.4843,316.6390,6501.8101,325090.5000,0,0,-0.0012,0.2913,0.5653,0.1395,453,0.6860,0.3140,3.0898,3353.3218,uniform,0.2697,0.5456,1.6404,0.0000,1.0000,0.0000,82.6523,17,2614.3713,0.0406,1.1366,4,0,176729.2812,3.7438,0.0000,3.7438,0.7458,1.8077,0.0000,1.6951,18870.5273,102,2.3741,0.0000,0.0000,0.0000,6254803.5000,26.0083,728284.5625,235.9249,786719
42,69,LosAngeles_Medium,train,MAPPER,3600,50,121,73,0.6033,1.0000,0.0000,937.3561,44.6360,0.4215,3.1003,550.8356,413.2683,2379.4343,0.8639,46.9940,42.1244,1580.4843,316.6390,3125.1902,156259.5000,0,0,-0.0020,0.0546,0.1497,0.0225,417,0.6033,0.3967,3.0895,3353.3218,uniform,0.2126,0.4767,1.6404,0.0000,1.0000,0.0000,74.9488,17,2614.3989,0.0406,1.1207,3,0,173698.7031,3.4463,0.0000,3.4463,0.7435,2.0491,0.0000,1.5970,19009.6211,109,2.8518,0.0000,0.0000,0.0000,2968176.5000,20.1736,308106.6562,421.8422,378148
42,69,LosAngeles_Medium,train,MAPPO,3600,50,121,77,0.6364,0.9835,0.0165,896.1039,38.9610,0.4648,3.0988,523.4935,436.5111,2253.3894,0.8609,46.9940,42.1244,1594.1887,323.7062,1372.8595,68642.9766,0,0,0.0000,0.0002,0.0000,0.0012,394,0.6471,0.3529,3.0888,3353.3218,uniform,0.2652,0.5340,1.6572,0.6370,0.9835,0.0000,72.8156,17,2614.4380,0.0420,1.1986,3,0,173510.9688,3.2562,0.0000,3.2562,0.7274,1.9004,0.7868,1.4740,17206.7871,137,11.0456,0.0000,0.0000,0.0000,1210202.7500,21.1570,70976.1016,623.6262,166116
42,70,Paris_Small,train,IPPO,3600,25,80,53,0.6625,1.0000,0.0000,493.1509,61.6439,0.3486,3.0468,270.5094,251.9365,1121.7892,0.8294,22.7436,21.4670,835.3264,258.4114,3495.7000,349570.0000,0,0,-0.0007,0.2042,0.5703,0.1173,278,0.6625,0.3375,3.0321,1675.9462,uniform,0.2975,0.5406,1.5961,0.0000,1.0000,0.0000,46.1516,12,1331.1200,0.0481,1.1135,3,0,59454.8242,3.4750,0.0000,3.4750,0.7024,0.8550,0.0000,1.2041,3268.3455,28,2.0532,0.0000,0.0000,0.0000,3236317.5000,28.5125,232372.6562,331.6610,279656
42,70,Paris_Small,train,MAPPER,3600,25,80,52,0.6500,1.0000,0.0000,522.1923,58.0214,0.3675,3.0460,279.9038,284.5932,1164.7966,0.8323,22.7436,21.4670,835.3264,258.4114,1695.2250,169522.5000,0,0,-0.0012,0.0629,0.0766,0.0149,248,0.6500,0.3500,3.0318,1675.9462,uniform,0.3397,0.6130,1.5961,0.0000,1.0000,0.0000,46.9445,12,1331.2739,0.0485,1.1283,4,0,60569.4258,3.1000,0.0000,3.1000,0.7178,0.8905,0.0000,1.2926,4390.4121,35,2.2094,0.0000,0.0000,0.0000,1573669.7500,17.8875,74086.3203,647.5919,135618
42,70,Paris_Small,train,MAPPO,3600,25,80,55,0.6875,0.9500,0.0500,493.2000,61.6500,0.3557,3.0464,280.8909,261.3906,1144.0784,0.8146,22.7261,21.3640,859.7159,276.8030,822.9125,82291.2500,0,0,-0.0000,0.0001,0.0000,0.0015,255,0.7237,0.2763,3.0317,1675.9462,uniform,0.2770,0.5094,1.6111,1.3111,0.9500,0.0000,52.0752,12,1331.1409,0.0482,1.2246,3,0,62924.3125,3.1875,0.0000,3.1875,0.7455,0.8744,1.2791,1.2948,4002.1633,47,1.8376,0.0000,0.0000,0.0000,711286.4375,5.6875,15767.5693,514.1937,65833
42,71,Paris_Medium,train,IPPO,3600,50,120,96,0.8000,1.0000,0.0000,708.1354,37.2703,0.3823,3.0422,437.9375,303.7080,1836.3059,0.8386,47.2998,44.2119,1573.8032,315.2668,9482.0664,474103.3750,0,0,-0.0009,0.1484,0.5572,0.0916,449,0.8000,0.2000,3.0350,3353.7053,uniform,0.2510,0.4868,1.6670,0.0000,1.0000,0.0000,70.6763,14,2647.5710,0.0333,0.9452,4,0,176285.3594,3.7417,0.0000,3.7417,0.7687,1.5394,0.0000,1.1908,6530.7466,63,1.8755,0.0000,0.0000,0.0000,9075441.0000,19.4250,1048767.0000,335.7182,1137848
42,71,Paris_Medium,train,MAPPER,3600,50,120,96,0.8000,1.0000,0.0000,720.9688,37.9457,0.3871,3.0413,449.8646,310.2973,1900.4384,0.8449,47.2998,44.2119,1573.8032,315.2668,3119.4250,155971.2500,0,0,-0.0012,0.0293,0.1266,0.0088,404,0.8000,0.2000,3.0342,3353.7053,uniform,0.2648,0.5048,1.6670,0.0000,1.0000,0.0000,69.7769,14,2647.5610,0.0333,0.9205,4,0,182442.0781,3.3667,0.0000,3.3667,0.8107,1.6235,0.0000,1.1952,6735.0283,65,2.3379,0.0000,0.0000,0.0000,2922615.5000,11.4833,302351.5625,403.0214,374331
42,71,Paris_Medium,train,MAPPO,3600,50,120,99,0.8250,1.0000,0.0000,636.2727,35.3485,0.3749,3.0426,432.9091,251.1842,1827.1464,0.8441,47.2998,44.2119,1573.8032,315.2668,1803.2000,90160.0000,0,0,0.0000,0.0001,0.0000,0.0014,436,0.8250,0.1750,3.0354,3353.7053,uniform,0.2854,0.5401,1.6670,0.0000,1.0000,0.0000,67.4798,14,2647.5759,0.0333,0.9763,4,0,180887.4844,3.6333,0.0000,3.6333,0.8098,1.5725,0.0000,1.2051,5776.0635,68,2.1491,0.0000,0.0000,0.0000,1596343.6250,5.5167,135955.7500,463.3822,216384
42,72,Tokyo_Small,train,IPPO,3600,7,86,55,0.6395,1.0000,0.0000,552.8182,276.4091,0.2956,3.0097,256.1636,348.6571,1046.0818,0.8167,29.7957,28.2296,819.9630,272.0229,1425.1279,142512.7969,0,0,-0.0008,0.2565,0.5526,0.1299,302,0.6395,0.3605,3.1102,1593.3395,shock_pick,0.3266,0.6006,1.6354,0.0000,1.0000,0.0000,46.9473,16,1243.9814,0.3381,1.1202,5,0,57534.5000,3.5116,0.0000,3.5116,0.6661,0.8638,0.0000,1.3680,5887.4805,47,1.0293,0.0000,0.0000,0.0000,1212583.6250,18.3953,83763.2969,238.5948,122561
42,72,Tokyo_Small,train,MAPPER,3600,7,86,52,0.6047,1.0000,0.0000,596.4808,596.4808,0.2603,3.0111,258.2308,367.8000,1075.3573,0.8329,29.7957,28.2296,819.9630,272.0229,1371.2675,137126.7500,0,0,-0.0012,0.1380,0.0727,0.0123,300,0.6047,0.3953,3.1113,1593.3395,shock_pick,0.2953,0.5883,1.6354,0.0000,1.0000,0.0000,43.1593,16,1243.9222,0.3385,1.3549,5,1,55918.5820,3.4884,0.0000,3.4884,0.5714,0.7837,0.0000,1.6719,7342.4868,58,1.5521,0.0000,0.0000,0.0000,1245474.2500,11.4070,83340.7422,276.3988,117929
42,72,Tokyo_Small,train,MAPPO,3600,7,86,49,0.5698,1.0000,0.0000,522.3469,261.1735,0.3820,3.0095,254.2041,325.8621,1099.3148,0.8649,29.7957,28.2296,819.9630,272.0229,862.5814,86258.1406,0,0,-0.0000,0.0006,0.0000,0.0026,324,0.5698,0.4302,3.1094,1593.3395,shock_pick,0.3272,0.6016,1.6354,0.0000,1.0000,0.0000,34.3411,16,1243.9292,0.3380,1.4239,3,0,53866.4219,3.7674,0.0000,3.7674,0.5698,0.8294,0.0000,1.8200,13703.6602,73,1.2856,0.0000,0.0000,0.0000,745222.8750,22.1744,35541.2734,331.9540,74182
42,73,Tokyo_Medium,train,IPPO,3600,14,120,81,0.6750,1.0000,0.0000,810.6296,202.6574,0.3289,2.9884,521.6049,353.0408,2158.6123,0.8277,57.4934,53.3366,1591.6979,335.0401,2500.7500,125037.4922,0,0,-0.0009,0.4133,0.5402,0.1658,477,0.6750,0.3250,3.1004,3181.5925,shock_pick,0.2880,0.5473,1.6920,0.0000,1.0000,0.0000,89.8824,16,2468.3787,0.4114,1.0068,3,0,174847.5938,3.9750,0.0000,3.9750,0.7431,1.7307,0.0000,1.3253,9986.9922,79,1.1692,0.0000,0.0000,0.0000,2138893.2500,19.9917,227928.8906,239.4880,300090
42,73,Tokyo_Medium,train,MAPPER,3600,14,120,76,0.6333,1.0000,0.0000,856.1053,285.3684,0.2347,2.9879,531.4079,381.1555,2209.9277,0.8317,57.4934,53.3366,1591.6979,335.0401,1567.0500,78352.5000,0,0,-0.0013,0.2431,0.1423,0.0291,462,0.6333,0.3667,3.0998,3181.5925,shock_pick,0.2301,0.4678,1.6920,0.0000,1.0000,0.0000,89.4224,16,2468.4004,0.4114,1.1252,3,0,167954.5000,3.8500,0.0000,3.8500,0.6475,1.6071,0.0000,1.3893,11683.3008,79,1.0584,0.0000,0.0000,0.0000,1351768.0000,11.9500,128111.4297,284.1748,188046
42,73,Tokyo_Medium,train,MAPPO,3600,14,120,78,0.6500,1.0000,0.0000,830.4615,138.4103,0.4375,2.9875,529.2949,351.9111,2253.5708,0.8515,57.4934,53.3366,1591.6979,335.0401,1652.3750,82618.7500,0,0,0.0000,0.0004,0.0000,0.0018,496,0.6500,0.3500,3.0990,3181.5925,shock_pick,0.3585,0.6632,1.6920,0.0000,1.0000,0.0000,78.5807,16,2468.3938,0.4110,1.2160,3,0,175778.5312,4.1333,0.0000,4.1333,0.7608,1.8401,0.0000,1.4608,16940.4766,118,2.0274,0.0000,0.0000,0.0000,1436535.7500,17.7333,129153.4297,360.2590,198285
42,74,LosAngeles_Small,train,IPPO,3600,7,78,59,0.7564,1.0000,0.0000,472.8644,236.4322,0.3468,2.9881,232.1864,262.3333,954.5483,0.8222,22.7374,19.8937,777.6924,267.3277,850.2820,85028.2031,0,0,-0.0010,0.2207,0.5396,0.1200,313,0.7564,0.2436,3.1127,1592.0969,shock_pick,0.2653,0.4912,1.6743,0.0000,1.0000,0.0000,41.2768,19,1226.6069,0.5553,1.2240,4,0,56318.3477,4.0128,0.0000,4.0128,0.7117,0.7343,0.0000,1.6048,6613.3149,50,1.1390,0.0000,0.0000,0.0000,626618.3750,18.6154,37006.5898,152.1770,66322
42,74,LosAngeles_Small,train,MAPPER,3600,7,78,55,0.7051,1.0000,0.0000,446.1454,223.0727,0.3023,2.9888,224.1273,267.1111,923.0474,0.8237,22.7374,19.8937,777.6924,267.3277,703.4103,70341.0234,0,0,-0.0020,0.0984,0.0837,0.0156,276,0.7051,0.2949,3.1147,1592.0969,shock_pick,0.2958,0.5764,1.6743,0.0000,1.0000,0.0000,39.5178,19,1226.5649,0.5555,1.3309,6,0,50767.6094,3.5385,0.0000,3.5385,0.6422,0.7109,0.0000,1.7855,10070.9873,58,1.0642,0.0000,0.0000,0.0000,583124.1875,9.5385,31565.9160,178.4350,54866
42,74,LosAngeles_Small,train,MAPPO,3600,7,78,56,0.7179,1.0000,0.0000,433.3393,216.6696,0.3607,2.9886,236.8393,236.1077,999.8387,0.8443,22.7374,19.8937,777.6924,267.3277,607.2564,60725.6406,0,0,-0.0000,0.0005,0.0000,0.0030,300,0.7179,0.2821,3.1143,1592.0969,shock_pick,0.3607,0.6595,1.6743,0.0000,1.0000,0.0000,36.8715,19,1226.6011,0.5553,1.4124,5,0,55990.9688,3.8462,0.0000,3.8462,0.7089,0.7706,0.0000,1.8115,10246.1475,57,1.0868,0.0000,0.0000,0.0000,482765.6562,13.6410,19284.7129,235.5274,47366
42,75,LosAngeles_Medium,train,IPPO,3600,14,129,94,0.7287,1.0000,0.0000,755.7872,125.9645,0.4294,3.1002,478.4043,344.2301,1964.2524,0.8212,45.8478,43.5880,1531.8635,256.8830,2214.4961,110724.8125,0,0,-0.0009,0.2276,0.5318,0.1206,478,0.7287,0.2713,3.1313,3180.7346,shock_pick,0.3188,0.5984,1.7024,0.0000,1.0000,0.0000,85.5538,17,2438.9841,0.3277,1.0439,4,0,184639.7188,3.7054,0.0000,3.7054,0.7591,1.7624,0.0000,1.5370,12589.5742,94,1.1842,0.0000,0.0000,0.0000,1814897.7500,17.8527,212460.2500,167.9212,285670
42,75,LosAngeles_Medium,train,MAPPER,3600,14,129,90,0.6977,1.0000,0.0000,758.4778,379.2389,0.2073,3.0998,480.4667,318.3763,2039.8669,0.8491,45.8478,43.5880,1531.8635,256.8830,1602.2869,80114.3438,0,0,-0.0020,0.2011,0.1422,0.0275,514,0.6977,0.3023,3.1305,3180.7346,shock_pick,0.2812,0.5207,1.7024,0.0000,1.0000,0.0000,72.4933,17,2439.0750,0.3277,0.9824,4,0,183588.0312,3.9845,0.0000,3.9845,0.7540,1.8283,0.0000,1.3308,8866.6865,84,1.0732,0.0000,0.0000,0.0000,1402546.8750,12.0000,152285.2031,222.0436,206695
42,75,LosAngeles_Medium,train,MAPPO,3600,14,129,90,0.6977,1.0000,0.0000,770.0555,128.3426,0.4692,3.0989,474.9667,340.8119,2035.2948,0.8570,45.8478,43.5880,1531.8635,256.8830,1234.9225,61746.1211,0,0,0.0000,0.0004,0.0000,0.0025,546,0.6977,0.3023,3.1298,3180.7346,shock_pick,0.3448,0.6464,1.7024,0.0000,1.0000,0.0000,67.9077,17,2439.0920,0.3275,1.1602,4,0,183176.5312,4.2326,0.0000,4.2326,0.8254,2.0014,0.0000,1.5954,14946.0488,148,1.4666,0.0000,0.0000,0.0000,1028974.5625,18.6667,94847.4688,293.7247,159305
42,76,Paris_Small,train,IPPO,3600,7,82,60,0.7317,1.0000,0.0000,465.3333,232.6667,0.2917,2.9654,251.7000,244.2361,1014.7737,0.8063,22.9477,21.5160,804.4085,267.1297,1571.7927,157179.2656,0,0,-0.0011,0.3796,0.5313,0.1574,325,0.7317,0.2683,3.0694,1592.9822,shock_pick,0.2747,0.5066,1.6286,0.0000,1.0000,0.0000,48.7453,13,1255.8350,0.3826,0.9723,4,1,60886.4219,3.9634,0.0000,3.9634,0.7280,0.8621,0.0000,1.1847,2350.2524,25,1.5523,0.0000,0.0000,0.0000,1086947.8750,18.0244,71340.2031,216.9478,128887
42,76,Paris_Small,train,MAPPER,3600,7,82,59,0.7195,1.0000,0.0000,465.3898,232.6949,0.3112,2.9653,249.8644,251.1970,1046.3022,0.8375,22.9477,21.5160,804.4085,267.1297,1084.4634,108446.3438,0,0,-0.0004,0.0189,0.0663,0.0068,307,0.7195,0.2805,3.0687,1592.9822,shock_pick,0.2548,0.4803,1.6286,0.0000,1.0000,0.0000,40.6040,13,1255.8519,0.3826,1.1425,5,0,61731.8281,3.7439,0.0000,3.7439,0.7703,0.9276,0.0000,1.3085,4389.2227,34,1.0959,0.0000,0.0000,0.0000,950201.2500,12.0976,55666.3750,271.3448,88926
42,76,Paris_Small,train,MAPPO,3600,7,82,54,0.6585,1.0000,0.0000,458.7592,152.9198,0.4606,2.9647,269.1852,218.6271,1126.9451,0.8373,22.9477,21.5160,804.4085,267.1297,1120.2561,112025.6094,0,0,-0.0013,0.0164,0.0000,0.0163,339,0.6585,0.3415,3.0672,1592.9822,shock_pick,0.2877,0.5251,1.6286,0.0000,1.0000,0.0000,43.7962,13,1255.8456,0.3822,1.3822,3,0,60855.0352,4.1341,0.0000,4.1341,0.7465,0.9821,0.0000,1.6919,12645.0244,49,1.3164,0.0000,0.0000,0.0000,985602.1250,20.4024,49594.1914,380.7965,91861
42,77,Paris_Medium,train,IPPO,3600,14,126,99,0.7857,1.0000,0.0000,722.6970,180.6742,0.3502,2.9926,460.3940,313.3529,1887.2679,0.8198,47.1921,43.4973,1551.1313,303.7220,2946.8333,147341.6562,0,0,-0.0009,0.2268,0.5188,0.1193,488,0.7857,0.2143,3.0459,3180.0864,shock_pick,0.2931,0.5642,1.6804,0.0000,1.0000,0.0000,82.9404,16,2500.8374,0.3327,0.8858,4,0,186839.5312,3.8730,0.0000,3.8730,0.7884,1.5832,0.0000,1.2076,5952.9492,62,1.1425,0.0000,0.0000,0.0000,2364151.0000,19.2063,263076.5938,276.2443,371301
42,77,Paris_Medium,train,MAPPER,3600,14,126,96,0.7619,1.0000,0.0000,699.9792,233.3264,0.2753,2.9922,457.2292,297.1171,1917.1400,0.8386,47.1921,43.4973,1551.1313,303.7220,1861.6666,93083.3359,0,0,-0.0023,0.0504,0.1318,0.0115,472,0.7619,0.2381,3.0454,3180.0864,shock_pick,0.2640,0.4961,1.6804,0.0000,1.0000,0.0000,73.8011,16,2500.8770,0.3326,0.9076,3,0,184045.4375,3.7460,0.0000,3.7460,0.7947,1.6457,0.0000,1.2503,5660.1230,68,1.1706,0.0000,0.0000,0.0000,1615862.1250,9.6746,161357.1562,335.2518,234570
42,77,Paris_Medium,train,MAPPO,3600,14,126,103,0.8175,1.0000,0.0000,674.6505,134.9301,0.4081,2.9922,456.4757,271.1260,1926.4700,0.8441,47.1921,43.4973,1551.1313,303.7220,2135.6191,106780.9531,0,0,-0.0000,0.0005,0.0000,0.0017,483,0.8175,0.1825,3.0460,3180.0864,shock_pick,0.2238,0.4266,1.6804,0.0000,1.0000,0.0000,71.1817,16,2500.8486,0.3324,1.0166,3,0,198426.4062,3.8333,0.0000,3.8333,0.8688,1.6769,0.0000,1.2739,8419.9561,95,1.1546,0.0000,0.0000,0.0000,1893503.8750,11.3730,187472.9062,405.6257,269088
42,78,Tokyo_Small,train,IPPO,3600,10,78,46,0.5897,1.0000,0.0000,594.3478,198.1160,0.3378,2.9631,272.3044,349.5085,1087.4146,0.7987,28.6168,25.5520,805.8311,280.4781,1283.5256,128352.5625,0,0,-0.0013,0.2732,0.5159,0.1335,293,0.5897,0.4103,3.0911,1592.1263,shock_pick,0.4380,0.8425,1.5877,0.0000,1.0000,0.0000,54.8214,17,1229.7034,0.5137,1.5161,6,0,50021.0664,3.7564,0.0000,3.7564,0.5966,0.8141,0.0000,1.5776,7902.9404,56,1.1742,0.0000,0.0000,0.0000,1039712.4375,17.8590,66049.1484,192.9304,100115
42,78,Tokyo_Small,train,MAPPER,3600,10,78,49,0.6282,1.0000,0.0000,584.0612,194.6871,0.3939,2.9619,265.6939,327.6250,1124.6628,0.8466,28.6168,25.5520,805.8311,280.4781,1049.6794,104967.9453,0,0,-0.0004,0.0069,0.0541,0.0059,287,0.6282,0.3718,3.0888,1592.1263,shock_pick,0.3371,0.6190,1.5877,0.0000,1.0000,0.0000,40.7613,17,1229.6962,0.5135,1.2739,4,0,55108.4805,3.6795,0.0000,3.6795,0.6465,0.8282,0.0000,1.4531,6191.2129,48,1.3848,0.0000,0.0000,0.0000,917179.1875,10.2692,51572.0391,256.0004,81875
42,78,Tokyo_Small,train,MAPPO,3600,10,78,53,0.6795,1.0000,0.0000,506.0378,126.5094,0.4175,2.9621,270.0378,269.5574,1132.7073,0.8389,28.6168,25.5520,805.8311,280.4781,730.4359,73043.5859,0,0,-0.0000,0.0002,0.0000,0.0017,292,0.6795,0.3205,3.0894,1592.1263,shock_pick,0.3126,0.5788,1.5877,0.0000,1.0000,0.0000,43.4963,17,1229.7347,0.5135,1.2782,4,0,60033.4883,3.7436,0.0000,3.7436,0.7544,0.8935,0.0000,1.5075,7523.9834,56,1.4169,0.0000,0.0000,0.0000,598596.8125,12.7564,24427.9316,285.4193,56974
42,79,Tokyo_Medium,train,IPPO,3600,20,124,84,0.6774,1.0000,0.0000,802.9881,133.8313,0.3048,3.0653,499.4405,349.3663,2103.9290,0.8425,58.2445,53.0023,1603.0797,335.6035,3046.5081,152325.4062,0,0,-0.0010,0.4867,0.5018,0.1781,486,0.6774,0.3226,3.1035,3184.4094,shock_pick,0.3022,0.5714,1.7776,0.0000,1.0000,0.0000,78.6547,18,2470.6943,0.3635,1.0095,4,0,176730.0312,3.9194,0.0000,3.9194,0.7317,2.0832,0.0000,1.5046,18583.3418,68,1.5146,0.0000,0.0000,0.0000,2717040.7500,25.0645,308190.9688,231.6336,377767
42,79,Tokyo_Medium,train,MAPPER,3600,20,124,82,0.6613,1.0000,0.0000,808.8293,161.7659,0.2578,3.0643,504.9146,335.3871,2139.6072,0.8475,58.2445,53.0023,1603.0797,335.6035,1718.2339,85911.6875,0,0,-0.0015,0.0805,0.1355,0.0227,465,0.6613,0.3387,3.1027,3184.4094,shock_pick,0.2980,0.5556,1.7776,0.0000,1.0000,0.0000,76.9932,18,2470.7781,0.3636,1.0499,3,0,175447.7969,3.7500,0.0000,3.7500,0.7584,2.2121,0.0000,1.3897,12376.7363,86,1.3768,0.0000,0.0000,0.0000,1492182.5000,13.4274,149137.8438,289.4601,213061
42,79,Tokyo_Medium,train,MAPPO,3600,20,124,92,0.7419,1.0000,0.0000,736.0761,105.1537,0.3790,3.0647,497.9348,264.0800,2115.8584,0.8499,58.2445,53.0023,1603.0797,335.6035,1505.9678,75298.3906,0,0,0.0000,0.0002,0.0000,0.0016,437,0.7419,0.2581,3.1025,3184.4094,shock_pick,0.3007,0.5890,1.7776,0.0000,1.0000,0.0000,74.7631,18,2470.9233,0.3633,1.2290,5,0,194658.9688,3.5242,0.0000,3.5242,0.7951,2.0669,0.0000,1.5722,20480.6465,124,1.8019,0.0000,0.0000,0.0000,1292895.7500,13.9758,119028.5156,332.9905,186740
42,80,LosAngeles_Small,train,IPPO,3600,10,87,56,0.6437,1.0000,0.0000,541.8929,270.9464,0.2881,3.0085,275.3214,278.9385,1101.3879,0.8001,23.3096,19.7427,844.9654,219.5592,1279.8621,127986.2031,0,0,-0.0008,0.6096,0.5010,0.1895,352,0.6437,0.3563,3.1308,1594.3467,shock_pick,0.3103,0.5759,1.5515,0.0000,1.0000,0.0000,55.0439,15,1227.3280,0.4912,1.2955,4,0,61677.7227,4.0460,0.0000,4.0460,0.6321,0.8489,0.0000,1.7946,8887.7568,50,4.2122,0.0000,0.0000,0.0000,1110866.2500,22.7816,81563.4688,173.3574,111348
42,80,LosAngeles_Small,train,MAPPER,3600,10,87,52,0.5977,1.0000,0.0000,566.8077,188.9359,0.3047,3.0081,262.0962,329.8361,1048.7432,0.8003,23.3096,19.7427,844.9654,219.5592,1048.1724,104817.2422,0,0,-0.0008,0.0772,0.0621,0.0139,332,0.5977,0.4023,3.1303,1594.3467,shock_pick,0.2877,0.5274,1.5515,0.0000,1.0000,0.0000,52.3475,15,1227.3008,0.4911,1.3247,4,0,54534.6445,3.8161,0.0000,3.8161,0.5501,0.7956,0.0000,1.5401,5871.3257,56,1.6366,0.0000,0.0000,0.0000,927633.3125,14.0690,61255.9219,223.5445,91191
42,80,LosAngeles_Small,train,MAPPO,3600,10,87,50,0.5747,0.9885,0.0115,574.2800,191.4267,0.3310,3.0072,270.8400,336.9298,1151.1848,0.8501,23.3096,19.7427,841.5439,224.0325,763.1494,76314.9453,0,0,0.0000,0.0002,0.0000,0.0020,328,0.5814,0.4186,3.1281,1594.3467,shock_pick,0.2933,0.5657,1.5460,2.0233,0.9885,0.0000,40.6030,15,1227.2964,0.4909,1.5850,4,0,57559.2383,3.7701,0.0000,3.7701,0.5974,0.8986,1.9194,2.0209,14771.3145,82,2.9538,0.0000,0.0000,0.0000,639777.5000,20.6437,27633.5488,322.1520,66394
42,81,LosAngeles_Medium,train,IPPO,3600,20,129,90,0.6977,1.0000,0.0000,761.7333,126.9556,0.3254,3.0433,500.7111,306.8505,2179.0173,0.8704,46.5868,43.7624,1611.6582,301.6741,2773.5813,138679.0625,0,0,-0.0012,0.5014,0.4927,0.1813,502,0.6977,0.3023,3.1339,3181.2839,shock_pick,0.2621,0.4959,1.7142,0.0000,1.0000,0.0000,64.9077,16,2445.1035,0.4558,1.0505,3,0,196111.5469,3.8915,0.0000,3.8915,0.7661,1.9145,0.0000,1.4207,12653.0781,106,1.3247,0.0000,0.0000,0.0000,2473309.2500,21.2868,294407.5312,191.0826,357792
42,81,LosAngeles_Medium,train,MAPPER,3600,20,129,85,0.6589,1.0000,0.0000,794.0941,158.8188,0.2791,3.0437,509.8824,330.8932,2167.2273,0.8501,46.5868,43.7624,1611.6582,301.6741,1979.1163,98955.8125,0,0,-0.0007,0.1164,0.1383,0.0363,510,0.6589,0.3411,3.1346,3181.2839,shock_pick,0.2856,0.5413,1.7142,0.0000,1.0000,0.0000,76.4369,16,2445.1533,0.4560,1.0739,4,0,184214.3125,3.9535,0.0000,3.9535,0.7094,1.8770,0.0000,1.7055,16980.3672,88,1.2250,0.0000,0.0000,0.0000,1774642.5000,10.0775,199909.7969,224.9568,255306
42,81,LosAngeles_Medium,train,MAPPO,3600,20,129,87,0.6744,1.0000,0.0000,788.8506,87.6501,0.4551,3.0427,523.2643,334.1731,2254.6365,0.8618,46.5868,43.7624,1611.6582,301.6741,1855.2480,92762.4062,0,0,0.0013,0.0089,0.0000,0.0118,524,0.6744,0.3256,3.1336,3181.2839,shock_pick,0.3301,0.6094,1.7142,0.0000,1.0000,0.0000,72.3370,16,2445.1794,0.4556,1.2284,3,0,196153.3750,4.0620,0.0000,4.0620,0.7484,1.9345,0.0000,1.7030,19746.7949,156,2.2344,0.0000,0.0000,0.0000,1639448.0000,19.9225,171614.7656,309.1028,239327
42,82,Paris_Small,train,IPPO,3600,10,76,54,0.7105,1.0000,0.0000,528.6481,176.2160,0.3329,2.9898,262.7592,298.3030,1089.1122,0.8290,23.8340,21.7494,834.6000,272.9041,1637.5526,163755.2656,0,0,-0.0010,0.3461,0.4929,0.1502,288,0.7105,0.2895,3.0665,1595.8759,shock_pick,0.2606,0.4983,1.5834,0.0000,1.0000,0.0000,44.9368,13,1250.1191,0.3862,1.0627,4,1,58812.0586,3.7895,0.0000,3.7895,0.7723,0.9318,0.0000,1.2222,3092.0923,32,1.1796,0.0000,0.0000,0.0000,1347293.6250,15.8816,84782.6875,231.7346,124454
42,82,Paris_Small,train,MAPPER,3600,10,76,48,0.6316,1.0000,0.0000,538.7917,269.3958,0.2745,2.9901,264.4375,310.4237,1091.7074,0.8257,23.8340,21.7494,834.6000,272.9041,1231.2236,123122.3672,0,0,-0.0008,0.0204,0.0573,0.0063,306,0.6316,0.3684,3.0667,1595.8759,shock_pick,0.3318,0.5995,1.5834,0.0000,1.0000,0.0000,46.0960,13,1250.1636,0.3863,1.1156,4,0,52401.9570,4.0263,0.0000,4.0263,0.6353,0.8622,0.0000,1.2578,3197.6658,32,1.2141,0.0000,0.0000,0.0000,1092372.7500,10.0921,59949.6367,303.5640,93573
42,82,Paris_Small,train,MAPPO,3600,10,76,50,0.6579,1.0000,0.0000,493.9000,164.6333,0.3250,2.9902,250.6600,275.4821,1011.5189,0.8071,23.8340,21.7494,834.6000,272.9041,1109.4210,110942.1016,0,0,-0.0000,0.0003,0.0000,0.0019,308,0.6579,0.3421,3.0661,1595.8759,shock_pick,0.3133,0.5865,1.5834,0.0000,1.0000,0.0000,48.3562,13,1250.2716,0.3862,1.3644,4,0,50575.9453,4.0526,0.0000,4.0526,0.6591,0.8588,0.0000,1.5265,8393.1777,63,12.3814,0.0000,0.0000,0.0000,966338.8125,19.2237,42543.8555,406.5529,84316
42,83,Paris_Medium,train,IPPO,3600,20,135,97,0.7185,1.0000,0.0000,725.9072,90.7384,0.4383,3.0072,485.7938,312.8621,2062.4883,0.8491,47.0270,42.8016,1569.2318,285.0273,3950.1406,197507.0312,0,0,-0.0008,0.2340,0.4797,0.1212,527,0.7185,0.2815,3.0418,3180.4333,shock_pick,0.2576,0.5062,1.6261,0.0000,1.0000,0.0000,73.2962,17,2492.2195,0.2497,0.9943,4,0,200061.3438,3.9037,0.0000,3.9037,0.8036,1.7263,0.0000,1.3119,10312.9756,100,1.6365,0.0000,0.0000,0.0000,3601923.0000,22.3630,446791.2500,292.3602,533269
42,83,Paris_Medium,train,MAPPER,3600,20,135,99,0.7333,1.0000,0.0000,750.9293,125.1549,0.3166,3.0068,488.5252,296.3393,2018.0131,0.8262,47.0270,42.8016,1569.2318,285.0273,2420.1482,121007.4062,0,0,-0.0004,0.0310,0.1142,0.0110,496,0.7333,0.2667,3.0412,3180.4333,shock_pick,0.2158,0.4111,1.6261,0.0000,1.0000,0.0000,84.9226,17,2492.2266,0.2498,0.9258,3,0,199783.2969,3.6741,0.0000,3.6741,0.7989,1.6815,0.0000,1.1963,6424.1680,76,1.2994,0.0000,0.0000,0.0000,2174835.7500,11.4074,244160.0625,366.2448,326720
42,83,Paris_Medium,train,MAPPO,3600,20,135,106,0.7852,1.0000,0.0000,703.2358,87.9045,0.4380,3.0066,476.4151,255.4833,2022.3395,0.8490,47.0270,42.8016,1569.2318,285.0273,2076.6890,103834.4453,0,0,-0.0000,0.0001,0.0000,0.0012,518,0.7852,0.2148,3.0410,3180.4333,shock_pick,0.2154,0.4181,1.6261,0.0000,1.0000,0.0000,71.9472,17,2492.2473,0.2496,0.9785,4,0,214367.9844,3.8370,0.0000,3.8370,0.8721,1.7144,0.0000,1.2291,8005.6831,85,1.2630,0.0000,0.0000,0.0000,1831636.7500,14.0519,184771.7500,462.9592,280353
42,84,Tokyo_Small,train,IPPO,3600,25,81,49,0.6049,1.0000,0.0000,495.3265,70.7609,0.3062,3.0266,252.1633,280.9483,1039.5234,0.8245,29.1816,27.3358,745.3924,277.0067,2449.4692,244946.9219,0,0,-0.0009,0.3062,0.4908,0.1381,280,0.6049,0.3951,3.1024,1588.5300,shock_pick,0.3952,0.7155,1.6368,0.0000,1.0000,0.0000,44.2586,15,1228.5137,0.5071,1.3482,4,0,50936.6484,3.4568,0.0000,3.4568,0.6635,0.8663,0.0000,1.5396,6241.4731,61,1.8738,0.0000,0.0000,0.0000,2242911.2500,27.7407,163061.8906,229.8030,198407
42,84,Tokyo_Small,train,MAPPER,3600,25,81,51,0.6296,0.9259,0.0741,524.0196,65.5024,0.3317,3.0263,247.7451,308.8772,1049.7170,0.8474,29.1816,27.3358,754.0635,300.3344,891.3333,89133.3359,0,0,-0.0004,0.0387,0.0556,0.0050,243,0.6800,0.3200,3.1021,1588.5300,shock_pick,0.3484,0.6290,1.6370,1.6346,0.9259,0.0000,37.8017,15,1228.6389,0.5071,1.4688,4,0,53535.5664,3.0000,0.0000,3.0000,0.6825,0.8561,4.2330,1.4781,8233.4551,62,1.8921,0.0000,0.0000,0.0000,766727.6250,14.5062,41158.8789,258.5946,72198
42,84,Tokyo_Small,train,MAPPO,3600,25,81,53,0.6543,0.9259,0.0741,488.6227,61.0778,0.3218,3.0267,251.5472,268.0000,1038.3484,0.8256,29.1816,27.3358,751.5121,288.1727,495.8395,49583.9492,0,0,0.0000,0.0003,0.0000,0.0012,256,0.7067,0.2933,3.1031,1588.5300,shock_pick,0.3503,0.6317,1.6321,1.6952,0.9259,0.0000,43.8775,15,1228.5105,0.5070,1.4029,4,0,55032.4648,3.1605,0.0000,3.1605,0.6985,0.8432,4.7356,1.4352,6177.1890,65,2.0617,0.0000,0.0000,0.0000,372766.6562,6.8395,6605.9229,291.2136,40163
42,85,Tokyo_Medium,train,IPPO,3600,50,124,76,0.6129,1.0000,0.0000,766.1316,42.5629,0.3676,3.0939,486.9474,363.8700,2023.7078,0.8312,58.1912,56.6415,1630.8546,302.8407,6774.0161,338700.8125,0,0,-0.0009,0.2545,0.4669,0.1276,452,0.6129,0.3871,3.0845,3181.1987,shock_pick,0.3504,0.6893,1.5978,0.0000,1.0000,0.0000,82.2058,19,2459.5984,0.3799,1.2131,4,0,153801.7969,3.6452,0.0000,3.6452,0.6703,1.8250,0.0000,1.5879,18881.4941,99,2.4261,0.0000,0.0000,0.0000,6440162.0000,21.5887,768533.6875,242.3123,839978
42,85,Tokyo_Medium,train,MAPPER,3600,50,124,75,0.6048,1.0000,0.0000,816.9333,40.8467,0.4096,3.0930,463.3333,428.0213,2017.8130,0.8710,58.1912,56.6415,1630.8546,302.8407,2710.2097,135510.4844,0,0,-0.0011,0.0778,0.1016,0.0177,478,0.6048,0.3952,3.0837,3181.1987,shock_pick,0.3562,0.6792,1.5978,0.0000,1.0000,0.0000,59.7708,19,2459.5408,0.3797,1.2932,3,0,151335.9688,3.8548,0.0000,3.8548,0.6088,1.6796,0.0000,1.4530,15319.7734,114,3.0401,0.0000,0.0000,0.0000,2470475.0000,14.8065,264633.0312,336.3398,336066
42,85,Tokyo_Medium,train,MAPPO,3600,50,124,66,0.5323,0.9919,0.0081,805.3182,35.0138,0.4696,3.0925,521.4394,376.7284,2260.0564,0.8669,58.1912,56.6415,1641.9663,306.2887,2557.3306,127866.5312,0,0,0.0001,0.0121,0.0000,0.0135,443,0.5366,0.4634,3.0828,3181.1987,shock_pick,0.3510,0.6577,1.6040,0.8398,0.9919,0.0000,69.4281,19,2459.7468,0.3796,1.3999,2,0,149163.7188,3.5726,0.0000,3.5726,0.6326,1.9833,0.1924,1.7321,28699.4082,147,4.5825,0.0000,0.0000,0.0000,2329213.7500,36.0403,172733.3906,936.2040,317109
42,86,LosAngeles_Small,train,IPPO,3600,25,87,57,0.6552,1.0000,0.0000,445.8772,55.7346,0.3592,3.0885,228.0175,259.4308,979.9623,0.8595,23.1675,20.2103,715.8617,238.3647,2910.9885,291098.8438,0,0,-0.0011,0.2329,0.4762,0.1217,304,0.6552,0.3448,3.1258,1589.7916,shock_pick,0.3491,0.6706,1.6484,0.0000,1.0000,0.0000,32.0251,16,1222.7594,0.2959,1.6435,6,0,55857.8516,3.4943,0.0000,3.4943,0.6286,0.6236,0.0000,2.0626,12471.0615,83,2.3346,0.0000,0.0000,0.0000,2682227.2500,30.2644,214630.5781,215.2108,253256
42,86,LosAngeles_Small,train,MAPPER,3600,25,87,56,0.6437,1.0000,0.0000,483.7143,53.7460,0.3993,3.0880,227.2500,297.8548,969.0103,0.8528,23.1675,20.2103,715.8617,238.3647,1276.9425,127694.2500,0,0,-0.0009,0.0662,0.0617,0.0084,278,0.6437,0.3563,3.1257,1589.7916,shock_pick,0.3274,0.5987,1.6484,0.0000,1.0000,0.0000,33.4479,16,1222.8656,0.2958,1.6148,4,0,54264.5781,3.1954,0.0000,3.1954,0.6573,0.6638,0.0000,1.7210,10814.9668,81,2.2957,0.0000,0.0000,0.0000,1161699.8750,17.6782,78040.2969,264.6862,111094
42,86,LosAngeles_Small,train,MAPPO,3600,25,87,58,0.6667,0.9540,0.0460,441.3965,49.0441,0.3837,3.0886,226.7931,236.7903,954.2775,0.8415,23.1675,20.1594,725.1109,241.8552,477.9885,47798.8516,0,0,-0.0000,0.0003,0.0000,0.0012,267,0.6988,0.3012,3.1251,1589.7916,shock_pick,0.2655,0.4985,1.6089,2.4678,0.9540,0.0000,35.9376,16,1222.8511,0.2956,1.6841,4,0,55348.0938,3.0690,0.0000,3.0690,0.6798,0.6628,3.8613,2.0238,12185.8418,86,2.0765,0.0000,0.0000,0.0000,364259.4375,7.4368,9775.5537,251.8981,41585
42,87,LosAngeles_Medium,train,IPPO,3600,50,113,79,0.6991,1.0000,0.0000,765.9493,45.0558,0.3586,3.1072,509.8354,312.3053,2174.3096,0.8529,46.0408,39.4850,1564.9363,303.2860,6322.4336,316121.6875,0,0,-0.0010,0.2439,0.4563,0.1230,431,0.6991,0.3009,3.1365,3182.5298,shock_pick,0.3049,0.5735,1.6468,0.0000,1.0000,0.0000,74.9735,18,2446.2285,0.3156,1.1219,3,0,171770.4531,3.8142,0.0000,3.8142,0.7489,1.6707,0.0000,1.5233,11436.2334,112,1.5666,0.0000,0.0000,0.0000,5928964.5000,18.4602,646244.5000,209.9892,714435
42,87,LosAngeles_Medium,train,MAPPER,3600,50,113,77,0.6814,1.0000,0.0000,781.0909,39.0545,0.4007,3.1061,495.2857,358.1978,2131.2188,0.8606,46.0408,39.4850,1564.9363,303.2860,2780.2832,139014.1562,0,0,-0.0005,0.0353,0.0925,0.0073,418,0.6814,0.3186,3.1354,3182.5298,shock_pick,0.3130,0.6190,1.6468,0.0000,1.0000,0.0000,69.0420,18,2446.2588,0.3154,1.2853,4,0,164103.8438,3.6991,0.0000,3.6991,0.7570,1.7325,0.0000,1.7880,25545.8848,154,3.3620,0.0000,0.0000,0.0000,2542366.5000,11.8938,258972.6562,250.5753,314172
42,87,LosAngeles_Medium,train,MAPPO,3600,50,113,79,0.6991,1.0000,0.0000,739.0633,38.8981,0.3959,3.1065,495.0000,295.7143,2127.5317,0.8596,46.0408,39.4850,1564.9363,303.2860,897.6283,44881.4141,0,0,0.0000,0.0001,0.0000,0.0012,424,0.6991,0.3009,3.1358,3182.5298,shock_pick,0.3238,0.6277,1.6468,0.0000,1.0000,0.0000,69.4937,18,2446.2280,0.3154,1.2933,4,0,168075.0000,3.7522,0.0000,3.7522,0.7447,1.6611,0.0000,2.0226,27112.6602,142,2.5612,0.0000,0.0000,0.0000,666193.0000,9.1681,45133.2148,266.7858,101432
42,88,Paris_Small,train,IPPO,3600,25,75,61,0.8133,1.0000,0.0000,494.5901,61.8238,0.3372,2.9948,265.8524,262.0282,1105.0602,0.8313,22.9632,20.9771,864.8832,263.5673,3246.1868,324618.6562,0,0,-0.0009,0.1815,0.4687,0.1077,267,0.8133,0.1867,3.0414,1593.5708,shock_pick,0.2847,0.5155,1.7120,0.0000,1.0000,0.0000,44.8404,15,1249.5436,0.4016,1.1130,4,0,67408.6719,3.5600,0.0000,3.5600,0.7922,0.8879,0.0000,1.2836,2970.7134,35,1.5678,0.0000,0.0000,0.0000,2988446.0000,17.2133,204764.6719,258.2523,243464
42,88,Paris_Small,train,MAPPER,3600,25,75,61,0.8133,1.0000,0.0000,487.5574,54.1730,0.3698,2.9945,262.7869,267.2113,1095.8295,0.8340,22.9632,20.9771,864.8832,263.5673,1421.9200,142192.0000,0,0,-0.0010,0.0443,0.0622,0.0080,237,0.8133,0.1867,3.0419,1593.5708,shock_pick,0.2198,0.4102,1.7120,0.0000,1.0000,0.0000,43.6210,15,1249.5605,0.4014,1.1793,4,0,66845.6016,3.1600,0.0000,3.1600,0.7967,0.8929,0.0000,1.3476,4535.8384,40,1.6220,0.0000,0.0000,0.0000,1277281.5000,7.6400,73953.9688,291.2303,106644
42,88,Paris_Small,train,MAPPO,3600,25,75,64,0.8533,1.0000,0.0000,471.6250,58.9531,0.3279,2.9954,261.5781,223.0000,1091.9972,0.8349,22.9632,20.9771,864.8832,263.5673,665.0400,66504.0000,0,0,-0.0000,0.0001,0.0000,0.0015,285,0.8533,0.1467,3.0424,1593.5708,shock_pick,0.2438,0.4485,1.7120,0.0000,1.0000,0.0000,43.1787,15,1249.6194,0.4018,1.1283,4,0,69887.8203,3.8000,0.0000,3.8000,0.8434,0.9010,0.0000,1.3048,4497.1147,32,1.4408,0.0000,0.0000,0.0000,524368.0625,5.8133,15692.7314,315.1332,49878
42,89,Paris_Medium,train,IPPO,3600,50,119,93,0.7815,1.0000,0.0000,691.1935,40.6584,0.3594,3.0880,455.4301,266.8095,1913.3210,0.8402,45.2868,42.9077,1550.1738,279.8680,8396.7061,419835.2812,0,0,-0.0007,0.2091,0.4439,0.1101,490,0.7815,0.2185,3.0549,3177.3875,shock_pick,0.2533,0.4845,1.5681,0.0000,1.0000,0.0000,72.7659,14,2508.3052,0.2896,1.0121,3,0,177938.8594,4.1176,0.0000,4.1176,0.8109,1.5120,0.0000,1.3332,9626.4102,77,1.6423,0.0000,0.0000,0.0000,7904914.5000,20.1008,904656.5000,302.7613,999208
42,89,Paris_Medium,train,MAPPER,3600,50,119,91,0.7647,1.0000,0.0000,732.0659,43.0627,0.3483,3.0881,453.6923,310.6857,1905.8921,0.8402,45.2868,42.9077,1550.1738,279.8680,2713.0420,135652.0938,0,0,-0.0008,0.0781,0.0799,0.0093,460,0.7647,0.2353,3.0546,3177.3875,shock_pick,0.2660,0.5095,1.5681,0.0000,1.0000,0.0000,72.5139,14,2508.3330,0.2896,1.0285,4,0,173436.1875,3.8655,0.0000,3.8655,0.7557,1.4399,0.0000,1.2654,8257.4912,84,1.7866,0.0000,0.0000,0.0000,2448134.0000,10.0588,250743.3438,341.0493,322852
42,89,Paris_Medium,train,MAPPO,3600,50,119,94,0.7899,1.0000,0.0000,695.8192,36.6221,0.3844,3.0879,452.1383,270.9066,1920.4148,0.8495,45.2868,42.9077,1550.1738,279.8680,1660.7899,83039.4922,0,0,0.0000,0.0026,0.0000,0.0061,480,0.7899,0.2101,3.0547,3177.3875,shock_pick,0.2557,0.4856,1.5681,0.0000,1.0000,0.0000,68.0554,14,2508.3762,0.2896,1.0966,3,0,180518.9844,4.0336,0.0000,4.0336,0.8154,1.5041,0.0000,1.3617,10860.6191,98,1.8415,0.0000,0.0000,0.0000,1406558.6250,7.8992,121945.1016,381.8119,197634
42,90,Tokyo_Small,train,IPPO,3600,7,84,56,0.6667,1.0000,0.0000,622.4643,311.2321,0.3044,3.0446,317.7679,350.3889,1238.6841,0.7796,29.4290,27.6424,967.1132,271.6965,1220.2500,122025.0000,0,0,-0.0015,0.2294,0.4381,0.1207,316,0.6667,0.3333,3.0709,1729.1984,wave,0.3869,0.7017,1.6522,0.0000,1.0000,0.0000,70.0310,14,1349.4611,0.2740,1.0911,5,0,69366.3047,3.7619,0.0000,3.7619,0.6721,0.9591,0.0000,1.2074,4247.7134,38,1.1802,0.0000,0.0000,0.0000,1014859.0625,18.7262,69225.3203,190.7497,102501
42,90,Tokyo_Small,train,MAPPER,3600,7,84,51,0.6071,1.0000,0.0000,613.0392,613.0392,0.2652,3.0489,309.2157,317.8524,1305.8604,0.8446,29.4290,27.6424,967.1132,271.6965,1052.5834,105258.3359,0,0,-0.0010,0.0539,0.0464,0.0059,306,0.6071,0.3929,3.0743,1729.1984,wave,0.2374,0.4415,1.6522,0.0000,1.0000,0.0000,48.0436,14,1349.4492,0.2725,1.1742,3,1,66598.8750,3.6429,0.0000,3.6429,0.6433,1.0080,0.0000,1.4209,5310.2886,41,1.2254,0.0000,0.0000,0.0000,930777.0625,10.7143,57081.0078,251.2428,88417
42,90,Tokyo_Small,train,MAPPO,3600,7,84,51,0.6071,1.0000,0.0000,608.4510,304.2255,0.4110,3.0436,318.2353,327.8644,1362.4901,0.8563,29.4290,27.6424,967.1132,271.6965,856.2262,85622.6172,0,0,0.0000,0.0188,0.0000,0.0166,325,0.6071,0.3929,3.0690,1729.1984,wave,0.2660,0.5072,1.6522,0.0000,1.0000,0.0000,45.7373,14,1349.5175,0.2741,1.1187,4,0,69487.0000,3.8690,0.0000,3.8690,0.6930,1.0858,0.0000,1.3529,7548.6704,41,1.6425,0.0000,0.0000,0.0000,751173.3125,21.5833,37012.4570,310.5500,71923
42,91,Tokyo_Medium,train,IPPO,3600,14,125,91,0.7280,1.0000,0.0000,867.7253,144.6209,0.4323,3.0716,529.7363,365.0962,2266.7319,0.8558,58.2127,54.4852,1742.3828,357.4850,2768.5120,138425.5938,0,0,-0.0010,0.2265,0.4288,0.1143,467,0.7280,0.2720,3.0998,3458.8997,wave,0.3109,0.5931,1.7237,0.0000,1.0000,0.0000,76.3899,15,2690.0376,0.1842,0.9523,4,0,206272.6094,3.7360,0.0000,3.7360,0.7898,2.1037,0.0000,1.3662,13578.6221,81,1.4639,0.0000,0.0000,0.0000,2178771.7500,18.2720,245675.1094,213.3731,346064
42,91,Tokyo_Medium,train,MAPPER,3600,14,125,82,0.6560,1.0000,0.0000,895.1097,179.0219,0.3925,3.0703,524.1342,425.7576,2221.6511,0.8477,58.2127,54.4852,1742.3828,357.4850,2014.8080,100740.4062,0,0,-0.0009,0.0290,0.0527,0.0077,472,0.6560,0.3440,3.0994,3458.8997,wave,0.3146,0.5927,1.7237,0.0000,1.0000,0.0000,79.8039,15,2690.0806,0.1848,1.1166,3,0,182175.3906,3.7760,0.0000,3.7760,0.7072,2.0904,0.0000,1.4625,14782.9932,102,1.1667,0.0000,0.0000,0.0000,1839309.8750,10.4720,196781.4844,265.0600,251851
42,91,Tokyo_Medium,train,MAPPO,3600,14,125,82,0.6560,1.0000,0.0000,911.6585,151.9431,0.4913,3.0671,551.6464,422.3763,2390.9126,0.8668,58.2127,54.4852,1742.3828,357.4850,1516.9200,75846.0000,0,0,-0.0000,0.0014,0.0000,0.0036,493,0.6560,0.3440,3.0976,3458.8997,wave,0.2898,0.5503,1.7237,0.0000,1.0000,0.0000,73.4638,15,2690.0679,0.1861,1.1193,3,0,196054.8438,3.9440,0.0000,3.9440,0.7483,2.2119,0.0000,1.4721,17608.1152,118,1.5622,0.0000,0.0000,0.0000,1336106.1250,19.0320,123734.3906,346.2328,189615
42,92,LosAngeles_Small,train,IPPO,3600,7,76,58,0.7632,1.0000,0.0000,623.0517,311.5258,0.3104,3.1089,258.5172,376.4615,1075.9103,0.8324,23.6398,21.5924,800.0726,279.9667,1072.4474,107244.7344,0,0,-0.0009,0.1990,0.4268,0.1110,305,0.7632,0.2368,3.1345,1729.3833,wave,0.2655,0.4985,1.6304,0.0000,1.0000,0.0000,43.3352,15,1346.0891,0.2347,1.3823,4,0,62402.7969,4.0132,0.0000,4.0132,0.6850,0.7639,0.0000,2.0190,8645.9814,68,1.0550,0.0000,0.0000,0.0000,872134.6875,18.4079,54148.9688,159.6500,81506
42,92,LosAngeles_Small,train,MAPPER,3600,7,76,52,0.6842,1.0000,0.0000,604.0961,302.0481,0.3359,3.1111,245.6154,362.7321,1044.7683,0.8507,23.6398,21.5924,800.0726,279.9667,981.2632,98126.3125,0,0,-0.0012,0.0456,0.0476,0.0114,297,0.6842,0.3158,3.1354,1729.3833,wave,0.3634,0.6772,1.6304,0.0000,1.0000,0.0000,36.6617,15,1346.1028,0.2344,1.2434,5,0,54327.9531,3.9079,0.0000,3.9079,0.6050,0.7525,0.0000,1.7764,8502.1387,50,1.0000,0.0000,0.0000,0.0000,877276.5000,10.7763,50451.2070,213.4466,74576
42,92,LosAngeles_Small,train,MAPPO,3600,7,76,62,0.8158,1.0000,0.0000,552.5000,276.2500,0.3793,3.1058,246.3065,340.8971,1063.4779,0.8635,23.6398,21.5924,800.0726,279.9667,689.4342,68943.4219,0,0,-0.0000,0.0002,0.0000,0.0016,297,0.8158,0.1842,3.1322,1729.3833,wave,0.2720,0.5141,1.6304,0.0000,1.0000,0.0000,33.6109,15,1346.0922,0.2355,1.3111,5,0,65935.6328,3.9079,0.0000,3.9079,0.8014,0.8360,0.0000,1.9003,7168.6802,53,1.2649,0.0000,0.0000,0.0000,582407.5000,12.4605,25390.6445,248.3217,52397
42,93,LosAngeles_Medium,train,IPPO,3600,14,123,94,0.7642,1.0000,0.0000,853.3192,142.2199,0.4748,3.1140,540.0745,361.3628,2308.4905,0.8549,47.7825,44.1640,1706.9341,295.4357,2214.8618,110743.0859,0,0,-0.0009,0.2273,0.4136,0.1175,489,0.7642,0.2358,3.1360,3458.3965,wave,0.2460,0.4949,1.7343,0.0000,1.0000,0.0000,78.3764,18,2675.2351,0.1691,1.0271,5,0,216998.1094,3.9756,0.0000,3.9756,0.8515,2.0139,0.0000,1.5202,13496.1592,108,1.5729,0.0000,0.0000,0.0000,1974527.1250,23.4553,217337.8281,207.5551,272428
42,93,LosAngeles_Medium,train,MAPPER,3600,14,123,83,0.6748,1.0000,0.0000,876.4578,175.2916,0.4144,3.1136,562.3132,397.9712,2323.8567,0.8265,47.7825,44.1640,1706.9341,295.4357,1551.6179,77580.8906,0,0,-0.0008,0.0315,0.0517,0.0045,458,0.6748,0.3252,3.1359,3458.3965,wave,0.2835,0.5522,1.7343,0.0000,1.0000,0.0000,97.5419,18,2675.3425,0.1694,1.0912,3,0,192880.1094,3.7236,0.0000,3.7236,0.7750,2.0759,0.0000,1.7032,15638.2998,130,1.2920,0.0000,0.0000,0.0000,1376574.5000,11.5610,139398.0938,243.2583,190849
42,93,LosAngeles_Medium,train,MAPPO,3600,14,123,95,0.7724,1.0000,0.0000,806.8527,134.4754,0.4394,3.1121,541.4421,319.3304,2274.9307,0.8403,47.7825,44.1640,1706.9341,295.4357,1182.2845,59114.2227,0,0,-0.0000,0.0002,0.0000,0.0017,469,0.7724,0.2276,3.1352,3458.3965,wave,0.2160,0.4204,1.7343,0.0000,1.0000,0.0000,86.4559,18,2675.3081,0.1704,1.0177,3,0,216118.4062,3.8130,0.0000,3.8130,0.8289,1.9399,0.0000,1.4764,13681.3652,120,1.3619,0.0000,0.0000,0.0000,1006077.9375,10.6748,91604.2969,261.3298,145421
42,94,Paris_Small,train,IPPO,3600,7,78,62,0.7949,1.0000,0.0000,434.2419,217.1210,0.2963,3.0590,231.9194,214.8194,975.5711,0.8413,23.4093,19.6853,741.7230,289.6758,1141.6538,114165.3828,0,0,-0.0006,0.1292,0.4264,0.0837,277,0.7949,0.2051,3.0670,1728.9880,wave,0.3183,0.5983,1.6853,0.0000,1.0000,0.0000,36.8051,14,1366.1202,0.1570,0.9809,5,0,60485.4102,3.5513,0.0000,3.5513,0.8232,0.7913,0.0000,1.1356,2074.3472,21,1.1100,0.0000,0.0000,0.0000,952360.1875,15.2564,57026.2852,221.2553,89049
42,94,Paris_Small,train,MAPPER,3600,7,78,57,0.7308,1.0000,0.0000,482.8246,241.4123,0.2877,3.0583,239.5088,257.5588,958.8842,0.8007,23.4093,19.6853,741.7230,289.6758,998.7180,99871.7969,0,0,-0.0000,0.0019,0.0515,0.0034,287,0.7308,0.2692,3.0649,1728.9880,wave,0.2885,0.5367,1.6853,0.0000,1.0000,0.0000,47.7319,14,1366.0436,0.1569,0.9941,5,1,54656.3945,3.6795,0.0000,3.6795,0.7421,0.7759,0.0000,1.1797,1998.5436,22,1.2719,0.0000,0.0000,0.0000,897140.9375,10.1795,49255.0234,265.6676,77900
42,94,Paris_Small,train,MAPPO,3600,7,78,65,0.8333,1.0000,0.0000,398.1385,398.1385,0.2703,3.0587,224.4000,183.5652,952.8996,0.8493,23.4093,19.6853,741.7230,289.6758,629.8333,62983.3320,0,0,-0.0000,0.0001,0.0000,0.0014,282,0.8333,0.1667,3.0662,1728.9880,wave,0.3174,0.5725,1.6853,0.0000,1.0000,0.0000,33.8201,14,1366.0400,0.1570,1.0003,5,0,61938.4727,3.6154,0.0000,3.6154,0.8649,0.7929,0.0000,1.2121,4046.4126,20,1.1365,0.0000,0.0000,0.0000,527006.1250,9.0769,17457.5898,303.1921,49127
42,95,Paris_Medium,train,IPPO,3600,14,112,95,0.8482,1.0000,0.0000,729.3263,145.8653,0.3622,3.0302,466.5263,283.0943,1939.0298,0.8313,45.5659,41.9918,1603.7987,318.7396,3094.6250,154731.2500,0,0,-0.0010,0.2110,0.4087,0.1106,444,0.8482,0.1518,3.0655,3458.8989,wave,0.2468,0.4716,1.7757,0.0000,1.0000,0.0000,78.7203,16,2733.3313,0.1827,0.8993,4,0,184207.8281,3.9643,0.0000,3.9643,0.8724,1.9080,0.0000,1.2149,5644.8921,61,1.2759,0.0000,0.0000,0.0000,2508299.5000,17.3482,248259.6875,291.6974,346598
42,95,Paris_Medium,train,MAPPER,3600,14,112,91,0.8125,1.0000,0.0000,754.2527,150.8506,0.3589,3.0295,470.3956,312.5196,1975.8396,0.8401,45.5659,41.9918,1603.7987,318.7396,2115.0981,105754.9141,0,0,-0.0006,0.0470,0.0547,0.0062,425,0.8125,0.1875,3.0648,3458.8989,wave,0.2253,0.4397,1.7757,0.0000,1.0000,0.0000,75.2277,16,2733.3125,0.1827,0.9252,4,0,179801.4062,3.7946,0.0000,3.7946,0.8325,1.9009,0.0000,1.2199,5983.9170,69,1.5881,0.0000,0.0000,0.0000,1925553.6250,11.0268,176820.2188,346.8033,236891
42,95,Paris_Medium,train,MAPPO,3600,14,112,98,0.8750,1.0000,0.0000,698.7449,139.7490,0.4212,3.0291,460.4286,274.1182,1957.9523,0.8505,45.5659,41.9918,1603.7987,318.7396,1634.7233,81736.1562,0,0,-0.0000,0.0001,0.0000,0.0013,452,0.8750,0.1250,3.0644,3458.8989,wave,0.2336,0.4424,1.7757,0.0000,1.0000,0.0000,68.8381,16,2733.3408,0.1827,0.8836,3,0,191879.3281,4.0357,0.0000,4.0357,0.9150,1.9400,0.0000,1.1694,5132.1675,60,1.3036,0.0000,0.0000,0.0000,1442779.2500,9.5357,114431.2812,421.0733,183089
42,96,Tokyo_Small,train,IPPO,3600,10,76,51,0.6711,1.0000,0.0000,590.6078,196.8693,0.3229,3.0584,279.6863,343.8333,1147.4344,0.8205,28.3560,25.9110,830.5938,309.0631,1224.3816,122438.1562,0,0,-0.0011,0.2061,0.4126,0.1129,275,0.6711,0.3289,3.0834,1729.7892,wave,0.2660,0.5072,1.6781,0.0000,1.0000,0.0000,50.1994,14,1347.8242,0.2209,1.2844,4,0,58519.1562,3.6184,0.0000,3.6184,0.6436,0.7268,0.0000,1.6091,9969.8926,47,1.3887,0.0000,0.0000,0.0000,1009296.4375,16.4605,62711.9219,184.1409,93053
42,96,Tokyo_Small,train,MAPPER,3600,10,76,54,0.7105,1.0000,0.0000,627.0370,209.0123,0.3147,3.0578,267.9074,353.2500,1107.0137,0.8264,28.3560,25.9110,830.5938,309.0631,911.0789,91107.8984,0,0,-0.0001,0.0025,0.0567,0.0034,258,0.7105,0.2895,3.0827,1729.7892,wave,0.1765,0.3629,1.6781,0.0000,1.0000,0.0000,46.5047,14,1347.8522,0.2208,1.2715,3,0,59778.7344,3.3947,0.0000,3.3947,0.6850,0.7306,0.0000,1.4325,6943.2241,43,1.2495,0.0000,0.0000,0.0000,807412.4375,11.3684,43515.5469,234.8407,69242
42,96,Tokyo_Small,train,MAPPO,3600,10,76,61,0.8026,1.0000,0.0000,486.3770,162.1257,0.3209,3.0580,257.3934,245.3333,1095.0612,0.8509,28.3560,25.9110,830.5938,309.0631,759.5921,75959.2109,0,0,0.0000,0.0002,0.0000,0.0016,250,0.8026,0.1974,3.0815,1729.7892,wave,0.2617,0.4997,1.6781,0.0000,1.0000,0.0000,38.3812,14,1347.8064,0.2208,1.1671,5,0,66798.7266,3.2895,0.0000,3.2895,0.7799,0.7363,0.0000,1.3605,7488.3550,29,1.1994,0.0000,0.0000,0.0000,655495.8125,10.1711,30392.1211,255.6007,57729
42,97,Tokyo_Medium,train,IPPO,3600,20,121,88,0.7273,1.0000,0.0000,868.4205,108.5526,0.4414,3.0822,575.7386,374.7778,2256.0276,0.7837,58.2608,55.6407,1723.8468,370.8436,3132.7852,156639.2656,0,0,-0.0009,0.2238,0.3884,0.1160,464,0.7273,0.2727,3.1076,3459.2378,wave,0.2535,0.4932,1.6626,0.0000,1.0000,0.0000,124.5331,15,2691.5659,0.1818,0.9727,3,0,198530.4219,3.8347,0.0000,3.8347,0.7368,1.8513,0.0000,1.4292,13648.6504,85,1.2017,0.0000,0.0000,0.0000,2818049.5000,20.0413,314567.3125,218.3218,379067
42,97,Tokyo_Medium,train,MAPPER,3600,20,121,80,0.6612,1.0000,0.0000,893.3625,148.8938,0.3420,3.0830,526.0125,407.1188,2255.8074,0.8577,58.2608,55.6407,1723.8468,370.8436,2133.7603,106688.0156,0,0,-0.0008,0.0343,0.0525,0.0070,452,0.6612,0.3388,3.1082,3459.2378,wave,0.2458,0.4815,1.6626,0.0000,1.0000,0.0000,74.8510,15,2691.4448,0.1814,1.0704,3,0,180464.5781,3.7355,0.0000,3.7355,0.6661,1.8412,0.0000,1.4025,12634.8633,91,1.8051,0.0000,0.0000,0.0000,1967852.5000,9.8264,206449.8906,261.6573,258185
42,97,Tokyo_Medium,train,MAPPO,3600,20,121,86,0.7107,1.0000,0.0000,855.4651,95.0517,0.4641,3.0818,551.9186,345.7228,2312.1125,0.8378,58.2608,55.6407,1723.8468,370.8436,1832.2396,91611.9766,0,0,0.0000,0.0001,0.0000,0.0013,466,0.7107,0.2893,3.1069,3459.2378,wave,0.2247,0.4434,1.6626,0.0000,1.0000,0.0000,89.4961,15,2691.6755,0.1817,1.0803,3,0,198841.6719,3.8512,0.0000,3.8512,0.7731,1.9877,0.0000,1.5499,24292.6621,98,1.8567,0.0000,0.0000,0.0000,1653424.5000,20.5289,154860.2656,373.5894,221701
42,98,LosAngeles_Small,train,IPPO,3600,10,72,55,0.7639,1.0000,0.0000,478.0909,159.3636,0.3210,3.0858,252.9636,245.2500,1079.5941,0.8536,22.8625,19.4377,864.3312,236.2424,1032.5139,103251.3906,0,0,-0.0008,0.1188,0.4020,0.0849,280,0.7639,0.2361,3.1203,1729.5653,wave,0.3357,0.6158,1.5456,0.0000,1.0000,0.0000,37.0448,14,1346.3536,0.2136,1.0495,5,0,59377.6758,3.8889,0.0000,3.8889,0.7728,0.8733,0.0000,1.3399,3324.0669,32,1.1898,0.0000,0.0000,0.0000,855008.3750,19.0556,50223.2031,157.4656,74341
42,98,LosAngeles_Small,train,MAPPER,3600,10,72,52,0.7222,1.0000,0.0000,580.2308,193.4103,0.3491,3.0854,254.0192,343.5333,1086.0536,0.8551,22.8625,19.4377,864.3312,236.2424,759.5833,75958.3359,0,0,-0.0013,0.1196,0.0490,0.0109,285,0.7222,0.2778,3.1179,1729.5653,wave,0.2944,0.5744,1.5456,0.0000,1.0000,0.0000,36.8085,14,1346.3572,0.2127,1.2521,5,0,56474.7852,3.9583,0.0000,3.9583,0.8227,0.9833,0.0000,1.4045,5589.2212,46,1.2486,0.0000,0.0000,0.0000,655529.2500,13.0694,30841.8359,227.1720,54690
42,98,LosAngeles_Small,train,MAPPO,3600,10,72,51,0.7083,1.0000,0.0000,487.5686,162.5229,0.3515,3.0829,253.1569,288.4262,1104.3198,0.8724,22.8625,19.4377,864.3312,236.2424,662.2639,66226.3906,0,0,-0.0000,0.0001,0.0000,0.0011,283,0.7083,0.2917,3.1164,1729.5653,wave,0.3301,0.6104,1.5456,0.0000,1.0000,0.0000,32.2929,14,1346.3833,0.2148,1.2125,4,0,56320.3125,3.9306,0.0000,3.9306,0.6954,0.8475,0.0000,1.5669,8001.3457,33,2.0566,0.0000,0.0000,0.0000,556452.2500,9.6806,22150.5801,248.8067,47683
42,99,LosAngeles_Medium,train,IPPO,3600,20,110,86,0.7818,1.0000,0.0000,773.0000,96.6250,0.4232,3.1204,511.3023,310.0099,2120.2036,0.8293,45.6379,43.4002,1720.2125,322.9413,2711.8364,135591.8281,0,0,-0.0011,0.1297,0.3850,0.0823,426,0.7818,0.2182,3.1586,3458.7058,wave,0.2322,0.4666,1.6061,0.0000,1.0000,0.0000,87.2616,18,2673.2373,0.1049,1.0613,4,0,182337.5156,3.8727,0.0000,3.8727,0.8050,1.7978,0.0000,1.5007,13692.6279,109,1.9282,0.0000,0.0000,0.0000,2444265.2500,21.3545,247095.7656,197.9427,298302
42,99,LosAngeles_Medium,train,MAPPER,3600,20,110,81,0.7364,1.0000,0.0000,829.4445,138.2407,0.3271,3.1206,527.3457,397.6837,2199.0044,0.8340,45.6379,43.4002,1720.2125,322.9413,1402.2909,70114.5469,0,0,-0.0004,0.0192,0.0600,0.0059,417,0.7364,0.2636,3.1587,3458.7058,wave,0.2586,0.5047,1.6061,0.0000,1.0000,0.0000,87.5448,18,2673.2378,0.1045,1.0993,3,0,178119.3594,3.7909,0.0000,3.7909,0.7769,1.8420,0.0000,1.6949,23592.3027,110,1.6358,0.0000,0.0000,0.0000,1222601.1250,11.7455,108094.2812,239.9281,154252
42,99,LosAngeles_Medium,train,MAPPO,3600,20,110,90,0.8182,1.0000,0.0000,781.9111,97.7389,0.4281,3.1186,500.0222,314.3267,2130.8062,0.8523,45.6379,43.4002,1720.2125,322.9413,1842.2181,92110.9062,0,0,0.0000,0.0001,0.0000,0.0012,418,0.8182,0.1818,3.1578,3458.7058,wave,0.2674,0.5092,1.6061,0.0000,1.0000,0.0000,73.8610,18,2673.2563,0.1058,1.0876,3,0,191772.5625,3.8000,0.0000,3.8000,0.8165,1.7423,0.0000,1.6019,20839.3789,116,1.9253,0.0000,0.0000,0.0000,1630192.0000,13.2636,138423.9375,371.7972,202644
42,100,Paris_Small,train,IPPO,3600,10,78,70,0.8974,1.0000,0.0000,592.4714,197.4905,0.3618,3.0640,308.4857,285.4460,1267.4918,0.8218,24.2280,22.4079,1016.2726,266.8174,2018.7565,201875.6562,0,0,-0.0009,0.0843,0.3872,0.0621,306,0.8974,0.1026,3.0542,1727.5934,wave,0.2429,0.4472,1.6825,0.0000,1.0000,0.0000,54.9874,15,1354.4066,0.1670,0.8785,5,1,88724.4297,3.9231,0.0000,3.9231,0.9182,1.1327,0.0000,1.1990,2778.6895,29,1.2419,0.0000,0.0000,0.0000,1733044.7500,17.6923,109310.0625,331.6359,157463
42,100,Paris_Small,train,MAPPER,3600,10,78,66,0.8462,1.0000,0.0000,637.4243,159.3561,0.4813,3.0610,310.3333,349.1127,1295.9454,0.8352,24.2280,22.4079,1016.2726,266.8174,1334.0000,133400.0000,0,0,-0.0004,0.0761,0.0382,0.0044,284,0.8462,0.1538,3.0517,1727.5934,wave,0.1929,0.3785,1.6825,0.0000,1.0000,0.0000,51.1443,15,1354.4456,0.1671,1.0339,4,1,85532.3984,3.6410,0.0000,3.6410,0.8798,1.1511,0.0000,1.2210,4141.8760,42,1.5242,0.0000,0.0000,0.0000,1178760.1250,13.3205,59386.4648,417.3971,104052
42,100,Paris_Small,train,MAPPO,3600,10,78,70,0.8974,1.0000,0.0000,565.6286,141.4072,0.4174,3.0629,300.9286,266.2329,1267.9526,0.8427,24.2280,22.4079,1016.2726,266.8174,1303.7565,130375.6406,0,0,0.0000,0.0001,0.0000,0.0010,290,0.8974,0.1026,3.0539,1727.5934,wave,0.1914,0.3557,1.6825,0.0000,1.0000,0.0000,47.3380,15,1354.3875,0.1668,0.9882,4,1,88756.6797,3.7179,0.0000,3.7179,0.9174,1.1317,0.0000,1.2467,3304.4570,50,1.2204,0.0000,0.0000,0.0000,1162699.2500,6.4359,55555.5664,450.4504,101693
42,101,Paris_Medium,train,IPPO,3600,20,123,106,0.8618,1.0000,0.0000,814.7830,116.3976,0.3683,3.0245,517.5944,336.0345,2069.3555,0.7996,46.7248,44.7160,1739.8020,285.4001,5277.1465,263857.3125,0,0,-0.0009,0.1470,0.3676,0.0922,476,0.8618,0.1382,3.0682,3459.4556,wave,0.2396,0.4887,1.7297,0.0000,1.0000,0.0000,103.7233,14,2721.1165,0.1454,0.8955,5,0,219351.6875,3.8699,0.0000,3.8699,0.8946,2.0929,0.0000,1.2710,7911.4214,76,1.2544,0.0000,0.0000,0.0000,4781086.5000,18.9593,541106.4375,381.8508,649089
42,101,Paris_Medium,train,MAPPER,3600,20,123,96,0.7805,1.0000,0.0000,851.3542,141.8924,0.3450,3.0233,499.0417,396.3546,2055.8574,0.8239,46.7248,44.7160,1739.8020,285.4001,2834.2034,141710.1719,0,0,-0.0007,0.0501,0.0498,0.0048,458,0.7805,0.2195,3.0680,3459.4556,wave,0.2193,0.4368,1.7297,0.0000,1.0000,0.0000,87.8702,14,2721.1035,0.1462,0.9423,4,0,197362.3125,3.7236,0.0000,3.7236,0.7888,2.0377,0.0000,1.2978,11171.0596,81,1.5255,0.0000,0.0000,0.0000,2604257.2500,11.4309,264494.9688,453.8944,348607
42,101,Paris_Medium,train,MAPPO,3600,20,123,97,0.7886,1.0000,0.0000,851.9072,94.6564,0.4860,3.0215,513.1134,384.5701,2165.3887,0.8440,46.7248,44.7160,1739.8020,285.4001,3452.0732,172603.6562,0,0,0.0000,0.0015,0.0000,0.0045,449,0.7886,0.2114,3.0662,3459.4556,wave,0.2631,0.4934,1.7297,0.0000,1.0000,0.0000,80.0357,14,2721.1580,0.1462,0.9761,3,0,210042.7188,3.6504,0.0000,3.6504,0.8866,2.2668,0.0000,1.2979,11281.4434,95,1.5053,0.0000,0.0000,0.0000,3210546.2500,17.6260,316748.8125,635.3557,424605
42,102,Tokyo_Small,train,IPPO,3600,25,78,43,0.5513,1.0000,0.0000,668.7209,66.8721,0.4030,3.0566,289.6046,463.3158,1240.3049,0.8566,28.6287,26.0973,858.6996,264.2679,4065.4102,406541.0312,0,0,-0.0007,0.1969,0.3665,0.1098,295,0.5513,0.4487,3.0981,1729.6927,wave,0.3884,0.7358,1.7030,0.0000,1.0000,0.0000,41.5437,15,1355.4784,0.2618,1.2459,4,0,53333.1094,3.7821,0.0000,3.7821,0.5091,0.8014,0.0000,1.6757,10338.1260,47,2.3448,0.0000,0.0000,0.0000,3844391.5000,23.8846,272192.1875,354.7497,317102
42,102,Tokyo_Small,train,MAPPER,3600,25,78,48,0.6154,1.0000,0.0000,694.0625,69.4062,0.4187,3.0563,299.3125,436.0727,1290.9463,0.8626,28.6287,26.0973,858.6996,264.2679,2118.6025,211860.2656,0,0,-0.0005,0.0121,0.0478,0.0045,234,0.6154,0.3846,3.0966,1729.6927,wave,0.2528,0.5000,1.7030,0.0000,1.0000,0.0000,41.1232,15,1355.4664,0.2612,1.2161,4,0,61965.4219,3.0000,0.0000,3.0000,0.5830,0.8222,0.0000,1.4727,6933.2773,44,2.2929,0.0000,0.0000,0.0000,1968131.5000,17.9359,107520.6094,589.6639,165251
42,102,Tokyo_Small,train,MAPPO,3600,25,78,39,0.5000,0.8846,0.1154,694.1282,69.4128,0.4346,3.0548,299.7692,496.7556,1294.3798,0.8636,28.6287,26.0973,857.0640,288.5004,1117.2051,111720.5156,0,0,0.0000,0.0004,0.0000,0.0014,218,0.5652,0.4348,3.0972,1729.6927,wave,0.3718,0.7202,1.6757,1.9126,0.8846,0.0000,40.8933,15,1355.4889,0.2624,1.3755,4,0,50480.8086,2.7949,0.0000,2.7949,0.4544,0.7886,8.0988,1.6254,11074.2480,66,3.3666,0.0000,0.0000,0.0000,974036.6250,15.5385,21631.1465,696.7157,87142
42,103,Tokyo_Medium,train,IPPO,3600,50,110,83,0.7545,1.0000,0.0000,870.0482,45.7920,0.3988,3.0495,545.6265,378.6569,2294.3215,0.8410,57.1196,53.4659,1760.9047,337.4086,11668.2451,583412.2500,0,0,-0.0009,0.1089,0.3620,0.0722,417,0.7545,0.2455,3.0918,3458.4470,wave,0.3180,0.6102,1.5751,0.0000,1.0000,0.0000,86.7622,17,2682.1594,0.1670,1.0203,4,0,190428.6875,3.7909,0.0000,3.7909,0.7882,1.7493,0.0000,1.3451,11667.4248,75,2.0295,0.0000,0.0000,0.0000,11217594.0000,21.6091,1183061.2500,462.6900,1283507
42,103,Tokyo_Medium,train,MAPPER,3600,50,110,80,0.7273,1.0000,0.0000,930.3375,44.3018,0.4350,3.0486,556.8750,420.3226,2363.1306,0.8487,57.1196,53.4659,1760.9047,337.4086,5175.5181,258775.9062,0,0,-0.0007,0.0827,0.0461,0.0054,420,0.7273,0.2727,3.0911,3458.4470,wave,0.2496,0.5006,1.5751,0.0000,1.0000,0.0000,84.2489,17,2682.1448,0.1673,1.0817,3,0,189050.4531,3.8182,0.0000,3.8182,0.7819,1.8004,0.0000,1.3678,14170.8809,89,2.4301,0.0000,0.0000,0.0000,4760841.0000,11.3273,465982.3438,524.6429,569307
42,103,Tokyo_Medium,train,MAPPO,3600,50,110,71,0.6455,1.0000,0.0000,928.2676,40.3595,0.4722,3.0463,556.9155,484.8210,2363.2898,0.8487,57.1196,53.4659,1760.9047,337.4086,2290.4727,114523.6328,0,0,0.0000,0.0003,0.0000,0.0018,442,0.6455,0.3545,3.0902,3458.4470,wave,0.3495,0.6635,1.5751,0.0000,1.0000,0.0000,84.2575,17,2682.1438,0.1692,1.1753,3,0,167793.5781,4.0182,0.0000,4.0182,0.7192,1.8660,0.0000,1.4584,15621.9404,114,2.2180,0.0000,0.0000,0.0000,1972059.5000,13.9000,139100.0938,707.5168,251952
42,104,LosAngeles_Small,train,IPPO,3600,25,78,52,0.6667,1.0000,0.0000,486.9808,69.5687,0.3031,3.0676,241.5385,271.6167,1025.0680,0.8488,21.9153,18.1643,786.4430,266.4302,3388.1025,338810.2500,0,0,-0.0009,0.1605,0.3828,0.0989,252,0.6667,0.3333,3.1132,1729.5292,wave,0.3159,0.5705,1.7363,0.0000,1.0000,0.0000,36.5249,15,1343.4255,0.2241,1.3273,4,0,53303.5391,3.2308,0.0000,3.2308,0.6868,0.8189,0.0000,1.6478,6001.7578,48,1.6366,0.0000,0.0000,0.0000,3178352.5000,22.3333,226942.3906,268.8371,264272
42,104,LosAngeles_Small,train,MAPPER,3600,25,78,47,0.6026,1.0000,0.0000,550.2766,68.7846,0.3545,3.0664,244.4681,360.5185,1029.8998,0.8426,21.9153,18.1643,786.4430,266.4302,1956.2179,195621.7812,0,0,-0.0010,0.1127,0.0424,0.0066,288,0.6026,0.3974,3.1118,1729.5292,wave,0.3108,0.5753,1.7363,0.0000,1.0000,0.0000,38.4881,15,1343.5125,0.2241,1.4706,4,0,48405.2891,3.6923,0.0000,3.6923,0.5982,0.7892,0.0000,1.9253,14224.3438,59,2.0926,0.0000,0.0000,0.0000,1812890.0000,16.0000,108519.4375,421.6180,152585
42,104,LosAngeles_Small,train,MAPPO,3600,25,78,51,0.6538,0.9615,0.0385,463.0392,57.8799,0.3546,3.0637,248.1961,254.2203,1056.6622,0.8515,21.9153,18.1643,796.8693,264.3449,1016.6411,101664.1016,0,0,0.0000,0.0001,0.0000,0.0012,270,0.6800,0.3200,3.1110,1729.5292,wave,0.3366,0.6104,1.7156,2.2550,0.9615,0.0000,36.8636,15,1343.4486,0.2257,1.3179,4,0,53889.7734,3.4615,0.0000,3.4615,0.6811,0.8281,1.7389,1.6940,6396.8862,54,2.1384,0.0000,0.0000,0.0000,867877.1250,11.9872,26224.6680,531.6652,79298
42,105,LosAngeles_Medium,train,IPPO,3600,50,126,89,0.7063,1.0000,0.0000,868.1348,37.7450,0.4741,3.1199,517.9775,414.3084,2219.2417,0.8569,47.6218,43.6099,1683.6421,286.8069,8858.8018,442940.0938,0,0,-0.0008,0.2390,0.3472,0.1205,489,0.7063,0.2937,3.1620,3459.0872,wave,0.2504,0.4845,1.6328,0.0000,1.0000,0.0000,74.1292,18,2679.0046,0.2048,1.1103,3,0,197512.5156,3.8810,0.0000,3.8810,0.7820,1.8102,0.0000,1.4170,14687.8604,134,2.2025,0.0000,0.0000,0.0000,8513844.0000,30.6270,1034473.1875,303.7422,1116209
42,105,LosAngeles_Medium,train,MAPPER,3600,50,126,83,0.6587,1.0000,0.0000,889.8554,40.4480,0.4427,3.1209,505.1325,446.2245,2132.2158,0.8442,47.6218,43.6099,1683.6421,286.8069,2889.6826,144484.1250,0,0,-0.0011,0.1217,0.0491,0.0101,471,0.6587,0.3413,3.1629,3459.0872,wave,0.2749,0.5456,1.6328,0.0000,1.0000,0.0000,78.6894,18,2679.0342,0.2043,1.2881,4,0,176973.9219,3.7381,0.0000,3.7381,0.6808,1.6897,0.0000,1.5726,18375.3418,156,2.5490,0.0000,0.0000,0.0000,2688371.2500,18.4286,268741.4375,555.5054,364100
42,105,LosAngeles_Medium,train,MAPPO,3600,50,126,87,0.6905,1.0000,0.0000,800.4023,34.8001,0.4733,3.1199,538.6437,330.7358,2284.2495,0.8481,47.6218,43.6099,1683.6421,286.8069,1348.3810,67419.0469,0,0,-0.0000,0.0001,0.0000,0.0012,454,0.6905,0.3095,3.1625,3459.0872,wave,0.2649,0.5103,1.6328,0.0000,1.0000,0.0000,81.7938,18,2679.0437,0.2051,1.1659,3,0,198729.7031,3.6032,0.0000,3.6032,0.8055,1.9074,0.0000,1.5028,16384.3867,136,2.3652,0.0000,0.0000,0.0000,1151294.2500,12.0159,84616.0625,479.7404,169896
42,106,Paris_Small,train,IPPO,3600,25,75,64,0.8533,1.0000,0.0000,511.7656,63.9707,0.3410,3.0256,241.0469,279.5714,975.5648,0.8094,23.4115,21.7456,769.2151,277.4219,4387.3999,438740.0000,0,0,-0.0006,0.0764,0.3673,0.0676,284,0.8533,0.1467,3.0549,1728.9155,wave,0.2771,0.5097,1.7131,0.0000,1.0000,0.0000,45.9339,15,1362.5442,0.1511,1.1218,4,0,62436.1484,3.7867,0.0000,3.7867,0.9247,0.8582,0.0000,1.2281,3787.3274,35,1.7221,0.0000,0.0000,0.0000,4122637.7500,21.3200,282183.1562,360.1978,329055
42,106,Paris_Small,train,MAPPER,3600,25,75,57,0.7600,1.0000,0.0000,533.3333,66.6667,0.3583,3.0243,234.6667,316.3692,951.6433,0.8111,23.4115,21.7456,769.2151,277.4219,1964.6666,196466.6719,0,0,-0.0000,0.0034,0.0399,0.0029,260,0.7600,0.2400,3.0531,1728.9155,wave,0.3480,0.6279,1.7131,0.0000,1.0000,0.0000,44.3380,15,1362.5875,0.1517,1.2312,4,0,54243.6680,3.4667,0.0000,3.4667,0.8290,0.8639,0.0000,1.3132,4766.8071,37,2.5483,0.0000,0.0000,0.0000,1829678.8750,9.2800,104671.5156,434.0609,147350
42,106,Paris_Small,train,MAPPO,3600,25,75,64,0.8533,1.0000,0.0000,469.9062,58.7383,0.3224,3.0271,237.0000,250.0000,961.2208,0.8112,23.4115,21.7456,769.2151,277.4219,956.6000,95660.0000,0,0,0.0000,0.0001,0.0000,0.0011,283,0.8533,0.1467,3.0554,1728.9155,wave,0.2323,0.4319,1.7131,0.0000,1.0000,0.0000,44.7558,15,1362.5688,0.1501,1.1869,4,1,61518.1289,3.7733,0.0000,3.7733,0.8782,0.8150,0.0000,1.3215,4643.8652,37,1.7835,0.0000,0.0000,0.0000,822948.8125,4.7067,28726.6484,439.9288,71745
42,107,Paris_Medium,train,IPPO,3600,50,117,101,0.8632,1.0000,0.0000,728.7822,40.4879,0.3720,3.0216,464.2871,280.8919,1957.3236,0.8432,47.3476,41.8708,1642.2922,316.5706,11983.3936,599169.6250,0,0,-0.0009,0.1620,0.3491,0.0977,445,0.8632,0.1368,3.0541,3459.3052,wave,0.2654,0.4951,1.5548,0.0000,1.0000,0.0000,72.8224,13,2725.6963,0.1704,0.8768,4,0,197689.6875,3.8034,0.0000,3.8034,0.8928,1.6641,0.0000,1.1581,4763.8774,64,1.7830,0.0000,0.0000,0.0000,11455051.0000,20.2821,1286935.8750,455.6021,1402057
42,107,Paris_Medium,train,MAPPER,3600,50,117,86,0.7350,1.0000,0.0000,787.4186,39.3709,0.4065,3.0200,472.1860,369.0490,1987.1759,0.8417,47.3476,41.8708,1642.2922,316.5706,3587.9060,179395.2969,0,0,-0.0006,0.0165,0.0554,0.0058,429,0.7350,0.2650,3.0533,3459.3052,wave,0.2599,0.4985,1.5548,0.0000,1.0000,0.0000,74.7509,13,2725.7241,0.1707,1.0613,3,0,170897.1250,3.6667,0.0000,3.6667,0.7294,1.5965,0.0000,1.2713,10390.4814,89,1.9347,0.0000,0.0000,0.0000,3382277.5000,11.3675,349407.8438,395.8877,419785
42,107,Paris_Medium,train,MAPPO,3600,50,117,93,0.7949,1.0000,0.0000,780.4946,37.1664,0.4283,3.0195,476.1935,338.3148,2001.7892,0.8407,47.3476,41.8708,1642.2922,316.5706,1109.4786,55473.9297,0,0,-0.0000,0.0476,0.0000,0.0244,460,0.7949,0.2051,3.0531,3459.3052,wave,0.2758,0.5191,1.5548,0.0000,1.0000,0.0000,75.8357,13,2725.7920,0.1709,0.9880,3,0,186166.3906,3.9316,0.0000,3.9316,0.8658,1.7526,0.0000,1.3235,8539.6514,85,2.3183,0.0000,0.0000,0.0000,912179.8125,10.7436,50968.6719,476.5520,129809
42,108,Tokyo_Small,train,IPPO,3600,7,99,81,0.8182,1.0000,0.0000,683.2963,341.6482,0.4196,3.0581,315.1358,383.4131,1115.7528,0.7081,28.9358,27.9957,827.2670,221.8003,1238.9293,123892.9297,0,0,-0.0010,0.1416,0.3360,0.0924,376,0.8182,0.1818,3.0556,1674.6833,uniform,0.2893,0.6496,1.6069,0.0000,1.0000,0.0000,91.9852,18,1310.4155,0.0418,1.1627,9,1,90375.9766,3.7980,0.0000,3.7980,0.7662,0.7869,0.0000,1.3673,6878.1206,61,1.1923,0.0000,0.0000,0.0000,1020889.1250,21.3737,80680.6250,205.9367,122654
42,108,Tokyo_Small,train,MAPPER,3600,7,99,65,0.6566,1.0000,0.0000,645.3846,215.1282,0.4812,3.0589,283.3539,423.0278,1201.5917,0.8481,28.9358,27.9957,827.2670,221.8003,1282.7878,128278.7891,0,0,-0.0005,0.0391,0.0391,0.0064,353,0.6566,0.3434,3.0559,1674.6833,uniform,0.2056,0.3967,1.6069,0.0000,1.0000,0.0000,43.0355,18,1310.3905,0.0422,1.0985,4,1,78103.4531,3.5657,0.0000,3.5657,0.7064,0.9041,0.0000,1.3404,6460.9336,43,1.1462,0.0000,0.0000,0.0000,1191105.7500,10.3737,93955.3359,242.0635,126996
42,108,Tokyo_Small,train,MAPPO,3600,7,99,77,0.7778,1.0000,0.0000,652.1688,163.0422,0.6488,3.0530,266.2727,442.1786,1130.8071,0.8494,28.9358,27.9957,827.2670,221.8003,1035.3232,103532.3203,0,0,-0.0000,0.0008,0.0000,0.0014,361,0.7778,0.2222,3.0502,1674.6833,uniform,0.1970,0.3984,1.6069,0.0000,1.0000,0.0000,40.1113,18,1310.4464,0.0422,1.1645,6,1,87072.1562,3.6465,0.0000,3.6465,0.7702,0.8321,0.0000,1.2894,8094.4302,75,1.8980,0.0000,0.0000,0.0000,939343.7500,22.8081,61040.6836,322.7729,102497
42,109,Tokyo_Medium,train,IPPO,3600,14,173,122,0.7052,1.0000,0.0000,911.6312,130.2330,0.5559,3.0588,558.4016,429.4935,2221.9771,0.7958,58.6738,55.5906,1915.5356,294.9009,2693.0347,134651.7344,0,0,-0.0008,0.2934,0.3122,0.1326,692,0.7052,0.2948,3.0630,3351.0664,uniform,0.2197,0.4303,1.6515,0.0000,1.0000,0.0000,114.0062,13,2611.3047,0.0264,0.9269,5,0,271081.2188,4.0000,0.0000,4.0000,0.7187,2.0656,0.0000,1.2969,15127.1445,91,1.4749,0.0000,0.0000,0.0000,2442736.7500,27.5434,379045.6875,251.7243,465895
42,109,Tokyo_Medium,train,MAPPER,3600,14,173,107,0.6185,1.0000,0.0000,912.7757,182.5551,0.3865,3.0601,497.3271,500.1654,2118.4622,0.8519,58.6738,55.5906,1915.5356,294.9009,2799.2253,139961.2656,0,0,-0.0005,0.0517,0.0567,0.0095,678,0.6185,0.3815,3.0641,3351.0664,uniform,0.1986,0.3843,1.6515,0.0000,1.0000,0.0000,73.6347,13,2611.1882,0.0256,1.0326,3,0,226675.4531,3.9191,0.0000,3.9191,0.5893,1.9311,0.0000,1.3127,14712.4873,109,1.2348,0.0000,0.0000,0.0000,2658277.0000,13.5376,408004.5000,299.8724,484266
42,109,Tokyo_Medium,train,MAPPO,3600,14,173,101,0.5838,1.0000,0.0000,965.0396,120.6300,0.6276,3.0553,493.2178,634.8394,2126.5391,0.8623,58.6738,55.5906,1915.5356,294.9009,2282.3123,114115.6094,0,0,0.0000,0.0007,0.0000,0.0019,782,0.5838,0.4162,3.0602,3351.0664,uniform,0.2417,0.4664,1.6515,0.0000,1.0000,0.0000,67.9100,14,2611.2463,0.0275,1.0880,4,0,214780.4375,4.5202,0.0000,4.5202,0.5581,1.9378,0.0000,1.5119,24889.6641,160,1.3863,0.0000,0.0000,0.0000,2128867.5000,28.6185,245059.9375,712.3386,394840
42,110,LosAngeles_Small,train,IPPO,3600,7,96,85,0.8854,1.0000,0.0000,593.2353,197.7451,0.4896,3.0611,257.1176,353.4333,1047.9397,0.8151,23.6607,22.6750,788.2300,234.3763,1403.8854,140388.5312,0,0,-0.0008,0.1569,0.3316,0.0964,363,0.8854,0.1146,3.0832,1676.3384,uniform,0.2153,0.4282,1.5028,0.0000,1.0000,0.0000,47.5297,15,1302.4595,0.0511,1.2212,7,0,89074.8750,3.7812,0.0000,3.7812,0.8724,0.7317,0.0000,1.3761,6295.9170,57,1.4954,0.0000,0.0000,0.0000,1213919.1250,18.6146,99454.8203,177.9336,134773
42,110,LosAngeles_Small,train,MAPPER,3600,7,96,74,0.7708,1.0000,0.0000,630.4595,210.1532,0.4386,3.0616,242.1351,398.4250,1006.6382,0.8315,23.6607,22.6750,788.2300,234.3763,1256.3334,125633.3359,0,0,-0.0008,0.0377,0.0319,0.0074,374,0.7708,0.2292,3.0830,1676.3384,uniform,0.3053,0.5841,1.5028,0.0000,1.0000,0.0000,40.8075,15,1302.3042,0.0504,1.1465,8,0,74491.2266,3.8958,0.0000,3.8958,0.7168,0.6905,0.0000,1.3387,4920.3135,48,1.1622,0.0000,0.0000,0.0000,1158492.5000,11.6771,88159.6641,240.1653,120608
42,110,LosAngeles_Small,train,MAPPO,3600,7,96,83,0.8646,1.0000,0.0000,611.3856,203.7952,0.5587,3.0557,254.1205,355.4471,1079.4395,0.8495,23.6607,22.6750,788.2300,234.3763,1090.6562,109065.6250,0,0,0.0000,0.0002,0.0000,0.0013,373,0.8646,0.1354,3.0774,1676.3384,uniform,0.1811,0.3324,1.5028,0.0000,1.0000,0.0000,38.2326,15,1302.4033,0.0504,1.2555,4,1,89593.4766,3.8854,0.0000,3.8854,0.8243,0.7080,0.0000,1.4758,9250.6309,85,3.0562,0.0000,0.0000,0.0000,995403.3125,22.7500,53965.1289,433.2682,104703
42,111,LosAngeles_Medium,train,IPPO,3600,14,174,130,0.7471,1.0000,0.0000,922.6616,131.8088,0.5639,3.1000,533.0538,462.8038,2140.3638,0.8031,47.2076,43.5491,1783.2422,252.3595,2818.6321,140931.6094,0,0,-0.0008,0.2090,0.3030,0.1115,715,0.7471,0.2529,3.0962,3352.8989,uniform,0.2577,0.4853,1.7223,0.0000,1.0000,0.0000,104.9811,15,2610.5315,0.0381,1.0349,5,0,278247.2812,4.1092,0.0000,4.1092,0.7140,1.8492,0.0000,1.5066,25213.4980,140,1.4510,0.0000,0.0000,0.0000,2595667.5000,33.0805,407805.8438,251.9587,490442
42,111,LosAngeles_Medium,train,MAPPER,3600,14,174,113,0.6494,1.0000,0.0000,968.1947,193.6389,0.3755,3.1018,559.4160,460.8760,2250.0439,0.8044,47.2076,43.5491,1783.2422,252.3595,2664.7241,133236.2188,0,0,-0.0012,0.6422,0.0592,0.0258,707,0.6494,0.3506,3.0974,3352.8989,uniform,0.2619,0.4929,1.7223,0.0000,1.0000,0.0000,109.4072,15,2610.4055,0.0381,0.9978,5,0,254254.9688,4.0632,0.0000,4.0632,0.6655,1.9828,0.0000,1.4000,14834.5449,111,2.4898,0.0000,0.0000,0.0000,2515801.2500,13.2011,389568.9688,276.9023,463662
42,111,LosAngeles_Medium,train,MAPPO,3600,14,174,113,0.6494,1.0000,0.0000,995.9292,110.6588,0.6851,3.0967,523.2213,595.9514,2245.5366,0.8584,47.2076,43.5491,1783.2422,252.3595,2511.2700,125563.5000,0,0,0.0000,0.0002,0.0000,0.0016,736,0.6494,0.3506,3.0940,3352.8989,uniform,0.2317,0.4345,1.7223,0.0000,1.0000,0.0000,74.1139,15,2610.5369,0.0374,1.0839,3,0,253745.6406,4.2299,0.0000,4.2299,0.6430,1.9158,0.0000,1.7470,37499.8594,174,1.7640,0.0000,0.0000,0.0000,2345189.7500,32.8046,267993.9688,804.9974,436961
42,112,Paris_Small,train,IPPO,3600,7,96,87,0.9062,1.0000,0.0000,522.2069,261.1035,0.3203,3.0456,252.4368,276.3333,1030.5117,0.8165,23.8654,22.5342,832.2629,215.5597,1406.8438,140684.3594,0,0,-0.0008,0.1090,0.3243,0.0801,377,0.9062,0.0938,3.0423,1674.0111,uniform,0.2548,0.4656,1.7180,0.0000,1.0000,0.0000,46.3344,13,1327.5220,0.0353,1.0075,6,1,89654.5156,3.9271,0.0000,3.9271,0.8908,0.9712,0.0000,1.1810,3443.3450,34,1.1695,0.0000,0.0000,0.0000,1212190.3750,22.4062,88915.2188,285.9923,135057
42,112,Paris_Small,train,MAPPER,3600,7,96,83,0.8646,1.0000,0.0000,510.0482,255.0241,0.4064,3.0451,241.5542,279.6136,1018.6367,0.8434,23.8654,22.5342,832.2629,215.5597,1376.0104,137601.0469,0,0,-0.0000,0.0020,0.0319,0.0030,351,0.8646,0.1354,3.0413,1674.0111,uniform,0.2327,0.4277,1.7180,0.0000,1.0000,0.0000,37.8269,13,1327.5164,0.0361,1.0473,6,1,84546.8438,3.6562,0.0000,3.6562,0.8690,0.9931,0.0000,1.1804,3304.7021,41,1.3071,0.0000,0.0000,0.0000,1263548.1250,13.5938,85932.2812,368.4221,132097
42,112,Paris_Small,train,MAPPO,3600,7,96,87,0.9062,1.0000,0.0000,487.4483,243.7241,0.4099,3.0442,244.2988,250.0957,1024.9214,0.8391,23.8654,22.5342,832.2629,215.5597,1129.8959,112989.5859,0,0,0.0000,0.0002,0.0000,0.0014,372,0.9062,0.0938,3.0408,1674.0111,uniform,0.1912,0.3600,1.7180,0.0000,1.0000,0.0000,39.3146,13,1327.4941,0.0355,1.0214,6,1,89168.1562,3.8750,0.0000,3.8750,0.8984,0.9795,0.0000,1.2217,3372.4519,40,1.2388,0.0000,0.0000,0.0000,1020267.7500,12.9896,50357.0234,495.7171,108470
42,113,Paris_Medium,train,IPPO,3600,14,177,148,0.8362,1.0000,0.0000,833.4324,119.0618,0.5449,3.0211,534.6351,353.1726,2152.1008,0.8051,46.7590,44.4972,1862.5793,215.1340,3774.9153,188745.7656,0,0,-0.0007,0.1650,0.3041,0.0983,694,0.8362,0.1638,3.0216,3351.8389,uniform,0.1962,0.3661,1.6247,0.0000,1.0000,0.0000,104.2150,14,2631.5376,0.0235,0.8626,5,1,318510.9375,3.9209,0.0000,3.9209,0.8517,1.9093,0.0000,1.2153,9122.6855,76,1.2863,0.0000,0.0000,0.0000,3440198.5000,35.9492,542945.4375,372.7132,668160
42,113,Paris_Medium,train,MAPPER,3600,14,177,121,0.6836,1.0000,0.0000,900.0082,150.0014,0.4321,3.0243,536.1570,391.5373,2214.0347,0.8259,46.7590,44.4972,1862.5793,215.1340,4332.5591,216627.9531,0,0,-0.0006,0.1182,0.0677,0.0098,694,0.6836,0.3164,3.0236,3351.8389,uniform,0.2326,0.4388,1.6247,0.0000,1.0000,0.0000,93.3501,14,2631.5415,0.0239,0.9026,4,0,267898.1875,3.9209,0.0000,3.9209,0.7546,2.0690,0.0000,1.2554,8311.9775,80,1.1940,0.0000,0.0000,0.0000,4122142.7500,16.6271,639866.5000,507.0809,766863
42,113,Paris_Medium,train,MAPPO,3600,14,177,128,0.7232,1.0000,0.0000,841.9609,120.2801,0.5601,3.0200,492.9375,453.2829,2080.0300,0.8439,46.7590,44.4972,1862.5793,215.1340,2973.4858,148674.2969,0,0,-0.0000,0.0002,0.0000,0.0016,720,0.7232,0.2768,3.0208,3351.8389,uniform,0.2341,0.4319,1.6247,0.0000,1.0000,0.0000,76.9315,14,2631.6067,0.0234,0.9890,4,0,266243.8438,4.0678,0.0000,4.0678,0.7313,1.8956,0.0000,1.2259,11757.6768,110,1.7146,0.0000,0.0000,0.0000,2788327.2500,31.2542,342494.6875,853.3314,526307
42,114,Tokyo_Small,train,IPPO,3600,10,99,88,0.8889,1.0000,0.0000,693.5455,173.3864,0.4329,3.0632,311.8977,392.1263,1237.3436,0.7934,28.9716,27.0953,914.8235,249.2027,1560.7980,156079.8125,0,0,-0.0006,0.1422,0.3117,0.0905,375,0.8889,0.1111,3.0628,1675.5725,uniform,0.2629,0.4896,1.5726,0.0000,1.0000,0.0000,64.4290,15,1319.9172,0.0299,1.0843,7,1,108886.2422,3.7879,0.0000,3.7879,0.9254,0.9969,0.0000,1.2570,7028.1533,55,1.1582,0.0000,0.0000,0.0000,1306850.6250,25.6162,105641.8516,239.7637,154519
42,114,Tokyo_Small,train,MAPPER,3600,10,99,73,0.7374,1.0000,0.0000,698.1370,139.6274,0.5714,3.0629,282.9041,479.3855,1186.4832,0.8388,28.9716,27.0953,914.8235,249.2027,1452.4041,145240.4062,0,0,-0.0002,0.0696,0.0269,0.0082,372,0.7374,0.2626,3.0638,1675.5725,uniform,0.1691,0.3236,1.5726,0.0000,1.0000,0.0000,45.6075,15,1319.9869,0.0306,1.1364,4,1,86613.2734,3.7576,0.0000,3.7576,0.6604,0.8576,0.0000,1.2830,7861.4219,63,1.4495,0.0000,0.0000,0.0000,1341702.1250,14.5657,102100.5547,310.3858,143788
42,114,Tokyo_Small,train,MAPPO,3600,10,99,72,0.7273,1.0000,0.0000,772.3333,128.7222,0.6515,3.0592,295.4583,545.4025,1253.6700,0.8486,28.9716,27.0953,914.8235,249.2027,1238.7878,123878.7891,0,0,-0.0000,0.0087,0.0000,0.0099,371,0.7273,0.2727,3.0597,1675.5725,uniform,0.2009,0.3819,1.5726,0.0000,1.0000,0.0000,44.7243,15,1319.9100,0.0319,1.2762,4,0,90264.2500,3.7475,0.0000,3.7475,0.7756,1.0213,0.0000,1.3965,11270.4756,87,1.6515,0.0000,0.0000,0.0000,1125524.8750,25.9495,63131.6406,487.8335,122640
42,115,Tokyo_Medium,train,IPPO,3600,20,182,138,0.7582,1.0000,0.0000,946.9565,94.6957,0.5398,3.0855,520.2101,484.6037,2023.6711,0.7780,58.6953,56.4814,1702.9357,230.6083,4658.5166,232925.8125,0,0,-0.0008,0.2396,0.2906,0.1183,669,0.7582,0.2418,3.0737,3352.8452,uniform,0.3126,0.6365,1.5914,0.0000,1.0000,0.0000,115.4759,14,2636.3906,0.0337,0.9865,8,0,279266.6250,3.6758,0.0000,3.6758,0.6917,1.5628,0.0000,1.2664,12521.6631,115,1.3061,0.0000,0.0000,0.0000,4343350.0000,25.7143,740008.6250,277.3723,847850
42,115,Tokyo_Medium,train,MAPPER,3600,20,182,112,0.6154,1.0000,0.0000,951.1161,135.8737,0.3991,3.0877,520.0357,466.3906,2127.4150,0.8182,58.6953,56.4814,1702.9357,230.6083,4315.9067,215795.3281,0,0,-0.0014,0.1724,0.0682,0.0192,712,0.6154,0.3846,3.0739,3352.8452,uniform,0.2588,0.5373,1.5914,0.0000,1.0000,0.0000,94.5527,14,2636.5220,0.0348,0.8923,6,1,238270.4844,3.9121,0.0000,3.9121,0.6231,1.7347,0.0000,1.2769,11514.5527,85,1.3510,0.0000,0.0000,0.0000,4163038.0000,16.1319,689109.0000,376.7289,785495
42,115,Tokyo_Medium,train,MAPPO,3600,20,182,110,0.6044,1.0000,0.0000,897.3364,74.7780,0.6148,3.0828,516.7727,512.3333,2146.9170,0.8309,58.6953,56.4814,1702.9357,230.6083,2928.8572,146442.8594,0,0,-0.0000,0.0002,0.0000,0.0012,747,0.6044,0.3956,3.0715,3352.8452,uniform,0.2318,0.4360,1.5914,0.0000,1.0000,0.0000,87.3893,14,2636.4702,0.0341,1.1108,4,0,236160.8594,4.1044,0.0000,4.1044,0.6060,1.7177,0.0000,1.3332,18488.2871,162,1.6263,0.0000,0.0000,0.0000,2769712.2500,30.5824,401569.1250,563.2905,533052
42,116,LosAngeles_Small,train,IPPO,3600,10,97,86,0.8866,1.0000,0.0000,642.1279,128.4256,0.5114,3.0902,317.0465,347.8261,1239.6301,0.7820,22.2648,20.0545,917.0916,230.0617,1535.3815,153538.1406,0,0,-0.0008,0.1643,0.3010,0.0978,374,0.8866,0.1134,3.0916,1673.7786,uniform,0.1868,0.3457,1.7863,0.0000,1.0000,0.0000,69.1205,17,1300.3717,0.0395,1.0706,5,1,106608.1953,3.8557,0.0000,3.8557,0.8681,1.0366,0.0000,1.2964,5968.7744,60,1.3014,0.0000,0.0000,0.0000,1341326.0000,26.8144,107293.6250,235.2085,148932
42,116,LosAngeles_Small,train,MAPPER,3600,10,97,77,0.7938,1.0000,0.0000,702.1688,140.4338,0.5039,3.0912,303.5454,404.9390,1236.3634,0.8146,22.2648,20.0545,917.0916,230.0617,1473.4639,147346.3906,0,0,-0.0001,0.0015,0.0297,0.0030,374,0.7938,0.2062,3.0917,1673.7786,uniform,0.1747,0.3321,1.7863,0.0000,1.0000,0.0000,56.2728,17,1300.4647,0.0392,1.2231,5,1,95199.9844,3.8557,0.0000,3.8557,0.7484,0.9983,0.0000,1.3586,6958.3882,62,1.2758,0.0000,0.0000,0.0000,1366600.3750,12.9794,104743.8828,286.7687,142926
42,116,LosAngeles_Small,train,MAPPO,3600,10,97,80,0.8247,1.0000,0.0000,684.5375,114.0896,0.6073,3.0875,290.9875,405.3095,1232.4277,0.8471,22.2648,20.0545,917.0916,230.0617,1103.8453,110384.5391,0,0,0.0000,0.0001,0.0000,0.0012,371,0.8247,0.1753,3.0897,1673.7786,uniform,0.1792,0.3400,1.7863,0.0000,1.0000,0.0000,44.5019,17,1300.4022,0.0384,1.2118,5,1,98594.2188,3.8247,0.0000,3.8247,0.7553,0.9696,0.0000,1.4847,13679.1572,86,1.4554,0.0000,0.0000,0.0000,982087.0000,21.0412,55028.2461,414.7877,107073
42,117,LosAngeles_Medium,train,IPPO,3600,20,181,124,0.6851,1.0000,0.0000,1040.4113,104.0411,0.5274,3.0925,588.1774,544.1006,2369.1328,0.8056,46.6665,44.7586,1850.6208,237.6600,4075.6465,203782.3281,0,0,-0.0007,0.3273,0.2737,0.1379,696,0.6851,0.3149,3.0965,3355.2988,uniform,0.2381,0.4932,1.6510,0.0000,1.0000,0.0000,114.3509,16,2606.6799,0.0347,0.9818,7,1,293772.4688,3.8453,0.0000,3.8453,0.7194,1.9775,0.0000,1.3224,16807.4414,134,1.3130,0.0000,0.0000,0.0000,3799302.2500,30.4751,639254.7500,267.5125,737692
42,117,LosAngeles_Medium,train,MAPPER,3600,20,181,111,0.6133,1.0000,0.0000,937.2252,133.8893,0.3572,3.0953,539.1802,443.7717,2292.6255,0.8504,46.6665,44.7586,1850.6208,237.6600,5317.6963,265884.8125,0,0,-0.0007,0.2217,0.0574,0.0193,672,0.6133,0.3867,3.0982,3355.2988,uniform,0.2067,0.3898,1.6510,0.0000,1.0000,0.0000,80.6551,16,2606.5962,0.0347,0.9599,4,1,254481.4375,3.7127,0.0000,3.7127,0.5994,1.8406,0.0000,1.3347,12124.8633,109,1.2154,0.0000,0.0000,0.0000,5170962.5000,15.9724,872187.9375,352.2498,962503
42,117,LosAngeles_Medium,train,MAPPO,3600,20,181,100,0.5525,1.0000,0.0000,1094.4100,91.2008,0.6452,3.0907,558.6000,663.2424,2360.0820,0.8450,46.6665,44.7586,1850.6208,237.6600,3339.0608,166953.0312,0,0,-0.0000,0.0190,0.0000,0.0148,811,0.5525,0.4475,3.0949,3355.2988,uniform,0.2307,0.4472,1.6510,0.0000,1.0000,0.0000,86.5836,16,2606.6548,0.0341,1.1061,3,0,236008.2031,4.4807,0.0000,4.4807,0.5805,1.9787,0.0000,1.5334,28197.3281,176,3.6177,0.0000,0.0000,0.0000,3178349.0000,30.4199,479097.8125,531.4012,604370
42,118,Paris_Small,train,IPPO,3600,10,94,92,0.9787,1.0000,0.0000,564.4783,188.1594,0.3764,3.0330,266.8369,306.0425,1096.4381,0.8218,23.8476,21.9057,890.5537,210.0765,2218.6489,221864.8906,0,0,-0.0006,0.1024,0.3020,0.0756,351,0.9787,0.0213,3.0272,1675.5828,uniform,0.1844,0.3615,1.7836,0.0000,1.0000,0.0000,47.5493,12,1324.6102,0.0435,0.9518,6,1,100872.3047,3.7340,0.0000,3.7340,0.9901,1.1491,0.0000,1.1137,2431.3811,31,1.1255,0.0000,0.0000,0.0000,1991296.1250,22.5426,156179.7188,329.8126,208553
42,118,Paris_Small,train,MAPPER,3600,10,94,74,0.7872,1.0000,0.0000,555.7703,185.2568,0.3903,3.0356,278.2567,308.2500,1122.1501,0.8066,23.8476,21.9057,890.5537,210.0765,2133.2874,213328.7188,0,0,-0.0008,0.0394,0.0347,0.0091,344,0.7872,0.2128,3.0293,1675.5828,uniform,0.2095,0.3813,1.7836,0.0000,1.0000,0.0000,53.8267,12,1324.6237,0.0438,0.9668,4,1,83039.1172,3.6596,0.0000,3.6596,0.8349,1.2046,0.0000,1.1947,2624.2148,29,1.3386,0.0000,0.0000,0.0000,2018853.5000,9.1383,152026.5938,401.5516,200529
42,118,Paris_Small,train,MAPPO,3600,10,94,87,0.9255,1.0000,0.0000,578.0575,115.6115,0.5947,3.0304,259.8161,332.7391,1076.0392,0.8283,23.8476,21.9057,890.5537,210.0765,1528.0106,152801.0625,0,0,-0.0000,0.0003,0.0000,0.0010,343,0.9255,0.0745,3.0244,1675.5828,uniform,0.1812,0.3373,1.7836,0.0000,1.0000,0.0000,44.6083,12,1324.6202,0.0441,1.0690,5,1,93615.4062,3.6489,0.0000,3.6489,0.8978,1.1018,0.0000,1.2297,3989.0542,43,1.6120,0.0000,0.0000,0.0000,1410011.2500,19.4149,77294.3672,587.7326,143633
42,119,Paris_Medium,train,IPPO,3600,20,182,151,0.8297,1.0000,0.0000,903.0265,82.0933,0.5669,3.0259,541.0927,417.8382,2121.3516,0.7841,47.3224,43.9166,1806.5270,208.0149,6005.8516,300292.5625,0,0,-0.0006,0.1566,0.2690,0.0947,734,0.8297,0.1703,3.0260,3356.4172,uniform,0.2193,0.4559,1.6360,0.0000,1.0000,0.0000,116.8224,14,2659.4368,0.0262,0.8523,8,1,320324.0938,4.0330,0.0000,4.0330,0.8592,1.8709,0.0000,1.1906,8238.5225,90,1.6291,0.0000,0.0000,0.0000,5454468.5000,34.8407,917353.0625,414.0701,1093065
42,119,Paris_Medium,train,MAPPER,3600,20,182,123,0.6758,1.0000,0.0000,934.2439,116.7805,0.4417,3.0278,573.0732,391.1203,2327.1997,0.8122,47.3224,43.9166,1806.5270,208.0149,3830.0220,191501.0938,0,0,-0.0010,0.2156,0.0622,0.0141,696,0.6758,0.3242,3.0280,3356.4172,uniform,0.2037,0.4075,1.6360,0.0000,1.0000,0.0000,107.6332,14,2659.4497,0.0257,0.8789,5,0,286245.5625,3.8242,0.0000,3.8242,0.7764,2.0755,0.0000,1.2236,9975.8486,76,1.3973,0.0000,0.0000,0.0000,3643360.0000,21.5000,568266.7500,521.0178,697064
42,119,Paris_Medium,train,MAPPO,3600,20,182,119,0.6538,0.9945,0.0055,934.1260,71.8559,0.6632,3.0231,506.0336,537.5906,2131.1912,0.8423,47.3224,43.9166,1806.7944,209.2937,3780.5605,189028.0312,0,0,-0.0000,0.0003,0.0000,0.0017,754,0.6575,0.3425,3.0241,3356.4172,uniform,0.2206,0.4268,1.6313,2.4960,0.9945,0.0000,79.7954,14,2659.5552,0.0262,0.9698,4,0,253611.7500,4.1429,0.0000,4.1429,0.6583,1.8190,2.2903,1.2117,13164.8594,118,2.1580,0.0000,0.0000,0.0000,3584598.7500,30.7912,484061.1562,924.9247,688062
42,120,Tokyo_Small,train,IPPO,3600,25,98,78,0.7959,1.0000,0.0000,658.0128,50.6164,0.5456,3.0648,290.8077,431.6452,1156.6337,0.7955,29.3306,25.8451,946.2559,283.7389,4590.2549,459025.5000,0,0,-0.0007,0.1832,0.2914,0.1024,347,0.7959,0.2041,3.0697,1675.3422,uniform,0.2470,0.4615,1.7291,0.0000,1.0000,0.0000,59.4809,14,1314.4769,0.0396,1.2611,6,1,90217.4297,3.5408,0.0000,3.5408,0.7310,0.9494,0.0000,1.3218,7975.2715,69,1.7500,0.0000,0.0000,0.0000,4332928.5000,33.8878,389545.6250,357.9751,449845
42,120,Tokyo_Small,train,MAPPER,3600,25,98,75,0.7653,1.0000,0.0000,724.6266,55.7405,0.5532,3.0647,286.8133,457.8250,1198.7527,0.8359,29.3306,25.8451,946.2559,283.7389,1901.8572,190185.7188,0,0,-0.0001,0.0108,0.0328,0.0035,305,0.7653,0.2347,3.0699,1675.3422,uniform,0.1898,0.3540,1.7291,0.0000,1.0000,0.0000,47.0628,14,1314.4603,0.0403,1.3033,4,1,89906.4453,3.1122,0.0000,3.1122,0.7494,1.0122,0.0000,1.4715,11966.8643,70,2.0097,0.0000,0.0000,0.0000,1796182.3750,13.0714,137095.2656,397.2531,186382
42,120,Tokyo_Small,train,MAPPO,3600,25,98,83,0.8469,0.9490,0.0510,606.1085,43.2935,0.5666,3.0647,275.6988,338.8256,1152.3033,0.8359,29.3306,25.8030,941.0927,293.9259,715.2143,71521.4297,0,0,-0.0000,0.0008,0.0000,0.0015,306,0.8925,0.1075,3.0697,1675.3422,uniform,0.2052,0.3812,1.7567,1.2153,0.9490,0.0000,45.2381,14,1314.4650,0.0398,1.2828,5,0,95641.1719,3.1224,0.0000,3.1224,0.8532,1.0414,4.3037,1.5605,11754.3877,70,1.7841,0.0000,0.0000,0.0000,613938.7500,9.5510,18683.2617,423.2948,70091
42,121,Tokyo_Medium,train,IPPO,3600,50,173,129,0.7457,1.0000,0.0000,877.5117,30.2590,0.5887,3.0711,515.0853,439.7712,2171.4983,0.8432,58.5872,55.8117,1811.0509,279.7016,11350.1621,567508.0625,0,0,-0.0006,0.3916,0.2718,0.1496,627,0.7457,0.2543,3.0695,3348.2737,uniform,0.2280,0.4315,1.6675,0.0000,1.0000,0.0000,80.7856,14,2626.2778,0.0279,0.9652,5,1,280123.2812,3.6243,0.0000,3.6243,0.6986,1.8089,0.0000,1.3280,17302.0605,101,1.8791,0.0000,0.0000,0.0000,11006985.0000,33.7630,1844458.8750,345.3748,1963578
42,121,Tokyo_Medium,train,MAPPER,3600,50,173,109,0.6301,1.0000,0.0000,926.9174,34.3303,0.5543,3.0721,515.5413,471.6457,2251.5691,0.8735,58.5872,55.8117,1811.0509,279.7016,5776.4624,288823.1250,0,0,-0.0004,0.0373,0.0415,0.0048,630,0.6301,0.3699,3.0701,3348.2737,uniform,0.2836,0.5640,1.6675,0.0000,1.0000,0.0000,65.2274,14,2626.2561,0.0278,0.9490,6,0,245421.0469,3.6416,0.0000,3.6416,0.6459,1.9795,0.0000,1.3349,15091.3975,91,1.9936,0.0000,0.0000,0.0000,5609949.0000,17.4104,891467.5625,456.9600,999328
42,121,Tokyo_Medium,train,MAPPO,3600,50,173,109,0.6301,0.9364,0.0636,923.5780,26.3879,0.7042,3.0678,508.6606,527.1894,2189.7234,0.8610,58.5872,55.5349,1800.4941,285.2359,3322.8843,166144.2188,0,0,0.0000,0.0003,0.0000,0.0014,539,0.6728,0.3272,3.0680,3348.2737,uniform,0.2543,0.4871,1.6752,1.5540,0.9364,0.0000,70.7159,14,2626.3765,0.0284,1.1188,5,0,238679.8438,3.1156,0.0000,3.1156,0.6018,1.8441,23.1997,1.4210,23141.8086,171,3.2756,0.0000,0.0000,0.0000,3157719.0000,43.3295,419330.4062,733.8458,574859
42,122,LosAngeles_Small,train,IPPO,3600,25,99,85,0.8586,1.0000,0.0000,744.8000,53.2000,0.5883,3.0774,307.0588,444.1124,1225.9320,0.7985,23.4286,21.9777,894.6464,224.3608,4043.8789,404387.8750,0,0,-0.0007,0.0893,0.2827,0.0705,346,0.8586,0.1414,3.0794,1674.7931,uniform,0.2294,0.4472,1.6732,0.0000,1.0000,0.0000,61.8724,15,1311.2686,0.0369,1.2968,7,1,104204.2188,3.4949,0.0000,3.4949,0.8614,0.9138,0.0000,1.6267,11788.5117,91,2.4283,0.0000,0.0000,0.0000,3822670.5000,31.2121,346466.4688,323.0117,400344
42,122,LosAngeles_Small,train,MAPPER,3600,25,99,76,0.7677,0.9495,0.0505,776.9079,48.5567,0.6503,3.0760,273.0000,555.6464,1182.5310,0.8663,23.4286,21.9777,901.1835,242.4024,2058.6060,205860.6094,0,0,-0.0004,0.0566,0.0327,0.0062,304,0.8085,0.1915,3.0779,1674.7931,uniform,0.2202,0.4043,1.6673,1.7854,0.9495,0.0000,36.4938,15,1311.3062,0.0371,1.3173,4,0,89872.3594,3.0707,0.0000,3.0707,0.7544,0.8950,3.2404,1.5864,12152.7158,104,2.8501,0.0000,0.0000,0.0000,1951493.1250,19.1818,152783.7656,408.2247,203802
42,122,LosAngeles_Small,train,MAPPO,3600,25,99,87,0.8788,1.0000,0.0000,650.1839,46.4417,0.5983,3.0767,279.8506,394.3617,1206.7496,0.8624,23.4286,21.9777,894.6464,224.3608,721.5859,72158.5859,0,0,-0.0000,0.0001,0.0000,0.0008,327,0.8788,0.1212,3.0788,1674.7931,uniform,0.1851,0.3373,1.6732,0.0000,1.0000,0.0000,38.5007,15,1311.3417,0.0375,1.2919,5,1,104987.2188,3.3030,0.0000,3.3030,0.8867,0.9190,0.0000,1.6031,10697.5449,81,1.9855,0.0000,0.0000,0.0000,618925.7500,5.1111,22947.9004,387.1306,71437
42,123,LosAngeles_Medium,train,IPPO,3600,50,177,116,0.6554,1.0000,0.0000,913.0431,32.6087,0.5604,3.0990,545.0431,420.7630,2234.7646,0.8200,47.7448,43.8610,1773.2854,246.5370,10716.3223,535816.1250,0,0,-0.0005,0.3885,0.2611,0.1477,637,0.6554,0.3446,3.1033,3353.8079,uniform,0.2664,0.5331,1.5839,0.0000,1.0000,0.0000,98.0901,15,2610.9419,0.0285,1.0801,6,1,259232.7031,3.5989,0.0000,3.5989,0.6837,1.9227,0.0000,1.4941,18772.0312,138,5.1438,0.0000,0.0000,0.0000,10372021.0000,41.8983,1773319.3750,353.2692,1896789
42,123,LosAngeles_Medium,train,MAPPER,3600,50,177,108,0.6102,0.9887,0.0113,942.1111,36.2350,0.5278,3.0991,528.3519,492.8810,2201.8953,0.8335,47.7448,43.8610,1777.1758,251.8167,5515.9941,275799.7188,0,0,-0.0011,0.3434,0.0530,0.0167,602,0.6171,0.3829,3.1041,3353.8079,uniform,0.2673,0.5051,1.5746,2.3953,0.9887,0.0000,87.9728,15,2610.8755,0.0286,1.0747,4,0,237804.6875,3.4011,0.0000,3.4011,0.6219,1.8784,2.5437,1.3377,13867.3008,127,2.6202,0.0000,0.0000,0.0000,5362132.0000,28.2429,862661.6875,488.3401,976331
42,123,LosAngeles_Medium,train,MAPPO,3600,50,177,102,0.5763,0.8418,0.1582,954.5490,30.7919,0.6227,3.0978,546.9510,445.9554,2316.7468,0.8471,47.4050,43.7788,1770.3392,262.3550,2316.5310,115826.5469,0,0,0.0000,0.0002,0.0000,0.0013,475,0.6846,0.3154,3.1040,3353.8079,uniform,0.2206,0.4201,1.6046,1.4732,0.8418,0.0000,83.6016,15,2611.1267,0.0282,1.2546,3,0,236308.1875,2.6836,0.0000,2.6836,0.6076,1.9432,54.1490,1.5031,24579.3887,182,3.3035,0.0000,0.0000,0.0000,2170900.0000,39.7175,259089.0156,707.1216,410026
42,124,Paris_Small,train,IPPO,3600,25,97,78,0.8041,1.0000,0.0000,656.1025,54.6752,0.5107,3.0340,325.8590,363.4941,1337.0326,0.8206,23.8007,23.2073,1109.0410,223.7262,5807.0000,580700.0000,0,0,-0.0006,0.2896,0.2860,0.1229,324,0.8041,0.1959,3.0354,1676.7333,uniform,0.2085,0.3922,1.6767,0.0000,1.0000,0.0000,58.4525,13,1328.0117,0.0436,1.2181,5,0,104288.5469,3.3402,0.0000,3.3402,0.7757,1.1903,0.0000,1.2835,6313.3960,53,1.6787,0.0000,0.0000,0.0000,5515310.0000,33.8557,490665.0938,456.9090,563279
42,124,Paris_Small,train,MAPPER,3600,25,97,77,0.7938,1.0000,0.0000,663.2208,51.0170,0.5481,3.0320,301.7143,398.8452,1257.5156,0.8336,23.8007,23.2073,1109.0410,223.7262,2384.0310,238403.0938,0,0,-0.0007,0.0763,0.0339,0.0081,320,0.7938,0.2062,3.0339,1676.7333,uniform,0.2100,0.3855,1.6767,0.0000,1.0000,0.0000,50.2112,13,1328.0128,0.0434,1.1670,4,1,96828.7031,3.2990,0.0000,3.2990,0.7741,1.2032,0.0000,1.3290,7077.0386,55,2.0508,0.0000,0.0000,0.0000,2264222.2500,16.2371,166016.7969,552.7109,231251
42,124,Paris_Small,train,MAPPO,3600,25,97,87,0.8969,0.9691,0.0309,612.8161,47.1397,0.5533,3.0311,311.1609,316.9561,1304.9885,0.8388,23.8007,23.2073,1101.9420,233.9981,1076.7217,107672.1641,0,0,0.0000,0.0001,0.0000,0.0009,316,0.9255,0.0745,3.0333,1676.7333,uniform,0.1705,0.3253,1.6924,1.1833,0.9691,0.0000,50.1632,13,1327.9863,0.0433,1.0080,5,1,113534.0000,3.2577,0.0000,3.2577,0.8546,1.1758,3.0101,1.2798,6490.8208,43,1.9478,0.0000,0.0000,0.0000,959956.1250,9.3196,40380.5273,543.6638,104442
42,125,Paris_Medium,train,IPPO,3600,50,187,144,0.7701,1.0000,0.0000,901.7986,30.0600,0.6099,3.0344,509.4583,476.3750,2095.4097,0.8226,46.8447,42.9115,1841.8435,221.8208,14779.2725,738963.6250,0,0,-0.0004,0.3070,0.2545,0.1309,711,0.7701,0.2299,3.0331,3349.6580,uniform,0.1949,0.3664,1.6143,0.0000,1.0000,0.0000,90.3764,14,2654.3250,0.0253,0.9313,5,1,301739.0000,3.8021,0.0000,3.8021,0.7830,1.7843,0.0000,1.2018,9952.2070,104,2.3821,0.0000,0.0000,0.0000,14108304.0000,44.1337,2532436.7500,565.8651,2763724
42,125,Paris_Medium,train,MAPPER,3600,50,187,120,0.6417,1.0000,0.0000,942.0417,32.4842,0.5974,3.0365,526.3917,463.6205,2204.1567,0.8375,46.8447,42.9115,1841.8435,221.8208,7411.4922,370574.6250,0,0,-0.0009,0.0070,0.0316,0.0049,683,0.6417,0.3583,3.0349,3349.6580,uniform,0.2356,0.4472,1.6143,0.0000,1.0000,0.0000,85.5603,14,2654.3152,0.0244,1.0495,5,0,264498.8125,3.6524,0.0000,3.6524,0.6576,1.7984,0.0000,1.3058,17617.8516,119,3.1638,0.0000,0.0000,0.0000,7209890.0000,20.4920,1221814.0000,676.1280,1385949
42,125,Paris_Medium,train,MAPPO,3600,50,187,124,0.6631,0.9626,0.0374,948.2500,27.8897,0.6890,3.0322,509.5968,519.5510,2152.0125,0.8446,46.8447,42.9115,1805.1146,231.3361,3965.1230,198256.1562,0,0,-0.0000,0.0415,0.0000,0.0210,617,0.6889,0.3111,3.0318,3349.6580,uniform,0.1860,0.3837,1.5961,2.0827,0.9626,0.0000,79.1943,14,2654.3687,0.0250,0.9849,5,0,266849.5312,3.2995,0.0000,3.2995,0.6857,1.8145,25.5088,1.2624,16109.0078,123,3.7611,0.0000,0.0000,0.0000,3759030.0000,47.2353,453586.4375,1333.4407,741478
42,126,Tokyo_Small,train,IPPO,3600,7,95,75,0.7895,1.0000,0.0000,729.3333,364.6667,0.4275,2.9922,376.9067,405.0471,1253.1360,0.6650,29.1633,25.8338,912.5564,233.4874,1566.7789,156677.8906,0,0,-0.0006,0.0942,0.2603,0.0712,352,0.7895,0.2105,3.0508,1593.6514,shock_pick,0.4028,0.8344,1.6257,0.0000,1.0000,0.0000,126.2795,17,1236.8994,0.4159,1.1170,11,0,93985.2031,3.7053,0.0000,3.7053,0.7807,0.9755,0.0000,1.3700,7025.7769,56,1.1576,0.0000,0.0000,0.0000,1294868.7500,24.9158,94381.9219,301.3780,148844
42,126,Tokyo_Small,train,MAPPER,3600,7,95,66,0.6947,1.0000,0.0000,813.3333,203.3333,0.5873,2.9909,353.0000,523.7200,1321.0936,0.7485,29.1633,25.8338,912.5564,233.4874,1417.3368,141733.6875,0,0,-0.0000,0.0065,0.0252,0.0037,374,0.6947,0.3053,3.0489,1593.6514,shock_pick,0.2466,0.4743,1.6257,0.0000,1.0000,0.0000,88.7813,17,1236.8811,0.4165,1.2509,5,0,87192.1797,3.9368,0.0000,3.9368,0.7543,1.0710,0.0000,1.4103,8002.7686,74,1.4218,0.0000,0.0000,0.0000,1271127.5000,12.0632,86356.0781,362.1189,134647
42,126,Tokyo_Small,train,MAPPO,3600,7,95,67,0.7053,1.0000,0.0000,763.1940,190.7985,0.6069,2.9877,318.5075,528.7949,1335.0426,0.8383,29.1633,25.8338,912.5564,233.4874,1574.8737,157487.3594,0,0,0.0000,0.0008,0.0000,0.0021,427,0.7053,0.2947,3.0437,1593.6514,shock_pick,0.2303,0.4277,1.6257,0.0000,1.0000,0.0000,51.4990,17,1236.8936,0.4146,1.2472,4,0,89447.8516,4.4947,0.0000,4.4947,0.7624,1.0663,0.0000,1.3931,10770.0654,91,1.3341,0.0000,0.0000,0.0000,1420301.0000,24.6000,82048.7266,556.6325,149613
42,127,Tokyo_Medium,train,IPPO,3600,14,175,121,0.6914,1.0000,0.0000,880.0082,125.7155,0.5591,3.0141,556.6198,437.9938,2201.4451,0.7910,58.5187,56.2645,1844.8059,294.6342,3844.6743,192233.7031,0,0,-0.0004,0.2667,0.2423,0.1228,733,0.6914,0.3086,3.0359,3184.3411,shock_pick,0.2465,0.4615,1.6305,0.0000,1.0000,0.0000,116.3308,18,2472.0991,0.3097,0.9639,5,0,266374.8438,4.1886,0.0000,4.1886,0.6758,1.8294,0.0000,1.2402,13094.5977,104,1.3262,0.0000,0.0000,0.0000,3312346.7500,30.3714,518499.0312,349.4976,672818
42,127,Tokyo_Medium,train,MAPPER,3600,14,175,119,0.6800,1.0000,0.0000,890.2101,148.3683,0.4905,3.0152,559.8488,411.3037,2233.1228,0.7978,58.5187,56.2645,1844.8059,294.6342,3001.5085,150075.4219,0,0,-0.0012,0.0647,0.0454,0.0126,652,0.6800,0.3200,3.0357,3184.3411,shock_pick,0.2386,0.4380,1.6305,0.0000,1.0000,0.0000,113.2242,18,2472.0371,0.3101,0.8612,4,1,265741.6250,3.7257,0.0000,3.7257,0.6786,1.8680,0.0000,1.2248,10940.4404,72,1.2173,0.0000,0.0000,0.0000,2787237.2500,14.9143,417528.8125,401.3610,525264
42,127,Tokyo_Medium,train,MAPPO,3600,14,175,112,0.6400,1.0000,0.0000,929.3304,103.2589,0.6756,3.0119,529.2946,515.2857,2220.9285,0.8392,58.5187,56.2645,1844.8059,294.6342,3018.0171,150900.8594,0,0,0.0000,0.1105,0.0000,0.0341,755,0.6400,0.3600,3.0320,3184.3411,shock_pick,0.2527,0.4838,1.6305,0.0000,1.0000,0.0000,85.1089,18,2472.4026,0.3091,1.0871,4,0,248743.9844,4.3143,0.0000,4.3143,0.6240,1.8250,0.0000,1.3606,17563.5664,132,1.9443,0.0000,0.0000,0.0000,2801748.5000,30.8114,394698.8125,546.3290,528153
42,128,LosAngeles_Small,train,IPPO,3600,7,98,84,0.8571,1.0000,0.0000,663.9524,221.3175,0.5382,3.0116,323.7500,362.9239,1199.1543,0.7408,23.6843,20.5434,971.4896,234.4317,1605.5613,160556.1094,0,0,-0.0006,0.1627,0.2542,0.0956,376,0.8571,0.1429,3.0947,1592.6742,shock_pick,0.2687,0.5195,1.7740,0.0000,1.0000,0.0000,83.9191,18,1235.9497,0.5747,1.0986,8,1,100728.9531,3.8367,0.0000,3.8367,0.8209,1.0622,0.0000,1.4408,7793.4736,65,1.3474,0.0000,0.0000,0.0000,1392792.3750,29.1224,108242.0312,288.2846,157345
42,128,LosAngeles_Small,train,MAPPER,3600,7,98,66,0.6735,1.0000,0.0000,644.5000,214.8333,0.4811,3.0128,295.0757,387.1081,1249.9038,0.8472,23.6843,20.5434,971.4896,234.4317,1529.0000,152900.0000,0,0,-0.0003,0.0966,0.0275,0.0096,383,0.6735,0.3265,3.0959,1592.6742,shock_pick,0.2076,0.3910,1.7740,0.0000,1.0000,0.0000,45.0950,18,1235.9305,0.5749,1.1986,5,1,82493.6562,3.9082,0.0000,3.9082,0.6641,1.0938,0.0000,1.4693,7380.4097,53,1.2885,0.0000,0.0000,0.0000,1395898.1250,11.1327,105591.7266,318.4345,149842
42,128,LosAngeles_Small,train,MAPPO,3600,7,98,70,0.7143,1.0000,0.0000,666.0857,166.5214,0.5802,3.0091,289.9429,410.2949,1229.2102,0.8479,23.6843,20.5434,971.4896,234.4317,1446.2347,144623.4844,0,0,-0.0000,0.0011,0.0000,0.0015,401,0.7143,0.2857,3.0925,1592.6742,shock_pick,0.2124,0.3886,1.7740,0.0000,1.0000,0.0000,44.1008,18,1235.9301,0.5740,1.3520,4,1,86044.7109,4.0918,0.0000,4.0918,0.6942,1.0780,0.0000,1.6855,15670.1553,85,1.3795,0.0000,0.0000,0.0000,1302746.7500,27.0714,84545.3906,440.0410,141731
42,129,LosAngeles_Medium,train,IPPO,3600,14,176,125,0.7102,1.0000,0.0000,919.9920,131.4274,0.5372,3.0107,576.8320,439.9477,2324.2009,0.8059,45.9136,43.9750,1827.6620,243.7551,3347.3977,167369.8906,0,0,-0.0004,0.1926,0.2373,0.1035,708,0.7102,0.2898,3.0677,3175.3496,shock_pick,0.2057,0.3948,1.6015,0.0000,1.0000,0.0000,111.9918,16,2439.3027,0.4954,0.9784,4,1,290525.0938,4.0227,0.0000,4.0227,0.6944,1.8474,0.0000,1.4904,17952.7891,109,1.4465,0.0000,0.0000,0.0000,2953191.2500,37.0511,461239.0938,332.5172,589142
42,129,LosAngeles_Medium,train,MAPPER,3600,14,176,111,0.6307,1.0000,0.0000,856.7387,171.3477,0.4181,3.0129,551.3243,337.0397,2302.4932,0.8353,45.9136,43.9750,1827.6620,243.7551,4065.1421,203257.1094,0,0,-0.0002,0.0062,0.0447,0.0030,673,0.6307,0.3693,3.0703,3175.3496,shock_pick,0.2425,0.4599,1.6015,0.0000,1.0000,0.0000,90.8257,16,2439.1609,0.4957,1.0144,4,0,255576.7344,3.8239,0.0000,3.8239,0.5958,1.7850,0.0000,1.2945,11500.6250,97,1.1392,0.0000,0.0000,0.0000,3856608.7500,18.6761,610306.4375,388.9607,715465
42,129,LosAngeles_Medium,train,MAPPO,3600,14,176,108,0.6136,1.0000,0.0000,924.2963,115.5370,0.6163,3.0091,542.5278,511.0827,2323.7505,0.8566,45.9136,43.9750,1827.6620,243.7551,2139.7158,106985.7969,0,0,-0.0000,0.0006,0.0000,0.0017,708,0.6136,0.3864,3.0652,3175.3496,shock_pick,0.2534,0.4948,1.6015,0.0000,1.0000,0.0000,77.7777,16,2439.4543,0.4945,1.1930,5,0,250965.0469,4.0227,0.0000,4.0227,0.6256,1.9264,0.0000,1.5519,27580.6797,183,1.5876,0.0000,0.0000,0.0000,1923461.6250,37.4716,247025.6094,519.9090,376590
42,130,Paris_Small,train,IPPO,3600,7,99,92,0.9293,1.0000,0.0000,544.1413,181.3804,0.4658,3.0057,298.7065,264.2268,1177.9479,0.7887,23.4028,22.6695,983.4708,228.5322,1893.1010,189310.0938,0,0,-0.0007,0.0834,0.2570,0.0679,374,0.9293,0.0707,3.0262,1589.5347,shock_pick,0.1928,0.3565,1.7230,0.0000,1.0000,0.0000,63.1169,15,1246.1489,0.2560,0.8995,6,1,108371.2109,3.7778,0.0000,3.7778,0.9029,0.9652,0.0000,1.1251,2597.8628,26,1.3685,0.0000,0.0000,0.0000,1585273.2500,22.6263,123706.3516,335.7166,187417
42,130,Paris_Small,train,MAPPER,3600,7,99,82,0.8283,1.0000,0.0000,557.7805,185.9268,0.4888,3.0047,283.3415,314.0690,1184.3047,0.8360,23.4028,22.6695,983.4708,228.5322,1661.5758,166157.5781,0,0,-0.0002,0.0021,0.0296,0.0030,350,0.8283,0.1717,3.0261,1589.5347,shock_pick,0.2585,0.4717,1.7230,0.0000,1.0000,0.0000,46.4805,15,1246.1113,0.2563,0.9780,5,1,97112.9844,3.5354,0.0000,3.5354,0.8293,0.9945,0.0000,1.1516,3643.1665,33,1.1771,0.0000,0.0000,0.0000,1513858.0000,12.5354,111667.8516,385.9023,164496
42,130,Paris_Small,train,MAPPO,3600,7,99,90,0.9091,1.0000,0.0000,561.7556,187.2518,0.5265,3.0035,270.7333,317.3263,1132.3612,0.8365,23.4028,22.6695,983.4708,228.5322,1375.5354,137553.5312,0,0,0.0000,0.0002,0.0000,0.0010,346,0.9091,0.0909,3.0241,1589.5347,shock_pick,0.1719,0.3333,1.7230,0.0000,1.0000,0.0000,44.2611,15,1246.1561,0.2558,1.1469,5,0,101912.5078,3.4949,0.0000,3.4949,0.8577,0.9372,0.0000,1.2717,6278.2651,52,1.4801,0.0000,0.0000,0.0000,1227922.7500,20.5758,70260.6250,518.2214,136178
42,131,Paris_Medium,train,IPPO,3600,14,174,145,0.8333,1.0000,0.0000,867.8759,123.9823,0.5303,2.9811,562.9034,358.7988,2247.2388,0.7984,47.0770,44.1236,1928.3363,244.8545,7045.3965,352269.8438,0,0,-0.0004,0.1394,0.2285,0.0861,723,0.8333,0.1667,2.9942,3181.6133,shock_pick,0.1872,0.3567,1.7362,0.0000,1.0000,0.0000,113.4557,14,2496.2385,0.3457,0.8180,5,1,325849.6250,4.1552,0.0000,4.1552,0.8556,2.2060,0.0000,1.1230,5598.5225,69,1.1628,0.0000,0.0000,0.0000,4183165.0000,33.0517,641162.6875,498.3250,1225899
42,131,Paris_Medium,train,MAPPER,3600,14,174,122,0.7011,1.0000,0.0000,846.6803,141.1134,0.4614,2.9817,543.2787,337.0846,2295.8655,0.8452,47.0770,44.1236,1928.3363,244.8545,6124.0576,306202.8750,0,0,-0.0006,0.0562,0.0504,0.0099,651,0.7011,0.2989,2.9942,3181.6133,shock_pick,0.1391,0.2974,1.7362,0.0000,1.0000,0.0000,84.1056,14,2496.2852,0.3463,0.7805,4,1,280095.5938,3.7414,0.0000,3.7414,0.7280,2.2308,0.0000,1.0942,3252.3506,44,1.2283,0.0000,0.0000,0.0000,5868955.5000,18.8563,912804.6250,622.9556,1065586
42,131,Paris_Medium,train,MAPPO,3600,14,174,120,0.6897,1.0000,0.0000,861.4417,95.7157,0.6475,2.9787,532.8666,440.9460,2251.5979,0.8451,47.0770,44.1236,1928.3363,244.8545,3443.7644,172188.2188,0,0,-0.0000,0.0110,0.0000,0.0106,658,0.6897,0.3103,2.9914,3181.6133,shock_pick,0.1861,0.3651,1.7362,0.0000,1.0000,0.0000,82.5471,14,2496.4407,0.3452,0.9678,4,0,270191.7500,3.7816,0.0000,3.7816,0.7064,2.2007,0.0000,1.2587,15221.2852,96,1.4690,0.0000,0.0000,0.0000,3169249.7500,34.2011,384549.1875,959.1996,599215
42,132,Tokyo_Small,train,IPPO,3600,10,98,92,0.9388,1.0000,0.0000,604.9022,151.2255,0.4281,2.9812,273.8804,328.3021,1069.4089,0.7809,29.2977,26.9762,817.3958,266.9297,2048.5305,204853.0625,0,0,-0.0005,0.0697,0.2476,0.0578,379,0.9388,0.0612,3.0251,1591.7781,shock_pick,0.2428,0.4370,1.7860,0.0000,1.0000,0.0000,59.9986,14,1239.0653,0.3766,1.0430,6,1,98385.6172,3.8673,0.0000,3.8673,0.9507,0.9693,0.0000,1.2343,4217.0298,42,1.3271,0.0000,0.0000,0.0000,1805120.0000,25.9694,146039.3906,314.9247,200756
42,132,Tokyo_Small,train,MAPPER,3600,10,98,81,0.8265,1.0000,0.0000,580.3580,145.0895,0.4076,2.9810,254.2963,325.5610,1070.2593,0.8417,29.2977,26.9762,817.3958,266.9297,1450.4897,145048.9844,0,0,-0.0007,0.0434,0.0284,0.0084,329,0.8265,0.1735,3.0258,1591.7781,shock_pick,0.2299,0.4244,1.7860,0.0000,1.0000,0.0000,40.2444,14,1239.0714,0.3778,1.0610,6,1,86691.0000,3.3571,0.0000,3.3571,0.8588,0.9945,0.0000,1.3318,8523.1660,35,1.4890,0.0000,0.0000,0.0000,1311401.2500,8.5714,94935.4922,342.6743,142148
42,132,Tokyo_Small,train,MAPPO,3600,10,98,74,0.7551,1.0000,0.0000,654.8243,130.9649,0.5653,2.9785,242.9324,461.3457,1022.9701,0.8422,29.2977,26.9762,817.3958,266.9297,1544.5613,154456.1250,0,0,-0.0000,0.0006,0.0000,0.0021,369,0.7551,0.2449,3.0229,1591.7781,shock_pick,0.2423,0.4531,1.7860,0.0000,1.0000,0.0000,38.3384,14,1239.1533,0.3767,1.4261,5,0,75699.7891,3.7653,0.0000,3.7653,0.7363,0.9333,0.0000,1.4911,13201.0928,94,2.2230,0.0000,0.0000,0.0000,1394864.6250,22.3673,91354.7031,462.6759,151367
42,133,Tokyo_Medium,train,IPPO,3600,20,173,117,0.6763,1.0000,0.0000,872.9658,79.3605,0.5655,2.9964,539.8547,459.9487,2174.1033,0.8054,58.0857,54.7107,1823.4741,257.8561,5049.8037,252490.1719,0,0,-0.0004,0.1305,0.2289,0.0826,633,0.6763,0.3237,3.0354,3185.4038,shock_pick,0.2731,0.5573,1.5962,0.0000,1.0000,0.0000,105.0340,20,2467.9802,0.4285,1.0605,7,0,254370.0938,3.6590,0.0000,3.6590,0.6933,1.9594,0.0000,1.3223,16168.6416,117,1.3344,0.0000,0.0000,0.0000,4669136.0000,27.8960,742868.3750,375.1024,873616
42,133,Tokyo_Medium,train,MAPPER,3600,20,173,103,0.5954,1.0000,0.0000,973.8641,108.2071,0.4743,2.9962,581.1650,469.2903,2306.5630,0.7938,58.0857,54.7107,1823.4741,257.8561,4476.9131,223845.6562,0,0,-0.0004,0.0413,0.0377,0.0082,679,0.5954,0.4046,3.0351,3185.4038,shock_pick,0.2198,0.4165,1.5962,0.0000,1.0000,0.0000,119.8524,20,2467.7932,0.4287,0.9490,3,0,237575.9844,3.9249,0.0000,3.9249,0.5980,1.9197,0.0000,1.2845,14881.5459,98,1.2940,0.0000,0.0000,0.0000,4246177.5000,21.1214,650943.3125,483.5022,774506
42,133,Tokyo_Medium,train,MAPPO,3600,20,173,102,0.5896,1.0000,0.0000,904.3137,82.2103,0.5636,2.9956,544.2647,446.6967,2299.4683,0.8450,58.0857,54.7107,1823.4741,257.8561,3496.0405,174802.0156,0,0,0.0000,0.0002,0.0000,0.0014,692,0.5896,0.4104,3.0345,3185.4038,shock_pick,0.2369,0.4467,1.5962,0.0000,1.0000,0.0000,84.3711,20,2467.9148,0.4283,1.1611,3,0,234545.7656,4.0000,0.0000,4.0000,0.6020,1.9516,0.0000,1.5772,28674.2246,161,1.5339,0.0000,0.0000,0.0000,3263733.2500,30.1965,457504.4688,619.2007,604815
42,134,LosAngeles_Small,train,IPPO,3600,10,99,84,0.8485,1.0000,0.0000,612.1190,153.0298,0.4521,2.9811,310.0952,353.3369,1234.8090,0.7964,23.7199,20.0841,981.2084,224.7569,1866.6364,186663.6250,0,0,-0.0005,0.0942,0.2393,0.0719,392,0.8485,0.1515,3.0539,1589.5255,shock_pick,0.2274,0.4089,1.5974,0.0000,1.0000,0.0000,63.1335,15,1228.6244,0.5293,1.1131,5,1,103723.9453,3.9596,0.0000,3.9596,0.8153,0.9168,0.0000,1.3766,7013.9482,47,2.0100,0.0000,0.0000,0.0000,1637762.6250,26.4646,132722.7031,297.1318,184797
42,134,LosAngeles_Small,train,MAPPER,3600,10,99,75,0.7576,1.0000,0.0000,672.0000,168.0000,0.4656,2.9817,317.6267,360.9114,1286.0233,0.8098,23.7199,20.0841,981.2084,224.7569,2183.3940,218339.3906,0,0,-0.0008,0.0336,0.0250,0.0073,395,0.7576,0.2424,3.0512,1589.5255,shock_pick,0.2671,0.4894,1.5974,0.0000,1.0000,0.0000,60.4220,15,1228.4336,0.5296,1.2127,6,1,96451.7500,3.9899,0.0000,3.9899,0.7410,0.9332,0.0000,1.4315,7103.8008,55,1.2929,0.0000,0.0000,0.0000,2042883.8750,11.2727,167503.3906,350.9333,216156
42,134,LosAngeles_Small,train,MAPPO,3600,10,99,78,0.7879,1.0000,0.0000,637.4615,127.4923,0.5241,2.9796,286.0000,385.5647,1240.6407,0.8676,23.7199,20.0841,981.2084,224.7569,1259.2727,125927.2734,0,0,-0.0000,0.0001,0.0000,0.0010,371,0.7879,0.2121,3.0506,1589.5255,shock_pick,0.2504,0.4721,1.5974,0.0000,1.0000,0.0000,37.8719,15,1228.4822,0.5289,1.2307,6,0,96769.9844,3.7475,0.0000,3.7475,0.7382,0.8939,0.0000,1.5359,9181.6768,78,1.5631,0.0000,0.0000,0.0000,1110041.5000,26.5556,65949.9062,443.8830,124668
42,135,LosAngeles_Medium,train,IPPO,3600,20,180,139,0.7722,1.0000,0.0000,926.2374,77.1865,0.6162,3.1176,560.2734,416.8405,2277.5059,0.8130,47.4587,45.6257,1744.3270,237.9257,4765.9609,238298.0625,0,0,-0.0003,0.2287,0.2190,0.1120,721,0.7722,0.2278,3.0580,3179.2336,shock_pick,0.1888,0.3738,1.5722,0.0000,1.0000,0.0000,104.7722,17,2441.5913,0.3062,0.9529,5,1,316573.3125,4.0056,0.0000,4.0056,0.8469,1.8387,0.0000,1.2785,12336.3389,116,1.6817,0.0000,0.0000,0.0000,4408654.0000,35.6833,726351.7500,373.3694,857873
42,135,LosAngeles_Medium,train,MAPPER,3600,20,180,123,0.6833,1.0000,0.0000,902.1870,100.2430,0.4759,3.1182,509.8537,432.3795,2187.2268,0.8580,47.4587,45.6257,1744.3270,237.9257,5115.6167,255780.8281,0,0,-0.0005,0.0833,0.0323,0.0103,709,0.6833,0.3167,3.0591,3179.2336,shock_pick,0.1844,0.3564,1.5722,0.0000,1.0000,0.0000,72.4083,17,2441.5850,0.3068,0.9877,4,1,269028.9062,3.9389,0.0000,3.9389,0.7296,1.7900,0.0000,1.2589,11000.0879,113,1.8334,0.0000,0.0000,0.0000,4901722.5000,15.9000,799114.9375,462.1987,920811
42,135,LosAngeles_Medium,train,MAPPO,3600,20,180,113,0.6278,0.9944,0.0056,953.7079,68.1220,0.7263,3.1142,518.8849,515.9259,2232.0088,0.8603,47.4587,45.6225,1741.8839,240.0613,3451.6389,172581.9375,0,0,-0.0000,0.0598,0.0000,0.0242,753,0.6313,0.3687,3.0550,3179.2336,shock_pick,0.2158,0.4008,1.5737,1.3083,0.9944,0.0000,72.4832,17,2441.6653,0.3066,1.2521,3,1,252216.9844,4.1833,0.0000,4.1833,0.6750,1.8028,0.8392,1.7307,38131.7852,172,2.0812,0.0000,0.0000,0.0000,3229208.2500,37.6889,472838.0625,602.3324,621295
42,136,Paris_Small,train,IPPO,3600,10,100,98,0.9800,1.0000,0.0000,511.7857,127.9464,0.4678,2.9724,280.4286,236.1212,1146.3564,0.8176,23.8776,21.8553,957.3233,233.7463,2457.5901,245759.0156,0,0,-0.0004,0.0832,0.2508,0.0654,334,0.9800,0.0200,3.0247,1595.0734,shock_pick,0.1469,0.2843,1.7345,0.0000,1.0000,0.0000,51.1573,15,1258.0597,0.4021,0.9753,5,1,112342.9375,3.3400,0.0000,3.3400,0.9529,0.9056,0.0000,1.1499,3017.6255,24,1.2285,0.0000,0.0000,0.0000,2146741.2500,21.3400,177089.8125,375.8461,245759
42,136,Paris_Small,train,MAPPER,3600,10,100,87,0.8700,1.0000,0.0000,578.2988,144.5747,0.4764,2.9724,282.1149,312.8222,1143.5618,0.8107,23.8776,21.8553,957.3233,233.7463,1815.6200,181562.0000,0,0,-0.0001,0.0087,0.0254,0.0027,368,0.8700,0.1300,3.0229,1595.0734,shock_pick,0.1925,0.3477,1.7345,0.0000,1.0000,0.0000,53.4026,15,1258.0216,0.4017,0.9690,5,1,99489.8750,3.6800,0.0000,3.6800,0.8378,0.8969,0.0000,1.1501,2745.9851,31,1.2074,0.0000,0.0000,0.0000,1659452.0000,12.1000,120591.2656,453.5420,181562
42,136,Paris_Small,train,MAPPO,3600,10,100,93,0.9300,1.0000,0.0000,539.8925,107.9785,0.5637,2.9688,280.2473,280.5000,1155.7321,0.8248,23.8776,21.8553,957.3233,233.7463,1663.6500,166364.9844,0,0,-0.0000,0.0006,0.0000,0.0015,353,0.9300,0.0700,3.0202,1595.0734,shock_pick,0.1817,0.3368,1.7345,0.0000,1.0000,0.0000,49.1009,15,1258.0481,0.4015,1.1411,5,1,107483.0781,3.5300,0.0000,3.5300,0.9188,0.9201,0.0000,1.2335,5178.6494,53,1.2436,0.0000,0.0000,0.0000,1507540.6250,13.3800,99188.3203,515.6597,166365
42,137,Paris_Medium,train,IPPO,3600,20,180,137,0.7611,1.0000,0.0000,869.2628,86.9263,0.5297,2.9577,580.8102,359.4233,2276.8010,0.7840,47.0371,43.3632,1974.9150,236.2673,6546.7666,327338.3438,0,0,-0.0004,0.2526,0.2134,0.1169,724,0.7611,0.2389,3.0160,3189.1838,shock_pick,0.2130,0.3925,1.6738,0.0000,1.0000,0.0000,125.4500,14,2507.2966,0.4070,0.8329,4,1,311921.7188,4.0222,0.0000,4.0222,0.7529,2.0510,0.0000,1.1073,4404.1899,60,1.2273,0.0000,0.0000,0.0000,5764174.5000,28.0667,947064.4375,502.7083,1178418
42,137,Paris_Medium,train,MAPPER,3600,20,180,116,0.6444,1.0000,0.0000,971.5517,107.9502,0.4616,2.9578,577.6207,451.5801,2343.4421,0.8114,47.0371,43.3632,1974.9150,236.2673,7674.2446,383712.2188,0,0,-0.0004,0.0937,0.0470,0.0071,731,0.6444,0.3556,3.0159,3189.1838,shock_pick,0.2423,0.4642,1.6738,0.0000,1.0000,0.0000,108.9323,14,2507.3623,0.4073,0.8669,5,1,271839.2812,4.0611,0.0000,4.0611,0.6417,2.0645,0.0000,1.1390,6725.5850,60,4.2764,0.0000,0.0000,0.0000,7407899.5000,15.9111,1222528.0000,616.0803,1381364
42,137,Paris_Medium,train,MAPPO,3600,20,180,109,0.6056,1.0000,0.0000,1007.3303,71.9522,0.7131,2.9532,557.0092,582.1470,2328.6802,0.8361,47.0371,43.3632,1974.9150,236.2673,5779.0112,288950.5625,0,0,-0.0000,0.0092,0.0000,0.0095,804,0.6056,0.3944,3.0112,3189.1838,shock_pick,0.2372,0.4549,1.6738,0.0000,1.0000,0.0000,91.2731,14,2507.4995,0.4060,1.0969,4,0,253826.1562,4.4667,0.0000,4.4667,0.6132,2.0995,0.0000,1.3530,27003.0801,149,3.5908,0.0000,0.0000,0.0000,5508041.0000,39.2778,742370.7500,1383.7614,1040222
42,138,Tokyo_Small,train,IPPO,3600,25,96,71,0.7396,1.0000,0.0000,703.4225,54.1094,0.5292,3.0211,351.9577,380.9125,1479.5001,0.8407,28.2701,24.6947,1103.9861,236.8542,4686.0210,468602.0625,0,0,-0.0005,0.5552,0.2438,0.1719,304,0.7396,0.2604,3.0437,1590.7889,shock_pick,0.2218,0.4279,1.5881,0.0000,1.0000,0.0000,56.0577,15,1233.9987,0.3738,1.1412,6,1,105044.5078,3.1667,0.0000,3.1667,0.7796,1.2228,0.0000,1.2678,6458.1934,57,2.1176,0.0000,0.0000,0.0000,4403886.5000,29.1458,386978.4062,372.8657,449858
42,138,Tokyo_Small,train,MAPPER,3600,25,96,67,0.6979,1.0000,0.0000,780.0448,55.7175,0.5677,3.0203,346.2686,476.9589,1408.4293,0.8135,28.2701,24.6947,1103.9861,236.8542,2128.7188,212871.8594,0,0,-0.0002,0.0156,0.0203,0.0036,341,0.6979,0.3021,3.0429,1590.7889,shock_pick,0.2771,0.4997,1.5881,0.0000,1.0000,0.0000,64.5828,15,1234.0211,0.3740,1.2015,4,0,94364.7656,3.5521,0.0000,3.5521,0.7163,1.1905,0.0000,1.4309,11491.8545,64,2.6008,0.0000,0.0000,0.0000,1971922.6250,17.0729,146515.5312,445.7217,204357
42,138,Tokyo_Small,train,MAPPO,3600,25,96,71,0.7396,0.9688,0.0312,641.2676,45.8048,0.5929,3.0198,323.4084,364.3418,1404.4498,0.8685,28.2701,24.6366,1104.1147,240.0814,1076.1459,107614.5859,0,0,-0.0000,0.0003,0.0000,0.0012,266,0.7634,0.2366,3.0419,1590.7889,shock_pick,0.2192,0.4006,1.5922,1.4620,0.9688,0.0000,42.5185,15,1233.9708,0.3736,1.2679,4,1,99715.9375,2.7708,0.0000,2.7708,0.7101,1.1138,2.5459,1.4112,11742.6211,77,3.2658,0.0000,0.0000,0.0000,925541.4375,13.0833,40594.7305,502.6815,103310
42,139,Tokyo_Medium,train,IPPO,3600,50,177,121,0.6836,1.0000,0.0000,942.1570,29.4424,0.6447,3.0059,552.5372,468.3427,2329.2908,0.8431,57.3644,55.0530,1873.0156,254.2054,14810.3672,740518.3125,0,0,-0.0004,0.2142,0.2118,0.1076,615,0.6836,0.3164,3.0157,3182.7642,shock_pick,0.2335,0.4480,1.6434,0.0000,1.0000,0.0000,86.6790,17,2467.0288,0.3939,0.9132,5,0,281844.1875,3.4746,0.0000,3.4746,0.7019,2.0385,0.0000,1.1638,11729.1201,107,2.5628,0.0000,0.0000,0.0000,14368895.0000,39.4350,2455930.5000,493.5837,2621435
42,139,Tokyo_Medium,train,MAPPER,3600,50,177,100,0.5650,0.9944,0.0056,952.6700,30.7313,0.6221,3.0072,563.9800,474.1176,2319.4573,0.8225,57.3644,55.0530,1872.1771,257.0779,6682.0112,334100.5625,0,0,-0.0004,0.0470,0.0320,0.0040,594,0.5682,0.4318,3.0160,3182.7642,shock_pick,0.2483,0.4858,1.6502,0.4391,0.9944,0.0000,100.0885,17,2466.8657,0.3945,1.1490,4,0,231945.7344,3.3559,0.0000,3.3559,0.5436,1.9103,0.6620,1.6402,28557.1543,142,2.5683,0.0000,0.0000,0.0000,6461579.0000,22.3729,1039847.0625,586.7402,1182716
42,139,Tokyo_Medium,train,MAPPO,3600,50,177,92,0.5198,0.8814,0.1186,1014.4022,28.9829,0.7121,3.0054,538.3370,547.0000,2291.7368,0.8514,57.3644,54.9664,1847.8552,274.7401,4216.1074,210805.3750,0,0,-0.0000,0.0002,0.0000,0.0013,539,0.5897,0.4103,3.0149,3182.7642,shock_pick,0.2380,0.4683,1.6910,1.2892,0.8814,0.0000,79.9896,17,2467.1914,0.3939,1.3250,3,0,210839.7812,3.0452,0.0000,3.0452,0.5117,1.9546,34.4116,1.6271,37389.0156,178,5.4381,0.0000,0.0000,0.0000,3984598.7500,42.5819,400516.4375,1721.7960,746251
42,140,LosAngeles_Small,train,IPPO,3600,25,98,80,0.8163,1.0000,0.0000,691.3875,53.1837,0.5341,3.0652,317.4000,383.1977,1330.0349,0.8381,23.2737,20.6601,1008.0950,216.9621,4790.1836,479018.3750,0,0,-0.0003,0.3100,0.2233,0.1251,384,0.8163,0.1837,3.0290,1593.0873,shock_pick,0.2075,0.3791,1.7285,0.0000,1.0000,0.0000,51.3930,16,1226.5294,0.3924,1.1663,5,1,106402.7891,3.9184,0.0000,3.9184,0.7962,1.1090,0.0000,1.3970,6894.8848,75,2.1605,0.0000,0.0000,0.0000,4447208.0000,37.4388,397290.9688,393.2210,469438
42,140,LosAngeles_Small,train,MAPPER,3600,25,98,71,0.7245,0.9490,0.0510,781.8873,55.8491,0.5979,3.0647,324.5775,478.1842,1334.7026,0.8224,23.2737,20.4879,996.4951,223.1816,1908.7653,190876.5312,0,0,-0.0006,0.1052,0.0276,0.0040,276,0.7634,0.2366,3.0292,1593.0873,shock_pick,0.1901,0.3532,1.7067,2.1322,0.9490,0.0000,57.6369,16,1226.4880,0.3922,1.3826,4,1,94763.8906,2.8163,0.0000,2.8163,0.6874,1.0789,9.6335,1.6963,13066.1387,99,2.6107,0.0000,0.0000,0.0000,1760899.3750,19.8163,123669.8203,498.9647,187059
42,140,LosAngeles_Small,train,MAPPO,3600,25,98,77,0.7857,0.9286,0.0714,712.1169,47.4745,0.6016,3.0656,308.8571,407.4430,1317.1154,0.8529,23.2737,20.5094,1007.9481,229.3041,1006.0510,100605.1016,0,0,0.0000,0.0001,0.0000,0.0008,270,0.8462,0.1538,3.0297,1593.0873,shock_pick,0.1771,0.3288,1.7112,1.9527,0.9286,0.0000,45.4341,16,1226.5747,0.3924,1.3275,4,1,101417.8828,2.7551,0.0000,2.7551,0.7583,1.0974,12.2348,1.7312,12821.1650,101,2.5531,0.0000,0.0000,0.0000,864804.6250,14.7449,25624.2871,603.3343,98593
42,141,LosAngeles_Medium,train,IPPO,3600,50,179,128,0.7151,1.0000,0.0000,890.1562,29.6719,0.6122,3.1059,548.2969,393.7815,2334.4866,0.8515,47.3858,44.2593,1956.9926,225.9695,13236.3516,661817.5625,0,0,-0.0003,0.1664,0.2096,0.0946,666,0.7151,0.2849,3.0381,3186.5400,shock_pick,0.2031,0.3776,1.5975,0.0000,1.0000,0.0000,81.3996,18,2444.8718,0.3196,1.0797,4,1,298814.2812,3.7207,0.0000,3.7207,0.7034,1.8324,0.0000,1.4014,19559.4297,145,1.9085,0.0000,0.0000,0.0000,12805140.0000,48.3296,2209967.5000,458.9548,2369307
42,141,LosAngeles_Medium,train,MAPPER,3600,50,179,119,0.6648,1.0000,0.0000,953.0336,31.7678,0.6035,3.1064,575.7815,426.0461,2460.2542,0.8546,47.3858,44.2593,1956.9926,225.9695,5419.7822,270989.0938,0,0,-0.0005,0.0387,0.0347,0.0075,591,0.6648,0.3352,3.0389,3186.5400,shock_pick,0.2055,0.3850,1.5975,0.0000,1.0000,0.0000,83.7307,18,2444.8633,0.3198,1.0893,3,0,292770.2500,3.3017,0.0000,3.3017,0.6557,1.8374,0.0000,1.3722,16798.0625,128,2.0184,0.0000,0.0000,0.0000,5196032.5000,32.7486,830972.8750,553.7282,970141
42,141,LosAngeles_Medium,train,MAPPO,3600,50,179,116,0.6480,0.8883,0.1117,896.8448,28.0264,0.6582,3.1055,569.2586,405.6489,2477.3586,0.8704,45.6593,43.0972,1913.0901,241.1445,2010.3799,100518.9922,0,0,0.0000,0.0001,0.0000,0.0010,514,0.7296,0.2704,3.0375,3186.5400,shock_pick,0.2060,0.3878,1.6594,1.1056,0.8883,0.0000,73.7869,18,2444.9097,0.3196,1.1368,3,0,287373.5938,2.8715,0.0000,2.8715,0.6502,1.8690,30.8152,1.3703,19009.3262,175,2.3030,0.0000,0.0000,0.0000,1780186.8750,31.5140,177542.3906,788.3318,359858
42,142,Paris_Small,train,IPPO,3600,25,97,83,0.8557,1.0000,0.0000,513.9759,46.7251,0.4657,2.9816,286.1084,259.2418,1143.4808,0.7993,23.1934,21.4195,929.0115,229.1556,5782.6909,578269.1250,0,0,-0.0002,0.0668,0.2380,0.0579,349,0.8557,0.1443,3.0320,1590.8358,shock_pick,0.2430,0.4542,1.6388,0.0000,1.0000,0.0000,57.4123,14,1250.9097,0.4137,1.2533,6,1,94908.9141,3.5979,0.0000,3.5979,0.8800,1.0874,0.0000,1.2445,6469.4956,54,2.0548,0.0000,0.0000,0.0000,5508315.0000,30.7320,488686.5625,470.3116,560921
42,142,Paris_Small,train,MAPPER,3600,25,97,77,0.7938,1.0000,0.0000,542.6364,41.7413,0.5263,2.9795,284.9870,288.9756,1193.6609,0.8377,23.1934,21.4195,929.0115,229.1556,2555.4741,255547.4219,0,0,-0.0001,0.0401,0.0291,0.0023,330,0.7938,0.2062,3.0304,1590.8358,shock_pick,0.2299,0.4230,1.6388,0.0000,1.0000,0.0000,46.2548,14,1250.9301,0.4136,1.2377,5,0,91911.8906,3.4021,0.0000,3.4021,0.8402,1.1191,0.0000,1.3664,6972.6943,64,2.6044,0.0000,0.0000,0.0000,2370992.5000,17.6082,169026.1250,628.4575,247881
42,142,Paris_Small,train,MAPPO,3600,25,97,81,0.8351,1.0000,0.0000,505.2469,42.1039,0.4905,2.9814,287.1358,225.7976,1166.0117,0.8122,23.1934,21.4195,929.0115,229.1556,1031.7732,103177.3203,0,0,0.0000,0.0001,0.0000,0.0011,348,0.8351,0.1649,3.0322,1590.8358,shock_pick,0.2119,0.3960,1.6388,0.0000,1.0000,0.0000,53.9335,14,1250.9619,0.4138,1.3037,5,1,94446.9531,3.5876,0.0000,3.5876,0.8529,1.0800,0.0000,1.3543,7726.1992,62,2.0243,0.0000,0.0000,0.0000,878659.8125,6.7113,31732.9414,551.5181,100082
42,143,Paris_Medium,train,IPPO,3600,50,179,136,0.7598,1.0000,0.0000,896.5735,29.8858,0.6101,2.9850,586.2573,375.8365,2368.0774,0.8079,46.4602,42.1219,2007.3884,241.1310,13356.4639,667823.1875,0,0,-0.0002,0.0994,0.2058,0.0703,655,0.7598,0.2402,3.0110,3180.8523,shock_pick,0.1909,0.3767,1.5884,0.0000,1.0000,0.0000,112.6418,15,2498.3870,0.4228,0.9360,5,0,322058.5312,3.6592,0.0000,3.6592,0.7828,2.0783,0.0000,1.2013,9483.0811,98,2.1505,0.0000,0.0000,0.0000,12662199.0000,43.0447,2174688.5000,513.1041,2390807
42,143,Paris_Medium,train,MAPPER,3600,50,179,122,0.6816,1.0000,0.0000,938.0574,31.2686,0.6051,2.9845,575.4754,420.6691,2413.4707,0.8388,46.4602,42.1219,2007.3884,241.1310,6411.4858,320574.2812,0,0,-0.0002,0.0203,0.0317,0.0062,633,0.6816,0.3184,3.0105,3180.8523,shock_pick,0.1995,0.3699,1.5884,0.0000,1.0000,0.0000,92.7812,15,2498.4575,0.4229,0.9584,3,1,294443.4375,3.5363,0.0000,3.5363,0.6996,2.0705,0.0000,1.2060,11789.1455,93,2.4055,0.0000,0.0000,0.0000,6141646.5000,24.5028,975099.3125,694.1667,1147656
42,143,Paris_Medium,train,MAPPO,3600,50,179,127,0.7095,0.9441,0.0559,910.7244,26.7860,0.6906,2.9830,572.9764,420.2055,2423.3440,0.8459,46.4602,42.1219,2000.5648,248.8810,3044.3018,152215.0781,0,0,0.0000,0.0001,0.0000,0.0011,553,0.7515,0.2485,3.0095,3180.8523,shock_pick,0.1657,0.3238,1.5700,1.8987,0.9441,0.0000,88.3076,15,2498.4973,0.4225,1.0567,4,1,307764.6875,3.0894,0.0000,3.0894,0.7357,2.0917,28.2916,1.2399,13470.0664,139,3.0352,0.0000,0.0000,0.0000,2768975.0000,39.5196,293516.2500,1129.2214,544930
42,144,Tokyo_Small,train,IPPO,3600,7,98,85,0.8673,1.0000,0.0000,650.7882,216.9294,0.5269,3.0576,312.9294,352.6483,1211.1190,0.7741,29.1356,26.7867,958.7590,244.9173,1774.0817,177408.1562,0,0,-0.0003,0.1252,0.2111,0.0818,393,0.8673,0.1327,3.0795,1729.2842,wave,0.2278,0.4184,1.5699,0.0000,1.0000,0.0000,70.7056,15,1347.2675,0.1585,1.1323,6,1,102945.1094,4.0102,0.0000,4.0102,0.8847,0.9269,0.0000,1.3167,7408.9116,66,1.4754,0.0000,0.0000,0.0000,1553127.1250,25.0102,115602.7578,373.5090,173860
42,144,Tokyo_Small,train,MAPPER,3600,7,98,74,0.7551,1.0000,0.0000,680.1486,226.7162,0.5705,3.0595,299.9595,393.8987,1204.8662,0.8034,29.1356,26.7867,958.7590,244.9173,1785.3673,178536.7344,0,0,-0.0002,0.0172,0.0320,0.0026,343,0.7551,0.2449,3.0805,1729.2842,wave,0.2153,0.4191,1.5699,0.0000,1.0000,0.0000,58.9862,15,1347.2716,0.1582,1.1838,6,1,89160.1016,3.5000,0.0000,3.5000,0.7737,0.9311,0.0000,1.3648,8268.3877,63,1.1559,0.0000,0.0000,0.0000,1660361.7500,12.5204,123883.7266,396.2440,174966
42,144,Tokyo_Small,train,MAPPO,3600,7,98,79,0.8061,0.9898,0.0102,668.1899,167.0475,0.7032,3.0545,280.9747,431.0805,1202.0527,0.8556,29.1356,26.7867,957.2105,249.1175,1076.5817,107658.1641,0,0,-0.0000,0.0001,0.0000,0.0012,331,0.8144,0.1856,3.0784,1729.2842,wave,0.2080,0.4100,1.5717,1.3941,0.9898,0.0000,40.5641,15,1347.2811,0.1591,1.2976,6,0,94962.1719,3.3776,0.0000,3.3776,0.8129,0.9164,1.4021,1.4896,14044.8721,107,1.4953,0.0000,0.0000,0.0000,950341.5000,20.6020,44822.6797,492.9688,105505
42,145,Tokyo_Medium,train,IPPO,3600,14,176,128,0.7273,1.0000,0.0000,919.2734,131.3248,0.5066,3.0739,560.7734,440.1579,2169.8005,0.7739,57.7077,53.0923,1802.3779,252.6564,4130.3691,206518.4688,0,0,-0.0002,0.1129,0.2004,0.0763,679,0.7273,0.2727,3.1200,3460.0803,wave,0.2414,0.4724,1.6328,0.0000,1.0000,0.0000,126.8133,15,2699.2375,0.1800,0.9679,5,1,277734.4688,3.8580,0.0000,3.8580,0.7490,1.8687,0.0000,1.3867,18279.1133,109,1.2518,0.0000,0.0000,0.0000,3662080.7500,29.8977,580011.7500,366.5622,726945
42,145,Tokyo_Medium,train,MAPPER,3600,14,176,115,0.6534,1.0000,0.0000,857.4435,122.4919,0.5507,3.0755,484.3478,459.6269,2053.7632,0.8481,57.7077,53.0923,1802.3779,252.6564,3922.4658,196123.2969,0,0,-0.0005,0.1122,0.0423,0.0169,642,0.6534,0.3466,3.1197,3460.0803,wave,0.2355,0.4473,1.6328,0.0000,1.0000,0.0000,73.5952,15,2699.1028,0.1790,1.0333,4,1,236182.7656,3.6477,0.0000,3.6477,0.6230,1.7301,0.0000,1.3256,13899.0156,120,1.4558,0.0000,0.0000,0.0000,3745529.7500,16.2727,580650.2500,446.3836,690354
42,145,Tokyo_Medium,train,MAPPO,3600,14,176,110,0.6250,1.0000,0.0000,933.1273,116.6409,0.5924,3.0705,490.9182,575.6594,2090.8665,0.8518,57.7077,53.0923,1802.3779,252.6564,3343.5398,167176.9844,0,0,0.0000,0.0004,0.0000,0.0020,735,0.6250,0.3750,3.1191,3460.0803,wave,0.2564,0.4996,1.6328,0.0000,1.0000,0.0000,72.7449,15,2699.2251,0.1813,1.1229,5,0,229995.2969,4.1761,0.0000,4.1761,0.6287,1.8253,0.0000,1.4621,24244.0332,154,1.7311,0.0000,0.0000,0.0000,3164549.0000,26.6250,454184.3125,583.9589,588463
42,146,LosAngeles_Small,train,IPPO,3600,7,95,87,0.9158,1.0000,0.0000,613.1494,306.5747,0.4188,3.0705,280.0919,358.6882,1107.9227,0.7911,23.5144,20.9998,855.5822,249.1276,1703.9474,170394.7500,0,0,-0.0004,0.0795,0.2093,0.0644,377,0.9158,0.0842,3.1250,1729.4725,wave,0.2563,0.4905,1.6466,0.0000,1.0000,0.0000,58.5074,16,1348.4208,0.2385,1.2403,7,0,96389.2734,3.9684,0.0000,3.9684,0.9146,0.8892,0.0000,1.4958,11708.1572,68,1.0310,0.0000,0.0000,0.0000,1396473.3750,24.6316,103044.5703,311.7959,161875
42,146,LosAngeles_Small,train,MAPPER,3600,7,95,74,0.7789,1.0000,0.0000,671.7432,167.9358,0.5975,3.0708,302.1892,455.2716,1142.9977,0.7565,23.5144,20.9998,855.5822,249.1276,1761.0316,176103.1562,0,0,-0.0008,0.0255,0.0205,0.0074,366,0.7789,0.2211,3.1252,1729.4725,wave,0.2563,0.4782,1.6466,0.0000,1.0000,0.0000,73.5896,16,1348.4039,0.2391,1.2881,6,1,84581.8281,3.8526,0.0000,3.8526,0.8012,0.9157,0.0000,1.6981,13214.4619,66,1.1492,0.0000,0.0000,0.0000,1636908.0000,10.7579,123032.0938,341.8349,167298
42,146,LosAngeles_Small,train,MAPPO,3600,7,95,86,0.9053,1.0000,0.0000,695.6047,173.9012,0.5728,3.0660,266.4535,449.5506,1145.5881,0.8599,23.5144,20.9998,855.5822,249.1276,1045.7579,104575.7891,0,0,0.0000,0.0001,0.0000,0.0009,384,0.9053,0.0947,3.1228,1729.4725,wave,0.1698,0.3214,1.6466,0.0000,1.0000,0.0000,37.3359,16,1348.4972,0.2387,1.3651,5,1,98520.5781,4.0421,0.0000,4.0421,0.9080,0.8929,0.0000,1.7013,16075.0039,103,1.2606,0.0000,0.0000,0.0000,924950.3125,21.3895,47013.9922,430.0676,99347
42,147,LosAngeles_Medium,train,IPPO,3600,14,180,139,0.7722,1.0000,0.0000,921.6763,115.2095,0.6150,3.1016,569.4820,468.4615,2304.9612,0.8095,47.6466,44.4570,1920.7266,242.5775,3680.1833,184009.1719,0,0,-0.0003,0.1045,0.1843,0.0728,736,0.7722,0.2278,3.1368,3458.3606,wave,0.2296,0.4280,1.5929,0.0000,1.0000,0.0000,108.4897,16,2676.1738,0.2209,0.9436,5,1,320389.5938,4.0889,0.0000,4.0889,0.7249,1.7514,0.0000,1.3566,16022.4141,138,1.2103,0.0000,0.0000,0.0000,3311263.0000,34.8556,536159.5000,332.6019,662433
42,147,LosAngeles_Medium,train,MAPPER,3600,14,180,116,0.6444,1.0000,0.0000,943.2931,157.2155,0.4418,3.1056,579.3448,416.2782,2349.1687,0.8110,47.6466,44.4570,1920.7266,242.5775,3802.8167,190140.8281,0,0,-0.0008,0.0870,0.0360,0.0153,724,0.6444,0.3556,3.1382,3458.3606,wave,0.2241,0.4184,1.5929,0.0000,1.0000,0.0000,109.5111,16,2675.9744,0.2199,0.9346,4,1,272503.5625,4.0222,0.0000,4.0222,0.6770,1.9599,0.0000,1.2592,9719.2266,119,1.2294,0.0000,0.0000,0.0000,3628918.5000,14.8778,582404.1250,393.3433,684507
42,147,LosAngeles_Medium,train,MAPPO,3600,14,180,123,0.6833,1.0000,0.0000,1005.5772,111.7308,0.6767,3.0989,562.0081,542.5867,2353.6155,0.8376,47.6466,44.4570,1920.7266,242.5775,2318.2500,115912.5000,0,0,-0.0000,0.0001,0.0000,0.0010,765,0.6833,0.3167,3.1356,3458.3606,wave,0.2389,0.4402,1.5929,0.0000,1.0000,0.0000,91.2850,16,2676.1475,0.2220,1.1525,4,0,289494.7188,4.2500,0.0000,4.2500,0.6798,1.8561,0.0000,1.5410,24170.3770,180,1.9350,0.0000,0.0000,0.0000,2127437.7500,28.6667,286453.1562,536.0338,417285
42,148,Paris_Small,train,IPPO,3600,7,99,84,0.8485,1.0000,0.0000,620.5595,206.8532,0.4665,3.0282,302.6071,326.7935,1177.1989,0.7780,24.1074,23.1113,937.5067,243.7801,2239.6060,223960.5938,0,0,-0.0003,0.1094,0.2120,0.0750,367,0.8485,0.1515,3.0649,1729.4033,wave,0.1905,0.3499,1.7326,0.0000,1.0000,0.0000,67.1674,14,1365.1450,0.2506,1.0912,5,1,98884.7031,3.7071,0.0000,3.7071,0.8776,1.1374,0.0000,1.2579,4694.3037,53,1.1539,0.0000,0.0000,0.0000,1995622.1250,26.3838,155571.8750,424.1917,221721
42,148,Paris_Small,train,MAPPER,3600,7,99,82,0.8283,1.0000,0.0000,649.2073,162.3018,0.5728,3.0273,271.3293,383.9302,1125.9498,0.8300,24.1074,23.1113,937.5067,243.7801,2074.3940,207439.3906,0,0,-0.0008,0.1259,0.0262,0.0122,350,0.8283,0.1717,3.0635,1729.4033,wave,0.2463,0.4424,1.7326,0.0000,1.0000,0.0000,46.1393,14,1365.1300,0.2503,0.9600,5,1,92327.8828,3.5354,0.0000,3.5354,0.7962,1.0570,0.0000,1.1614,3293.6689,39,1.3426,0.0000,0.0000,0.0000,1938716.0000,14.4242,138430.8594,540.4272,205365
42,148,Paris_Small,train,MAPPO,3600,7,99,90,0.9091,1.0000,0.0000,530.6111,176.8704,0.5179,3.0279,272.2333,268.8210,1138.8914,0.8367,24.1074,23.1113,937.5067,243.7801,1219.7778,121977.7812,0,0,-0.0000,0.0001,0.0000,0.0010,350,0.9091,0.0909,3.0647,1729.4033,wave,0.1756,0.3220,1.7326,0.0000,1.0000,0.0000,44.4551,14,1365.1241,0.2505,1.2040,5,1,102500.2188,3.5354,0.0000,3.5354,0.9388,1.1355,0.0000,1.4689,7378.2056,55,1.2174,0.0000,0.0000,0.0000,1097167.6250,10.0909,54978.4336,541.8319,120758
42,149,Paris_Medium,train,IPPO,3600,14,172,138,0.8023,1.0000,0.0000,940.3986,117.5498,0.5769,3.0506,553.2319,437.2683,2149.3967,0.7770,47.6040,44.6690,1883.7141,227.9314,8194.5752,409728.7812,0,0,-0.0003,0.1725,0.1945,0.0952,652,0.8023,0.1977,3.0707,3457.9192,wave,0.2374,0.4511,1.7042,0.0000,1.0000,0.0000,123.3525,14,2728.3879,0.1760,0.9037,5,0,296616.7500,3.7907,0.0000,3.7907,0.7869,2.0882,0.0000,1.2665,9821.5381,95,1.2940,0.0000,0.0000,0.0000,5187155.5000,31.3779,793071.8750,576.2753,1409467
42,149,Paris_Medium,train,MAPPER,3600,14,172,123,0.7151,1.0000,0.0000,849.7642,141.6274,0.4487,3.0547,525.8862,364.8015,2158.3784,0.8209,47.6040,44.6690,1883.7141,227.9314,5748.4243,287421.2188,0,0,-0.0005,0.0342,0.0371,0.0068,656,0.7151,0.2849,3.0714,3457.9192,wave,0.2084,0.3879,1.7042,0.0000,1.0000,0.0000,94.2105,14,2728.1177,0.1750,0.8478,4,1,265480.5312,3.8140,0.0000,3.8140,0.6467,1.9255,0.0000,1.1817,6522.9839,81,1.2574,0.0000,0.0000,0.0000,5536431.5000,13.8488,842996.4375,635.2925,988729
42,149,Paris_Medium,train,MAPPO,3600,14,172,114,0.6628,1.0000,0.0000,900.2105,112.5263,0.5986,3.0468,522.1053,484.3094,2176.7395,0.8338,47.6040,44.6690,1883.7141,227.9314,3385.4592,169272.9688,0,0,-0.0000,0.0011,0.0000,0.0032,710,0.6628,0.3372,3.0699,3457.9192,wave,0.1760,0.3424,1.7042,0.0000,1.0000,0.0000,86.7574,14,2728.2634,0.1772,0.9262,3,1,248148.3125,4.1279,0.0000,4.1279,0.6409,2.0589,0.0000,1.2249,11929.2832,111,1.7436,0.0000,0.0000,0.0000,3155398.7500,28.9419,401416.6250,821.5873,582299
42,150,Tokyo_Small,train,IPPO,3600,10,98,79,0.8061,1.0000,0.0000,675.6076,168.9019,0.4823,3.0458,329.1393,397.4456,1235.9939,0.7510,29.1643,25.2556,955.1371,245.8078,2058.5613,205856.1250,0,0,-0.0003,0.1182,0.2040,0.0785,363,0.8061,0.1939,3.0898,1729.0895,wave,0.2949,0.6239,1.6900,0.0000,1.0000,0.0000,81.9405,14,1348.5466,0.1950,1.1292,9,0,97643.5234,3.7041,0.0000,3.7041,0.8277,1.1661,0.0000,1.3599,7079.9458,69,1.2662,0.0000,0.0000,0.0000,1840323.1250,23.5816,149478.5938,315.0332,201739
42,150,Tokyo_Small,train,MAPPER,3600,10,98,66,0.6735,1.0000,0.0000,750.3030,150.0606,0.5519,3.0462,309.9546,494.0127,1284.9727,0.8291,29.1643,25.2556,955.1371,245.8078,2001.8673,200186.7500,0,0,-0.0000,0.0016,0.0210,0.0025,375,0.6735,0.3265,3.0893,1729.0895,wave,0.1870,0.3630,1.6900,0.0000,1.0000,0.0000,52.9600,14,1348.5328,0.1947,1.4203,4,1,84808.2031,3.8265,0.0000,3.8265,0.7079,1.1938,0.0000,1.5073,10055.2715,73,1.3476,0.0000,0.0000,0.0000,1875783.1250,16.1633,140907.3125,437.9553,196183
42,150,Tokyo_Small,train,MAPPO,3600,10,98,76,0.7755,0.9898,0.0102,647.1711,129.4342,0.5559,3.0419,299.0921,384.0000,1263.0211,0.8446,29.1643,25.2556,954.1989,247.8604,1439.4387,143943.8750,0,0,-0.0000,0.0004,0.0000,0.0012,308,0.7835,0.2165,3.0870,1729.0895,wave,0.2368,0.4292,1.6784,2.8199,0.9898,0.0000,46.4879,14,1348.6378,0.1954,1.3491,4,0,95989.6094,3.1429,0.0000,3.1429,0.8141,1.1922,1.8774,1.5268,13677.8213,92,1.4154,0.0000,0.0000,0.0000,1301590.1250,19.9184,77109.1719,514.7635,141065
42,151,Tokyo_Medium,train,IPPO,3600,20,181,142,0.7845,1.0000,0.0000,965.5141,107.2793,0.4901,3.0913,555.3310,473.7750,2067.7224,0.7447,57.7592,55.1461,1715.2294,263.1680,5709.6079,285480.3750,0,0,-0.0003,0.1878,0.1851,0.0989,702,0.7845,0.2155,3.1159,3458.7676,wave,0.2761,0.5173,1.5594,0.0000,1.0000,0.0000,141.7865,15,2697.3274,0.1692,0.9956,6,0,293616.5625,3.8785,0.0000,3.8785,0.7655,1.6796,0.0000,1.4132,19590.2461,117,1.2796,0.0000,0.0000,0.0000,5348033.5000,29.2155,894044.4375,408.5648,1033439
42,151,Tokyo_Medium,train,MAPPER,3600,20,181,118,0.6519,1.0000,0.0000,875.8898,97.3211,0.4612,3.0923,497.7119,471.3212,2065.5486,0.8300,57.7592,55.1461,1715.2294,263.1680,6445.9834,322299.1562,0,0,-0.0002,0.0249,0.0238,0.0068,673,0.6519,0.3481,3.1155,3458.7676,wave,0.2516,0.4827,1.5594,0.0000,1.0000,0.0000,84.6021,15,2697.3162,0.1689,1.0162,5,0,243734.7344,3.7182,0.0000,3.7182,0.6248,1.6496,0.0000,1.4087,19838.7207,108,1.6423,0.0000,0.0000,0.0000,6261172.5000,16.0718,1042345.4375,502.3609,1166723
42,151,Tokyo_Medium,train,MAPPO,3600,20,181,104,0.5746,1.0000,0.0000,990.8077,76.2160,0.6815,3.0862,486.5000,639.1526,2052.5171,0.8438,57.7592,55.1461,1715.2294,263.1680,4196.7568,209837.8438,0,0,0.0000,0.0393,0.0000,0.0183,786,0.5746,0.4254,3.1141,3458.7676,wave,0.3128,0.5852,1.5594,0.0000,1.0000,0.0000,75.9966,15,2697.4998,0.1710,1.2139,5,0,213461.7812,4.3425,0.0000,4.3425,0.5353,1.6037,0.0000,1.5276,33332.5000,170,2.7701,0.0000,0.0000,0.0000,4001296.0000,36.2099,598105.0625,696.8507,759613
42,152,LosAngeles_Small,train,IPPO,3600,10,98,80,0.8163,1.0000,0.0000,717.5125,143.5025,0.5164,3.0471,297.9125,481.6923,1247.8174,0.8377,22.5126,21.3726,887.2633,264.9774,1978.1632,197816.3281,0,0,-0.0003,0.0562,0.1960,0.0523,396,0.8163,0.1837,3.1048,1729.0569,wave,0.2125,0.3913,1.6504,0.0000,1.0000,0.0000,48.3490,14,1338.9353,0.2599,1.2403,5,1,99825.3906,4.0408,0.0000,4.0408,0.8436,0.9794,0.0000,1.6172,11441.0742,84,1.5879,0.0000,0.0000,0.0000,1769801.2500,27.6327,138104.2812,360.5758,193860
42,152,LosAngeles_Small,train,MAPPER,3600,10,98,78,0.7959,1.0000,0.0000,696.2692,139.2538,0.5793,3.0490,288.3718,433.6941,1213.8297,0.8419,22.5126,21.3726,887.2633,264.9774,2061.8774,206187.7500,0,0,-0.0000,0.0079,0.0183,0.0021,368,0.7959,0.2041,3.1061,1729.0569,wave,0.2829,0.5122,1.6504,0.0000,1.0000,0.0000,45.6059,14,1338.8748,0.2599,1.2480,6,1,94678.7109,3.7551,0.0000,3.7551,0.8502,1.0125,0.0000,1.5003,8242.5156,95,1.4053,0.0000,0.0000,0.0000,1931589.3750,9.6020,149565.4688,405.4131,202064
42,152,LosAngeles_Small,train,MAPPO,3600,10,98,68,0.6939,1.0000,0.0000,704.1177,117.3529,0.6725,3.0435,276.2647,488.8518,1179.0262,0.8535,22.5126,21.3726,887.2633,264.9774,1877.2858,187728.5781,0,0,0.0000,0.0003,0.0000,0.0010,375,0.6939,0.3061,3.1033,1729.0569,wave,0.2500,0.4547,1.6504,0.0000,1.0000,0.0000,40.4595,14,1338.9656,0.2601,1.3875,4,0,80173.7812,3.8265,0.0000,3.8265,0.7058,0.9641,0.0000,2.0916,22536.7090,108,1.7438,0.0000,0.0000,0.0000,1741251.7500,26.3265,108624.5078,632.8400,183974
42,153,LosAngeles_Medium,train,IPPO,3600,20,180,138,0.7667,1.0000,0.0000,926.1377,84.1943,0.5516,3.0954,555.4276,420.3827,2219.5010,0.7992,47.4214,44.6856,1775.4382,226.0967,5360.9277,268046.3750,0,0,-0.0003,0.2417,0.1832,0.1117,694,0.7667,0.2333,3.1475,3458.6738,wave,0.2290,0.4370,1.6790,0.0000,1.0000,0.0000,111.5273,20,2675.6377,0.1479,0.9158,6,0,306291.1250,3.8556,0.0000,3.8556,0.8000,1.9504,0.0000,1.3108,13533.4805,144,1.4063,0.0000,0.0000,0.0000,5015902.5000,30.4278,835110.3125,376.4036,964967
42,153,LosAngeles_Medium,train,MAPPER,3600,20,180,112,0.6222,1.0000,0.0000,995.9643,99.5964,0.5057,3.0994,551.4375,512.6124,2190.2793,0.7944,47.4214,44.6856,1775.4382,226.0967,5452.7554,272637.7812,0,0,-0.0011,0.2033,0.0267,0.0169,702,0.6222,0.3778,3.1481,3458.6738,wave,0.1680,0.3317,1.6790,0.0000,1.0000,0.0000,113.3817,20,2675.6086,0.1446,1.1361,3,1,245311.2812,3.9000,0.0000,3.9000,0.6369,1.9134,0.0000,1.4989,17603.6699,166,1.7256,0.0000,0.0000,0.0000,5274550.5000,19.7944,860378.5000,494.6726,981496
42,153,LosAngeles_Medium,train,MAPPO,3600,20,180,107,0.5944,0.9944,0.0056,1000.4205,76.9554,0.6741,3.0932,515.6262,603.7629,2214.1958,0.8588,47.4214,44.6856,1768.4478,227.0375,4089.8279,204491.3906,0,0,0.0000,0.0012,0.0000,0.0030,763,0.5978,0.4022,3.1460,3458.6738,wave,0.1986,0.3843,1.6814,1.2500,0.9944,0.0000,72.7870,20,2675.7422,0.1487,1.1835,3,0,236918.9375,4.2389,0.0000,4.2389,0.6091,1.9154,3.0885,1.5614,25592.7305,184,9.9193,0.0000,0.0000,0.0000,3909260.7500,32.7056,567506.2500,756.4507,736169
42,154,Paris_Small,train,IPPO,3600,10,96,89,0.9271,1.0000,0.0000,524.5843,174.8614,0.3902,3.0273,274.2135,260.6277,1077.0732,0.7856,23.9062,21.5909,880.8955,226.4531,2703.6875,270368.7500,0,0,-0.0002,0.0700,0.2100,0.0594,348,0.9271,0.0729,3.0557,1729.9578,wave,0.2340,0.4522,1.6973,0.0000,1.0000,0.0000,58.7988,15,1361.0233,0.1777,1.0767,7,1,95859.5234,3.6250,0.0000,3.6250,0.9158,0.8538,0.0000,1.2345,4225.9702,40,1.5093,0.0000,0.0000,0.0000,2434006.2500,22.2500,194706.0312,405.8206,259554
42,154,Paris_Small,train,MAPPER,3600,10,96,77,0.8021,1.0000,0.0000,614.7532,153.6883,0.4601,3.0264,290.9610,343.3457,1099.0225,0.7554,23.9062,21.5909,880.8955,226.4531,1979.0209,197902.0781,0,0,-0.0003,0.0335,0.0198,0.0036,374,0.8021,0.1979,3.0550,1729.9578,wave,0.2259,0.4080,1.6973,0.0000,1.0000,0.0000,71.1565,15,1360.9845,0.1775,1.0248,5,1,84624.7344,3.8958,0.0000,3.8958,0.8278,0.8920,0.0000,1.2327,3957.8176,44,1.4763,0.0000,0.0000,0.0000,1835210.1250,11.9271,126321.4844,519.3637,189986
42,154,Paris_Small,train,MAPPO,3600,10,96,82,0.8542,1.0000,0.0000,552.0122,110.4024,0.5350,3.0214,256.1829,325.7667,1068.2880,0.8340,23.9062,21.5909,880.8955,226.4531,1753.3541,175335.4219,0,0,0.0000,0.0003,0.0000,0.0015,360,0.8542,0.1458,3.0531,1729.9578,wave,0.2000,0.3650,1.6973,0.0000,1.0000,0.0000,42.5253,15,1361.1152,0.1784,1.1025,5,1,87599.6094,3.7500,0.0000,3.7500,0.8430,0.8530,0.0000,1.2544,5675.7490,53,1.3428,0.0000,0.0000,0.0000,1626501.1250,17.5104,88902.7266,700.4330,168322
42,155,Paris_Medium,train,IPPO,3600,20,177,137,0.7740,1.0000,0.0000,837.5182,83.7518,0.5443,3.0246,533.3138,364.4753,2101.8945,0.7882,45.5398,41.3303,1847.7340,246.2302,6813.9829,340699.1562,0,0,-0.0002,0.0960,0.1921,0.0694,639,0.7740,0.2260,3.0660,3459.9302,wave,0.2524,0.4980,1.5991,0.0000,1.0000,0.0000,112.9349,15,2729.9700,0.1930,0.8562,7,0,287959.5625,3.6102,0.0000,3.6102,0.7889,1.8829,0.0000,1.2755,11541.0303,99,1.4919,0.0000,0.0000,0.0000,6344999.0000,28.7119,1033378.3750,506.7061,1206075
42,155,Paris_Medium,train,MAPPER,3600,20,177,127,0.7175,1.0000,0.0000,794.2283,99.2785,0.4385,3.0274,506.0157,354.7826,2128.2197,0.8412,45.5398,41.3303,1847.7340,246.2302,6312.7344,315636.7188,0,0,-0.0004,0.0697,0.0374,0.0060,597,0.7175,0.2825,3.0670,3459.9302,wave,0.2007,0.3961,1.5991,0.0000,1.0000,0.0000,80.3718,15,2730.0081,0.1929,0.8912,5,0,270283.9062,3.3729,0.0000,3.3729,0.6984,1.7981,0.0000,1.2461,10046.2988,98,1.5024,0.0000,0.0000,0.0000,6113119.5000,13.5593,980746.3750,572.1825,1117354
42,155,Paris_Medium,train,MAPPO,3600,20,177,114,0.6441,1.0000,0.0000,873.1930,67.1687,0.6605,3.0173,491.5351,532.2703,2039.6116,0.8299,45.5398,41.3303,1847.7340,246.2302,4567.7344,228386.7344,0,0,-0.0000,0.0246,0.0000,0.0145,730,0.6441,0.3559,3.0634,3459.9302,wave,0.2608,0.4965,1.5991,0.0000,1.0000,0.0000,83.6128,15,2730.1272,0.1942,1.0339,5,0,232515.7188,4.1243,0.0000,4.1243,0.6142,1.7617,0.0000,1.2899,16543.9355,139,2.5720,0.0000,0.0000,0.0000,4349839.0000,33.9661,564441.4375,1160.9066,808489
42,156,Tokyo_Small,train,IPPO,3600,25,95,77,0.8105,1.0000,0.0000,660.5585,55.0465,0.5181,3.0603,308.8831,358.7753,1219.6521,0.7897,29.8730,26.6656,933.1259,224.6757,4592.3687,459236.8438,0,0,-0.0002,0.0626,0.2132,0.0559,316,0.8105,0.1895,3.1046,1729.3833,wave,0.2325,0.4463,1.5606,0.0000,1.0000,0.0000,64.9527,15,1349.6672,0.1917,1.1879,6,0,93913.2109,3.3263,0.0000,3.3263,0.7923,0.9388,0.0000,1.3449,7765.5225,65,2.5622,0.0000,0.0000,0.0000,4345544.0000,37.6632,372516.2188,424.3225,436275
42,156,Tokyo_Small,train,MAPPER,3600,25,95,66,0.6947,0.9895,0.0105,605.8030,46.6002,0.5402,3.0604,291.3940,412.9600,1209.3263,0.8300,29.8730,26.6656,932.3291,225.2701,2110.9685,211096.8438,0,0,-0.0000,0.0012,0.0207,0.0020,278,0.7021,0.2979,3.1040,1729.3833,wave,0.3172,0.5797,1.5580,1.8085,0.9895,0.0000,49.5287,15,1349.7498,0.1916,1.2473,5,0,79815.5391,2.9263,0.0000,2.9263,0.6449,0.8916,0.6426,1.4062,10267.5078,71,2.5150,0.0000,0.0000,0.0000,1978591.5000,23.0105,132166.9219,587.3622,200542
42,156,Tokyo_Small,train,MAPPO,3600,25,95,66,0.6947,0.9053,0.0947,632.1667,45.1548,0.5622,3.0592,286.8940,399.7260,1207.0797,0.8415,29.8730,26.5763,928.7163,242.3236,1381.4315,138143.1562,0,0,-0.0000,0.0002,0.0000,0.0009,257,0.7674,0.2326,3.1038,1729.3833,wave,0.2586,0.4896,1.5401,1.7566,0.9053,0.0000,45.4780,15,1349.6914,0.1920,1.3165,5,0,79667.2656,2.7053,0.0000,2.7053,0.6539,0.9040,10.8183,1.4879,11129.7393,78,3.4537,0.0000,0.0000,0.0000,1256023.3750,9.6105,42532.3359,808.3159,131236
42,157,Tokyo_Medium,train,IPPO,3600,50,176,128,0.7273,1.0000,0.0000,957.2031,31.9068,0.6000,3.0744,536.5938,471.7035,2155.3438,0.8033,58.7821,56.2396,1815.8676,263.9658,15023.7100,751185.5000,0,0,-0.0002,0.8946,0.1889,0.2064,596,0.7273,0.2727,3.1090,3457.9922,wave,0.2411,0.4876,1.6528,0.0000,1.0000,0.0000,105.5250,15,2688.9758,0.1347,1.0477,6,0,275884.0000,3.3864,0.0000,3.3864,0.7015,1.8732,0.0000,1.3569,19160.1543,143,2.3186,0.0000,0.0000,0.0000,14632675.0000,33.5909,2496507.0000,447.9813,2644173
42,157,Tokyo_Medium,train,MAPPER,3600,50,176,113,0.6420,1.0000,0.0000,958.9292,34.2475,0.5749,3.0754,535.3983,487.2339,2275.1143,0.8499,58.7821,56.2396,1815.8676,263.9658,8376.9834,418849.1562,0,0,-0.0000,0.0013,0.0246,0.0018,588,0.6420,0.3580,3.1093,3457.9922,wave,0.2131,0.4123,1.6528,0.0000,1.0000,0.0000,80.3754,15,2688.7239,0.1344,1.0286,4,0,257087.9062,3.3409,0.0000,3.3409,0.6390,1.9328,0.0000,1.5213,30617.6875,119,2.2271,0.0000,0.0000,0.0000,8196593.5000,21.9943,1341246.3750,575.8781,1474349
42,157,Tokyo_Medium,train,MAPPO,3600,50,176,97,0.5511,0.9205,0.0795,1009.7422,29.6983,0.6807,3.0703,538.5567,606.7273,2207.9214,0.8199,58.7821,55.9127,1761.9199,276.9617,4557.5967,227879.8438,0,0,-0.0000,0.0081,0.0000,0.0083,540,0.5988,0.4012,3.1088,3457.9922,wave,0.2699,0.5186,1.6361,1.8453,0.9205,0.0000,96.9724,15,2688.8997,0.1362,1.1727,4,0,214168.3750,3.0682,0.0000,3.0682,0.5091,1.7938,47.2168,1.5106,26846.1230,176,3.3095,0.0000,0.0000,0.0000,4368920.5000,45.6761,434897.6562,1897.9135,802137
42,158,LosAngeles_Small,train,IPPO,3600,25,97,78,0.8041,1.0000,0.0000,721.2564,55.4813,0.5533,3.0684,314.2820,461.9884,1334.7860,0.8494,23.7628,20.6416,963.5677,239.8109,4919.9277,491992.7812,0,0,-0.0002,0.0623,0.1967,0.0567,365,0.8041,0.1959,3.1120,1729.3280,wave,0.2094,0.4046,1.6085,0.0000,1.0000,0.0000,47.3248,13,1344.6100,0.2560,1.1681,6,1,104113.3047,3.7629,0.0000,3.7629,0.8483,0.9663,0.0000,1.6650,11645.8525,77,1.8500,0.0000,0.0000,0.0000,4671662.5000,36.5464,410103.3125,443.7952,477233
42,158,LosAngeles_Small,train,MAPPER,3600,25,97,65,0.6701,0.9691,0.0309,866.7077,61.9077,0.5689,3.0681,341.5846,571.7500,1365.9504,0.7998,23.7628,20.4936,957.7970,241.2605,2552.7732,255277.3281,0,0,-0.0000,0.0012,0.0205,0.0027,308,0.6915,0.3085,3.1114,1729.3280,wave,0.2108,0.3967,1.5971,1.9639,0.9691,0.0000,68.3945,13,1344.6045,0.2559,1.2248,4,0,88786.7812,3.1753,0.0000,3.1753,0.7267,0.9934,3.1486,1.5274,11164.2012,88,2.1902,0.0000,0.0000,0.0000,2418066.2500,20.8866,184853.1875,512.3651,247619
42,158,LosAngeles_Small,train,MAPPO,3600,25,97,69,0.7113,0.8454,0.1546,813.1014,54.2068,0.6195,3.0673,312.0724,536.9211,1336.7341,0.8567,22.1703,19.9389,981.7993,258.1532,1515.6598,151565.9844,0,0,-0.0000,0.0003,0.0000,0.0016,257,0.8415,0.1585,3.1121,1729.3280,wave,0.1918,0.3577,1.6516,1.3724,0.8454,0.0000,44.7256,13,1344.6783,0.2561,1.3858,4,1,92234.6562,2.6495,0.0000,2.6495,0.7346,0.9460,10.5498,1.6021,11186.4238,110,2.4894,0.0000,0.0000,0.0000,1388910.5000,12.3711,42640.6250,949.3179,147019
42,159,LosAngeles_Medium,train,IPPO,3600,50,179,113,0.6313,1.0000,0.0000,909.8407,29.3497,0.6378,3.1021,520.6371,526.0000,2173.7588,0.8350,47.1549,43.8929,1823.3641,216.1883,14625.9502,731297.4375,0,0,-0.0002,0.2058,0.1813,0.1020,636,0.6313,0.3687,3.1402,3458.0823,wave,0.2636,0.4856,1.7067,0.0000,1.0000,0.0000,85.8854,15,2666.9504,0.1506,1.2388,4,0,245634.7500,3.5531,0.0000,3.5531,0.6283,2.0385,0.0000,1.5365,30457.8887,190,3.4269,0.0000,0.0000,0.0000,14285711.0000,49.1899,2464858.2500,515.5571,2618045
42,159,LosAngeles_Medium,train,MAPPER,3600,50,179,98,0.5475,1.0000,0.0000,978.4490,32.6150,0.6019,3.1036,501.8776,594.9512,2135.5759,0.8510,47.1549,43.8929,1823.3641,216.1883,6330.9272,316546.3750,0,0,-0.0000,0.0012,0.0237,0.0022,596,0.5475,0.4525,3.1408,3458.0823,wave,0.2330,0.4467,1.7067,0.0000,1.0000,0.0000,74.7624,15,2667.0742,0.1499,1.3243,3,0,209286.4375,3.3296,0.0000,3.3296,0.5542,2.0733,0.0000,1.6145,28066.7266,204,3.7645,0.0000,0.0000,0.0000,6146033.0000,29.6313,989467.3125,618.2869,1133236
42,159,LosAngeles_Medium,train,MAPPO,3600,50,179,115,0.6425,0.8492,0.1508,955.9304,28.9676,0.6627,3.1004,519.1652,513.5267,2203.9062,0.8490,47.1549,43.8177,1816.2339,251.3086,2483.0950,124154.7422,0,0,-0.0000,0.0067,0.0000,0.0075,508,0.7566,0.2434,3.1391,3458.0823,wave,0.2317,0.4395,1.7465,1.4826,0.8492,0.0000,78.3840,15,2666.8789,0.1507,1.1408,4,0,253449.2188,2.8380,0.0000,2.8380,0.6600,2.1040,47.6219,1.4901,22775.3164,191,3.9219,0.0000,0.0000,0.0000,2295993.5000,32.4078,218514.9219,1075.2418,444474
42,160,Paris_Small,train,IPPO,3600,25,98,89,0.9082,1.0000,0.0000,544.7079,45.3923,0.4841,3.0353,258.5730,312.2421,1069.6458,0.8273,24.0686,22.4987,890.4434,252.4249,6701.7349,670173.4375,0,0,-0.0002,0.0447,0.2164,0.0456,317,0.9082,0.0918,3.0671,1729.5623,wave,0.1876,0.3425,1.6551,0.0000,1.0000,0.0000,44.6439,14,1368.8667,0.2525,1.1268,5,1,95198.4688,3.2347,0.0000,3.2347,0.8568,0.8765,0.0000,1.3963,7015.8076,61,1.8840,0.0000,0.0000,0.0000,6451234.0000,31.8878,585891.6875,472.7488,656770
42,160,Paris_Small,train,MAPPER,3600,25,98,80,0.8163,1.0000,0.0000,574.2375,47.8531,0.5096,3.0350,261.5250,341.5517,1096.2069,0.8383,24.0686,22.4987,890.4434,252.4249,2662.5000,266250.0000,0,0,-0.0003,0.0017,0.0213,0.0024,342,0.8163,0.1837,3.0674,1729.5623,wave,0.2405,0.4327,1.6551,0.0000,1.0000,0.0000,42.2836,14,1368.9022,0.2527,1.1341,5,1,87696.5469,3.4898,0.0000,3.4898,0.8229,0.9366,0.0000,1.4884,8533.8037,60,1.8763,0.0000,0.0000,0.0000,2523538.2500,12.3673,187625.7500,608.9916,260925
42,160,Paris_Small,train,MAPPO,3600,25,98,85,0.8673,0.9694,0.0306,560.0353,43.0796,0.5249,3.0345,256.6941,325.2391,1067.1632,0.8315,24.0686,22.4987,894.4195,262.0738,1755.2142,175521.4375,0,0,-0.0000,0.0001,0.0000,0.0008,296,0.8947,0.1053,3.0672,1729.5623,wave,0.1729,0.3168,1.6523,1.7434,0.9694,0.0000,43.2615,14,1368.8875,0.2527,1.1615,4,1,90708.8750,3.0204,0.0000,3.0204,0.8253,0.8841,1.6246,1.4358,8273.0703,64,2.0473,0.0000,0.0000,0.0000,1622822.3750,11.1020,82727.7891,778.6625,172011
42,161,Paris_Medium,train,IPPO,3600,50,175,133,0.7600,1.0000,0.0000,917.7143,31.6453,0.5976,3.0338,535.2632,452.6981,2183.7402,0.8160,46.4457,43.2033,1878.3478,229.2337,18133.5547,906677.6875,0,0,-0.0002,0.1899,0.1781,0.0967,693,0.7600,0.2400,3.0652,3458.6021,wave,0.2029,0.3783,1.5798,0.0000,1.0000,0.0000,98.5151,19,2729.7231,0.1428,0.9755,4,1,290437.4375,3.9600,0.0000,3.9600,0.7551,1.9010,0.0000,1.2968,13486.3242,131,2.5526,0.0000,0.0000,0.0000,17571274.0000,39.7657,2967057.0000,616.6661,3173372
42,161,Paris_Medium,train,MAPPER,3600,50,175,113,0.6457,1.0000,0.0000,902.1328,33.4123,0.5479,3.0351,530.7345,443.2444,2225.0803,0.8385,46.4457,43.2033,1878.3478,229.2337,7512.5088,375625.4375,0,0,-0.0003,0.0799,0.0199,0.0092,660,0.6457,0.3543,3.0660,3458.6021,wave,0.2196,0.4123,1.5798,0.0000,1.0000,0.0000,85.7184,19,2729.6829,0.1428,1.0197,4,1,251434.0625,3.7714,0.0000,3.7714,0.6722,1.9919,0.0000,1.2901,16218.3877,119,2.9423,0.0000,0.0000,0.0000,7292309.0000,19.6571,1147248.8750,736.6038,1314689
42,161,Paris_Medium,train,MAPPO,3600,50,175,105,0.6000,0.9314,0.0686,911.8953,28.4967,0.6594,3.0305,529.8286,523.9695,2272.2859,0.8577,46.3837,43.1825,1833.6604,234.9639,4907.7202,245386.0000,0,0,0.0000,0.0001,0.0000,0.0009,524,0.6442,0.3558,3.0641,3458.6021,wave,0.2538,0.4738,1.5942,1.3845,0.9314,0.0000,75.3714,19,2729.6990,0.1449,1.0455,3,0,238590.0156,2.9943,0.0000,2.9943,0.6521,2.0795,26.8041,1.3478,16774.9023,141,4.1588,0.0000,0.0000,0.0000,4682582.5000,54.6114,549325.3750,1543.5825,858851
43,162,Tokyo_Small,train,IPPO,3600,7,89,69,0.7753,1.0000,0.0000,782.6522,391.3261,0.3855,3.1027,381.3768,456.3205,1300.5524,0.6820,29.3424,27.3211,970.1938,319.1250,2043.3483,204334.8281,0,0,-0.0002,5.2299,0.6931,0.2093,331,0.7753,0.2247,3.0958,1676.1095,uniform,0.2942,0.5956,1.5581,0.0000,1.0000,0.0000,121.2663,15,1321.6436,0.0375,1.0961,7,1,89738.1172,3.7191,0.0000,3.7191,0.8254,1.0306,0.0000,1.2918,5469.9097,51,1.0925,0.0000,0.0000,0.0000,1730995.2500,16.7865,121666.7266,363.9564,181858
43,162,Tokyo_Small,train,MAPPER,3600,7,89,70,0.7865,1.0000,0.0000,737.0286,184.2571,0.6080,3.0991,302.3571,493.9726,1290.5842,0.8537,29.3424,27.3211,970.1938,319.1250,1752.5618,175256.1875,0,0,-0.0034,0.8264,0.6931,0.1178,347,0.7865,0.2135,3.0927,1676.1095,uniform,0.2531,0.4598,1.5581,0.0000,1.0000,0.0000,44.2403,15,1321.6198,0.0374,1.2138,5,0,90340.8984,3.8989,0.0000,3.8989,0.8091,0.9958,0.0000,1.5439,14584.9326,63,1.3615,0.0000,0.0000,0.0000,1610225.7500,14.3146,103803.4141,443.8974,155978
43,162,Tokyo_Small,train,MAPPO,3600,7,89,82,0.9213,1.0000,0.0000,648.6585,216.2195,0.4940,3.0986,296.4634,374.1530,1262.9587,0.8520,29.3424,27.3211,970.1938,319.1250,1225.0337,122503.3672,0,0,-0.0002,2.5738,0.6931,0.2285,317,0.9213,0.0787,3.0923,1676.1095,uniform,0.2000,0.3650,1.5581,0.0000,1.0000,0.0000,43.8717,15,1321.6394,0.0377,1.2547,5,1,103562.6172,3.5618,0.0000,3.5618,0.9047,0.9506,0.0000,1.3923,8453.2393,68,1.0282,0.0000,0.0000,0.0000,1073733.2500,8.4157,53767.7734,469.6028,109028
43,163,Tokyo_Medium,train,IPPO,3600,14,151,126,0.8344,1.0000,0.0000,939.7698,117.4712,0.5969,3.0745,535.7619,432.9863,2165.8696,0.8085,58.5344,57.1801,1770.3776,295.6200,4952.8013,247640.0781,0,0,-0.0002,0.8477,0.6931,0.1527,567,0.8344,0.1656,3.0745,3351.4875,uniform,0.2804,0.5474,1.6588,0.0000,1.0000,0.0000,102.5880,14,2627.5444,0.0291,0.9661,6,0,272899.5938,3.7550,0.0000,3.7550,0.8113,1.8098,0.0000,1.2725,11840.6025,101,1.9619,0.0000,0.0000,0.0000,4422371.0000,23.6026,604116.8125,421.6011,747873
43,163,Tokyo_Medium,train,MAPPER,3600,14,151,115,0.7616,1.0000,0.0000,996.6348,124.5793,0.6380,3.0729,548.8870,498.0153,2253.7192,0.8212,58.5344,57.1801,1770.3776,295.6200,3649.2119,182460.5938,0,0,-0.0024,0.3179,0.6928,0.1143,561,0.7616,0.2384,3.0731,3351.4875,uniform,0.1939,0.3917,1.6588,0.0000,1.0000,0.0000,98.1431,14,2627.6558,0.0288,1.0059,4,0,259177.7188,3.7152,0.0000,3.7152,0.7826,1.9129,0.0000,1.2609,13242.6514,106,1.6067,0.0000,0.0000,0.0000,3424868.7500,12.6026,438506.4688,520.8557,551031
43,163,Tokyo_Medium,train,MAPPO,3600,14,151,110,0.7285,1.0000,0.0000,1054.9272,105.4927,0.7163,3.0715,501.4727,605.1788,2175.9402,0.8678,58.5344,57.1801,1770.3776,295.6200,3978.9802,198949.0000,0,0,-0.0009,0.7132,0.6930,0.2601,551,0.7285,0.2715,3.0718,3351.4875,uniform,0.2059,0.4126,1.6588,0.0000,1.0000,0.0000,66.2847,14,2627.7715,0.0289,1.2230,4,1,239353.4219,3.6490,0.0000,3.6490,0.7371,1.8835,0.0000,1.4643,24822.7812,178,3.3125,0.0000,0.0000,0.0000,3765325.2500,16.6954,474498.0938,622.9560,600826
43,164,LosAngeles_Small,train,IPPO,3600,7,89,78,0.8764,1.0000,0.0000,640.0897,213.3632,0.4992,3.0721,302.6282,362.7976,1244.9294,0.8227,23.6816,21.6941,887.6781,233.2140,1738.3258,173832.5938,0,0,-0.0002,0.5614,0.6931,0.1362,319,0.8764,0.1236,3.0752,1676.2936,uniform,0.2376,0.4397,1.6529,0.0000,1.0000,0.0000,53.6423,15,1307.1400,0.0309,1.1897,5,1,97104.4922,3.5843,0.0000,3.5843,0.9088,0.9428,0.0000,1.5260,8558.5625,69,1.1268,0.0000,0.0000,0.0000,1505435.3750,21.1910,104386.2344,332.5580,154711
43,164,LosAngeles_Small,train,MAPPER,3600,7,89,70,0.7865,1.0000,0.0000,677.3143,169.3286,0.5860,3.0701,299.7714,405.7013,1255.4445,0.8376,23.6816,21.6941,887.6781,233.2140,1834.6630,183466.2812,0,0,-0.0017,0.2633,0.6920,0.0906,327,0.7865,0.2135,3.0736,1676.2936,uniform,0.2345,0.4286,1.6529,0.0000,1.0000,0.0000,48.6825,15,1307.1420,0.0310,1.2618,4,0,87881.1172,3.6742,0.0000,3.6742,0.8293,0.9587,0.0000,1.6132,10719.6406,78,1.3404,0.0000,0.0000,0.0000,1693937.2500,16.8652,110691.6797,450.2121,163285
43,164,LosAngeles_Small,train,MAPPO,3600,7,89,74,0.8315,1.0000,0.0000,687.6622,171.9155,0.5964,3.0683,289.0270,406.4935,1232.5328,0.8529,23.6816,21.6941,887.6781,233.2140,1397.1686,139716.8594,0,0,-0.0035,0.1301,0.6919,0.1104,314,0.8315,0.1685,3.0706,1676.2936,uniform,0.2387,0.4282,1.6529,0.0000,1.0000,0.0000,42.5205,15,1307.1847,0.0309,1.1969,4,1,91207.4297,3.5281,0.0000,3.5281,0.8423,0.9211,0.0000,1.4376,11100.2188,70,1.4151,0.0000,0.0000,0.0000,1257485.6250,10.7191,68019.1016,493.2277,124348
43,165,LosAngeles_Medium,train,IPPO,3600,14,154,134,0.8701,1.0000,0.0000,975.1343,139.3049,0.5161,3.1105,610.9926,371.5000,2417.1746,0.7912,47.4312,45.0128,1878.1927,251.0151,4473.6753,223683.7656,0,0,-0.0001,0.5946,0.6931,0.1552,554,0.8701,0.1299,3.1101,3350.9473,uniform,0.2852,0.6399,1.6162,0.0000,1.0000,0.0000,127.5576,17,2609.4968,0.0256,0.8855,10,0,323901.3750,3.5974,0.0000,3.5974,0.9138,1.8945,0.0000,1.3421,14970.0586,105,1.2223,0.0000,0.0000,0.0000,3414733.0000,23.4481,470337.0312,360.6000,688946
43,165,LosAngeles_Medium,train,MAPPER,3600,14,154,118,0.7662,1.0000,0.0000,991.6017,123.9502,0.5785,3.1090,556.8813,468.2180,2410.5903,0.8657,47.4312,45.0128,1878.1927,251.0151,3492.4675,174623.3750,0,0,-0.0022,0.2320,0.6916,0.1059,586,0.7662,0.2338,3.1089,3350.9473,uniform,0.2261,0.4219,1.6162,0.0000,1.0000,0.0000,74.7633,17,2609.5344,0.0250,0.9463,4,0,284449.6562,3.8052,0.0000,3.8052,0.8463,1.9923,0.0000,1.4283,18164.7285,127,1.2077,0.0000,0.0000,0.0000,3266409.5000,14.9156,432721.2812,456.5343,537840
43,165,LosAngeles_Medium,train,MAPPO,3600,14,154,117,0.7597,1.0000,0.0000,1009.9658,112.2184,0.6651,3.1067,558.7436,508.9179,2398.8345,0.8587,47.4312,45.0128,1878.1927,251.0151,2667.5454,133377.2656,0,0,-0.0020,0.1940,0.6876,0.1253,588,0.7597,0.2403,3.1070,3350.9473,uniform,0.2452,0.4721,1.6162,0.0000,1.0000,0.0000,78.9767,17,2609.6536,0.0252,1.1196,5,0,280663.6250,3.8182,0.0000,3.8182,0.8059,1.9134,0.0000,1.4770,23569.8281,189,1.4313,0.0000,0.0000,0.0000,2434198.0000,22.0325,285724.9688,578.8436,410802
43,166,Paris_Small,train,IPPO,3600,7,87,83,0.9540,1.0000,0.0000,595.0602,595.0602,0.2564,3.0471,275.7470,322.9186,958.7142,0.6954,23.5981,22.9224,787.0107,256.6163,2660.8621,266086.2188,0,0,-0.0001,0.3858,0.6931,0.1267,314,0.9540,0.0460,3.0416,1674.7711,uniform,0.2850,0.6952,1.6384,0.0000,1.0000,0.0000,84.0042,12,1331.4125,0.0460,1.1026,13,1,79573.2734,3.6092,0.0000,3.6092,0.9716,0.8745,0.0000,1.2473,3598.2993,29,1.0155,0.0000,0.0000,0.0000,2056288.1250,21.3563,139554.3438,452.2183,231495
43,166,Paris_Small,train,MAPPER,3600,7,87,85,0.9770,1.0000,0.0000,557.8235,278.9118,0.3482,3.0435,227.0000,336.1744,958.7461,0.8447,23.5981,22.9224,787.0107,256.6163,1681.1034,168110.3438,0,0,-0.0034,0.1954,0.6885,0.0790,313,0.9770,0.0230,3.0376,1674.7711,uniform,0.2166,0.4000,1.6384,0.0000,1.0000,0.0000,35.2508,12,1331.4381,0.0462,1.1122,6,1,81493.4141,3.5977,0.0000,3.5977,0.9885,0.8688,0.0000,1.2160,3643.6526,39,1.0217,0.0000,0.0000,0.0000,1536168.1250,8.2644,87371.1172,531.9045,146256
43,166,Paris_Small,train,MAPPO,3600,7,87,83,0.9540,1.0000,0.0000,505.0241,252.5121,0.3065,3.0447,233.0964,276.5000,968.6564,0.8311,23.5981,22.9224,787.0107,256.6163,1612.0000,161200.0000,0,0,-0.0092,0.1319,0.6794,0.0921,303,0.9540,0.0460,3.0385,1674.7711,uniform,0.1867,0.3452,1.6384,0.0000,1.0000,0.0000,39.3651,12,1331.3767,0.0463,1.1620,4,1,80398.4766,3.4828,0.0000,3.4828,0.9770,0.8794,0.0000,1.2784,3866.3186,44,1.2995,0.0000,0.0000,0.0000,1470057.8750,6.0115,77681.7188,577.1665,140244
43,167,Paris_Medium,train,IPPO,3600,14,163,143,0.8773,1.0000,0.0000,955.9720,136.5674,0.5368,3.0422,573.1329,413.6667,2195.8784,0.7663,47.4954,45.9620,1859.1608,252.0986,9361.1104,468055.5312,0,0,-0.0001,0.4964,0.6930,0.1452,632,0.8773,0.1227,3.0425,3351.5674,uniform,0.2416,0.4602,1.6485,0.0000,1.0000,0.0000,133.9572,18,2646.7817,0.0275,0.8298,6,1,314010.5938,3.8773,0.0000,3.8773,0.9019,2.1118,0.0000,1.2014,9124.6260,66,1.4151,0.0000,0.0000,0.0000,4826044.5000,27.0184,694041.5000,568.1246,1525861
43,167,Paris_Medium,train,MAPPER,3600,14,163,125,0.7669,1.0000,0.0000,950.5520,158.4253,0.4871,3.0422,519.4400,482.1644,2129.4480,0.8199,47.4954,45.9620,1859.1608,252.0986,4937.9385,246896.9219,0,0,-0.0036,0.3298,0.6877,0.0944,650,0.7669,0.2331,3.0421,3351.5674,uniform,0.1975,0.3849,1.6485,0.0000,1.0000,0.0000,93.5504,18,2646.7761,0.0273,0.9101,4,0,266181.0000,3.9877,0.0000,3.9877,0.7538,2.0191,0.0000,1.1978,8628.6475,90,1.2627,0.0000,0.0000,0.0000,4701485.0000,17.1963,649498.8125,716.8331,804884
43,167,Paris_Medium,train,MAPPO,3600,14,163,125,0.7669,1.0000,0.0000,932.5680,103.6187,0.6714,3.0396,518.9600,462.3714,2182.5242,0.8411,47.4954,45.9620,1859.1608,252.0986,4930.7974,246539.8750,0,0,-0.0065,0.5568,0.6485,0.1965,649,0.7669,0.2331,3.0409,3351.5674,uniform,0.2175,0.4044,1.6485,0.0000,1.0000,0.0000,82.4552,18,2646.8220,0.0274,0.9661,4,1,272815.5312,3.9816,0.0000,3.9816,0.7819,2.0945,0.0000,1.2386,10935.2021,126,1.6867,0.0000,0.0000,0.0000,4697639.5000,23.5583,627360.8125,848.8026,803720
43,168,Tokyo_Small,train,IPPO,3600,10,86,74,0.8605,1.0000,0.0000,625.5405,156.3851,0.4502,3.0716,283.7973,348.7820,1180.6031,0.8320,28.5904,25.8903,889.3645,294.1416,2078.0581,207805.7969,0,0,-0.0001,0.7989,0.6930,0.1712,324,0.8605,0.1395,3.0734,1677.0128,uniform,0.2683,0.4976,1.6153,0.0000,1.0000,0.0000,47.6767,14,1317.2489,0.0383,1.1658,6,1,87364.6328,3.7674,0.0000,3.7674,0.8818,1.0127,0.0000,1.4680,8600.1211,49,1.2204,0.0000,0.0000,0.0000,1832258.0000,20.3372,127358.0938,351.3520,178713
43,168,Tokyo_Small,train,MAPPER,3600,10,86,68,0.7907,1.0000,0.0000,685.6765,137.1353,0.5807,3.0706,282.7500,411.7763,1209.2620,0.8554,28.5904,25.8903,889.3645,294.1416,1707.2791,170727.9062,0,0,-0.0017,0.3409,0.6797,0.0944,311,0.7907,0.2093,3.0716,1677.0128,uniform,0.2183,0.3979,1.6153,0.0000,1.0000,0.0000,40.8976,14,1317.2670,0.0372,1.2679,5,1,82229.8125,3.6163,0.0000,3.6163,0.8377,1.0470,0.0000,1.6285,10436.4600,66,1.4525,0.0000,0.0000,0.0000,1559088.8750,9.6860,98027.6172,419.2346,146826
43,168,Tokyo_Small,train,MAPPO,3600,10,86,77,0.8953,1.0000,0.0000,594.8312,148.7078,0.4921,3.0701,278.1169,327.4568,1184.7777,0.8520,28.5904,25.8903,889.3645,294.1416,1277.3256,127732.5547,0,0,-0.0085,0.1479,0.6230,0.0901,295,0.8953,0.1047,3.0721,1677.0128,uniform,0.2240,0.4080,1.6153,0.0000,1.0000,0.0000,41.1613,14,1317.3395,0.0382,1.2042,4,1,91227.8828,3.4302,0.0000,3.4302,0.9052,0.9991,0.0000,1.3548,7426.5464,63,1.1929,0.0000,0.0000,0.0000,1121529.5000,7.6860,58860.6758,437.1048,109850
43,169,Tokyo_Medium,train,IPPO,3600,20,164,135,0.8232,1.0000,0.0000,921.1703,76.7642,0.6346,3.0505,514.2667,454.5592,2118.7266,0.8240,58.0276,53.9509,1743.3529,266.4723,5978.3779,298918.9062,0,0,-0.0001,0.7009,0.6929,0.1804,636,0.8232,0.1768,3.0490,3351.3013,uniform,0.2293,0.4341,1.6171,0.0000,1.0000,0.0000,90.5214,16,2616.0156,0.0347,0.9706,5,0,286028.0625,3.8780,0.0000,3.8780,0.8005,1.8161,0.0000,1.4082,17160.0332,115,1.4963,0.0000,0.0000,0.0000,5676860.5000,25.1280,858582.8750,441.6020,980454
43,169,Tokyo_Medium,train,MAPPER,3600,20,164,131,0.7988,1.0000,0.0000,915.8397,91.5840,0.5179,3.0503,507.8473,440.1748,2171.7056,0.8553,58.0276,53.9509,1743.3529,266.4723,3598.5488,179927.4375,0,0,-0.0043,0.2523,0.6802,0.0786,596,0.7988,0.2012,3.0480,3351.3013,uniform,0.2128,0.4053,1.6171,0.0000,1.0000,0.0000,73.5062,16,2616.1040,0.0345,0.9666,5,1,284493.4375,3.6341,0.0000,3.6341,0.8640,2.0200,0.0000,1.3182,13380.1865,118,1.5400,0.0000,0.0000,0.0000,3381034.5000,14.9329,468320.9375,525.4216,590162
43,169,Tokyo_Medium,train,MAPPO,3600,20,164,128,0.7805,1.0000,0.0000,913.5000,65.2500,0.7109,3.0478,502.5703,466.6808,2167.3879,0.8625,58.0276,53.9509,1743.3529,266.4723,3998.6584,199932.9219,0,0,-0.0074,0.2615,0.5568,0.1147,599,0.7805,0.2195,3.0468,3351.3013,uniform,0.2102,0.4056,1.6171,0.0000,1.0000,0.0000,69.0927,16,2616.0415,0.0349,1.0751,4,0,277425.6562,3.6524,0.0000,3.6524,0.8516,2.0377,0.0000,1.3502,20856.2441,145,1.5885,0.0000,0.0000,0.0000,3793622.7500,22.2561,508722.5000,691.6582,655780
43,170,LosAngeles_Small,train,IPPO,3600,10,95,79,0.8316,1.0000,0.0000,596.9241,198.9747,0.3944,3.0972,297.4684,307.0581,1161.4938,0.7809,22.6575,19.9582,887.3371,194.8590,1853.8422,185384.2188,0,0,-0.0001,0.5598,0.6929,0.1561,365,0.8316,0.1684,3.0910,1675.3944,uniform,0.2724,0.5000,1.6986,0.0000,1.0000,0.0000,65.1696,14,1303.3595,0.0478,1.2546,6,1,91758.0078,3.8421,0.0000,3.8421,0.8312,0.8828,0.0000,1.6364,9014.3848,70,1.1981,0.0000,0.0000,0.0000,1638688.3750,25.7158,125715.7500,315.3667,176115
43,170,LosAngeles_Small,train,MAPPER,3600,10,95,83,0.8737,1.0000,0.0000,587.0000,117.4000,0.5475,3.0948,282.9639,311.2159,1180.2924,0.8342,22.6575,19.9582,887.3371,194.8590,1485.7473,148574.7344,0,0,-0.0038,0.2401,0.6622,0.0597,330,0.8737,0.1263,3.0884,1675.3944,uniform,0.2426,0.4562,1.6986,0.0000,1.0000,0.0000,46.9054,14,1303.4419,0.0479,1.1262,6,0,97964.2656,3.4737,0.0000,3.4737,0.8651,0.8746,0.0000,1.3419,6013.7188,63,1.4550,0.0000,0.0000,0.0000,1344790.8750,12.5684,90693.7812,390.1211,141146
43,170,LosAngeles_Small,train,MAPPO,3600,10,95,84,0.8842,1.0000,0.0000,617.1310,123.4262,0.5462,3.0941,282.0000,332.1631,1203.6445,0.8536,22.6575,19.9582,887.3371,194.8590,1202.4421,120244.2109,0,0,-0.0109,0.1065,0.5124,0.0792,352,0.8842,0.1158,3.0874,1675.3944,uniform,0.2200,0.3988,1.6986,0.0000,1.0000,0.0000,41.2711,14,1303.3628,0.0478,1.1343,5,1,101106.1484,3.7053,0.0000,3.7053,0.8762,0.8753,0.0000,1.4027,6971.5410,64,1.1615,0.0000,0.0000,0.0000,1061269.8750,8.5158,55979.5391,472.0134,114232
43,171,LosAngeles_Medium,train,IPPO,3600,20,157,137,0.8726,1.0000,0.0000,1050.8905,105.0891,0.5373,3.1062,623.7664,477.2800,2418.1038,0.7753,46.4852,43.6704,1900.8300,257.9375,5341.8979,267094.9062,0,0,-0.0002,0.7109,0.6928,0.1895,626,0.8726,0.1274,3.1065,3353.3831,uniform,0.2654,0.4891,1.7869,0.0000,1.0000,0.0000,140.1457,19,2627.8652,0.0284,0.9218,6,0,331280.2188,3.9873,0.0000,3.9873,0.8754,2.0824,0.0000,1.4376,19510.4648,123,1.3228,0.0000,0.0000,0.0000,4981954.0000,28.4204,723706.7500,372.3600,838678
43,171,LosAngeles_Medium,train,MAPPER,3600,20,157,121,0.7707,1.0000,0.0000,1037.1818,103.7182,0.5278,3.1055,587.8760,514.2867,2410.0012,0.8199,46.4852,43.6704,1900.8300,257.9375,3975.7708,198788.5312,0,0,-0.0035,0.2886,0.6724,0.0909,609,0.7707,0.2293,3.1054,3353.3831,uniform,0.2519,0.4660,1.7869,0.0000,1.0000,0.0000,105.8758,19,2627.8201,0.0277,1.0512,4,0,291610.1562,3.8790,0.0000,3.8790,0.7933,2.1366,0.0000,1.4737,21402.5469,141,2.5299,0.0000,0.0000,0.0000,3757962.2500,16.7261,514117.0938,483.3338,624196
43,171,LosAngeles_Medium,train,MAPPO,3600,20,157,128,0.8153,1.0000,0.0000,1071.3828,82.4141,0.6932,3.1020,559.8047,555.5828,2383.2566,0.8515,46.4852,43.6704,1900.8300,257.9375,4109.6689,205483.4375,0,0,-0.0079,0.2494,0.4024,0.1229,617,0.8153,0.1847,3.1021,3353.3831,uniform,0.2289,0.4233,1.7869,0.0000,1.0000,0.0000,83.1534,19,2628.0425,0.0282,1.1441,4,0,305056.8438,3.9299,0.0000,3.9299,0.8118,2.0668,0.0000,1.5097,28953.3672,196,1.7753,0.0000,0.0000,0.0000,3864936.0000,26.8535,499158.6875,685.5837,645218
43,172,Paris_Small,train,IPPO,3600,10,90,85,0.9444,1.0000,0.0000,535.6941,178.5647,0.3767,3.0495,280.5882,256.2529,1138.6046,0.8116,23.5189,20.7348,909.1400,245.5242,2536.1223,253612.2344,0,0,-0.0001,0.3550,0.6927,0.1370,337,0.9444,0.0556,3.0447,1677.5286,uniform,0.1918,0.3539,1.5160,0.0000,1.0000,0.0000,52.8673,14,1325.2019,0.0572,0.9459,5,1,96781.3906,3.7444,0.0000,3.7444,0.9473,0.9135,0.0000,1.1402,2230.7551,27,1.1391,0.0000,0.0000,0.0000,2286585.0000,18.7333,166514.6250,436.4247,228251
43,172,Paris_Small,train,MAPPER,3600,10,90,82,0.9111,1.0000,0.0000,615.0975,123.0195,0.5244,3.0475,268.6951,364.8571,1131.3981,0.8421,23.5189,20.7348,909.1400,245.5242,2117.9888,211798.8906,0,0,-0.0078,0.2328,0.6408,0.0559,333,0.9111,0.0889,3.0435,1677.5286,uniform,0.1732,0.3263,1.5160,0.0000,1.0000,0.0000,42.4155,14,1325.2605,0.0573,1.0667,5,1,92774.6406,3.7000,0.0000,3.7000,0.9426,0.9423,0.0000,1.2242,4448.8726,48,1.6837,0.0000,0.0000,0.0000,1957856.5000,13.0889,123469.9844,585.9700,190619
43,172,Paris_Small,train,MAPPO,3600,10,90,83,0.9222,1.0000,0.0000,571.8675,142.9669,0.4192,3.0480,273.6627,301.2823,1129.3652,0.8254,23.5189,20.7348,909.1400,245.5242,1794.6777,179467.7656,0,0,-0.0102,0.0809,0.3779,0.0661,321,0.9222,0.0778,3.0436,1677.5286,uniform,0.1924,0.3696,1.5160,0.0000,1.0000,0.0000,47.7896,14,1325.2513,0.0568,1.0065,5,1,93737.3125,3.5667,0.0000,3.5667,0.8942,0.8831,0.0000,1.1907,2982.8928,41,1.3448,0.0000,0.0000,0.0000,1648150.3750,9.1667,89230.3906,656.7036,161521
43,173,Paris_Medium,train,IPPO,3600,20,159,141,0.8868,1.0000,0.0000,842.0425,93.5603,0.4983,3.0207,534.9858,344.3158,2187.6506,0.8178,47.1059,40.9732,1912.1731,245.9972,6545.9497,327297.5000,0,0,-0.0002,0.5135,0.6926,0.1647,609,0.8868,0.1132,3.0195,3350.8230,uniform,0.2569,0.5259,1.6533,0.0000,1.0000,0.0000,97.4557,15,2642.7139,0.0356,0.8686,8,0,308458.7188,3.8302,0.0000,3.8302,0.8829,2.0417,0.0000,1.1744,8573.0557,76,1.3604,0.0000,0.0000,0.0000,6083036.5000,26.7987,882755.3125,531.1196,1040806
43,173,Paris_Medium,train,MAPPER,3600,20,159,130,0.8176,1.0000,0.0000,825.3000,103.1625,0.4463,3.0213,535.5769,328.1489,2212.3528,0.8262,47.1059,40.9732,1912.1731,245.9972,4786.5723,239328.6250,0,0,-0.0046,0.3047,0.6569,0.0783,589,0.8176,0.1824,3.0192,3350.8230,uniform,0.2274,0.4160,1.6533,0.0000,1.0000,0.0000,93.1064,15,2642.8137,0.0357,0.8832,4,1,287605.8750,3.7044,0.0000,3.7044,0.8395,2.1055,0.0000,1.1881,6906.1890,83,1.4624,0.0000,0.0000,0.0000,4538222.5000,14.4717,624824.7500,608.5097,761065
43,173,Paris_Medium,train,MAPPO,3600,20,159,136,0.8553,1.0000,0.0000,879.2427,62.8030,0.7035,3.0167,517.0220,408.5135,2201.6992,0.8517,47.1059,40.9732,1912.1731,245.9972,3665.2390,183261.9531,0,0,-0.0084,0.1321,0.2749,0.0837,609,0.8553,0.1447,3.0160,3350.8230,uniform,0.2039,0.3767,1.6533,0.0000,1.0000,0.0000,76.6822,15,2642.8269,0.0354,0.9980,4,1,299431.0938,3.8302,0.0000,3.8302,0.8671,2.0788,0.0000,1.2515,13010.9346,136,2.2132,0.0000,0.0000,0.0000,3413429.2500,25.3333,425753.6562,735.7356,582773
43,174,Tokyo_Small,train,IPPO,3600,25,84,71,0.8452,1.0000,0.0000,706.7465,54.3651,0.5527,3.0685,259.4225,463.4125,1112.0953,0.8574,28.6151,27.0109,884.4333,278.6737,4275.4644,427546.4375,0,0,-0.0001,0.2966,0.6925,0.1201,318,0.8452,0.1548,3.0790,1674.4078,uniform,0.3019,0.5398,1.6694,0.0000,1.0000,0.0000,37.0035,14,1317.7803,0.0478,1.2616,5,0,78958.7656,3.7857,0.0000,3.7857,0.8303,0.9265,0.0000,1.3737,9462.2480,74,2.7938,0.0000,0.0000,0.0000,4046296.7500,27.7024,303887.3125,428.5926,359139
43,174,Tokyo_Small,train,MAPPER,3600,25,84,68,0.8095,1.0000,0.0000,704.6177,54.2014,0.5481,3.0674,266.1765,461.0000,1121.9486,0.8430,28.6151,27.0109,884.4333,278.6737,1953.2500,195324.9844,0,0,-0.0043,0.2160,0.5982,0.0492,294,0.8095,0.1905,3.0786,1674.4078,uniform,0.2706,0.4957,1.6694,0.0000,1.0000,0.0000,41.7868,14,1317.8138,0.0487,1.3296,5,1,76292.5000,3.5000,0.0000,3.5000,0.7512,0.8752,0.0000,1.3657,10947.5986,67,2.4369,0.0000,0.0000,0.0000,1806280.0000,12.3452,105799.7266,546.7617,164073
43,174,Tokyo_Small,train,MAPPO,3600,25,84,75,0.8929,1.0000,0.0000,679.3734,56.6144,0.5000,3.0693,265.3333,416.1646,1138.8389,0.8584,28.6151,27.0109,884.4333,278.6737,1202.6190,120261.9062,0,0,-0.0065,0.0845,0.2368,0.0677,306,0.8929,0.1071,3.0809,1674.4078,uniform,0.1948,0.3605,1.6694,0.0000,1.0000,0.0000,37.5656,14,1317.7522,0.0485,1.3139,5,1,85412.9219,3.6429,0.0000,3.6429,0.8766,0.9259,0.0000,1.3993,9641.0615,73,3.5759,0.0000,0.0000,0.0000,1055949.1250,7.6786,46342.7031,504.2521,101020
43,175,Tokyo_Medium,train,IPPO,3600,50,156,129,0.8269,1.0000,0.0000,927.8450,31.9947,0.5853,3.0683,518.1938,435.5310,2132.0173,0.8229,58.3016,55.8119,1682.3275,276.2178,12857.4102,642870.5000,0,0,-0.0001,0.5893,0.6924,0.1739,568,0.8269,0.1731,3.0655,3348.7695,uniform,0.2197,0.4333,1.6493,0.0000,1.0000,0.0000,91.7903,17,2632.9080,0.0330,1.1137,6,1,275030.2188,3.6410,0.0000,3.6410,0.8413,1.7620,0.0000,1.4257,21793.7637,121,1.6895,0.0000,0.0000,0.0000,12494704.0000,26.6410,1881869.6250,431.4408,2005756
43,175,Tokyo_Medium,train,MAPPER,3600,50,156,127,0.8141,1.0000,0.0000,939.7717,30.3152,0.6295,3.0660,507.5118,449.1250,2155.2148,0.8493,58.3016,55.8119,1682.3275,276.2178,4556.7627,227838.1406,0,0,-0.0052,0.2499,0.6269,0.0629,557,0.8141,0.1859,3.0642,3348.7695,uniform,0.1916,0.3710,1.6493,0.0000,1.0000,0.0000,76.4688,17,2632.9004,0.0322,1.0737,4,1,273712.2812,3.5705,0.0000,3.5705,0.8472,1.8024,0.0000,1.3089,16494.0488,139,3.5636,0.0000,0.0000,0.0000,4345851.0000,19.5000,598213.6250,511.1505,710855
43,175,Tokyo_Medium,train,MAPPO,3600,50,156,125,0.8013,1.0000,0.0000,919.7840,27.8722,0.6721,3.0651,517.0800,452.3066,2181.8813,0.8439,58.3016,55.8119,1682.3275,276.2178,2237.3013,111865.0703,0,0,-0.0059,0.0914,0.1658,0.0702,633,0.8013,0.1987,3.0637,3348.7695,uniform,0.1975,0.3849,1.6493,0.0000,1.0000,0.0000,80.7037,17,2632.9172,0.0316,1.0773,4,0,272735.1562,4.0577,0.0000,4.0577,0.8383,1.8120,0.0000,1.2905,16879.6367,149,2.5523,0.0000,0.0000,0.0000,2035603.5000,16.6026,224788.4219,594.6542,349019
43,176,LosAngeles_Small,train,IPPO,3600,25,88,77,0.8750,1.0000,0.0000,577.0519,52.4593,0.4537,3.0933,271.5974,337.9176,1155.1348,0.8506,22.3742,20.5494,869.6885,255.5083,3914.3750,391437.5000,0,0,-0.0001,0.3710,0.6923,0.1373,331,0.8750,0.1250,3.0938,1677.4142,uniform,0.1944,0.3583,1.6361,0.0000,1.0000,0.0000,40.5705,14,1307.9833,0.0449,1.1021,4,1,88945.3750,3.7614,0.0000,3.7614,0.8643,0.8663,0.0000,1.4634,6408.3965,62,6.9105,0.0000,0.0000,0.0000,3686184.2500,22.2273,295816.8750,324.6308,344465
43,176,LosAngeles_Small,train,MAPPER,3600,25,88,78,0.8864,1.0000,0.0000,715.1025,55.0079,0.5558,3.0904,281.6154,449.9156,1170.3575,0.8312,22.3742,20.5494,869.6885,255.5083,1826.0682,182606.8125,0,0,-0.0090,0.2019,0.5458,0.0481,321,0.8864,0.1136,3.0904,1677.4142,uniform,0.2444,0.4507,1.6361,0.0000,1.0000,0.0000,47.5439,14,1308.0255,0.0457,1.2548,5,0,91287.8828,3.6477,0.0000,3.6477,0.8698,0.8607,0.0000,1.5474,12522.9150,85,11.7574,0.0000,0.0000,0.0000,1682877.1250,11.1705,111603.5781,414.6565,160694
43,176,LosAngeles_Small,train,MAPPO,3600,25,88,80,0.9091,1.0000,0.0000,537.3500,53.7350,0.4271,3.0936,269.1500,293.7471,1163.6146,0.8647,22.3742,20.5494,869.6885,255.5083,924.3750,92437.5000,0,0,-0.0077,0.0807,0.1402,0.0652,343,0.9091,0.0909,3.0938,1677.4142,uniform,0.2025,0.3666,1.6361,0.0000,1.0000,0.0000,36.4271,14,1307.9895,0.0452,1.1577,4,1,93089.1719,3.8977,0.0000,3.8977,0.9086,0.8766,0.0000,1.4260,6170.2178,51,1.6215,0.0000,0.0000,0.0000,775721.2500,4.8295,34205.3594,387.0258,81345
43,177,LosAngeles_Medium,train,IPPO,3600,50,165,132,0.8000,1.0000,0.0000,993.5985,31.0500,0.6581,3.0942,563.5757,467.5714,2335.1121,0.8287,45.6836,42.3043,1865.6028,229.4366,10840.6602,542033.0000,0,0,-0.0001,0.8084,0.6920,0.2068,643,0.8000,0.2000,3.0909,3352.3855,uniform,0.2119,0.3963,1.6699,0.0000,1.0000,0.0000,96.5533,15,2610.3220,0.0403,1.0431,4,0,308234.7812,3.8970,0.0000,3.8970,0.7932,1.8713,0.0000,1.4541,21386.1035,146,3.0767,0.0000,0.0000,0.0000,10519453.0000,37.5455,1663132.5000,439.8651,1788709
43,177,LosAngeles_Medium,train,MAPPER,3600,50,165,120,0.7273,1.0000,0.0000,974.9083,31.4487,0.6396,3.0944,548.5250,490.0071,2359.2725,0.8602,45.6836,42.3043,1865.6028,229.4366,4739.6909,236984.5469,0,0,-0.0047,0.3206,0.5794,0.0777,643,0.7273,0.2727,3.0909,3352.3855,uniform,0.1922,0.3873,1.6699,0.0000,1.0000,0.0000,76.6705,15,2610.3584,0.0405,1.0688,4,0,283112.7188,3.8970,0.0000,3.8970,0.7635,1.9812,0.0000,1.3780,22564.0000,147,2.4695,0.0000,0.0000,0.0000,4541366.5000,15.5333,666123.8125,504.2548,782049
43,177,LosAngeles_Medium,train,MAPPO,3600,50,165,123,0.7455,0.9939,0.0061,979.3496,25.7724,0.7651,3.0916,545.1464,519.5510,2328.5840,0.8543,45.6836,42.3043,1870.8527,230.9406,2578.3091,128915.4531,0,0,-0.0039,0.0557,0.0830,0.0508,574,0.7500,0.2500,3.0891,3352.3855,uniform,0.2318,0.4310,1.6628,2.8274,0.9939,0.0000,79.4296,15,2610.3977,0.0398,1.1977,4,1,286415.8125,3.4788,0.0000,3.4788,0.7255,1.8369,1.1811,1.5445,30459.7305,208,2.7942,0.0000,0.0000,0.0000,2366187.5000,39.1576,281296.0312,661.3654,425421
43,178,Paris_Small,train,IPPO,3600,25,94,86,0.9149,1.0000,0.0000,548.4651,54.8465,0.4062,3.0286,283.5581,282.6404,1154.3977,0.8142,23.2241,21.2071,936.3602,207.9402,4902.3511,490235.0938,0,0,-0.0002,0.5336,0.6920,0.1722,331,0.9149,0.0851,3.0225,1678.5969,uniform,0.2188,0.3919,1.6686,0.0000,1.0000,0.0000,52.6786,12,1323.4066,0.0427,0.9639,5,1,99278.1953,3.5213,0.0000,3.5213,0.9506,0.9433,0.0000,1.1700,3306.2166,28,2.1176,0.0000,0.0000,0.0000,4632674.5000,23.5638,393413.3125,447.4286,460821
43,178,Paris_Small,train,MAPPER,3600,25,94,85,0.9043,1.0000,0.0000,610.6470,50.8873,0.4893,3.0265,272.7765,344.9204,1111.0461,0.8146,23.2241,21.2071,936.3602,207.9402,2280.3086,228030.8438,0,0,-0.0059,0.2012,0.5105,0.0531,341,0.9043,0.0957,3.0204,1678.5969,uniform,0.2239,0.4099,1.6686,0.0000,1.0000,0.0000,50.5672,12,1323.3867,0.0425,1.1366,5,0,94438.9219,3.6277,0.0000,3.6277,0.8884,0.8919,0.0000,1.2374,5004.4795,48,2.1673,0.0000,0.0000,0.0000,2137130.5000,11.4255,152403.2344,515.8215,214349
43,178,Paris_Small,train,MAPPO,3600,25,94,91,0.9681,1.0000,0.0000,528.4945,48.0450,0.4783,3.0276,272.2857,254.5106,1134.6694,0.8334,23.2241,21.2071,936.3602,207.9402,1229.7446,122974.4688,0,0,-0.0054,0.0494,0.0736,0.0476,341,0.9681,0.0319,3.0219,1678.5969,uniform,0.2167,0.3901,1.6686,0.0000,1.0000,0.0000,45.3518,12,1323.3831,0.0429,0.9987,5,1,103254.9219,3.6277,0.0000,3.6277,0.9684,0.9081,0.0000,1.2295,3857.3435,49,2.4439,0.0000,0.0000,0.0000,1095772.6250,8.3191,51797.3438,544.7389,115596
43,179,Paris_Medium,train,IPPO,3600,50,163,136,0.8344,1.0000,0.0000,956.6838,30.8608,0.6345,3.0287,570.2133,428.8052,2324.7937,0.8154,46.5865,44.5284,1944.9293,262.6344,16337.4727,816873.6250,0,0,-0.0001,0.4792,0.6917,0.1632,647,0.8344,0.1656,3.0305,3352.8030,uniform,0.1287,0.2889,1.6441,0.0000,1.0000,0.0000,105.2545,14,2648.4585,0.0303,0.9500,5,1,316171.9375,3.9693,0.0000,3.9693,0.8560,2.0348,0.0000,1.2141,10523.0840,123,2.7450,0.0000,0.0000,0.0000,15893724.0000,37.5951,2481625.7500,669.0289,2663008
43,179,Paris_Medium,train,MAPPER,3600,50,163,127,0.7791,1.0000,0.0000,991.4330,31.9817,0.6377,3.0288,546.0551,467.2263,2340.5371,0.8573,46.5865,44.5284,1944.9293,262.6344,6529.3618,326468.0938,0,0,-0.0059,0.2167,0.5197,0.0671,601,0.7791,0.2209,3.0304,3352.8030,uniform,0.1825,0.3460,1.6441,0.0000,1.0000,0.0000,77.9477,14,2648.3059,0.0302,0.9849,4,1,297248.2188,3.6871,0.0000,3.6871,0.8303,2.1135,0.0000,1.3657,19533.0723,116,3.1446,0.0000,0.0000,0.0000,6292348.0000,19.2945,906775.6875,729.3095,1064286
43,179,Paris_Medium,train,MAPPO,3600,50,163,143,0.8773,1.0000,0.0000,890.9720,26.9992,0.6635,3.0279,541.3147,362.5871,2328.6365,0.8604,46.5865,44.5284,1944.9293,262.6344,3302.0552,165102.7656,0,0,-0.0032,0.0078,0.0441,0.0177,571,0.8773,0.1227,3.0292,3352.8030,uniform,0.1416,0.2772,1.6441,0.0000,1.0000,0.0000,75.5874,14,2648.4709,0.0307,0.9113,4,1,332995.0000,3.5031,0.0000,3.5031,0.9107,2.0588,0.0000,1.1989,9664.4727,98,2.6574,0.0000,0.0000,0.0000,3061911.2500,17.4110,351041.9062,908.2823,538235
43,180,Tokyo_Small,train,IPPO,3600,7,92,89,0.9674,1.0000,0.0000,618.7528,206.2509,0.5597,2.9240,290.6180,328.1348,1138.1403,0.7833,28.5207,24.8287,859.2013,241.3852,1703.6414,170364.1406,0,0,-0.0001,0.3023,0.6916,0.1267,337,0.9674,0.0326,2.8231,1589.0278,shock_pick,0.2627,0.4759,1.6549,0.0000,1.0000,1.0000,62.9899,15,1240.3517,0.4823,1.0758,7,1,101294.4766,3.6630,0.0000,3.6630,0.9704,0.8090,0.0000,1.3261,5431.3862,37,1.1126,0.0000,0.0000,0.0000,1462241.3750,20.3370,105288.8281,317.8000,156735
43,180,Tokyo_Small,train,MAPPER,3600,7,92,81,0.8804,1.0000,0.0000,675.2469,225.0823,0.5615,2.9204,267.6173,408.5349,1122.3813,0.8388,28.5207,24.8287,859.2013,241.3852,1327.3369,132733.7031,0,0,-0.0030,0.1748,0.4215,0.0375,336,0.8804,0.1196,2.8189,1589.0278,shock_pick,0.2588,0.4741,1.6549,0.0000,1.0000,1.0000,43.1410,15,1240.3055,0.4820,1.1426,6,0,90912.8906,3.6522,0.0000,3.6522,0.8523,0.7807,0.0000,1.4885,8929.3936,51,1.4649,0.0000,0.0000,0.0000,1170004.8750,10.6957,71477.0625,393.0826,122115
43,180,Tokyo_Small,train,MAPPO,3600,7,92,89,0.9674,1.0000,0.0000,548.5618,182.8539,0.4389,2.9215,269.2135,277.7556,1140.1912,0.8471,28.5207,24.8287,859.2013,241.3852,1059.6522,105965.2188,0,0,-0.0038,0.0379,0.0360,0.0322,330,0.9674,0.0326,2.8163,1589.0278,shock_pick,0.2146,0.3915,1.6549,0.0000,1.0000,1.0000,41.1752,15,1240.2955,0.4825,1.0807,6,1,101477.0078,3.5870,0.0000,3.5870,0.9689,0.8078,0.0000,1.3160,4811.7646,34,1.0209,0.0000,0.0000,0.0000,904807.3125,5.6304,46690.8203,397.3005,97488
43,181,Tokyo_Medium,train,IPPO,3600,14,159,134,0.8428,1.0000,0.0000,833.3955,119.0565,0.5239,2.9481,498.3881,374.0333,2073.0500,0.8319,57.1486,53.4028,1666.5101,268.0032,3828.5156,191425.7969,0,0,-0.0001,0.4257,0.6913,0.1499,580,0.8428,0.1572,2.8741,3187.3953,shock_pick,0.2766,0.5404,1.6849,0.0000,1.0000,1.0000,83.7780,17,2468.1697,0.4190,0.9889,6,1,277788.6875,3.6478,0.0000,3.6478,0.8388,1.6599,0.0000,1.2582,10580.0508,85,1.1905,0.0000,0.0000,0.0000,3436214.2500,26.8050,487820.7500,368.1631,608734
43,181,Tokyo_Medium,train,MAPPER,3600,14,159,120,0.7547,1.0000,0.0000,879.7416,146.6236,0.4325,2.9471,497.5667,441.3778,2095.5935,0.8423,57.1486,53.4028,1666.5101,268.0032,2870.5974,143529.8750,0,0,-0.0048,0.2299,0.5178,0.0666,601,0.7547,0.2453,2.8717,3187.3953,shock_pick,0.2359,0.4384,1.6849,0.0000,1.0000,1.0000,78.4480,17,2468.1819,0.4193,1.0347,4,0,251471.2344,3.7799,0.0000,3.7799,0.7819,1.7279,0.0000,1.2911,12730.2500,91,1.1458,0.0000,0.0000,0.0000,2632463.0000,13.1635,351667.1250,420.7229,456425
43,181,Tokyo_Medium,train,MAPPO,3600,14,159,143,0.8994,1.0000,0.0000,806.4545,89.6061,0.6629,2.9445,480.5874,344.0654,2071.1077,0.8619,57.1486,53.4028,1666.5101,268.0032,2173.9937,108699.6797,0,0,-0.0008,0.0102,0.0238,0.0196,587,0.8994,0.1006,2.8700,3187.3953,shock_pick,0.1991,0.3737,1.6849,0.0000,1.0000,1.0000,66.3659,17,2468.0752,0.4180,1.0364,5,1,296168.3750,3.6918,0.0000,3.6918,0.8944,1.6585,0.0000,1.2373,14419.7090,105,1.4659,0.0000,0.0000,0.0000,1938362.6250,13.8868,231685.1719,481.2256,345665
43,182,LosAngeles_Small,train,IPPO,3600,7,90,73,0.8111,1.0000,0.0000,553.4932,276.7466,0.3038,2.9971,283.1644,291.2025,1153.1917,0.8145,24.0334,21.2633,835.4861,219.8646,1343.5444,134354.4375,0,0,-0.0001,0.3106,0.6912,0.1256,344,0.8111,0.1889,2.9584,1591.7472,shock_pick,0.3046,0.5781,1.6183,0.0000,1.0000,0.0000,52.5261,18,1232.6237,0.3274,1.3158,6,0,84182.9922,3.8222,0.0000,3.8222,0.8560,0.8986,0.0000,1.5807,13357.3945,54,1.0078,0.0000,0.0000,0.0000,1117051.0000,18.8333,76674.8750,265.1099,120919
43,182,LosAngeles_Small,train,MAPPER,3600,7,90,74,0.8222,1.0000,0.0000,607.4324,202.4775,0.4865,2.9909,273.7162,350.4304,1179.2469,0.8617,24.0334,21.2633,835.4861,219.8646,1427.5778,142757.7812,0,0,-0.0044,0.1615,0.4232,0.0351,318,0.8222,0.1778,2.9544,1591.7472,shock_pick,0.2498,0.4555,1.6183,0.0000,1.0000,0.0000,37.8668,18,1232.5819,0.3293,1.3998,4,0,87264.2734,3.5333,0.0000,3.5333,0.8834,0.9149,0.0000,1.8439,10949.3379,56,1.5347,0.0000,0.0000,0.0000,1279550.7500,10.1111,82657.7188,361.1336,128482
43,182,LosAngeles_Small,train,MAPPO,3600,7,90,77,0.8556,1.0000,0.0000,531.8701,265.9351,0.3945,2.9944,280.3896,272.3133,1162.3186,0.8291,24.0334,21.2633,835.4861,219.8646,734.1222,73412.2188,0,0,0.0001,0.0050,0.0262,0.0158,339,0.8556,0.1444,2.9566,1591.7472,shock_pick,0.2117,0.3855,1.6183,0.0000,1.0000,0.0000,47.9259,18,1232.5708,0.3282,1.3276,4,1,89498.5312,3.7667,0.0000,3.7667,0.8879,0.8838,0.0000,1.5833,8955.3232,68,1.1746,0.0000,0.0000,0.0000,576111.4375,7.9444,17688.6562,379.5727,66071
43,183,LosAngeles_Medium,train,IPPO,3600,14,156,131,0.8397,1.0000,0.0000,915.5267,114.4408,0.5784,2.9937,598.4809,355.7047,2353.4019,0.7865,45.9403,42.8750,1858.2927,259.9948,3554.2244,177711.2188,0,0,-0.0001,0.5046,0.6907,0.1623,639,0.8397,0.1603,2.9478,3183.1658,shock_pick,0.2159,0.4138,1.6117,0.0000,1.0000,1.0000,127.8005,18,2438.6777,0.3556,1.0433,5,0,308295.6562,4.0962,0.0000,4.0962,0.8584,1.7928,0.0000,1.3302,14141.9570,110,1.2429,0.0000,0.0000,0.0000,3146004.7500,25.3269,439108.5938,331.2088,554459
43,183,LosAngeles_Medium,train,MAPPER,3600,14,156,116,0.7436,1.0000,0.0000,932.7500,155.4583,0.4556,2.9915,585.1035,407.0757,2456.9429,0.8398,45.9403,42.8750,1858.2927,259.9948,3008.2307,150411.5312,0,0,-0.0058,0.2210,0.4964,0.0702,609,0.7436,0.2564,2.9440,3183.1658,shock_pick,0.1996,0.3857,1.6117,0.0000,1.0000,1.0000,93.7149,18,2438.6963,0.3559,1.0606,4,1,285005.3750,3.9038,0.0000,3.9038,0.8229,1.9410,0.0000,1.3273,14337.0215,118,1.3858,0.0000,0.0000,0.0000,2760213.7500,15.0577,369410.4062,392.2009,469284
43,183,LosAngeles_Medium,train,MAPPO,3600,14,156,129,0.8269,1.0000,0.0000,868.9302,96.5478,0.6890,2.9904,554.0233,377.7347,2342.6396,0.8457,45.9403,42.8750,1858.2927,259.9948,2134.2629,106713.1406,0,0,-0.0010,0.0115,0.0170,0.0221,613,0.8269,0.1731,2.9449,3183.1658,shock_pick,0.2161,0.4057,1.6117,0.0000,1.0000,1.0000,85.4953,18,2438.6299,0.3554,1.1551,4,0,302200.5000,3.9295,0.0000,3.9295,0.8293,1.7588,0.0000,1.4708,21436.0117,163,1.4275,0.0000,0.0000,0.0000,1882920.6250,20.8974,217307.9844,489.9231,332945
43,184,Paris_Small,train,IPPO,3600,7,95,90,0.9474,1.0000,0.0000,496.8111,248.4055,0.3279,2.9287,247.2444,256.0215,1004.5563,0.8126,23.9233,21.5659,829.3533,228.2290,1957.8105,195781.0469,0,0,-0.0002,0.3199,0.6908,0.1235,349,0.9474,0.0526,2.8729,1596.3478,shock_pick,0.2200,0.3944,1.6839,0.0000,1.0000,1.0000,46.3332,13,1254.0728,0.3420,0.9592,5,1,90410.0703,3.6737,0.0000,3.6737,0.9617,0.8443,0.0000,1.0967,2124.5190,22,1.1796,0.0000,0.0000,0.0000,1697779.0000,19.8526,123411.5859,398.7120,185992
43,184,Paris_Small,train,MAPPER,3600,7,95,88,0.9263,1.0000,0.0000,523.1477,174.3826,0.4339,2.9281,243.3523,293.7312,970.6951,0.7978,23.9233,21.5659,829.3533,228.2290,1609.8842,160988.4219,0,0,-0.0052,0.1118,0.3777,0.0261,373,0.9263,0.0737,2.8757,1596.3478,shock_pick,0.2798,0.5082,1.6839,0.0000,1.0000,1.0000,49.2133,13,1254.1381,0.3409,1.0852,5,1,85421.1719,3.9263,0.0000,3.9263,0.9071,0.8145,0.0000,1.1841,3733.0188,36,1.0731,0.0000,0.0000,0.0000,1454418.5000,13.4211,92821.7734,477.3491,152939
43,184,Paris_Small,train,MAPPO,3600,7,95,90,0.9474,1.0000,0.0000,443.9445,221.9722,0.3491,2.9332,229.6000,220.4565,969.9927,0.8449,23.9233,21.5659,829.3533,228.2290,1188.9474,118894.7344,0,0,-0.0001,0.0021,0.0220,0.0097,371,0.9474,0.0526,2.8783,1596.3478,shock_pick,0.2123,0.3817,1.6839,0.0000,1.0000,1.0000,35.6015,13,1254.0658,0.3380,1.0231,5,1,87299.3438,3.9053,0.0000,3.9053,0.9224,0.8098,0.0000,1.1821,2806.4233,25,1.2795,0.0000,0.0000,0.0000,1034698.1875,6.3579,48794.7266,521.0714,112950
43,185,Paris_Medium,train,IPPO,3600,14,158,131,0.8291,1.0000,0.0000,818.7557,116.9651,0.5012,2.9172,550.4885,326.8954,2182.5173,0.7929,46.5274,44.5527,1924.9304,269.8503,5144.2593,257212.9844,0,0,-0.0002,0.4873,0.6901,0.1592,607,0.8291,0.1709,2.8630,3179.9502,shock_pick,0.2290,0.4471,1.6716,0.0000,1.0000,1.0000,113.9850,16,2496.2312,0.3751,0.8445,6,1,285909.7500,3.8418,0.0000,3.8418,0.7960,2.0104,0.0000,1.0988,4564.9839,45,1.1316,0.0000,0.0000,0.0000,3814654.0000,25.5127,531950.9375,447.8791,812793
43,185,Paris_Medium,train,MAPPER,3600,14,158,127,0.8038,1.0000,0.0000,858.1339,171.6268,0.4049,2.9134,544.2047,349.6808,2265.3369,0.8325,46.5274,44.5527,1924.9304,269.8503,3156.1582,157807.9062,0,0,-0.0037,0.2421,0.4815,0.0536,580,0.8038,0.1962,2.8584,3179.9502,shock_pick,0.2058,0.3807,1.6716,0.0000,1.0000,1.0000,91.1373,16,2496.2642,0.3737,0.9416,4,1,287697.7812,3.6709,0.0000,3.6709,0.8057,2.0988,0.0000,1.1814,9122.2646,85,1.3096,0.0000,0.0000,0.0000,2863583.5000,17.8038,360821.2812,579.9073,498673
43,185,Paris_Medium,train,MAPPO,3600,14,158,140,0.8861,1.0000,0.0000,777.0143,111.0020,0.5442,2.9133,527.6857,291.6928,2240.2659,0.8491,46.5274,44.5527,1924.9304,269.8503,2486.6836,124334.1797,0,0,0.0000,0.0025,0.0196,0.0106,597,0.8861,0.1139,2.8596,3179.9502,shock_pick,0.2252,0.4189,1.6716,0.0000,1.0000,1.0000,79.6326,16,2496.2891,0.3739,0.9825,5,0,313637.2500,3.7785,0.0000,3.7785,0.8696,2.0550,0.0000,1.1872,10795.2793,94,1.5874,0.0000,0.0000,0.0000,2193680.7500,15.3165,242607.2812,658.1943,392896
43,186,Tokyo_Small,train,IPPO,3600,10,87,74,0.8506,1.0000,0.0000,578.6892,144.6723,0.4649,3.0149,293.5135,305.6582,1207.6675,0.8229,29.3870,26.6229,859.4454,255.0370,2082.0115,208201.1562,0,0,-0.0001,0.3471,0.6901,0.1338,307,0.8506,0.1494,2.9578,1585.2426,shock_pick,0.2063,0.3879,1.6943,0.0000,1.0000,1.0000,51.9800,16,1235.5261,0.3280,1.1361,5,1,89367.3984,3.5287,0.0000,3.5287,0.8946,0.8590,0.0000,1.4274,10377.6719,47,1.2435,0.0000,0.0000,0.0000,1818368.3750,18.2184,131139.7344,311.0171,181135
43,186,Tokyo_Small,train,MAPPER,3600,10,87,67,0.7701,1.0000,0.0000,617.0298,154.2575,0.4484,3.0112,281.1493,378.4730,1179.5060,0.8391,29.3870,26.6229,859.4454,255.0370,1542.8160,154281.5938,0,0,-0.0046,0.2813,0.3614,0.0364,298,0.7701,0.2299,2.9550,1585.2426,shock_pick,0.2543,0.4651,1.6943,0.0000,1.0000,1.0000,45.2481,16,1235.5773,0.3295,1.1136,5,0,79026.8984,3.4253,0.0000,3.4253,0.8220,0.8717,0.0000,1.4454,6193.7427,46,1.5124,0.0000,0.0000,0.0000,1372947.2500,13.5632,86044.0781,383.9369,134225
43,186,Tokyo_Small,train,MAPPO,3600,10,87,76,0.8736,1.0000,0.0000,582.4079,145.6020,0.4999,3.0101,293.3289,292.0898,1225.6147,0.8357,29.3870,26.6229,859.4454,255.0370,1176.9310,117693.1016,0,0,-0.0012,0.0142,0.0240,0.0231,323,0.8736,0.1264,2.9525,1585.2426,shock_pick,0.2132,0.4182,1.6943,0.0000,1.0000,1.0000,48.2060,16,1235.5255,0.3289,1.2759,6,1,93146.7188,3.7126,0.0000,3.7126,0.9297,0.8692,0.0000,1.4434,11344.8135,58,1.2479,0.0000,0.0000,0.0000,1009606.8750,7.8966,51575.2891,416.7893,102393
43,187,Tokyo_Medium,train,IPPO,3600,20,160,130,0.8125,1.0000,0.0000,899.1308,99.9034,0.4800,2.9909,573.3615,390.7086,2361.9204,0.8239,57.7309,54.6895,1989.2736,259.3840,4970.3501,248517.5000,0,0,-0.0003,0.6858,0.6892,0.1908,585,0.8125,0.1875,2.9175,3178.8826,shock_pick,0.2352,0.4560,1.6469,0.0000,1.0000,1.0000,100.9774,15,2467.1560,0.2799,0.8690,5,0,307049.6562,3.6562,0.0000,3.6562,0.8288,2.0403,0.0000,1.1405,8215.1562,70,1.2676,0.0000,0.0000,0.0000,4609645.0000,25.5125,677356.6875,376.1689,795256
43,187,Tokyo_Medium,train,MAPPER,3600,20,160,111,0.6938,1.0000,0.0000,933.0901,116.6363,0.4303,2.9900,586.1802,417.4231,2523.8403,0.8611,57.7309,54.6895,1989.2736,259.3840,4134.3062,206715.3125,0,0,-0.0038,0.2754,0.4768,0.0610,595,0.6938,0.3062,2.9169,3178.8826,shock_pick,0.2241,0.4370,1.6469,0.0000,1.0000,1.0000,81.4121,15,2467.3452,0.2824,0.9560,5,0,280146.2812,3.7188,0.0000,3.7188,0.7270,2.0961,0.0000,1.4584,14496.9609,75,1.6815,0.0000,0.0000,0.0000,3884032.5000,12.3562,549902.3125,447.1463,661489
43,187,Tokyo_Medium,train,MAPPO,3600,20,160,118,0.7375,1.0000,0.0000,922.8305,70.9870,0.6832,2.9857,564.1356,440.6834,2449.6252,0.8685,57.7309,54.6895,1989.2736,259.3840,3667.2312,183361.5625,0,0,-0.0008,0.0040,0.0115,0.0122,644,0.7375,0.2625,2.9107,3178.8826,shock_pick,0.1946,0.3710,1.6469,0.0000,1.0000,1.0000,74.2106,15,2467.3623,0.2836,1.1732,3,0,289055.7812,4.0250,0.0000,4.0250,0.7577,2.0551,0.0000,1.4438,24977.3320,157,2.1241,0.0000,0.0000,0.0000,3406733.2500,31.1812,441979.7188,644.3626,586757
43,188,LosAngeles_Small,train,IPPO,3600,10,85,77,0.9059,1.0000,0.0000,590.8182,196.9394,0.3857,3.0469,303.5844,298.1500,1182.9795,0.7793,22.6290,18.8322,922.2761,238.7607,1500.5764,150057.6406,0,0,-0.0002,0.3727,0.6892,0.1403,319,0.9059,0.0941,3.0427,1590.1609,shock_pick,0.2790,0.5374,1.6871,0.0000,1.0000,1.0000,66.9885,14,1232.1226,0.3073,1.1503,8,1,91089.4141,3.7529,0.0000,3.7529,0.9161,0.9727,0.0000,1.3798,5993.4189,60,1.3235,0.0000,0.0000,0.0000,1252429.2500,22.1176,85790.7422,243.1293,127549
43,188,LosAngeles_Small,train,MAPPER,3600,10,85,68,0.8000,1.0000,0.0000,593.0735,197.6912,0.3831,3.0469,299.7206,334.1622,1171.7721,0.7819,22.6290,18.8322,922.2761,238.7607,1037.4941,103749.4141,0,0,-0.0037,0.3046,0.3069,0.0413,315,0.8000,0.2000,3.0434,1590.1609,shock_pick,0.2463,0.4402,1.6871,0.0000,1.0000,1.0000,65.3662,15,1232.1644,0.3077,1.2119,5,1,79680.5000,3.7059,0.0000,3.7059,0.7786,0.9361,0.0000,1.4955,7786.4561,56,1.3598,0.0000,0.0000,0.0000,865452.6875,9.8706,44296.1367,344.3241,88187
43,188,LosAngeles_Small,train,MAPPO,3600,10,85,77,0.9059,1.0000,0.0000,517.5844,129.3961,0.4136,3.0478,277.7532,243.0641,1194.7852,0.8603,22.6290,18.8322,922.2761,238.7607,980.8706,98087.0625,0,0,-0.0021,0.0158,0.0148,0.0241,326,0.9059,0.0941,3.0436,1590.1609,shock_pick,0.2078,0.3782,1.6871,0.0000,1.0000,1.0000,38.7962,15,1232.1553,0.3062,1.2864,5,1,91998.4531,3.8353,0.0000,3.8353,0.9346,0.9923,0.0000,1.5311,7999.6099,69,1.1847,0.0000,0.0000,0.0000,810332.3125,11.6706,36673.7578,378.8783,83374
43,189,LosAngeles_Medium,train,IPPO,3600,20,168,140,0.8333,1.0000,0.0000,958.2000,79.8500,0.6022,2.9719,599.1286,426.6437,2348.0168,0.7838,47.2991,44.4705,1784.3918,224.1599,5243.4404,262172.0312,0,0,-0.0002,0.3451,0.6880,0.1337,640,0.8333,0.1667,2.8936,3179.3486,shock_pick,0.2186,0.4333,1.5828,0.0000,1.0000,1.0000,129.5252,16,2439.2827,0.4013,0.9845,6,0,328722.3438,3.8095,0.0000,3.8095,0.8612,1.9087,0.0000,1.2598,12595.1357,100,1.3436,0.0000,0.0000,0.0000,4882284.5000,26.2500,758985.8125,364.5156,880898
43,189,LosAngeles_Medium,train,MAPPER,3600,20,168,126,0.7500,1.0000,0.0000,917.5079,114.6885,0.4319,2.9706,539.6429,431.8705,2316.0920,0.8584,47.2991,44.4705,1784.3918,224.1599,3618.6785,180933.9219,0,0,-0.0033,0.2877,0.4283,0.0615,625,0.7500,0.2500,2.8900,3179.3486,shock_pick,0.2136,0.4176,1.5828,0.0000,1.0000,1.0000,76.4245,16,2439.1384,0.4033,0.9816,5,0,291827.5938,3.7202,0.0000,3.7202,0.7310,1.8002,0.0000,1.2872,12157.6660,97,1.3486,0.0000,0.0000,0.0000,3381512.5000,11.0476,498816.6875,412.3685,607938
43,189,LosAngeles_Medium,train,MAPPO,3600,20,168,127,0.7560,1.0000,0.0000,1034.6063,68.9738,0.7842,2.9623,540.2992,577.0671,2349.4260,0.8697,47.2991,44.4705,1784.3918,224.1599,3898.8333,194941.6719,0,0,-0.0016,0.0313,0.0055,0.0347,688,0.7560,0.2440,2.8839,3179.3486,shock_pick,0.1566,0.3121,1.5828,0.0000,1.0000,1.0000,70.4140,16,2439.3975,0.4013,1.2310,4,1,298377.0938,4.0952,0.0000,4.0952,0.7951,1.9426,0.0000,1.5592,30467.7129,196,1.7832,0.0000,0.0000,0.0000,3640056.5000,32.7857,491187.0312,716.3264,655004
43,190,Paris_Small,train,IPPO,3600,10,87,81,0.9310,1.0000,0.0000,510.0124,127.5031,0.4147,2.9707,276.8889,234.9157,1117.1979,0.8070,23.8499,20.6496,900.9281,243.5224,2477.5288,247752.8594,0,0,-0.0002,0.2158,0.6884,0.1037,324,0.9310,0.0690,3.0027,1591.3069,shock_pick,0.2761,0.4983,1.6775,0.0000,1.0000,0.0000,53.4493,14,1255.1000,0.3524,0.9590,6,0,90493.0234,3.7241,0.0000,3.7241,0.9705,1.0003,0.0000,1.1755,2908.4719,20,1.2332,0.0000,0.0000,0.0000,2161003.0000,19.5747,148426.1250,454.9579,215545
43,190,Paris_Small,train,MAPPER,3600,10,87,77,0.8851,1.0000,0.0000,553.5065,184.5022,0.3938,2.9722,275.5195,284.2785,1109.1600,0.8051,23.8499,20.6496,900.9281,243.5224,1967.6437,196764.3594,0,0,-0.0042,0.1741,0.3030,0.0295,322,0.8851,0.1149,2.9971,1591.3069,shock_pick,0.2583,0.4623,1.6775,0.0000,1.0000,0.0000,53.6875,14,1255.1367,0.3524,1.0199,5,1,85405.3203,3.7011,0.0000,3.7011,0.9256,1.0036,0.0000,1.1783,2514.0693,27,1.2517,0.0000,0.0000,0.0000,1796179.1250,7.8851,113933.0703,486.6057,171185
43,190,Paris_Small,train,MAPPO,3600,10,87,84,0.9655,1.0000,0.0000,451.0833,112.7708,0.4150,2.9732,262.2500,192.2209,1100.8024,0.8395,23.8499,20.6496,900.9281,243.5224,1191.2529,119125.2891,0,0,-0.0019,0.0073,0.0090,0.0167,327,0.9655,0.0345,3.0027,1591.3069,shock_pick,0.2053,0.3776,1.6775,0.0000,1.0000,0.0000,42.0895,14,1255.1553,0.3516,0.9028,5,1,92467.3906,3.7586,0.0000,3.7586,0.9791,0.9732,0.0000,1.0951,1495.3521,18,1.6096,0.0000,0.0000,0.0000,1023038.5000,5.0460,45465.8008,500.4453,103639
43,191,Paris_Medium,train,IPPO,3600,20,166,138,0.8313,1.0000,0.0000,830.8188,83.0819,0.5337,2.9585,540.4203,325.7161,2213.5015,0.8192,46.6944,43.5880,1873.1871,265.7853,5656.6987,282834.9375,0,0,-0.0004,0.4470,0.6871,0.1515,639,0.8313,0.1687,2.9663,3184.9177,shock_pick,0.1915,0.3832,1.6589,0.0000,1.0000,0.0000,97.7200,14,2500.2869,0.3326,0.8797,5,1,305463.2188,3.8494,0.0000,3.8494,0.8189,1.8024,0.0000,1.1925,6980.0664,79,1.1653,0.0000,0.0000,0.0000,5213073.0000,26.3072,788329.5000,464.1038,939012
43,191,Paris_Medium,train,MAPPER,3600,20,166,133,0.8012,1.0000,0.0000,830.4962,92.2774,0.4645,2.9556,526.5714,344.8993,2193.3013,0.8330,46.6944,43.5880,1873.1871,265.7853,3857.1445,192857.2344,0,0,-0.0037,0.2177,0.4202,0.0417,583,0.8012,0.1988,2.9599,3184.9177,shock_pick,0.2228,0.4132,1.6589,0.0000,1.0000,0.0000,87.9112,14,2500.2920,0.3327,0.9392,5,1,291709.0625,3.5120,0.0000,3.5120,0.7848,1.7923,0.0000,1.2210,8742.3545,87,1.5469,0.0000,0.0000,0.0000,3577334.2500,12.3133,501209.6250,558.0021,640286
43,191,Paris_Medium,train,MAPPO,3600,20,166,142,0.8554,1.0000,0.0000,813.2253,67.7688,0.6094,2.9553,521.8169,330.4810,2219.1118,0.8505,46.6944,43.5880,1873.1871,265.7853,3293.2229,164661.1406,0,0,-0.0018,0.0154,0.0050,0.0239,634,0.8554,0.1446,2.9619,3184.9177,shock_pick,0.1782,0.3447,1.6589,0.0000,1.0000,0.0000,77.9945,14,2500.3044,0.3317,0.9076,5,1,315113.8750,3.8193,0.0000,3.8193,0.8343,1.7847,0.0000,1.1785,8211.4170,101,1.6701,0.0000,0.0000,0.0000,3014160.0000,18.3072,378652.2812,733.1249,546675
43,192,Tokyo_Small,train,IPPO,3600,25,87,77,0.8851,1.0000,0.0000,586.1039,58.6104,0.4338,2.9420,293.6623,294.6747,1251.4473,0.8523,28.6251,26.3072,936.2626,280.7611,3663.9312,366393.0938,0,0,-0.0003,0.2070,0.6871,0.1017,296,0.8851,0.1149,2.9911,1590.9756,shock_pick,0.2420,0.4348,1.5714,0.0000,1.0000,0.0000,43.3729,15,1233.4542,0.4910,1.2793,5,1,96361.4375,3.4023,0.0000,3.4023,0.8970,0.9013,0.0000,1.3950,8020.9644,55,1.5026,0.0000,0.0000,0.0000,3422059.7500,17.3908,272599.2500,288.7377,318762
43,192,Tokyo_Small,train,MAPPER,3600,25,87,75,0.8621,1.0000,0.0000,611.9867,50.9989,0.4943,2.9403,293.3200,344.8781,1251.2478,0.8532,28.6251,26.3072,936.2626,280.7611,1787.6207,178762.0781,0,0,-0.0046,0.1637,0.2534,0.0226,294,0.8621,0.1379,2.9897,1590.9756,shock_pick,0.1924,0.3540,1.5714,0.0000,1.0000,0.0000,43.0704,15,1233.4586,0.4913,1.2610,4,1,93843.5859,3.3793,0.0000,3.3793,0.8556,0.8827,0.0000,1.3704,8214.6777,66,1.6020,0.0000,0.0000,0.0000,1631363.2500,8.1494,112896.8828,333.7001,155523
43,192,Tokyo_Small,train,MAPPO,3600,25,87,78,0.8966,1.0000,0.0000,537.5128,53.7513,0.4320,2.9437,291.4487,250.9518,1238.9845,0.8502,28.6251,26.3072,936.2626,280.7611,818.0920,81809.1953,0,0,-0.0021,0.0117,0.0053,0.0202,302,0.8966,0.1034,2.9945,1590.9756,shock_pick,0.2214,0.4046,1.5714,0.0000,1.0000,0.0000,43.6518,15,1233.4447,0.4914,1.2333,5,1,96640.7891,3.4713,0.0000,3.4713,0.8996,0.8924,0.0000,1.4075,7441.3149,51,1.3476,0.0000,0.0000,0.0000,664284.3125,4.4483,28565.0918,335.9521,71174
43,193,Tokyo_Medium,train,IPPO,3600,50,169,134,0.7929,1.0000,0.0000,903.4179,32.2649,0.5609,2.9452,541.7537,404.2282,2300.2209,0.8492,57.8777,55.6973,1814.9902,267.7979,11341.8701,567093.5000,0,0,-0.0002,0.7339,0.6856,0.1932,593,0.7929,0.2071,2.8741,3179.0986,shock_pick,0.2391,0.4430,1.6117,0.0000,1.0000,1.0000,81.7095,17,2463.5032,0.3485,0.9707,5,0,308229.5938,3.5089,0.0000,3.5089,0.8257,1.8626,0.0000,1.2782,17446.5801,87,2.3379,0.0000,0.0000,0.0000,10931147.0000,27.6805,1782936.7500,381.2289,1916776
43,193,Tokyo_Medium,train,MAPPER,3600,50,169,119,0.7041,1.0000,0.0000,994.0420,36.8164,0.5544,2.9461,567.9076,489.9847,2352.5037,0.8285,57.8777,55.6973,1814.9902,267.7979,5683.3193,284165.9688,0,0,-0.0044,0.2790,0.3304,0.0693,641,0.7041,0.2959,2.8733,3179.0986,shock_pick,0.2138,0.4139,1.6117,0.0000,1.0000,1.0000,97.4069,17,2463.6318,0.3496,1.0291,5,0,279947.9375,3.7929,0.0000,3.7929,0.7350,1.8669,0.0000,1.2319,12405.8662,99,2.4626,0.0000,0.0000,0.0000,5449747.5000,14.5148,839243.8750,483.8117,960481
43,193,Tokyo_Medium,train,MAPPO,3600,50,169,117,0.6923,0.9822,0.0178,1031.0427,28.6401,0.7352,2.9408,559.6411,514.9764,2383.8164,0.8519,57.8777,55.6973,1824.0410,267.9466,4091.1006,204555.0156,0,0,-0.0004,0.0037,0.0021,0.0112,634,0.7048,0.2952,2.8705,3179.0986,shock_pick,0.2301,0.4334,1.6108,1.6606,0.9821,1.0000,82.8778,17,2463.7083,0.3469,1.2690,4,1,278906.5000,3.7515,0.0000,3.7515,0.7195,1.8589,4.3955,1.5265,34744.7070,171,3.2543,0.0000,0.0000,0.0000,3830775.0000,42.6154,446371.1875,1189.5273,691396
43,194,LosAngeles_Small,train,IPPO,3600,25,91,82,0.9011,1.0000,0.0000,518.6097,57.6233,0.3974,2.9948,257.1585,271.4713,1068.5732,0.8311,22.4289,20.8095,816.9684,231.5232,3700.2856,370028.5938,0,0,-0.0005,0.3083,0.6858,0.1251,337,0.9011,0.0989,3.0179,1592.8833,shock_pick,0.1463,0.2823,1.6383,0.0000,1.0000,0.0000,43.4439,14,1230.2970,0.3795,1.1229,4,1,87623.0078,3.7033,0.0000,3.7033,0.8910,0.7990,0.0000,1.2737,4464.9385,44,1.6592,0.0000,0.0000,0.0000,3468267.2500,17.7582,291055.2812,269.8591,336726
43,194,LosAngeles_Small,train,MAPPER,3600,25,91,84,0.9231,1.0000,0.0000,525.4405,52.5440,0.4122,2.9941,243.4881,293.4832,1053.0143,0.8649,22.4289,20.8095,816.9684,231.5232,1727.4396,172743.9531,0,0,-0.0037,0.1547,0.2411,0.0195,316,0.9231,0.0769,3.0181,1592.8833,shock_pick,0.2890,0.5156,1.6383,0.0000,1.0000,0.0000,32.8852,14,1230.2661,0.3789,1.0898,6,0,88453.2031,3.4725,0.0000,3.4725,0.9144,0.8005,0.0000,1.2586,4550.2783,49,1.5860,0.0000,0.0000,0.0000,1577360.7500,10.2967,112142.7734,345.0244,157197
43,194,LosAngeles_Small,train,MAPPO,3600,25,91,83,0.9121,1.0000,0.0000,492.1325,54.6814,0.3931,2.9959,248.2169,252.7356,1073.1116,0.8647,22.4289,20.8095,816.9684,231.5232,975.7912,97579.1172,0,0,-0.0000,0.0008,0.0050,0.0050,351,0.9121,0.0879,3.0203,1592.8833,shock_pick,0.2027,0.3752,1.6383,0.0000,1.0000,0.0000,33.5946,14,1230.2750,0.3792,1.2241,5,0,89068.2578,3.8571,0.0000,3.8571,0.9120,0.8079,0.0000,1.4800,5545.6079,56,1.3557,0.0000,0.0000,0.0000,823694.0625,6.5934,40464.6797,379.0290,88797
43,195,LosAngeles_Medium,train,IPPO,3600,50,162,120,0.7407,1.0000,0.0000,916.3000,29.5581,0.6371,2.9959,579.8500,421.4653,2475.0913,0.8537,46.9794,43.9477,1857.7397,255.0413,11614.4814,580724.0625,0,0,-0.0005,0.3307,0.6838,0.1266,594,0.7407,0.2593,2.9756,3182.0012,shock_pick,0.2008,0.3942,1.6263,0.0000,1.0000,1.0000,84.8317,18,2430.8701,0.3162,1.1019,4,0,297010.9688,3.6667,0.0000,3.6667,0.7742,2.1180,0.0000,1.3970,18352.8027,159,4.1686,0.0000,0.0000,0.0000,11195927.0000,44.2716,1743118.8750,435.9374,1881546
43,195,LosAngeles_Medium,train,MAPPER,3600,50,162,115,0.7099,1.0000,0.0000,930.2696,30.0087,0.6243,2.9950,573.2348,423.4485,2461.9314,0.8590,46.9794,43.9477,1857.7397,255.0413,4381.4258,219071.2812,0,0,-0.0023,0.1653,0.3003,0.0335,631,0.7099,0.2901,2.9769,3182.0012,shock_pick,0.2477,0.4695,1.6263,0.0000,1.0000,1.0000,80.8485,18,2430.9153,0.3152,1.1183,4,0,283122.1250,3.8951,0.0000,3.8951,0.7653,2.1846,0.0000,1.4502,19873.1191,151,4.0750,0.0000,0.0000,0.0000,4101120.7500,20.9074,580836.6250,515.7115,709791
43,195,LosAngeles_Medium,train,MAPPO,3600,50,162,123,0.7593,0.9815,0.0185,866.5691,27.0803,0.6506,2.9949,588.5447,330.2388,2528.6707,0.8593,46.9794,43.6224,1872.9585,254.7420,2120.2407,106012.0391,0,0,-0.0011,0.0148,0.0040,0.0225,549,0.7736,0.2264,2.9772,3182.0012,shock_pick,0.2435,0.4491,1.6447,0.6486,0.9814,1.0000,82.8106,18,2430.8755,0.3169,1.2002,4,0,311026.5000,3.3889,0.0000,3.3889,0.8035,2.1444,1.2658,1.4840,24642.8555,167,2.3141,0.0000,0.0000,0.0000,1869973.8750,19.6420,219696.8594,513.8220,343479
43,196,Paris_Small,train,IPPO,3600,25,91,88,0.9670,1.0000,0.0000,572.7614,52.0692,0.4783,2.9281,301.7500,280.8791,1258.1908,0.8339,23.9540,22.1068,1050.8243,235.3742,5755.4067,575540.6875,0,0,-0.0002,0.2145,0.6838,0.1013,318,0.9670,0.0330,2.8972,1595.7759,shock_pick,0.2114,0.3930,1.6187,0.0000,1.0000,1.0000,50.1118,15,1256.1973,0.3552,1.0300,6,1,110720.7891,3.4945,0.0000,3.4945,0.9663,1.0505,0.0000,1.2361,3837.9592,46,1.8873,0.0000,0.0000,0.0000,5453899.0000,21.3516,454103.7812,463.7497,523742
43,196,Paris_Small,train,MAPPER,3600,25,91,86,0.9451,1.0000,0.0000,608.0930,50.6744,0.5141,2.9204,289.0814,323.7386,1199.7347,0.8300,23.9540,22.1068,1050.8243,235.3742,2545.9890,254598.8906,0,0,-0.0021,0.1096,0.1977,0.0163,312,0.9451,0.0549,2.8952,1595.7759,shock_pick,0.1965,0.3595,1.6187,0.0000,1.0000,1.0000,49.1344,15,1256.2306,0.3628,1.0538,5,1,103177.1953,3.4286,0.0000,3.4286,0.8999,1.0010,0.0000,1.2480,5530.2554,57,2.1714,0.0000,0.0000,0.0000,2353670.2500,11.5824,163210.0469,560.1555,231685
43,196,Paris_Small,train,MAPPO,3600,25,91,89,0.9780,1.0000,0.0000,518.7079,51.8708,0.4249,2.9243,303.4719,218.6593,1263.2988,0.8326,23.9540,22.1068,1050.8243,235.3742,1305.3077,130530.7656,0,0,0.0000,0.0013,0.0036,0.0037,329,0.9780,0.0220,2.8980,1595.7759,shock_pick,0.2311,0.4127,1.6187,0.0000,1.0000,1.0000,50.8122,15,1256.1714,0.3637,0.8948,5,1,112433.5938,3.6154,0.0000,3.6154,0.9685,1.0411,0.0000,1.1394,2483.0273,29,1.5057,0.0000,0.0000,0.0000,1120307.1250,4.7912,53280.6367,534.8077,118783
43,197,Paris_Medium,train,IPPO,3600,50,155,137,0.8839,1.0000,0.0000,771.5985,30.8639,0.5173,2.8899,514.4891,289.6600,2160.0225,0.8397,46.9973,40.9326,1822.8826,254.3752,12786.0195,639300.9375,0,0,-0.0002,0.3507,0.6822,0.1278,564,0.8839,0.1161,2.8190,3187.9739,shock_pick,0.2281,0.4229,1.6391,0.0000,1.0000,1.0000,82.4846,15,2500.9424,0.3806,0.8748,5,1,295923.0625,3.6387,0.0000,3.6387,0.9264,2.0112,0.0000,1.1473,5414.3555,69,1.7425,0.0000,0.0000,0.0000,12322653.0000,25.1355,1834940.0000,484.3339,1981833
43,197,Paris_Medium,train,MAPPER,3600,50,155,140,0.9032,1.0000,0.0000,856.5000,29.5345,0.5857,2.8869,508.0571,364.7533,2157.0239,0.8491,46.9973,40.9326,1822.8826,254.3752,4699.0000,234950.0000,0,0,-0.0036,0.1400,0.2928,0.0248,567,0.9032,0.0968,2.8172,3187.9739,shock_pick,0.1794,0.3461,1.6391,0.0000,1.0000,1.0000,76.6523,15,2500.8826,0.3804,0.9372,5,1,301983.3438,3.6581,0.0000,3.6581,0.9288,1.9732,0.0000,1.1375,7756.3174,86,2.0606,0.0000,0.0000,0.0000,4399619.5000,11.6581,590165.1875,592.1045,728345
43,197,Paris_Medium,train,MAPPO,3600,50,155,139,0.8968,1.0000,0.0000,772.1439,28.5979,0.5545,2.8897,508.0144,293.5817,2161.9541,0.8511,46.9973,40.9326,1822.8826,254.3752,2564.5291,128226.4531,0,0,-0.0011,0.0112,0.0023,0.0192,603,0.8968,0.1032,2.8191,3187.9739,shock_pick,0.1795,0.3479,1.6391,0.0000,1.0000,1.0000,75.6236,15,2501.0144,0.3794,0.9089,5,1,300511.5938,3.8903,0.0000,3.8903,0.9139,1.9555,0.0000,1.1417,6240.9893,69,1.9766,0.0000,0.0000,0.0000,2272267.2500,8.0323,254143.1094,632.6372,397502
43,198,Tokyo_Small,train,IPPO,3600,7,90,73,0.8111,1.0000,0.0000,626.4794,208.8265,0.5246,3.0551,314.6575,342.7711,1281.1630,0.8143,28.1129,25.0812,951.7219,272.6031,1661.3667,166136.6719,0,0,-0.0005,0.4137,0.6813,0.1393,306,0.8111,0.1889,3.0780,1729.3887,wave,0.3459,0.6264,1.5814,0.0000,1.0000,0.0000,58.4249,15,1347.7172,0.1597,1.2197,6,0,93524.8984,3.4000,0.0000,3.4000,0.8409,1.0337,0.0000,1.4600,9284.6553,69,1.1603,0.0000,0.0000,0.0000,1455234.0000,20.8556,102189.4609,319.7976,149523
43,198,Tokyo_Small,train,MAPPER,3600,7,90,68,0.7556,1.0000,0.0000,702.4265,351.2132,0.3598,3.0576,324.3382,431.8333,1266.2781,0.7808,28.1129,25.0812,951.7219,272.6031,1323.0667,132306.6719,0,0,-0.0027,0.0950,0.1982,0.0213,324,0.7556,0.2444,3.0788,1729.3887,wave,0.2627,0.4788,1.5814,0.0000,1.0000,0.0000,71.0826,15,1347.7589,0.1599,1.1543,5,1,86106.9141,3.6000,0.0000,3.6000,0.7767,1.0250,0.0000,1.4462,7835.1895,57,1.1190,0.0000,0.0000,0.0000,1171966.0000,8.9000,72643.0703,364.8233,119076
43,198,Tokyo_Small,train,MAPPO,3600,7,90,69,0.7667,1.0000,0.0000,723.8406,180.9601,0.6050,3.0504,305.7971,453.9200,1259.0701,0.8235,28.1129,25.0812,951.7219,272.6031,1201.3000,120130.0000,0,0,-0.0000,0.0085,0.0017,0.0059,361,0.7667,0.2333,3.0747,1729.3887,wave,0.2884,0.5401,1.5814,0.0000,1.0000,0.0000,53.9831,15,1347.8186,0.1613,1.4691,6,0,86875.8359,4.0111,0.0000,4.0111,0.7801,1.0145,0.0000,1.8780,21228.6719,96,1.2936,0.0000,0.0000,0.0000,1042546.9375,18.3333,50044.5430,486.4980,108117
43,199,Tokyo_Medium,train,IPPO,3600,14,164,142,0.8659,1.0000,0.0000,849.7817,121.3974,0.5418,3.0666,486.0775,397.3440,1985.4879,0.8169,58.2035,55.5476,1601.7876,255.5507,4089.6768,204483.8438,0,0,-0.0003,0.4193,0.6789,0.1441,591,0.8659,0.1341,3.0930,3457.9067,wave,0.2409,0.4763,1.6249,0.0000,1.0000,0.0000,88.9799,14,2695.5903,0.2173,1.0434,7,1,281939.2812,3.6037,0.0000,3.6037,0.8539,1.5211,0.0000,1.3388,16404.6191,109,1.2186,0.0000,0.0000,0.0000,3621627.2500,23.9451,536074.8125,352.8815,670707
43,199,Tokyo_Medium,train,MAPPER,3600,14,164,123,0.7500,1.0000,0.0000,884.5284,221.1321,0.3351,3.0676,479.1951,466.6528,1945.6096,0.8120,58.2035,55.5476,1601.7876,255.5507,2492.9084,124645.4219,0,0,-0.0038,0.1292,0.3046,0.0391,607,0.7500,0.2500,3.0935,3457.9067,wave,0.2353,0.4345,1.6249,0.0000,1.0000,0.0000,90.0732,14,2695.5154,0.2175,1.0578,5,1,239309.9844,3.7012,0.0000,3.7012,0.7515,1.5454,0.0000,1.3639,13500.1162,109,1.0887,0.0000,0.0000,0.0000,2289661.7500,10.7378,306877.8438,418.4584,408837
43,199,Tokyo_Medium,train,MAPPO,3600,14,164,141,0.8598,1.0000,0.0000,841.4610,105.1826,0.6320,3.0625,461.4184,400.5660,1977.6931,0.8572,58.2035,55.5476,1601.7876,255.5507,2671.1584,133557.9375,0,0,0.0000,0.0021,0.0016,0.0055,627,0.8598,0.1402,3.0903,3457.9067,wave,0.1881,0.3545,1.6249,0.0000,1.0000,0.0000,65.8798,14,2695.6294,0.2180,1.1404,4,1,278854.7500,3.8232,0.0000,3.8232,0.8551,1.5340,0.0000,1.3652,18664.6074,166,1.4652,0.0000,0.0000,0.0000,2466635.7500,17.9512,319500.5938,518.4634,438070
43,200,LosAngeles_Small,train,IPPO,3600,7,89,80,0.8989,1.0000,0.0000,606.6250,202.2083,0.4443,3.0704,330.5000,304.7765,1330.6643,0.8052,23.2151,20.3658,997.9869,241.5626,1467.2697,146726.9688,0,0,-0.0005,0.3496,0.6786,0.1297,331,0.8989,0.1011,3.0945,1729.6100,wave,0.2793,0.5184,1.6195,0.0000,1.0000,0.0000,64.3671,15,1336.8586,0.2097,1.1547,7,0,106453.1484,3.7191,0.0000,3.7191,0.8998,0.9436,0.0000,1.5446,9797.1582,57,1.1057,0.0000,0.0000,0.0000,1254271.8750,22.1685,86744.9375,279.6118,130587
43,200,LosAngeles_Small,train,MAPPER,3600,7,89,76,0.8539,1.0000,0.0000,682.0000,227.3333,0.4319,3.0693,349.8026,337.6790,1347.5959,0.7705,23.2151,20.3658,997.9869,241.5626,1305.5168,130551.6875,0,0,-0.0009,0.0448,0.1708,0.0105,320,0.8539,0.1461,3.0935,1729.6100,wave,0.2505,0.4539,1.6195,0.0000,1.0000,0.0000,80.2834,16,1336.8047,0.2102,1.0893,5,0,102417.2891,3.5955,0.0000,3.5955,0.8633,0.9529,0.0000,1.4411,7135.7959,63,1.2264,0.0000,0.0000,0.0000,1166485.7500,13.2135,71931.1719,358.2725,116191
43,200,LosAngeles_Small,train,MAPPO,3600,7,89,79,0.8876,1.0000,0.0000,572.4177,190.8059,0.4810,3.0701,315.7595,301.3494,1338.2179,0.8476,23.2151,20.3658,997.9869,241.5626,1064.4045,106440.4531,0,0,0.0000,0.0026,0.0026,0.0097,320,0.8876,0.1124,3.0937,1729.6100,wave,0.2322,0.4191,1.6195,0.0000,1.0000,0.0000,48.1159,15,1336.8138,0.2099,1.2299,5,1,105719.2109,3.5955,0.0000,3.5955,0.8836,0.9383,0.0000,1.4657,9987.2617,62,1.0649,0.0000,0.0000,0.0000,920252.9375,8.5393,47907.0742,381.9731,94732
43,201,LosAngeles_Medium,train,IPPO,3600,14,158,137,0.8671,1.0000,0.0000,1002.5474,143.2211,0.5285,3.0785,584.4233,450.5098,2358.1360,0.8070,47.7239,44.1518,1868.2402,303.5419,3820.8860,191044.2969,0,0,-0.0004,0.3602,0.6743,0.1327,635,0.8671,0.1329,3.0693,3458.9504,wave,0.2472,0.4916,1.6149,0.0000,1.0000,1.0000,112.7961,18,2677.3770,0.1715,0.9550,7,1,323064.6250,4.0190,0.0000,4.0190,0.8801,2.0046,0.0000,1.3505,14310.4258,142,1.4288,0.0000,0.0000,0.0000,3482413.2500,29.6203,486540.7188,403.0445,603700
43,201,LosAngeles_Medium,train,MAPPER,3600,14,158,113,0.7152,1.0000,0.0000,974.6017,194.9203,0.3934,3.0808,553.8849,494.1875,2336.6675,0.8437,47.7239,44.1518,1868.2402,303.5419,3233.7722,161688.6094,0,0,-0.0039,0.3427,0.2951,0.0470,606,0.7152,0.2848,3.0707,3458.9504,wave,0.2135,0.4091,1.6149,0.0000,1.0000,1.0000,86.5515,18,2677.6025,0.1681,1.0161,4,0,264043.4375,3.8354,0.0000,3.8354,0.7355,2.0311,0.0000,1.5142,19637.7871,127,1.2540,0.0000,0.0000,0.0000,3028238.2500,11.6835,408483.2188,442.9041,510936
43,201,LosAngeles_Medium,train,MAPPO,3600,14,158,116,0.7342,1.0000,0.0000,1114.8793,111.4879,0.7692,3.0731,542.8190,635.3864,2327.5183,0.8576,47.7239,44.1518,1868.2402,303.5419,3215.9050,160795.2500,0,0,-0.0000,0.0027,0.0006,0.0095,700,0.7342,0.2658,3.0650,3458.9504,wave,0.2698,0.4985,1.6149,0.0000,1.0000,1.0000,77.3153,18,2677.6184,0.1695,1.2004,4,0,269992.1250,4.4304,0.0000,4.4304,0.7821,2.1038,0.0000,1.8554,41123.4102,212,1.7851,0.0000,0.0000,0.0000,2995512.5000,34.3291,368129.5938,665.5804,508113
43,202,Paris_Small,train,IPPO,3600,7,89,83,0.9326,1.0000,0.0000,456.3976,228.1988,0.3139,3.0426,245.8795,210.0575,1010.9337,0.8223,23.0359,20.6368,830.1689,265.0604,1804.0449,180404.5000,0,0,-0.0005,0.2521,0.6763,0.1082,315,0.9326,0.0674,3.0617,1729.8317,wave,0.2711,0.4910,1.5642,0.0000,1.0000,0.0000,43.6928,15,1366.1389,0.1642,1.0327,6,0,83907.4922,3.5393,0.0000,3.5393,0.9218,0.8355,0.0000,1.1805,2580.1169,28,1.1067,0.0000,0.0000,0.0000,1492587.7500,16.2921,97370.8281,398.5353,160560
43,202,Paris_Small,train,MAPPER,3600,7,89,74,0.8315,1.0000,0.0000,558.4865,279.2433,0.3525,3.0396,253.8243,330.1342,1022.5823,0.8057,23.0359,20.6368,830.1689,265.0604,1332.0786,133207.8594,0,0,-0.0045,0.1004,0.2005,0.0232,320,0.8315,0.1685,3.0603,1729.8317,wave,0.2790,0.4976,1.5642,0.0000,1.0000,0.0000,49.3079,15,1366.1978,0.1648,1.2155,5,1,75671.0938,3.5955,0.0000,3.5955,0.8283,0.8420,0.0000,1.2804,5709.5259,42,1.2888,0.0000,0.0000,0.0000,1181048.8750,11.8876,59345.8789,514.2433,118555
43,202,Paris_Small,train,MAPPO,3600,7,89,84,0.9438,1.0000,0.0000,457.6071,228.8036,0.3740,3.0419,256.9524,200.4382,1042.5297,0.8115,23.0359,20.6368,830.1689,265.0604,1589.0562,158905.6250,0,0,-0.0034,0.0120,0.0023,0.0186,348,0.9438,0.0562,3.0635,1729.8317,wave,0.1757,0.3312,1.5642,0.0000,1.0000,0.0000,48.4465,15,1366.1661,0.1642,1.0562,5,1,87572.4922,3.9101,0.0000,3.9101,0.9545,0.8548,0.0000,1.1729,2626.7698,28,1.0010,0.0000,0.0000,0.0000,1447840.7500,5.4831,82487.4688,521.0171,141426
43,203,Paris_Medium,train,IPPO,3600,14,152,133,0.8750,1.0000,0.0000,892.3383,111.5423,0.6119,3.0024,565.3609,364.7986,2279.2485,0.8063,47.4055,45.0228,1926.4525,275.8278,4976.6118,248830.5938,0,0,-0.0003,0.3516,0.6723,0.1286,590,0.8750,0.1250,2.9894,3458.1672,wave,0.2096,0.3958,1.6097,0.0000,1.0000,0.0000,109.5112,19,2727.0945,0.1959,0.9065,4,0,303140.0625,3.8816,0.0000,3.8816,0.8927,2.0180,0.0000,1.2612,11965.4014,108,1.2786,0.0000,0.0000,0.0000,4493820.5000,25.9342,606183.8750,505.7714,756445
43,203,Paris_Medium,train,MAPPER,3600,14,152,127,0.8355,1.0000,0.0000,937.0472,156.1745,0.4488,3.0041,542.3858,423.8382,2247.9114,0.8289,47.4055,45.0228,1926.4525,275.8278,4185.5063,209275.3281,0,0,-0.0044,0.1462,0.2400,0.0393,586,0.8355,0.1645,2.9877,3458.1672,wave,0.2215,0.4085,1.6097,0.0000,1.0000,0.0000,92.8035,19,2726.8691,0.1968,0.9449,4,1,285484.7500,3.8553,0.0000,3.8553,0.8386,1.9852,0.0000,1.2063,10101.7070,98,1.2585,0.0000,0.0000,0.0000,3935129.2500,12.3816,503749.1250,620.9935,636197
43,203,Paris_Medium,train,MAPPO,3600,14,152,139,0.9145,1.0000,0.0000,878.4316,97.6035,0.6967,2.9999,544.4172,361.0811,2280.9895,0.8380,47.4055,45.0228,1926.4525,275.8278,3670.7830,183539.1406,0,0,-0.0005,0.0016,0.0009,0.0064,591,0.9145,0.0855,2.9850,3458.1672,wave,0.1620,0.3102,1.6097,0.0000,1.0000,0.0000,88.2193,19,2726.9089,0.1993,0.9826,4,1,317057.5312,3.8882,0.0000,3.8882,0.9458,2.0457,0.0000,1.3196,16424.3223,128,1.4318,0.0000,0.0000,0.0000,3416818.0000,20.5000,405171.9375,751.2157,557959
43,204,Tokyo_Small,train,IPPO,3600,10,93,83,0.8925,1.0000,0.0000,642.7470,128.5494,0.5138,3.0174,301.4458,356.9546,1227.7229,0.8146,29.8637,26.9133,933.9539,257.6756,2127.3333,212733.3281,0,0,-0.0005,0.2893,0.6727,0.1178,326,0.8925,0.1075,2.9937,1729.3759,wave,0.2534,0.5170,1.7447,0.0000,1.0000,1.0000,55.9012,15,1349.4214,0.2101,1.1574,8,1,101901.0000,3.5054,0.0000,3.5054,0.9159,0.9716,0.0000,1.2515,5647.6890,62,1.1907,0.0000,0.0000,0.0000,1894966.3750,21.5914,147154.5156,312.6622,197842
43,204,Tokyo_Small,train,MAPPER,3600,10,93,77,0.8280,1.0000,0.0000,690.1299,172.5325,0.4982,3.0147,269.7273,446.0930,1145.0807,0.8491,29.8637,26.9133,933.9539,257.6756,1678.0322,167803.2188,0,0,-0.0034,0.1234,0.1488,0.0143,284,0.8280,0.1720,2.9940,1729.3759,wave,0.2351,0.4791,1.7447,0.0000,1.0000,1.0000,40.7111,15,1349.4706,0.2103,1.2259,7,1,88171.2109,3.0538,0.0000,3.0538,0.7639,0.8736,0.0000,1.4996,11507.6572,68,1.2696,0.0000,0.0000,0.0000,1540141.1250,13.4301,106032.2422,400.0114,156057
43,204,Tokyo_Small,train,MAPPO,3600,10,93,84,0.9032,1.0000,0.0000,651.3690,108.5615,0.6243,3.0155,294.6429,372.4222,1259.2871,0.8548,29.8637,26.9133,933.9539,257.6756,2019.5699,201956.9844,0,0,0.0000,0.0013,0.0020,0.0051,319,0.9032,0.0968,2.9931,1729.3759,wave,0.2214,0.4165,1.7447,0.0000,1.0000,1.0000,42.7854,15,1349.4170,0.2108,1.2063,5,0,105780.1094,3.4301,0.0000,3.4301,0.9544,1.0004,0.0000,1.4463,9917.0029,72,2.3353,0.0000,0.0000,0.0000,1881288.3750,10.5806,130997.9766,472.7098,187820
43,205,Tokyo_Medium,train,IPPO,3600,20,155,134,0.8645,1.0000,0.0000,914.5671,83.1425,0.5706,3.0743,545.0373,403.8571,2176.6116,0.7987,58.5506,55.9318,1743.7980,292.3332,5250.4194,262520.9688,0,0,-0.0004,0.2856,0.6689,0.1151,538,0.8645,0.1355,3.0646,3459.2759,wave,0.2380,0.5116,1.8447,0.0000,1.0000,0.0000,109.7150,17,2700.9902,0.1666,0.9753,8,0,291665.9688,3.4710,0.0000,3.4710,0.9079,1.9928,0.0000,1.2445,11392.1162,96,1.6904,0.0000,0.0000,0.0000,4897375.5000,22.2710,703639.5000,357.7679,813815
43,205,Tokyo_Medium,train,MAPPER,3600,20,155,114,0.7355,1.0000,0.0000,923.4035,131.9148,0.3899,3.0753,527.6228,451.2954,2247.4800,0.8519,58.5506,55.9318,1743.7980,292.3332,2950.1418,147507.0938,0,0,-0.0037,0.1333,0.2511,0.0291,587,0.7355,0.2645,3.0654,3459.2759,wave,0.2412,0.4655,1.8447,0.0000,1.0000,0.0000,78.1268,17,2701.2849,0.1654,1.0968,5,1,256212.7188,3.7871,0.0000,3.7871,0.7930,2.0461,0.0000,1.3654,19111.5645,113,1.3972,0.0000,0.0000,0.0000,2749782.0000,11.9097,358504.7812,436.8504,457272
43,205,Tokyo_Medium,train,MAPPO,3600,20,155,125,0.8065,1.0000,0.0000,948.3040,72.9465,0.6918,3.0692,512.5520,483.2429,2206.6299,0.8610,58.5506,55.9318,1743.7980,292.3332,3220.1355,161006.7656,0,0,-0.0011,0.0046,0.0009,0.0109,626,0.8065,0.1935,3.0624,3459.2759,wave,0.2105,0.4138,1.8447,0.0000,1.0000,0.0000,71.2260,17,2701.0989,0.1674,1.1744,4,1,275828.7188,4.0387,0.0000,4.0387,0.8604,2.0245,0.0000,1.4650,26238.5352,157,1.8185,0.0000,0.0000,0.0000,3015684.2500,23.2065,378758.4062,572.0834,499121
43,206,LosAngeles_Small,train,IPPO,3600,10,92,77,0.8370,1.0000,0.0000,650.1688,130.0338,0.5874,3.0820,309.0390,373.4368,1262.3887,0.8170,23.7821,21.5872,924.5073,242.5591,2434.8586,243485.8750,0,0,-0.0008,0.2037,0.6676,0.0970,365,0.8370,0.1630,3.1013,1728.8149,wave,0.2506,0.4575,1.6811,0.0000,1.0000,0.0000,56.5612,16,1340.2100,0.2229,1.1902,5,0,97203.9297,3.9674,0.0000,3.9674,0.8735,1.0169,0.0000,1.5293,9506.8945,66,1.2310,0.0000,0.0000,0.0000,2226956.7500,24.1304,173288.2344,343.3909,224007
43,206,LosAngeles_Small,train,MAPPER,3600,10,92,74,0.8043,1.0000,0.0000,623.3649,207.7883,0.3846,3.0852,302.4595,352.3924,1234.5116,0.8163,23.7821,21.5872,924.5073,242.5591,1339.3043,133930.4375,0,0,-0.0012,0.1970,0.1281,0.0178,332,0.8043,0.1957,3.1037,1728.8149,wave,0.2734,0.4939,1.6811,0.0000,1.0000,0.0000,55.5572,16,1340.2408,0.2224,1.1590,6,1,91353.8594,3.6087,0.0000,3.6087,0.8340,1.0103,0.0000,1.4807,8953.7256,63,1.3187,0.0000,0.0000,0.0000,1200368.8750,12.2935,76654.2109,367.1728,123216
43,206,LosAngeles_Small,train,MAPPO,3600,10,92,77,0.8370,1.0000,0.0000,530.3896,132.5974,0.4491,3.0834,311.7273,251.7558,1311.7393,0.8416,23.7821,21.5872,924.5073,242.5591,1131.5760,113157.6094,0,0,0.0000,0.0013,0.0018,0.0056,345,0.8370,0.1630,3.1026,1728.8149,wave,0.2671,0.4791,1.6811,0.0000,1.0000,0.0000,49.3794,16,1340.1831,0.2244,0.9911,5,1,101003.9219,3.7500,0.0000,3.7500,0.8773,1.0214,0.0000,1.3182,4907.6025,53,1.4047,0.0000,0.0000,0.0000,994971.1875,8.4891,55337.1406,393.4822,104105
43,207,LosAngeles_Medium,train,IPPO,3600,20,162,121,0.7469,1.0000,0.0000,1021.9008,92.9001,0.5988,3.1058,598.6942,517.9324,2332.5979,0.7792,47.3105,44.5577,1923.3959,262.7173,5026.2778,251313.8906,0,0,-0.0007,0.7802,0.6610,0.1898,688,0.7469,0.2531,3.1431,3459.1233,wave,0.2371,0.4480,1.7337,0.0000,1.0000,0.0000,132.1746,17,2684.0388,0.1959,1.0290,4,0,282244.3438,4.2469,0.0000,4.2469,0.7287,1.9645,0.0000,1.4412,23750.7871,140,1.7007,0.0000,0.0000,0.0000,4690490.0000,27.8765,697230.8125,386.5987,814257
43,207,LosAngeles_Medium,train,MAPPER,3600,20,162,104,0.6420,1.0000,0.0000,1010.1923,126.2740,0.4204,3.1093,599.6346,470.0165,2447.2937,0.8163,47.3105,44.5577,1923.3959,262.7173,5823.8208,291191.0625,0,0,-0.0026,0.2189,0.2337,0.0618,636,0.6420,0.3580,3.1439,3459.1233,wave,0.2112,0.4111,1.7337,0.0000,1.0000,0.0000,110.1759,17,2684.1250,0.1953,1.1080,4,0,254518.5469,3.9259,0.0000,3.9259,0.6815,2.1378,0.0000,1.5393,19171.5312,145,1.5475,0.0000,0.0000,0.0000,5614338.5000,11.9753,835659.8750,455.9470,943459
43,207,LosAngeles_Medium,train,MAPPO,3600,20,162,111,0.6852,1.0000,0.0000,1126.5045,75.1003,0.7583,3.1017,601.6126,633.2133,2541.4490,0.8449,47.3105,44.5577,1923.3959,262.7173,3634.5864,181729.3281,0,0,0.0000,0.0023,0.0004,0.0086,697,0.6852,0.3148,3.1403,3459.1233,wave,0.1917,0.3926,1.7337,0.0000,1.0000,0.0000,93.3228,17,2684.2466,0.1975,1.2052,4,0,282100.8438,4.3025,0.0000,4.3025,0.7428,2.1829,0.0000,1.7244,37405.7812,234,2.3072,0.0000,0.0000,0.0000,3409658.0000,39.8889,443777.0625,670.2960,588803
43,208,Paris_Small,train,IPPO,3600,10,91,88,0.9670,1.0000,0.0000,528.2386,176.0795,0.3845,3.0290,247.8295,290.7143,1039.2070,0.8386,23.5863,21.1039,869.1699,230.8094,2562.3186,256231.8750,0,0,-0.0005,0.2310,0.6630,0.1033,335,0.9670,0.0330,3.0399,1729.1659,wave,0.2364,0.4215,1.6323,0.0000,1.0000,0.0000,39.9881,14,1365.3506,0.1661,1.0664,5,1,91450.2266,3.6813,0.0000,3.6813,0.9814,0.9350,0.0000,1.2234,3550.4771,43,1.4128,0.0000,0.0000,0.0000,2316784.2500,19.3077,169331.8438,455.9966,233171
43,208,Paris_Small,train,MAPPER,3600,10,91,84,0.9231,1.0000,0.0000,536.8214,178.9405,0.3977,3.0282,250.4048,294.7159,1056.6597,0.8440,23.5863,21.1039,869.1699,230.8094,1841.7472,184174.7344,0,0,-0.0017,0.0904,0.1216,0.0147,324,0.9231,0.0769,3.0392,1729.1659,wave,0.2161,0.3963,1.6323,0.0000,1.0000,0.0000,39.0728,14,1365.3552,0.1670,1.1069,6,1,88759.4141,3.5604,0.0000,3.5604,0.9512,0.9494,0.0000,1.2342,4247.6294,41,1.1355,0.0000,0.0000,0.0000,1689543.0000,6.6374,110608.7188,474.0644,167599
43,208,Paris_Small,train,MAPPO,3600,10,91,85,0.9341,1.0000,0.0000,486.9294,121.7324,0.4752,3.0287,253.7294,247.1250,1069.8129,0.8433,23.5863,21.1039,869.1699,230.8094,1699.4835,169948.3438,0,0,-0.0024,0.0059,0.0014,0.0124,340,0.9341,0.0659,3.0407,1729.1659,wave,0.1784,0.3296,1.6323,0.0000,1.0000,0.0000,39.7668,14,1365.3678,0.1675,1.2082,5,1,90934.0938,3.7363,0.0000,3.7363,0.9718,0.9585,0.0000,1.2871,5056.8560,45,1.1319,0.0000,0.0000,0.0000,1556558.7500,8.6044,89528.2812,572.7332,154653
43,209,Paris_Medium,train,IPPO,3600,20,159,141,0.8868,1.0000,0.0000,911.0709,82.8246,0.5802,3.0251,582.9716,368.3007,2383.0991,0.8176,47.3765,44.7703,2029.0626,263.5990,6282.4653,314123.2812,0,0,-0.0006,0.3670,0.6568,0.1309,623,0.8868,0.1132,3.0390,3458.6880,wave,0.1798,0.3459,1.5411,0.0000,1.0000,0.0000,106.3518,13,2729.9590,0.1785,0.8089,5,1,336016.9688,3.9182,0.0000,3.9182,0.8864,2.0796,0.0000,1.1597,6938.7563,91,1.3282,0.0000,0.0000,0.0000,5875841.0000,25.8616,852337.0000,515.2341,998912
43,209,Paris_Medium,train,MAPPER,3600,20,159,134,0.8428,1.0000,0.0000,951.5074,105.7231,0.4905,3.0227,599.3508,393.0270,2381.2869,0.7946,47.3765,44.7703,2029.0626,263.5990,4165.5156,208275.7812,0,0,-0.0025,0.2428,0.1851,0.0218,594,0.8428,0.1572,3.0380,3458.6880,wave,0.1963,0.3689,1.5411,0.0000,1.0000,0.0000,123.0934,13,2729.9695,0.1782,0.8756,4,0,319092.4375,3.7358,0.0000,3.7358,0.8564,2.1143,0.0000,1.2093,10088.9023,102,1.6075,0.0000,0.0000,0.0000,3908764.5000,13.0000,525531.3125,603.5389,662317
43,209,Paris_Medium,train,MAPPO,3600,20,159,141,0.8868,1.0000,0.0000,932.5319,66.6094,0.7171,3.0209,568.2411,399.1274,2389.9714,0.8412,47.3765,44.7703,2029.0626,263.5990,3968.6729,198433.6562,0,0,-0.0000,0.0011,0.0006,0.0060,616,0.8868,0.1132,3.0369,3458.6880,wave,0.1982,0.3712,1.5411,0.0000,1.0000,0.0000,90.2469,13,2730.0063,0.1783,0.9850,4,0,336985.9688,3.8742,0.0000,3.8742,0.9107,2.1367,0.0000,1.2847,15665.5801,126,1.7711,0.0000,0.0000,0.0000,3712583.7500,20.8553,466826.1875,776.5727,631019
43,210,Tokyo_Small,train,IPPO,3600,25,93,78,0.8387,1.0000,0.0000,632.8461,57.5315,0.4602,3.0478,283.7820,389.1294,1177.0776,0.8296,29.5081,27.2549,889.0547,266.3522,4754.7744,475477.4062,0,0,-0.0005,0.4739,0.6593,0.1483,317,0.8387,0.1613,3.0840,1729.0542,wave,0.2222,0.4507,1.6985,0.0000,1.0000,0.0000,48.3665,14,1349.1075,0.2361,1.3358,7,1,91812.0547,3.4086,0.0000,3.4086,0.8830,1.0186,0.0000,1.3601,8367.6670,56,1.6082,0.0000,0.0000,0.0000,4515968.5000,20.0753,389689.0938,325.7649,442194
43,210,Tokyo_Small,train,MAPPER,3600,25,93,74,0.7957,1.0000,0.0000,591.7838,53.7985,0.4737,3.0467,269.6757,361.6097,1137.1781,0.8434,29.5081,27.2549,889.0547,266.3522,1998.4301,199843.0156,0,0,-0.0018,0.0538,0.1128,0.0113,311,0.7957,0.2043,3.0839,1729.0542,wave,0.2694,0.4991,1.6985,0.0000,1.0000,0.0000,42.2401,14,1349.1306,0.2370,1.3041,5,0,84151.1875,3.3441,0.0000,3.3441,0.7784,0.9466,0.0000,1.3928,9477.0742,61,1.8067,0.0000,0.0000,0.0000,1865912.3750,12.2258,136467.5312,398.5214,185854
43,210,Tokyo_Small,train,MAPPO,3600,25,93,78,0.8387,1.0000,0.0000,518.6025,47.1457,0.4498,3.0466,272.7051,269.9535,1148.1184,0.8420,29.5081,27.2549,889.0547,266.3522,997.2043,99720.4297,0,0,-0.0000,0.0012,0.0012,0.0057,323,0.8387,0.1613,3.0841,1729.0542,wave,0.2325,0.4166,1.6985,0.0000,1.0000,0.0000,43.0815,14,1349.1163,0.2368,1.1696,4,1,89553.2344,3.4731,0.0000,3.4731,0.8264,0.9534,0.0000,1.3201,8166.2549,50,1.8162,0.0000,0.0000,0.0000,869032.7500,7.1290,42482.1680,412.2369,92740
43,211,Tokyo_Medium,train,IPPO,3600,50,159,126,0.7925,1.0000,0.0000,935.0476,31.1683,0.6148,3.0513,548.1270,458.3986,2290.4407,0.8357,57.8866,54.3968,1806.9387,266.2985,12706.9434,635347.1875,0,0,-0.0002,0.6807,0.6528,0.1802,596,0.7925,0.2075,3.0641,3457.0107,wave,0.2320,0.4576,1.6997,0.0000,1.0000,0.0000,90.0389,15,2687.4248,0.1765,1.0617,6,0,288595.5312,3.7484,0.0000,3.7484,0.7945,1.9432,0.0000,1.2943,16186.1953,149,2.0718,0.0000,0.0000,0.0000,12354625.0000,30.9182,1894400.5000,440.1587,2020404
43,211,Tokyo_Medium,train,MAPPER,3600,50,159,117,0.7358,1.0000,0.0000,981.2393,32.7080,0.6039,3.0511,547.9658,524.0075,2293.3994,0.8371,57.8866,54.3968,1806.9387,266.2985,5351.3081,267565.4062,0,0,-0.0021,0.5037,0.1838,0.0311,621,0.7358,0.2642,3.0635,3457.0107,wave,0.2723,0.5210,1.6997,0.0000,1.0000,0.0000,89.2859,15,2687.4895,0.1765,1.0968,6,0,268327.7188,3.9057,0.0000,3.9057,0.7305,1.9240,0.0000,1.4344,20456.1660,137,3.0854,0.0000,0.0000,0.0000,5146461.0000,14.8742,735741.0625,519.1608,850858
43,211,Tokyo_Medium,train,MAPPO,3600,50,159,126,0.7925,1.0000,0.0000,930.3412,26.5812,0.7018,3.0483,535.4524,458.6414,2292.6360,0.8563,57.8866,54.3968,1806.9387,266.2985,2928.1384,146406.9219,0,0,-0.0002,0.0013,0.0007,0.0062,570,0.7925,0.2075,3.0632,3457.0107,wave,0.2042,0.3956,1.6997,0.0000,1.0000,0.0000,76.9252,15,2687.4368,0.1767,1.1623,5,0,288872.1562,3.5849,0.0000,3.5849,0.8304,2.0311,0.0000,1.4035,22131.5332,178,2.6779,0.0000,0.0000,0.0000,2723326.5000,21.7233,336445.0312,607.3217,465574
43,212,LosAngeles_Small,train,IPPO,3600,25,90,81,0.9000,1.0000,0.0000,638.5185,45.6085,0.5891,3.0656,311.8395,329.8605,1298.2075,0.8326,23.4706,20.5117,960.8577,238.1492,4330.3999,433040.0000,0,0,-0.0004,0.1672,0.6539,0.0890,319,0.9000,0.1000,3.0831,1729.4745,wave,0.2290,0.4244,1.5967,0.0000,1.0000,0.0000,52.1980,16,1341.7030,0.2060,1.3119,5,0,105154.8125,3.5444,0.0000,3.5444,0.9326,1.0685,0.0000,1.7141,15799.1123,86,1.8785,0.0000,0.0000,0.0000,4101594.7500,28.4222,337542.5938,351.1246,389736
43,212,LosAngeles_Small,train,MAPPER,3600,25,90,81,0.9000,1.0000,0.0000,638.0494,49.0807,0.5202,3.0650,307.5555,341.7011,1291.6576,0.8400,23.4706,20.5117,960.8577,238.1492,1703.9889,170398.8906,0,0,-0.0004,0.0366,0.0917,0.0084,321,0.9000,0.1000,3.0803,1729.4745,wave,0.2572,0.4601,1.5967,0.0000,1.0000,0.0000,49.2240,16,1341.6866,0.2060,1.2843,5,1,104624.2578,3.5667,0.0000,3.5667,0.9264,1.0614,0.0000,1.4867,10995.9912,82,1.6267,0.0000,0.0000,0.0000,1562418.8750,6.4889,109065.1797,350.5855,153359
43,212,LosAngeles_Small,train,MAPPO,3600,25,90,84,0.9333,1.0000,0.0000,546.8690,49.7154,0.4467,3.0674,313.1071,232.1705,1309.5685,0.8365,23.4706,20.5117,960.8577,238.1492,986.6334,98663.3359,0,0,-0.0019,0.0140,0.0009,0.0183,331,0.9333,0.0667,3.0791,1729.4745,wave,0.2190,0.3956,1.5967,0.0000,1.0000,0.0000,51.1935,16,1341.6683,0.2067,1.1864,5,1,110003.7500,3.6778,0.0000,3.6778,0.9780,1.0805,0.0000,1.5420,6525.4121,56,1.4645,0.0000,0.0000,0.0000,850350.6875,4.7889,45106.9414,349.1642,88797
43,213,LosAngeles_Medium,train,IPPO,3600,50,165,116,0.7030,1.0000,0.0000,1009.0948,29.6793,0.6924,3.0863,583.7759,535.0928,2464.2356,0.8442,46.5549,43.8791,1929.9475,252.7156,12960.1152,648005.7500,0,0,-0.0003,0.5299,0.6441,0.1515,651,0.7030,0.2970,3.1182,3458.6128,wave,0.2172,0.4209,1.7261,0.0000,1.0000,0.0000,90.9288,17,2677.9495,0.2083,1.1195,4,0,285851.3125,3.9455,0.0000,3.9455,0.7104,1.9406,0.0000,1.5915,28659.6465,186,3.5580,0.0000,0.0000,0.0000,12579891.0000,42.2061,2000043.0000,458.4203,2138419
43,213,LosAngeles_Medium,train,MAPPER,3600,50,165,113,0.6848,1.0000,0.0000,1031.8142,30.3475,0.6830,3.0869,595.8407,537.3488,2510.7310,0.8428,46.5549,43.8791,1929.9475,252.7156,5189.5757,259478.7812,0,0,-0.0020,0.2288,0.1622,0.0458,622,0.6848,0.3152,3.1174,3458.6128,wave,0.1863,0.3639,1.7261,0.0000,1.0000,0.0000,93.6945,17,2677.8127,0.2084,1.1457,3,0,283712.5938,3.7697,0.0000,3.7697,0.7159,2.0076,0.0000,1.6385,31695.0117,193,3.0430,0.0000,0.0000,0.0000,4973359.5000,23.9091,726655.1250,569.3912,856280
43,213,LosAngeles_Medium,train,MAPPO,3600,50,165,112,0.6788,0.9576,0.0424,976.2143,26.3842,0.7502,3.0840,584.0446,498.5736,2485.2920,0.8511,46.5549,43.8791,1922.0419,253.5842,2603.0789,130153.9375,0,0,-0.0015,0.0283,0.0004,0.0263,508,0.7089,0.2911,3.1177,3458.6128,wave,0.2092,0.4088,1.7185,1.8967,0.9576,0.0000,86.9862,17,2677.9585,0.2102,1.2136,4,0,278352.7188,3.0788,0.0000,3.0788,0.7061,1.9978,11.7112,1.5889,32128.3945,216,3.2126,0.0000,0.0000,0.0000,2390278.2500,37.9151,255079.1719,844.3460,429508
43,214,Paris_Small,train,IPPO,3600,25,90,88,0.9778,1.0000,0.0000,593.3864,53.9442,0.4600,3.0125,275.6250,322.3000,1100.8721,0.7988,23.8651,23.0715,900.6097,258.4144,6098.8887,609888.8750,0,0,-0.0006,0.2676,0.6484,0.1121,322,0.9778,0.0222,3.0368,1729.5209,wave,0.1795,0.3402,1.6706,0.0000,1.0000,0.0000,55.4506,15,1369.6594,0.2164,1.2762,5,1,96876.7422,3.5778,0.0000,3.5778,0.9921,1.0714,0.0000,1.3932,6389.3174,60,1.7304,0.0000,0.0000,0.0000,5867457.0000,20.3889,486556.3125,461.2774,548900
43,214,Paris_Small,train,MAPPER,3600,25,90,81,0.9000,1.0000,0.0000,596.7284,49.7274,0.5183,3.0088,253.6543,394.9081,1063.2722,0.8384,23.8651,23.0715,900.6097,258.4144,3176.6445,317664.4375,0,0,-0.0004,0.0168,0.0796,0.0066,323,0.9000,0.1000,3.0345,1729.5209,wave,0.2556,0.4699,1.6706,0.0000,1.0000,0.0000,40.9999,15,1369.6633,0.2164,1.1379,6,0,86125.0469,3.5889,0.0000,3.5889,0.8360,0.9807,0.0000,1.4043,6507.4609,69,1.9785,0.0000,0.0000,0.0000,3027702.0000,12.4444,219511.5938,588.6860,285898
43,214,Paris_Small,train,MAPPO,3600,25,90,89,0.9889,1.0000,0.0000,612.7191,47.1322,0.5350,3.0110,271.8989,347.1333,1092.5924,0.8037,23.8651,23.0715,900.6097,258.4144,1700.9667,170096.6719,0,0,0.0000,0.0004,0.0004,0.0034,339,0.9889,0.0111,3.0357,1729.5209,wave,0.1936,0.3639,1.6706,0.0000,1.0000,0.0000,53.3804,15,1369.6938,0.2163,1.2743,6,1,97240.7266,3.7667,0.0000,3.7667,0.9836,1.0502,0.0000,1.3995,7415.9268,66,1.8962,0.0000,0.0000,0.0000,1554236.7500,9.6667,62413.6797,860.7543,153087
43,215,Paris_Medium,train,IPPO,3600,50,162,135,0.8333,1.0000,0.0000,988.5407,31.8884,0.6360,3.0088,578.2963,422.4267,2367.9568,0.8189,47.1455,45.3209,1962.1141,266.3287,15501.0059,775050.2500,0,0,-0.0006,0.3933,0.6402,0.1361,618,0.8333,0.1667,2.9916,3459.0674,wave,0.1893,0.3946,1.5904,0.0000,1.0000,1.0000,104.7050,13,2723.3186,0.2300,1.0092,6,1,319674.1562,3.8148,0.0000,3.8148,0.8760,1.9319,0.0000,1.2472,12732.6152,142,2.3641,0.0000,0.0000,0.0000,15051811.0000,34.3086,2344454.0000,579.8765,2511163
43,215,Paris_Medium,train,MAPPER,3600,50,162,130,0.8025,1.0000,0.0000,990.2462,30.0075,0.6657,3.0069,558.0000,479.8951,2368.9336,0.8491,47.1455,45.3209,1962.1141,266.3287,6160.0249,308001.2188,0,0,-0.0034,0.1990,0.1698,0.0243,597,0.8025,0.1975,2.9899,3459.0674,wave,0.1941,0.3689,1.5904,0.0000,1.0000,1.0000,84.2133,13,2723.3440,0.2301,1.0217,4,0,307961.3438,3.6852,0.0000,3.6852,0.8531,1.9537,0.0000,1.2702,15195.7490,129,2.7568,0.0000,0.0000,0.0000,5918202.5000,19.7222,847935.7500,684.0335,997924
43,215,Paris_Medium,train,MAPPO,3600,50,162,143,0.8827,1.0000,0.0000,888.9371,27.7793,0.6469,3.0079,556.9231,346.0000,2373.3418,0.8523,47.1455,45.3209,1962.1141,266.3287,1772.9814,88649.0781,0,0,-0.0008,0.0013,0.0003,0.0062,610,0.8827,0.1173,2.9912,3459.0674,wave,0.1836,0.3434,1.5904,0.0000,1.0000,1.0000,82.2547,13,2723.3108,0.2293,0.9147,4,1,339387.8750,3.7654,0.0000,3.7654,0.9099,1.8944,0.0000,1.2245,10625.0684,111,2.3041,0.0000,0.0000,0.0000,1528427.2500,8.7407,134732.2812,696.7490,287223
43,216,Tokyo_Small,train,IPPO,3600,7,75,53,0.7067,1.0000,0.0000,550.7358,275.3679,0.2860,3.0722,273.8491,341.9403,1107.1777,0.8086,27.7428,25.6014,872.5496,291.0571,1704.4266,170442.6719,0,0,-0.0007,0.4279,0.6408,0.1412,277,0.7067,0.2933,3.0739,1673.9825,uniform,0.3047,0.5797,1.7941,0.0000,1.0000,0.0000,52.4135,13,1314.3167,0.0375,1.1306,5,0,58680.4180,3.6933,0.0000,3.6933,0.7142,1.0447,0.0000,1.4259,4456.7827,34,1.2457,0.0000,0.0000,0.0000,1449669.6250,17.4533,84285.7969,325.8606,127832
43,216,Tokyo_Small,train,MAPPER,3600,7,75,50,0.6667,1.0000,0.0000,568.9400,568.9400,0.2353,3.0717,283.0600,342.9000,1170.2686,0.8269,27.7428,25.6014,872.5496,291.0571,1601.2533,160125.3281,0,0,-0.0016,0.3779,0.1178,0.0212,266,0.6667,0.3333,3.0729,1673.9825,uniform,0.3329,0.6053,1.7941,0.0000,1.0000,0.0000,49.0063,13,1314.2886,0.0376,1.2288,4,0,58513.4258,3.5467,0.0000,3.5467,0.7176,1.1127,0.0000,1.3619,4517.6333,40,1.0333,0.0000,0.0000,0.0000,1460682.2500,8.7333,81683.2656,371.5739,120094
43,216,Tokyo_Small,train,MAPPO,3600,7,75,57,0.7600,1.0000,0.0000,538.5965,269.2982,0.3340,3.0694,281.7719,290.1667,1155.7860,0.8204,27.7428,25.6014,872.5496,291.0571,980.5067,98050.6641,0,0,-0.0000,0.0017,0.0007,0.0039,261,0.7600,0.2400,3.0683,1673.9825,uniform,0.3175,0.5978,1.7941,0.0000,1.0000,0.0000,50.6147,13,1314.3108,0.0371,1.1591,5,0,65879.7969,3.4800,0.0000,3.4800,0.7982,1.0856,0.0000,1.4250,6410.6997,46,1.1799,0.0000,0.0000,0.0000,841673.5625,15.9733,28000.5449,468.3343,73538
43,217,Tokyo_Medium,train,IPPO,3600,14,116,88,0.7586,1.0000,0.0000,765.8977,153.1795,0.3912,3.0751,484.4659,343.0187,1954.3197,0.8068,57.1667,51.7026,1561.6956,350.7518,4114.8447,205742.2344,0,0,-0.0008,0.2640,0.6349,0.1044,443,0.7586,0.2414,3.0731,3355.7981,uniform,0.3289,0.6075,1.7178,0.0000,1.0000,0.0000,93.6020,14,2632.2539,0.0334,1.0174,4,0,171980.1406,3.8190,0.0000,3.8190,0.7812,1.5844,0.0000,1.2898,9065.0967,76,1.5682,0.0000,0.0000,0.0000,3672815.0000,17.3448,382103.7812,378.8194,477322
43,217,Tokyo_Medium,train,MAPPER,3600,14,116,82,0.7069,1.0000,0.0000,779.3781,259.7927,0.2620,3.0748,473.5122,372.1414,1922.0619,0.8118,57.1667,51.7026,1561.6956,350.7518,2598.9224,129946.1250,0,0,-0.0037,0.1233,0.1807,0.0222,432,0.7069,0.2931,3.0726,3355.7981,uniform,0.2734,0.5211,1.7178,0.0000,1.0000,0.0000,89.0998,14,2632.2178,0.0335,1.0005,3,0,157609.0781,3.7241,0.0000,3.7241,0.7272,1.5828,0.0000,1.1885,6513.6826,61,1.1733,0.0000,0.0000,0.0000,2387669.7500,10.5172,228048.7188,421.7350,301475
43,217,Tokyo_Medium,train,MAPPO,3600,14,116,89,0.7672,1.0000,0.0000,768.0337,128.0056,0.4654,3.0738,476.9663,346.8447,2037.5012,0.8544,57.1667,51.7026,1561.6956,350.7518,1901.1466,95057.3203,0,0,-0.0000,0.0012,0.0004,0.0046,443,0.7672,0.2328,3.0712,3355.7981,uniform,0.2418,0.4686,1.7178,0.0000,1.0000,0.0000,69.4660,14,2632.3770,0.0339,1.0656,3,0,181337.6094,3.8190,0.0000,3.8190,0.8015,1.6073,0.0000,1.2995,12174.2285,95,2.0826,0.0000,0.0000,0.0000,1686405.2500,13.9483,134713.5312,525.0841,220533
43,218,LosAngeles_Small,train,IPPO,3600,7,84,60,0.7143,1.0000,0.0000,537.0833,268.5417,0.4115,3.1068,260.3167,309.7324,1082.8737,0.8320,23.9188,21.6693,767.9531,227.3680,1422.2500,142225.0000,0,0,-0.0007,0.5085,0.6318,0.1535,338,0.7143,0.2857,3.1052,1676.2683,uniform,0.2905,0.5249,1.6543,0.0000,1.0000,0.0000,43.7419,15,1315.3147,0.0323,1.1415,4,0,64972.4180,4.0238,0.0000,4.0238,0.7762,0.8588,0.0000,1.3877,5935.0615,40,6.0061,0.0000,0.0000,0.0000,1218194.8750,23.3095,76331.4844,309.4884,119469
43,218,LosAngeles_Small,train,MAPPER,3600,7,84,61,0.7262,1.0000,0.0000,575.0492,575.0492,0.2666,3.1064,261.4099,315.1613,1118.4288,0.8557,23.9188,21.6693,767.9531,227.3680,1166.6428,116664.2891,0,0,-0.0013,0.0273,0.0755,0.0095,308,0.7262,0.2738,3.1035,1676.2683,uniform,0.2746,0.5066,1.6543,0.0000,1.0000,0.0000,37.7241,15,1315.3341,0.0317,1.1077,5,0,68224.1562,3.6667,0.0000,3.6667,0.7750,0.8434,0.0000,1.3707,5773.5879,47,1.1184,0.0000,0.0000,0.0000,1031256.5000,12.6548,55494.5508,370.6089,97998
43,218,LosAngeles_Small,train,MAPPO,3600,7,84,66,0.7857,1.0000,0.0000,479.3333,239.6667,0.3143,3.1062,257.1667,242.6849,1103.6444,0.8583,23.9188,21.6693,767.9531,227.3680,992.8929,99289.2891,0,0,-0.0016,0.0049,0.0006,0.0105,328,0.7857,0.2143,3.1038,1676.2683,uniform,0.2929,0.5555,1.6543,0.0000,1.0000,0.0000,36.4378,15,1315.3467,0.0326,1.1586,6,0,72840.5312,3.9048,0.0000,3.9048,0.8537,0.8587,0.0000,1.3921,5340.3945,42,1.3142,0.0000,0.0000,0.0000,862847.6875,12.9762,38446.1758,405.1567,83403
43,219,LosAngeles_Medium,train,IPPO,3600,14,123,98,0.7967,1.0000,0.0000,753.1429,188.2857,0.3542,3.1032,508.0408,290.7542,2088.4424,0.8222,46.2572,40.2336,1612.5416,265.3082,3679.1790,183958.9531,0,0,-0.0008,0.4540,0.6249,0.1388,454,0.7967,0.2033,3.1006,3346.7966,uniform,0.2547,0.4860,1.6206,0.0000,1.0000,0.0000,90.3523,15,2612.6858,0.0262,0.8501,4,0,204667.3594,3.6911,0.0000,3.6911,0.8315,1.7103,0.0000,1.2975,7953.4814,68,1.2201,0.0000,0.0000,0.0000,3236863.5000,20.0976,358842.1250,319.4500,452539
43,219,LosAngeles_Medium,train,MAPPER,3600,14,123,88,0.7154,1.0000,0.0000,801.5227,200.3807,0.3019,3.1025,487.3750,369.7130,2112.8264,0.8670,46.2572,40.2336,1612.5416,265.3082,2240.3577,112017.8828,0,0,-0.0021,0.0618,0.1627,0.0151,454,0.7154,0.2846,3.0995,3346.7966,uniform,0.2479,0.4707,1.6206,0.0000,1.0000,0.0000,64.8097,15,2612.7041,0.0263,1.0062,3,0,185928.7188,3.6911,0.0000,3.6911,0.7950,1.8212,0.0000,1.4877,15386.3281,95,1.4370,0.0000,0.0000,0.0000,2035602.2500,10.4472,204147.6562,375.8671,275564
43,219,LosAngeles_Medium,train,MAPPO,3600,14,123,96,0.7805,1.0000,0.0000,770.9792,128.4965,0.4578,3.1016,481.9062,343.4909,2074.3916,0.8609,46.2572,40.2336,1612.5416,265.3082,2182.3088,109115.4453,0,0,-0.0011,0.0128,0.0002,0.0170,494,0.7805,0.2195,3.0983,3346.7966,uniform,0.3226,0.5951,1.6206,0.0000,1.0000,0.0000,67.0279,15,2612.7759,0.0269,1.0574,4,0,199141.5781,4.0163,0.0000,4.0163,0.8388,1.7613,0.0000,1.3786,14049.6787,116,1.8129,0.0000,0.0000,0.0000,1973141.5000,13.6911,188129.5000,443.6352,268424
43,220,Paris_Small,train,IPPO,3600,7,80,56,0.7000,1.0000,0.0000,575.8393,575.8393,0.2765,3.0443,282.4643,300.2609,1055.0070,0.7470,23.5330,21.3015,898.6713,283.7202,2465.2500,246525.0000,0,0,-0.0009,0.6051,0.6200,0.1688,308,0.7000,0.3000,3.0363,1676.1047,uniform,0.2623,0.4890,1.5353,0.0000,1.0000,0.0000,71.4629,14,1330.0359,0.0289,1.0571,4,1,59080.3867,3.8500,0.0000,3.8500,0.6509,0.7251,0.0000,1.2092,2908.4844,34,1.4816,0.0000,0.0000,0.0000,2097605.5000,18.9750,130478.4453,466.6267,197220
43,220,Paris_Small,train,MAPPER,3600,7,80,56,0.7000,1.0000,0.0000,553.6429,553.6429,0.2252,3.0432,262.9286,323.0781,1089.8005,0.8290,23.5330,21.3015,898.6713,283.7202,2115.3125,211531.2344,0,0,-0.0015,0.1139,0.0646,0.0138,303,0.7000,0.3000,3.0353,1676.1047,uniform,0.2742,0.5000,1.5353,0.0000,1.0000,0.0000,44.9684,14,1330.0562,0.0292,0.9760,4,0,61028.8320,3.7875,0.0000,3.7875,0.6607,0.7361,0.0000,1.2261,2384.9502,27,1.1174,0.0000,0.0000,0.0000,1957548.0000,12.3625,109887.0547,583.9615,169225
43,220,Paris_Small,train,MAPPO,3600,7,80,60,0.7500,1.0000,0.0000,546.1000,273.0500,0.3566,3.0412,263.4000,293.7385,1099.4619,0.8348,23.5330,21.3015,898.6713,283.7202,2001.4750,200147.5000,0,0,0.0000,0.0009,0.0003,0.0041,308,0.7500,0.2500,3.0326,1676.1047,uniform,0.2322,0.4282,1.5353,0.0000,1.0000,0.0000,43.5076,14,1330.0956,0.0304,1.1556,4,1,65967.7109,3.8500,0.0000,3.8500,0.6877,0.7151,0.0000,1.2393,3739.7297,48,1.5794,0.0000,0.0000,0.0000,1856368.2500,16.4500,92360.5078,701.8634,160118
43,221,Paris_Medium,train,IPPO,3600,14,113,96,0.8496,1.0000,0.0000,771.5833,154.3167,0.3902,3.0359,504.0521,300.2924,2036.8456,0.8082,46.9439,41.2121,1713.7682,313.3015,6622.8848,331144.2500,0,0,-0.0009,0.4080,0.6150,0.1330,443,0.8496,0.1504,3.0208,3348.2637,uniform,0.2383,0.4533,1.6748,0.0000,1.0000,0.0000,96.6830,14,2647.1316,0.0300,0.8436,4,0,195537.1875,3.9204,0.0000,3.9204,0.8675,1.7777,0.0000,1.1522,4299.0312,49,1.1172,0.0000,0.0000,0.0000,4542225.0000,21.0177,452418.3125,538.5255,748386
43,221,Paris_Medium,train,MAPPER,3600,14,113,87,0.7699,1.0000,0.0000,788.0690,394.0345,0.2060,3.0360,470.5402,358.2574,1953.6161,0.8304,46.9439,41.2121,1713.7682,313.3015,3412.3716,170618.5938,0,0,-0.0014,0.0913,0.1618,0.0173,422,0.7699,0.2301,3.0210,3348.2637,uniform,0.2314,0.4840,1.6748,0.0000,1.0000,0.0000,79.8170,14,2647.1128,0.0296,0.8951,5,0,169964.5938,3.7345,0.0000,3.7345,0.7500,1.6959,0.0000,1.1816,4654.7061,60,1.1069,0.0000,0.0000,0.0000,3143600.2500,9.9204,281195.6562,655.1452,385598
43,221,Paris_Medium,train,MAPPO,3600,14,113,94,0.8319,1.0000,0.0000,757.2128,151.4426,0.4209,3.0345,496.4255,295.0755,2095.3530,0.8442,46.9439,41.2121,1713.7682,313.3015,2819.4778,140973.8906,0,0,-0.0024,0.0027,0.0001,0.0078,461,0.8319,0.1681,3.0196,3348.2637,uniform,0.2113,0.4104,1.6748,0.0000,1.0000,0.0000,77.3549,14,2647.1348,0.0303,0.9342,3,1,196963.1875,4.0796,0.0000,4.0796,0.8509,1.7808,0.0000,1.2064,5859.5493,73,1.1946,0.0000,0.0000,0.0000,2554382.0000,12.1327,204377.7969,745.7308,318601
43,222,Tokyo_Small,train,IPPO,3600,10,79,60,0.7595,1.0000,0.0000,590.0333,196.6778,0.3976,3.1003,272.9000,345.3662,1149.0916,0.8421,28.4490,25.1712,911.6209,280.7865,2470.6582,247065.8281,0,0,-0.0007,0.2469,0.6161,0.1061,294,0.7595,0.2405,3.0899,1674.1128,uniform,0.2722,0.5164,1.6663,0.0000,1.0000,0.0000,43.0817,15,1322.0566,0.0492,1.0870,5,0,68945.4922,3.7215,0.0000,3.7215,0.7598,0.9168,0.0000,1.2818,4150.0381,40,1.3200,0.0000,0.0000,0.0000,2260010.5000,18.5949,152252.2969,332.7684,195182
43,222,Tokyo_Small,train,MAPPER,3600,10,79,57,0.7215,1.0000,0.0000,593.2807,197.7602,0.3432,3.0996,278.1404,349.0757,1171.5587,0.8424,28.4490,25.1712,911.6209,280.7865,1420.9873,142098.7344,0,0,-0.0011,0.0868,0.0645,0.0096,279,0.7215,0.2785,3.0901,1674.1128,uniform,0.2577,0.4721,1.6663,0.0000,1.0000,0.0000,43.8286,15,1322.0431,0.0492,1.2302,4,0,66778.8438,3.5316,0.0000,3.5316,0.7478,0.9498,0.0000,1.3201,5631.7412,43,1.3877,0.0000,0.0000,0.0000,1269309.6250,10.1899,68733.2266,399.2707,112258
43,222,Tokyo_Small,train,MAPPO,3600,10,79,53,0.6709,1.0000,0.0000,581.4151,193.8050,0.3775,3.0989,325.4906,273.9483,1288.7230,0.7919,28.4490,25.1712,911.6209,280.7865,1250.5316,125053.1641,0,0,-0.0000,0.0023,0.0002,0.0054,304,0.6709,0.3291,3.0898,1674.1128,uniform,0.2585,0.4777,1.6663,0.0000,1.0000,0.0000,67.7460,15,1322.0389,0.0490,1.2884,3,0,68302.3203,3.8481,0.0000,3.8481,0.7694,1.0509,0.0000,1.5709,9769.2314,52,1.5310,0.0000,0.0000,0.0000,1095190.6250,15.7342,47761.4453,490.6168,98792
43,223,Tokyo_Medium,train,IPPO,3600,20,118,89,0.7542,1.0000,0.0000,790.9438,131.8240,0.3135,3.0901,519.0562,303.6762,2231.0034,0.8596,58.6630,53.2041,1663.1039,338.2558,4975.5933,248779.6562,0,0,-0.0005,0.4222,0.6067,0.1293,422,0.7542,0.2458,3.0909,3351.3774,uniform,0.2611,0.4976,1.6598,0.0000,1.0000,0.0000,72.8555,17,2627.8516,0.0267,0.9060,4,0,198559.3125,3.5763,0.0000,3.5763,0.8251,1.9946,0.0000,1.3488,9475.4551,58,1.1496,0.0000,0.0000,0.0000,4658705.0000,18.2542,506063.3750,370.0344,587120
43,223,Tokyo_Medium,train,MAPPER,3600,20,118,82,0.6949,1.0000,0.0000,814.7317,203.6829,0.2299,3.0894,532.7073,335.5699,2292.3682,0.8606,58.6630,53.2041,1663.1039,338.2558,2178.8560,108942.7969,0,0,-0.0016,0.1446,0.1316,0.0177,436,0.6949,0.3051,3.0904,3351.3774,uniform,0.2235,0.4589,1.6598,0.0000,1.0000,0.0000,74.2337,17,2627.7905,0.0260,0.9131,3,1,187974.2031,3.6949,0.0000,3.6949,0.7736,2.0296,0.0000,1.3078,10010.7324,59,1.1090,0.0000,0.0000,0.0000,1946887.5000,10.7542,176956.2344,447.2605,257105
43,223,Tokyo_Medium,train,MAPPO,3600,20,118,100,0.8475,1.0000,0.0000,774.9500,110.7071,0.3896,3.0881,508.3200,277.3982,2197.0942,0.8645,58.6630,53.2041,1663.1039,338.2558,2696.9238,134846.1875,0,0,-0.0000,0.0007,0.0001,0.0040,443,0.8475,0.1525,3.0890,3351.3774,uniform,0.2293,0.4414,1.6598,0.0000,1.0000,0.0000,68.9012,17,2627.9109,0.0264,0.8900,4,1,219709.4219,3.7542,0.0000,3.7542,0.9254,1.9909,0.0000,1.3108,9172.6191,68,1.1499,0.0000,0.0000,0.0000,2467512.5000,7.6525,233739.7812,486.6688,318237
43,224,LosAngeles_Small,train,IPPO,3600,10,80,61,0.7625,1.0000,0.0000,537.9672,179.3224,0.3147,3.0679,286.0164,271.5294,1167.9075,0.8167,22.4985,18.0472,837.7922,241.6709,1756.4250,175642.5000,0,0,-0.0010,0.3694,0.6077,0.1299,302,0.7625,0.2375,3.0563,1676.2739,uniform,0.2082,0.3910,1.7672,0.0000,1.0000,0.0000,52.4349,15,1306.6711,0.0583,1.1870,4,1,71242.3594,3.7750,0.0000,3.7750,0.7883,0.9762,0.0000,1.3910,5647.1060,45,1.2499,0.0000,0.0000,0.0000,1525028.0000,21.7750,97541.4688,305.7616,140514
43,224,LosAngeles_Small,train,MAPPER,3600,10,80,58,0.7250,1.0000,0.0000,581.2759,290.6379,0.2924,3.0669,274.8103,326.3492,1167.3707,0.8496,22.4985,18.0472,837.7922,241.6709,1184.3875,118438.7500,0,0,-0.0012,0.0182,0.0623,0.0094,305,0.7250,0.2750,3.0543,1676.2739,uniform,0.2500,0.4639,1.7672,0.0000,1.0000,0.0000,41.3362,15,1306.6555,0.0582,1.1035,4,1,67707.5000,3.8125,0.0000,3.8125,0.7314,0.9526,0.0000,1.3049,3837.2671,45,1.4818,0.0000,0.0000,0.0000,1038495.1250,13.3500,51579.8672,393.7486,94751
43,224,LosAngeles_Small,train,MAPPO,3600,10,80,61,0.7625,1.0000,0.0000,490.8361,163.6120,0.3807,3.0665,267.1967,275.0270,1133.5061,0.8484,22.4985,18.0472,837.7922,241.6709,1235.9875,123598.7500,0,0,-0.0000,0.0015,0.0002,0.0038,282,0.7625,0.2375,3.0546,1676.2739,uniform,0.3000,0.5459,1.7672,0.0000,1.0000,0.0000,40.4955,15,1306.6886,0.0583,1.2053,4,0,69143.8672,3.5250,0.0000,3.5250,0.7616,0.9432,0.0000,1.3502,5094.8237,43,1.3515,0.0000,0.0000,0.0000,1084608.2500,11.4125,52358.3633,430.1305,98879
43,225,LosAngeles_Medium,train,IPPO,3600,20,117,88,0.7521,1.0000,0.0000,816.9091,116.7013,0.3742,3.1027,507.8523,354.9118,2137.9666,0.8420,44.7791,41.4664,1706.2229,324.4400,4949.7437,247487.1719,0,0,-0.0007,0.7267,0.5931,0.1846,463,0.7521,0.2479,3.0956,3350.6067,uniform,0.2719,0.5222,1.7563,0.0000,1.0000,0.0000,80.2589,16,2607.5671,0.0233,1.0007,4,0,188141.0625,3.9573,0.0000,3.9573,0.7334,1.8628,0.0000,1.3411,9527.2559,82,1.5233,0.0000,0.0000,0.0000,4496889.5000,18.9658,487572.4062,329.6063,579120
43,225,LosAngeles_Medium,train,MAPPER,3600,20,117,79,0.6752,1.0000,0.0000,810.1646,162.0329,0.2662,3.1026,512.1519,368.0851,2193.7625,0.8567,44.7791,41.4664,1706.2229,324.4400,3017.9744,150898.7188,0,0,-0.0012,0.0686,0.1327,0.0186,452,0.6752,0.3248,3.0958,3350.6067,uniform,0.2750,0.5378,1.7563,0.0000,1.0000,0.0000,73.3994,16,2607.3044,0.0234,1.0972,4,0,173307.2344,3.8632,0.0000,3.8632,0.6728,1.9036,0.0000,1.4814,12648.9873,82,1.4140,0.0000,0.0000,0.0000,2796884.7500,10.0085,280448.5625,399.8908,353103
43,225,LosAngeles_Medium,train,MAPPO,3600,20,117,74,0.6325,1.0000,0.0000,861.4054,95.7117,0.4575,3.1000,536.7027,426.8172,2318.9717,0.8642,44.7791,41.4664,1706.2229,324.4400,2834.9487,141747.4375,0,0,-0.0017,0.0112,0.0000,0.0153,484,0.6325,0.3675,3.0931,3350.6067,uniform,0.2374,0.4766,1.7563,0.0000,1.0000,0.0000,72.9084,16,2607.6621,0.0238,1.1987,2,0,171603.9062,4.1368,0.0000,4.1368,0.6665,2.0131,0.0000,1.5672,23139.6855,126,3.0341,0.0000,0.0000,0.0000,2596094.2500,22.6667,235090.1875,586.7781,331689
43,226,Paris_Small,train,IPPO,3600,10,82,64,0.7805,1.0000,0.0000,560.9219,186.9740,0.3686,3.0260,330.5000,262.3600,1381.1522,0.8358,23.7673,22.0063,1075.6534,237.4300,2870.0244,287002.4375,0,0,-0.0004,0.2501,0.6018,0.1061,313,0.7805,0.2195,3.0280,1677.5131,uniform,0.2531,0.4646,1.6354,0.0000,1.0000,0.0000,54.2696,14,1322.9500,0.0426,0.9462,4,0,88393.7422,3.8171,0.0000,3.8171,0.8627,1.1917,0.0000,1.1527,3083.8022,27,1.2607,0.0000,0.0000,0.0000,2519045.2500,18.1341,171552.1406,426.9477,235342
43,226,Paris_Small,train,MAPPER,3600,10,82,60,0.7317,1.0000,0.0000,563.1166,187.7056,0.3408,3.0257,306.5333,283.0428,1291.1138,0.8424,23.7673,22.0063,1075.6534,237.4300,1743.7439,174374.4062,0,0,-0.0003,0.0451,0.0574,0.0077,305,0.7317,0.2683,3.0274,1677.5131,uniform,0.3000,0.5477,1.6354,0.0000,1.0000,0.0000,48.3106,14,1323.0139,0.0424,1.0097,4,0,77466.8281,3.7195,0.0000,3.7195,0.7270,1.0713,0.0000,1.1613,2881.7869,30,1.4209,0.0000,0.0000,0.0000,1580139.5000,10.2073,85920.2656,532.3333,142987
43,226,Paris_Small,train,MAPPO,3600,10,82,70,0.8537,1.0000,0.0000,553.9714,138.4929,0.4524,3.0247,316.5000,249.6282,1336.1636,0.8443,23.7673,22.0063,1075.6534,237.4300,1701.8414,170184.1562,0,0,-0.0044,0.0102,0.0001,0.0145,288,0.8537,0.1463,3.0243,1677.5131,uniform,0.2429,0.4472,1.6354,0.0000,1.0000,0.0000,49.2673,14,1322.9800,0.0433,0.9760,5,1,93531.4453,3.5122,0.0000,3.5122,0.8869,1.1202,0.0000,1.1592,2647.2493,34,1.2479,0.0000,0.0000,0.0000,1541185.8750,12.5732,76652.4219,606.4019,139551
43,227,Paris_Medium,train,IPPO,3600,20,113,92,0.8142,1.0000,0.0000,705.7826,141.1565,0.2966,3.0397,456.0435,296.0481,1908.0632,0.8368,46.7749,43.2829,1569.7990,279.4828,6596.2300,329811.5000,0,0,-0.0009,0.4841,0.5884,0.1431,441,0.8142,0.1858,3.0311,3351.1243,uniform,0.3232,0.6353,1.6396,0.0000,1.0000,0.0000,74.4308,13,2652.0366,0.0292,0.8454,5,0,175541.8125,3.9027,0.0000,3.9027,0.8492,1.6508,0.0000,1.1606,3267.2183,42,1.1749,0.0000,0.0000,0.0000,6139419.0000,19.7345,636076.5625,510.4258,745374
43,227,Paris_Medium,train,MAPPER,3600,20,113,84,0.7434,1.0000,0.0000,713.2857,178.3214,0.2030,3.0399,437.7619,333.4490,1881.7549,0.8597,46.7749,43.2829,1569.7990,279.4828,3997.2654,199863.2812,0,0,-0.0013,0.0501,0.1177,0.0104,419,0.7434,0.2566,3.0314,3351.1243,uniform,0.2579,0.5051,1.6396,0.0000,1.0000,0.0000,61.4109,13,2652.0349,0.0292,0.8748,4,0,158067.4062,3.7080,0.0000,3.7080,0.7738,1.6474,0.0000,1.1313,3614.2822,43,1.1824,0.0000,0.0000,0.0000,3732503.2500,8.8761,353314.2812,605.8303,451691
43,227,Paris_Medium,train,MAPPO,3600,20,113,90,0.7965,1.0000,0.0000,753.3666,107.6238,0.3937,3.0379,458.0111,334.9126,1952.7013,0.8527,46.7749,43.2829,1569.7990,279.4828,3887.6814,194384.0781,0,0,0.0000,0.0006,0.0000,0.0032,453,0.7965,0.2035,3.0290,3351.1243,uniform,0.2389,0.4792,1.6396,0.0000,1.0000,0.0000,67.4709,13,2652.0552,0.0296,0.9709,4,0,175743.1094,4.0088,0.0000,4.0088,0.8409,1.6709,0.0000,1.1955,6179.1553,73,1.5438,0.0000,0.0000,0.0000,3605374.5000,17.9115,314941.0000,818.2883,439308
43,228,Tokyo_Small,train,IPPO,3600,25,76,54,0.7105,1.0000,0.0000,578.8148,64.3128,0.3707,3.0807,293.8889,308.3968,1260.2362,0.8576,28.1116,23.7036,914.5052,266.7827,4443.0791,444307.8750,0,0,-0.0008,0.2719,0.5963,0.1120,273,0.7105,0.2895,3.0764,1678.1178,uniform,0.2877,0.5251,1.7372,0.0000,1.0000,0.0000,41.8416,18,1318.7261,0.0391,1.1561,3,0,68052.7500,3.5921,0.0000,3.5921,0.7976,1.0419,0.0000,1.3139,5084.8545,39,1.6623,0.0000,0.0000,0.0000,4195314.5000,22.6053,288893.8125,394.0816,337674
43,228,Tokyo_Small,train,MAPPER,3600,25,76,51,0.6711,1.0000,0.0000,596.9804,66.3312,0.3748,3.0799,288.7255,346.2500,1220.6681,0.8456,28.1116,23.7036,914.5052,266.7827,2093.8420,209384.2031,0,0,-0.0004,0.0246,0.0561,0.0070,276,0.6711,0.3289,3.0756,1678.1178,uniform,0.3275,0.6104,1.7372,0.0000,1.0000,0.0000,44.5919,18,1318.6995,0.0391,1.2668,4,0,62254.0742,3.6316,0.0000,3.6316,0.6980,0.9654,0.0000,1.3884,6867.9976,51,2.6242,0.0000,0.0000,0.0000,1939817.2500,10.9211,110946.4141,479.9975,159132
43,228,Tokyo_Small,train,MAPPO,3600,25,76,59,0.7763,1.0000,0.0000,549.6440,61.0716,0.3740,3.0804,304.5254,254.6618,1300.0166,0.8538,28.1116,23.7036,914.5052,266.7827,1024.3158,102431.5781,0,0,-0.0000,0.0021,0.0001,0.0052,286,0.7763,0.2237,3.0765,1678.1178,uniform,0.2268,0.4374,1.7372,0.0000,1.0000,0.0000,44.5221,18,1318.6938,0.0386,1.0629,4,0,76700.9766,3.7632,0.0000,3.7632,0.8799,1.0520,0.0000,1.2286,3871.9780,31,2.2384,0.0000,0.0000,0.0000,878583.0000,5.8026,30532.6191,476.8397,77848
43,229,Tokyo_Medium,train,IPPO,3600,50,113,81,0.7168,1.0000,0.0000,802.6173,38.2199,0.4300,3.0670,507.4321,385.9900,2180.9451,0.8596,56.6871,53.5077,1755.3752,322.5503,1841.3274,92066.3750,0,0,-0.0005,0.2355,0.5803,0.1023,428,0.7168,0.2832,3.0604,3353.7678,uniform,0.3348,0.6276,1.6297,0.0000,1.0000,0.0000,71.2431,14,2624.5369,0.0307,1.1301,3,0,176656.5469,3.7876,0.0000,3.7876,0.7787,1.9950,0.0000,1.4373,12515.7314,109,2.3126,0.0000,0.0000,0.0000,1687996.1250,22.9558,180026.5156,94.8430,208070
43,229,Tokyo_Medium,train,MAPPER,3600,50,113,81,0.7168,1.0000,0.0000,844.3580,44.4399,0.3889,3.0674,532.2099,352.3404,2282.8833,0.8579,56.6871,53.5077,1755.3752,322.5503,676.7168,33835.8398,0,0,-0.0023,0.0644,0.1249,0.0136,377,0.7168,0.2832,3.0603,3353.7678,uniform,0.2778,0.5473,1.6297,0.0000,1.0000,0.0000,75.6332,14,2624.5266,0.0303,1.0219,3,0,184913.5469,3.3363,0.0000,3.3363,0.7985,2.0459,0.0000,1.3777,11245.5488,83,1.8934,0.0000,0.0000,0.0000,511432.3125,11.4602,43184.5273,129.2703,76469
43,229,Tokyo_Medium,train,MAPPO,3600,50,113,89,0.7876,1.0000,0.0000,809.4157,40.4708,0.4015,3.0674,523.4269,316.1765,2267.9041,0.8666,56.6871,53.5077,1755.3752,322.5503,485.7345,24286.7266,0,0,-0.0000,0.0006,0.0000,0.0040,420,0.7876,0.2124,3.0605,3353.7678,uniform,0.2695,0.5148,1.6297,0.0000,1.0000,0.0000,69.8461,14,2624.6235,0.0308,0.9472,3,0,201843.4688,3.7168,0.0000,3.7168,0.8575,1.9995,0.0000,1.2468,8603.2246,83,1.6534,0.0000,0.0000,0.0000,305209.2188,7.4336,18421.7480,142.1868,54888
43,230,LosAngeles_Small,train,IPPO,3600,25,86,56,0.6512,1.0000,0.0000,620.6429,56.4221,0.4732,3.0776,291.0000,381.4925,1232.0471,0.8468,22.6064,20.0577,937.6254,239.8878,623.4302,62343.0234,0,0,-0.0005,0.4596,0.5876,0.1351,309,0.6512,0.3488,3.0647,1675.5372,uniform,0.3107,0.5658,1.6939,0.0000,1.0000,0.0000,44.5906,15,1307.4100,0.0510,1.2328,4,0,68994.6406,3.5930,0.0000,3.5930,0.6618,0.9925,0.0000,1.5522,9386.3545,58,2.2577,0.0000,0.0000,0.0000,540622.6875,36.4651,38543.6562,92.4422,53615
43,230,LosAngeles_Small,train,MAPPER,3600,25,86,61,0.7093,1.0000,0.0000,626.2623,56.9329,0.4569,3.0768,287.9836,356.0423,1215.2640,0.8440,22.6064,19.9754,930.1095,246.8974,328.1628,32816.2773,0,0,-0.0009,0.0414,0.0619,0.0060,282,0.7439,0.2561,3.0641,1675.5372,uniform,0.2639,0.4833,1.6814,0.0000,1.0000,0.0000,44.9308,15,1307.4238,0.0513,1.2880,4,0,74131.1016,3.2791,0.0000,3.2791,0.7097,0.9771,0.0000,1.4213,7724.6934,63,2.3781,0.0000,0.0000,0.0000,241107.8125,12.5581,12274.2930,98.3850,28222
43,230,LosAngeles_Small,train,MAPPO,3600,25,86,69,0.8023,1.0000,0.0000,486.4783,54.0531,0.3860,3.0784,282.6377,240.2179,1197.3678,0.8473,22.6064,20.0577,937.6254,239.8878,244.7674,24476.7441,0,0,-0.0000,0.0007,0.0001,0.0030,289,0.8023,0.1977,3.0658,1675.5372,uniform,0.2188,0.4071,1.6939,0.0000,1.0000,0.0000,43.1641,15,1307.4247,0.0509,1.0699,4,0,82618.3828,3.3605,0.0000,3.3605,0.8135,0.9901,0.0000,1.2207,3992.1743,47,1.8250,0.0000,0.0000,0.0000,156958.9844,4.9302,4828.8232,100.8116,21050
43,231,LosAngeles_Medium,train,IPPO,3600,50,120,88,0.7333,1.0000,0.0000,948.5568,39.5232,0.4883,3.0984,589.5000,415.1731,2538.3320,0.8612,46.6288,44.3568,1850.9113,312.9369,2085.2917,104264.5859,0,0,-0.0006,0.4308,0.5683,0.1394,472,0.7333,0.2667,3.1043,3348.4363,uniform,0.2519,0.4896,1.6604,0.0000,1.0000,0.0000,81.8336,17,2612.3730,0.0342,1.0202,3,0,223373.2188,3.9333,0.0000,3.9333,0.7882,2.0090,0.0000,1.4707,13522.4209,108,2.3234,0.0000,0.0000,0.0000,1917840.5000,26.3167,218578.8594,96.3518,250235
43,231,LosAngeles_Medium,train,MAPPER,3600,50,120,89,0.7417,1.0000,0.0000,920.0562,41.8207,0.4595,3.0990,570.5393,404.3714,2485.8186,0.8714,46.6288,44.3568,1850.9113,312.9369,797.2250,39861.2500,0,0,-0.0008,0.0586,0.1000,0.0086,423,0.7417,0.2583,3.1044,3348.4363,uniform,0.2758,0.5232,1.6604,0.0000,1.0000,0.0000,73.3756,17,2612.2454,0.0345,1.0607,3,0,221237.8438,3.5250,0.0000,3.5250,0.7831,1.9733,0.0000,1.4987,16372.2803,112,2.6888,0.0000,0.0000,0.0000,633422.8750,12.5000,61529.8398,120.6760,95667
43,231,LosAngeles_Medium,train,MAPPO,3600,50,120,94,0.7833,1.0000,0.0000,841.0851,38.2311,0.4489,3.0989,568.7341,322.6460,2468.3279,0.8680,46.6288,44.3568,1850.9113,312.9369,449.8500,22492.5000,0,0,-0.0000,0.0009,0.0000,0.0045,410,0.7833,0.2167,3.1039,3348.4363,uniform,0.2457,0.4715,1.6604,0.0000,1.0000,0.0000,75.0685,17,2612.0945,0.0341,0.9751,3,0,232022.8281,3.4167,0.0000,3.4167,0.8227,1.9628,0.0000,1.6700,32357.4785,109,1.7965,0.0000,0.0000,0.0000,273127.4062,8.5917,14319.0098,153.8041,53982
43,232,Paris_Small,train,IPPO,3600,25,82,72,0.8780,1.0000,0.0000,507.0000,63.3750,0.3431,3.0593,255.7917,265.4935,1058.7584,0.8278,22.6132,19.7536,854.8561,241.1906,1121.6830,112168.2891,0,0,-0.0006,0.2144,0.5808,0.0985,299,0.8780,0.1220,3.0611,1677.2480,uniform,0.2231,0.4111,1.6345,0.0000,1.0000,0.0000,44.0400,14,1329.1198,0.0467,0.9439,4,0,76230.6094,3.6463,0.0000,3.6463,0.8976,0.9611,0.0000,1.1670,1961.1737,29,2.1673,0.0000,0.0000,0.0000,1037278.9375,20.5854,74337.7734,130.7225,91978
43,232,Paris_Small,train,MAPPER,3600,25,82,67,0.8171,1.0000,0.0000,527.3433,58.5937,0.3781,3.0576,253.4925,279.2917,1054.5669,0.8320,22.6132,19.7536,854.8561,241.1906,614.0610,61406.0977,0,0,-0.0009,0.0309,0.0753,0.0076,287,0.8171,0.1829,3.0596,1677.2480,uniform,0.2771,0.4997,1.6345,0.0000,1.0000,0.0000,42.5792,14,1329.1547,0.0458,1.0607,4,0,70655.9844,3.5000,0.0000,3.5000,0.8498,0.9777,0.0000,1.2480,3820.3997,39,2.4603,0.0000,0.0000,0.0000,523656.2812,11.9756,28859.9668,171.7072,50353
43,232,Paris_Small,train,MAPPO,3600,25,82,74,0.9024,1.0000,0.0000,485.2433,60.6554,0.3554,3.0592,247.0946,240.5696,1036.7797,0.8392,22.6132,19.7536,854.8561,241.1906,344.9756,34497.5625,0,0,0.0000,0.0013,0.0001,0.0037,307,0.9024,0.0976,3.0613,1677.2480,uniform,0.2171,0.4018,1.6345,0.0000,1.0000,0.0000,39.7387,14,1329.1145,0.0465,1.0713,4,0,76721.6953,3.7439,0.0000,3.7439,0.9055,0.9433,0.0000,1.3342,4186.1475,40,1.7623,0.0000,0.0000,0.0000,250774.6875,5.0488,6950.1880,166.0179,28288
43,233,Paris_Medium,train,IPPO,3600,50,120,94,0.7833,1.0000,0.0000,739.9149,35.2340,0.4279,3.0500,469.5000,305.9810,2003.1611,0.8533,46.3678,41.0925,1615.4590,273.7717,4094.0000,204700.0000,0,0,-0.0004,0.3617,0.5700,0.1289,456,0.7833,0.2167,3.0483,3354.8984,uniform,0.3011,0.5633,1.6321,0.0000,1.0000,0.0000,68.8678,13,2657.3799,0.0395,0.9714,4,0,188297.1406,3.8000,0.0000,3.8000,0.8098,1.6436,0.0000,1.2166,7931.6567,65,2.5539,0.0000,0.0000,0.0000,3906978.2500,23.4667,440622.1875,235.1288,491280
43,233,Paris_Medium,train,MAPPER,3600,50,120,90,0.7500,1.0000,0.0000,780.7556,41.0924,0.3991,3.0494,485.8333,334.0784,2079.0444,0.8559,46.3678,41.0925,1615.4590,273.7717,1339.3583,66967.9219,0,0,-0.0010,0.0607,0.1098,0.0090,476,0.7500,0.2500,3.0477,3354.8984,uniform,0.2912,0.5506,1.6321,0.0000,1.0000,0.0000,70.0244,13,2657.2803,0.0397,0.9599,4,0,187114.0000,3.9667,0.0000,3.9667,0.7992,1.6944,0.0000,1.2233,7733.6440,74,5.3312,0.0000,0.0000,0.0000,1153704.0000,10.7750,108831.9453,246.7731,160723
43,233,Paris_Medium,train,MAPPO,3600,50,120,102,0.8500,1.0000,0.0000,697.9314,34.8966,0.4007,3.0498,456.3039,280.5739,1934.5443,0.8479,46.3678,41.0925,1615.4590,273.7717,994.0833,49704.1680,0,0,-0.0017,0.0144,0.0000,0.0168,464,0.8500,0.1500,3.0482,3354.8984,uniform,0.2474,0.4718,1.6321,0.0000,1.0000,0.0000,69.3951,13,2657.2888,0.0395,0.9020,4,0,197323.5312,3.8667,0.0000,3.8667,0.8569,1.6029,0.0000,1.1763,5845.2095,60,1.7750,0.0000,0.0000,0.0000,791876.6875,7.9667,59993.9844,291.9290,119290
43,234,Tokyo_Small,train,IPPO,3600,7,79,50,0.6329,1.0000,0.0000,714.1400,357.0700,0.4240,3.0109,271.0000,484.3548,940.3847,0.6940,28.6398,26.9043,792.8655,293.8917,577.6835,57768.3555,0,0,-0.0006,0.6832,0.5666,0.1750,300,0.6329,0.3671,3.1046,1596.0089,shock_pick,0.4086,0.7684,1.7540,0.0000,1.0000,0.0000,82.9231,16,1234.7261,0.4883,1.1715,6,0,47019.2344,3.7975,0.0000,3.7975,0.5975,0.8158,0.0000,1.4361,7362.4551,51,1.5869,0.0000,0.0000,0.0000,450861.6250,16.6456,26990.9199,109.2064,45637
43,234,Tokyo_Small,train,MAPPER,3600,7,79,46,0.5823,1.0000,0.0000,549.7609,274.8804,0.3644,3.0118,262.5217,331.0392,1070.2117,0.8153,28.6398,26.9043,792.8655,293.8917,497.6962,49769.6211,0,0,-0.0019,0.0605,0.0894,0.0071,299,0.5823,0.4177,3.1042,1596.0089,shock_pick,0.2759,0.5500,1.7540,0.0000,1.0000,0.0000,48.4794,16,1234.8356,0.4884,1.3605,4,0,49229.7344,3.7848,0.0000,3.7848,0.6223,0.9236,0.0000,1.5586,8918.0635,43,1.8272,0.0000,0.0000,0.0000,382706.0625,10.2911,19781.2324,132.3123,39318
43,234,Tokyo_Small,train,MAPPO,3600,7,79,53,0.6709,1.0000,0.0000,564.9811,282.4906,0.4204,3.0105,251.2830,349.5254,1062.8391,0.8459,28.6398,26.9043,792.8655,293.8917,518.1772,51817.7227,0,0,-0.0000,0.0029,0.0000,0.0047,329,0.6709,0.3291,3.1021,1596.0089,shock_pick,0.2937,0.5406,1.7540,0.0000,1.0000,0.0000,38.7152,16,1234.7411,0.4880,1.3318,4,0,56330.4727,4.1646,0.0000,4.1646,0.6912,0.8904,0.0000,1.5876,10629.7354,58,1.0952,0.0000,0.0000,0.0000,392922.4688,16.9620,14322.4932,211.6267,40936
43,235,Tokyo_Medium,train,IPPO,3600,14,116,85,0.7328,1.0000,0.0000,802.4824,267.4941,0.2825,2.9755,498.1765,355.8454,1992.3380,0.7999,58.3322,53.9125,1531.2598,324.6280,1210.7500,60537.5039,0,0,-0.0009,0.3794,0.5606,0.1308,446,0.7328,0.2672,3.0731,3184.9431,shock_pick,0.2979,0.6216,1.6408,0.0000,1.0000,0.0000,99.7089,17,2458.1516,0.3921,1.1517,5,0,169348.7344,3.8448,0.0000,3.8448,0.8083,1.5497,0.0000,1.4696,20355.7617,87,1.1222,0.0000,0.0000,0.0000,872234.4375,15.8276,89195.2344,103.3124,140447
43,235,Tokyo_Medium,train,MAPPER,3600,14,116,81,0.6983,1.0000,0.0000,779.4938,259.8313,0.2573,2.9740,457.2592,384.4375,1976.1848,0.8644,58.3322,53.9125,1531.2598,324.6280,1009.5086,50475.4297,0,0,-0.0018,0.1318,0.1363,0.0179,414,0.6983,0.3017,3.0707,3184.9431,shock_pick,0.3080,0.5787,1.6408,0.0000,1.0000,0.0000,62.0223,17,2458.1917,0.3916,1.2230,3,0,160070.9688,3.5690,0.0000,3.5690,0.7256,1.4599,0.0000,1.4463,15584.1396,98,1.2554,0.0000,0.0000,0.0000,758654.7500,9.2759,71706.0938,140.5007,117103
43,235,Tokyo_Medium,train,MAPPO,3600,14,116,82,0.7069,1.0000,0.0000,769.7073,192.4268,0.3413,2.9741,503.3171,306.0333,2147.9268,0.8535,58.3322,53.9125,1531.2598,324.6280,1022.3879,51119.3984,0,0,0.0000,0.0004,0.0000,0.0023,459,0.7069,0.2931,3.0712,3184.9431,shock_pick,0.3004,0.5663,1.6408,0.0000,1.0000,0.0000,73.7317,17,2458.2258,0.3917,1.2682,3,0,176130.0000,3.9569,0.0000,3.9569,0.8099,1.6096,0.0000,1.5881,23856.0645,117,1.3322,0.0000,0.0000,0.0000,719323.5625,12.4655,60661.0586,196.3854,118597
43,236,LosAngeles_Small,train,IPPO,3600,7,76,54,0.7105,1.0000,0.0000,632.9445,316.4722,0.3516,3.1168,331.6667,336.4219,1279.2705,0.7714,23.3401,21.3990,899.8306,253.4357,564.5921,56459.2109,0,0,-0.0008,0.3120,0.5566,0.1199,288,0.7105,0.2895,3.1509,1594.1064,shock_pick,0.2810,0.5225,1.7136,0.0000,1.0000,0.0000,75.8126,15,1232.5433,0.3611,1.3444,4,0,69080.6016,3.7895,0.0000,3.7895,0.7738,1.1095,0.0000,1.7411,10067.4482,58,1.1779,0.0000,0.0000,0.0000,377171.2500,16.8421,23065.9238,73.6747,42909
43,236,LosAngeles_Small,train,MAPPER,3600,7,76,45,0.5921,1.0000,0.0000,592.0222,296.0111,0.2919,3.1167,298.8667,368.6071,1267.2817,0.8481,23.3401,21.3990,899.8306,253.4357,459.0263,45902.6328,0,0,-0.0011,0.0407,0.0859,0.0097,267,0.5921,0.4079,3.1505,1594.1064,shock_pick,0.3126,0.5761,1.7136,0.0000,1.0000,0.0000,45.4103,15,1232.5605,0.3611,1.4012,3,0,57027.6797,3.5132,0.0000,3.5132,0.6690,1.1511,0.0000,1.8760,8593.2979,69,1.1854,0.0000,0.0000,0.0000,334434.5000,11.5263,17613.2012,102.6836,34886
43,236,LosAngeles_Small,train,MAPPO,3600,7,76,49,0.6447,1.0000,0.0000,618.2041,309.1021,0.3674,3.1163,303.8163,371.5763,1260.3101,0.8297,23.3401,21.3990,899.8306,253.4357,461.2632,46126.3164,0,0,0.0038,0.1244,0.0000,0.0456,300,0.6447,0.3553,3.1500,1594.1064,shock_pick,0.2429,0.4868,1.7136,0.0000,1.0000,0.0000,51.7543,15,1232.5828,0.3610,1.6819,4,1,61755.1953,3.9474,0.0000,3.9474,0.6593,1.0418,0.0000,2.4444,17105.5586,91,1.1553,0.0000,0.0000,0.0000,331256.5625,12.1711,14819.7588,136.2612,35056
43,237,LosAngeles_Medium,train,IPPO,3600,14,104,74,0.7115,1.0000,0.0000,806.7838,268.9279,0.2474,3.0837,561.9459,288.2619,2405.8303,0.8562,47.1274,39.0601,1708.6385,298.0327,1189.1346,59456.7305,0,0,-0.0006,0.2689,0.5549,0.1053,395,0.7115,0.2885,3.1259,3180.9609,shock_pick,0.2684,0.5195,1.6472,0.0000,1.0000,0.0000,80.7798,17,2443.3188,0.3423,1.0813,3,0,178031.4375,3.7981,0.0000,3.7981,0.7967,1.9921,0.0000,1.7775,20089.5469,85,1.0658,0.0000,0.0000,0.0000,827966.6250,15.2788,77703.1094,80.8236,123670
43,237,LosAngeles_Medium,train,MAPPER,3600,14,104,69,0.6635,1.0000,0.0000,810.5797,405.2899,0.1967,3.0831,548.4058,325.0119,2355.7446,0.8591,47.1274,39.0601,1708.6385,298.0327,745.1539,37257.6914,0,0,-0.0022,0.0953,0.1342,0.0128,420,0.6635,0.3365,3.1251,3180.9609,shock_pick,0.3106,0.6077,1.6472,0.0000,1.0000,0.0000,77.2569,17,2443.2852,0.3424,1.0618,4,0,162546.3750,4.0385,0.0000,4.0385,0.7397,1.9834,0.0000,1.5696,14406.9580,79,1.3362,0.0000,0.0000,0.0000,481459.0625,8.6635,38709.9102,109.2506,77496
43,237,LosAngeles_Medium,train,MAPPO,3600,14,104,72,0.6923,1.0000,0.0000,804.7222,160.9444,0.3771,3.0832,570.6528,316.2941,2406.7561,0.8435,47.1274,39.0601,1708.6385,298.0327,735.4135,36770.6719,0,0,0.0068,0.0240,0.0000,0.0117,417,0.6923,0.3077,3.1250,3180.9609,shock_pick,0.2648,0.5443,1.6472,0.0000,1.0000,0.0000,89.3015,17,2443.3652,0.3421,1.3782,3,0,173286.4375,4.0096,0.0000,4.0096,0.7746,1.9905,0.0000,1.9048,23624.8906,130,1.1751,0.0000,0.0000,0.0000,487108.5312,8.5288,37845.6328,123.2101,76483
43,238,Paris_Small,train,IPPO,3600,7,83,64,0.7711,1.0000,0.0000,488.6250,488.6250,0.2827,3.0022,252.4219,262.7308,1030.7736,0.8167,23.0598,21.7224,810.3370,247.8271,567.8554,56785.5430,0,0,-0.0007,0.5830,0.5568,0.1576,301,0.7711,0.2289,3.0481,1586.9384,shock_pick,0.1907,0.3644,1.6434,0.0000,1.0000,0.0000,46.2672,14,1241.8361,0.4549,0.9427,4,1,65969.5078,3.6265,0.0000,3.6265,0.8282,0.8935,0.0000,1.1821,2043.1144,28,1.2568,0.0000,0.0000,0.0000,409892.4375,17.0482,25875.6426,98.1396,47132
43,238,Paris_Small,train,MAPPER,3600,7,83,58,0.6988,1.0000,0.0000,535.7069,267.8535,0.2922,3.0030,248.5172,311.1692,1005.2914,0.8090,23.0598,21.7224,810.3370,247.8271,593.6144,59361.4453,0,0,-0.0007,0.0620,0.0976,0.0084,322,0.6988,0.3012,3.0489,1586.9384,shock_pick,0.2828,0.5811,1.6434,0.0000,1.0000,0.0000,47.4590,14,1241.8149,0.4550,1.0229,7,1,58306.9023,3.8795,0.0000,3.8795,0.7704,0.9172,0.0000,1.2425,2909.4326,28,1.1271,0.0000,0.0000,0.0000,484736.6250,11.4096,27659.4805,151.4919,49270
43,238,Paris_Small,train,MAPPO,3600,7,83,63,0.7590,1.0000,0.0000,497.5873,248.7937,0.3785,3.0010,246.4444,289.7917,1008.3786,0.8183,23.0598,21.7224,810.3370,247.8271,495.2410,49524.0977,0,0,-0.0000,0.0023,0.0000,0.0047,283,0.7590,0.2410,3.0463,1586.9384,shock_pick,0.3169,0.5813,1.6434,0.0000,1.0000,0.0000,44.7687,14,1241.9606,0.4546,1.3676,5,0,63527.8516,3.4096,0.0000,3.4096,0.8341,0.9143,0.0000,1.4209,8622.6777,57,1.1715,0.0000,0.0000,0.0000,387357.1562,14.6265,15804.4229,196.9440,41105
43,239,Paris_Medium,train,IPPO,3600,14,128,102,0.7969,1.0000,0.0000,769.7745,192.4436,0.3435,3.0346,520.7353,280.0690,2105.9585,0.8088,47.2594,43.5283,1716.5042,283.3132,1445.8125,72290.6250,0,0,-0.0006,0.9271,0.5452,0.2082,499,0.7969,0.2031,3.0482,3184.4165,shock_pick,0.2472,0.4652,1.5985,0.0000,1.0000,0.0000,99.5436,14,2506.3542,0.3593,0.8596,4,0,214807.7656,3.8984,0.0000,3.8984,0.8412,1.7136,0.0000,1.1879,5950.9712,61,1.3424,0.0000,0.0000,0.0000,1049572.5000,19.1250,116054.1094,142.9022,185064
43,239,Paris_Medium,train,MAPPER,3600,14,128,94,0.7344,1.0000,0.0000,823.1595,205.7899,0.3092,3.0342,512.7659,352.7019,2133.4143,0.8321,47.2594,43.5283,1716.5042,283.3132,1181.3594,59067.9688,0,0,-0.0015,0.0948,0.1142,0.0115,502,0.7344,0.2656,3.0486,3184.4165,shock_pick,0.2770,0.5387,1.5985,0.0000,1.0000,0.0000,86.0831,14,2506.4106,0.3593,0.9621,4,0,200540.9531,3.9219,0.0000,3.9219,0.7591,1.6780,0.0000,1.2670,9371.5850,83,1.1614,0.0000,0.0000,0.0000,953728.4375,11.8672,95745.9219,205.7156,151214
43,239,Paris_Medium,train,MAPPO,3600,14,128,96,0.7500,1.0000,0.0000,804.3021,114.9003,0.5064,3.0333,509.8958,346.1945,2140.9880,0.8398,47.2594,43.5283,1716.5042,283.3132,1377.2734,68863.6719,0,0,0.0000,0.0023,0.0000,0.0067,526,0.7500,0.2500,3.0475,3184.4165,shock_pick,0.2642,0.5129,1.5985,0.0000,1.0000,0.0000,81.6982,14,2506.5728,0.3591,1.1843,4,0,205534.8594,4.1094,0.0000,4.1094,0.7751,1.6777,0.0000,1.5062,18516.9824,113,1.5370,0.0000,0.0000,0.0000,1151966.0000,20.3125,98931.9453,379.0622,176291
43,240,Tokyo_Small,train,IPPO,3600,10,78,56,0.7179,1.0000,0.0000,527.6071,175.8690,0.3075,2.9987,287.0893,293.5571,1113.6620,0.7758,28.1504,25.1781,871.4814,282.0556,518.5128,51851.2812,0,0,-0.0006,0.4145,0.5502,0.1343,314,0.7179,0.2821,3.1156,1592.2413,shock_pick,0.2615,0.4818,1.6385,0.0000,1.0000,0.0000,64.3569,14,1241.7191,0.4952,1.0866,4,0,62365.0742,4.0256,0.0000,4.0256,0.7250,0.8624,0.0000,1.5318,12549.4189,30,1.0694,0.0000,0.0000,0.0000,360133.8750,17.1538,22171.9121,75.8802,40444
43,240,Tokyo_Small,train,MAPPER,3600,10,78,47,0.6026,1.0000,0.0000,557.2766,185.7589,0.3811,2.9977,276.5532,316.7544,1158.6089,0.8379,28.1504,25.1781,871.4814,282.0556,408.0385,40803.8477,0,0,-0.0006,0.0378,0.0779,0.0074,307,0.6026,0.3974,3.1146,1592.2413,shock_pick,0.3294,0.5973,1.6385,0.0000,1.0000,0.0000,44.8314,14,1241.7000,0.4951,1.4099,4,0,54454.6172,3.9359,0.0000,3.9359,0.6118,0.8671,0.0000,1.6494,9112.7422,49,1.2153,0.0000,0.0000,0.0000,310797.3125,11.2564,17512.6738,86.2770,31827
43,240,Tokyo_Small,train,MAPPO,3600,10,78,51,0.6538,1.0000,0.0000,496.0392,165.3464,0.3534,2.9987,270.2353,270.9167,1160.0155,0.8585,28.1504,25.1781,871.4814,282.0556,433.5641,43356.4102,0,0,-0.0000,0.0012,0.0000,0.0028,296,0.6538,0.3462,3.1153,1592.2413,shock_pick,0.4059,0.7464,1.6385,0.0000,1.0000,0.0000,38.2322,14,1241.7084,0.4949,1.6042,5,0,59160.7891,3.7949,0.0000,3.7949,0.6734,0.8795,0.0000,1.8204,13483.2441,74,1.7105,0.0000,0.0000,0.0000,335370.4375,16.6538,16740.4082,120.7509,33818
43,241,Tokyo_Medium,train,IPPO,3600,20,131,95,0.7252,1.0000,0.0000,742.6842,106.0977,0.3505,3.0447,451.3053,329.4071,1930.2645,0.8554,58.0422,51.2943,1560.9193,285.1862,1293.0916,64654.5820,0,0,-0.0004,0.4801,0.5323,0.1488,502,0.7252,0.2748,3.0861,3185.3555,shock_pick,0.3573,0.6558,1.5894,0.0000,1.0000,0.0000,65.2523,17,2469.9126,0.3999,1.0341,4,0,183375.1406,3.8321,0.0000,3.8321,0.6996,1.4485,0.0000,1.4173,12604.0713,85,1.4874,0.0000,0.0000,0.0000,1070667.0000,23.2443,127314.0625,98.8056,169395
43,241,Tokyo_Medium,train,MAPPER,3600,20,131,82,0.6260,1.0000,0.0000,770.3171,128.3862,0.3247,3.0449,494.7683,337.1837,2085.3210,0.8429,58.0422,51.2943,1560.9193,285.1862,894.0687,44703.4336,0,0,-0.0016,0.1091,0.1467,0.0212,505,0.6260,0.3740,3.0874,3185.3555,shock_pick,0.3157,0.6009,1.5894,0.0000,1.0000,0.0000,77.7041,17,2469.8967,0.4000,1.0665,4,0,170996.3281,3.8550,0.0000,3.8550,0.6620,1.5879,0.0000,1.3901,12300.3203,92,1.4965,0.0000,0.0000,0.0000,733828.6250,11.7328,81029.2891,115.2863,117123
43,241,Tokyo_Medium,train,MAPPO,3600,20,131,86,0.6565,1.0000,0.0000,779.5814,97.4477,0.4418,3.0436,487.1163,381.7255,2085.4202,0.8562,58.0422,51.2943,1560.9193,285.1862,813.2366,40661.8320,0,0,-0.0000,0.0006,0.0000,0.0023,550,0.6565,0.3435,3.0858,3185.3555,shock_pick,0.3059,0.5833,1.5894,0.0000,1.0000,0.0000,70.0322,17,2470.0945,0.3997,1.2579,4,0,179346.1250,4.1985,0.0000,4.1985,0.6475,1.4811,0.0000,1.4695,19401.7070,133,1.8096,0.0000,0.0000,0.0000,647108.3750,17.7634,60801.1367,182.9789,106534
43,242,LosAngeles_Small,train,IPPO,3600,10,82,60,0.7317,1.0000,0.0000,569.0333,142.2583,0.4319,3.0709,306.1167,298.9726,1249.3190,0.8162,22.7849,19.4426,859.6901,282.4829,551.6464,55164.6328,0,0,-0.0008,0.3167,0.5426,0.1203,310,0.7317,0.2683,3.1320,1594.2936,shock_pick,0.2747,0.5523,1.6498,0.0000,1.0000,0.0000,56.2529,16,1232.6176,0.4499,1.3391,6,1,74959.1406,3.7805,0.0000,3.7805,0.7885,1.0034,0.0000,1.5898,8986.0811,54,1.2189,0.0000,0.0000,0.0000,416061.4688,19.4512,27504.6484,80.6405,45235
43,242,LosAngeles_Small,train,MAPPER,3600,10,82,57,0.6951,1.0000,0.0000,576.7193,192.2398,0.3754,3.0704,294.2456,323.5238,1224.9066,0.8326,22.7849,19.4426,859.6901,282.4829,383.0610,38306.0977,0,0,-0.0012,0.0554,0.0685,0.0101,312,0.6951,0.3049,3.1318,1594.2936,shock_pick,0.2747,0.5257,1.6498,0.0000,1.0000,0.0000,49.2643,16,1232.6814,0.4500,1.3237,5,1,69819.6797,3.8049,0.0000,3.8049,0.7932,1.0624,0.0000,1.7288,8452.7861,65,1.1699,0.0000,0.0000,0.0000,282122.1562,10.5610,16396.8594,82.1618,31411
43,242,LosAngeles_Small,train,MAPPO,3600,10,82,61,0.7439,1.0000,0.0000,566.3442,141.5861,0.4621,3.0699,293.2459,300.9546,1248.7654,0.8517,22.7849,19.4426,859.6901,282.4829,354.4024,35440.2422,0,0,-0.0000,0.0003,0.0000,0.0020,296,0.7439,0.2561,3.1310,1594.2936,shock_pick,0.2617,0.4997,1.6498,0.0000,1.0000,0.0000,43.4928,16,1232.7097,0.4497,1.4625,5,0,76174.6875,3.6098,0.0000,3.6098,0.7970,0.9975,0.0000,1.7157,11687.1523,81,1.4277,0.0000,0.0000,0.0000,250800.9219,17.3902,10921.9248,117.6082,29061
43,243,LosAngeles_Medium,train,IPPO,3600,20,120,87,0.7250,1.0000,0.0000,776.9196,110.9885,0.3573,3.0408,493.6667,326.8269,2072.1421,0.8395,47.3392,43.5728,1557.3547,292.5554,1351.4333,67571.6641,0,0,-0.0007,0.2111,0.5254,0.0947,473,0.7250,0.2750,3.1221,3183.3716,shock_pick,0.2693,0.5289,1.7219,0.0000,1.0000,0.0000,79.2383,17,2434.9805,0.3953,1.1175,4,0,180276.3594,3.9417,0.0000,3.9417,0.7771,1.7292,0.0000,1.5826,14729.5605,110,1.2999,0.0000,0.0000,0.0000,1120044.1250,19.5250,123595.1719,90.0867,162172
43,243,LosAngeles_Medium,train,MAPPER,3600,20,120,78,0.6500,1.0000,0.0000,760.6282,126.7714,0.3380,3.0412,473.3590,365.6000,2016.1786,0.8519,47.3392,43.5728,1557.3547,292.5554,956.4167,47820.8320,0,0,-0.0011,0.0650,0.1111,0.0087,447,0.6500,0.3500,3.1227,3183.3716,shock_pick,0.3266,0.6218,1.7219,0.0000,1.0000,0.0000,70.1233,17,2434.9976,0.3953,1.1349,4,0,157261.9219,3.7250,0.0000,3.7250,0.6917,1.7168,0.0000,1.5928,17359.2148,112,1.3125,0.0000,0.0000,0.0000,779700.2500,10.1500,81691.3438,98.9408,114770
43,243,LosAngeles_Medium,train,MAPPO,3600,20,120,86,0.7167,1.0000,0.0000,735.8023,91.9753,0.4440,3.0405,478.9884,328.4660,2049.1846,0.8556,47.3392,43.5728,1557.3547,292.5554,930.5000,46525.0000,0,0,0.0000,0.0004,0.0000,0.0027,473,0.7167,0.2833,3.1215,3183.3716,shock_pick,0.2492,0.5153,1.7219,0.0000,1.0000,0.0000,69.1515,17,2435.1072,0.3951,1.2862,4,0,176229.8594,3.9417,0.0000,3.9417,0.7982,1.7967,0.0000,1.7522,21861.4121,143,1.3875,0.0000,0.0000,0.0000,753682.9375,12.1167,73722.9922,139.3261,111660
43,244,Paris_Small,train,IPPO,3600,10,73,61,0.8356,1.0000,0.0000,492.0656,164.0219,0.3248,2.9616,242.2459,249.2812,939.4614,0.7756,23.9924,22.0084,776.5324,277.8204,826.7534,82675.3438,0,0,-0.0008,0.2314,0.5383,0.1019,280,0.8356,0.1644,3.0660,1591.0703,shock_pick,0.2691,0.5047,1.7063,0.0000,1.0000,0.0000,54.3536,19,1253.7189,0.3675,1.1742,5,1,57307.1484,3.8356,0.0000,3.8356,0.7867,0.7355,0.0000,1.3009,3972.5549,33,1.1556,0.0000,0.0000,0.0000,599814.4375,14.5890,35862.2305,108.5525,60353
43,244,Paris_Small,train,MAPPER,3600,10,73,57,0.7808,1.0000,0.0000,489.1930,122.2982,0.4077,2.9624,224.0351,271.2188,923.5180,0.8244,23.9924,22.0084,776.5324,277.8204,590.4384,59043.8359,0,0,-0.0011,0.0244,0.0876,0.0049,257,0.7808,0.2192,3.0659,1591.0703,shock_pick,0.2487,0.4821,1.7063,0.0000,1.0000,0.0000,39.3315,19,1253.6995,0.3673,1.2988,5,1,52640.5273,3.5205,0.0000,3.5205,0.7421,0.7425,0.0000,1.3495,5384.8101,41,2.2395,0.0000,0.0000,0.0000,475836.8125,8.6986,24737.1953,136.9726,43102
43,244,Paris_Small,train,MAPPO,3600,10,73,59,0.8082,1.0000,0.0000,486.7966,162.2655,0.3511,2.9631,229.9153,270.4462,961.8414,0.8367,23.9924,22.0084,776.5324,277.8204,530.8493,53084.9297,0,0,0.0000,0.0004,0.0000,0.0026,282,0.8082,0.1918,3.0665,1591.0703,shock_pick,0.2706,0.5166,1.7063,0.0000,1.0000,0.0000,37.5470,19,1253.7686,0.3673,1.3658,5,1,56748.6406,3.8630,0.0000,3.8630,0.8217,0.7942,0.0000,1.4582,5520.7139,55,1.6255,0.0000,0.0000,0.0000,415387.2500,11.3699,16986.5723,182.6961,38752
43,245,Paris_Medium,train,IPPO,3600,20,119,97,0.8151,1.0000,0.0000,750.7732,93.8466,0.4006,2.9919,492.5464,296.0439,2046.1328,0.8308,46.0280,43.3412,1667.1641,289.3616,1942.4874,97124.3672,0,0,-0.0006,0.2119,0.5227,0.0914,477,0.8151,0.1849,3.0629,3180.7839,shock_pick,0.2222,0.5062,1.6274,0.0000,1.0000,0.0000,83.3198,15,2495.2178,0.5119,0.9253,6,0,198474.8906,4.0084,0.0000,4.0084,0.8499,1.7448,0.0000,1.2358,6895.7749,65,1.2606,0.0000,0.0000,0.0000,1520438.5000,18.3109,163384.6406,147.4603,231156
43,245,Paris_Medium,train,MAPPER,3600,20,119,97,0.8151,1.0000,0.0000,751.8453,125.3076,0.3325,2.9915,487.5773,304.6460,2063.0747,0.8463,46.0280,43.3412,1667.1641,289.3616,1120.1344,56006.7227,0,0,-0.0014,0.0446,0.1142,0.0084,450,0.8151,0.1849,3.0617,3180.7839,shock_pick,0.2395,0.4534,1.6274,0.0000,1.0000,0.0000,74.9624,15,2495.1951,0.5117,0.9025,3,0,200118.2344,3.7815,0.0000,3.7815,0.8711,1.7885,0.0000,1.2043,5464.4937,60,1.6453,0.0000,0.0000,0.0000,920936.2500,9.0252,88090.2109,180.6844,133296
43,245,Paris_Medium,train,MAPPO,3600,20,119,100,0.8403,1.0000,0.0000,697.2900,99.6129,0.3898,2.9925,467.5600,260.4455,1988.5608,0.8506,46.0280,43.3412,1667.1641,289.3616,1034.0000,51700.0000,0,0,0.0001,0.0030,0.0000,0.0071,468,0.8403,0.1597,3.0625,3180.7839,shock_pick,0.2343,0.4472,1.6274,0.0000,1.0000,0.0000,69.8478,15,2495.2258,0.5117,1.0685,3,0,198856.0781,3.9328,0.0000,3.9328,0.8647,1.7220,0.0000,1.3265,9566.8174,87,1.3123,0.0000,0.0000,0.0000,841102.3750,8.7983,74173.8438,217.7947,123046
43,246,Tokyo_Small,train,IPPO,3600,25,78,51,0.6538,1.0000,0.0000,536.4706,59.6078,0.3617,3.0227,269.7255,293.6500,1121.0135,0.8312,29.2126,26.4290,820.3867,282.5958,1176.3590,117635.8984,0,0,-0.0005,0.2169,0.5322,0.0977,287,0.6538,0.3462,3.0995,1589.6344,shock_pick,0.2961,0.5508,1.6939,0.0000,1.0000,0.0000,45.5228,16,1230.8450,0.4586,1.5271,4,0,57171.6953,3.6795,0.0000,3.6795,0.7544,0.9389,0.0000,2.8394,34144.0273,80,2.0874,0.0000,0.0000,0.0000,1013344.4375,22.0128,70508.9922,109.3843,91756
43,246,Tokyo_Small,train,MAPPER,3600,25,78,54,0.6923,1.0000,0.0000,539.2778,59.9198,0.3766,3.0216,268.7408,311.8033,1111.7152,0.8274,29.2126,25.8852,826.8890,276.2838,566.2180,56621.7930,0,0,-0.0009,0.0183,0.0800,0.0040,222,0.7200,0.2800,3.0978,1589.6344,shock_pick,0.3691,0.6636,1.6887,0.0000,1.0000,0.0000,46.3977,15,1230.9064,0.4587,1.4527,4,0,60032.6172,2.8462,0.0000,2.8462,0.7342,0.8630,0.0000,1.6750,10959.4170,53,2.0794,0.0000,0.0000,0.0000,460607.1250,16.0897,25387.0957,135.1328,44165
43,246,Tokyo_Small,train,MAPPO,3600,25,78,48,0.6154,1.0000,0.0000,548.8958,60.9884,0.3792,3.0229,284.0625,322.2592,1190.5950,0.8383,29.2126,26.3414,834.8851,284.7489,359.4872,35948.7188,0,0,0.0000,0.0006,0.0000,0.0032,273,0.6316,0.3684,3.0994,1589.6344,shock_pick,0.3194,0.5951,1.6958,0.0000,1.0000,0.0000,45.9435,16,1230.8480,0.4586,1.6067,4,0,57148.5625,3.5000,0.0000,3.5000,0.6944,0.9182,0.0000,2.9626,35488.2969,78,2.4428,0.0000,0.0000,0.0000,250041.7188,13.4487,4543.7822,191.7891,28040
43,247,Tokyo_Medium,train,IPPO,3600,50,116,73,0.6293,1.0000,0.0000,842.4932,42.1247,0.4055,3.0463,515.3835,396.6808,2206.9561,0.8564,56.5607,52.9644,1610.2543,326.6350,3568.3188,178415.9375,0,0,-0.0006,0.3248,0.5202,0.1188,421,0.6293,0.3707,3.1011,3180.8564,shock_pick,0.2674,0.5218,1.6480,0.0000,1.0000,0.0000,73.9923,15,2473.5859,0.3590,1.1717,2,0,161107.7812,3.6293,0.0000,3.6293,0.7135,1.9344,0.0000,1.5038,14697.7139,113,2.2189,0.0000,0.0000,0.0000,3295513.7500,25.6379,365178.0938,147.4323,413925
43,247,Tokyo_Medium,train,MAPPER,3600,50,116,72,0.6207,1.0000,0.0000,865.0417,43.2521,0.4123,3.0463,517.8195,430.8889,2161.1416,0.8347,56.5607,52.9644,1610.2543,326.6350,1308.5776,65428.8828,0,0,-0.0008,0.2276,0.1108,0.0158,425,0.6207,0.3793,3.1013,3180.8564,shock_pick,0.3616,0.6741,1.6480,0.0000,1.0000,0.0000,85.5911,15,2473.6758,0.3590,1.2770,3,0,155602.1875,3.6638,0.0000,3.6638,0.6564,1.8042,0.0000,1.4995,18230.8223,128,2.8730,0.0000,0.0000,0.0000,1116497.0000,12.1293,109247.9141,174.7062,151795
43,247,Tokyo_Medium,train,MAPPO,3600,50,116,74,0.6379,1.0000,0.0000,835.2703,39.7748,0.4271,3.0465,523.2027,378.3256,2224.0276,0.8502,56.5607,52.9644,1615.6095,324.8028,760.1035,38005.1719,0,0,-0.0000,0.0005,0.0000,0.0030,418,0.6435,0.3565,3.1018,3180.8564,shock_pick,0.3392,0.6344,1.6489,0.0000,1.0000,0.0000,78.3972,15,2473.5659,0.3589,1.3534,3,0,164578.0469,3.6034,0.0000,3.6034,0.7315,1.9564,0.0000,1.5536,19264.1367,136,3.3034,0.0000,0.0000,0.0000,571447.8125,17.0690,35621.6875,264.3655,88172
43,248,LosAngeles_Small,train,IPPO,3600,25,82,57,0.6951,1.0000,0.0000,596.0526,59.6053,0.4008,3.0012,257.0000,355.5454,1071.3083,0.8337,22.4344,20.7279,796.2499,245.6819,1227.6830,122768.2891,0,0,-0.0005,0.6009,0.5239,0.1607,305,0.6951,0.3049,3.1214,1592.8633,shock_pick,0.2819,0.5257,1.7293,0.0000,1.0000,0.0000,42.7383,14,1229.5516,0.4951,1.4594,4,0,61064.5742,3.7195,0.0000,3.7195,0.6900,0.8712,0.0000,1.6971,7837.6382,77,4.0778,0.0000,0.0000,0.0000,1057532.8750,22.5000,78028.3828,105.9684,100670
43,248,LosAngeles_Small,train,MAPPER,3600,25,82,54,0.6585,1.0000,0.0000,630.8704,57.3519,0.4488,3.0000,261.4815,374.8000,1119.1428,0.8560,22.4344,20.7279,796.2499,245.6819,639.2683,63926.8281,0,0,-0.0012,0.0420,0.0576,0.0048,285,0.6585,0.3415,3.1200,1592.8633,shock_pick,0.3556,0.6479,1.7293,0.0000,1.0000,0.0000,37.6529,14,1229.5248,0.4949,1.4663,4,0,60433.7148,3.4756,0.0000,3.4756,0.7152,0.9533,0.0000,1.8144,11140.7012,89,8.4031,0.0000,0.0000,0.0000,529849.4375,18.6098,30436.0566,158.6790,52420
43,248,LosAngeles_Small,train,MAPPO,3600,25,82,61,0.7439,1.0000,0.0000,593.5082,59.3508,0.4208,3.0009,261.7705,338.9531,1098.4209,0.8392,22.4344,20.7279,796.2499,245.6819,365.4390,36543.9023,0,0,0.0000,0.0004,0.0000,0.0025,303,0.7439,0.2561,3.1209,1592.8633,shock_pick,0.2443,0.4487,1.7293,0.0000,1.0000,0.0000,42.0863,14,1229.6128,0.4950,1.5458,4,0,67003.6797,3.6951,0.0000,3.6951,0.8132,0.9595,0.0000,1.9097,11877.7461,92,2.0038,0.0000,0.0000,0.0000,254097.8125,9.8049,7836.8550,158.5274,29966
43,249,LosAngeles_Medium,train,IPPO,3600,50,132,79,0.5985,1.0000,0.0000,882.6835,40.1220,0.4484,3.0684,503.9114,487.7429,2155.9155,0.8557,46.9934,40.5286,1610.3436,285.5568,3291.1060,164555.2969,0,0,-0.0003,0.6350,0.4985,0.1687,511,0.5985,0.4015,3.1183,3179.1602,shock_pick,0.3309,0.6157,1.7138,0.0000,1.0000,0.0000,72.7283,19,2441.8708,0.3237,1.1924,3,0,170317.3281,3.8712,0.0000,3.8712,0.6341,1.8483,0.0000,1.5274,15867.5791,143,2.5730,0.0000,0.0000,0.0000,3038777.0000,31.1136,382005.5938,144.7976,434426
43,249,LosAngeles_Medium,train,MAPPER,3600,50,132,66,0.5000,1.0000,0.0000,893.8333,38.8623,0.4689,3.0678,525.9697,460.9136,2263.8674,0.8608,46.9934,40.5286,1610.3436,285.5568,1446.1439,72307.2031,0,0,-0.0011,0.0736,0.0984,0.0091,457,0.5000,0.5000,3.1166,3179.1602,shock_pick,0.4177,0.7908,1.7138,0.0000,1.0000,0.0000,73.1962,19,2441.8503,0.3237,1.4313,3,0,149415.2500,3.4621,0.0000,3.4621,0.5565,1.9416,0.0000,1.9253,29728.7422,174,4.6238,0.0000,0.0000,0.0000,1264729.1250,32.3712,125814.0078,311.5939,190891
43,249,LosAngeles_Medium,train,MAPPO,3600,50,132,74,0.5606,1.0000,0.0000,826.0000,35.9130,0.4754,3.0685,509.8513,390.6235,2216.4377,0.8694,46.9934,40.5286,1654.3254,295.5973,755.4015,37770.0742,0,0,0.0000,0.0003,0.0000,0.0020,411,0.6066,0.3934,3.1180,3179.1602,shock_pick,0.3482,0.6515,1.6907,0.0000,1.0000,0.0000,66.5638,19,2441.9504,0.3237,1.4563,3,0,164016.3906,3.1136,0.0000,3.1136,0.6188,1.9257,0.0000,2.0225,30831.0508,177,3.5464,0.0000,0.0000,0.0000,572994.6250,19.1364,36853.7617,293.8006,99713
43,250,Paris_Small,train,IPPO,3600,25,79,58,0.7342,1.0000,0.0000,523.4655,74.7808,0.3177,3.0233,247.9310,291.3594,1030.5057,0.8313,24.0057,21.6408,802.0905,272.8306,2095.4937,209549.3594,0,0,-0.0005,0.2029,0.5166,0.0962,286,0.7342,0.2658,3.0836,1588.9913,shock_pick,0.2805,0.5161,1.7436,0.0000,1.0000,0.0000,41.8299,15,1250.2463,0.3957,1.0382,4,0,59769.3320,3.6203,0.0000,3.6203,0.7669,0.9172,0.0000,1.2262,5052.9165,32,1.6358,0.0000,0.0000,0.0000,1865944.5000,23.6709,132261.9688,191.7442,165544
43,250,Paris_Small,train,MAPPER,3600,25,79,47,0.5949,1.0000,0.0000,621.2128,69.0236,0.3638,3.0228,260.7021,375.4151,1081.4984,0.8297,24.0057,21.6408,802.0905,272.8306,936.0126,93601.2656,0,0,-0.0005,0.1180,0.0637,0.0069,286,0.5949,0.4051,3.0825,1588.9913,shock_pick,0.3057,0.5633,1.7436,0.0000,1.0000,0.0000,44.4024,15,1250.2664,0.3957,1.3498,3,0,50830.4219,3.6203,0.0000,3.6203,0.6417,0.9470,0.0000,1.4659,7553.0493,56,1.8847,0.0000,0.0000,0.0000,819733.2500,15.8734,42393.9102,283.1029,73945
43,250,Paris_Small,train,MAPPO,3600,25,79,57,0.7215,1.0000,0.0000,504.8947,63.1118,0.3547,3.0232,250.8947,279.6875,1052.2584,0.8388,24.0057,21.6408,814.4982,283.1792,573.5316,57353.1641,0,0,-0.0000,0.0004,0.0000,0.0020,264,0.7600,0.2400,3.0834,1588.9913,shock_pick,0.3222,0.6425,1.7343,0.0000,1.0000,0.0000,40.4430,15,1250.2345,0.3956,1.1351,6,0,59978.7305,3.3418,0.0000,3.3418,0.7767,0.9452,0.0000,1.3085,4292.2036,50,1.7276,0.0000,0.0000,0.0000,453808.5000,10.4937,11426.9785,309.1643,45309
43,251,Paris_Medium,train,IPPO,3600,50,120,90,0.7500,1.0000,0.0000,820.7444,39.0831,0.4234,2.9781,519.9222,346.0189,2161.9395,0.8316,47.3049,42.7417,1776.8030,273.1003,4900.5415,245027.0938,0,0,-0.0005,0.2900,0.5045,0.1080,452,0.7500,0.2500,3.0551,3181.2661,shock_pick,0.2480,0.4738,1.7217,0.0000,1.0000,0.0000,87.5344,17,2501.3040,0.3404,1.0592,3,0,194574.5469,3.7667,0.0000,3.7667,0.8356,2.0959,0.0000,1.2866,11018.3125,83,2.4949,0.0000,0.0000,0.0000,4581599.0000,22.6000,524443.2500,211.2407,588065
43,251,Paris_Medium,train,MAPPER,3600,50,120,92,0.7667,1.0000,0.0000,850.3152,40.4912,0.4297,2.9775,526.5326,356.9000,2221.4343,0.8438,47.3049,42.7417,1776.8030,273.1003,1950.5750,97528.7500,0,0,-0.0012,0.0746,0.0929,0.0079,434,0.7667,0.2333,3.0543,3181.2661,shock_pick,0.2560,0.4972,1.7217,0.0000,1.0000,0.0000,82.2457,17,2501.2991,0.3403,1.0751,4,0,204371.9688,3.6167,0.0000,3.6167,0.8474,2.0791,0.0000,1.2945,10580.0117,112,2.4130,0.0000,0.0000,0.0000,1728005.3750,13.6750,171131.5156,301.9112,234069
43,251,Paris_Medium,train,MAPPO,3600,50,120,94,0.7833,1.0000,0.0000,799.3936,36.3361,0.4436,2.9777,541.6064,302.8131,2237.0195,0.8261,47.3049,42.7417,1776.8030,273.1003,687.8333,34391.6680,0,0,0.0000,0.0002,0.0000,0.0021,449,0.7833,0.2167,3.0545,3181.2661,shock_pick,0.2406,0.4700,1.7217,0.0000,1.0000,0.0000,94.2025,17,2501.4263,0.3403,1.0718,4,0,210279.8281,3.7417,0.0000,3.7417,0.8724,2.0949,0.0000,1.2562,9411.9219,100,1.9938,0.0000,0.0000,0.0000,469140.5938,7.1333,20281.4277,300.1305,82540
43,252,Tokyo_Small,train,IPPO,3600,7,77,53,0.6883,1.0000,0.0000,627.5283,313.7642,0.3404,3.0767,290.4528,387.3971,1107.4559,0.7626,26.9009,23.1082,837.7503,230.8026,631.4675,63146.7539,0,0,-0.0008,0.3119,0.5013,0.1171,281,0.6883,0.3117,3.1000,1729.3280,wave,0.3241,0.6047,1.7047,0.0000,1.0000,0.0000,68.9616,17,1349.2203,0.1458,1.2102,5,0,58695.1680,3.6494,0.0000,3.6494,0.6115,0.7586,0.0000,1.3663,7400.4307,39,1.1828,0.0000,0.0000,0.0000,459480.2188,17.9870,27933.3203,96.7114,48623
43,252,Tokyo_Small,train,MAPPER,3600,7,77,49,0.6364,1.0000,0.0000,676.3265,338.1633,0.3946,3.0765,293.4082,426.6897,1127.2571,0.7684,26.9009,23.1082,837.7503,230.8026,559.7013,55970.1289,0,0,-0.0009,0.0472,0.0603,0.0100,292,0.6364,0.3636,3.0996,1729.3280,wave,0.2952,0.5840,1.7047,0.0000,1.0000,0.0000,67.9568,17,1349.2524,0.1456,1.1938,5,0,55235.5938,3.7922,0.0000,3.7922,0.6703,0.8995,0.0000,1.3801,6772.7446,42,1.5397,0.0000,0.0000,0.0000,472548.5625,10.6883,26804.9082,124.4341,43097
43,252,Tokyo_Small,train,MAPPO,3600,7,77,64,0.8312,1.0000,0.0000,493.4688,246.7344,0.3399,3.0767,261.7969,260.9296,1088.1552,0.8313,26.9009,23.1082,837.7503,230.8026,378.1429,37814.2852,0,0,-0.0000,0.0016,0.0000,0.0023,275,0.8312,0.1688,3.0996,1729.3280,wave,0.2448,0.4485,1.7047,0.0000,1.0000,0.0000,44.1658,17,1349.2247,0.1454,1.1571,4,0,69641.9297,3.5714,0.0000,3.5714,0.7881,0.8096,0.0000,1.3377,4803.0171,43,1.7415,0.0000,0.0000,0.0000,293461.9375,7.6883,12987.5879,124.7926,29117
43,253,Tokyo_Medium,train,IPPO,3600,14,118,87,0.7373,1.0000,0.0000,794.1954,198.5488,0.3337,3.0761,495.8621,349.6038,2121.0918,0.8555,57.9514,52.5507,1608.9729,364.5009,1271.6694,63583.4727,0,0,-0.0007,0.3407,0.4918,0.1206,449,0.7373,0.2627,3.1077,3459.2234,wave,0.2702,0.5222,1.6775,0.0000,1.0000,0.0000,71.6437,14,2687.4995,0.1665,0.9842,4,0,184534.9844,3.8051,0.0000,3.8051,0.7589,1.6745,0.0000,1.3060,8334.5371,77,1.2648,0.0000,0.0000,0.0000,991146.1875,18.5508,102435.9062,123.0476,150057
43,253,Tokyo_Medium,train,MAPPER,3600,14,118,82,0.6949,1.0000,0.0000,844.5610,211.1402,0.3397,3.0754,487.3781,388.9479,2102.9592,0.8630,57.9514,52.5507,1608.9729,364.5009,923.1525,46157.6289,0,0,-0.0012,0.1878,0.1029,0.0134,454,0.6949,0.3051,3.1070,3459.2234,wave,0.2803,0.5556,1.6775,0.0000,1.0000,0.0000,66.7862,14,2687.4922,0.1666,1.1033,4,0,172442.6562,3.8475,0.0000,3.8475,0.7370,1.7253,0.0000,1.4606,14273.8555,87,1.1974,0.0000,0.0000,0.0000,771715.6875,11.9407,73375.1406,149.8941,108932
43,253,Tokyo_Medium,train,MAPPO,3600,14,118,88,0.7458,1.0000,0.0000,790.1364,158.0273,0.3921,3.0728,506.3864,322.6768,2174.1907,0.8587,57.9514,52.5507,1608.9729,364.5009,695.4237,34771.1875,0,0,0.0000,0.0006,0.0000,0.0031,457,0.7458,0.2542,3.1054,3459.2234,wave,0.2712,0.5203,1.6775,0.0000,1.0000,0.0000,71.5482,14,2687.4497,0.1683,1.0480,3,0,191328.7812,3.8729,0.0000,3.8729,0.7870,1.7167,0.0000,1.3275,10738.1875,85,1.5798,0.0000,0.0000,0.0000,557441.6250,15.2881,43262.8672,190.8093,82060
43,254,LosAngeles_Small,train,IPPO,3600,7,84,62,0.7381,1.0000,0.0000,580.4194,290.2097,0.3838,3.0847,265.0323,345.3611,1110.7198,0.8382,23.9157,20.2766,849.0005,236.5062,542.5714,54257.1445,0,0,-0.0006,0.3090,0.5022,0.1173,307,0.7381,0.2619,3.1198,1729.7920,wave,0.3192,0.6108,1.5187,0.0000,1.0000,0.0000,42.8883,14,1341.9611,0.2582,1.3051,6,0,68864.6250,3.6548,0.0000,3.6548,0.7222,0.8106,0.0000,1.5454,5993.9141,65,1.4513,0.0000,0.0000,0.0000,395148.7500,20.2857,25080.5508,96.5732,45576
43,254,LosAngeles_Small,train,MAPPER,3600,7,84,54,0.6429,1.0000,0.0000,629.3704,209.7901,0.4422,3.0855,281.5000,395.7536,1141.8264,0.8112,23.9157,20.2766,849.0005,236.5062,463.6786,46367.8555,0,0,-0.0007,0.3301,0.0697,0.0128,311,0.6429,0.3571,3.1214,1729.7920,wave,0.2908,0.5270,1.5187,0.0000,1.0000,0.0000,53.1347,14,1341.9556,0.2582,1.3874,4,0,61658.6250,3.7024,0.0000,3.7024,0.6150,0.7925,0.0000,1.5291,7611.8291,65,1.2566,0.0000,0.0000,0.0000,382384.0000,14.6667,22135.9727,118.8621,38949
43,254,LosAngeles_Small,train,MAPPO,3600,7,84,61,0.7262,1.0000,0.0000,555.5901,185.1967,0.4500,3.0817,265.1476,325.6667,1115.4957,0.8414,23.9157,20.2766,849.0005,236.5062,474.4167,47441.6680,0,0,-0.0000,0.0008,0.0000,0.0037,302,0.7262,0.2738,3.1181,1729.7920,wave,0.3033,0.5605,1.5187,0.0000,1.0000,0.0000,42.0484,14,1341.9100,0.2593,1.3419,5,0,68045.2422,3.5952,0.0000,3.5952,0.6825,0.7787,0.0000,1.5479,8862.5439,79,7.2113,0.0000,0.0000,0.0000,391871.8438,16.2738,20724.9785,145.1472,39851
43,255,LosAngeles_Medium,train,IPPO,3600,14,113,71,0.6283,1.0000,0.0000,863.8732,172.7746,0.3693,3.1067,520.0563,413.8279,2161.6050,0.8313,44.7488,38.8822,1570.2355,279.6221,1522.2301,76111.5078,0,0,-0.0005,0.3569,0.4767,0.1253,480,0.6283,0.3717,3.1516,3458.4412,wave,0.3504,0.6772,1.7425,0.0000,1.0000,0.0000,87.7354,15,2669.9241,0.2075,1.0916,3,0,153473.9688,4.2478,0.0000,4.2478,0.6517,1.6774,0.0000,1.6554,17635.3555,98,1.4404,0.0000,0.0000,0.0000,1067131.6250,19.3805,108609.7188,105.9853,172012
43,255,LosAngeles_Medium,train,MAPPER,3600,14,113,70,0.6195,1.0000,0.0000,796.4286,265.4762,0.2577,3.1066,510.2571,373.2340,2122.8159,0.8321,44.7488,38.8822,1570.2355,279.6221,852.2744,42613.7188,0,0,-0.0010,0.0617,0.0949,0.0092,442,0.6195,0.3805,3.1522,3458.4412,wave,0.2767,0.5481,1.7425,0.0000,1.0000,0.0000,85.6940,15,2669.9019,0.2074,1.0937,3,0,148597.1094,3.9115,0.0000,3.9115,0.6011,1.5691,0.0000,1.4382,12378.8398,99,1.1802,0.0000,0.0000,0.0000,699851.3125,9.9204,64424.4102,129.7254,96307
43,255,LosAngeles_Medium,train,MAPPO,3600,14,113,89,0.7876,1.0000,0.0000,763.3371,152.6674,0.3580,3.1054,514.9775,279.2404,2132.9929,0.8284,44.7488,38.8822,1570.2355,279.6221,691.4160,34570.7969,0,0,0.0000,0.0009,0.0000,0.0037,401,0.7876,0.2124,3.1500,3458.4412,wave,0.2612,0.4998,1.7425,0.0000,1.0000,0.0000,88.3790,15,2669.9072,0.2075,1.1093,3,0,189836.3750,3.5487,0.0000,3.5487,0.7983,1.6392,0.0000,1.4246,13355.9688,104,1.4530,0.0000,0.0000,0.0000,537436.4375,9.1239,44156.4102,146.6733,78130
43,256,Paris_Small,train,IPPO,3600,7,79,67,0.8481,1.0000,0.0000,463.9702,463.9702,0.2792,3.0253,248.7761,229.1053,1004.6042,0.8076,23.7251,20.5986,827.6777,270.5401,938.9747,93897.4688,0,0,-0.0006,0.3017,0.4998,0.1166,292,0.8481,0.1519,3.0548,1729.3223,wave,0.2692,0.4862,1.5358,0.0000,1.0000,0.0000,47.8553,15,1362.6980,0.1729,1.0212,4,1,67308.4844,3.6962,0.0000,3.6962,0.8712,0.9064,0.0000,1.2734,4167.9033,25,1.0203,0.0000,0.0000,0.0000,488430.6875,15.8481,29078.0918,120.3548,74179
43,256,Paris_Small,train,MAPPER,3600,7,79,59,0.7468,1.0000,0.0000,504.3559,252.1780,0.4067,3.0242,252.1186,310.9296,1032.6134,0.8191,23.7251,20.5986,827.6777,270.5401,727.1392,72713.9219,0,0,-0.0011,0.0680,0.0607,0.0066,275,0.7468,0.2532,3.0536,1729.3223,wave,0.1253,0.2642,1.5358,0.0000,1.0000,0.0000,45.5960,15,1362.7075,0.1730,1.0796,3,1,60924.1914,3.4810,0.0000,3.4810,0.7827,0.9247,0.0000,1.3776,5649.5659,39,1.2041,0.0000,0.0000,0.0000,618679.2500,10.0380,33681.7891,192.3292,57444
43,256,Paris_Small,train,MAPPO,3600,7,79,69,0.8734,1.0000,0.0000,445.4783,222.7391,0.2949,3.0250,248.9275,204.6133,1037.8774,0.8339,23.7251,20.5986,827.6777,270.5401,565.7722,56577.2148,0,0,-0.0000,0.0005,0.0000,0.0027,251,0.8734,0.1266,3.0543,1729.3223,wave,0.2059,0.3889,1.5358,0.0000,1.0000,0.0000,41.3521,15,1362.6912,0.1731,1.0067,4,0,71613.5469,3.1772,0.0000,3.1772,0.9353,0.9448,0.0000,1.3492,3474.8035,36,1.0415,0.0000,0.0000,0.0000,446410.0312,6.2152,18237.7656,215.5546,44696
43,257,Paris_Medium,train,IPPO,3600,14,111,96,0.8649,1.0000,0.0000,698.2812,174.5703,0.3073,3.0571,441.1667,285.8518,1813.6046,0.8222,45.8181,40.4194,1527.3002,314.6257,2113.2163,105660.8125,0,0,-0.0005,0.2215,0.4802,0.0835,426,0.8649,0.1351,3.0682,3459.1316,wave,0.2758,0.5295,1.8419,0.0000,1.0000,0.0000,78.4457,15,2732.3455,0.1776,0.9487,4,0,174106.0469,3.8378,0.0000,3.8378,0.8878,1.7186,0.0000,1.2298,6227.1558,58,1.1009,0.0000,0.0000,0.0000,1366102.0000,15.5315,131457.5625,181.8021,234567
43,257,Paris_Medium,train,MAPPER,3600,14,111,87,0.7838,1.0000,0.0000,727.6322,242.5441,0.2270,3.0565,454.4713,312.3700,1915.2463,0.8428,45.8181,40.4194,1527.3002,314.6257,1328.5676,66428.3828,0,0,-0.0005,0.0204,0.0982,0.0075,403,0.7838,0.2162,3.0676,3459.1316,wave,0.2247,0.4443,1.8419,0.0000,1.0000,0.0000,71.4220,15,2732.4983,0.1777,0.9329,4,1,166626.4219,3.6306,0.0000,3.6306,0.8024,1.7141,0.0000,1.2866,7458.5674,63,1.4761,0.0000,0.0000,0.0000,1086627.6250,8.7027,92235.3125,255.6813,147471
43,257,Paris_Medium,train,MAPPO,3600,14,111,98,0.8829,1.0000,0.0000,671.1735,167.7934,0.3149,3.0561,443.5918,252.6355,1847.7136,0.8331,45.8181,40.4194,1527.3002,314.6257,1102.5315,55126.5781,0,0,0.0002,0.0010,0.0000,0.0041,432,0.8829,0.1171,3.0678,3459.1316,wave,0.2497,0.4782,1.8419,0.0000,1.0000,0.0000,74.0491,15,2732.3716,0.1778,0.9156,4,0,181075.9375,3.8919,0.0000,3.8919,0.9014,1.7094,0.0000,1.2290,4895.5405,65,1.0481,0.0000,0.0000,0.0000,914128.0000,9.7928,68105.1328,300.5704,122381
43,258,Tokyo_Small,train,IPPO,3600,10,74,60,0.8108,1.0000,0.0000,571.0667,190.3555,0.3400,3.0575,313.9833,282.5735,1221.1268,0.7778,27.4943,24.5926,904.1835,304.5156,721.2838,72128.3750,0,0,-0.0003,0.2252,0.4911,0.1003,263,0.8108,0.1892,3.0777,1729.1892,wave,0.2917,0.5249,1.7077,0.0000,1.0000,0.0000,69.7580,18,1344.9878,0.1786,1.1444,4,0,73267.6094,3.5541,0.0000,3.5541,0.8551,1.0689,0.0000,1.2821,5238.7329,43,1.4454,0.0000,0.0000,0.0000,540696.5000,19.2568,31054.2441,121.0470,53375
43,258,Tokyo_Small,train,MAPPER,3600,10,74,58,0.7838,1.0000,0.0000,617.3104,154.3276,0.4203,3.0567,299.6897,344.2188,1196.8822,0.7987,27.4943,24.5926,904.1835,304.5156,585.2162,58521.6211,0,0,-0.0003,0.0243,0.0661,0.0041,268,0.7838,0.2162,3.0768,1729.1892,wave,0.3377,0.6159,1.7077,0.0000,1.0000,0.0000,60.3132,18,1344.9603,0.1788,1.2479,4,0,69419.1719,3.6216,0.0000,3.6216,0.7961,1.0295,0.0000,1.4904,7753.4053,43,1.3565,0.0000,0.0000,0.0000,475166.0000,11.4595,22853.3047,166.3395,43306
43,258,Tokyo_Small,train,MAPPO,3600,10,74,58,0.7838,1.0000,0.0000,571.8621,190.6207,0.3800,3.0547,283.6724,312.1667,1189.6090,0.8387,27.4943,24.5926,904.1835,304.5156,482.3513,48235.1367,0,0,0.0000,0.0277,0.0000,0.0209,272,0.7838,0.2162,3.0758,1729.1892,wave,0.3517,0.6669,1.7077,0.0000,1.0000,0.0000,45.7506,18,1344.9591,0.1798,1.1192,6,0,68997.3203,3.6757,0.0000,3.6757,0.8029,1.0382,0.0000,1.2872,6310.7256,38,1.3830,0.0000,0.0000,0.0000,368250.6875,11.2162,12446.7451,200.0533,35694
43,259,Tokyo_Medium,train,IPPO,3600,20,116,81,0.6983,1.0000,0.0000,807.5062,134.5844,0.3444,3.0931,495.9383,379.7129,2051.1843,0.8272,57.6482,55.2473,1640.1407,346.8596,2200.6035,110030.1719,0,0,-0.0006,0.3790,0.4726,0.1256,427,0.6983,0.3017,3.1226,3458.2283,wave,0.3366,0.6522,1.6740,0.0000,1.0000,0.0000,85.7014,15,2699.1262,0.2151,1.0012,4,0,166145.9375,3.6810,0.0000,3.6810,0.7581,1.6787,0.0000,1.3965,10455.5938,72,1.1620,0.0000,0.0000,0.0000,1886982.2500,17.4052,201820.6250,147.1530,255270
43,259,Tokyo_Medium,train,MAPPER,3600,20,116,85,0.7328,1.0000,0.0000,812.3882,116.0555,0.3945,3.0921,468.3529,393.0909,1976.1097,0.8439,57.6482,55.2473,1640.1407,346.8596,1521.8362,76091.8047,0,0,-0.0014,0.0750,0.0818,0.0090,435,0.7328,0.2672,3.1212,3458.2283,wave,0.3013,0.5682,1.6740,0.0000,1.0000,0.0000,73.1310,15,2699.1550,0.2150,1.0273,4,0,167969.3281,3.7500,0.0000,3.7500,0.7658,1.6160,0.0000,1.4764,12872.0381,77,1.2220,0.0000,0.0000,0.0000,1296585.2500,10.1724,125860.0547,211.5876,176533
43,259,Tokyo_Medium,train,MAPPO,3600,20,116,89,0.7672,1.0000,0.0000,796.9326,99.6166,0.4055,3.0898,518.5843,331.6981,2129.0686,0.8211,57.6482,55.2473,1640.1407,346.8596,1364.3793,68218.9688,0,0,0.0000,0.0016,0.0000,0.0030,457,0.7672,0.2328,3.1200,3458.2283,wave,0.2700,0.5232,1.6740,0.0000,1.0000,0.0000,92.7706,15,2699.0955,0.2158,1.0773,4,0,189487.0938,3.9397,0.0000,3.9397,0.8244,1.6614,0.0000,1.4072,12670.3193,91,1.5514,0.0000,0.0000,0.0000,1119352.2500,8.3190,99468.4141,261.8687,158268
43,260,LosAngeles_Small,train,IPPO,3600,10,73,59,0.8082,1.0000,0.0000,547.4915,273.7458,0.2941,3.1331,277.3898,286.9577,1037.1740,0.7478,23.0286,20.6401,759.5524,185.6565,839.3425,83934.2500,0,0,-0.0007,0.2009,0.4768,0.0941,273,0.8082,0.1918,3.1442,1728.5392,wave,0.3203,0.5795,1.8566,0.0000,1.0000,0.0000,69.9550,15,1345.1252,0.1359,1.1704,4,0,61193.2656,3.7397,0.0000,3.7397,0.8499,0.8981,0.0000,1.5736,4653.9360,42,1.1547,0.0000,0.0000,0.0000,624276.1875,14.3973,37434.7656,111.4740,61272
43,260,LosAngeles_Small,train,MAPPER,3600,10,73,52,0.7123,1.0000,0.0000,529.9615,176.6539,0.3004,3.1315,254.7692,316.9833,1082.2980,0.8496,23.0286,20.6401,759.5524,185.6565,781.4932,78149.3125,0,0,-0.0014,0.0433,0.0809,0.0104,238,0.7123,0.2877,3.1426,1728.5392,wave,0.3488,0.6279,1.8566,0.0000,1.0000,0.0000,38.3096,15,1345.1394,0.1370,1.1512,4,0,56279.4961,3.2603,0.0000,3.2603,0.7528,0.9026,0.0000,1.6267,8279.3242,46,1.2559,0.0000,0.0000,0.0000,634143.2500,9.7260,32114.9844,194.2155,57049
43,260,LosAngeles_Small,train,MAPPO,3600,10,73,55,0.7534,1.0000,0.0000,477.0364,238.5182,0.3000,3.1302,235.7273,289.5312,1013.8729,0.8602,23.0286,20.6401,759.5524,185.6565,647.3699,64736.9844,0,0,0.0000,0.0015,0.0000,0.0040,253,0.7534,0.2466,3.1422,1728.5392,wave,0.3085,0.5648,1.8566,0.0000,1.0000,0.0000,32.9527,15,1345.2222,0.1386,1.3015,4,0,55763.0078,3.4658,0.0000,3.4658,0.7764,0.8801,0.0000,1.5932,6959.2065,52,1.6164,0.0000,0.0000,0.0000,491784.0000,11.7123,19877.4277,219.4931,47258
43,261,LosAngeles_Medium,train,IPPO,3600,20,134,91,0.6791,1.0000,0.0000,876.8351,125.2622,0.3696,3.1173,524.6154,400.4102,2149.2859,0.8194,47.8567,43.9446,1651.4509,300.1268,2572.8657,128643.2812,0,0,-0.0004,0.3813,0.4525,0.1300,537,0.6791,0.3209,3.1447,3457.3477,wave,0.3674,0.7112,1.7072,0.0000,1.0000,0.0000,94.7582,17,2672.0444,0.1363,1.0434,5,0,195585.0156,4.0075,0.0000,4.0075,0.7054,1.8861,0.0000,1.4543,13718.5859,123,1.3165,0.0000,0.0000,0.0000,2283328.5000,24.5522,280243.2500,191.9647,344764
43,261,LosAngeles_Medium,train,MAPPER,3600,20,134,85,0.6343,1.0000,0.0000,876.3530,146.0588,0.3358,3.1183,524.9647,412.8641,2236.0803,0.8519,47.8567,43.9446,1651.4509,300.1268,1874.4926,93724.6250,0,0,-0.0012,0.1744,0.0985,0.0164,518,0.6343,0.3657,3.1448,3457.3477,wave,0.2574,0.4943,1.7072,0.0000,1.0000,0.0000,77.7487,17,2672.0020,0.1352,1.1017,3,0,190066.8281,3.8657,0.0000,3.8657,0.6828,1.9546,0.0000,1.4569,15687.2949,135,1.1552,0.0000,0.0000,0.0000,1654777.1250,14.1418,189995.9219,236.9004,251182
43,261,LosAngeles_Medium,train,MAPPO,3600,20,134,84,0.6269,1.0000,0.0000,890.2500,98.9167,0.4529,3.1142,555.6786,399.3333,2358.2559,0.8488,47.8567,43.9446,1651.4509,300.1268,1445.7985,72289.9219,0,0,0.0000,0.0014,0.0000,0.0046,558,0.6269,0.3731,3.1430,3457.3477,wave,0.2393,0.4738,1.7072,0.0000,1.0000,0.0000,84.0274,17,2671.9980,0.1390,1.1761,3,0,198093.5000,4.1642,0.0000,4.1642,0.7467,2.1631,0.0000,1.5081,16258.5742,146,1.6389,0.0000,0.0000,0.0000,1231162.7500,23.5896,114763.1719,374.7238,193737
43,262,Paris_Small,train,IPPO,3600,10,81,56,0.6914,1.0000,0.0000,588.9286,294.4643,0.2452,3.0225,306.0893,306.6818,1159.6951,0.7577,23.6674,21.4455,907.2935,268.0604,1423.0370,142303.7031,0,0,-0.0006,0.6112,0.4634,0.1651,324,0.6914,0.3086,3.0688,1728.9578,wave,0.3298,0.6145,1.6684,0.0000,1.0000,0.0000,74.1503,14,1368.6448,0.2471,1.0410,5,0,64942.9258,4.0000,0.0000,4.0000,0.7394,1.0120,0.0000,1.3276,5503.1528,37,1.2073,0.0000,0.0000,0.0000,1223112.1250,21.1852,79073.5703,246.8989,115266
43,262,Paris_Small,train,MAPPER,3600,10,81,48,0.5926,1.0000,0.0000,603.9792,201.3264,0.3360,3.0225,278.2500,357.1695,1180.4938,0.8485,23.6674,21.4455,907.2935,268.0604,1486.3457,148634.5625,0,0,-0.0002,0.0552,0.0608,0.0078,305,0.5926,0.4074,3.0684,1728.9578,wave,0.2802,0.5328,1.6684,0.0000,1.0000,0.0000,42.1512,14,1368.6072,0.2465,1.0919,4,0,56663.6992,3.7654,0.0000,3.7654,0.6543,1.0446,0.0000,1.2944,6018.1865,35,1.2747,0.0000,0.0000,0.0000,1363042.3750,13.8519,75545.6797,430.3822,120394
43,262,Paris_Small,train,MAPPO,3600,10,81,52,0.6420,1.0000,0.0000,567.9039,189.3013,0.3489,3.0196,282.8654,309.1695,1191.1986,0.8422,23.6674,21.4455,915.2165,269.9917,1398.7902,139879.0156,0,0,0.0000,0.0010,0.0000,0.0035,304,0.6500,0.3500,3.0650,1728.9578,wave,0.2910,0.5560,1.6785,0.0000,1.0000,0.0000,44.6257,14,1368.6383,0.2473,1.0480,4,0,61942.3320,3.7531,0.0000,3.7531,0.7089,1.0448,0.0000,1.2077,3509.9985,34,1.5336,0.0000,0.0000,0.0000,1259741.3750,17.4444,44085.9688,715.4725,113302
43,263,Paris_Medium,train,IPPO,3600,20,124,96,0.7742,1.0000,0.0000,812.0208,116.0030,0.3876,3.0529,478.5625,376.5130,1929.7438,0.8065,46.6761,42.7061,1620.7026,258.3934,3312.1453,165607.2500,0,0,-0.0005,0.3505,0.4481,0.1244,524,0.7742,0.2258,3.0636,3458.9072,wave,0.3214,0.6009,1.7015,0.0000,1.0000,0.0000,92.6137,14,2713.5964,0.1748,0.9123,4,0,185255.3906,4.2258,0.0000,4.2258,0.8227,1.8494,0.0000,1.2135,6618.8779,80,1.3795,0.0000,0.0000,0.0000,2920636.7500,24.1290,328330.8438,272.8112,410706
43,263,Paris_Medium,train,MAPPER,3600,20,124,93,0.7500,1.0000,0.0000,771.3978,110.1997,0.3561,3.0536,456.1505,370.2252,1939.6348,0.8504,46.6761,42.7061,1620.7026,258.3934,2374.7017,118735.0859,0,0,-0.0009,0.0519,0.0827,0.0065,460,0.7500,0.2500,3.0634,3458.9072,wave,0.2832,0.5490,1.7015,0.0000,1.0000,0.0000,68.2236,14,2713.5835,0.1739,0.9613,5,0,180386.0312,3.7097,0.0000,3.7097,0.7831,1.8172,0.0000,1.2162,6812.1230,86,1.5239,0.0000,0.0000,0.0000,2149963.0000,12.2177,221684.2656,362.1908,294463
43,263,Paris_Medium,train,MAPPO,3600,20,124,101,0.8145,1.0000,0.0000,719.6436,89.9554,0.4388,3.0513,467.5247,289.5862,1974.6639,0.8447,46.6761,42.7061,1620.7026,258.3934,2256.3064,112815.3281,0,0,0.0000,0.0370,0.0000,0.0234,455,0.8145,0.1855,3.0618,3458.9072,wave,0.2896,0.5368,1.7015,0.0000,1.0000,0.0000,72.5919,14,2713.5674,0.1752,0.9331,4,0,199441.0625,3.6694,0.0000,3.6694,0.8420,1.7990,0.0000,1.2090,6700.2012,72,1.4671,0.0000,0.0000,0.0000,2022269.1250,15.1694,168372.2031,664.4321,279782
43,264,Tokyo_Small,train,IPPO,3600,25,77,49,0.6364,1.0000,0.0000,738.4694,82.0522,0.3919,3.0711,361.9184,421.7758,1409.2533,0.7788,29.2357,26.0016,1039.1362,267.4762,2033.6234,203362.3281,0,0,-0.0005,0.4277,0.4597,0.1372,278,0.6364,0.3636,3.0889,1729.1888,wave,0.3381,0.6978,1.6078,0.0000,1.0000,0.0000,80.0677,16,1346.6864,0.1877,1.2905,6,0,69053.4141,3.6104,0.0000,3.6104,0.6551,1.1361,0.0000,1.5593,11913.9316,53,2.3750,0.0000,0.0000,0.0000,1803635.5000,27.5195,124075.4453,192.2684,156589
43,264,Tokyo_Small,train,MAPPER,3600,25,77,39,0.5065,1.0000,0.0000,730.7180,73.0718,0.4374,3.0691,366.6923,426.2292,1525.8136,0.8322,29.2357,26.0016,1036.2330,279.6682,1123.7402,112374.0234,0,0,-0.0002,0.0219,0.0539,0.0034,217,0.5200,0.4800,3.0878,1729.1888,wave,0.2726,0.5311,1.5912,0.0000,1.0000,0.0000,61.5296,16,1346.7291,0.1879,1.2708,3,0,59506.7305,2.8182,0.0000,2.8182,0.5967,1.3001,0.0000,1.3915,7270.6680,56,4.5075,0.0000,0.0000,0.0000,1015365.3750,21.8571,45347.3633,426.4401,86528
43,264,Tokyo_Small,train,MAPPO,3600,25,77,48,0.6234,1.0000,0.0000,668.3333,66.8333,0.4360,3.0700,325.8750,384.3214,1365.8763,0.8383,29.2060,25.5446,1041.8043,298.5018,507.8182,50781.8164,0,0,0.0000,0.0012,0.0000,0.0040,220,0.7273,0.2727,3.0888,1729.1888,wave,0.2819,0.5254,1.6015,0.0000,1.0000,0.0000,52.6997,16,1346.7014,0.1877,1.2595,3,0,65562.0625,2.8571,0.0000,2.8571,0.6750,1.1949,0.0000,1.3777,6682.2866,55,3.5325,0.0000,0.0000,0.0000,397694.4375,6.7403,5866.3691,321.5095,39102
43,265,Tokyo_Medium,train,IPPO,3600,50,109,81,0.7431,1.0000,0.0000,844.3333,44.4386,0.3934,3.0860,475.9136,476.9278,2046.1703,0.8599,58.5116,55.6175,1676.9546,308.4230,6078.9541,303947.7188,0,0,-0.0005,0.5648,0.4449,0.1592,419,0.7431,0.2569,3.1116,3458.0388,wave,0.3067,0.5738,1.5898,0.0000,1.0000,0.0000,66.6795,13,2697.7439,0.1915,1.1117,3,0,165739.7969,3.8440,0.0000,3.8440,0.7253,1.6233,0.0000,1.3905,12833.4502,101,2.0102,0.0000,0.0000,0.0000,5751936.0000,19.1193,604348.2500,207.4597,662606
43,265,Tokyo_Medium,train,MAPPER,3600,50,109,72,0.6606,1.0000,0.0000,895.8611,44.7931,0.4142,3.0858,499.5972,486.8965,2145.8809,0.8590,58.5116,55.6175,1676.9546,308.4230,2475.8164,123790.8281,0,0,-0.0007,0.1189,0.0791,0.0128,383,0.6606,0.3394,3.1112,3458.0388,wave,0.3075,0.5827,1.5898,0.0000,1.0000,0.0000,70.4211,13,2697.7727,0.1917,1.2471,3,0,154503.4219,3.5138,0.0000,3.5138,0.6992,1.7605,0.0000,1.6988,25058.5410,121,2.2449,0.0000,0.0000,0.0000,2294261.7500,10.6055,222878.4844,249.5078,269864
43,265,Tokyo_Medium,train,MAPPO,3600,50,109,83,0.7615,1.0000,0.0000,867.3976,39.4272,0.4506,3.0833,503.9398,412.6531,2178.0679,0.8644,58.5116,55.6175,1676.9546,308.4230,912.7248,45636.2383,0,0,-0.0000,0.0005,0.0000,0.0023,387,0.7615,0.2385,3.1105,3458.0388,wave,0.3165,0.6014,1.5898,0.0000,1.0000,0.0000,68.3262,13,2697.8162,0.1927,1.1005,4,0,180779.6250,3.5505,0.0000,3.5505,0.7469,1.6313,0.0000,1.3810,14033.1289,113,2.6610,0.0000,0.0000,0.0000,718578.2500,10.6789,41513.2461,337.7250,99487
43,266,LosAngeles_Small,train,IPPO,3600,25,83,50,0.6024,1.0000,0.0000,693.1600,69.3160,0.4112,3.0948,304.3800,420.1290,1301.6359,0.8553,24.1249,21.8291,953.1595,250.9654,2281.2048,228120.4844,0,0,-0.0004,0.5085,0.4532,0.1483,289,0.6024,0.3976,3.1165,1729.1814,wave,0.2827,0.5215,1.5311,0.0000,1.0000,0.0000,44.0528,14,1342.2422,0.1375,1.2267,3,0,65081.7891,3.4819,0.0000,3.4819,0.6354,0.9579,0.0000,1.7357,9917.4219,58,2.6846,0.0000,0.0000,0.0000,2105407.2500,24.4819,161146.7188,163.8824,189340
43,266,LosAngeles_Small,train,MAPPER,3600,25,83,54,0.6506,1.0000,0.0000,685.4445,76.1605,0.3966,3.0959,304.7778,396.7903,1307.2178,0.8578,24.1249,21.7402,956.3058,238.9419,858.9880,85898.7969,0,0,-0.0005,0.0464,0.0659,0.0066,244,0.7013,0.2987,3.1163,1729.1814,wave,0.2580,0.4843,1.5294,0.0000,1.0000,0.0000,43.3342,14,1342.2478,0.1369,1.3593,4,0,70589.7578,2.9398,0.0000,2.9398,0.7148,0.9977,0.0000,1.6048,7379.5249,76,1.8712,0.0000,0.0000,0.0000,755783.0000,15.3735,42624.3672,242.2382,71296
43,266,LosAngeles_Small,train,MAPPO,3600,25,83,54,0.6506,1.0000,0.0000,627.6667,57.0606,0.4716,3.0939,290.9074,372.8333,1263.6997,0.8688,24.1249,21.7606,940.8593,255.8326,600.0000,60000.0000,0,0,0.0000,0.0431,0.0000,0.0248,241,0.7297,0.2703,3.1156,1729.1814,wave,0.2802,0.5251,1.5470,0.0000,1.0000,0.0000,38.1675,14,1342.3164,0.1383,1.3562,4,0,68239.7812,2.9036,0.0000,2.9036,0.7232,1.0096,0.0000,1.7300,10533.9590,75,2.6096,0.0000,0.0000,0.0000,492839.5312,10.9157,19697.2871,255.5239,49800
43,267,LosAngeles_Medium,train,IPPO,3600,50,113,78,0.6903,1.0000,0.0000,905.6282,45.2814,0.4035,3.0946,571.3205,403.1263,2366.7869,0.8285,45.8388,42.5445,1744.6274,301.6436,4885.8848,244294.2656,0,0,-0.0005,0.5387,0.4349,0.1557,451,0.6903,0.3097,3.1503,3458.7615,wave,0.2383,0.4693,1.6865,0.0000,1.0000,0.0000,97.9631,17,2673.7002,0.2211,1.1124,3,0,184609.3750,3.9912,0.0000,3.9912,0.7577,1.8691,0.0000,1.4514,14882.6309,121,2.7598,0.0000,0.0000,0.0000,4531092.0000,22.6460,491385.3125,182.5529,552105
43,267,LosAngeles_Medium,train,MAPPER,3600,50,113,73,0.6460,1.0000,0.0000,956.0411,43.4564,0.4441,3.0928,575.4932,445.9310,2373.5508,0.8249,45.8388,42.5445,1744.6274,301.6436,1785.3363,89266.8203,0,0,-0.0005,0.0094,0.0670,0.0040,425,0.6460,0.3540,3.1493,3458.7615,wave,0.3602,0.6690,1.6865,0.0000,1.0000,0.0000,100.7830,17,2673.6841,0.2220,1.2325,3,0,173269.2188,3.7611,0.0000,3.7611,0.6973,1.8378,0.0000,1.5574,19902.6465,148,6.1472,0.0000,0.0000,0.0000,1590910.7500,15.5664,153007.9688,236.8600,201743
43,267,LosAngeles_Medium,train,MAPPO,3600,50,113,79,0.6991,1.0000,0.0000,849.1899,40.4376,0.4375,3.0928,580.4177,343.4490,2433.5332,0.8385,45.8388,42.5445,1744.6274,301.6436,838.4160,41920.7969,0,0,0.0000,0.0121,0.0000,0.0130,414,0.6991,0.3009,3.1492,3458.7615,wave,0.2968,0.5631,1.6865,0.0000,1.0000,0.0000,93.7111,17,2673.8574,0.2219,1.0767,3,0,192249.1250,3.6637,0.0000,3.6637,0.7523,1.8322,0.0000,1.6390,17975.4941,122,5.9190,0.0000,0.0000,0.0000,640678.4375,10.0973,44998.1680,242.4662,94741
43,268,Paris_Small,train,IPPO,3600,25,76,59,0.7763,1.0000,0.0000,480.0339,60.0042,0.3348,3.0115,220.6102,277.3077,921.8150,0.8357,24.1240,22.3646,753.7640,304.7727,2928.8684,292886.8438,0,0,-0.0006,0.1621,0.4630,0.0849,273,0.7763,0.2237,3.0518,1729.7736,wave,0.2605,0.4821,1.6323,0.0000,1.0000,0.0000,36.2472,12,1363.4961,0.2707,1.1168,4,0,54387.0820,3.5921,0.0000,3.5921,0.7705,0.7443,0.0000,1.2356,2784.8472,33,1.9087,0.0000,0.0000,0.0000,2663098.7500,20.0921,185371.0625,224.0079,222594
43,268,Paris_Small,train,MAPPER,3600,25,76,54,0.7105,1.0000,0.0000,522.8148,65.3519,0.3597,3.0096,222.8889,326.8033,930.7659,0.8352,24.1240,22.3646,769.9392,325.7686,1309.8948,130989.4766,0,0,-0.0007,0.0673,0.0617,0.0056,246,0.7606,0.2394,3.0497,1729.7736,wave,0.3901,0.7086,1.6350,0.0000,1.0000,0.0000,36.7357,12,1363.4825,0.2708,1.0963,5,0,50261.3555,3.2368,0.0000,3.2368,0.7384,0.7795,0.0000,1.2264,2914.9795,34,1.9241,0.0000,0.0000,0.0000,1204093.0000,19.2368,66537.5625,328.6005,99552
43,268,Paris_Small,train,MAPPO,3600,25,76,58,0.7632,1.0000,0.0000,473.1552,59.1444,0.3374,3.0099,227.3793,255.7231,957.5325,0.8422,24.1240,22.3646,753.7640,304.7727,596.5789,59657.8945,0,0,-0.0000,0.0004,0.0000,0.0023,280,0.7632,0.2368,3.0516,1729.7736,wave,0.3310,0.6110,1.6323,0.0000,1.0000,0.0000,35.8728,12,1363.4913,0.2710,1.0984,5,0,55536.8828,3.6842,0.0000,3.6842,0.8276,0.8134,0.0000,1.2116,2471.5088,32,2.1538,0.0000,0.0000,0.0000,483999.1562,5.2105,11277.3701,335.6146,45340
43,269,Paris_Medium,train,IPPO,3600,50,120,89,0.7417,1.0000,0.0000,758.5281,39.9225,0.3931,3.0508,467.6404,374.6727,1969.3303,0.8422,45.5606,41.8672,1587.3104,291.5795,7129.6919,356484.5938,0,0,-0.0004,0.2209,0.4395,0.0980,440,0.7417,0.2583,3.0607,3458.4912,wave,0.3081,0.5837,1.6600,0.0000,1.0000,0.0000,73.7744,14,2724.2576,0.1570,0.9752,4,0,175270.3906,3.6667,0.0000,3.6667,0.7774,1.7925,0.0000,1.3036,7922.3550,90,4.5610,0.0000,0.0000,0.0000,6628095.5000,26.0167,757550.1875,315.1791,855563
43,269,Paris_Medium,train,MAPPER,3600,50,120,88,0.7333,1.0000,0.0000,769.6136,38.4807,0.4164,3.0502,447.3068,403.6168,1906.4308,0.8524,45.5606,41.8672,1587.3104,291.5795,2836.0000,141800.0000,0,0,-0.0014,0.0427,0.0832,0.0048,389,0.7333,0.2667,3.0596,3458.4912,wave,0.2731,0.5349,1.6600,0.0000,1.0000,0.0000,66.0207,14,2724.2686,0.1570,1.0175,4,0,167765.9062,3.2417,0.0000,3.2417,0.7675,1.7898,0.0000,1.2862,8910.9463,88,7.0839,0.0000,0.0000,0.0000,2641349.2500,16.1500,264641.3125,436.0072,340320
43,269,Paris_Medium,train,MAPPO,3600,50,120,93,0.7750,1.0000,0.0000,727.1505,36.3575,0.4135,3.0496,457.8279,333.9813,1913.2201,0.8358,45.5606,41.8672,1581.2533,291.9345,1124.3583,56217.9219,0,0,0.0000,0.0004,0.0000,0.0023,433,0.7815,0.2185,3.0605,3458.4912,wave,0.2582,0.4917,1.6548,0.0000,1.0000,0.0000,75.1839,14,2724.2581,0.1577,1.0231,3,0,177929.4688,3.6083,0.0000,3.6083,0.8026,1.7712,0.0000,1.2695,8837.5410,91,14.4358,0.0000,0.0000,0.0000,922152.3750,7.8000,49561.7148,509.1401,134923
43,270,Tokyo_Small,train,IPPO,3600,7,98,94,0.9592,1.0000,0.0000,721.9255,240.6418,0.5291,3.0747,341.9787,382.2917,1204.5657,0.7045,29.4365,26.0140,952.5442,238.6588,897.1735,89717.3438,0,0,-0.0006,0.1679,0.4278,0.0831,356,0.9592,0.0408,3.0773,1677.3850,uniform,0.2950,0.5511,1.5605,0.0000,1.0000,0.0000,101.0656,15,1313.5719,0.0287,1.0425,8,1,113229.1641,3.6327,0.0000,3.6327,0.9734,0.8617,0.0000,1.3859,8371.7070,48,1.4678,0.0000,0.0000,0.0000,698315.5000,23.3061,52464.2461,162.9695,87923
43,270,Tokyo_Small,train,MAPPER,3600,7,98,72,0.7347,1.0000,0.0000,706.3333,235.4444,0.5408,3.0752,322.7917,414.9114,1216.8589,0.7540,29.4365,26.0140,952.5442,238.6588,934.9490,93494.8984,0,0,-0.0007,0.1417,0.0476,0.0112,379,0.7347,0.2653,3.0765,1677.3850,uniform,0.2073,0.3948,1.5605,0.0000,1.0000,0.0000,79.4199,15,1313.4075,0.0294,1.2697,5,1,87613.8438,3.8673,0.0000,3.8673,0.6785,0.7842,0.0000,1.4860,8820.9678,53,1.4923,0.0000,0.0000,0.0000,826218.3125,12.9388,57822.1367,236.2000,91625
43,270,Tokyo_Small,train,MAPPO,3600,7,98,82,0.8367,1.0000,0.0000,701.5000,140.3000,0.7165,3.0709,280.2195,456.7303,1171.6921,0.8363,29.4365,26.0140,952.5442,238.6588,655.2551,65525.5117,0,0,-0.0000,0.0025,0.0000,0.0039,376,0.8367,0.1633,3.0730,1677.3850,uniform,0.1886,0.3650,1.5605,0.0000,1.0000,0.0000,45.8811,15,1313.5042,0.0285,1.2495,5,1,96078.7578,3.8367,0.0000,3.8367,0.7899,0.8016,0.0000,1.5002,11018.1777,73,1.7114,0.0000,0.0000,0.0000,553528.0000,22.8061,24485.4277,303.6790,64215
43,271,Tokyo_Medium,train,IPPO,3600,14,185,144,0.7784,1.0000,0.0000,859.2361,122.7480,0.5369,3.0740,516.6945,403.2143,2023.1820,0.7831,58.5732,54.3547,1683.4399,235.6962,2254.4270,112721.3516,0,0,-0.0006,0.4802,0.4170,0.1463,699,0.7784,0.2216,3.0702,3352.6809,uniform,0.2521,0.5019,1.6473,0.0000,1.0000,0.0000,112.0580,14,2635.0017,0.0335,0.9606,8,1,291338.2188,3.7784,0.0000,3.7784,0.7384,1.5511,0.0000,1.2931,14599.5176,96,1.2889,0.0000,0.0000,0.0000,2002946.6250,28.2973,331264.9062,212.3300,417069
43,271,Tokyo_Medium,train,MAPPER,3600,14,185,119,0.6432,1.0000,0.0000,916.1429,152.6905,0.4840,3.0741,507.6639,485.5816,2106.6887,0.8300,58.5732,54.3547,1683.4399,235.6962,1994.1460,99707.2969,0,0,-0.0011,0.1044,0.0750,0.0140,732,0.6432,0.3568,3.0704,3352.6809,uniform,0.2228,0.4232,1.6473,0.0000,1.0000,0.0000,86.3261,14,2634.8528,0.0336,1.0619,4,1,250695.9531,3.9568,0.0000,3.9568,0.6330,1.6090,0.0000,1.3401,15695.5947,120,1.3198,0.0000,0.0000,0.0000,1846477.8750,18.2703,287094.0312,294.6208,368917
43,271,Tokyo_Medium,train,MAPPO,3600,14,185,120,0.6486,1.0000,0.0000,910.7416,101.1935,0.6906,3.0713,485.1333,511.0616,2018.9419,0.8323,58.5732,54.3547,1683.4399,235.6962,1924.1946,96209.7266,0,0,-0.0000,0.0296,0.0000,0.0207,765,0.6486,0.3514,3.0683,3352.6809,uniform,0.2044,0.4183,1.6473,0.0000,1.0000,0.0000,81.3449,14,2634.9714,0.0327,1.0999,5,0,242273.0312,4.1351,0.0000,4.1351,0.6244,1.5739,0.0000,1.3129,17775.3633,133,1.6487,0.0000,0.0000,0.0000,1768435.5000,29.5243,236326.3906,490.9977,355976
43,272,LosAngeles_Small,train,IPPO,3600,7,99,80,0.8081,1.0000,0.0000,620.8750,310.4375,0.4277,3.0772,344.9250,326.5909,1374.5360,0.7970,23.9950,21.6397,1066.4874,229.6243,972.7475,97274.7500,0,0,-0.0007,0.2588,0.4310,0.1071,351,0.8081,0.1919,3.0830,1672.6400,uniform,0.1875,0.3464,1.5369,0.0000,1.0000,0.0000,70.0178,14,1300.1191,0.0417,0.8579,5,1,109962.8828,3.5455,0.0000,3.5455,0.7951,0.9923,0.0000,1.2069,3169.2898,39,1.3646,0.0000,0.0000,0.0000,805384.0625,22.6667,63885.5469,160.0786,96302
43,272,LosAngeles_Small,train,MAPPER,3600,7,99,65,0.6566,1.0000,0.0000,691.9539,345.9769,0.4237,3.0781,350.6308,395.8182,1410.2338,0.8044,23.9950,21.6397,1066.4874,229.6243,766.8889,76688.8906,0,0,-0.0009,0.0645,0.0569,0.0089,387,0.6566,0.3434,3.0833,1672.6400,uniform,0.2990,0.5472,1.5369,0.0000,1.0000,0.0000,68.5840,14,1300.1014,0.0413,1.0889,5,0,91665.1953,3.9091,0.0000,3.9091,0.6961,1.0693,0.0000,1.3975,5090.0723,52,1.2094,0.0000,0.0000,0.0000,662076.4375,11.4848,47049.7422,186.8301,75922
43,272,LosAngeles_Small,train,MAPPO,3600,7,99,81,0.8182,1.0000,0.0000,650.9136,216.9712,0.5436,3.0736,313.5555,398.8182,1367.8629,0.8725,23.9950,21.6397,1066.4874,229.6243,663.6465,66364.6484,0,0,0.0000,0.0145,0.0000,0.0140,349,0.8182,0.1818,3.0797,1672.6400,uniform,0.1979,0.3597,1.5369,0.0000,1.0000,0.0000,39.9830,14,1300.1753,0.0418,1.1160,4,1,110796.8906,3.5253,0.0000,3.5253,0.8582,1.0578,0.0000,1.4718,9687.4258,76,1.2646,0.0000,0.0000,0.0000,550519.4375,22.2121,28957.7070,258.0199,65701
43,273,LosAngeles_Medium,train,IPPO,3600,14,174,122,0.7011,1.0000,0.0000,938.0328,156.3388,0.4749,3.1027,551.6312,438.3791,2093.9614,0.7592,47.7176,46.0749,1709.9860,241.4680,1982.7471,99137.3594,0,0,-0.0006,0.4672,0.4078,0.1442,661,0.7011,0.2989,3.1139,3349.3589,uniform,0.3191,0.8277,1.6196,0.0000,1.0000,0.0000,132.8389,18,2607.3042,0.0402,1.0227,13,0,255463.2969,3.7989,0.0000,3.7989,0.7459,1.7827,0.0000,1.4249,18237.9668,132,1.1783,0.0000,0.0000,0.0000,1753942.6250,25.0230,277667.9062,158.1547,344998
43,273,LosAngeles_Medium,train,MAPPER,3600,14,174,106,0.6092,1.0000,0.0000,874.5000,145.7500,0.4594,3.1035,500.1321,449.5078,2157.0024,0.8626,47.7176,46.0749,1709.9860,241.4680,2550.7415,127537.0703,0,0,-0.0008,0.0875,0.0675,0.0108,701,0.6092,0.3908,3.1137,3349.3589,uniform,0.2136,0.4198,1.6196,0.0000,1.0000,0.0000,68.7316,18,2607.4551,0.0390,0.9726,4,1,228642.2500,4.0287,0.0000,4.0287,0.6429,1.7685,0.0000,1.3108,12326.9531,114,2.0164,0.0000,0.0000,0.0000,2399431.7500,15.9253,376483.4062,235.7378,443829
43,273,LosAngeles_Medium,train,MAPPO,3600,14,174,109,0.6264,1.0000,0.0000,976.6055,122.0757,0.5855,3.0996,527.4128,482.9692,2258.7410,0.8565,47.7176,46.0749,1709.9860,241.4680,1886.4943,94324.7109,0,0,-0.0000,0.0008,0.0000,0.0034,706,0.6264,0.3736,3.1097,3349.3589,uniform,0.2176,0.4322,1.6196,0.0000,1.0000,0.0000,75.6646,18,2607.5168,0.0396,1.1258,4,1,246202.7812,4.0575,0.0000,4.0575,0.6694,1.7908,0.0000,1.4882,22481.5645,166,3.3944,0.0000,0.0000,0.0000,1720440.2500,31.9828,221198.7656,449.1856,328250
43,274,Paris_Small,train,IPPO,3600,7,99,95,0.9596,1.0000,0.0000,584.9263,194.9754,0.5410,3.0471,272.1579,321.8384,1114.3319,0.8189,23.8694,21.9922,934.9130,259.1130,1332.6566,133265.6562,0,0,-0.0007,0.1504,0.4247,0.0767,360,0.9596,0.0404,3.0424,1675.1570,uniform,0.2095,0.4164,1.6592,0.0000,1.0000,0.0000,49.2915,12,1323.2524,0.0397,0.9874,8,1,105861.5312,3.6364,0.0000,3.6364,0.9610,0.9726,0.0000,1.3170,3797.9497,33,1.2347,0.0000,0.0000,0.0000,1109968.0000,25.1414,84899.6016,252.3999,131933
43,274,Paris_Small,train,MAPPER,3600,7,99,84,0.8485,1.0000,0.0000,523.4524,261.7262,0.3518,3.0488,258.2619,290.3034,1080.1359,0.8365,23.8694,21.9922,934.9130,259.1130,938.9596,93895.9609,0,0,-0.0015,0.0694,0.0533,0.0105,331,0.8485,0.1515,3.0442,1675.1570,uniform,0.2340,0.4473,1.6592,0.0000,1.0000,0.0000,42.2347,12,1323.2275,0.0396,1.0435,7,1,90731.4141,3.3434,0.0000,3.3434,0.7382,0.8450,0.0000,1.1917,4139.7891,33,1.0787,0.0000,0.0000,0.0000,834662.3125,9.0404,54270.2656,286.4803,92957
43,274,Paris_Small,train,MAPPO,3600,7,99,87,0.8788,1.0000,0.0000,592.8851,197.6284,0.5091,3.0450,255.5287,349.3846,1080.4650,0.8457,23.8694,21.9922,934.9130,259.1130,1110.3636,111036.3672,0,0,0.0000,0.0005,0.0000,0.0028,367,0.8788,0.1212,3.0399,1675.1570,uniform,0.1866,0.3488,1.6592,0.0000,1.0000,0.0000,39.4357,12,1323.2000,0.0397,1.0004,5,1,94000.4531,3.7071,0.0000,3.7071,0.7971,0.8809,0.0000,1.1897,3450.9644,37,1.3106,0.0000,0.0000,0.0000,995882.7500,17.7071,51855.0898,472.0962,109926
43,275,Paris_Medium,train,IPPO,3600,14,185,139,0.7514,1.0000,0.0000,868.6187,144.7698,0.4497,3.0311,557.2446,373.8546,2131.2639,0.7649,46.2208,43.1018,1863.7228,230.3429,3270.9839,163549.2031,0,0,-0.0007,0.9059,0.3968,0.1975,704,0.7514,0.2486,3.0331,3354.3577,uniform,0.2251,0.4334,1.5975,0.0000,1.0000,0.0000,130.9919,18,2651.1150,0.0259,0.8496,5,1,296245.6875,3.8054,0.0000,3.8054,0.7326,1.8762,0.0000,1.1824,6928.8828,79,1.2137,0.0000,0.0000,0.0000,2931933.7500,28.3135,492735.2188,268.5039,605132
43,275,Paris_Medium,train,MAPPER,3600,14,185,125,0.6757,1.0000,0.0000,887.6400,177.5280,0.4048,3.0320,528.3120,378.2206,2133.3643,0.8076,46.2208,43.1018,1863.7228,230.3429,2922.9082,146145.4062,0,0,-0.0011,0.0367,0.0646,0.0088,750,0.6757,0.3243,3.0330,3354.3577,uniform,0.1966,0.3696,1.5975,0.0000,1.0000,0.0000,101.6392,18,2651.0088,0.0254,0.8219,4,1,266670.5312,4.0541,0.0000,4.0541,0.6391,1.8201,0.0000,1.1557,6124.3569,74,1.3710,0.0000,0.0000,0.0000,2748230.0000,18.4649,436415.5938,389.2293,540738
43,275,Paris_Medium,train,MAPPO,3600,14,185,123,0.6649,1.0000,0.0000,961.8943,106.8771,0.6766,3.0272,488.3333,538.2014,2030.9913,0.8318,46.2208,43.1018,1863.7228,230.3429,2405.6379,120281.8906,0,0,0.0000,0.0423,0.0000,0.0236,850,0.6649,0.3351,3.0286,3354.3577,uniform,0.2096,0.4025,1.5975,0.0000,1.0000,0.0000,82.1351,18,2651.1565,0.0267,0.9856,4,0,249811.9375,4.5946,0.0000,4.5946,0.6281,1.8179,0.0000,1.2464,12016.1367,116,2.8466,0.0000,0.0000,0.0000,2240273.5000,30.8595,293253.1250,655.1236,445043
43,276,Tokyo_Small,train,IPPO,3600,10,96,84,0.8750,1.0000,0.0000,727.4524,181.8631,0.4343,3.0832,341.2262,396.5109,1279.9303,0.7502,28.7011,26.1592,992.8741,273.4590,1128.7084,112870.8359,0,0,-0.0005,0.1866,0.4137,0.0911,344,0.8750,0.1250,3.0841,1678.0878,uniform,0.3008,0.5933,1.5235,0.0000,1.0000,0.0000,85.2401,13,1318.2574,0.0464,1.0078,8,0,107514.1484,3.5833,0.0000,3.5833,0.8819,1.0007,0.0000,1.2438,5440.1113,55,1.3387,0.0000,0.0000,0.0000,966360.5000,21.9583,77066.1484,163.5902,108356
43,276,Tokyo_Small,train,MAPPER,3600,10,96,67,0.6979,1.0000,0.0000,769.0298,256.3433,0.3950,3.0828,321.1343,483.5526,1354.0350,0.8433,28.7011,26.1592,992.8741,273.4590,1124.7916,112479.1641,0,0,-0.0007,0.0780,0.0526,0.0105,343,0.6979,0.3021,3.0820,1678.0878,uniform,0.2038,0.3788,1.5235,0.0000,1.0000,0.0000,50.3273,13,1318.2531,0.0487,1.0555,4,1,90720.3438,3.5729,0.0000,3.5729,0.7396,1.0521,0.0000,1.2133,5421.0161,42,1.3758,0.0000,0.0000,0.0000,1038037.5000,17.8229,77120.3828,234.7022,107980
43,276,Tokyo_Small,train,MAPPO,3600,10,96,83,0.8646,1.0000,0.0000,586.7711,117.3542,0.5114,3.0813,308.4578,313.5111,1296.4928,0.8406,28.7011,26.1592,992.8741,273.4590,518.2396,51823.9570,0,0,0.0000,0.0013,0.0000,0.0030,305,0.8646,0.1354,3.0826,1678.0878,uniform,0.1940,0.3696,1.5235,0.0000,1.0000,0.0000,49.1593,13,1318.3158,0.0465,1.2237,4,0,107608.9062,3.1771,0.0000,3.1771,0.9069,1.0414,0.0000,1.3489,8163.7300,72,1.7986,0.0000,0.0000,0.0000,432288.1562,14.1042,19465.5449,229.5236,49751
43,277,Tokyo_Medium,train,IPPO,3600,20,183,137,0.7486,1.0000,0.0000,969.2555,96.9256,0.5134,3.0722,585.5621,479.2134,2165.7854,0.7397,58.5428,53.2700,1846.6090,269.1134,2993.6721,149683.6094,0,0,-0.0005,0.5125,0.3842,0.1502,743,0.7486,0.2514,3.0662,3352.0754,uniform,0.2517,0.4870,1.6299,0.0000,1.0000,0.0000,152.4050,14,2621.2715,0.0262,0.8341,6,1,296712.5938,4.0601,0.0000,4.0601,0.7107,1.7954,0.0000,1.1956,9690.9717,92,1.2929,0.0000,0.0000,0.0000,2708739.7500,29.2568,458541.1562,203.0536,547842
43,277,Tokyo_Medium,train,MAPPER,3600,20,183,107,0.5847,1.0000,0.0000,958.5327,136.9332,0.3955,3.0743,537.9346,513.6016,2197.8176,0.8171,58.5428,53.2700,1846.6090,269.1134,3063.1147,153155.7344,0,0,-0.0012,0.1366,0.0899,0.0262,758,0.5847,0.4153,3.0666,3352.0754,uniform,0.2566,0.4813,1.6299,0.0000,1.0000,0.0000,98.3710,14,2621.2563,0.0263,0.8887,4,0,235166.5000,4.1421,0.0000,4.1421,0.5207,1.6841,0.0000,1.2689,10317.8672,77,1.4341,0.0000,0.0000,0.0000,2932391.5000,15.8470,488907.5625,260.7684,560550
43,277,Tokyo_Medium,train,MAPPO,3600,20,183,105,0.5738,1.0000,0.0000,1053.2476,81.0190,0.6728,3.0695,512.2476,649.7280,2158.5232,0.8428,58.5428,53.2700,1846.6090,269.1134,2056.4753,102823.7734,0,0,-0.0000,0.0518,0.0000,0.0253,819,0.5738,0.4262,3.0642,3352.0754,uniform,0.2357,0.4502,1.6299,0.0000,1.0000,0.0000,80.5430,14,2621.3525,0.0268,1.0580,4,0,226644.9219,4.4754,0.0000,4.4754,0.4780,1.5756,0.0000,1.3234,17478.7070,147,1.9286,0.0000,0.0000,0.0000,1917567.1250,30.9399,278392.6250,396.2984,376335
43,278,LosAngeles_Small,train,IPPO,3600,10,97,87,0.8969,1.0000,0.0000,603.6782,201.2261,0.3475,3.0938,274.2184,356.3864,1139.8352,0.8313,23.7673,22.7581,891.8015,257.2907,1066.4536,106645.3594,0,0,-0.0007,0.2763,0.4039,0.1110,361,0.8969,0.1031,3.1070,1679.1475,uniform,0.2251,0.4198,1.5943,0.0000,1.0000,0.0000,46.2513,14,1312.8375,0.0509,1.2172,6,0,99165.6562,3.7216,0.0000,3.7216,0.8625,0.7797,0.0000,1.6103,10477.2979,59,1.2514,0.0000,0.0000,0.0000,859803.0625,22.3402,69966.6094,138.5003,103446
43,278,LosAngeles_Small,train,MAPPER,3600,10,97,77,0.7938,1.0000,0.0000,653.0260,163.2565,0.4008,3.0940,287.9481,371.0250,1193.3895,0.8289,23.7673,22.7581,891.8015,257.2907,772.6288,77262.8828,0,0,-0.0004,0.0391,0.0397,0.0041,372,0.7938,0.2062,3.1081,1679.1475,uniform,0.2333,0.4305,1.5943,0.0000,1.0000,0.0000,49.2702,14,1312.8536,0.0507,1.0286,6,1,91890.9922,3.8351,0.0000,3.8351,0.8180,0.8355,0.0000,1.2945,4951.6646,51,1.4713,0.0000,0.0000,0.0000,686696.1875,12.4227,50564.4766,165.4155,74945
43,278,LosAngeles_Small,train,MAPPO,3600,10,97,75,0.7732,1.0000,0.0000,698.1334,139.6267,0.5961,3.0883,286.8933,453.9036,1234.3507,0.8605,23.7673,22.7581,891.8015,257.2907,821.2783,82127.8359,0,0,-0.0000,0.0157,0.0000,0.0140,402,0.7732,0.2268,3.1017,1679.1475,uniform,0.2378,0.4472,1.5943,0.0000,1.0000,0.0000,40.0232,14,1312.8931,0.0513,1.2391,5,0,92576.3047,4.1443,0.0000,4.1443,0.8018,0.8409,0.0000,1.6253,11049.1035,94,1.7774,0.0000,0.0000,0.0000,730829.5000,24.4948,44697.2383,270.0363,79664
43,279,LosAngeles_Medium,train,IPPO,3600,20,184,130,0.7065,1.0000,0.0000,984.2692,82.0224,0.6389,3.0994,586.9923,457.8518,2326.7300,0.7928,47.3982,43.7193,1828.5172,231.0963,3092.2827,154614.1250,0,0,-0.0004,0.5575,0.3826,0.1577,735,0.7065,0.2935,3.0990,3353.3657,uniform,0.2346,0.4392,1.5632,0.0000,1.0000,0.0000,121.6463,15,2609.0610,0.0302,1.0495,4,0,302474.8750,3.9946,0.0000,3.9946,0.7261,1.8027,0.0000,1.3863,21901.0938,141,1.6996,0.0000,0.0000,0.0000,2820485.5000,34.1576,479843.8750,212.6415,568980
43,279,LosAngeles_Medium,train,MAPPER,3600,20,184,107,0.5815,1.0000,0.0000,976.0374,97.6037,0.5226,3.1005,562.6729,517.2713,2369.2629,0.8421,47.3982,43.7193,1828.5172,231.0963,2701.3914,135069.5625,0,0,-0.0012,0.1523,0.0728,0.0198,705,0.5815,0.4185,3.1003,3353.3657,uniform,0.2354,0.4473,1.5632,0.0000,1.0000,0.0000,88.8203,15,2608.9517,0.0301,1.0891,4,0,253511.1250,3.8315,0.0000,3.8315,0.6085,1.8355,0.0000,1.5095,23277.6895,137,1.9855,0.0000,0.0000,0.0000,2557878.0000,19.6576,421294.0312,268.2393,497056
43,279,LosAngeles_Medium,train,MAPPO,3600,20,184,115,0.6250,1.0000,0.0000,961.9565,73.9967,0.6992,3.0972,550.5217,498.4101,2375.2725,0.8629,47.3982,43.7193,1828.5172,231.0963,1886.3260,94316.3047,0,0,-0.0000,0.0010,0.0000,0.0035,718,0.6250,0.3750,3.0979,3353.3657,uniform,0.2138,0.4184,1.5632,0.0000,1.0000,0.0000,75.4672,15,2608.9333,0.0306,1.0510,4,0,273156.3438,3.9022,0.0000,3.9022,0.6407,1.7983,0.0000,1.3456,17635.3066,166,2.4624,0.0000,0.0000,0.0000,1740224.5000,34.6359,248522.1250,389.5629,347084
43,280,Paris_Small,train,IPPO,3600,10,99,92,0.9293,1.0000,0.0000,568.5652,142.1413,0.4546,3.0227,286.4674,315.0928,1109.2218,0.7744,23.8683,20.6636,960.1552,239.2695,1542.2828,154228.2812,0,0,-0.0006,0.2112,0.4059,0.0972,386,0.9293,0.0707,3.0300,1675.4811,uniform,0.2507,0.4683,1.8154,0.0000,1.0000,0.0000,64.6230,12,1321.0939,0.0284,1.0413,6,0,102048.4062,3.8990,0.0000,3.8990,0.8622,0.8904,0.0000,1.2115,4035.5491,40,1.5064,0.0000,0.0000,0.0000,1331424.2500,30.3535,107050.0859,250.1125,152686
43,280,Paris_Small,train,MAPPER,3600,10,99,85,0.8586,1.0000,0.0000,588.4588,196.1529,0.3918,3.0249,275.2118,313.2471,1145.7291,0.8326,23.8683,20.6636,960.1552,239.2695,1033.0909,103309.0938,0,0,-0.0012,0.2730,0.0428,0.0121,357,0.8586,0.1414,3.0311,1675.4811,uniform,0.2718,0.5162,1.8154,0.0000,1.0000,0.0000,46.0659,12,1321.0975,0.0276,0.9630,7,1,97386.9766,3.6061,0.0000,3.6061,0.8636,0.9653,0.0000,1.1778,2795.3855,31,1.5902,0.0000,0.0000,0.0000,935812.6250,12.4343,64751.4219,281.7602,102276
43,280,Paris_Small,train,MAPPO,3600,10,99,87,0.8788,1.0000,0.0000,609.6896,121.9379,0.5623,3.0206,259.7931,376.3936,1105.0013,0.8507,23.8683,20.6636,954.6183,237.0370,1008.6566,100865.6562,0,0,0.0000,0.0298,0.0000,0.0192,378,0.8969,0.1031,3.0283,1675.4811,uniform,0.2034,0.3916,1.8137,0.0000,1.0000,0.0000,38.7928,12,1321.1133,0.0297,1.0702,6,0,96135.1172,3.8182,0.0000,3.8182,0.7903,0.8631,0.0000,1.2515,5141.3833,51,1.4750,0.0000,0.0000,0.0000,910555.8125,21.6162,51371.5039,391.6538,99857
43,281,Paris_Medium,train,IPPO,3600,20,175,140,0.8000,1.0000,0.0000,885.8786,88.5879,0.5057,3.0400,546.8214,373.0981,2157.6453,0.7892,47.3129,45.7826,1843.4598,261.9358,3580.8572,179042.8594,0,0,-0.0005,0.6440,0.3776,0.1690,690,0.8000,0.2000,3.0372,3353.2729,uniform,0.2252,0.4607,1.6153,0.0000,1.0000,0.0000,115.2924,13,2649.8601,0.0362,0.8489,7,1,302070.3438,3.9429,0.0000,3.9429,0.8096,1.8172,0.0000,1.1923,8011.5322,72,1.5249,0.0000,0.0000,0.0000,2985052.7500,32.6743,468752.7812,306.4687,626650
43,281,Paris_Medium,train,MAPPER,3600,20,175,121,0.6914,1.0000,0.0000,880.5703,110.0713,0.4161,3.0411,531.3553,421.7214,2199.3889,0.8278,47.3129,45.7826,1843.4598,261.9358,2706.4685,135323.4219,0,0,-0.0008,0.0581,0.0549,0.0114,713,0.6914,0.3086,3.0382,3353.2729,uniform,0.2122,0.3909,1.6153,0.0000,1.0000,0.0000,91.4776,13,2649.8955,0.0366,0.8429,4,1,266126.0625,4.0743,0.0000,4.0743,0.7073,1.8368,0.0000,1.2288,8627.8916,68,1.4207,0.0000,0.0000,0.0000,2546161.2500,14.1257,382820.9688,358.6165,473632
43,281,Paris_Medium,train,MAPPO,3600,20,175,131,0.7486,1.0000,0.0000,913.9542,70.3042,0.6618,3.0361,505.4656,507.7909,2080.0757,0.8230,47.3129,45.7826,1843.4598,261.9358,2861.0342,143051.7188,0,0,0.0000,0.0021,0.0000,0.0045,712,0.7486,0.2514,3.0345,3353.2729,uniform,0.1851,0.3596,1.6153,0.0000,1.0000,0.0000,89.4505,13,2649.9058,0.0362,0.9908,4,1,272489.9062,4.0686,0.0000,4.0686,0.7179,1.7220,0.0000,1.2816,14033.4561,125,5.9055,0.0000,0.0000,0.0000,2682765.7500,33.3886,350390.0625,680.5393,500681
43,282,Tokyo_Small,train,IPPO,3600,25,97,89,0.9175,1.0000,0.0000,589.6068,53.6006,0.4544,3.0725,266.9888,322.6180,1060.8229,0.7947,29.3983,26.8098,775.6578,243.6108,2561.8970,256189.6875,0,0,-0.0005,0.2784,0.4130,0.1119,323,0.9175,0.0825,3.0629,1677.9170,uniform,0.2356,0.4394,1.5948,0.0000,1.0000,0.0000,54.8242,14,1315.6899,0.0502,1.1713,6,1,94413.2344,3.3299,0.0000,3.3299,0.9449,0.8522,0.0000,1.2962,5802.0898,48,2.1345,0.0000,0.0000,0.0000,2347494.5000,26.2990,208868.5000,194.2134,248504
43,282,Tokyo_Small,train,MAPPER,3600,25,97,73,0.7526,1.0000,0.0000,735.1644,52.5117,0.5930,3.0694,257.9178,512.8228,1057.3060,0.8199,29.3983,26.8098,772.9364,249.3128,1558.5876,155858.7656,0,0,-0.0000,0.0312,0.0340,0.0038,308,0.7766,0.2234,3.0599,1677.9170,uniform,0.2187,0.4066,1.5772,0.0000,1.0000,0.0000,46.4566,14,1315.8081,0.0508,1.2545,5,1,77183.3438,3.1753,0.0000,3.1753,0.7596,0.8352,0.0000,1.4782,9530.1475,74,3.8767,0.0000,0.0000,0.0000,1470000.1250,18.9381,115683.5547,277.3882,151183
43,282,Tokyo_Small,train,MAPPO,3600,25,97,77,0.7938,1.0000,0.0000,649.3376,46.3813,0.5679,3.0697,255.6364,413.5185,1077.0907,0.8427,29.3983,26.8098,773.3773,254.9104,727.2783,72727.8359,0,0,-0.0000,0.0003,0.0000,0.0017,292,0.8462,0.1538,3.0601,1677.9170,uniform,0.2628,0.4791,1.6081,0.0000,1.0000,0.0000,40.2182,14,1315.7881,0.0513,1.3429,5,1,82935.9844,3.0103,0.0000,3.0103,0.8183,0.8530,0.0000,1.5120,12768.3105,72,2.8127,0.0000,0.0000,0.0000,640037.2500,13.2371,29569.5527,335.1981,70546
43,283,Tokyo_Medium,train,IPPO,3600,50,174,110,0.6322,1.0000,0.0000,992.8636,35.4594,0.5774,3.0696,546.0909,545.6043,2317.9922,0.8489,57.9949,55.1229,1939.3484,277.1850,7459.1895,372959.5000,0,0,-0.0003,0.8889,0.3702,0.1955,677,0.6322,0.3678,3.0679,3351.3030,uniform,0.2227,0.4472,1.6877,0.0000,1.0000,0.0000,82.4924,18,2628.7644,0.0277,0.9962,5,1,254979.1406,3.8908,0.0000,3.8908,0.6050,2.0834,0.0000,1.2605,13956.6387,112,2.4761,0.0000,0.0000,0.0000,7156447.5000,36.1897,1201559.7500,250.9349,1297899
43,283,Tokyo_Medium,train,MAPPER,3600,50,174,99,0.5690,1.0000,0.0000,994.0505,36.8167,0.5593,3.0698,594.1515,519.6387,2541.2617,0.8554,57.9949,55.1229,1939.3484,277.1850,3936.5688,196828.4531,0,0,-0.0008,0.1293,0.0564,0.0109,634,0.5690,0.4310,3.0673,3351.3030,uniform,0.2224,0.4260,1.6877,0.0000,1.0000,0.0000,85.8991,18,2628.6890,0.0272,1.0616,3,0,251584.9062,3.6437,0.0000,3.6437,0.6079,2.3260,0.0000,1.3382,17038.0449,133,2.6035,0.0000,0.0000,0.0000,3793030.0000,30.1322,593812.3750,380.3178,684963
43,283,Tokyo_Medium,train,MAPPO,3600,50,174,102,0.5862,1.0000,0.0000,939.8137,29.3692,0.6565,3.0670,561.9412,486.2333,2456.6240,0.8743,57.6993,55.0165,1936.1686,308.7032,1788.5000,89425.0000,0,0,0.0000,0.0014,0.0000,0.0046,424,0.7183,0.2817,3.0657,3351.3030,uniform,0.2186,0.4201,1.6749,0.0000,1.0000,0.0000,70.6164,18,2628.7717,0.0283,1.0652,3,0,250575.6562,2.4368,0.0000,2.4368,0.6070,2.2540,0.0000,1.2994,16022.7178,140,2.8163,0.0000,0.0000,0.0000,1636544.1250,42.0115,176501.0625,622.1721,311199
43,284,LosAngeles_Small,train,IPPO,3600,25,100,85,0.8500,1.0000,0.0000,646.1882,46.1563,0.5624,3.0786,306.7059,383.6211,1207.5547,0.7874,22.9858,20.4634,949.2406,205.8800,2449.8000,244980.0000,0,0,-0.0005,0.2114,0.3984,0.0979,387,0.8500,0.1500,3.0772,1672.9658,uniform,0.2647,0.4743,1.4872,0.0000,1.0000,0.0000,65.1949,15,1303.5470,0.0397,1.1937,6,1,102642.1484,3.8700,0.0000,3.8700,0.8450,0.8223,0.0000,1.3266,8911.6943,71,2.1813,0.0000,0.0000,0.0000,2263911.5000,39.2300,203495.5469,228.9582,244980
43,284,LosAngeles_Small,train,MAPPER,3600,25,100,81,0.8100,1.0000,0.0000,702.8025,46.8535,0.6084,3.0784,285.3704,425.7907,1223.0657,0.8572,22.9858,20.4634,949.2406,205.8800,1012.9700,101297.0000,0,0,-0.0003,0.0272,0.0324,0.0036,339,0.8100,0.1900,3.0765,1672.9658,uniform,0.2251,0.4074,1.4872,0.0000,1.0000,0.0000,40.7572,15,1303.6353,0.0393,1.2394,5,1,99068.3203,3.3900,0.0000,3.3900,0.7978,0.8147,0.0000,1.4153,8804.5605,90,2.6939,0.0000,0.0000,0.0000,913168.5000,17.3700,65176.7031,261.4037,101297
43,284,LosAngeles_Small,train,MAPPO,3600,25,100,86,0.8600,1.0000,0.0000,695.5233,46.3682,0.6198,3.0774,296.7093,399.0549,1224.2687,0.8252,22.9858,20.4634,943.8698,204.9354,589.5400,58954.0000,0,0,0.0000,0.0006,0.0000,0.0018,337,0.8687,0.1313,3.0753,1672.9658,uniform,0.1620,0.3085,1.4907,0.0000,1.0000,0.0000,51.8556,15,1303.5314,0.0389,1.3422,4,1,105287.1016,3.3700,0.0000,3.3700,0.8665,0.8335,0.0000,1.4763,11514.9414,106,2.3333,0.0000,0.0000,0.0000,496473.9062,10.8600,18515.9297,311.3165,58954
43,285,LosAngeles_Medium,train,IPPO,3600,50,179,123,0.6872,1.0000,0.0000,926.6829,31.9546,0.5837,3.1024,512.4716,495.5800,2170.0635,0.8469,46.8849,44.1601,1776.6830,241.5208,7345.3018,367265.0625,0,0,-0.0003,0.7337,0.3708,0.1819,657,0.6872,0.3128,3.1007,3352.5510,uniform,0.2243,0.4491,1.7290,0.0000,1.0000,0.0000,78.4589,15,2617.0222,0.0503,0.9838,5,1,266917.8125,3.6704,0.0000,3.6704,0.6910,1.9883,0.0000,1.3966,15898.5908,143,4.4683,0.0000,0.0000,0.0000,7049947.5000,40.0670,1217287.3750,249.4627,1314809
43,285,LosAngeles_Medium,train,MAPPER,3600,50,179,98,0.5475,1.0000,0.0000,1019.2551,31.8517,0.6506,3.1012,544.7857,596.1520,2327.1963,0.8544,46.8849,43.4654,1768.2090,249.4950,3463.5027,173175.1406,0,0,-0.0009,0.2811,0.0575,0.0248,591,0.5765,0.4235,3.1002,3352.5510,uniform,0.2071,0.4025,1.7430,0.0000,1.0000,0.0000,79.3464,15,2617.2063,0.0494,1.2200,3,0,228065.2344,3.3017,0.0000,3.3017,0.5953,2.1498,0.0000,1.5570,24290.5234,198,9.5729,0.0000,0.0000,0.0000,3315353.0000,44.3911,524460.8750,385.4066,619967
43,285,LosAngeles_Medium,train,MAPPO,3600,50,179,100,0.5587,1.0000,0.0000,944.8100,27.7885,0.6860,3.1013,533.2600,509.2750,2265.8323,0.8498,46.8849,43.3216,1733.7864,260.6357,1651.0559,82552.7969,0,0,-0.0000,0.0005,0.0000,0.0021,533,0.6452,0.3548,3.1011,3352.5510,uniform,0.2470,0.4733,1.7730,0.0000,1.0000,0.0000,80.0936,15,2617.3726,0.0497,1.2945,4,0,226583.2188,2.9777,0.0000,2.9777,0.5822,2.0604,0.0000,1.6005,31104.8789,213,5.3854,0.0000,0.0000,0.0000,1500070.6250,31.2737,174995.2344,522.4449,295539
43,286,Paris_Small,train,IPPO,3600,25,99,91,0.9192,1.0000,0.0000,547.2198,49.7473,0.4665,3.0323,265.4286,306.2188,1088.0460,0.8198,23.9482,21.1241,899.9321,228.4898,3317.8586,331785.8438,0,0,-0.0005,0.1797,0.4031,0.0903,351,0.9192,0.0808,3.0280,1675.8245,uniform,0.1725,0.3239,1.7720,0.0000,1.0000,0.0000,47.8194,14,1323.4075,0.0486,1.0430,5,1,99012.1797,3.5455,0.0000,3.5455,0.9408,1.0316,0.0000,1.1866,4634.7944,43,1.6237,0.0000,0.0000,0.0000,3087175.5000,28.9495,278069.0312,278.3996,328468
43,286,Paris_Small,train,MAPPER,3600,25,99,88,0.8889,1.0000,0.0000,614.7045,47.2850,0.5508,3.0298,254.7727,378.1848,1062.9836,0.8345,23.9482,21.1241,899.9321,228.4898,1639.1718,163917.1719,0,0,-0.0005,0.0533,0.0323,0.0050,331,0.8889,0.1111,3.0251,1675.8245,uniform,0.1947,0.3728,1.7720,0.0000,1.0000,0.0000,42.1760,14,1323.3978,0.0495,1.1525,6,1,93542.5547,3.3434,0.0000,3.3434,0.8926,1.0121,0.0000,1.2915,5853.2515,57,1.9359,0.0000,0.0000,0.0000,1545833.0000,20.1717,118068.3203,353.2261,162278
43,286,Paris_Small,train,MAPPO,3600,25,99,93,0.9394,1.0000,0.0000,519.3978,47.2180,0.4682,3.0317,253.4194,272.0412,1076.0018,0.8492,23.9482,21.1241,894.3237,230.1287,699.3839,69938.3828,0,0,0.0000,0.0187,0.0000,0.0147,328,0.9490,0.0510,3.0266,1675.8245,uniform,0.1781,0.3263,1.7648,0.0000,1.0000,0.0000,38.2190,14,1323.4025,0.0483,1.0762,5,1,100068.1719,3.3131,0.0000,3.3131,0.9217,0.9890,0.0000,1.1675,3759.1677,44,1.6209,0.0000,0.0000,0.0000,603311.3750,9.1717,23679.5156,364.1263,69239
43,287,Paris_Medium,train,IPPO,3600,50,185,134,0.7243,1.0000,0.0000,998.2388,36.9718,0.5529,3.0407,603.7388,433.4810,2358.4785,0.7813,46.2192,44.3886,1995.1112,237.5984,8637.4219,431871.0625,0,0,-0.0003,0.5605,0.3529,0.1587,737,0.7243,0.2757,3.0361,3351.6650,uniform,0.2323,0.4651,1.6346,0.0000,1.0000,0.0000,132.0431,14,2654.0532,0.0287,0.8327,6,0,316036.1250,3.9838,0.0000,3.9838,0.7398,2.0696,0.0000,1.1532,6157.7441,78,1.9595,0.0000,0.0000,0.0000,8211447.5000,36.5568,1455615.7500,343.2595,1597923
43,287,Paris_Medium,train,MAPPER,3600,50,185,112,0.6054,1.0000,0.0000,1033.5714,36.9133,0.5642,3.0408,572.0893,525.8770,2391.6399,0.8361,46.2192,44.3886,1995.1112,237.5984,6022.1025,301105.1250,0,0,-0.0006,0.0966,0.0405,0.0106,690,0.6054,0.3946,3.0362,3351.6650,uniform,0.2110,0.4203,1.6346,0.0000,1.0000,0.0000,93.7613,14,2654.0686,0.0286,0.9611,5,1,267863.6875,3.7297,0.0000,3.7297,0.6530,2.1858,0.0000,1.2428,11440.5098,118,2.8271,0.0000,0.0000,0.0000,5857538.0000,30.6541,978552.2500,568.0706,1114089
43,287,Paris_Medium,train,MAPPO,3600,50,185,113,0.6108,1.0000,0.0000,1021.5132,30.9549,0.6738,3.0380,566.8584,533.9766,2402.3574,0.8476,46.2004,44.1860,1991.2704,250.4317,2890.6487,144532.4219,0,0,-0.0000,0.0082,0.0000,0.0106,542,0.6494,0.3506,3.0349,3351.6650,uniform,0.1960,0.3766,1.6467,0.0000,1.0000,0.0000,86.3869,14,2654.3328,0.0290,1.0525,3,0,271466.3750,2.9297,0.0000,2.9297,0.6605,2.1911,0.0000,1.2817,14768.3896,126,3.1102,0.0000,0.0000,0.0000,2699572.5000,41.7730,290362.4688,1130.0482,534770
43,288,Tokyo_Small,train,IPPO,3600,7,100,80,0.8000,1.0000,0.0000,703.9000,234.6333,0.5129,3.0182,335.9375,390.7046,1410.4501,0.8397,28.9278,26.5038,1048.7933,239.2950,1182.9000,118290.0000,0,0,-0.0004,0.4518,0.3802,0.1428,373,0.8000,0.2000,3.0493,1588.5264,shock_pick,0.2025,0.3791,1.6495,0.0000,1.0000,0.0000,53.8475,15,1240.5013,0.3691,1.1451,5,1,112836.0000,3.7300,0.0000,3.7300,0.8097,1.1099,0.0000,1.2887,7052.8530,68,1.2177,0.0000,0.0000,0.0000,987540.9375,26.9400,77408.3984,213.4594,118290
43,288,Tokyo_Small,train,MAPPER,3600,7,100,77,0.7700,1.0000,0.0000,640.1558,213.3853,0.5285,3.0202,324.0390,323.6709,1381.6646,0.8528,28.9278,26.5038,1048.7933,239.2950,1190.4301,119043.0000,0,0,-0.0006,0.0319,0.0447,0.0048,352,0.7700,0.2300,3.0501,1588.5264,shock_pick,0.2039,0.3721,1.6495,0.0000,1.0000,0.0000,47.7061,15,1240.5645,0.3695,1.0151,4,1,106388.1719,3.5200,0.0000,3.5200,0.7554,1.0758,0.0000,1.3410,8264.7061,32,1.2133,0.0000,0.0000,0.0000,1080154.7500,9.4600,84925.8984,230.8981,119043
43,288,Tokyo_Small,train,MAPPO,3600,7,100,77,0.7700,1.0000,0.0000,684.0000,171.0000,0.6427,3.0173,320.9481,388.9762,1354.8068,0.8443,28.9278,26.5038,1048.7933,239.2950,793.7700,79377.0000,0,0,-0.0000,0.0018,0.0000,0.0023,370,0.7700,0.2300,3.0492,1588.5264,shock_pick,0.2169,0.3984,1.6495,0.0000,1.0000,0.0000,49.9867,15,1240.5714,0.3684,1.2728,5,1,104320.1172,3.7000,0.0000,3.7000,0.7650,1.0895,0.0000,1.3534,8929.2695,78,1.5517,0.0000,0.0000,0.0000,676481.0625,21.7400,36779.2383,308.6909,79377
43,289,Tokyo_Medium,train,IPPO,3600,14,179,96,0.5363,1.0000,0.0000,1106.0521,122.8947,0.6864,2.9973,577.5417,613.9297,2226.3037,0.7710,57.8568,54.8164,1669.2448,252.8005,620.0615,31003.0723,0,0,-0.0002,0.7997,0.3684,0.1908,615,0.5363,0.4637,3.0428,3183.4333,shock_pick,0.3113,0.6011,1.6454,0.0000,1.0000,0.0000,132.2809,20,2466.4883,0.3984,0.9377,6,0,213725.1562,3.4358,0.0000,3.4358,0.5653,1.8106,0.0000,1.2081,8742.5645,70,1.4104,0.0000,0.0000,0.0000,510623.3750,28.5419,78344.6406,72.9461,110991
43,289,Tokyo_Medium,train,MAPPER,3600,14,179,111,0.6201,1.0000,0.0000,905.7838,150.9640,0.4347,2.9965,533.6937,450.6328,2162.8677,0.8105,57.8568,54.8164,1669.2448,252.8005,807.7319,40386.5938,0,0,-0.0007,0.1521,0.0818,0.0202,700,0.6201,0.3799,3.0404,3183.4333,shock_pick,0.2527,0.5340,1.6454,0.0000,1.0000,0.0000,101.1201,20,2466.4055,0.3985,0.9347,7,1,240078.3125,3.9106,0.0000,3.9106,0.6775,1.8766,0.0000,1.2151,9218.2422,72,1.1660,0.0000,0.0000,0.0000,700592.8750,13.6425,106119.8750,107.7463,144584
43,289,Tokyo_Medium,train,MAPPO,3600,14,179,113,0.6313,1.0000,0.0000,891.1416,111.3927,0.6293,2.9931,469.1770,540.1752,1987.7117,0.8473,57.8568,54.8164,1669.2448,252.8005,712.7598,35637.9883,0,0,-0.0000,0.0004,0.0000,0.0022,733,0.6313,0.3687,3.0364,3183.4333,shock_pick,0.2485,0.4856,1.6454,0.0000,1.0000,0.0000,71.6347,20,2466.5398,0.3976,1.1632,5,0,224611.4062,4.0950,0.0000,4.0950,0.5583,1.5190,0.0000,1.4513,21563.1602,137,1.9592,0.0000,0.0000,0.0000,578897.1875,32.0670,63086.9922,226.4577,127584
43,290,LosAngeles_Small,train,IPPO,3600,7,97,70,0.7216,1.0000,0.0000,1001.1143,333.7047,0.5565,2.9949,411.6286,658.0625,1200.4969,0.5833,23.5952,21.3615,913.1484,268.6534,343.1134,34311.3398,0,0,-0.0004,0.3944,0.3717,0.1344,333,0.7216,0.2784,3.0313,1587.4150,shock_pick,0.3252,0.6024,1.6268,0.0000,1.0000,0.0000,171.5292,19,1222.9236,0.4494,0.9236,8,1,84034.7891,3.4330,0.0000,3.4330,0.7034,0.9249,0.0000,1.2340,3333.3086,30,1.4859,0.0000,0.0000,0.0000,263620.2188,22.9691,19447.8809,63.1286,33282
43,290,LosAngeles_Small,train,MAPPER,3600,7,97,78,0.8041,1.0000,0.0000,719.5385,239.8461,0.4773,2.9890,287.2436,443.6829,1173.2290,0.8169,23.5952,21.3615,913.1484,268.6534,358.9175,35891.7539,0,0,-0.0004,0.0066,0.0500,0.0045,370,0.8041,0.1959,3.0204,1587.4150,shock_pick,0.2445,0.4831,1.6268,0.0000,1.0000,0.0000,52.5978,19,1222.9467,0.4498,1.0237,7,1,91511.8594,3.8144,0.0000,3.8144,0.7504,0.8855,0.0000,1.2030,3259.1538,33,1.0968,0.0000,0.0000,0.0000,281743.0000,11.8660,19850.7520,77.0977,34815
43,290,LosAngeles_Small,train,MAPPO,3600,7,97,91,0.9381,1.0000,0.0000,643.4286,214.4762,0.5614,2.9853,276.3407,378.7174,1198.1422,0.8671,23.5952,21.3615,913.1484,268.6534,290.0309,29003.0938,0,0,0.0000,0.0002,0.0000,0.0017,350,0.9381,0.0619,3.0175,1587.4150,shock_pick,0.2231,0.4125,1.6268,0.0000,1.0000,0.0000,36.7122,19,1222.9998,0.4488,1.1499,6,0,109030.9453,3.6082,0.0000,3.6082,0.9137,0.9241,0.0000,1.4390,8823.1914,67,1.5107,0.0000,0.0000,0.0000,209042.8438,20.0928,8823.9590,118.0762,28133
43,291,LosAngeles_Medium,train,IPPO,3600,14,175,111,0.6343,1.0000,0.0000,1118.3513,111.8351,0.7145,3.0792,593.6306,591.7619,2296.1516,0.7736,47.3232,44.1458,1953.9912,234.5438,1005.9086,50295.4297,0,0,-0.0003,0.3883,0.3480,0.1333,739,0.6343,0.3657,3.0434,3177.1780,shock_pick,0.2920,0.5390,1.5563,0.0000,1.0000,0.0000,134.4003,17,2441.6265,0.2876,1.0286,4,0,254872.8438,4.2229,0.0000,4.2229,0.6210,1.8310,0.0000,1.4291,15908.4512,138,1.8436,0.0000,0.0000,0.0000,864111.0000,28.0857,134375.7812,96.2522,176034
43,291,LosAngeles_Medium,train,MAPPER,3600,14,175,109,0.6229,1.0000,0.0000,897.6697,149.6116,0.4501,3.0782,577.2018,432.2558,2418.6582,0.8381,47.3232,44.1458,1953.9912,234.5438,1229.0743,61453.7148,0,0,-0.0009,0.3134,0.0761,0.0173,671,0.6229,0.3771,3.0406,3177.1780,shock_pick,0.2298,0.4323,1.5563,0.0000,1.0000,0.0000,93.4702,17,2441.5784,0.2888,1.0177,4,0,263633.7500,3.8343,0.0000,3.8343,0.5823,1.7486,0.0000,1.3670,15521.3955,112,1.4855,0.0000,0.0000,0.0000,1018401.8125,19.2800,149007.3750,166.9339,215088
43,291,LosAngeles_Medium,train,MAPPO,3600,14,175,108,0.6171,1.0000,0.0000,948.6945,118.5868,0.6210,3.0776,585.0093,489.1926,2425.1929,0.8291,47.3232,44.1458,1953.9912,234.5438,829.7943,41489.7148,0,0,-0.0000,0.0002,0.0000,0.0016,743,0.6171,0.3829,3.0408,3177.1780,shock_pick,0.2225,0.4513,1.5563,0.0000,1.0000,0.0000,99.9707,17,2441.5747,0.2876,1.1607,5,1,261920.8281,4.2457,0.0000,4.2457,0.5998,1.8177,0.0000,1.5981,27349.3887,175,1.4055,0.0000,0.0000,0.0000,655425.1250,29.6229,74911.2812,227.3633,145214
43,292,Paris_Small,train,IPPO,3600,7,95,84,0.8842,1.0000,0.0000,777.4643,259.1548,0.5392,2.9791,340.7738,439.0454,1140.3575,0.6693,23.9795,22.4412,948.9891,264.6182,732.4211,73242.1016,0,0,-0.0005,0.3149,0.3665,0.1196,384,0.8842,0.1158,3.0193,1590.0586,shock_pick,0.3167,0.6349,1.7137,0.0000,1.0000,0.0000,112.7023,13,1247.7692,0.4093,1.0289,9,0,95790.0312,4.0421,0.0000,4.0421,0.8681,0.9217,0.0000,1.2573,5033.9702,41,1.2787,0.0000,0.0000,0.0000,633777.8750,20.0526,43770.1172,173.0420,69580
43,292,Paris_Small,train,MAPPER,3600,7,95,74,0.7789,1.0000,0.0000,579.4189,289.7095,0.3872,2.9814,281.6622,332.0000,1073.5035,0.7623,23.9795,22.4412,948.9891,264.6182,610.4842,61048.4219,0,0,-0.0004,0.0377,0.0586,0.0063,355,0.7789,0.2211,3.0217,1590.0586,shock_pick,0.2394,0.5078,1.7137,0.0000,1.0000,0.0000,66.9615,13,1247.7705,0.4098,1.0051,8,1,79439.2578,3.7368,0.0000,3.7368,0.7340,0.8846,0.0000,1.1717,2697.9458,31,1.5843,0.0000,0.0000,0.0000,512039.4375,9.1579,32551.9512,169.3901,57996
43,292,Paris_Small,train,MAPPO,3600,7,95,85,0.8947,1.0000,0.0000,648.8588,162.2147,0.5838,2.9760,265.1412,403.4615,1115.4279,0.8414,23.9795,22.4412,948.9891,264.6182,725.8947,72589.4766,0,0,-0.0000,0.0004,0.0000,0.0021,347,0.8947,0.1053,3.0153,1590.0586,shock_pick,0.1925,0.3655,1.7137,0.0000,1.0000,0.0000,42.0556,13,1247.7861,0.4088,1.1164,6,1,94811.3672,3.6526,0.0000,3.6526,0.8778,0.9209,0.0000,1.3075,8463.0352,58,1.4308,0.0000,0.0000,0.0000,618955.0625,23.0316,27088.3047,333.8168,68960
43,293,Paris_Medium,train,IPPO,3600,14,181,90,0.4972,1.0000,0.0000,1047.8667,116.4296,0.6432,3.0667,589.3778,583.4409,2275.5132,0.7722,46.8704,42.9001,1926.7844,247.1799,2305.5747,115278.7266,0,0,-0.0003,0.8356,0.3353,0.1911,656,0.4972,0.5028,3.0424,3183.6997,shock_pick,0.2725,0.4944,1.7094,0.0000,1.0000,0.0000,134.2752,14,2509.0823,0.3300,0.8101,4,0,204796.1875,3.6243,0.0000,3.6243,0.4868,2.0706,0.0000,1.1176,3488.1047,47,1.3563,0.0000,0.0000,0.0000,2130007.2500,28.3646,332807.9062,291.2917,417309
43,293,Paris_Medium,train,MAPPER,3600,14,181,117,0.6464,1.0000,0.0000,939.5043,134.2149,0.5365,3.0612,547.6154,452.4135,2216.7734,0.8096,46.8704,42.9001,1926.7844,247.1799,2449.6519,122482.6016,0,0,-0.0010,0.2085,0.0834,0.0143,696,0.6464,0.3536,3.0346,3183.6997,shock_pick,0.2640,0.4992,1.7094,0.0000,1.0000,0.0000,104.2607,14,2509.1370,0.3303,0.8977,5,0,259362.4844,3.8453,0.0000,3.8453,0.5874,1.9220,0.0000,1.1641,7447.7837,79,1.2771,0.0000,0.0000,0.0000,2263245.0000,23.7790,344560.6250,359.5981,443387
43,293,Paris_Medium,train,MAPPO,3600,14,181,120,0.6630,1.0000,0.0000,900.9250,100.1028,0.6717,3.0594,526.6833,495.5374,2162.4961,0.8212,46.8704,42.9001,1918.0459,247.8220,2090.6519,104532.5938,0,0,-0.0000,0.0002,0.0000,0.0016,751,0.6667,0.3333,3.0328,3183.6997,shock_pick,0.2542,0.4743,1.7046,0.0000,1.0000,0.0000,94.1841,14,2509.2339,0.3302,1.0357,4,0,259499.5156,4.1492,0.0000,4.1492,0.6224,1.9854,0.0000,1.3006,15710.6533,122,2.6348,0.0000,0.0000,0.0000,1780402.0000,32.9061,189551.5781,733.1592,378408
43,294,Tokyo_Small,train,IPPO,3600,10,98,78,0.7959,1.0000,0.0000,713.2180,142.6436,0.5123,3.0165,315.2308,424.0345,1192.9420,0.7569,28.5090,25.9966,886.4236,240.1432,1052.2347,105223.4688,0,0,-0.0003,0.3208,0.3701,0.1217,356,0.7959,0.2041,3.0050,1593.6681,shock_pick,0.2026,0.3795,1.7154,0.0000,1.0000,1.0000,76.6424,16,1228.7642,0.3605,1.1456,4,0,93049.4844,3.6327,0.0000,3.6327,0.8286,0.9792,0.0000,1.5635,10532.8691,47,1.7919,0.0000,0.0000,0.0000,942799.1250,23.6020,73341.7812,194.4161,103119
43,294,Tokyo_Small,train,MAPPER,3600,10,98,80,0.8163,1.0000,0.0000,632.8250,210.9417,0.3648,3.0203,298.2250,357.4186,1192.0450,0.7994,28.5090,25.9966,886.4236,240.1432,592.8367,59283.6719,0,0,-0.0005,0.0091,0.0567,0.0031,345,0.8163,0.1837,3.0104,1593.6681,shock_pick,0.2405,0.4531,1.7154,0.0000,1.0000,1.0000,59.8160,16,1228.7736,0.3613,1.1770,6,0,95363.6016,3.5204,0.0000,3.5204,0.8712,1.0037,0.0000,1.2895,6254.7812,55,1.2511,0.0000,0.0000,0.0000,481662.4375,11.6224,29645.7715,179.1569,58098
43,294,Tokyo_Small,train,MAPPO,3600,10,98,78,0.7959,1.0000,0.0000,630.2692,126.0538,0.5286,3.0185,273.7564,365.4625,1159.8710,0.8474,28.5090,25.9966,886.4236,240.1432,972.9796,97297.9609,0,0,-0.0000,0.0003,0.0000,0.0021,334,0.7959,0.2041,3.0088,1593.6681,shock_pick,0.1923,0.3525,1.7154,0.0000,1.0000,1.0000,41.7822,16,1228.7750,0.3596,1.3912,4,1,90469.9375,3.4082,0.0000,3.4082,0.8178,0.9664,0.0000,1.5684,14628.0547,96,1.9815,0.0000,0.0000,0.0000,843107.1250,22.9490,47309.6094,360.3584,95352
43,295,Tokyo_Medium,train,IPPO,3600,20,186,136,0.7312,1.0000,0.0000,916.5147,83.3195,0.5550,2.9942,554.2059,425.9255,2121.6858,0.7657,57.9385,54.9462,1694.6523,266.7670,2587.6021,129380.1094,0,0,-0.0003,0.5067,0.3359,0.1529,741,0.7312,0.2688,3.0133,3186.2109,shock_pick,0.2011,0.3934,1.6312,0.0000,1.0000,0.0000,129.8687,15,2473.1270,0.3985,1.0019,5,1,288549.2500,3.9839,0.0000,3.9839,0.7364,1.6404,0.0000,1.2872,15120.6221,94,1.6885,0.0000,0.0000,0.0000,2106499.0000,30.4516,359517.1562,173.6133,481294
43,295,Tokyo_Medium,train,MAPPER,3600,20,186,123,0.6613,1.0000,0.0000,915.2032,101.6892,0.4516,2.9934,542.9187,433.7914,2177.9121,0.8023,57.9385,54.9462,1694.6523,266.7670,1822.0537,91102.6953,0,0,-0.0007,0.1248,0.0690,0.0098,721,0.6613,0.3387,3.0123,3186.2109,shock_pick,0.2243,0.4491,1.6312,0.0000,1.0000,0.0000,107.3363,15,2473.0803,0.3988,0.9717,5,1,267883.1875,3.8763,0.0000,3.8763,0.6750,1.6623,0.0000,1.2340,9482.6328,84,1.3259,0.0000,0.0000,0.0000,1659533.7500,16.3333,272705.6875,193.3760,338902
43,295,Tokyo_Medium,train,MAPPO,3600,20,186,119,0.6398,1.0000,0.0000,942.0000,72.4615,0.6786,2.9910,488.6302,558.6376,2035.7062,0.8332,57.9385,54.9462,1694.6523,266.7670,1620.1827,81009.1328,0,0,0.0000,0.0003,0.0000,0.0016,790,0.6398,0.3602,3.0092,3186.2109,shock_pick,0.2119,0.4064,1.6312,0.0000,1.0000,0.0000,81.4890,15,2473.1736,0.3975,1.2408,4,1,242249.0312,4.2473,0.0000,4.2473,0.5809,1.4787,0.0000,1.4119,23490.7969,188,1.8005,0.0000,0.0000,0.0000,1467477.3750,31.9785,213222.0781,321.1246,301354
43,296,LosAngeles_Small,train,IPPO,3600,10,98,87,0.8878,1.0000,0.0000,623.9885,155.9971,0.4075,3.0012,325.0115,328.8387,1206.8533,0.7427,23.7027,21.0186,970.0956,231.9140,678.7143,67871.4297,0,0,-0.0004,0.2691,0.3696,0.1113,356,0.8878,0.1122,3.0206,1597.0289,shock_pick,0.2203,0.4114,1.5655,0.0000,1.0000,1.0000,83.6409,15,1227.9672,0.4969,0.9954,6,1,104996.2422,3.6327,0.0000,3.6327,0.8788,0.9686,0.0000,1.2134,4004.1838,44,1.0949,0.0000,0.0000,0.0000,524115.1875,22.9898,41630.5273,99.3154,66514
43,296,LosAngeles_Small,train,MAPPER,3600,10,98,76,0.7755,1.0000,0.0000,640.1184,160.0296,0.4062,3.0001,293.9474,347.7308,1251.6857,0.8516,23.7027,21.0186,970.0956,231.9140,557.4592,55745.9180,0,0,-0.0006,0.0389,0.0565,0.0034,374,0.7755,0.2245,3.0183,1597.0289,shock_pick,0.2868,0.5270,1.5655,0.0000,1.0000,1.0000,43.6102,15,1228.0072,0.4969,1.0500,6,1,95128.1094,3.8163,0.0000,3.8163,0.7833,0.9883,0.0000,1.3708,4668.3140,41,1.8339,0.0000,0.0000,0.0000,465702.1562,13.4592,33203.9883,126.8874,54631
43,296,LosAngeles_Small,train,MAPPO,3600,10,98,69,0.7041,1.0000,0.0000,684.5217,114.0870,0.6057,2.9977,303.4493,446.3205,1269.0018,0.8364,23.7027,21.0186,970.0956,231.9140,635.1122,63511.2227,0,0,0.0000,0.0004,0.0000,0.0018,405,0.7041,0.2959,3.0167,1597.0289,shock_pick,0.2130,0.3913,1.5655,0.0000,1.0000,1.0000,49.6489,15,1228.1045,0.4957,1.3007,4,1,87561.1328,4.1327,0.0000,4.1327,0.7289,1.0131,0.0000,1.5932,14151.3428,105,1.7618,0.0000,0.0000,0.0000,532248.4375,25.7551,33240.1484,193.0645,62241
43,297,LosAngeles_Medium,train,IPPO,3600,20,172,136,0.7907,1.0000,0.0000,904.9853,82.2714,0.5928,3.0585,581.1030,370.4902,2348.6716,0.8083,47.8283,44.6593,1890.8915,247.6964,1774.0581,88702.8984,0,0,-0.0002,0.3155,0.3420,0.1189,715,0.7907,0.2093,3.0451,3185.1150,shock_pick,0.2191,0.4402,1.7868,0.0000,1.0000,0.0000,111.3687,17,2448.5405,0.3180,0.9478,6,0,319419.3438,4.1570,0.0000,4.1570,0.7686,2.0230,0.0000,1.3618,19713.5352,129,1.4175,0.0000,0.0000,0.0000,1514282.1250,32.9651,239124.4844,124.0264,305138
43,297,LosAngeles_Medium,train,MAPPER,3600,20,172,115,0.6686,1.0000,0.0000,941.6087,94.1609,0.5443,3.0580,600.4869,427.5454,2418.5378,0.8055,47.8283,44.6593,1890.8915,247.6964,1460.3546,73017.7266,0,0,-0.0013,0.1391,0.0803,0.0112,659,0.6686,0.3314,3.0445,3185.1150,shock_pick,0.2543,0.4695,1.7868,0.0000,1.0000,0.0000,116.7794,17,2448.5203,0.3183,1.0327,4,0,278131.8438,3.8314,0.0000,3.8314,0.6946,2.1623,0.0000,1.4159,16028.8438,136,3.1552,0.0000,0.0000,0.0000,1300662.7500,25.0756,192375.9062,182.2002,251181
43,297,LosAngeles_Medium,train,MAPPO,3600,20,172,104,0.6047,1.0000,0.0000,912.0865,65.1490,0.7173,3.0566,559.7789,481.7385,2391.1057,0.8543,47.8283,44.6593,1890.8915,247.6964,1156.4476,57822.3828,0,0,-0.0000,0.0003,0.0000,0.0017,700,0.6047,0.3953,3.0446,3185.1150,shock_pick,0.2064,0.4326,1.7868,0.0000,1.0000,0.0000,81.5577,17,2448.6072,0.3182,1.1275,5,0,248674.9844,4.0698,0.0000,4.0698,0.6241,2.1481,0.0000,1.5583,30437.0508,186,2.3202,0.0000,0.0000,0.0000,992556.6250,31.6221,125755.4062,261.4221,198909
43,298,Paris_Small,train,IPPO,3600,10,96,87,0.9062,1.0000,0.0000,682.6552,227.5517,0.3539,2.9324,328.6092,373.9263,1134.7019,0.6906,24.0930,22.1153,959.8576,242.5796,1159.4062,115940.6250,0,0,-0.0004,0.1994,0.3564,0.0935,379,0.9062,0.0938,3.0291,1589.6350,shock_pick,0.2762,0.5514,1.6549,0.0000,1.0000,0.0000,101.6688,13,1251.7681,0.4749,1.0045,9,1,98719.0625,3.9479,0.0000,3.9479,0.8379,0.8944,0.0000,1.2382,4095.0405,47,1.1739,0.0000,0.0000,0.0000,923286.1875,23.7708,72695.1016,166.0476,111303
43,298,Paris_Small,train,MAPPER,3600,10,96,75,0.7812,1.0000,0.0000,665.2667,221.7556,0.3827,2.9301,288.5600,394.6342,1112.5579,0.7711,24.0930,22.1153,959.8576,242.5796,781.4583,78145.8359,0,0,-0.0010,0.0648,0.0505,0.0050,349,0.7812,0.2188,3.0259,1589.6350,shock_pick,0.2225,0.4127,1.6549,0.0000,1.0000,0.0000,66.0484,13,1251.7448,0.4746,1.1074,5,1,83441.8359,3.6354,0.0000,3.6354,0.7055,0.8736,0.0000,1.3166,8519.4375,49,1.2599,0.0000,0.0000,0.0000,661807.9375,12.2396,41776.3828,226.6391,75020
43,298,Paris_Small,train,MAPPO,3600,10,96,77,0.8021,1.0000,0.0000,606.2208,121.2442,0.5253,2.9296,287.7922,354.4943,1194.7181,0.8303,24.0930,22.1153,959.8576,242.5796,871.9896,87198.9609,0,0,0.0000,0.0002,0.0000,0.0015,366,0.8021,0.1979,3.0239,1589.6350,shock_pick,0.2299,0.4230,1.6549,0.0000,1.0000,0.0000,48.8486,13,1251.7069,0.4750,1.1542,5,0,91993.2969,3.8125,0.0000,3.8125,0.8137,0.9813,0.0000,1.3196,8044.3647,77,1.3331,0.0000,0.0000,0.0000,758446.6875,21.2917,44356.0391,296.4061,83711
43,299,Paris_Medium,train,IPPO,3600,20,183,147,0.8033,1.0000,0.0000,849.2857,77.2078,0.5794,2.9315,518.5919,371.2882,2036.6921,0.7855,47.1601,44.9042,1786.8964,224.1831,3071.5901,153579.5000,0,0,-0.0003,0.3778,0.3363,0.1275,697,0.8033,0.1967,2.9617,3184.2073,shock_pick,0.1790,0.3529,1.6667,0.0000,1.0000,0.0000,111.2534,19,2492.9973,0.4303,0.8879,5,1,299393.7500,3.8087,0.0000,3.8087,0.7858,1.8092,0.0000,1.1298,7670.1353,84,1.2718,0.0000,0.0000,0.0000,2437549.0000,31.0328,404431.4062,227.5437,562101
43,299,Paris_Medium,train,MAPPER,3600,20,183,133,0.7268,1.0000,0.0000,834.8797,92.7644,0.4871,2.9325,495.9850,396.0600,2009.3677,0.8103,47.1601,44.9042,1786.8964,224.1831,2164.3442,108217.2188,0,0,-0.0009,0.0945,0.0635,0.0100,733,0.7268,0.2732,2.9626,3184.2073,shock_pick,0.2467,0.4666,1.6667,0.0000,1.0000,0.0000,94.1114,19,2493.0962,0.4305,0.9837,5,0,267245.9062,4.0055,0.0000,4.0055,0.7014,1.7849,0.0000,1.2750,10424.9971,77,1.3667,0.0000,0.0000,0.0000,1961072.6250,13.9563,304468.2500,297.3142,396075
43,299,Paris_Medium,train,MAPPO,3600,20,183,127,0.6940,1.0000,0.0000,907.1181,69.7783,0.6866,2.9278,497.0945,493.2550,2088.3149,0.8402,47.1601,44.9042,1786.8964,224.1831,2560.5957,128029.7812,0,0,0.0000,0.0375,0.0000,0.0201,751,0.6940,0.3060,2.9579,3184.2073,shock_pick,0.1867,0.3566,1.6667,0.0000,1.0000,0.0000,79.4315,19,2493.0852,0.4301,1.0359,4,1,265216.0000,4.1038,0.0000,4.1038,0.7164,1.9092,0.0000,1.2830,14392.0957,119,1.9833,0.0000,0.0000,0.0000,2361695.2500,36.7869,300804.4688,717.9565,468589
43,300,Tokyo_Small,train,IPPO,3600,25,97,78,0.8041,1.0000,0.0000,770.8461,64.2372,0.5045,3.0376,331.6923,475.6818,1198.1174,0.7224,28.9718,26.0499,897.6050,248.7756,2067.2371,206723.7188,0,0,-0.0003,0.1521,0.3565,0.0811,306,0.8041,0.1959,3.0339,1592.3306,shock_pick,0.2376,0.5025,1.5827,0.0000,1.0000,0.0000,92.0688,15,1236.8245,0.2728,1.2469,7,1,93453.1562,3.1546,0.0000,3.1546,0.8176,0.9608,0.0000,1.3693,8201.4375,70,1.8395,0.0000,0.0000,0.0000,1862590.8750,28.7835,163765.0156,174.2934,200522
43,300,Tokyo_Small,train,MAPPER,3600,25,97,67,0.6907,1.0000,0.0000,805.3881,61.9529,0.5561,3.0384,313.8358,513.6479,1246.6290,0.7944,28.9718,26.0499,890.3065,252.9478,1277.4536,127745.3594,0,0,-0.0008,0.0730,0.0487,0.0070,314,0.7053,0.2947,3.0312,1592.3306,shock_pick,0.2005,0.3952,1.5721,0.0000,1.0000,0.0000,64.5100,15,1236.8278,0.2738,1.4013,4,0,83524.1484,3.2371,0.0000,3.2371,0.7277,0.9955,0.0000,1.4117,10795.8350,86,2.1064,0.0000,0.0000,0.0000,1178038.0000,15.3814,93904.9922,209.9467,123913
43,300,Tokyo_Small,train,MAPPO,3600,25,97,65,0.6701,1.0000,0.0000,777.0308,51.8021,0.6182,3.0353,295.4769,560.9600,1222.6050,0.8275,28.9718,25.7973,882.4435,257.1743,766.2268,76622.6797,0,0,-0.0000,0.0004,0.0000,0.0018,244,0.7386,0.2614,3.0287,1592.3306,shock_pick,0.1810,0.3388,1.6032,0.0000,1.0000,0.0000,50.9559,15,1236.7997,0.2731,1.3308,3,1,79469.3281,2.5155,0.0000,2.5155,0.7227,1.0190,0.0000,1.3997,11146.0898,86,2.7124,0.0000,0.0000,0.0000,660475.3125,21.7938,29626.4473,355.0493,74324
43,301,Tokyo_Medium,train,IPPO,3600,50,181,132,0.7293,1.0000,0.0000,835.6818,27.8561,0.6088,2.9709,469.6364,433.3526,2008.4017,0.8553,58.8784,56.9710,1638.9119,251.7849,5493.7070,274685.3750,0,0,-0.0002,0.3416,0.3465,0.1240,626,0.7293,0.2707,3.0226,3182.9128,shock_pick,0.2513,0.4680,1.6741,0.0000,1.0000,0.0000,67.9560,18,2463.8069,0.4708,1.0366,5,0,265109.0312,3.4586,0.0000,3.4586,0.7533,1.8338,0.0000,1.2230,12980.1025,109,2.0336,0.0000,0.0000,0.0000,5204053.0000,35.7182,903179.6875,214.1119,994361
43,301,Tokyo_Medium,train,MAPPER,3600,50,181,113,0.6243,1.0000,0.0000,908.4602,32.4450,0.5760,2.9714,488.9734,458.9453,2095.7446,0.8572,58.8784,56.9710,1638.9119,251.7849,2986.0332,149301.6562,0,0,-0.0013,0.3364,0.0816,0.0262,644,0.6243,0.3757,3.0222,3182.9128,shock_pick,0.2308,0.4452,1.6741,0.0000,1.0000,0.0000,69.8245,18,2463.9856,0.4712,1.1507,5,1,236819.1406,3.5580,0.0000,3.5580,0.6842,1.9456,0.0000,1.4031,20740.8945,154,2.1503,0.0000,0.0000,0.0000,2802723.0000,27.3260,447290.4062,331.5078,540472
43,301,Tokyo_Medium,train,MAPPO,3600,50,181,116,0.6409,1.0000,0.0000,870.2931,26.3725,0.6711,2.9700,501.6897,409.3952,2167.8726,0.8642,58.8784,56.4784,1651.5046,262.6899,1402.1381,70106.9062,0,0,-0.0000,0.0124,0.0000,0.0116,556,0.6946,0.3054,3.0220,3182.9128,shock_pick,0.2328,0.4416,1.6877,0.0000,1.0000,0.0000,68.1151,18,2463.8420,0.4704,1.2495,4,0,251473.2031,3.0718,0.0000,3.0718,0.7190,1.9916,0.0000,1.5483,28820.2168,169,2.6806,0.0000,0.0000,0.0000,1189050.1250,39.1823,128083.3750,481.4087,253787
43,302,LosAngeles_Small,train,IPPO,3600,25,98,88,0.8980,1.0000,0.0000,590.4205,49.2017,0.5098,3.0207,298.8296,314.1522,1195.8170,0.8003,24.0471,19.8073,950.5029,201.1386,1606.7959,160679.5938,0,0,-0.0003,0.2151,0.3619,0.0989,365,0.8980,0.1020,3.0501,1589.2889,shock_pick,0.2386,0.4306,1.7057,0.0000,1.0000,0.0000,59.6662,15,1224.9375,0.4350,1.2337,6,1,105231.8984,3.7245,0.0000,3.7245,0.8582,1.0726,0.0000,1.4151,12588.9365,64,2.1225,0.0000,0.0000,0.0000,1414597.3750,30.6122,124592.4375,143.2477,157466
43,302,LosAngeles_Small,train,MAPPER,3600,25,98,77,0.7857,1.0000,0.0000,620.8701,47.7592,0.5442,3.0204,287.5065,382.4643,1201.6914,0.8359,24.0471,19.8073,950.5029,201.1386,849.4081,84940.8125,0,0,-0.0001,0.0082,0.0529,0.0018,332,0.7857,0.2143,3.0492,1589.2889,shock_pick,0.2420,0.4348,1.7057,0.0000,1.0000,0.0000,47.1682,14,1224.9319,0.4351,1.3757,5,1,92530.2422,3.3878,0.0000,3.3878,0.7350,1.0498,0.0000,1.5017,9792.8760,92,1.8936,0.0000,0.0000,0.0000,752082.5000,15.6837,56971.7266,170.7401,83242
43,302,LosAngeles_Small,train,MAPPO,3600,25,98,82,0.8367,1.0000,0.0000,570.5732,40.7552,0.5648,3.0201,286.6829,325.0225,1235.7723,0.8621,24.0471,19.8073,950.5029,201.1386,432.2857,43228.5703,0,0,0.0000,0.0002,0.0000,0.0014,329,0.8367,0.1633,3.0493,1589.2889,shock_pick,0.1951,0.3650,1.7057,0.0000,1.0000,0.0000,39.5285,14,1225.0200,0.4343,1.3032,5,1,101333.3281,3.3571,0.0000,3.3571,0.8523,1.1431,0.0000,1.6506,10647.2227,89,2.6292,0.0000,0.0000,0.0000,337937.8438,17.7653,14354.5234,191.4647,42364
43,303,LosAngeles_Medium,train,IPPO,3600,50,176,116,0.6591,1.0000,0.0000,987.2414,30.8513,0.6458,3.0367,588.8017,478.3605,2473.2817,0.8401,47.2850,45.9601,1981.8019,234.1969,1492.5171,74625.8516,0,0,-0.0002,0.4653,0.3229,0.1455,677,0.6591,0.3409,3.0564,3183.8567,shock_pick,0.2141,0.4102,1.5782,0.0000,1.0000,0.0000,94.1454,15,2447.1794,0.3410,1.1106,4,0,286900.6875,3.8466,0.0000,3.8466,0.6629,2.0078,0.0000,1.3898,18331.7676,151,2.3649,0.0000,0.0000,0.0000,1365786.6250,41.9034,223442.0625,96.2319,262683
43,303,LosAngeles_Medium,train,MAPPER,3600,50,176,110,0.6250,1.0000,0.0000,917.3909,30.5797,0.6111,3.0373,566.7545,428.2074,2415.2683,0.8523,47.2850,45.9601,1981.8019,234.1969,703.5114,35175.5664,0,0,-0.0010,0.0689,0.0635,0.0117,654,0.6250,0.3750,3.0570,3183.8567,shock_pick,0.2600,0.4896,1.5782,0.0000,1.0000,0.0000,83.7009,15,2447.3408,0.3416,1.0729,4,0,265679.5000,3.7159,0.0000,3.7159,0.5938,1.8967,0.0000,1.4518,21418.6289,138,2.5732,0.0000,0.0000,0.0000,596862.0625,21.1250,83216.3047,124.0442,123818
43,303,LosAngeles_Medium,train,MAPPO,3600,50,176,103,0.5852,1.0000,0.0000,971.7864,29.4481,0.6769,3.0365,582.6407,481.7250,2486.7800,0.8536,47.2850,45.9601,1972.4242,242.9092,553.5511,27677.5566,0,0,-0.0000,0.0010,0.0000,0.0035,561,0.6205,0.3795,3.0565,3183.8567,shock_pick,0.2303,0.4397,1.5637,0.0000,1.0000,0.0000,85.2847,15,2447.3682,0.3407,1.2199,3,0,256138.3438,3.1875,0.0000,3.1875,0.5674,1.9356,0.0000,1.5387,29167.7207,212,3.8266,0.0000,0.0000,0.0000,441290.1875,43.5170,37475.2305,228.3654,97425
43,304,Paris_Small,train,IPPO,3600,25,99,88,0.8889,1.0000,0.0000,638.2500,49.0962,0.5294,2.9732,303.9091,349.1596,1230.9083,0.8101,23.9734,22.7622,997.7901,227.1953,959.4545,95945.4531,0,0,-0.0002,0.1481,0.3605,0.0819,364,0.8889,0.1111,3.0034,1585.1566,shock_pick,0.1932,0.3728,1.5768,0.0000,1.0000,0.0000,57.7274,14,1250.0730,0.4114,1.1050,6,1,108319.9375,3.6768,0.0000,3.6768,0.8908,0.9650,0.0000,1.2936,7151.2612,59,2.2450,0.0000,0.0000,0.0000,871312.1875,33.3131,72376.4609,140.2391,94986
43,304,Paris_Small,train,MAPPER,3600,25,99,81,0.8182,1.0000,0.0000,669.8642,55.8220,0.5051,2.9726,312.7037,366.1059,1255.3241,0.8029,23.9734,22.7622,1006.4144,227.1707,483.2727,48327.2734,0,0,-0.0008,0.0574,0.0681,0.0044,318,0.8265,0.1735,3.0042,1585.1566,shock_pick,0.2580,0.5163,1.5684,0.0000,1.0000,0.0000,61.6389,14,1249.9817,0.4115,1.1208,8,1,101681.2500,3.2121,0.0000,3.2121,0.8514,1.0020,0.0000,1.3119,5748.3325,48,2.0859,0.0000,0.0000,0.0000,407805.9062,16.1515,22035.0547,185.2319,47844
43,304,Paris_Small,train,MAPPO,3600,25,99,79,0.7980,1.0000,0.0000,674.4051,48.1718,0.5700,2.9726,299.4557,384.1807,1263.9573,0.8442,23.9734,22.7622,1008.0104,242.9069,370.2424,37024.2422,0,0,-0.0000,0.0473,0.0000,0.0220,287,0.8495,0.1505,3.0015,1585.1566,shock_pick,0.2063,0.3731,1.5945,0.0000,1.0000,0.0000,46.6642,14,1250.0109,0.4108,1.2475,4,1,99852.6250,2.8990,0.0000,2.8990,0.8283,0.9995,0.0000,1.4092,8402.6768,75,2.3102,0.0000,0.0000,0.0000,301149.8438,19.0202,6523.3330,235.2596,36654
43,305,Paris_Medium,train,IPPO,3600,50,177,122,0.6893,1.0000,0.0000,968.8525,33.4087,0.5940,2.9196,488.4508,543.3472,2017.9818,0.8263,47.2117,44.7075,1809.4963,247.5992,3262.9717,163148.5781,0,0,-0.0001,0.5139,0.3269,0.1528,660,0.6893,0.3107,2.9721,3177.6248,shock_pick,0.2380,0.4396,1.6662,0.0000,1.0000,0.0000,84.8544,16,2490.8677,0.4345,0.9602,4,0,246193.7812,3.7288,0.0000,3.7288,0.6274,1.7442,0.0000,1.2355,9947.6289,78,4.2830,0.0000,0.0000,0.0000,3133573.7500,33.3220,516868.7500,213.4139,577546
43,305,Paris_Medium,train,MAPPER,3600,50,177,110,0.6215,1.0000,0.0000,988.6636,34.0919,0.5853,2.9190,509.5727,538.7109,2120.2039,0.8321,47.2117,44.7075,1809.4963,247.5992,1660.6384,83031.9219,0,0,-0.0007,0.2250,0.0642,0.0215,632,0.6215,0.3785,2.9716,3177.6248,shock_pick,0.2148,0.4126,1.6662,0.0000,1.0000,0.0000,85.5320,16,2491.0254,0.4344,0.9369,4,0,233222.4219,3.5706,0.0000,3.5706,0.5940,1.8314,0.0000,1.2103,9096.7227,86,4.4426,0.0000,0.0000,0.0000,1541099.6250,31.3107,206913.4375,372.1001,293933
43,305,Paris_Medium,train,MAPPO,3600,50,177,115,0.6497,1.0000,0.0000,918.4261,27.0125,0.6950,2.9181,498.0261,498.9231,2116.5254,0.8500,47.2117,44.3663,1770.2916,253.2778,1228.8588,61442.9375,0,0,-0.0000,0.0016,0.0000,0.0034,508,0.7278,0.2722,2.9717,3177.6248,shock_pick,0.1801,0.3473,1.6880,0.0000,1.0000,0.0000,74.7210,16,2491.0540,0.4337,1.1378,3,1,243400.4219,2.8701,0.0000,2.8701,0.6334,1.8680,0.0000,1.3589,20407.0098,135,3.8378,0.0000,0.0000,0.0000,1110248.8750,42.8136,104161.8047,521.7664,217508
43,306,Tokyo_Small,train,IPPO,3600,7,98,76,0.7755,1.0000,0.0000,1070.1316,267.5329,0.6547,3.0635,384.0921,773.8681,1116.7563,0.5815,28.5586,27.1682,984.9893,242.7864,264.0918,26409.1836,0,0,-0.0003,0.2489,0.3239,0.1046,392,0.7755,0.2245,3.1182,1728.6936,wave,0.3228,0.6261,1.6245,0.0000,1.0000,0.0000,160.7408,15,1357.6984,0.2845,1.6792,8,0,84873.4844,4.0000,0.0000,4.0000,0.7374,0.9119,0.0000,1.8818,21121.2207,79,1.5369,0.0000,0.0000,0.0000,204796.5156,20.5612,15347.8896,48.1863,25881
43,306,Tokyo_Small,train,MAPPER,3600,7,98,67,0.6837,1.0000,0.0000,746.5373,248.8458,0.4958,3.0670,355.7761,414.3425,1359.0063,0.7640,28.5586,27.1682,984.9893,242.7864,278.6224,27862.2441,0,0,-0.0002,0.2539,0.0540,0.0109,393,0.6837,0.3163,3.1181,1728.6936,wave,0.2302,0.4713,1.6245,0.0000,1.0000,0.0000,83.9749,15,1357.2345,0.2851,1.1987,6,1,91053.4297,4.0102,0.0000,4.0102,0.8047,1.1289,0.0000,1.3907,6821.1880,57,1.4557,0.0000,0.0000,0.0000,228442.0000,10.7245,15687.7188,68.3641,27305
43,306,Tokyo_Small,train,MAPPO,3600,7,98,77,0.7857,1.0000,0.0000,730.7402,182.6851,0.5735,3.0602,295.2987,452.6219,1238.6886,0.8389,28.5586,27.1682,984.9893,242.7864,244.5816,24458.1641,0,0,-0.0000,0.0020,0.0000,0.0021,393,0.7857,0.2143,3.1145,1728.6936,wave,0.1442,0.2788,1.6245,0.0000,1.0000,0.0000,47.5610,15,1357.2925,0.2840,1.3573,4,1,95379.0156,4.0102,0.0000,4.0102,0.8205,1.0015,0.0000,1.3892,11132.8223,84,1.3354,0.0000,0.0000,0.0000,191977.1250,23.7551,7224.8979,118.2552,23969
43,307,Tokyo_Medium,train,IPPO,3600,14,176,107,0.6080,1.0000,0.0000,1051.6074,116.8453,0.7019,3.0493,548.8505,652.9440,2118.7166,0.7721,57.3397,54.6580,1809.3674,277.4094,742.3636,37118.1836,0,0,-0.0002,0.3537,0.3183,0.1265,753,0.6080,0.3920,3.0987,3458.5020,wave,0.3304,0.6131,1.7528,0.0000,1.0000,0.0000,125.1071,15,2688.4697,0.1886,1.0642,5,0,226702.6875,4.2784,0.0000,4.2784,0.5745,1.8314,0.0000,1.3141,16060.4258,127,1.8472,0.0000,0.0000,0.0000,651726.4375,24.9659,99443.4062,86.7085,130656
43,307,Tokyo_Medium,train,MAPPER,3600,14,176,114,0.6477,1.0000,0.0000,979.2632,139.8947,0.5525,3.0492,563.2719,491.7895,2340.7332,0.8311,57.3397,54.6580,1809.3674,277.4094,676.5795,33828.9766,0,0,-0.0006,0.0433,0.0794,0.0053,709,0.6477,0.3523,3.0977,3458.5020,wave,0.2411,0.4625,1.7528,0.0000,1.0000,0.0000,95.1253,15,2688.5579,0.1880,1.0235,5,0,266843.5625,4.0284,0.0000,4.0284,0.6430,1.9240,0.0000,1.5557,24039.1777,129,1.2901,0.0000,0.0000,0.0000,593001.4375,20.3977,82542.5781,124.0115,119078
43,307,Tokyo_Medium,train,MAPPO,3600,14,176,109,0.6193,1.0000,0.0000,1008.2477,112.0275,0.7034,3.0454,532.7064,604.6901,2197.5962,0.8251,57.3397,54.6580,1809.3674,277.4094,606.8807,30344.0332,0,0,0.0000,0.0020,0.0000,0.0042,736,0.6193,0.3807,3.0970,3458.5020,wave,0.2362,0.4437,1.7528,0.0000,1.0000,0.0000,93.1872,15,2688.4614,0.1892,1.1953,4,0,239537.9844,4.1818,0.0000,4.1818,0.6318,1.9772,0.0000,1.4285,26217.3340,199,1.7287,0.0000,0.0000,0.0000,520535.6875,30.9261,56722.6367,198.2515,106811
43,308,LosAngeles_Small,train,IPPO,3600,7,99,69,0.6970,1.0000,0.0000,762.1449,190.5362,0.6904,3.0736,274.8116,567.8764,1016.9911,0.7401,23.8782,21.0838,821.5501,238.2080,258.8182,25881.8184,0,0,-0.0003,0.2941,0.3469,0.1152,352,0.6970,0.3030,3.1251,1728.7289,wave,0.2800,0.5142,1.6837,0.0000,1.0000,0.0000,71.4134,15,1340.2264,0.1880,1.3541,6,1,70172.3906,3.5556,0.0000,3.5556,0.6495,0.8864,0.0000,1.5690,12962.3018,70,1.5759,0.0000,0.0000,0.0000,202638.1562,21.7980,15688.5098,44.1694,25623
43,308,LosAngeles_Small,train,MAPPER,3600,7,99,69,0.6970,1.0000,0.0000,684.3478,228.1160,0.4922,3.0735,241.9130,465.5570,1040.8116,0.8605,23.8782,21.0838,821.5501,238.2080,224.7172,22471.7168,0,0,-0.0008,0.1540,0.0549,0.0081,362,0.6970,0.3030,3.1249,1728.7289,wave,0.2419,0.4606,1.6837,0.0000,1.0000,0.0000,33.7507,15,1340.1041,0.1879,1.3398,5,0,71816.0000,3.6566,0.0000,3.6566,0.7212,0.9843,0.0000,1.5331,10657.8164,76,1.8785,0.0000,0.0000,0.0000,169817.4219,11.9697,11108.4912,57.6115,22247
43,308,LosAngeles_Small,train,MAPPO,3600,7,99,80,0.8081,1.0000,0.0000,593.2750,197.7583,0.5429,3.0688,262.0500,368.8132,1092.3873,0.8337,23.8782,21.0838,821.5501,238.2080,194.1313,19413.1309,0,0,-0.0000,0.0004,0.0000,0.0021,362,0.8081,0.1919,3.1225,1728.7289,wave,0.2225,0.4146,1.6837,0.0000,1.0000,0.0000,43.5725,15,1340.0486,0.1900,1.4318,5,1,87390.9844,3.6566,0.0000,3.6566,0.8200,0.9653,0.0000,1.6440,15061.9111,96,1.2637,0.0000,0.0000,0.0000,139610.7969,18.0505,6157.5972,77.4142,19219
43,309,LosAngeles_Medium,train,IPPO,3600,14,182,127,0.6978,1.0000,0.0000,989.5040,141.3577,0.5576,3.1080,599.0866,462.4620,2266.8452,0.7568,46.9778,42.3271,1872.8572,230.4605,537.6813,26884.0664,0,0,-0.0002,0.3253,0.3066,0.1209,735,0.6978,0.3022,3.1512,3458.8462,wave,0.2476,0.4732,1.6957,0.0000,1.0000,0.0000,145.7176,16,2670.1145,0.1062,1.0388,5,0,287889.3438,4.0385,0.0000,4.0385,0.6511,1.9385,0.0000,1.4139,18343.3281,129,1.6966,0.0000,0.0000,0.0000,458944.5312,32.6374,72350.9453,61.4130,97858
43,309,LosAngeles_Medium,train,MAPPER,3600,14,182,97,0.5330,1.0000,0.0000,1031.2783,171.8797,0.4822,3.1099,567.9279,567.5847,2371.2334,0.8350,46.9778,42.3271,1872.8572,230.4605,664.5604,33228.0234,0,0,-0.0009,0.1654,0.0668,0.0157,736,0.5330,0.4670,3.1522,3458.8462,wave,0.3166,0.5901,1.6957,0.0000,1.0000,0.0000,93.6812,16,2670.1826,0.1054,1.1667,4,0,230009.6250,4.0440,0.0000,4.0440,0.5499,2.1433,0.0000,1.5818,28206.0977,153,1.5019,0.0000,0.0000,0.0000,587146.4375,16.6648,89192.6953,97.0781,120950
43,309,LosAngeles_Medium,train,MAPPO,3600,14,182,98,0.5385,1.0000,0.0000,1014.5612,126.8202,0.5968,3.1055,567.0816,620.4518,2312.9294,0.8157,46.9778,42.3271,1872.8572,230.4605,447.7253,22386.2637,0,0,0.0000,0.0004,0.0000,0.0021,806,0.5385,0.4615,3.1510,3458.8462,wave,0.2609,0.4995,1.6957,0.0000,1.0000,0.0000,104.4957,16,2670.3440,0.1082,1.1672,4,0,226667.0781,4.4286,0.0000,4.4286,0.5512,2.1267,0.0000,1.6210,29871.6816,204,1.4217,0.0000,0.0000,0.0000,366310.4062,31.2857,37606.0547,159.6856,81486
43,310,Paris_Small,train,IPPO,3600,7,98,89,0.9082,1.0000,0.0000,557.1910,278.5955,0.3559,3.0272,266.1461,304.6489,1091.1743,0.8200,23.9582,22.8488,896.5707,213.3136,317.4286,31742.8574,0,0,-0.0002,0.1968,0.3473,0.0935,345,0.9082,0.0918,3.0377,1729.3561,wave,0.2708,0.4805,1.6044,0.0000,1.0000,0.0000,47.9112,15,1363.6056,0.1229,0.9597,5,0,97114.5156,3.5204,0.0000,3.5204,0.9193,0.9556,0.0000,1.2129,3481.6157,31,1.4173,0.0000,0.0000,0.0000,265144.9375,22.1224,18680.9121,74.5244,31108
43,310,Paris_Small,train,MAPPER,3600,7,98,81,0.8265,1.0000,0.0000,637.2593,212.4198,0.5686,3.0256,255.8519,443.5824,1050.5018,0.8212,23.9582,22.8488,896.5707,213.3136,350.9898,35098.9805,0,0,-0.0000,0.0013,0.0507,0.0016,341,0.8265,0.1735,3.0359,1729.3561,wave,0.2663,0.4890,1.6044,0.0000,1.0000,0.0000,45.7515,15,1363.6052,0.1226,1.0810,5,1,85090.6406,3.4796,0.0000,3.4796,0.8530,0.9743,0.0000,1.2305,4367.7319,55,1.2735,0.0000,0.0000,0.0000,294231.7812,14.6633,16169.6006,129.2373,34397
43,310,Paris_Small,train,MAPPO,3600,7,98,84,0.8571,1.0000,0.0000,614.8333,153.7083,0.5871,3.0210,256.2143,396.0745,1077.3105,0.8409,23.9582,22.8488,896.5707,213.3136,427.4592,42745.9180,0,0,-0.0000,0.0002,0.0000,0.0016,347,0.8571,0.1429,3.0337,1729.3561,wave,0.2135,0.3847,1.6044,0.0000,1.0000,0.0000,40.7522,15,1363.6167,0.1228,1.1441,5,1,90494.0781,3.5408,0.0000,3.5408,0.8645,0.9521,0.0000,1.2953,5898.6660,64,1.6668,0.0000,0.0000,0.0000,371682.7812,20.6837,16887.6113,199.3645,41891
43,311,Paris_Medium,train,IPPO,3600,14,185,150,0.8108,1.0000,0.0000,908.5533,129.7933,0.5434,3.0374,563.3600,388.7870,2173.9592,0.7718,46.2396,40.4951,1850.5234,238.3703,774.4270,38721.3477,0,0,-0.0002,0.2395,0.3149,0.1017,736,0.8108,0.1892,3.0664,3458.1770,wave,0.2316,0.4648,1.6140,0.0000,1.0000,0.0000,128.5681,15,2726.0295,0.1804,0.8561,7,0,326093.9062,3.9784,0.0000,3.9784,0.8260,1.8460,0.0000,1.2236,11432.0410,95,1.4419,0.0000,0.0000,0.0000,687758.6250,32.4216,105261.3281,118.7799,143269
43,311,Paris_Medium,train,MAPPER,3600,14,185,118,0.6378,1.0000,0.0000,869.2881,173.8576,0.3960,3.0409,540.0339,393.6593,2235.2378,0.8278,46.2396,40.4951,1850.5234,238.3703,1092.8054,54640.2695,0,0,-0.0006,0.3724,0.0848,0.0224,732,0.6378,0.3622,3.0673,3458.1770,wave,0.2344,0.4318,1.6140,0.0000,1.0000,0.0000,92.9863,15,2725.9885,0.1804,0.8770,4,1,263758.0625,3.9568,0.0000,3.9568,0.6515,1.8507,0.0000,1.2235,10075.4951,89,1.2520,0.0000,0.0000,0.0000,988280.5000,19.7189,139969.8750,231.6889,202169
43,311,Paris_Medium,train,MAPPO,3600,14,185,123,0.6649,1.0000,0.0000,897.4146,112.1768,0.6082,3.0328,509.6260,505.0263,2136.5063,0.8385,46.2396,40.4951,1850.5234,238.3703,932.0324,46601.6211,0,0,-0.0000,0.0033,0.0000,0.0056,761,0.6649,0.3351,3.0655,3458.1770,wave,0.2042,0.4025,1.6140,0.0000,1.0000,0.0000,82.3247,15,2726.0947,0.1815,0.9799,4,0,262790.2812,4.1135,0.0000,4.1135,0.6670,1.8178,0.0000,1.2532,14912.0518,133,1.4902,0.0000,0.0000,0.0000,814085.4375,32.3189,81512.2266,373.4815,172426
43,312,Tokyo_Small,train,IPPO,3600,10,98,89,0.9082,1.0000,0.0000,665.5281,133.1056,0.5694,3.0471,347.6517,340.7263,1342.8406,0.7725,29.3353,26.4903,1027.8472,259.1063,319.0714,31907.1426,0,0,-0.0002,0.1442,0.3392,0.0765,344,0.9082,0.0918,3.0848,1729.8502,wave,0.2551,0.4726,1.6434,0.0000,1.0000,0.0000,79.0836,15,1341.9139,0.1835,1.0047,6,1,119512.8125,3.5102,0.0000,3.5102,0.9362,1.0638,0.0000,1.3190,6590.8301,62,1.2876,0.0000,0.0000,0.0000,258734.6094,26.8469,19029.3711,64.5588,31269
43,312,Tokyo_Small,train,MAPPER,3600,10,98,71,0.7245,1.0000,0.0000,749.0563,187.2641,0.4885,3.0509,341.4507,449.1579,1429.1558,0.8371,29.3353,26.4903,1027.8472,259.1063,389.0918,38909.1836,0,0,-0.0009,0.0508,0.0622,0.0086,337,0.7245,0.2755,3.0875,1729.8502,wave,0.2312,0.4235,1.6434,0.0000,1.0000,0.0000,55.6196,15,1341.8676,0.1827,1.1433,5,1,101470.0625,3.4388,0.0000,3.4388,0.7643,1.0887,0.0000,1.4322,9342.8174,64,1.2621,0.0000,0.0000,0.0000,323060.1562,10.4898,22647.6797,91.9649,38131
43,312,Tokyo_Small,train,MAPPO,3600,10,98,69,0.7041,1.0000,0.0000,807.0435,115.2919,0.7198,3.0427,325.6812,509.5256,1366.2191,0.8390,29.3353,26.4903,1027.8472,259.1063,378.2041,37820.4062,0,0,-0.0000,0.0133,0.0000,0.0114,386,0.7041,0.2959,3.0829,1729.8502,wave,0.2285,0.4370,1.6434,0.0000,1.0000,0.0000,52.4373,15,1341.9438,0.1852,1.2383,4,0,94269.1250,3.9388,0.0000,3.9388,0.7343,1.0763,0.0000,1.5330,15296.9805,81,2.0303,0.0000,0.0000,0.0000,308980.9062,26.0000,13192.1494,174.3691,37064
43,313,Tokyo_Medium,train,IPPO,3600,20,184,130,0.7065,1.0000,0.0000,1001.2000,91.0182,0.5672,3.0955,598.1769,478.8758,2296.0901,0.7677,58.5077,52.1571,1911.6244,252.7361,822.1793,41108.9648,0,0,-0.0002,0.7168,0.3002,0.1769,737,0.7065,0.2935,3.1159,3458.6436,wave,0.2406,0.4709,1.6126,0.0000,1.0000,0.0000,138.9589,18,2700.3103,0.1692,1.0146,6,1,298491.7188,4.0054,0.0000,4.0054,0.6880,1.7861,0.0000,1.4619,21686.3887,123,1.2533,0.0000,0.0000,0.0000,716754.5625,31.0652,117017.2812,80.7931,151281
43,313,Tokyo_Medium,train,MAPPER,3600,20,184,114,0.6196,1.0000,0.0000,1012.8772,101.2877,0.5242,3.0952,572.7632,491.4886,2343.5259,0.8183,58.5077,52.1571,1911.6244,252.7361,792.9783,39648.9141,0,0,-0.0008,0.0911,0.0798,0.0112,719,0.6196,0.3804,3.1144,3458.6436,wave,0.2415,0.4751,1.6126,0.0000,1.0000,0.0000,104.0580,18,2700.3899,0.1687,1.0248,5,0,267161.9688,3.9076,0.0000,3.9076,0.5968,1.7667,0.0000,1.3190,16606.2988,129,1.6066,0.0000,0.0000,0.0000,691702.9375,18.8261,102795.3438,133.0357,145908
43,313,Tokyo_Medium,train,MAPPO,3600,20,184,103,0.5598,1.0000,0.0000,999.5922,76.8917,0.6637,3.0923,531.1456,609.2555,2214.1926,0.8337,58.5077,52.1571,1911.6244,252.7361,696.8370,34841.8477,0,0,-0.0000,0.0004,0.0000,0.0018,806,0.5598,0.4402,3.1146,3458.6436,wave,0.2422,0.4647,1.6126,0.0000,1.0000,0.0000,88.3071,18,2700.6677,0.1707,1.2261,4,0,228061.8438,4.3804,0.0000,4.3804,0.5103,1.6720,0.0000,1.6582,31462.2559,179,2.9215,0.0000,0.0000,0.0000,605584.8750,31.9728,70142.5781,224.3774,128218
43,314,LosAngeles_Small,train,IPPO,3600,10,98,79,0.8061,1.0000,0.0000,692.7975,230.9325,0.3649,3.1020,364.0633,358.8409,1348.9414,0.7410,23.6709,21.9491,1068.6136,259.0475,244.4388,24443.8770,0,0,-0.0002,0.2187,0.3307,0.0989,390,0.8061,0.1939,3.1241,1729.3536,wave,0.2497,0.4713,1.5805,0.0000,1.0000,0.0000,94.2750,15,1349.5178,0.2430,1.1334,6,1,106566.3750,3.9796,0.0000,3.9796,0.7960,0.9684,0.0000,1.6201,12433.6113,65,1.0250,0.0000,0.0000,0.0000,184166.2500,22.7449,14527.0977,35.9315,23955
43,314,LosAngeles_Small,train,MAPPER,3600,10,98,75,0.7653,1.0000,0.0000,695.8267,173.9567,0.4157,3.1044,319.5200,403.8781,1328.5964,0.8316,23.6709,21.9491,1068.6136,259.0475,223.8571,22385.7148,0,0,-0.0012,0.1504,0.0531,0.0142,368,0.7653,0.2347,3.1238,1729.3536,wave,0.2501,0.4486,1.5805,0.0000,1.0000,0.0000,53.8007,15,1349.5037,0.2413,1.0779,5,1,99644.7344,3.7551,0.0000,3.7551,0.7443,0.9537,0.0000,1.3353,5938.6953,56,1.2324,0.0000,0.0000,0.0000,163993.4219,12.8061,10451.4189,57.3474,21938
43,314,LosAngeles_Small,train,MAPPO,3600,10,98,82,0.8367,1.0000,0.0000,665.1342,133.0268,0.5307,3.0993,309.4268,383.8182,1340.6405,0.8665,23.6709,21.9491,1068.6136,259.0475,214.4082,21440.8164,0,0,-0.0000,0.0002,0.0000,0.0014,332,0.8367,0.1633,3.1213,1729.3536,wave,0.2008,0.3771,1.5805,0.0000,1.0000,0.0000,41.2987,15,1349.5164,0.2432,1.2964,4,0,109932.5234,3.3878,0.0000,3.3878,0.8361,0.9800,0.0000,1.6037,11357.7461,73,1.4546,0.0000,0.0000,0.0000,152767.0156,22.6939,5947.8311,92.0764,21012
43,315,LosAngeles_Medium,train,IPPO,3600,20,173,132,0.7630,1.0000,0.0000,991.6364,90.1488,0.5720,3.1028,579.8409,479.3974,2256.2427,0.7782,47.4496,45.3174,1803.9700,266.2054,646.9885,32349.4219,0,0,-0.0002,0.3108,0.3055,0.1161,662,0.7630,0.2370,3.1399,3458.1702,wave,0.1869,0.3598,1.7851,0.0000,1.0000,0.0000,128.5923,19,2677.6890,0.1514,1.0559,4,1,297824.0312,3.8266,0.0000,3.8266,0.7611,1.9765,0.0000,1.4776,22156.3477,148,1.4291,0.0000,0.0000,0.0000,562984.2500,29.2890,86742.3281,61.5849,111929
43,315,LosAngeles_Medium,train,MAPPER,3600,20,173,121,0.6994,1.0000,0.0000,948.3553,105.3728,0.4855,3.1047,536.8430,474.3881,2226.3508,0.8294,47.4496,45.3174,1803.9700,266.2054,688.8093,34440.4609,0,0,-0.0010,0.1749,0.0808,0.0224,658,0.6994,0.3006,3.1411,3458.1702,wave,0.2364,0.4345,1.7851,0.0000,1.0000,0.0000,91.5728,19,2677.5623,0.1509,1.0827,4,1,269388.4688,3.8035,0.0000,3.8035,0.6722,1.9044,0.0000,1.5157,16660.8125,136,1.3803,0.0000,0.0000,0.0000,607042.3750,16.1965,88359.3359,96.2963,119164
43,315,LosAngeles_Medium,train,MAPPO,3600,20,173,108,0.6243,1.0000,0.0000,978.7500,75.2885,0.6856,3.0999,533.6759,555.2371,2243.7170,0.8409,47.4496,45.3174,1803.9700,266.2054,719.8959,35994.7969,0,0,-0.0000,0.0002,0.0000,0.0013,715,0.6243,0.3757,3.1396,3458.1702,wave,0.2377,0.4626,1.7851,0.0000,1.0000,0.0000,84.9325,19,2677.7048,0.1536,1.2724,4,0,242321.4375,4.1329,0.0000,4.1329,0.6188,1.9643,0.0000,1.6961,33618.7227,206,1.8475,0.0000,0.0000,0.0000,627793.1250,29.8324,77837.1797,177.8692,124542
43,316,Paris_Small,train,IPPO,3600,10,98,91,0.9286,1.0000,0.0000,537.1649,134.2912,0.4078,3.0645,277.9451,275.5625,1058.3352,0.7615,23.3409,21.2637,894.3398,248.2535,440.4286,44042.8555,0,0,-0.0002,0.1646,0.3406,0.0841,367,0.9286,0.0714,3.0759,1728.8619,wave,0.1835,0.3349,1.5112,0.0000,1.0000,0.0000,66.2780,14,1371.6125,0.1283,1.0156,5,1,96308.5000,3.7449,0.0000,3.7449,0.9132,0.8876,0.0000,1.2343,3334.2588,53,1.1718,0.0000,0.0000,0.0000,375264.8438,24.9796,27052.2031,99.2244,43162
43,316,Paris_Small,train,MAPPER,3600,10,98,79,0.8061,1.0000,0.0000,521.8734,173.9578,0.3412,3.0662,254.7215,284.9882,1052.2915,0.8262,23.3409,21.2637,894.3398,248.2535,374.0918,37409.1836,0,0,-0.0005,0.0310,0.0697,0.0042,346,0.8061,0.1939,3.0772,1728.8619,wave,0.2044,0.3712,1.5112,0.0000,1.0000,0.0000,44.2632,14,1371.6161,0.1283,0.9679,5,1,83131.0312,3.5306,0.0000,3.5306,0.8250,0.9238,0.0000,1.2815,3477.8794,32,1.5419,0.0000,0.0000,0.0000,315903.6250,13.2755,18644.9961,125.6502,36661
43,316,Paris_Small,train,MAPPO,3600,10,98,83,0.8469,1.0000,0.0000,592.2771,148.0693,0.4969,3.0598,263.6867,368.0989,1057.3469,0.8020,23.3409,21.2637,894.5121,253.4541,401.2959,40129.5938,0,0,0.0000,0.0270,0.0000,0.0160,372,0.8557,0.1443,3.0738,1728.8619,wave,0.1811,0.3324,1.5045,0.0000,1.0000,0.0000,52.2173,14,1371.6156,0.1290,1.0162,4,1,87759.7891,3.7959,0.0000,3.7959,0.8232,0.8773,0.0000,1.2212,4449.3931,53,1.4632,0.0000,0.0000,0.0000,343999.2500,24.3980,11760.5518,223.9957,39327
43,317,Paris_Medium,train,IPPO,3600,20,180,136,0.7556,1.0000,0.0000,896.0735,81.4612,0.5824,3.0235,538.1617,416.0361,2156.1292,0.8013,47.3857,45.8501,1882.3439,242.6185,1191.2389,59561.9453,0,0,-0.0001,0.3455,0.3056,0.1238,737,0.7556,0.2444,3.0515,3457.6355,wave,0.1963,0.3767,1.6042,0.0000,1.0000,0.0000,106.9359,14,2720.7644,0.2026,0.9224,5,1,293233.5625,4.0944,0.0000,4.0944,0.7045,1.7537,0.0000,1.3512,13080.4355,100,1.5421,0.0000,0.0000,0.0000,1091929.3750,33.7611,168070.3906,158.2078,214423
43,317,Paris_Medium,train,MAPPER,3600,20,180,118,0.6556,1.0000,0.0000,920.5085,102.2787,0.4705,3.0255,562.0678,457.8478,2336.8059,0.8315,47.3857,45.8501,1882.3439,242.6185,1367.9111,68395.5547,0,0,-0.0008,0.1740,0.0700,0.0180,712,0.6556,0.3444,3.0528,3457.6355,wave,0.1890,0.3710,1.6042,0.0000,1.0000,0.0000,94.7066,14,2720.8757,0.2023,0.8872,4,0,275743.0938,3.9556,0.0000,3.9556,0.6700,1.9223,0.0000,1.2665,10864.9053,105,1.3847,0.0000,0.0000,0.0000,1218968.3750,14.6000,172730.6094,259.3568,246224
43,317,Paris_Medium,train,MAPPO,3600,20,180,122,0.6778,1.0000,0.0000,937.4508,72.1116,0.6700,3.0204,525.1639,527.5135,2219.9468,0.8454,47.3857,45.8501,1882.3439,242.6185,1437.6056,71880.2734,0,0,0.0000,0.0002,0.0000,0.0013,719,0.6778,0.3222,3.0504,3457.6355,wave,0.2270,0.4208,1.6042,0.0000,1.0000,0.0000,81.1746,14,2720.8491,0.2031,1.0001,4,0,270833.5000,3.9944,0.0000,3.9944,0.6296,1.7471,0.0000,1.2973,16611.7012,146,2.0217,0.0000,0.0000,0.0000,1273574.1250,35.0111,140159.4688,494.9140,258769
43,318,Tokyo_Small,train,IPPO,3600,25,99,78,0.7879,1.0000,0.0000,773.9487,55.2821,0.5654,3.0454,295.9102,533.9080,1212.3235,0.8194,29.8983,27.9141,881.6490,232.2119,844.8283,84482.8281,0,0,-0.0002,0.3685,0.3300,0.1265,328,0.7879,0.2121,3.0764,1729.6198,wave,0.2376,0.4397,1.7243,0.0000,1.0000,0.0000,53.4456,14,1344.6036,0.2498,1.2900,5,0,94561.2344,3.3131,0.0000,3.3131,0.7736,0.9671,0.0000,1.5059,15090.7119,72,1.8989,0.0000,0.0000,0.0000,779223.2500,25.0606,68814.6719,84.1297,83638
43,318,Tokyo_Small,train,MAPPER,3600,25,99,70,0.7071,1.0000,0.0000,767.7429,51.1829,0.6078,3.0443,309.0857,491.7105,1301.4442,0.8421,29.8983,27.9141,881.6490,232.2119,529.2222,52922.2227,0,0,-0.0005,0.1019,0.0476,0.0055,339,0.7071,0.2929,3.0753,1729.6198,wave,0.2676,0.4866,1.7243,0.0000,1.0000,0.0000,48.7969,14,1344.6686,0.2497,1.3059,5,0,91101.0938,3.4242,0.0000,3.4242,0.7073,0.9853,0.0000,1.5431,16688.2188,76,2.1266,0.0000,0.0000,0.0000,462274.0938,15.4747,31671.9551,142.3580,52393
43,318,Tokyo_Small,train,MAPPO,3600,25,99,57,0.5758,1.0000,0.0000,912.0175,53.6481,0.7078,3.0405,320.1404,716.9403,1279.9209,0.7996,29.8983,27.7727,883.2989,277.1556,492.3030,49230.3047,0,0,0.0000,0.0004,0.0000,0.0019,292,0.6264,0.3736,3.0738,1729.6198,wave,0.2462,0.4578,1.7368,0.0000,1.0000,0.0000,64.1562,14,1344.6475,0.2504,1.4539,3,0,72955.4922,2.9495,0.0000,2.9495,0.5775,0.9880,0.0000,1.7408,22307.8457,103,2.8892,0.0000,0.0000,0.0000,423057.2188,30.7677,17891.6484,242.3358,48738
43,319,Tokyo_Medium,train,IPPO,3600,50,174,116,0.6667,1.0000,0.0000,949.9138,33.9255,0.5724,3.0699,548.6896,500.0428,2313.4019,0.8432,58.2698,55.5285,1859.4652,257.0721,2077.1667,103858.3359,0,0,-0.0002,0.4571,0.3117,0.1417,655,0.6667,0.3333,3.1090,3458.0518,wave,0.2362,0.4613,1.7591,0.0000,1.0000,0.0000,86.0093,19,2698.8125,0.1871,1.0842,5,0,268354.5938,3.7644,0.0000,3.7644,0.7051,2.1864,0.0000,1.3762,21016.8281,127,2.1371,0.0000,0.0000,0.0000,1949881.6250,34.7011,317975.2500,122.4396,361427
43,319,Tokyo_Medium,train,MAPPER,3600,50,174,100,0.5747,1.0000,0.0000,943.0100,30.4197,0.6203,3.0695,526.6100,533.4250,2273.9570,0.8636,58.2698,55.5285,1859.4652,257.0721,951.6782,47583.9062,0,0,-0.0010,0.4220,0.0813,0.0383,580,0.5747,0.4253,3.1090,3458.0518,wave,0.2863,0.5329,1.7591,0.0000,1.0000,0.0000,71.8186,19,2698.8596,0.1873,1.2207,4,0,227395.6875,3.3333,0.0000,3.3333,0.6091,2.1908,0.0000,1.4800,24987.5273,166,2.6095,0.0000,0.0000,0.0000,870060.3125,44.5517,113035.4375,220.4331,165592
43,319,Tokyo_Medium,train,MAPPO,3600,50,174,100,0.5747,1.0000,0.0000,920.2300,28.7572,0.6556,3.0668,557.7100,461.5385,2396.1597,0.8593,58.0782,55.1668,1864.1174,289.3622,607.6724,30383.6211,0,0,-0.0000,0.0002,0.0000,0.0014,482,0.6803,0.3197,3.1082,3458.0518,wave,0.2277,0.4336,1.7998,0.0000,1.0000,0.0000,78.4781,19,2698.7957,0.1891,1.1771,3,0,239615.9531,2.7701,0.0000,2.7701,0.6302,2.2665,0.0000,1.3723,21613.1914,176,2.8624,0.0000,0.0000,0.0000,525577.1250,30.9195,42960.4219,278.6801,105735
43,320,LosAngeles_Small,train,IPPO,3600,25,96,80,0.8333,1.0000,0.0000,692.9750,49.4982,0.5973,3.0995,305.3000,424.9456,1265.1780,0.8288,22.9969,20.4757,1004.8527,231.7031,489.3854,48938.5430,0,0,-0.0002,0.2533,0.3230,0.1037,349,0.8333,0.1667,3.1261,1730.0361,wave,0.2325,0.4366,1.5587,0.0000,1.0000,0.0000,52.2644,15,1345.1083,0.2151,1.3123,5,0,101214.2344,3.6354,0.0000,3.6354,0.7819,0.9394,0.0000,1.5097,11360.8184,92,6.5964,0.0000,0.0000,0.0000,432306.7500,36.2188,35453.9297,62.9961,46981
43,320,LosAngeles_Small,train,MAPPER,3600,25,96,76,0.7917,1.0000,0.0000,727.2500,51.9464,0.5790,3.0995,307.5526,434.7470,1309.3752,0.8515,22.9969,20.4757,1004.8527,231.7031,234.8438,23484.3750,0,0,-0.0001,0.0050,0.0439,0.0026,322,0.7917,0.2083,3.1265,1730.0361,wave,0.1991,0.3637,1.5587,0.0000,1.0000,0.0000,45.6776,15,1345.1239,0.2154,1.3157,4,1,99512.5156,3.3542,0.0000,3.3542,0.7967,1.0076,0.0000,1.5027,10946.1748,85,7.6832,0.0000,0.0000,0.0000,178271.5000,16.0000,9549.5059,78.7986,22545
43,320,LosAngeles_Small,train,MAPPO,3600,25,96,77,0.8021,1.0000,0.0000,691.8052,49.4147,0.5965,3.0980,317.5584,399.3977,1328.4131,0.8366,22.9969,20.4757,1004.4353,232.9088,185.0000,18500.0000,0,0,0.0000,0.0471,0.0000,0.0207,320,0.8280,0.1720,3.1261,1730.0361,wave,0.1667,0.3130,1.5433,0.0000,1.0000,0.0000,51.8758,15,1345.1178,0.2161,1.3639,4,1,102287.8125,3.3333,0.0000,3.3333,0.8337,1.0406,0.0000,1.5686,13887.1514,91,2.6514,0.0000,0.0000,0.0000,128139.3828,11.2188,3538.8650,91.2774,17760
43,321,LosAngeles_Medium,train,IPPO,3600,50,176,128,0.7273,1.0000,0.0000,951.5703,31.7190,0.6162,3.0861,563.1250,475.8571,2286.1755,0.8120,47.3483,44.3415,1868.0085,245.0748,1480.5568,74027.8438,0,0,-0.0001,0.3304,0.3022,0.1207,662,0.7273,0.2727,3.1411,3459.5078,wave,0.2109,0.3965,1.6138,0.0000,1.0000,0.0000,105.8899,17,2671.6304,0.1842,1.1248,4,0,292630.4688,3.7614,0.0000,3.7614,0.7362,2.0084,0.0000,1.6206,21947.4004,175,3.1295,0.0000,0.0000,0.0000,1402728.8750,36.9091,233214.7031,77.6471,260578
43,321,LosAngeles_Medium,train,MAPPER,3600,50,176,113,0.6420,1.0000,0.0000,987.4779,32.9159,0.6192,3.0855,558.2478,513.5338,2307.1472,0.8266,47.3483,44.3415,1868.0085,245.0748,1129.4602,56473.0078,0,0,-0.0002,0.0565,0.0576,0.0100,647,0.6420,0.3580,3.1409,3459.5078,wave,0.2367,0.4452,1.6138,0.0000,1.0000,0.0000,96.8184,17,2671.7747,0.1846,1.2275,4,0,260707.6406,3.6761,0.0000,3.6761,0.6226,1.9239,0.0000,1.7872,27357.6543,191,3.6901,0.0000,0.0000,0.0000,1021880.2500,24.3636,151133.7188,163.1683,198785
43,321,LosAngeles_Medium,train,MAPPO,3600,50,176,116,0.6591,1.0000,0.0000,951.2759,27.1793,0.7129,3.0821,528.3879,507.3795,2242.6475,0.8489,47.3483,44.2792,1784.9987,264.3187,790.8807,39544.0352,0,0,0.0000,0.0102,0.0000,0.0096,518,0.7389,0.2611,3.1399,3459.5078,wave,0.2129,0.3992,1.5977,0.0000,1.0000,0.0000,79.8585,17,2671.8022,0.1859,1.2117,4,1,260147.1094,2.9432,0.0000,2.9432,0.6821,2.0533,0.0000,1.6454,33294.6406,202,3.6465,0.0000,0.0000,0.0000,656070.7500,41.4318,66017.5859,280.9733,139195
43,322,Paris_Small,train,IPPO,3600,25,95,86,0.9053,1.0000,0.0000,658.3256,54.8605,0.5084,3.0300,307.0465,372.7609,1150.2882,0.7493,23.6788,22.3870,971.6146,297.9873,1078.4736,107847.3672,0,0,-0.0001,0.1789,0.3372,0.0839,345,0.9053,0.0947,3.0491,1729.2400,wave,0.2395,0.4479,1.6264,0.0000,1.0000,0.0000,76.9889,14,1359.3781,0.2140,1.1194,6,0,98924.7891,3.6316,0.0000,3.6316,0.8973,0.9831,0.0000,1.2335,5331.5039,51,1.9878,0.0000,0.0000,0.0000,1014417.4375,26.1789,81203.3516,159.6486,102455
43,322,Paris_Small,train,MAPPER,3600,25,95,78,0.8211,1.0000,0.0000,668.1923,51.3994,0.5446,3.0284,271.4744,449.6747,1124.5579,0.8285,23.6788,22.3870,972.2419,301.0436,797.2421,79724.2109,0,0,-0.0004,0.1225,0.0519,0.0116,311,0.8298,0.1702,3.0480,1729.2400,wave,0.2726,0.5122,1.6368,0.0000,1.0000,0.0000,46.5628,14,1359.4414,0.2138,1.2438,6,0,87715.5156,3.2737,0.0000,3.2737,0.8383,1.0128,0.0000,1.4046,9239.1934,73,2.2673,0.0000,0.0000,0.0000,724290.7500,18.2000,43796.8477,263.2747,75738
43,322,Paris_Small,train,MAPPO,3600,25,95,83,0.8737,1.0000,0.0000,636.6265,48.9713,0.5435,3.0277,279.6627,373.6180,1175.2427,0.8405,23.6788,22.2097,969.1273,305.8348,497.1474,49714.7383,0,0,0.0000,0.0002,0.0000,0.0010,324,0.9022,0.0978,3.0491,1729.2400,wave,0.2149,0.3924,1.6321,0.0000,1.0000,0.0000,44.6141,14,1359.4308,0.2139,1.2018,5,1,97545.1406,3.4105,0.0000,3.4105,0.8664,0.9837,0.0000,1.2938,7693.2339,66,2.1864,0.0000,0.0000,0.0000,426664.1562,12.7579,10320.7207,318.0284,47229
43,323,Paris_Medium,train,IPPO,3600,50,170,123,0.7235,1.0000,0.0000,843.0975,31.2258,0.5547,3.0345,471.2602,471.8289,1940.7284,0.8236,47.0108,43.4466,1781.6930,246.7244,3008.6118,150430.5938,0,0,-0.0001,0.2494,0.3089,0.1041,658,0.7235,0.2765,3.0657,3458.1050,wave,0.2871,0.5521,1.6221,0.0000,1.0000,0.0000,83.1145,15,2738.2581,0.1217,1.0129,6,0,238709.5938,3.8706,0.0000,3.8706,0.7119,1.7714,0.0000,1.2896,13736.9834,115,3.0330,0.0000,0.0000,0.0000,2867176.2500,39.8941,442389.0625,264.8904,511464
43,323,Paris_Medium,train,MAPPER,3600,50,170,117,0.6882,1.0000,0.0000,891.9231,31.8544,0.5771,3.0339,490.3163,479.7971,2038.8453,0.8316,47.0108,43.4466,1772.4772,246.4141,1351.8529,67592.6484,0,0,-0.0005,0.0373,0.0664,0.0082,617,0.6923,0.3077,3.0659,3458.1050,wave,0.2321,0.4334,1.6230,0.0000,1.0000,0.0000,82.5472,15,2738.3491,0.1220,1.0070,4,0,238544.9062,3.6294,0.0000,3.6294,0.6677,1.7467,0.0000,1.2505,11787.5547,125,2.9122,0.0000,0.0000,0.0000,1227829.3750,28.8059,146157.5156,368.0820,229815
43,323,Paris_Medium,train,MAPPO,3600,50,170,115,0.6765,1.0000,0.0000,861.8870,27.8028,0.6316,3.0307,489.4174,471.3680,2027.4985,0.8285,47.0108,42.9454,1797.2705,256.3261,951.9000,47595.0039,0,0,-0.0000,0.0347,0.0000,0.0177,528,0.7372,0.2628,3.0649,3458.1050,wave,0.2778,0.5155,1.6436,0.0000,1.0000,0.0000,83.9177,15,2738.3174,0.1232,1.0674,4,0,233162.3281,3.1059,0.0000,3.1059,0.6764,1.8000,0.0000,1.3720,19325.3750,137,3.3351,0.0000,0.0000,0.0000,848450.0625,30.4588,59139.1992,500.5749,161823
44,324,Tokyo_Small,train,IPPO,3600,7,97,78,0.8041,1.0000,0.0000,856.1795,214.0449,0.5977,3.0753,360.6795,499.6219,1422.0389,0.7885,29.5290,27.8667,972.5541,263.7654,274.0722,27407.2168,0,0,-0.0001,0.8194,0.6931,0.2216,397,0.8041,0.1959,3.0750,1675.7681,uniform,0.1735,0.3233,1.6792,0.0000,1.0000,0.0000,76.2717,15,1316.6309,0.0430,1.1742,4,1,110919.0391,4.0928,0.0000,4.0928,0.8755,1.0178,0.0000,1.3688,8574.8545,68,1.2519,0.0000,0.0000,0.0000,218754.7656,22.1649,16309.0850,50.6209,26585
44,324,Tokyo_Small,train,MAPPER,3600,7,97,69,0.7113,1.0000,0.0000,820.9855,205.2464,0.6407,3.0752,339.0000,509.5000,1400.2775,0.8261,29.5290,27.8667,972.5541,263.7654,233.8351,23383.5059,0,0,-0.0031,0.6298,0.6931,0.1363,376,0.7113,0.2887,3.0757,1675.7681,uniform,0.2309,0.4190,1.6792,0.0000,1.0000,0.0000,58.9445,15,1316.6405,0.0435,1.1143,4,1,96619.1406,3.8763,0.0000,3.8763,0.7711,1.0134,0.0000,1.3820,8735.5498,73,1.4414,0.0000,0.0000,0.0000,177545.2812,13.4227,9444.3564,80.1820,22682
44,324,Tokyo_Small,train,MAPPO,3600,7,97,71,0.7320,1.0000,0.0000,836.8873,209.2218,0.6165,3.0739,349.5493,494.3867,1446.6277,0.8277,29.5290,27.8667,972.5541,263.7654,229.3814,22938.1445,0,0,-0.0007,2.0670,0.6931,0.2689,353,0.7320,0.2680,3.0742,1675.7681,uniform,0.2333,0.4690,1.6792,0.0000,1.0000,0.0000,60.2238,15,1316.5869,0.0433,1.1651,6,1,102710.5625,3.6392,0.0000,3.6392,0.8005,1.0224,0.0000,1.3171,7827.0073,65,2.5181,0.0000,0.0000,0.0000,173013.8125,12.5052,7215.0869,98.6329,22250
44,325,Tokyo_Medium,train,IPPO,3600,14,164,128,0.7805,1.0000,0.0000,934.8359,133.5480,0.5614,3.0630,498.4453,498.8658,2090.4368,0.8388,58.3356,55.4861,1813.8425,269.3053,653.4695,32673.4766,0,0,-0.0001,0.5857,0.6931,0.2102,612,0.7805,0.2195,3.0641,3353.9187,uniform,0.2042,0.3776,1.6014,0.0000,1.0000,0.0000,80.3580,14,2617.4031,0.0243,1.0182,3,1,267575.9062,3.7317,0.0000,3.7317,0.7181,1.5832,0.0000,1.2632,13964.3779,105,1.1921,0.0000,0.0000,0.0000,559854.2500,24.8902,80490.9766,69.0575,107169
44,325,Tokyo_Medium,train,MAPPER,3600,14,164,124,0.7561,1.0000,0.0000,983.4919,140.4989,0.5258,3.0617,534.3145,520.4015,2275.6057,0.8518,58.3356,55.4861,1813.8425,269.3053,524.8354,26241.7676,0,0,-0.0024,0.3501,0.6929,0.1169,608,0.7561,0.2439,3.0630,3353.9187,uniform,0.1917,0.3734,1.6014,0.0000,1.0000,0.0000,79.1934,14,2617.4585,0.0238,0.9614,4,1,282175.1250,3.7073,0.0000,3.7073,0.7941,1.8072,0.0000,1.2797,14546.5625,105,1.3746,0.0000,0.0000,0.0000,433406.1875,20.6829,51610.8125,118.7084,86073
44,325,Tokyo_Medium,train,MAPPO,3600,14,164,109,0.6646,1.0000,0.0000,1105.2385,110.5238,0.7351,3.0590,515.0734,692.1923,2178.1438,0.8458,58.3356,55.4861,1813.8425,269.3053,645.2622,32263.1094,0,0,-0.0015,0.6221,0.6924,0.2263,663,0.6646,0.3354,3.0616,3353.9187,uniform,0.2255,0.4203,1.6014,0.0000,1.0000,0.0000,79.4446,14,2617.2976,0.0242,1.1627,3,1,237417.6719,4.0427,0.0000,4.0427,0.6866,1.7777,0.0000,1.3699,23577.4883,192,2.8346,0.0000,0.0000,0.0000,549419.5000,21.9939,60683.5781,179.3997,105823
44,326,LosAngeles_Small,train,IPPO,3600,7,88,82,0.9318,1.0000,0.0000,611.9390,203.9797,0.4490,3.0748,293.6097,324.3294,1212.1292,0.8257,23.3671,21.4725,860.3508,229.2797,189.6364,18963.6367,0,0,-0.0001,0.4108,0.6931,0.1581,320,0.9318,0.0682,3.0803,1674.6233,uniform,0.2203,0.4110,1.6972,0.0000,1.0000,0.0000,51.1839,14,1297.3739,0.0465,1.0604,5,0,99394.5859,3.6364,0.0000,3.6364,0.9409,0.9189,0.0000,1.7439,10956.9492,48,1.1104,0.0000,0.0000,0.0000,128595.8516,19.1818,8477.5400,32.2613,16688
44,326,LosAngeles_Small,train,MAPPER,3600,7,88,82,0.9318,1.0000,0.0000,627.1342,313.5671,0.3878,3.0752,305.6951,336.3721,1189.9974,0.7786,23.3671,21.4725,860.3508,229.2797,190.1705,19017.0449,0,0,-0.0025,0.2222,0.6921,0.0847,299,0.9318,0.0682,3.0808,1674.6233,uniform,0.2683,0.4921,1.6972,0.0000,1.0000,0.0000,67.6956,13,1297.2286,0.0462,1.0808,6,0,97579.7891,3.3977,0.0000,3.3977,0.9370,0.9151,0.0000,1.2678,5556.1895,49,1.0807,0.0000,0.0000,0.0000,128722.6250,10.5455,6937.4580,49.8893,16735
44,326,LosAngeles_Small,train,MAPPO,3600,7,88,79,0.8977,1.0000,0.0000,610.8987,203.6329,0.5627,3.0728,261.6329,384.3494,1132.4706,0.8657,23.3671,21.4725,860.3508,229.2797,182.2386,18223.8633,0,0,-0.0036,0.1642,0.6907,0.0912,313,0.8977,0.1023,3.0790,1674.6233,uniform,0.2899,0.5233,1.6972,0.0000,1.0000,0.0000,35.1388,14,1297.4597,0.0464,1.2149,5,0,89465.1797,3.5568,0.0000,3.5568,0.8900,0.9022,0.0000,1.9338,19589.7500,61,1.2204,0.0000,0.0000,0.0000,119157.3047,9.6250,4700.2979,65.7462,16037
44,327,LosAngeles_Medium,train,IPPO,3600,14,160,132,0.8250,1.0000,0.0000,1015.4318,126.9290,0.5729,3.0779,581.2803,465.6622,2331.9624,0.8024,46.9167,44.9490,1877.3193,225.5852,574.7938,28739.6875,0,0,-0.0002,0.4570,0.6931,0.1685,606,0.8250,0.1750,3.0728,3352.1077,uniform,0.2210,0.4215,1.5601,0.0000,1.0000,0.0000,114.8878,18,2604.8486,0.0295,0.9751,5,1,307819.0625,3.7875,0.0000,3.7875,0.8688,1.8634,0.0000,1.3771,16740.3379,127,1.6055,0.0000,0.0000,0.0000,482587.7500,30.4062,67210.7891,62.5225,91967
44,327,LosAngeles_Medium,train,MAPPER,3600,14,160,123,0.7688,1.0000,0.0000,979.7398,122.4675,0.6187,3.0775,545.2520,485.9507,2272.4111,0.8335,46.9167,44.9490,1877.3193,225.5852,573.5687,28678.4375,0,0,-0.0024,0.2929,0.6915,0.1134,581,0.7688,0.2312,3.0722,3352.1077,uniform,0.2263,0.4169,1.5601,0.0000,1.0000,0.0000,90.7698,18,2604.8911,0.0294,1.0410,4,1,279506.5625,3.6312,0.0000,3.6312,0.7279,1.6754,0.0000,1.3718,18872.2617,138,1.5086,0.0000,0.0000,0.0000,478402.4062,18.0063,61358.3984,94.9145,91771
44,327,LosAngeles_Medium,train,MAPPO,3600,14,160,122,0.7625,1.0000,0.0000,991.0656,110.1184,0.6572,3.0752,535.7541,548.2028,2295.9634,0.8571,46.9167,44.9490,1877.3193,225.5852,468.7437,23437.1875,0,0,-0.0066,0.3485,0.6840,0.1584,576,0.7625,0.2375,3.0707,3352.1077,uniform,0.1667,0.3233,1.5601,0.0000,1.0000,0.0000,76.5614,18,2604.8855,0.0289,1.0259,3,1,280107.5312,3.6000,0.0000,3.6000,0.7222,1.6759,0.0000,1.4220,17503.1172,173,1.3825,0.0000,0.0000,0.0000,373437.5625,23.5438,37437.1094,139.4577,74999
44,328,Paris_Small,train,IPPO,3600,7,90,89,0.9889,1.0000,0.0000,605.8764,302.9382,0.3862,3.0577,283.9775,321.8778,1105.7222,0.7787,24.0105,22.6638,917.0529,235.5383,418.1555,41815.5547,0,0,-0.0002,0.3882,0.6930,0.1442,298,0.9889,0.0111,3.0548,1675.3219,uniform,0.1818,0.3369,1.5776,0.0000,1.0000,0.0000,62.8331,12,1334.0353,0.0371,1.0464,6,1,98409.2734,3.3111,0.0000,3.3111,0.9891,0.8327,0.0000,1.2971,4065.0828,42,1.0548,0.0000,0.0000,0.0000,339100.5625,16.7111,22539.1152,88.6683,37634
44,328,Paris_Small,train,MAPPER,3600,7,90,85,0.9444,1.0000,0.0000,634.2000,211.4000,0.4738,3.0541,263.3529,371.4204,1111.8386,0.8444,24.0105,22.6638,917.0529,235.5383,413.8445,41384.4453,0,0,-0.0018,0.3586,0.6897,0.0908,312,0.9444,0.0556,3.0511,1675.3219,uniform,0.1939,0.3576,1.5776,0.0000,1.0000,0.0000,40.9852,12,1333.9913,0.0362,1.1238,5,1,94506.2812,3.4667,0.0000,3.4667,0.9508,0.8382,0.0000,1.2793,6092.5942,50,1.2351,0.0000,0.0000,0.0000,334989.0625,11.3667,17082.5996,145.1850,37246
44,328,Paris_Small,train,MAPPO,3600,7,90,87,0.9667,1.0000,0.0000,608.6092,202.8697,0.4950,3.0549,263.6667,343.4556,1118.2671,0.8482,24.0105,22.6638,917.0529,235.5383,360.8778,36087.7773,0,0,-0.0084,0.1276,0.6725,0.0880,315,0.9667,0.0333,3.0508,1675.3219,uniform,0.1989,0.3600,1.5776,0.0000,1.0000,0.0000,40.0132,12,1334.0314,0.0371,1.1616,5,1,97289.2344,3.5000,0.0000,3.5000,0.9804,0.8444,0.0000,1.2746,4853.7134,54,1.2191,0.0000,0.0000,0.0000,292435.1562,7.6556,11292.3311,166.9674,32479
44,329,Paris_Medium,train,IPPO,3600,14,162,137,0.8457,1.0000,0.0000,943.7956,134.8279,0.5427,3.0371,599.6715,410.7161,2386.7776,0.7960,47.2259,44.3587,2004.6819,238.8377,946.0000,47300.0000,0,0,-0.0001,0.5440,0.6930,0.1894,642,0.8457,0.1543,3.0372,3353.9053,uniform,0.2079,0.4005,1.7070,0.0000,1.0000,0.0000,122.3160,15,2656.1035,0.0246,0.8627,5,1,326988.5312,3.9630,0.0000,3.9630,0.8916,2.3829,0.0000,1.2041,10689.1123,79,1.4451,0.0000,0.0000,0.0000,792659.1250,28.9568,103329.6094,154.8244,153252
44,329,Paris_Medium,train,MAPPER,3600,14,162,131,0.8086,1.0000,0.0000,913.0534,114.1317,0.6085,3.0370,563.0458,413.3566,2363.8621,0.8397,47.2259,44.3587,2004.6819,238.8377,851.4691,42573.4570,0,0,-0.0025,0.2851,0.6894,0.0937,596,0.8086,0.1914,3.0366,3353.9053,uniform,0.1772,0.3596,1.7070,0.0000,1.0000,0.0000,90.2734,15,2656.0266,0.0245,0.8301,5,1,309665.9062,3.6790,0.0000,3.6790,0.8442,2.3596,0.0000,1.2027,12854.8320,85,2.0765,0.0000,0.0000,0.0000,693177.0625,14.7963,77329.2109,215.8392,137938
44,329,Paris_Medium,train,MAPPO,3600,14,162,132,0.8148,1.0000,0.0000,938.2273,104.2475,0.6647,3.0336,567.1894,419.2632,2387.3850,0.8418,47.2259,44.3587,2004.6819,238.8377,1161.2778,58063.8906,0,0,-0.0059,0.1917,0.6434,0.1054,612,0.8148,0.1852,3.0337,3353.9053,uniform,0.1664,0.3299,1.7070,0.0000,1.0000,0.0000,89.7124,15,2656.1868,0.0252,0.9075,4,1,315134.8125,3.7778,0.0000,3.7778,0.8591,2.3831,0.0000,1.1963,11740.8125,114,1.8541,0.0000,0.0000,0.0000,970462.8125,22.6173,99026.9766,359.1884,188127
44,330,Tokyo_Small,train,IPPO,3600,10,92,67,0.7283,1.0000,0.0000,668.9552,167.2388,0.4570,3.0779,299.9254,371.1408,1230.5038,0.8205,29.1986,26.7307,935.6975,278.2612,377.9348,37793.4766,0,0,-0.0001,0.6787,0.6929,0.2201,343,0.7283,0.2717,3.0751,1675.9650,uniform,0.2666,0.4836,1.5610,0.0000,1.0000,0.0000,53.8246,15,1319.6300,0.0437,1.0717,4,0,82443.7500,3.7283,0.0000,3.7283,0.6973,0.8411,0.0000,1.4667,11902.9492,45,1.3542,0.0000,0.0000,0.0000,303256.0312,17.7826,22244.9160,61.4654,34770
44,330,Tokyo_Small,train,MAPPER,3600,10,92,76,0.8261,1.0000,0.0000,685.5000,137.1000,0.5329,3.0752,284.3158,473.5454,1206.0697,0.8484,29.1986,26.7307,935.6975,278.2612,280.0761,28007.6094,0,0,-0.0035,0.3436,0.6856,0.0904,351,0.8261,0.1739,3.0736,1675.9650,uniform,0.2341,0.4300,1.5610,0.0000,1.0000,0.0000,43.1019,15,1319.5823,0.0446,1.1359,5,1,91661.2969,3.8152,0.0000,3.8152,0.7977,0.8482,0.0000,1.2026,4822.0688,50,1.4056,0.0000,0.0000,0.0000,215243.6094,13.3261,12329.7002,81.2269,25767
44,330,Tokyo_Small,train,MAPPO,3600,10,92,84,0.9130,1.0000,0.0000,666.0000,133.2000,0.5078,3.0733,285.7857,391.1882,1222.4691,0.8555,29.1986,26.7307,935.6975,278.2612,258.7391,25873.9121,0,0,-0.0083,0.1096,0.6161,0.0794,322,0.9130,0.0870,3.0701,1675.9650,uniform,0.1508,0.3113,1.5610,0.0000,1.0000,0.0000,41.2919,15,1319.5712,0.0431,1.1044,5,0,102687.4062,3.5000,0.0000,3.5000,0.9416,0.9059,0.0000,1.2474,5944.3613,58,1.8307,0.0000,0.0000,0.0000,195091.0000,12.1630,6586.4360,123.5021,23804
44,331,Tokyo_Medium,train,IPPO,3600,20,159,138,0.8679,1.0000,0.0000,878.5724,79.8702,0.5974,3.0746,530.6957,375.6579,2203.4097,0.8304,57.8652,56.2786,1760.9459,287.9160,1088.5724,54428.6172,0,0,-0.0001,0.3260,0.6929,0.1402,588,0.8679,0.1321,3.0745,3350.6924,uniform,0.2120,0.3984,1.6678,0.0000,1.0000,0.0000,90.0137,16,2627.7185,0.0294,0.8699,5,0,304070.5312,3.6981,0.0000,3.6981,0.8781,1.8259,0.0000,1.1792,9201.2227,82,1.5522,0.0000,0.0000,0.0000,948708.5000,24.6101,136347.7031,91.1785,173083
44,331,Tokyo_Medium,train,MAPPER,3600,20,159,130,0.8176,1.0000,0.0000,981.8307,81.8192,0.6328,3.0740,509.8385,496.4857,2215.7954,0.8692,57.8652,56.2786,1760.9459,287.9160,757.9371,37896.8555,0,0,-0.0036,0.2921,0.6835,0.0834,594,0.8176,0.1824,3.0743,3350.6924,uniform,0.1598,0.3102,1.6678,0.0000,1.0000,0.0000,66.6794,16,2627.8706,0.0288,1.0543,4,1,288053.4062,3.7358,0.0000,3.7358,0.8566,1.8906,0.0000,1.3136,16583.5566,133,2.3446,0.0000,0.0000,0.0000,620081.0000,14.7296,76776.8672,137.2107,120512
44,331,Tokyo_Medium,train,MAPPO,3600,20,159,133,0.8365,1.0000,0.0000,953.1955,73.3227,0.6748,3.0719,509.2331,468.7972,2181.5652,0.8568,57.8652,56.2786,1760.9459,287.9160,708.0000,35400.0000,0,0,-0.0075,0.1738,0.5547,0.0962,573,0.8365,0.1635,3.0727,3350.6924,uniform,0.1803,0.3503,1.6678,0.0000,1.0000,0.0000,72.9200,16,2627.7729,0.0283,1.0959,4,1,290148.1875,3.6038,0.0000,3.6038,0.8496,1.8329,0.0000,1.3794,20801.2891,168,1.4962,0.0000,0.0000,0.0000,570227.1250,17.3396,60294.8945,191.0169,112572
44,332,LosAngeles_Small,train,IPPO,3600,10,92,83,0.9022,1.0000,0.0000,582.0000,116.4000,0.5060,3.0903,264.5904,329.6704,1147.9368,0.8677,23.3451,22.2008,829.5862,229.0358,348.1087,34810.8711,0,0,-0.0002,0.2546,0.6928,0.1252,358,0.9022,0.0978,3.0926,1677.8289,uniform,0.2406,0.4445,1.6935,0.0000,1.0000,0.0000,35.0030,14,1314.4822,0.0475,1.0872,6,1,95278.7578,3.8913,0.0000,3.8913,0.8674,0.8720,0.0000,1.4962,8497.3145,58,1.8005,0.0000,0.0000,0.0000,276589.4062,20.7065,20157.4004,57.4902,32026
44,332,LosAngeles_Small,train,MAPPER,3600,10,92,77,0.8370,1.0000,0.0000,671.1948,134.2390,0.5381,3.0886,272.5065,412.9630,1183.0197,0.8683,23.3451,22.2008,829.5862,229.0358,377.0761,37707.6094,0,0,-0.0046,0.3054,0.6759,0.0907,368,0.8370,0.1630,3.0905,1677.8289,uniform,0.2662,0.4791,1.6935,0.0000,1.0000,0.0000,35.9026,14,1314.5172,0.0479,1.1607,5,0,91092.5078,4.0000,0.0000,4.0000,0.8506,0.9218,0.0000,1.4655,8695.8848,65,1.5799,0.0000,0.0000,0.0000,276978.7500,12.8913,16468.5801,97.9755,34691
44,332,LosAngeles_Small,train,MAPPO,3600,10,92,80,0.8696,1.0000,0.0000,550.3125,183.4375,0.3793,3.0902,269.2250,293.8588,1160.2124,0.8619,23.3451,22.2008,829.5862,229.0358,193.0109,19301.0879,0,0,-0.0083,0.1738,0.5191,0.0939,348,0.8696,0.1304,3.0939,1677.8289,uniform,0.1810,0.3387,1.6935,0.0000,1.0000,0.0000,37.1825,14,1314.5192,0.0486,1.1933,5,1,92816.9922,3.7826,0.0000,3.7826,0.8590,0.8959,0.0000,1.3888,6325.1509,67,1.2806,0.0000,0.0000,0.0000,132808.0312,6.4891,5938.2012,68.2642,17757
44,333,LosAngeles_Medium,train,IPPO,3600,20,162,134,0.8272,1.0000,0.0000,1031.2090,85.9341,0.6227,3.1035,619.1866,449.9932,2539.3999,0.8202,47.0523,45.0333,2079.0645,259.4908,812.1481,40607.4062,0,0,-0.0003,0.7186,0.6926,0.2228,629,0.8272,0.1728,3.0988,3348.3643,uniform,0.2251,0.4651,1.7345,0.0000,1.0000,0.0000,111.3066,17,2614.3386,0.0407,1.0033,6,0,340279.5938,3.8827,0.0000,3.8827,0.8436,2.4137,0.0000,1.3799,19574.3867,136,1.7704,0.0000,0.0000,0.0000,676102.1875,31.7840,96374.6094,81.1996,131568
44,333,LosAngeles_Medium,train,MAPPER,3600,20,162,112,0.6914,1.0000,0.0000,1014.5893,101.4589,0.5009,3.1055,611.3839,467.7054,2557.4905,0.8366,47.0523,45.0333,2079.0645,259.4908,660.9074,33045.3711,0,0,-0.0036,0.3819,0.6720,0.1175,649,0.6914,0.3086,3.1001,3348.3643,uniform,0.2023,0.3830,1.7345,0.0000,1.0000,0.0000,99.8858,17,2614.3567,0.0412,0.9753,3,0,286438.9375,4.0062,0.0000,4.0062,0.7338,2.5122,0.0000,1.3890,17738.5117,123,1.9431,0.0000,0.0000,0.0000,541043.4375,15.6296,69730.2188,110.6121,107067
44,333,LosAngeles_Medium,train,MAPPO,3600,20,162,123,0.7593,1.0000,0.0000,1041.3008,74.3786,0.7213,3.1015,586.5366,534.1844,2529.0884,0.8624,47.0523,45.0333,2079.0645,259.4908,539.7346,26986.7285,0,0,-0.0077,0.3920,0.4107,0.1398,624,0.7593,0.2407,3.0977,3348.3643,uniform,0.2104,0.4122,1.7345,0.0000,1.0000,0.0000,80.7189,17,2614.4714,0.0402,1.0640,5,0,311077.8750,3.8519,0.0000,3.8519,0.7713,2.4041,0.0000,1.4010,21109.0625,185,3.6983,0.0000,0.0000,0.0000,431982.1250,30.9321,42342.0430,170.6138,87437
44,334,Paris_Small,train,IPPO,3600,10,95,92,0.9684,1.0000,0.0000,571.7391,142.9348,0.4763,3.0330,305.4239,266.4839,1195.5145,0.7829,24.0538,22.1676,968.1096,246.3382,408.6842,40868.4219,0,0,-0.0002,0.2780,0.6926,0.1282,343,0.9684,0.0316,3.0382,1674.9403,uniform,0.1790,0.3465,1.6677,0.0000,1.0000,0.0000,66.3210,11,1323.6583,0.0379,1.0389,6,2,109987.3359,3.6105,0.0000,3.6105,0.9866,1.0284,0.0000,1.1735,3779.5967,37,1.1837,0.0000,0.0000,0.0000,346010.2812,19.4526,24387.4805,89.3021,38825
44,334,Paris_Small,train,MAPPER,3600,10,95,84,0.8842,1.0000,0.0000,625.2857,125.0571,0.5035,3.0321,290.2024,346.6437,1181.9423,0.8146,24.0538,22.1676,968.1096,246.3382,415.9158,41591.5781,0,0,-0.0044,0.2816,0.6471,0.0669,359,0.8842,0.1158,3.0380,1674.9403,uniform,0.2135,0.3847,1.6677,0.0000,1.0000,0.0000,53.8139,11,1323.6570,0.0372,0.9276,5,1,99283.1484,3.7789,0.0000,3.7789,0.9054,1.0337,0.0000,1.1820,3788.2871,31,1.2908,0.0000,0.0000,0.0000,350365.7812,11.8947,20434.2031,135.2709,39512
44,334,Paris_Small,train,MAPPO,3600,10,95,88,0.9263,1.0000,0.0000,569.8295,113.9659,0.5096,3.0310,287.1023,308.2447,1188.7125,0.8281,24.0538,22.1676,968.1096,246.3382,346.2421,34624.2109,0,0,-0.0067,0.1303,0.3985,0.0723,330,0.9263,0.0737,3.0378,1674.9403,uniform,0.2553,0.4568,1.6677,0.0000,1.0000,0.0000,49.3598,11,1323.6609,0.0379,1.0156,6,1,104606.7031,3.4737,0.0000,3.4737,0.9372,1.0213,0.0000,1.1595,3735.4058,43,1.2898,0.0000,0.0000,0.0000,282323.4375,9.9368,11195.3232,164.4802,32893
44,335,Paris_Medium,train,IPPO,3600,20,162,148,0.9136,1.0000,0.0000,841.2027,93.4670,0.4637,3.0418,524.2230,330.6289,2095.5105,0.7995,46.7087,43.8569,1758.4150,241.6211,1147.8457,57392.2852,0,0,-0.0001,0.4457,0.6924,0.1667,620,0.9136,0.0864,3.0377,3355.9658,uniform,0.2139,0.3910,1.6782,0.0000,1.0000,0.0000,105.1208,17,2660.2546,0.0330,0.8560,5,1,310135.5312,3.8272,0.0000,3.8272,0.9531,2.1058,0.0000,1.1738,7374.4639,79,1.4250,0.0000,0.0000,0.0000,1024944.1250,26.4259,146859.7188,118.4051,185951
44,335,Paris_Medium,train,MAPPER,3600,20,162,140,0.8642,1.0000,0.0000,859.9500,71.6625,0.6052,3.0390,499.2857,387.8039,2114.2734,0.8469,46.7087,43.8569,1758.4150,241.6211,1106.1420,55307.1016,0,0,-0.0042,0.2434,0.6563,0.0606,592,0.8642,0.1358,3.0348,3355.9658,uniform,0.1648,0.3194,1.6782,0.0000,1.0000,0.0000,76.4310,17,2660.3091,0.0329,0.8932,4,1,295998.2812,3.6543,0.0000,3.6543,0.8979,2.0973,0.0000,1.1883,10023.8652,108,2.7644,0.0000,0.0000,0.0000,977957.2500,16.6605,128002.7656,187.8194,179195
44,335,Paris_Medium,train,MAPPO,3600,20,162,148,0.9136,1.0000,0.0000,793.5608,61.0431,0.6563,3.0394,490.4392,331.6397,2080.1516,0.8483,46.7087,43.8569,1758.4150,241.6211,882.5926,44129.6289,0,0,-0.0061,0.1067,0.3229,0.0688,624,0.9136,0.0864,3.0350,3355.9658,uniform,0.1779,0.3429,1.6782,0.0000,1.0000,0.0000,74.4088,17,2660.2112,0.0328,0.8932,5,1,307862.4375,3.8519,0.0000,3.8519,0.9450,2.0879,0.0000,1.1762,8830.3154,98,2.6863,0.0000,0.0000,0.0000,769748.8125,10.0000,91290.6562,206.2289,142980
44,336,Tokyo_Small,train,IPPO,3600,25,87,77,0.8851,1.0000,0.0000,615.2727,51.2727,0.5093,3.0700,274.7792,390.6988,1187.0874,0.8640,29.1309,26.7542,890.8585,270.9250,554.7701,55477.0117,0,0,-0.0002,0.2653,0.6924,0.1307,323,0.8851,0.1149,3.0718,1674.3802,uniform,0.2472,0.4454,1.6644,0.0000,1.0000,0.0000,37.3618,14,1310.7872,0.0518,1.1480,5,0,91405.7344,3.7126,0.0000,3.7126,0.8891,0.9433,0.0000,1.4020,9045.1191,58,1.9292,0.0000,0.0000,0.0000,494290.0312,20.2989,38158.7109,55.6857,48265
44,336,Tokyo_Small,train,MAPPER,3600,25,87,74,0.8506,1.0000,0.0000,671.7703,47.9836,0.5801,3.0684,278.2838,440.4051,1204.0428,0.8653,29.1309,26.7542,890.8585,270.9250,286.7356,28673.5625,0,0,-0.0056,0.2114,0.6128,0.0536,302,0.8506,0.1494,3.0698,1674.3802,uniform,0.2162,0.4063,1.6644,0.0000,1.0000,0.0000,37.4752,14,1310.8138,0.0514,1.2636,5,0,89099.1719,3.4713,0.0000,3.4713,0.8756,0.9667,0.0000,1.5081,10508.3145,74,2.3336,0.0000,0.0000,0.0000,224622.0000,11.0805,12956.5674,75.6977,24946
44,336,Tokyo_Small,train,MAPPO,3600,25,87,77,0.8851,1.0000,0.0000,606.6494,46.6653,0.5222,3.0703,277.1299,381.2771,1196.9117,0.8638,29.1309,26.7542,890.8585,270.9250,195.2299,19522.9883,0,0,-0.0081,0.1021,0.2837,0.0655,322,0.8851,0.1149,3.0721,1674.3802,uniform,0.2535,0.4562,1.6644,0.0000,1.0000,0.0000,37.7475,14,1310.7939,0.0519,1.1824,5,0,92162.2109,3.7011,0.0000,3.7011,0.8897,0.9440,0.0000,1.4142,9250.5068,69,2.0003,0.0000,0.0000,0.0000,133971.4219,7.4138,4100.1338,86.8451,16985
44,337,Tokyo_Medium,train,IPPO,3600,50,160,126,0.7875,1.0000,0.0000,958.6111,31.9537,0.6160,3.0682,549.3810,482.1370,2285.1025,0.8319,58.6423,55.2548,1889.9504,298.3004,1986.0437,99302.1875,0,0,-0.0002,0.9376,0.6921,0.2559,567,0.7875,0.2125,3.0747,3355.0933,uniform,0.2553,0.4738,1.7604,0.0000,1.0000,0.0000,92.3605,15,2626.5996,0.0296,0.9967,5,0,287922.9062,3.5438,0.0000,3.5438,0.7724,2.0724,0.0000,1.3047,18735.2109,115,2.2867,0.0000,0.0000,0.0000,1881501.2500,28.3750,283835.9375,107.5289,317767
44,337,Tokyo_Medium,train,MAPPER,3600,50,160,117,0.7312,1.0000,0.0000,1030.9829,32.2182,0.6462,3.0672,532.1624,561.6641,2277.6277,0.8560,58.6423,55.2548,1889.9504,298.3004,1084.7125,54235.6250,0,0,-0.0048,0.4144,0.6382,0.0849,560,0.7312,0.2688,3.0733,3355.0933,uniform,0.1996,0.3795,1.7604,0.0000,1.0000,0.0000,76.6369,15,2626.7537,0.0288,1.0548,4,1,266482.4375,3.5000,0.0000,3.5000,0.7890,2.2799,0.0000,1.4501,26903.7148,135,2.3568,0.0000,0.0000,0.0000,981790.8750,19.7687,128364.5938,179.5143,173554
44,337,Tokyo_Medium,train,MAPPO,3600,50,160,116,0.7250,1.0000,0.0000,963.8879,26.7747,0.7338,3.0656,518.3104,560.6132,2254.5833,0.8700,58.6423,55.2008,1897.1005,304.1379,734.4875,36724.3750,0,0,-0.0037,0.2111,0.2070,0.0872,483,0.7532,0.2468,3.0735,3355.0933,uniform,0.2328,0.4416,1.7741,0.0000,1.0000,0.0000,67.3937,15,2626.6467,0.0303,1.1414,4,0,261531.6562,3.0187,0.0000,3.0187,0.7387,2.1530,0.0000,1.3546,23811.3105,177,3.3749,0.0000,0.0000,0.0000,601871.3750,31.2188,49206.3242,294.3347,117518
44,338,LosAngeles_Small,train,IPPO,3600,25,88,78,0.8864,1.0000,0.0000,668.0897,60.7354,0.4470,3.0921,310.0769,351.9756,1270.0541,0.8192,22.9923,20.1548,914.6772,224.3345,469.9546,46995.4531,0,0,-0.0001,0.2859,0.6920,0.1396,338,0.8864,0.1136,3.0937,1676.0000,uniform,0.2299,0.4221,1.5774,0.0000,1.0000,0.0000,56.0661,18,1309.9917,0.0350,1.1159,5,0,99064.2188,3.8409,0.0000,3.8409,0.8994,0.9261,0.0000,1.4114,7179.9771,65,1.8146,0.0000,0.0000,0.0000,401950.5938,22.0909,31236.6562,46.9904,41356
44,338,LosAngeles_Small,train,MAPPER,3600,25,88,75,0.8523,1.0000,0.0000,736.7200,49.1147,0.6129,3.0881,299.4000,494.4024,1250.3859,0.8353,22.9923,20.1548,914.6772,224.3345,348.7159,34871.5898,0,0,-0.0061,0.2173,0.6019,0.0521,298,0.8523,0.1477,3.0899,1676.0000,uniform,0.3000,0.5342,1.5774,0.0000,1.0000,0.0000,49.3228,18,1310.1906,0.0363,1.3217,5,0,93778.9375,3.3864,0.0000,3.3864,0.9069,0.9711,0.0000,1.5898,20056.4727,77,2.5432,0.0000,0.0000,0.0000,278613.6250,15.3977,16433.5664,91.8705,30687
44,338,LosAngeles_Small,train,MAPPO,3600,25,88,75,0.8523,1.0000,0.0000,635.5600,48.8892,0.5299,3.0911,292.8133,378.9762,1257.9956,0.8592,22.9923,20.1548,914.6772,224.3345,203.8295,20382.9551,0,0,-0.0077,0.1037,0.1963,0.0664,319,0.8523,0.1477,3.0928,1676.0000,uniform,0.2501,0.4600,1.5774,0.0000,1.0000,0.0000,41.2142,18,1309.9355,0.0348,1.2436,5,0,94349.6719,3.6250,0.0000,3.6250,0.8615,0.9226,0.0000,1.4128,9285.6660,62,6.7274,0.0000,0.0000,0.0000,138153.9844,5.8750,4754.0171,84.1330,17937
44,339,LosAngeles_Medium,train,IPPO,3600,50,164,132,0.8049,1.0000,0.0000,961.5530,30.0485,0.6494,3.1062,565.4015,443.6577,2303.9487,0.8150,46.2402,42.2922,1773.8173,258.0299,1552.2012,77610.0547,0,0,-0.0001,0.4732,0.6918,0.1801,625,0.8049,0.1951,3.0998,3355.4734,uniform,0.2164,0.4215,1.6149,0.0000,1.0000,0.0000,104.6118,18,2624.5447,0.0465,1.0577,6,1,304121.2188,3.8110,0.0000,3.8110,0.8436,1.9073,0.0000,1.4745,23011.9473,145,2.3450,0.0000,0.0000,0.0000,1452710.3750,34.2195,225371.5469,78.4957,254561
44,339,LosAngeles_Medium,train,MAPPER,3600,50,164,125,0.7622,1.0000,0.0000,1022.2080,30.0649,0.6987,3.1050,531.8400,532.4965,2266.5232,0.8523,46.2402,42.2922,1773.8173,258.0299,845.3597,42267.9922,0,0,-0.0049,0.1654,0.6074,0.0565,605,0.7622,0.2378,3.0984,3355.4734,uniform,0.2471,0.4743,1.6149,0.0000,1.0000,0.0000,78.5354,18,2624.7695,0.0460,1.1303,5,0,283315.3750,3.6890,0.0000,3.6890,0.7678,1.8331,0.0000,1.4692,26656.2715,178,4.3699,0.0000,0.0000,0.0000,743339.7500,24.7012,98903.5391,140.2717,138639
44,339,LosAngeles_Medium,train,MAPPO,3600,50,164,129,0.7866,1.0000,0.0000,983.0698,26.5695,0.7564,3.1032,525.4496,529.3586,2248.6479,0.8559,46.2402,42.2922,1783.6191,261.9719,492.3597,24617.9883,0,0,-0.0046,0.0909,0.1269,0.0615,619,0.7963,0.2037,3.0968,3355.4734,uniform,0.2435,0.4479,1.6180,0.0000,1.0000,0.0000,75.7200,18,2624.6494,0.0471,1.1772,4,0,290075.5938,3.7744,0.0000,3.7744,0.7929,1.8344,0.0000,1.5156,32921.4883,227,3.6675,0.0000,0.0000,0.0000,392537.0312,22.7378,33616.6875,187.5596,80747
44,340,Paris_Small,train,IPPO,3600,25,88,83,0.9432,1.0000,0.0000,476.8434,52.9826,0.3761,3.0292,248.2410,231.4186,1041.3184,0.8390,23.5444,20.6530,841.3763,213.9793,732.4318,73243.1797,0,0,-0.0000,0.2156,0.6918,0.1161,314,0.9432,0.0568,3.0371,1676.0969,uniform,0.2189,0.4140,1.6460,0.0000,1.0000,0.0000,39.9773,14,1328.6417,0.0567,1.0317,5,1,86429.4219,3.5682,0.0000,3.5682,0.9398,0.8110,0.0000,1.1883,4023.7363,23,1.3558,0.0000,0.0000,0.0000,669655.1875,16.6818,52057.9531,78.0895,64454
44,340,Paris_Small,train,MAPPER,3600,25,88,82,0.9318,1.0000,0.0000,556.3049,55.6305,0.4391,3.0271,253.9756,308.4353,1061.8567,0.8362,23.5444,20.6530,841.3763,213.9793,402.4773,40247.7266,0,0,-0.0038,0.2192,0.5653,0.0406,320,0.9318,0.0682,3.0354,1676.0969,uniform,0.2334,0.4274,1.6460,0.0000,1.0000,0.0000,41.6043,14,1328.6770,0.0561,1.0725,6,1,87072.2500,3.6364,0.0000,3.6364,0.9342,0.8160,0.0000,1.1721,3202.9231,38,1.8332,0.0000,0.0000,0.0000,337352.7188,8.8750,19647.2559,114.0906,35418
44,340,Paris_Small,train,MAPPO,3600,25,88,84,0.9545,1.0000,0.0000,444.8690,55.6086,0.3459,3.0297,246.8810,201.8523,1040.3660,0.8428,23.5444,20.6530,841.3763,213.9793,219.2045,21920.4551,0,0,-0.0047,0.0662,0.1308,0.0513,321,0.9545,0.0455,3.0375,1676.0969,uniform,0.2468,0.4647,1.6460,0.0000,1.0000,0.0000,38.8078,14,1328.6270,0.0566,0.9910,7,1,87390.7344,3.6477,0.0000,3.6477,0.9429,0.8040,0.0000,1.1598,2230.3821,27,1.3479,0.0000,0.0000,0.0000,160821.8906,4.7841,4478.0249,109.9370,19290
44,341,Paris_Medium,train,IPPO,3600,50,155,136,0.8774,1.0000,0.0000,966.4117,32.2137,0.6150,3.0332,512.2059,486.8389,2010.4935,0.7850,46.9979,43.8822,1676.9116,266.6053,3183.1614,159158.0625,0,0,-0.0002,0.2298,0.6914,0.1191,613,0.8774,0.1226,3.0285,3349.4360,uniform,0.2154,0.4328,1.6521,0.0000,1.0000,0.0000,110.1072,13,2651.5369,0.0323,1.0216,6,0,273427.1250,3.9548,0.0000,3.9548,0.9103,1.9825,0.0000,1.2560,14180.9268,106,2.7172,0.0000,0.0000,0.0000,3037649.0000,33.6774,437587.0938,214.5091,493390
44,341,Paris_Medium,train,MAPPER,3600,50,155,126,0.8129,1.0000,0.0000,955.1031,29.8470,0.6563,3.0318,466.9683,529.0851,1940.7919,0.8312,46.9979,43.8822,1676.9116,266.6053,1470.0839,73504.1953,0,0,-0.0054,0.2847,0.5617,0.0517,588,0.8129,0.1871,3.0273,3349.4360,uniform,0.1849,0.3658,1.6521,0.0000,1.0000,0.0000,78.8099,13,2651.7190,0.0323,1.0675,5,1,244539.7812,3.7935,0.0000,3.7935,0.8124,1.9098,0.0000,1.2456,12727.6699,140,3.6741,0.0000,0.0000,0.0000,1296275.0000,21.4387,144898.6562,361.4482,227863
44,341,Paris_Medium,train,MAPPO,3600,50,155,127,0.8194,1.0000,0.0000,926.2913,26.4655,0.7191,3.0310,470.6063,507.0140,1969.6417,0.8371,46.9979,43.8822,1680.4932,266.9104,966.8323,48341.6172,0,0,-0.0030,0.0492,0.0759,0.0449,605,0.8247,0.1753,3.0270,3349.4360,uniform,0.2059,0.4054,1.6517,0.0000,1.0000,0.0000,76.6779,13,2651.7253,0.0318,1.1072,5,1,250144.5000,3.9032,0.0000,3.9032,0.8369,1.9518,0.0000,1.2747,17714.1387,122,3.5800,0.0000,0.0000,0.0000,823047.3125,16.3419,56879.8789,456.0833,149859
44,342,Tokyo_Small,train,IPPO,3600,7,88,81,0.9205,1.0000,0.0000,576.7531,288.3766,0.3490,2.9402,268.7531,338.2299,1026.5145,0.7639,29.5196,26.4250,814.2997,243.9501,270.6023,27060.2266,0,0,-0.0002,0.3643,0.6913,0.1507,318,0.9205,0.0795,2.7970,1591.2206,shock_pick,0.2683,0.4821,1.6663,0.0000,1.0000,1.0000,63.4502,15,1242.1270,0.4652,1.1295,6,0,83147.6797,3.6136,0.0000,3.6136,0.9236,0.8755,0.0000,1.2417,4195.7266,35,1.1945,0.0000,0.0000,0.0000,179385.8125,19.8068,11348.2080,50.4310,23813
44,342,Tokyo_Small,train,MAPPER,3600,7,88,77,0.8750,1.0000,0.0000,563.2857,187.7619,0.5565,2.9334,231.2987,352.7317,998.2675,0.8632,29.5196,26.4250,814.2997,243.9501,235.6477,23564.7734,0,0,-0.0046,0.1511,0.5339,0.0412,320,0.8750,0.1250,2.7847,1591.2206,shock_pick,0.2768,0.4973,1.6663,0.0000,1.0000,1.0000,31.6452,15,1242.1180,0.4664,1.1567,5,1,76866.5938,3.6364,0.0000,3.6364,0.8218,0.8195,0.0000,1.3292,6446.7983,39,1.5394,0.0000,0.0000,0.0000,150579.2500,9.8182,6718.8872,74.2305,20737
44,342,Tokyo_Small,train,MAPPO,3600,7,88,81,0.9205,1.0000,0.0000,499.3704,249.6852,0.3167,2.9380,248.6173,262.1035,1043.9149,0.8398,29.5196,26.4250,814.2997,243.9501,200.7273,20072.7266,0,0,-0.0035,0.0442,0.0762,0.0434,311,0.9205,0.0795,2.7908,1591.2206,shock_pick,0.2695,0.4890,1.6663,0.0000,1.0000,1.0000,39.8343,15,1242.1398,0.4671,1.2026,6,1,84557.1094,3.5341,0.0000,3.5341,0.9179,0.8701,0.0000,1.3039,5464.0132,42,1.3137,0.0000,0.0000,0.0000,118956.4219,6.4545,3620.9290,77.8127,17664
44,343,Tokyo_Medium,train,IPPO,3600,14,167,123,0.7365,1.0000,0.0000,927.0569,132.4367,0.5628,2.9583,550.4797,433.7792,2284.4260,0.8300,56.7254,54.5692,1905.1720,267.3759,691.5030,34575.1484,0,0,-0.0002,0.6306,0.6907,0.2011,650,0.7365,0.2635,2.9418,3186.2434,shock_pick,0.2180,0.4114,1.6823,0.0000,1.0000,1.0000,93.5945,16,2465.4539,0.3543,1.0338,4,0,280984.4062,3.8922,0.0000,3.8922,0.7385,1.9397,0.0000,1.2737,14123.1113,100,1.3749,0.0000,0.0000,0.0000,535871.1875,29.2934,74220.2031,91.4413,115481
44,343,Tokyo_Medium,train,MAPPER,3600,14,167,127,0.7605,1.0000,0.0000,943.1102,117.8888,0.5912,2.9549,560.2677,425.5034,2380.8271,0.8499,56.7254,54.5692,1905.1720,267.3759,520.7305,26036.5273,0,0,-0.0042,0.3231,0.5592,0.0711,605,0.7605,0.2395,2.9350,3186.2434,shock_pick,0.2314,0.4321,1.6823,0.0000,1.0000,1.0000,84.1023,16,2465.5403,0.3545,0.9123,4,0,302365.0312,3.6228,0.0000,3.6228,0.7735,1.9677,0.0000,1.1915,9852.6045,75,1.7184,0.0000,0.0000,0.0000,381592.5625,17.0838,43336.3281,122.0962,86962
44,343,Tokyo_Medium,train,MAPPO,3600,14,167,128,0.7665,1.0000,0.0000,927.5469,103.0608,0.6770,2.9547,563.5078,401.5290,2438.7283,0.8656,56.7254,54.5692,1905.1720,267.3759,581.1557,29057.7852,0,0,-0.0017,0.0153,0.0432,0.0226,657,0.7665,0.2335,2.9387,3186.2434,shock_pick,0.1971,0.3776,1.6823,0.0000,1.0000,1.0000,75.7621,16,2465.5647,0.3527,1.1458,4,0,312157.2188,3.9341,0.0000,3.9341,0.8048,2.0313,0.0000,1.5320,35449.3750,138,1.5478,0.0000,0.0000,0.0000,452518.1250,29.0659,44001.3320,189.0405,97053
44,344,LosAngeles_Small,train,IPPO,3600,7,90,80,0.8889,1.0000,0.0000,592.2750,197.4250,0.4865,3.0148,270.6125,345.6667,1120.8525,0.8284,23.8192,21.8444,811.6819,260.7429,236.1889,23618.8887,0,0,-0.0002,0.2063,0.6907,0.1146,345,0.8889,0.1111,3.0151,1592.8680,shock_pick,0.1595,0.2958,1.7849,0.0000,1.0000,1.0000,46.4420,16,1228.8136,0.3571,1.1742,4,1,89668.2031,3.8333,0.0000,3.8333,0.9040,0.8893,0.0000,1.5016,8149.9771,63,1.0738,0.0000,0.0000,0.0000,150777.2656,20.0222,9936.3818,40.3744,21257
44,344,LosAngeles_Small,train,MAPPER,3600,7,90,80,0.8889,1.0000,0.0000,591.9500,197.3167,0.5401,3.0169,267.5500,320.9876,1096.4712,0.8196,23.8192,21.8444,811.6819,260.7429,265.3778,26537.7773,0,0,-0.0053,0.4252,0.4862,0.0486,312,0.8889,0.1111,3.0148,1592.8680,shock_pick,0.2422,0.4630,1.7849,0.0000,1.0000,1.0000,48.2558,16,1228.8011,0.3572,1.2761,7,1,87717.6953,3.4667,0.0000,3.4667,0.9251,0.9101,0.0000,1.3961,6858.8975,53,1.5724,0.0000,0.0000,0.0000,177941.4531,9.3556,10641.5713,59.7040,23884
44,344,LosAngeles_Small,train,MAPPO,3600,7,90,83,0.9222,1.0000,0.0000,522.3373,261.1687,0.4247,3.0190,257.2892,277.3034,1092.1980,0.8490,23.8192,21.8444,811.6819,260.7429,204.1333,20413.3340,0,0,-0.0036,0.0244,0.0480,0.0308,329,0.9222,0.0778,3.0159,1592.8680,shock_pick,0.2069,0.3752,1.7849,0.0000,1.0000,1.0000,38.8495,16,1228.7933,0.3564,1.2636,5,1,90652.4297,3.6556,0.0000,3.6556,0.9189,0.8713,0.0000,1.5704,7491.4062,57,1.1550,0.0000,0.0000,0.0000,120747.6641,7.9111,4703.8359,68.4846,18372
44,345,LosAngeles_Medium,train,IPPO,3600,14,164,136,0.8293,1.0000,0.0000,841.5294,105.1912,0.5916,2.9960,537.7720,340.5742,2218.2786,0.8250,47.4687,44.6835,1721.6149,262.9749,619.2683,30963.4141,0,0,-0.0002,0.2940,0.6902,0.1345,628,0.8293,0.1707,2.9268,3182.0215,shock_pick,0.2051,0.3852,1.6260,0.0000,1.0000,1.0000,94.1163,20,2443.1499,0.3694,0.9832,5,1,301685.9062,3.8293,0.0000,3.8293,0.8485,1.8943,0.0000,1.2726,10284.8066,114,1.3708,0.0000,0.0000,0.0000,483994.8750,27.1524,69028.4688,63.0914,101560
44,345,LosAngeles_Medium,train,MAPPER,3600,14,164,126,0.7683,1.0000,0.0000,916.7381,114.5923,0.6293,2.9928,530.3492,440.8640,2213.1228,0.8346,47.4687,44.6835,1721.6149,262.9749,461.7805,23089.0234,0,0,-0.0049,0.2590,0.5177,0.0519,617,0.7683,0.2317,2.9244,3182.0215,shock_pick,0.2324,0.4435,1.6260,0.0000,1.0000,1.0000,87.7246,20,2443.3594,0.3713,1.1664,5,0,278853.4688,3.7622,0.0000,3.7622,0.7789,1.8770,0.0000,1.4838,22732.6855,168,1.4572,0.0000,0.0000,0.0000,328024.6562,15.8963,38884.1250,90.9283,75732
44,345,LosAngeles_Medium,train,MAPPO,3600,14,164,141,0.8598,1.0000,0.0000,810.9929,90.1103,0.6447,2.9920,520.3972,321.8258,2258.4309,0.8680,47.4687,44.6835,1721.6149,262.9749,459.0122,22950.6094,0,0,-0.0027,0.0132,0.0285,0.0231,628,0.8598,0.1402,2.9215,3182.0215,shock_pick,0.2077,0.4098,1.6260,0.0000,1.0000,1.0000,68.7110,20,2443.1184,0.3716,1.0267,5,0,318438.7500,3.8293,0.0000,3.8293,0.8998,1.9377,0.0000,1.3886,19615.5332,146,1.5280,0.0000,0.0000,0.0000,334750.2188,12.4878,37983.3047,103.1472,75278
44,346,Paris_Small,train,IPPO,3600,7,91,82,0.9011,1.0000,0.0000,527.0122,263.5061,0.3724,2.9480,256.8537,278.1724,1066.8350,0.8307,23.3555,21.6378,883.6251,229.0577,359.0989,35909.8906,0,0,-0.0003,0.1895,0.6900,0.1070,352,0.9011,0.0989,2.9097,1591.7391,shock_pick,0.2398,0.4424,1.7682,0.0000,1.0000,1.0000,43.4867,14,1253.8597,0.3550,1.0466,6,1,87480.4609,3.8681,0.0000,3.8681,0.8877,1.0458,0.0000,1.2160,3894.6826,37,1.1903,0.0000,0.0000,0.0000,274035.0312,21.2857,18076.3105,75.3960,32678
44,346,Paris_Small,train,MAPPER,3600,7,91,80,0.8791,1.0000,0.0000,546.2625,182.0875,0.5034,2.9474,259.9500,291.4471,1062.5757,0.8175,23.3555,21.6378,883.6251,229.0577,296.1319,29613.1875,0,0,-0.0064,0.2182,0.4727,0.0435,328,0.8791,0.1209,2.9096,1591.7391,shock_pick,0.2578,0.4630,1.7682,0.0000,1.0000,1.0000,47.4349,14,1253.8833,0.3575,1.0125,5,1,85006.0625,3.6044,0.0000,3.6044,0.8886,1.0731,0.0000,1.2025,2849.4492,32,1.2187,0.0000,0.0000,0.0000,209786.0469,9.2967,9540.8691,104.9433,26948
44,346,Paris_Small,train,MAPPO,3600,7,91,86,0.9451,1.0000,0.0000,469.5814,234.7907,0.2874,2.9504,261.6628,209.1379,1099.7638,0.8406,23.3555,21.6378,883.6251,229.0577,273.9121,27391.2090,0,0,0.0000,0.0022,0.0321,0.0086,338,0.9451,0.0549,2.9126,1591.7391,shock_pick,0.2271,0.4101,1.7682,0.0000,1.0000,1.0000,41.7100,14,1253.8728,0.3564,1.0632,5,1,94579.6797,3.7143,0.0000,3.7143,0.9654,1.0845,0.0000,1.2004,3622.5864,35,1.0043,0.0000,0.0000,0.0000,189906.3906,6.3626,6892.1709,114.1706,24926
44,347,Paris_Medium,train,IPPO,3600,14,167,153,0.9162,1.0000,0.0000,834.4052,104.3007,0.5946,2.8966,529.0523,340.7927,2072.8008,0.7836,46.0674,43.8282,1783.5282,229.5960,1080.9821,54049.1016,0,0,-0.0001,0.4583,0.6893,0.1662,632,0.9162,0.0838,2.8053,3178.6741,shock_pick,0.2498,0.4826,1.6375,0.0000,1.0000,1.0000,114.4922,16,2496.2241,0.3614,0.8904,7,1,317138.5312,3.7844,0.0000,3.7844,0.9075,1.7590,0.0000,1.1078,5556.4409,64,1.3994,0.0000,0.0000,0.0000,941050.6250,26.1557,138786.1250,109.9984,180524
44,347,Paris_Medium,train,MAPPER,3600,14,167,141,0.8443,1.0000,0.0000,878.9858,109.8732,0.5884,2.8900,509.0922,398.6200,2127.3213,0.8357,46.0674,43.8282,1783.5282,229.5960,915.0419,45752.0977,0,0,-0.0049,0.2151,0.5112,0.0572,636,0.8443,0.1557,2.7963,3178.6741,shock_pick,0.1728,0.3251,1.6375,0.0000,1.0000,1.0000,83.6279,16,2496.2314,0.3619,0.9056,4,1,299952.3125,3.8084,0.0000,3.8084,0.8772,1.8450,0.0000,1.1393,5512.9268,77,1.4806,0.0000,0.0000,0.0000,764434.0000,13.2934,99404.8203,169.1981,152812
44,347,Paris_Medium,train,MAPPO,3600,14,167,157,0.9401,1.0000,0.0000,791.1337,98.8917,0.6362,2.8893,499.0127,307.7500,2131.7366,0.8544,46.0674,43.8282,1783.5282,229.5960,837.6587,41882.9336,0,0,-0.0021,0.0143,0.0206,0.0205,610,0.9401,0.0599,2.7914,3178.6741,shock_pick,0.1742,0.3279,1.6375,0.0000,1.0000,1.0000,72.6654,16,2496.2764,0.3644,0.9018,5,1,334682.6250,3.6527,0.0000,3.6527,0.9753,1.8422,0.0000,1.1272,6770.0146,72,1.7818,0.0000,0.0000,0.0000,690077.0000,12.8982,78930.7969,217.4404,139889
44,348,Tokyo_Small,train,IPPO,3600,10,96,78,0.8125,1.0000,0.0000,613.5513,153.3878,0.4458,2.9244,312.6154,322.7647,1246.9196,0.7977,29.8550,28.9562,941.7388,265.9688,275.7396,27573.9590,0,0,-0.0001,0.3360,0.6893,0.1428,338,0.8125,0.1875,2.8762,1591.2367,shock_pick,0.2709,0.5311,1.5906,0.0000,1.0000,1.0000,63.2315,15,1235.0089,0.4379,1.1847,7,0,97259.7266,3.5208,0.0000,3.5208,0.8181,0.9488,0.0000,1.3842,8519.3252,54,1.6944,0.0000,0.0000,0.0000,199227.2031,20.5417,15190.3789,40.9954,26471
44,348,Tokyo_Small,train,MAPPER,3600,10,96,75,0.7812,1.0000,0.0000,631.8400,126.3680,0.5843,2.9211,299.8000,368.8875,1284.0885,0.8566,29.8550,28.9562,941.7388,265.9688,285.5000,28550.0000,0,0,-0.0036,0.2509,0.4190,0.0463,340,0.7812,0.2188,2.8727,1591.2367,shock_pick,0.2751,0.5820,1.5906,0.0000,1.0000,1.0000,42.9823,14,1235.0170,0.4391,1.1456,6,0,96306.6328,3.5417,0.0000,3.5417,0.7578,0.9140,0.0000,1.4244,9328.1631,54,2.7022,0.0000,0.0000,0.0000,208538.5469,15.2083,12936.8213,73.7814,27408
44,348,Tokyo_Small,train,MAPPO,3600,10,96,81,0.8438,1.0000,0.0000,551.9012,110.3802,0.5451,2.9205,296.6049,273.4382,1270.0150,0.8564,29.8550,28.9562,941.7388,265.9688,213.7188,21371.8750,0,0,0.0001,0.0030,0.0232,0.0106,322,0.8438,0.1562,2.8731,1591.2367,shock_pick,0.2366,0.4398,1.5906,0.0000,1.0000,1.0000,42.6019,14,1235.0281,0.4411,1.1594,5,0,102871.2188,3.3542,0.0000,3.3542,0.8535,0.9533,0.0000,1.5255,10129.3643,51,1.3242,0.0000,0.0000,0.0000,136976.5781,6.0521,5469.7969,80.0012,20517
44,349,Tokyo_Medium,train,IPPO,3600,20,166,130,0.7831,1.0000,0.0000,897.0846,81.5531,0.5585,2.9853,574.9308,387.4631,2403.4141,0.8361,58.4996,56.4065,1972.1134,257.7082,931.4759,46573.7930,0,0,-0.0002,0.4671,0.6885,0.1683,618,0.7831,0.2169,2.9150,3179.5364,shock_pick,0.1962,0.3689,1.7041,0.0000,1.0000,1.0000,94.2480,16,2466.9612,0.3088,0.9401,4,0,312443.8125,3.7229,0.0000,3.7229,0.8382,2.3106,0.0000,1.2551,13046.6191,113,1.8418,0.0000,0.0000,0.0000,741552.9375,29.0361,108252.7344,89.4319,154625
44,349,Tokyo_Medium,train,MAPPER,3600,20,166,127,0.7651,1.0000,0.0000,948.3149,94.8315,0.5309,2.9868,571.5197,467.4828,2357.1902,0.8249,58.4996,56.4065,1972.1134,257.7082,614.0663,30703.3125,0,0,-0.0034,0.3249,0.4899,0.0674,650,0.7651,0.2349,2.9148,3179.5364,shock_pick,0.2021,0.3928,1.7041,0.0000,1.0000,1.0000,100.0817,16,2466.9656,0.3076,0.9754,4,0,299363.1562,3.9157,0.0000,3.9157,0.7756,2.1885,0.0000,1.2936,16160.3701,101,1.2399,0.0000,0.0000,0.0000,468766.9062,14.4699,59054.2188,113.0209,101935
44,349,Tokyo_Medium,train,MAPPO,3600,20,166,121,0.7289,1.0000,0.0000,961.6116,68.6865,0.7249,2.9831,574.1570,466.1631,2454.2793,0.8549,58.4996,56.4065,1972.1134,257.7082,732.2048,36610.2422,0,0,0.0000,0.0019,0.0121,0.0082,671,0.7289,0.2711,2.9124,3179.5364,shock_pick,0.2062,0.3893,1.7041,0.0000,1.0000,1.0000,83.3012,16,2467.2239,0.3084,1.1762,4,0,296967.7812,4.0422,0.0000,4.0422,0.7521,2.2275,0.0000,1.3850,25345.9766,172,1.8210,0.0000,0.0000,0.0000,583794.0625,34.5301,61750.9414,211.8033,121546
44,350,LosAngeles_Small,train,IPPO,3600,10,90,79,0.8778,1.0000,0.0000,482.1266,120.5316,0.4698,2.9480,263.0000,237.0357,1102.0637,0.8381,23.3185,20.8820,856.2006,259.8654,238.6889,23868.8887,0,0,-0.0003,0.2689,0.6887,0.1261,312,0.8778,0.1222,2.9712,1586.9150,shock_pick,0.1999,0.3844,1.6018,0.0000,1.0000,0.0000,42.5872,16,1220.6570,0.4808,1.3237,6,1,87063.0391,3.4667,0.0000,3.4667,0.8560,0.8825,0.0000,1.4678,7335.0054,48,1.3262,0.0000,0.0000,0.0000,162680.7500,19.0000,11691.2480,32.7798,21482
44,350,LosAngeles_Small,train,MAPPER,3600,10,90,77,0.8556,1.0000,0.0000,576.0909,144.0227,0.4918,2.9454,262.2987,320.8625,1115.4889,0.8505,23.3185,20.8820,856.2006,259.8654,236.4333,23643.3340,0,0,-0.0038,0.2714,0.3832,0.0349,315,0.8556,0.1444,2.9705,1586.9150,shock_pick,0.2541,0.4575,1.6018,0.0000,1.0000,0.0000,39.2009,16,1220.8633,0.4800,1.2989,5,1,85892.6484,3.5000,0.0000,3.5000,0.7984,0.8445,0.0000,1.7054,11719.2754,61,1.6553,0.0000,0.0000,0.0000,158103.2969,11.6111,9502.9268,52.5169,21279
44,350,LosAngeles_Small,train,MAPPO,3600,10,90,83,0.9222,1.0000,0.0000,501.8554,167.2851,0.3614,2.9473,261.2048,238.3059,1119.7070,0.8573,23.3185,20.8820,856.2006,259.8654,191.5000,19150.0000,0,0,-0.0000,0.0004,0.0210,0.0038,330,0.9222,0.0778,2.9726,1586.9150,shock_pick,0.1811,0.3324,1.6018,0.0000,1.0000,0.0000,37.2634,16,1220.6989,0.4814,1.2672,4,1,92935.6875,3.6667,0.0000,3.6667,0.9143,0.8972,0.0000,1.5356,6613.9180,49,1.1016,0.0000,0.0000,0.0000,113513.9297,6.1889,5271.2739,54.9459,17235
44,351,LosAngeles_Medium,train,IPPO,3600,20,163,127,0.7791,1.0000,0.0000,900.6614,75.0551,0.6010,2.9849,544.4960,412.4901,2243.1079,0.8239,47.6360,41.0835,1794.4357,217.1190,764.3804,38219.0195,0,0,-0.0003,0.7938,0.6873,0.2159,687,0.7791,0.2209,2.9618,3183.5488,shock_pick,0.2319,0.4824,1.6299,0.0000,1.0000,1.0000,95.8745,21,2445.3511,0.4205,0.9885,6,1,284874.6875,4.2147,0.0000,4.2147,0.8006,1.8486,0.0000,1.3287,13273.0469,108,1.4631,0.0000,0.0000,0.0000,630269.6250,30.1534,90793.0859,73.2588,124594
44,351,LosAngeles_Medium,train,MAPPER,3600,20,163,123,0.7546,1.0000,0.0000,932.7480,77.7290,0.6075,2.9807,524.7236,467.7730,2212.6221,0.8433,47.6360,41.0835,1794.4357,217.1190,708.5092,35425.4609,0,0,-0.0041,0.2475,0.4626,0.0637,646,0.7546,0.2454,2.9547,3183.5488,shock_pick,0.2104,0.3924,1.6299,0.0000,1.0000,1.0000,82.1992,21,2445.0774,0.4211,1.0444,4,1,272152.5000,3.9632,0.0000,3.9632,0.7534,1.7961,0.0000,1.3498,17740.3125,118,1.5264,0.0000,0.0000,0.0000,563061.6875,17.9816,73566.7578,111.7339,115487
44,351,LosAngeles_Medium,train,MAPPO,3600,20,163,127,0.7791,1.0000,0.0000,914.0236,65.2874,0.7299,2.9801,531.0236,432.5946,2271.7466,0.8556,47.6360,41.0835,1794.4357,217.1190,760.1411,38007.0547,0,0,-0.0000,0.0010,0.0131,0.0054,655,0.7791,0.2209,2.9566,3183.5488,shock_pick,0.1986,0.3769,1.6299,0.0000,1.0000,1.0000,76.6743,21,2445.1794,0.4218,1.2025,4,1,288511.8125,4.0184,0.0000,4.0184,0.8097,1.8696,0.0000,1.5289,23766.5000,200,2.0196,0.0000,0.0000,0.0000,566382.0625,23.9080,63943.8320,174.0916,123903
44,352,Paris_Small,train,IPPO,3600,10,93,79,0.8495,1.0000,0.0000,553.8481,138.4620,0.4312,2.9204,293.5190,290.8977,1174.6945,0.8004,23.6643,22.2291,921.4777,230.8690,550.8602,55086.0234,0,0,-0.0003,0.3138,0.6876,0.1385,341,0.8495,0.1505,2.9140,1591.7172,shock_pick,0.2586,0.4852,1.5715,0.0000,1.0000,1.0000,58.5801,15,1248.2161,0.3316,0.9644,6,0,92800.8672,3.6667,0.0000,3.6667,0.8519,0.9080,0.0000,1.1884,2849.1052,23,1.2537,0.0000,0.0000,0.0000,441464.0000,19.8817,31772.6934,99.8246,51230
44,352,Paris_Small,train,MAPPER,3600,10,93,76,0.8172,1.0000,0.0000,534.1184,106.8237,0.5631,2.9200,278.6184,300.9759,1171.0273,0.8406,23.6643,22.2291,921.4777,230.8690,436.6989,43669.8906,0,0,-0.0030,0.2019,0.3625,0.0352,342,0.8172,0.1828,2.9153,1591.7172,shock_pick,0.2303,0.4161,1.5715,0.0000,1.0000,1.0000,44.4129,15,1248.2106,0.3294,1.0345,5,1,88998.0781,3.6774,0.0000,3.6774,0.8055,0.8925,0.0000,1.1669,3327.5964,39,1.4676,0.0000,0.0000,0.0000,334379.1250,10.1720,19313.6445,126.7078,40613
44,352,Paris_Small,train,MAPPO,3600,10,93,84,0.9032,1.0000,0.0000,531.5476,106.3095,0.5112,2.9217,274.0357,273.6854,1155.4303,0.8433,23.6643,22.2291,921.4777,230.8690,364.0968,36409.6758,0,0,-0.0015,0.0077,0.0194,0.0160,365,0.9032,0.0968,2.9186,1591.7172,shock_pick,0.1960,0.3619,1.5715,0.0000,1.0000,1.0000,42.9496,15,1248.2069,0.3288,1.0597,5,1,97056.1406,3.9247,0.0000,3.9247,0.9185,0.9208,0.0000,1.2114,3495.8201,46,1.4282,0.0000,0.0000,0.0000,269860.6562,10.1935,10577.8516,156.1228,33861
44,353,Paris_Medium,train,IPPO,3600,20,165,148,0.8970,1.0000,0.0000,792.4459,88.0495,0.4790,2.8981,510.8987,297.8790,2083.3374,0.8156,46.7646,44.5972,1790.6213,247.7611,1319.3575,65967.8750,0,0,-0.0002,0.4026,0.6864,0.1533,618,0.8970,0.1030,2.8018,3177.5649,shock_pick,0.2162,0.4085,1.6191,0.0000,1.0000,1.0000,94.2312,14,2498.1536,0.4015,0.8765,6,1,308333.9375,3.7455,0.0000,3.7455,0.9223,1.8908,0.0000,1.1260,5223.1450,62,1.3329,0.0000,0.0000,0.0000,1136953.7500,28.2485,164988.9062,137.0236,217694
44,353,Paris_Medium,train,MAPPER,3600,20,165,141,0.8545,1.0000,0.0000,847.0709,94.1190,0.4914,2.8973,514.3830,379.6883,2141.0913,0.8325,46.7646,44.5972,1790.6213,247.7611,1078.6788,53933.9375,0,0,-0.0032,0.1562,0.4305,0.0493,639,0.8545,0.1455,2.8001,3177.5649,shock_pick,0.2046,0.3828,1.6191,0.0000,1.0000,1.0000,86.1647,14,2498.1692,0.4001,0.8726,5,1,301893.8750,3.8727,0.0000,3.8727,0.8888,1.9128,0.0000,1.1800,6762.1777,58,1.5054,0.0000,0.0000,0.0000,832593.0625,13.5818,103950.0781,202.5957,177982
44,353,Paris_Medium,train,MAPPO,3600,20,165,153,0.9273,1.0000,0.0000,750.2484,62.5207,0.6018,2.8962,495.2418,284.8012,2078.0334,0.8392,46.7646,44.5972,1790.6213,247.7611,1062.7878,53139.3945,0,0,-0.0016,0.0053,0.0112,0.0131,626,0.9273,0.0727,2.8004,3177.5649,shock_pick,0.2365,0.4438,1.6191,0.0000,1.0000,1.0000,79.6351,14,2498.2805,0.4016,0.9594,6,1,317939.1250,3.7939,0.0000,3.7939,0.9227,1.8299,0.0000,1.2269,11236.8945,94,1.3485,0.0000,0.0000,0.0000,760999.5000,13.8788,78794.5859,283.4601,175360
44,354,Tokyo_Small,train,IPPO,3600,25,93,75,0.8065,1.0000,0.0000,647.0533,53.9211,0.4984,2.9762,315.1733,357.0641,1281.3624,0.8131,28.5280,25.7896,886.0829,257.4516,770.1935,77019.3516,0,0,-0.0004,0.2951,0.6864,0.1336,313,0.8065,0.1935,2.9045,1590.2172,shock_pick,0.2609,0.4705,1.6208,0.0000,1.0000,1.0000,58.9008,15,1242.4784,0.3784,1.2301,5,0,96102.1797,3.3656,0.0000,3.3656,0.8537,0.9702,0.0000,1.4043,8828.6934,51,2.1905,0.0000,0.0000,0.0000,658515.6250,23.1613,52915.0312,89.5415,71628
44,354,Tokyo_Small,train,MAPPER,3600,25,93,73,0.7849,1.0000,0.0000,743.5616,49.5708,0.6179,2.9741,282.9726,478.9872,1194.8649,0.8445,28.5280,25.7896,886.0829,257.4516,472.9893,47298.9258,0,0,-0.0024,0.2025,0.3969,0.0358,347,0.7849,0.2151,2.9046,1590.2172,shock_pick,0.2126,0.4253,1.6208,0.0000,1.0000,1.0000,43.9996,15,1242.5603,0.3763,1.4020,6,0,87225.1406,3.7312,0.0000,3.7312,0.6619,0.7729,0.0000,1.5891,16708.2656,83,2.6313,0.0000,0.0000,0.0000,367612.2188,20.5054,21572.9277,135.6478,43988
44,354,Tokyo_Small,train,MAPPO,3600,25,93,74,0.7957,1.0000,0.0000,720.6622,48.0441,0.6153,2.9749,307.4595,431.7875,1306.4309,0.8498,28.5280,25.7896,886.0829,257.4516,322.4086,32240.8594,0,0,-0.0015,0.0159,0.0101,0.0226,372,0.7957,0.2043,2.9076,1590.2172,shock_pick,0.2568,0.4650,1.6208,0.0000,1.0000,1.0000,46.1733,15,1242.5031,0.3740,1.3744,5,0,96675.8828,4.0000,0.0000,4.0000,0.8107,0.9338,0.0000,1.6711,13452.3301,85,2.3606,0.0000,0.0000,0.0000,236744.7969,10.8387,9211.0430,137.7037,29984
44,355,Tokyo_Medium,train,IPPO,3600,50,171,149,0.8713,1.0000,0.0000,802.1342,26.7378,0.6070,2.9629,482.4899,346.8344,1972.2518,0.8175,57.8433,56.2145,1591.5638,266.5935,1907.8070,95390.3516,0,0,-0.0003,0.2312,0.6855,0.1137,578,0.8713,0.1287,2.8625,3186.1689,shock_pick,0.2742,0.5477,1.6628,0.0000,1.0000,1.0000,88.0396,16,2470.7180,0.3695,1.0298,9,0,293865.5312,3.3801,0.0000,3.3801,0.8991,1.8407,0.0000,1.2222,15121.6895,92,2.2389,0.0000,0.0000,0.0000,1766133.7500,25.4503,289042.0312,75.8332,326235
44,355,Tokyo_Medium,train,MAPPER,3600,50,171,143,0.8363,1.0000,0.0000,890.1539,26.9744,0.6630,2.9594,470.8462,443.6159,2035.2560,0.8645,57.8433,56.2145,1591.5638,266.5935,944.3217,47216.0859,0,0,-0.0028,0.1419,0.4911,0.0474,601,0.8363,0.1637,2.8601,3186.1689,shock_pick,0.1791,0.3434,1.6628,0.0000,1.0000,1.0000,63.7950,16,2470.6028,0.3703,1.1096,5,1,291041.6250,3.5146,0.0000,3.5146,0.8644,1.8440,0.0000,1.3306,20112.7285,118,2.7081,0.0000,0.0000,0.0000,797340.4375,17.8655,113903.9844,131.2378,161479
44,355,Tokyo_Medium,train,MAPPO,3600,50,171,139,0.8129,1.0000,0.0000,850.2302,24.2923,0.7015,2.9605,465.3741,425.9079,1998.6831,0.8590,57.8433,56.2145,1591.5638,266.5935,657.7076,32885.3789,0,0,-0.0013,0.0065,0.0064,0.0138,620,0.8129,0.1871,2.8612,3186.1689,shock_pick,0.2167,0.4056,1.6628,0.0000,1.0000,1.0000,65.6375,16,2470.7109,0.3698,1.2255,5,0,277816.9375,3.6257,0.0000,3.6257,0.8360,1.8348,0.0000,1.4353,26494.6895,161,2.6327,0.0000,0.0000,0.0000,523240.9688,19.4795,59131.6055,177.4448,112468
44,356,LosAngeles_Small,train,IPPO,3600,25,87,75,0.8621,1.0000,0.0000,592.8800,53.8982,0.4729,2.9539,275.2267,330.9630,1190.5237,0.8651,23.5918,20.9069,907.2795,240.9920,462.2989,46229.8867,0,0,-0.0002,0.1752,0.6850,0.1012,335,0.8621,0.1379,2.9988,1591.2839,shock_pick,0.2529,0.4600,1.5796,0.0000,1.0000,0.0000,37.1219,15,1227.5470,0.4847,1.2556,5,0,89289.2734,3.8506,0.0000,3.8506,0.8622,0.9267,0.0000,1.4207,6586.4004,63,1.9649,0.0000,0.0000,0.0000,381115.5312,29.5862,28206.9492,56.8994,40220
44,356,LosAngeles_Small,train,MAPPER,3600,25,87,72,0.8276,1.0000,0.0000,715.8333,51.1310,0.5966,2.9515,273.2778,475.0750,1174.1714,0.8593,23.5918,20.9069,907.2795,240.9920,300.7586,30075.8613,0,0,-0.0025,0.1531,0.4377,0.0364,322,0.8276,0.1724,2.9984,1591.2839,shock_pick,0.2213,0.4111,1.5796,0.0000,1.0000,0.0000,38.4435,15,1227.5181,0.4825,1.4377,4,0,84540.3438,3.7011,0.0000,3.7011,0.8293,0.9285,0.0000,1.5960,12681.4443,90,2.6360,0.0000,0.0000,0.0000,216246.5781,14.8506,12055.6055,77.6781,26166
44,356,LosAngeles_Small,train,MAPPO,3600,25,87,77,0.8851,1.0000,0.0000,549.3766,54.9377,0.4366,2.9544,272.5584,292.5500,1177.9752,0.8644,23.5918,20.9069,907.2795,240.9920,186.2644,18626.4375,0,0,0.0000,0.0003,0.0070,0.0029,347,0.8851,0.1149,2.9989,1591.2839,shock_pick,0.2500,0.4519,1.5796,0.0000,1.0000,0.0000,36.9634,15,1227.4606,0.4850,1.2406,5,1,90704.0938,3.9885,0.0000,3.9885,0.9025,0.9448,0.0000,1.5096,7431.5103,54,2.2533,0.0000,0.0000,0.0000,104194.7812,5.4138,2320.1741,77.5278,16205
44,357,LosAngeles_Medium,train,IPPO,3600,50,154,122,0.7922,1.0000,0.0000,939.4099,29.3566,0.6433,2.9386,580.4754,408.2917,2501.9412,0.8620,47.0179,43.6758,1928.8058,260.1386,1801.6753,90083.7578,0,0,-0.0003,0.3405,0.6835,0.1399,573,0.7922,0.2078,2.8619,3178.2981,shock_pick,0.2276,0.4303,1.6893,0.0000,1.0000,1.0000,80.0872,19,2442.2407,0.4683,1.0975,4,0,305236.8438,3.7208,0.0000,3.7208,0.8394,2.0422,0.0000,1.3519,16358.7393,144,2.1602,0.0000,0.0000,0.0000,1659777.6250,35.1753,240815.6875,96.0416,277458
44,357,LosAngeles_Medium,train,MAPPER,3600,50,154,118,0.7662,1.0000,0.0000,954.4745,28.0728,0.6882,2.9384,578.6187,454.7970,2520.8989,0.8714,47.0179,43.6758,1928.8058,260.1386,907.0260,45351.2969,0,0,-0.0029,0.2026,0.5242,0.0515,539,0.7662,0.2338,2.8612,3178.2981,shock_pick,0.1946,0.3710,1.6893,0.0000,1.0000,1.0000,74.4389,19,2442.1152,0.4665,1.2102,3,0,297466.0625,3.5000,0.0000,3.5000,0.7779,1.9566,0.0000,1.5118,28295.0762,170,2.2876,0.0000,0.0000,0.0000,708544.4375,22.8571,84450.4688,160.1674,139682
44,357,LosAngeles_Medium,train,MAPPO,3600,50,154,133,0.8636,1.0000,0.0000,906.8496,28.3391,0.6409,2.9398,587.3835,355.4558,2520.7261,0.8583,47.0179,43.6758,1928.8058,260.1386,470.8506,23542.5332,0,0,-0.0000,0.0006,0.0049,0.0044,557,0.8636,0.1364,2.8642,3178.2981,shock_pick,0.1868,0.3503,1.6893,0.0000,1.0000,1.0000,83.2383,19,2442.0303,0.4681,1.0981,4,1,335256.5938,3.6169,0.0000,3.6169,0.8898,1.9856,0.0000,1.3667,15906.0977,144,2.1852,0.0000,0.0000,0.0000,309843.0938,8.3831,26009.2207,140.9549,72511
44,358,Paris_Small,train,IPPO,3600,25,90,84,0.9333,1.0000,0.0000,558.4048,46.5337,0.5197,2.9271,266.3690,309.4368,1107.6390,0.8317,22.8435,20.6777,914.2500,244.4013,823.3666,82336.6641,0,0,-0.0003,0.1659,0.6832,0.0938,337,0.9333,0.0667,2.9440,1585.7511,shock_pick,0.2659,0.4914,1.5409,0.0000,1.0000,1.0000,44.8412,13,1249.6439,0.3965,1.1857,6,1,93041.6797,3.7444,0.0000,3.7444,0.9434,0.8935,0.0000,1.4040,11147.8057,49,1.9351,0.0000,0.0000,0.0000,729434.3125,26.7778,54213.3984,127.0656,74103
44,358,Paris_Small,train,MAPPER,3600,25,90,82,0.9111,1.0000,0.0000,524.5610,47.6874,0.4459,2.9262,263.4512,290.9770,1110.1504,0.8428,22.8435,20.6777,914.2500,244.4013,365.4111,36541.1094,0,0,-0.0010,0.1674,0.4753,0.0353,323,0.9111,0.0889,2.9470,1585.7511,shock_pick,0.2154,0.3887,1.5409,0.0000,1.0000,1.0000,41.4212,13,1249.6647,0.3950,1.1521,5,1,91032.3281,3.5889,0.0000,3.5889,0.9190,0.8916,0.0000,1.2866,4747.4531,42,1.9847,0.0000,0.0000,0.0000,274910.3438,7.0778,13533.5342,124.5402,32887
44,358,Paris_Small,train,MAPPO,3600,25,90,83,0.9222,1.0000,0.0000,469.8193,46.9819,0.4162,2.9294,269.8072,214.9773,1125.1353,0.8340,22.8435,20.6777,914.2500,244.4013,279.8000,27980.0000,0,0,-0.0011,0.0006,0.0078,0.0047,329,0.9222,0.0778,2.9469,1585.7511,shock_pick,0.2351,0.4277,1.5409,0.0000,1.0000,1.0000,44.7802,13,1249.6350,0.3974,1.0987,6,1,93386.2266,3.6556,0.0000,3.6556,0.9562,0.9165,0.0000,1.2439,3889.4705,38,1.4465,0.0000,0.0000,0.0000,191236.8281,6.8556,5391.2271,131.3371,25182
44,359,Paris_Medium,train,IPPO,3600,50,171,141,0.8246,1.0000,0.0000,889.0425,28.6788,0.6246,2.9530,511.6525,424.3007,2121.5874,0.8293,47.1409,44.0173,1832.2234,254.9982,3150.6726,157533.6250,0,0,-0.0003,0.5147,0.6811,0.1712,652,0.8246,0.1754,2.9192,3177.8259,shock_pick,0.1947,0.3630,1.5676,0.0000,1.0000,1.0000,87.3350,14,2499.0886,0.2828,0.9956,4,1,299143.8438,3.8129,0.0000,3.8129,0.8630,2.0045,0.0000,1.2284,12859.4043,87,2.5017,0.0000,0.0000,0.0000,2966269.7500,35.6199,470746.7812,213.3672,538765
44,359,Paris_Medium,train,MAPPER,3600,50,171,134,0.7836,1.0000,0.0000,965.6269,28.4008,0.6801,2.9506,517.4776,489.1200,2192.6125,0.8474,47.1409,44.0173,1832.2234,254.9982,1460.3625,73018.1250,0,0,-0.0015,0.2281,0.4999,0.0589,618,0.7836,0.2164,2.9150,3177.8259,shock_pick,0.2104,0.3952,1.5676,0.0000,1.0000,1.0000,78.9551,14,2499.1653,0.2837,1.0446,4,0,293810.0625,3.6140,0.0000,3.6140,0.8322,2.0339,0.0000,1.2211,12540.4570,112,2.3097,0.0000,0.0000,0.0000,1288018.0000,29.9708,161524.2188,343.4348,249722
44,359,Paris_Medium,train,MAPPO,3600,50,171,147,0.8596,1.0000,0.0000,875.0204,26.5158,0.6748,2.9513,503.2993,396.7756,2142.1257,0.8512,47.1409,44.0173,1833.9790,254.6006,760.5965,38029.8242,0,0,-0.0009,0.0013,0.0054,0.0063,599,0.8855,0.1145,2.9161,3177.8259,shock_pick,0.1695,0.3199,1.5670,0.0000,1.0000,1.0000,74.8742,14,2499.1384,0.2839,0.9546,4,1,314892.4688,3.5029,0.0000,3.5029,0.9030,2.0120,0.0000,1.1859,11573.4893,92,3.0227,0.0000,0.0000,0.0000,604232.8750,12.8421,39924.6406,370.7584,130062
44,360,Tokyo_Small,train,IPPO,3600,7,90,80,0.8889,1.0000,0.0000,758.8250,379.4125,0.3964,3.0162,369.3875,404.5833,1207.3036,0.6537,29.6178,26.5768,915.6631,260.7971,240.6667,24066.6660,0,0,-0.0003,0.3245,0.6806,0.1363,303,0.8889,0.1111,3.0028,1728.8864,wave,0.3259,0.6325,1.6042,0.0000,1.0000,1.0000,127.9268,16,1349.0031,0.2316,1.2075,9,0,96584.2812,3.3667,0.0000,3.3667,0.9384,0.9739,0.0000,1.4162,9948.3447,64,1.0609,0.0000,0.0000,0.0000,176989.3281,20.3222,11413.5449,50.1735,21660
44,360,Tokyo_Small,train,MAPPER,3600,7,90,73,0.8111,1.0000,0.0000,783.3835,261.1278,0.5238,3.0149,307.2466,513.9493,1225.3424,0.7976,29.6178,26.5768,915.6631,260.7971,269.8222,26982.2227,0,0,-0.0032,0.2892,0.4754,0.0681,315,0.8111,0.1889,3.0019,1728.8864,wave,0.2549,0.4735,1.6042,0.0000,1.0000,1.0000,62.1781,16,1349.0930,0.2326,1.0997,6,1,89449.9922,3.5000,0.0000,3.5000,0.7940,0.9030,0.0000,1.2654,5899.8970,60,1.4982,0.0000,0.0000,0.0000,205146.5781,12.5667,10852.3193,84.5668,24284
44,360,Tokyo_Small,train,MAPPO,3600,7,90,77,0.8556,1.0000,0.0000,687.2598,171.8149,0.5939,3.0111,283.7143,444.0805,1212.1187,0.8545,29.6178,26.5768,915.6631,260.7971,242.5222,24252.2227,0,0,-0.0016,0.0185,0.0049,0.0225,310,0.8556,0.1444,2.9988,1728.8864,wave,0.2273,0.4109,1.6042,0.0000,1.0000,1.0000,41.2906,16,1349.1570,0.2321,1.2717,4,1,93333.1406,3.4444,0.0000,3.4444,0.8731,0.9415,0.0000,1.4664,13350.3506,81,1.1717,0.0000,0.0000,0.0000,178013.5312,13.1444,5823.5630,113.3093,21827
44,361,Tokyo_Medium,train,IPPO,3600,14,171,138,0.8070,1.0000,0.0000,1048.7537,174.7923,0.4896,3.0625,581.3261,511.2194,2189.8892,0.7534,57.6968,52.8736,1680.8271,263.9509,587.4796,29373.9766,0,0,-0.0003,0.5216,0.6781,0.1732,641,0.8070,0.1930,3.0908,3459.2073,wave,0.3063,0.6754,1.6455,0.0000,1.0000,0.0000,143.3483,15,2704.1934,0.2012,0.9075,9,0,302204.6875,3.7485,0.0000,3.7485,0.8683,1.8629,0.0000,1.3789,18648.7930,99,1.1715,0.0000,0.0000,0.0000,482891.5000,26.6842,69878.2344,74.2490,100459
44,361,Tokyo_Medium,train,MAPPER,3600,14,171,119,0.6959,1.0000,0.0000,1064.9076,118.3231,0.6535,3.0590,535.1512,589.1439,2217.3491,0.8287,57.6968,52.8736,1680.8271,263.9509,608.6140,30430.7012,0,0,-0.0018,0.2913,0.4472,0.0671,692,0.6959,0.3041,3.0886,3459.2073,wave,0.2215,0.4090,1.6455,0.0000,1.0000,0.0000,91.6814,15,2703.9543,0.2019,1.0680,4,1,263864.5312,4.0468,0.0000,4.0468,0.7390,1.8385,0.0000,1.3961,20877.1191,157,1.6407,0.0000,0.0000,0.0000,501692.1250,18.8480,64049.3711,127.1364,104073
44,361,Tokyo_Medium,train,MAPPO,3600,14,171,125,0.7310,1.0000,0.0000,971.4000,97.1400,0.7309,3.0555,530.1840,507.6528,2248.9656,0.8484,57.6968,52.8736,1680.8271,263.9509,694.9532,34747.6602,0,0,-0.0013,0.0055,0.0022,0.0124,645,0.7310,0.2690,3.0862,3459.2073,wave,0.1697,0.3313,1.6455,0.0000,1.0000,0.0000,80.3909,15,2704.0183,0.2026,1.1679,4,1,281120.7188,3.7719,0.0000,3.7719,0.8173,1.9358,0.0000,1.4491,29916.0586,202,1.8571,0.0000,0.0000,0.0000,584170.5000,30.1053,64148.9609,209.0329,118837
44,362,LosAngeles_Small,train,IPPO,3600,7,92,81,0.8804,1.0000,0.0000,686.1235,228.7078,0.5462,3.0756,305.8148,394.1744,1241.9131,0.8122,23.4650,21.3433,943.4915,266.3402,258.1956,25819.5645,0,0,-0.0003,0.4054,0.6774,0.1481,378,0.8804,0.1196,3.0929,1728.6208,wave,0.2276,0.4185,1.5824,0.0000,1.0000,0.0000,57.4322,15,1338.5486,0.1883,1.3278,5,1,100594.9609,4.1087,0.0000,4.1087,0.9287,1.0675,0.0000,1.9513,11101.5781,66,1.2164,0.0000,0.0000,0.0000,193428.7812,20.1196,12775.6523,54.5651,23754
44,362,LosAngeles_Small,train,MAPPER,3600,7,92,81,0.8804,1.0000,0.0000,632.2346,210.7449,0.5130,3.0718,279.6049,376.0114,1187.4198,0.8494,23.4650,21.3433,943.4915,266.3402,185.9891,18598.9121,0,0,-0.0021,0.1530,0.4192,0.0458,340,0.8804,0.1196,3.0883,1728.6208,wave,0.2119,0.3843,1.5824,0.0000,1.0000,0.0000,42.1210,15,1338.5964,0.1903,1.2030,5,1,96181.0000,3.6957,0.0000,3.6957,0.8874,1.0200,0.0000,1.5178,7750.4526,78,1.2522,0.0000,0.0000,0.0000,121258.4531,11.2391,5967.8179,56.3928,17111
44,362,LosAngeles_Small,train,MAPPO,3600,7,92,84,0.9130,1.0000,0.0000,537.9762,179.3254,0.4751,3.0750,277.4405,286.3556,1203.2438,0.8674,23.4650,21.3433,943.4915,266.3402,168.7826,16878.2617,0,0,0.0000,0.0005,0.0033,0.0036,356,0.9130,0.0870,3.0940,1728.6208,wave,0.2325,0.4266,1.5824,0.0000,1.0000,0.0000,36.7917,15,1338.4752,0.1887,1.1134,6,1,101072.4766,3.8696,0.0000,3.8696,0.9390,1.0409,0.0000,1.4062,6242.1152,80,1.1142,0.0000,0.0000,0.0000,111015.6328,8.6087,4564.6040,61.4023,15528
44,363,LosAngeles_Medium,train,IPPO,3600,14,162,120,0.7407,1.0000,0.0000,1045.2833,130.6604,0.5947,3.0792,593.3083,539.5379,2391.8853,0.8063,47.2922,44.9718,1907.2001,253.9403,638.7716,31938.5801,0,0,-0.0005,1.3173,0.6743,0.2724,646,0.7407,0.2593,3.0714,3458.8057,wave,0.2264,0.4378,1.7070,0.0000,1.0000,0.0000,114.9313,15,2662.3718,0.1985,0.9857,5,1,287026.2500,3.9877,0.0000,3.9877,0.7278,2.0469,0.0000,1.4273,17918.4258,138,1.3111,0.0000,0.0000,0.0000,530691.7500,28.9383,74681.3594,69.6976,103481
44,363,LosAngeles_Medium,train,MAPPER,3600,14,162,110,0.6790,1.0000,0.0000,977.5728,139.6532,0.5661,3.0794,557.3909,510.2325,2406.5420,0.8635,47.2922,44.9718,1907.2001,253.9403,622.5494,31127.4688,0,0,-0.0025,0.3237,0.4626,0.0890,648,0.6790,0.3210,3.0717,3458.8057,wave,0.2213,0.4356,1.7070,0.0000,1.0000,0.0000,76.0825,15,2662.5955,0.1985,1.0249,4,0,264719.6250,4.0000,0.0000,4.0000,0.6945,2.1309,0.0000,1.3825,16557.4277,139,1.8153,0.0000,0.0000,0.0000,513484.4062,17.0556,66265.7969,104.4381,100853
44,363,LosAngeles_Medium,train,MAPPO,3600,14,162,118,0.7284,1.0000,0.0000,1042.2203,115.8023,0.6974,3.0745,550.2966,590.5428,2311.7119,0.8402,47.2922,44.9718,1907.2001,253.9403,551.1420,27557.0996,0,0,-0.0011,0.0434,0.0010,0.0336,673,0.7284,0.2716,3.0689,3458.8057,wave,0.1791,0.3591,1.7070,0.0000,1.0000,0.0000,87.9543,15,2662.5198,0.1982,1.2301,4,0,272782.0000,4.1543,0.0000,4.1543,0.7108,2.0329,0.0000,1.6073,33283.3125,214,1.3858,0.0000,0.0000,0.0000,430654.3750,28.3395,41641.6562,173.6096,89285
44,364,Paris_Small,train,IPPO,3600,7,85,76,0.8941,1.0000,0.0000,610.8684,305.4342,0.3469,3.0499,307.8026,303.9747,1108.5530,0.7203,24.0518,22.4457,886.7552,227.5173,315.0706,31507.0586,0,0,-0.0009,0.2520,0.6763,0.1228,285,0.8941,0.1059,3.0614,1728.6516,wave,0.2886,0.6047,1.7299,0.0000,1.0000,0.0000,86.0920,16,1365.3022,0.2101,0.9349,9,0,84250.0312,3.3529,0.0000,3.3529,0.9019,0.9471,0.0000,1.2729,5377.1260,26,1.2764,0.0000,0.0000,0.0000,250743.5781,16.2588,15075.6328,73.3849,26781
44,364,Paris_Small,train,MAPPER,3600,7,85,72,0.8471,1.0000,0.0000,661.8195,220.6065,0.5540,3.0447,269.5833,395.8571,1105.7605,0.8203,24.0518,22.4457,886.7552,227.5173,364.6823,36468.2344,0,0,-0.0040,0.1926,0.4470,0.0639,325,0.8471,0.1529,3.0582,1728.6516,wave,0.3093,0.5652,1.7299,0.0000,1.0000,0.0000,48.4312,16,1365.3403,0.2111,1.0188,6,0,79614.7500,3.8235,0.0000,3.8235,0.8594,0.9527,0.0000,1.2663,4840.8838,36,1.5359,0.0000,0.0000,0.0000,297890.7812,12.5294,13518.6973,138.8493,30998
44,364,Paris_Small,train,MAPPO,3600,7,85,78,0.9176,1.0000,0.0000,513.0000,256.5000,0.4031,3.0480,265.9615,255.8916,1101.4091,0.8282,24.0518,22.4457,886.7552,227.5173,273.8353,27383.5293,0,0,-0.0000,0.0004,0.0028,0.0031,331,0.9176,0.0824,3.0596,1728.6516,wave,0.2504,0.4507,1.7299,0.0000,1.0000,0.0000,45.6797,16,1365.3138,0.2105,0.9694,5,1,85909.9062,3.8941,0.0000,3.8941,0.9099,0.9310,0.0000,1.1572,2676.6228,33,1.2140,0.0000,0.0000,0.0000,213041.8750,6.1176,5880.9199,143.8568,23276
44,365,Paris_Medium,train,IPPO,3600,14,168,151,0.8988,1.0000,0.0000,835.7417,119.3917,0.5025,3.0139,538.5960,324.2125,2065.1301,0.7669,46.7885,43.8747,1720.7650,248.7809,930.1607,46508.0391,0,0,-0.0006,0.3340,0.6725,0.1403,618,0.8988,0.1012,3.0166,3459.0376,wave,0.2714,0.5722,1.6187,0.0000,1.0000,0.0000,125.5700,14,2732.1719,0.2145,0.8970,10,1,311834.6562,3.6786,0.0000,3.6786,0.9275,1.7893,0.0000,1.2262,10107.5586,77,1.2631,0.0000,0.0000,0.0000,811727.8125,27.0298,117122.4062,114.5731,156267
44,365,Paris_Medium,train,MAPPER,3600,14,168,142,0.8452,1.0000,0.0000,849.0211,106.1276,0.5978,3.0119,482.6620,403.5333,2018.7290,0.8365,46.7885,43.8747,1720.7650,248.7809,902.1786,45108.9297,0,0,-0.0025,0.1922,0.4592,0.0672,601,0.8452,0.1548,3.0159,3459.0376,wave,0.1829,0.3407,1.6187,0.0000,1.0000,0.0000,78.9162,14,2732.1145,0.2145,0.9145,4,1,286659.5312,3.5774,0.0000,3.5774,0.8199,1.6819,0.0000,1.2173,10262.3164,90,1.4609,0.0000,0.0000,0.0000,776272.8750,15.4405,98893.6172,187.6229,151566
44,365,Paris_Medium,train,MAPPO,3600,14,168,154,0.9167,1.0000,0.0000,778.9351,97.3669,0.6367,3.0097,482.4805,339.2256,2030.6926,0.8418,46.7885,43.8747,1720.7650,248.7809,791.7440,39587.2031,0,0,0.0000,0.0006,0.0016,0.0038,606,0.9167,0.0833,3.0153,3459.0376,wave,0.2045,0.3789,1.6187,0.0000,1.0000,0.0000,76.3420,14,2732.2048,0.2150,0.9649,5,1,312726.6562,3.6071,0.0000,3.6071,0.9261,1.7519,0.0000,1.2755,12787.9678,107,1.4008,0.0000,0.0000,0.0000,670293.9375,13.9702,73034.5391,235.5672,133013
44,366,Tokyo_Small,train,IPPO,3600,10,90,73,0.8111,1.0000,0.0000,671.2192,134.2438,0.5288,3.0388,355.5479,340.2805,1435.3922,0.8074,29.2536,27.2025,1016.3101,199.5972,306.8000,30680.0000,0,0,-0.0006,0.3029,0.6719,0.1329,328,0.8111,0.1889,3.0569,1729.1200,wave,0.2644,0.4941,1.6516,0.0000,1.0000,0.0000,68.4695,14,1347.7164,0.2501,1.0763,5,0,104783.6328,3.6444,0.0000,3.6444,0.8492,1.0986,0.0000,1.4543,12044.7441,48,12.1094,0.0000,0.0000,0.0000,240933.7344,23.6667,16808.0664,54.1794,27612
44,366,Tokyo_Small,train,MAPPER,3600,10,90,66,0.7333,1.0000,0.0000,708.9849,177.2462,0.4846,3.0371,340.5454,392.9595,1414.2435,0.8306,29.2536,27.2025,1016.3101,199.5972,250.2778,25027.7773,0,0,-0.0012,0.1956,0.4103,0.0527,338,0.7333,0.2667,3.0580,1729.1200,wave,0.2879,0.5344,1.6516,0.0000,1.0000,0.0000,57.6967,14,1347.7225,0.2507,1.2173,6,1,93340.0703,3.7556,0.0000,3.7556,0.7891,1.1291,0.0000,1.5123,9916.6768,59,1.5251,0.0000,0.0000,0.0000,190546.3750,12.0222,10126.1738,78.0349,22525
44,366,Tokyo_Small,train,MAPPO,3600,10,90,71,0.7889,1.0000,0.0000,625.8169,125.1634,0.5474,3.0365,338.9437,301.0658,1429.2751,0.8434,29.2536,27.2025,1016.3101,199.5972,250.2000,25020.0000,0,0,0.0000,0.0008,0.0024,0.0050,331,0.7889,0.2111,3.0557,1729.1200,wave,0.2768,0.5098,1.6516,0.0000,1.0000,0.0000,53.0886,14,1347.7025,0.2505,1.1661,6,1,101478.5312,3.6778,0.0000,3.6778,0.8588,1.1422,0.0000,1.3126,7311.1172,61,16.4347,0.0000,0.0000,0.0000,190711.8594,14.3667,7786.5649,104.1966,22518
44,367,Tokyo_Medium,train,IPPO,3600,20,162,133,0.8210,1.0000,0.0000,921.6241,83.7840,0.5537,3.0584,525.5113,441.9524,2180.3765,0.8298,58.6443,56.0818,1796.1284,273.2256,823.5926,41179.6289,0,0,-0.0009,0.6627,0.6671,0.1998,633,0.8210,0.1790,3.0856,3457.1509,wave,0.2144,0.4126,1.6553,0.0000,1.0000,0.0000,89.4360,17,2691.8506,0.1946,0.9652,5,0,289990.0625,3.9074,0.0000,3.9074,0.8082,1.7796,0.0000,1.3240,15801.7246,109,1.3425,0.0000,0.0000,0.0000,714878.5000,23.0926,103747.2422,74.4654,133422
44,367,Tokyo_Medium,train,MAPPER,3600,20,162,115,0.7099,1.0000,0.0000,966.5913,80.5493,0.6092,3.0567,528.5913,546.2518,2216.4270,0.8386,58.6443,56.0818,1796.1284,273.2256,740.1481,37007.4062,0,0,-0.0020,0.2955,0.4642,0.0730,588,0.7099,0.2901,3.0849,3457.1509,wave,0.2724,0.5086,1.6553,0.0000,1.0000,0.0000,85.3059,17,2691.7769,0.1955,1.0616,5,0,254889.1094,3.6296,0.0000,3.6296,0.7466,1.9012,0.0000,1.3809,18238.4102,132,1.4355,0.0000,0.0000,0.0000,629000.8750,16.6049,83013.2578,116.5755,119904
44,367,Tokyo_Medium,train,MAPPO,3600,20,162,121,0.7469,1.0000,0.0000,992.4545,66.1636,0.7511,3.0537,518.6033,526.9853,2240.9966,0.8642,58.6443,56.0818,1796.1284,273.2256,788.6111,39430.5547,0,0,-0.0000,0.0009,0.0010,0.0048,635,0.7469,0.2531,3.0841,3457.1509,wave,0.2260,0.4388,1.6553,0.0000,1.0000,0.0000,70.4040,17,2691.9590,0.1954,1.1778,5,0,271160.5625,3.9198,0.0000,3.9198,0.7773,1.8814,0.0000,1.4885,29177.9121,153,2.2307,0.0000,0.0000,0.0000,674942.5000,28.8580,76691.5547,201.5404,127755
44,368,LosAngeles_Small,train,IPPO,3600,10,90,85,0.9444,1.0000,0.0000,606.7529,151.6882,0.4340,3.0970,299.2471,309.4222,1235.7395,0.8259,23.1288,20.9243,923.4532,216.3212,234.8556,23485.5547,0,0,-0.0007,0.1714,0.6676,0.1011,315,0.9444,0.0556,3.1247,1729.3108,wave,0.2373,0.4378,1.7141,0.0000,1.0000,0.0000,52.0992,15,1349.6544,0.2163,1.1321,6,1,105037.8516,3.5000,0.0000,3.5000,0.9552,0.9806,0.0000,1.4466,6181.4785,64,1.3606,0.0000,0.0000,0.0000,179464.1094,17.9111,13310.5723,31.5700,21137
44,368,LosAngeles_Small,train,MAPPER,3600,10,90,72,0.8000,1.0000,0.0000,715.3472,178.8368,0.4915,3.0955,285.4028,481.9114,1183.4164,0.8293,23.1288,20.9243,923.4532,216.3212,213.5889,21358.8887,0,0,-0.0023,0.1834,0.3808,0.0555,349,0.8000,0.2000,3.1242,1729.3108,wave,0.2854,0.5248,1.7141,0.0000,1.0000,0.0000,48.7195,15,1349.5878,0.2168,1.2148,5,0,85205.9844,3.8778,0.0000,3.8778,0.7575,0.9181,0.0000,1.5692,11346.0332,67,1.4356,0.0000,0.0000,0.0000,156069.9844,11.1111,8874.8203,57.4622,19223
44,368,LosAngeles_Small,train,MAPPO,3600,10,90,77,0.8556,1.0000,0.0000,702.9870,117.1645,0.6438,3.0929,275.8831,484.1059,1172.8669,0.8503,23.1288,20.9184,919.8307,218.3544,255.1889,25518.8887,0,0,-0.0004,0.0005,0.0015,0.0037,362,0.8652,0.1348,3.1217,1729.3108,wave,0.2368,0.4348,1.7215,0.0000,1.0000,0.0000,41.3097,15,1349.5586,0.2166,1.3071,5,0,90310.7578,4.0222,0.0000,4.0222,0.8413,0.9534,0.0000,1.5352,11681.2666,90,1.7164,0.0000,0.0000,0.0000,196902.5156,16.9778,9170.4092,95.0106,22967
44,369,LosAngeles_Medium,train,IPPO,3600,20,173,133,0.7688,1.0000,0.0000,942.0226,78.5019,0.6027,3.0819,557.8271,432.6667,2251.4614,0.8072,47.7834,45.1480,1768.5690,251.7295,773.4451,38672.2539,0,0,-0.0006,0.8393,0.6608,0.2204,740,0.7688,0.2312,3.0953,3458.3093,wave,0.1886,0.3620,1.7334,0.0000,1.0000,0.0000,107.5348,15,2676.0237,0.1652,1.0572,5,1,299444.3750,4.2775,0.0000,4.2775,0.7774,1.9046,0.0000,1.5420,21356.6973,148,1.2801,0.0000,0.0000,0.0000,682673.7500,26.4913,108158.3438,57.4825,133806
44,369,LosAngeles_Medium,train,MAPPER,3600,20,173,111,0.6416,1.0000,0.0000,975.5856,81.2988,0.6377,3.0822,547.2252,485.5231,2245.5876,0.8207,47.7834,45.1480,1768.5690,251.7295,741.1156,37055.7812,0,0,-0.0027,0.3812,0.4526,0.1028,703,0.6416,0.3584,3.0955,3458.3093,wave,0.2218,0.4171,1.7334,0.0000,1.0000,0.0000,98.1077,15,2676.2864,0.1647,1.1403,4,1,249260.2344,4.0636,0.0000,4.0636,0.6283,1.8444,0.0000,1.5882,28438.5059,152,1.7683,0.0000,0.0000,0.0000,648232.8750,18.2948,95141.5156,98.2836,128213
44,369,LosAngeles_Medium,train,MAPPO,3600,20,173,120,0.6936,1.0000,0.0000,948.6250,67.7589,0.7307,3.0760,530.5750,544.7171,2250.4050,0.8483,47.7834,45.1480,1768.5690,251.7295,569.9307,28496.5312,0,0,-0.0023,0.0022,0.0010,0.0072,717,0.6936,0.3064,3.0931,3458.3093,wave,0.2464,0.4564,1.7334,0.0000,1.0000,0.0000,80.4940,15,2676.4180,0.1650,1.1757,4,0,270048.6250,4.1445,0.0000,4.1445,0.6797,1.8457,0.0000,1.5341,30888.1914,217,3.8438,0.0000,0.0000,0.0000,473527.7812,32.7052,53539.6172,164.0523,98598
44,370,Paris_Small,train,IPPO,3600,10,93,90,0.9677,1.0000,0.0000,550.9778,183.6593,0.3935,3.0203,286.9778,262.6129,1089.0054,0.7589,23.3497,21.6988,888.8567,239.6523,377.8065,37780.6445,0,0,-0.0006,0.1940,0.6608,0.1010,341,0.9677,0.0323,2.9941,1729.0742,wave,0.1816,0.3315,1.5645,0.0000,1.0000,1.0000,69.1767,14,1361.4734,0.2170,1.0124,5,1,98010.4844,3.6667,0.0000,3.6667,0.9820,0.8044,0.0000,1.1980,2796.2693,35,1.0769,0.0000,0.0000,0.0000,320486.5312,19.4839,22985.4512,73.3332,35136
44,370,Paris_Small,train,MAPPER,3600,10,93,81,0.8710,1.0000,0.0000,657.3210,131.4642,0.5466,3.0181,274.9753,396.9419,1096.2015,0.7973,23.3497,21.6988,888.8567,239.6523,403.6667,40366.6680,0,0,-0.0036,0.0616,0.3211,0.0354,354,0.8710,0.1290,2.9941,1729.0742,wave,0.2149,0.3954,1.5645,0.0000,1.0000,1.0000,55.7350,14,1361.5161,0.2163,1.1080,6,1,88792.3203,3.8065,0.0000,3.8065,0.9012,0.8203,0.0000,1.3382,5320.6904,46,1.5207,0.0000,0.0000,0.0000,342941.4062,11.0108,20099.8418,126.8160,37541
44,370,Paris_Small,train,MAPPO,3600,10,93,90,0.9677,1.0000,0.0000,603.3444,120.6689,0.5169,3.0177,261.4445,336.8261,1089.8333,0.8337,23.3497,21.6988,888.8567,239.6523,287.7097,28770.9668,0,0,0.0000,0.0005,0.0016,0.0035,336,0.9677,0.0323,2.9936,1729.0742,wave,0.1600,0.2981,1.5645,0.0000,1.0000,1.0000,43.4778,14,1361.8386,0.2180,1.1160,4,1,98084.9922,3.6129,0.0000,3.6129,0.9703,0.7948,0.0000,1.3229,6947.6201,49,1.5560,0.0000,0.0000,0.0000,229168.8438,9.3333,5701.7051,167.8625,26757
44,371,Paris_Medium,train,IPPO,3600,20,162,142,0.8765,1.0000,0.0000,863.4718,86.3472,0.5301,3.0058,556.0845,324.4843,2300.5942,0.8274,46.6114,42.4594,1899.9003,260.8878,1063.3889,53169.4414,0,0,-0.0006,0.2537,0.6584,0.1126,605,0.8765,0.1235,2.9752,3459.6797,wave,0.1899,0.3532,1.6725,0.0000,1.0000,1.0000,95.9657,14,2715.5532,0.1940,0.8920,4,1,326684.3750,3.7346,0.0000,3.7346,0.8878,2.1446,0.0000,1.2478,13305.2617,98,1.2692,0.0000,0.0000,0.0000,952119.1250,29.3272,135531.4844,115.5069,172269
44,371,Paris_Medium,train,MAPPER,3600,20,162,130,0.8025,1.0000,0.0000,920.9308,92.0931,0.5378,3.0061,535.2538,424.4375,2236.2322,0.8356,46.6114,42.4594,1899.9003,260.8878,898.0741,44903.7031,0,0,-0.0030,0.1247,0.4001,0.0556,678,0.8025,0.1975,2.9739,3459.6797,wave,0.1846,0.3461,1.6725,0.0000,1.0000,1.0000,88.0074,14,2715.4585,0.1914,0.9442,4,1,290710.1875,4.1852,0.0000,4.1852,0.8151,2.1507,0.0000,1.2836,10531.1357,105,1.5926,0.0000,0.0000,0.0000,774768.1250,14.0679,97797.5859,171.0816,145488
44,371,Paris_Medium,train,MAPPO,3600,20,162,146,0.9012,1.0000,0.0000,852.7534,65.5964,0.6504,3.0037,543.6781,328.5325,2290.0647,0.8424,46.6114,42.4594,1899.9003,260.8878,643.1111,32155.5547,0,0,-0.0011,0.0059,0.0009,0.0114,655,0.9012,0.0988,2.9729,3459.6797,wave,0.1473,0.2844,1.6725,0.0000,1.0000,1.0000,85.6652,14,2715.6123,0.1929,0.9287,4,1,334349.4375,4.0432,0.0000,4.0432,0.9207,2.1633,0.0000,1.3117,14379.3027,109,1.9605,0.0000,0.0000,0.0000,530053.6875,13.5741,51301.7852,213.3785,104184
44,372,Tokyo_Small,train,IPPO,3600,25,91,78,0.8571,1.0000,0.0000,534.4615,53.4462,0.4332,3.0629,218.2949,329.9765,921.9355,0.8447,28.2797,25.5803,736.0549,284.0854,448.1978,44819.7812,0,0,-0.0008,0.2493,0.6594,0.1177,330,0.8571,0.1429,3.0572,1728.9003,wave,0.2237,0.4038,1.6276,0.0000,1.0000,1.0000,33.9078,14,1353.7158,0.2314,1.1905,5,1,71910.9688,3.6264,0.0000,3.6264,0.8631,0.7653,0.0000,1.3781,7156.7412,45,1.8638,0.0000,0.0000,0.0000,394854.1562,24.7582,31204.0234,51.9541,40786
44,372,Tokyo_Small,train,MAPPER,3600,25,91,75,0.8242,1.0000,0.0000,635.9600,52.9967,0.4989,3.0613,225.2533,411.6385,955.0267,0.8480,28.2797,25.5803,736.0549,284.0854,271.3077,27130.7695,0,0,-0.0029,0.1218,0.3744,0.0497,324,0.8242,0.1758,3.0562,1728.9003,wave,0.2851,0.5229,1.6276,0.0000,1.0000,1.0000,34.2480,14,1353.7206,0.2302,1.2942,6,0,71627.0078,3.5604,0.0000,3.5604,0.8530,0.7865,0.0000,1.4783,10502.4463,62,2.2813,0.0000,0.0000,0.0000,218571.3906,10.1099,13378.3467,71.5579,24689
44,372,Tokyo_Small,train,MAPPO,3600,25,91,84,0.9231,1.0000,0.0000,531.1786,53.1179,0.4290,3.0642,223.6667,316.7556,952.8133,0.8520,28.2797,25.5803,736.0549,284.0854,158.4945,15849.4502,0,0,-0.0015,0.0160,0.0013,0.0190,334,0.9231,0.0769,3.0571,1728.9003,wave,0.2770,0.5000,1.6276,0.0000,1.0000,1.0000,33.1040,14,1353.6989,0.2307,1.2770,6,1,80036.3203,3.6703,0.0000,3.6703,0.9472,0.7798,0.0000,1.4900,8056.1177,59,1.7068,0.0000,0.0000,0.0000,104469.8203,4.7912,3009.1460,71.4038,14423
44,373,Tokyo_Medium,train,IPPO,3600,50,155,116,0.7484,1.0000,0.0000,1026.9913,34.2330,0.6178,3.0687,587.3190,515.0724,2333.9565,0.7948,58.4549,53.8523,1903.2748,293.6074,1595.3741,79768.7109,0,0,-0.0006,0.5247,0.6503,0.1757,629,0.7484,0.2516,3.0802,3456.8142,wave,0.2411,0.4709,1.5917,0.0000,1.0000,0.0000,120.5276,15,2695.6748,0.1746,1.1235,5,0,270738.9688,4.0581,0.0000,4.0581,0.7259,1.6956,0.0000,1.4023,23394.5254,139,15.8182,0.0000,0.0000,0.0000,1486428.1250,29.9484,214927.2344,99.8027,247283
44,373,Tokyo_Medium,train,MAPPER,3600,50,155,113,0.7290,1.0000,0.0000,1039.1947,33.5224,0.6371,3.0675,539.6548,554.0853,2296.9756,0.8513,58.4549,53.8523,1903.2748,293.6074,806.7355,40336.7734,0,0,-0.0025,0.2344,0.3708,0.0436,597,0.7290,0.2710,3.0774,3456.8142,wave,0.2296,0.4307,1.5917,0.0000,1.0000,0.0000,80.2597,15,2695.6731,0.1749,1.0871,4,0,259558.2344,3.8516,0.0000,3.8516,0.6812,1.6333,0.0000,1.3197,20906.0000,148,2.4730,0.0000,0.0000,0.0000,696552.7500,14.9032,83105.7500,160.3889,125044
44,373,Tokyo_Medium,train,MAPPO,3600,50,155,122,0.7871,1.0000,0.0000,1075.2131,30.7204,0.7190,3.0665,549.7951,538.3955,2360.8291,0.8588,58.4549,53.8523,1895.4005,295.2490,587.9097,29395.4844,0,0,-0.0017,0.0054,0.0004,0.0108,560,0.7974,0.2026,3.0768,3456.8142,wave,0.1790,0.3474,1.5921,0.0000,1.0000,0.0000,77.6293,15,2695.8557,0.1734,1.1914,3,0,288021.1562,3.6129,0.0000,3.6129,0.8094,1.7976,0.0000,1.5974,31050.5195,185,18.2061,0.0000,0.0000,0.0000,475172.5312,25.8516,38850.6133,224.5260,91126
44,374,LosAngeles_Small,train,IPPO,3600,25,92,75,0.8152,1.0000,0.0000,513.8000,46.7091,0.4507,3.0805,249.4267,315.7470,1061.1750,0.8509,24.3267,22.5430,848.2392,235.2417,504.8152,50481.5234,0,0,-0.0010,0.1980,0.6524,0.1083,346,0.8152,0.1848,3.1029,1728.6509,wave,0.2653,0.4817,1.7339,0.0000,1.0000,0.0000,37.1917,14,1341.7736,0.1613,1.1810,5,0,79588.1250,3.7609,0.0000,3.7609,0.8093,0.8705,0.0000,1.6540,13797.3135,54,2.3392,0.0000,0.0000,0.0000,451824.8750,23.5870,37286.6211,46.5368,46443
44,374,LosAngeles_Small,train,MAPPER,3600,25,92,73,0.7935,1.0000,0.0000,616.3973,47.4152,0.5297,3.0780,252.4658,401.0380,1096.7860,0.8689,24.3267,22.5430,848.2392,235.2417,294.4456,29444.5645,0,0,-0.0036,0.1253,0.3006,0.0321,312,0.7935,0.2065,3.1027,1728.6509,wave,0.2288,0.4202,1.7339,0.0000,1.0000,0.0000,33.1086,14,1341.8236,0.1623,1.3337,5,1,80065.3828,3.3913,0.0000,3.3913,0.7943,0.8778,0.0000,1.6200,10898.9287,80,2.3778,0.0000,0.0000,0.0000,240926.0469,18.5761,14932.1172,78.6219,27089
44,374,LosAngeles_Small,train,MAPPO,3600,25,92,81,0.8804,1.0000,0.0000,468.2716,46.8272,0.4066,3.0814,251.9753,235.6977,1086.3612,0.8623,24.3267,22.5430,848.2392,235.2417,167.5326,16753.2617,0,0,-0.0000,0.0009,0.0009,0.0041,320,0.8804,0.1196,3.1052,1728.6509,wave,0.2564,0.4699,1.7339,0.0000,1.0000,0.0000,34.7031,14,1341.8639,0.1614,1.1348,5,0,87995.2578,3.4783,0.0000,3.4783,0.9123,0.9086,0.0000,1.4107,6504.5884,47,1.6588,0.0000,0.0000,0.0000,115348.3359,4.7826,4120.8818,70.5578,15413
44,375,LosAngeles_Medium,train,IPPO,3600,50,166,136,0.8193,1.0000,0.0000,979.1691,28.7991,0.6878,3.0735,541.7647,499.0250,2210.7271,0.8161,47.0538,43.7937,1835.0444,251.4201,1553.2650,77663.2500,0,0,-0.0004,0.4591,0.6445,0.1650,621,0.8193,0.1807,3.0887,3458.2439,wave,0.1956,0.4017,1.6932,0.0000,1.0000,0.0000,99.6193,16,2668.1577,0.1464,1.1592,6,0,300658.8750,3.7410,0.0000,3.7410,0.8196,1.8890,0.0000,1.4905,22596.2656,185,3.5031,0.0000,0.0000,0.0000,1453913.0000,31.4337,228445.5469,77.7369,257842
44,375,LosAngeles_Medium,train,MAPPER,3600,50,166,132,0.7952,1.0000,0.0000,933.5076,28.2881,0.6731,3.0743,531.4167,474.0134,2275.6882,0.8565,47.0538,43.7937,1835.0444,251.4201,675.9156,33795.7812,0,0,-0.0022,0.1800,0.3681,0.0426,590,0.7952,0.2048,3.0895,3458.2439,wave,0.1497,0.2969,1.6932,0.0000,1.0000,0.0000,76.2791,16,2668.2334,0.1440,1.0596,4,1,300390.8438,3.5542,0.0000,3.5542,0.7662,1.8196,0.0000,1.3680,17518.1914,150,2.3918,0.0000,0.0000,0.0000,576988.4375,24.7952,76114.8828,118.4671,112202
44,375,LosAngeles_Medium,train,MAPPO,3600,50,166,132,0.7952,1.0000,0.0000,924.0000,26.4000,0.7187,3.0725,529.7955,448.4558,2266.0088,0.8554,47.0538,43.7937,1844.0803,253.6348,426.7711,21338.5547,0,0,-0.0010,0.0045,0.0003,0.0097,617,0.8049,0.1951,3.0882,3458.2439,wave,0.1750,0.3402,1.6913,0.0000,1.0000,0.0000,76.5937,16,2668.2278,0.1465,1.2279,4,1,299113.1562,3.7169,0.0000,3.7169,0.7789,1.8497,0.0000,1.5361,25210.8359,216,2.4144,0.0000,0.0000,0.0000,326378.4062,22.9518,27072.3828,163.2945,70844
44,376,Paris_Small,train,IPPO,3600,25,90,87,0.9667,1.0000,0.0000,561.8161,56.1816,0.4077,3.0345,277.1609,283.0337,1130.6504,0.8159,23.7096,21.6738,927.4669,256.0348,690.5111,69051.1094,0,0,-0.0007,0.1902,0.6464,0.0954,325,0.9667,0.0333,3.0333,1729.2894,wave,0.1881,0.3600,1.6774,0.0000,1.0000,0.0000,51.0308,14,1360.2892,0.1071,0.9808,6,1,98366.5859,3.6111,0.0000,3.6111,0.9869,1.0351,0.0000,1.2083,2735.8721,37,1.5005,0.0000,0.0000,0.0000,635016.6250,18.9889,49838.5273,81.2568,62146
44,376,Paris_Small,train,MAPPER,3600,25,90,82,0.9111,1.0000,0.0000,571.6707,51.9701,0.4750,3.0327,269.3293,313.8140,1142.9055,0.8487,23.7096,21.6738,927.4669,256.0348,381.9222,38192.2227,0,0,-0.0023,0.1107,0.2964,0.0276,309,0.9111,0.0889,3.0329,1729.2894,wave,0.2044,0.3723,1.6774,0.0000,1.0000,0.0000,40.7482,14,1360.3545,0.1076,1.1808,5,1,93718.2500,3.4333,0.0000,3.4333,0.9281,1.0328,0.0000,1.2725,6057.4951,52,1.6247,0.0000,0.0000,0.0000,324532.1250,8.5889,19856.7168,103.9038,34373
44,376,Paris_Small,train,MAPPO,3600,25,90,88,0.9778,1.0000,0.0000,498.5909,49.8591,0.4224,3.0348,268.0000,229.4494,1123.8687,0.8387,23.7096,21.6738,927.4669,256.0348,253.3445,25334.4453,0,0,-0.0000,0.0005,0.0005,0.0030,334,0.9778,0.0222,3.0343,1729.2894,wave,0.2114,0.3930,1.6774,0.0000,1.0000,0.0000,43.2263,14,1360.2944,0.1074,1.0220,6,1,98900.4453,3.7111,0.0000,3.7111,0.9886,1.0251,0.0000,1.2043,2789.9370,37,1.5415,0.0000,0.0000,0.0000,198133.7812,6.4222,6684.0610,123.8685,22801
44,377,Paris_Medium,train,IPPO,3600,50,161,130,0.8075,1.0000,0.0000,868.8615,29.9607,0.5831,3.0331,526.4539,395.2993,2214.7288,0.8414,47.1788,45.3598,1884.0333,249.3254,2477.2361,123861.8047,0,0,-0.0005,0.4111,0.6400,0.1552,577,0.8075,0.1925,3.0492,3458.8345,wave,0.1879,0.3592,1.5422,0.0000,1.0000,0.0000,83.5081,15,2728.1528,0.1172,0.9757,4,1,287914.7500,3.5839,0.0000,3.5839,0.8022,1.7461,0.0000,1.2738,12504.6523,116,2.0221,0.0000,0.0000,0.0000,2358605.0000,28.7329,355122.9062,152.8750,398835
44,377,Paris_Medium,train,MAPPER,3600,50,161,132,0.8199,1.0000,0.0000,919.8257,30.6609,0.6176,3.0309,527.0757,415.9792,2212.8359,0.8397,47.1788,45.3598,1884.0333,249.3254,1194.7267,59736.3359,0,0,-0.0018,0.1017,0.3666,0.0415,589,0.8199,0.1801,3.0471,3458.8345,wave,0.2154,0.4215,1.5422,0.0000,1.0000,0.0000,84.5085,15,2728.0105,0.1172,1.0058,5,0,292094.3438,3.6584,0.0000,3.6584,0.8001,1.7152,0.0000,1.2609,13379.9521,131,2.8298,0.0000,0.0000,0.0000,1071761.2500,17.8944,132916.5312,246.1952,192351
44,377,Paris_Medium,train,MAPPO,3600,50,161,147,0.9130,1.0000,0.0000,844.8300,27.2526,0.6264,3.0306,526.4558,344.4684,2222.3843,0.8443,47.1788,45.3598,1885.6874,246.4573,608.2236,30411.1797,0,0,0.0000,0.0002,0.0003,0.0018,571,0.9187,0.0813,3.0476,3458.8345,wave,0.1681,0.3199,1.5473,0.0000,1.0000,0.0000,81.9789,15,2728.0364,0.1173,0.9072,4,1,326690.4688,3.5466,0.0000,3.5466,0.9277,1.7858,0.0000,1.1932,9197.1973,109,2.9745,0.0000,0.0000,0.0000,494026.9375,17.3851,32277.2598,293.5497,97924
44,378,Tokyo_Small,train,IPPO,3600,7,73,50,0.6849,1.0000,0.0000,580.2400,290.1200,0.3871,3.0700,320.8400,279.8361,1322.1410,0.8242,29.4270,26.6371,915.2647,317.8132,208.9178,20891.7812,0,0,-0.0006,0.2217,0.6424,0.1116,267,0.6849,0.3151,3.0626,1676.5592,uniform,0.3071,0.5865,1.6612,0.0000,1.0000,0.0000,56.4118,15,1319.5164,0.0478,1.0751,5,0,66107.0547,3.6575,0.0000,3.6575,0.7752,1.0107,0.0000,1.2802,3942.8401,34,1.4380,0.0000,0.0000,0.0000,144115.0312,17.6849,7090.8911,46.9804,15251
44,378,Tokyo_Small,train,MAPPER,3600,7,73,45,0.6164,1.0000,0.0000,573.0444,286.5222,0.3889,3.0698,286.5111,324.5000,1201.2725,0.8386,29.4270,26.6371,915.2647,317.8132,195.1918,19519.1777,0,0,-0.0026,0.1051,0.2965,0.0316,246,0.6164,0.3836,3.0618,1676.5592,uniform,0.3433,0.6238,1.6612,0.0000,1.0000,0.0000,46.2566,15,1319.5037,0.0483,1.3721,3,0,54057.2617,3.3699,0.0000,3.3699,0.5762,0.8348,0.0000,1.4045,5438.6436,49,1.2527,0.0000,0.0000,0.0000,131001.5078,7.6712,5094.7271,61.2116,14249
44,378,Tokyo_Small,train,MAPPO,3600,7,73,54,0.7397,1.0000,0.0000,501.2963,250.6481,0.4093,3.0695,297.7037,218.4138,1226.4713,0.8240,29.4270,26.6371,915.2647,317.8132,176.9589,17695.8906,0,0,0.0000,0.0006,0.0005,0.0027,266,0.7397,0.2603,3.0613,1676.5592,uniform,0.2222,0.4157,1.6612,0.0000,1.0000,0.0000,52.4094,15,1319.6014,0.0482,1.1243,3,1,66229.4531,3.6438,0.0000,3.6438,0.7207,0.8701,0.0000,1.2814,4465.9805,38,1.1713,0.0000,0.0000,0.0000,112737.2500,10.1781,2142.3660,83.3909,12918
44,379,Tokyo_Medium,train,IPPO,3600,14,124,79,0.6371,1.0000,0.0000,890.1519,178.0304,0.4249,3.0893,526.4177,425.8700,2203.6140,0.8372,58.6201,54.1546,1687.8602,314.8108,672.0565,33602.8242,0,0,-0.0009,0.7543,0.6332,0.2110,473,0.6371,0.3629,3.0769,3353.3936,uniform,0.2708,0.5402,1.6312,0.0000,1.0000,0.0000,85.6949,14,2633.6814,0.0338,1.0299,3,0,174085.5000,3.8145,0.0000,3.8145,0.6793,1.7721,0.0000,1.3495,13916.2617,80,1.3961,0.0000,0.0000,0.0000,557718.1875,19.9839,60303.7266,71.4005,83335
44,379,Tokyo_Medium,train,MAPPER,3600,14,124,72,0.5806,1.0000,0.0000,879.3333,175.8667,0.3696,3.0894,548.5833,394.9535,2361.7610,0.8610,58.6201,54.1546,1687.8602,314.8108,757.1290,37856.4531,0,0,-0.0035,0.2475,0.4031,0.0971,488,0.5806,0.4194,3.0760,3353.3936,uniform,0.2257,0.5241,1.6312,0.0000,1.0000,0.0000,76.2311,14,2633.6477,0.0343,1.0123,4,0,170046.7969,3.9355,0.0000,3.9355,0.6416,1.8364,0.0000,1.2537,8499.5781,76,1.2413,0.0000,0.0000,0.0000,643173.1875,12.9516,65524.3359,114.7527,93884
44,379,Tokyo_Medium,train,MAPPO,3600,14,124,71,0.5726,1.0000,0.0000,881.2817,146.8803,0.4581,3.0863,557.4225,414.9778,2375.8218,0.8524,58.6201,54.1546,1687.8602,314.8108,522.7419,26137.0977,0,0,-0.0000,0.0006,0.0002,0.0035,492,0.5726,0.4274,3.0725,3353.3936,uniform,0.2805,0.5453,1.6312,0.0000,1.0000,0.0000,82.2582,14,2633.7593,0.0350,1.1239,2,0,168683.3594,3.9677,0.0000,3.9677,0.6525,1.8937,0.0000,1.3766,15682.4561,101,1.5490,0.0000,0.0000,0.0000,410314.6250,20.8790,27805.1875,186.0813,64820
44,380,LosAngeles_Small,train,IPPO,3600,7,77,53,0.6883,1.0000,0.0000,564.1321,282.0660,0.3898,3.0964,295.3962,311.8750,1204.3477,0.8154,22.4178,19.0136,884.7120,228.0024,231.7922,23179.2207,0,0,-0.0004,0.2964,0.6325,0.1320,308,0.6883,0.3117,3.1058,1677.8848,uniform,0.2967,0.5390,1.5413,0.0000,1.0000,0.0000,54.5267,14,1311.0850,0.0451,1.0535,3,0,63830.4258,4.0000,0.0000,4.0000,0.7442,0.8902,0.0000,1.3124,5056.8994,44,1.1813,0.0000,0.0000,0.0000,167297.5781,19.4026,9352.7627,45.8342,17848
44,380,LosAngeles_Small,train,MAPPER,3600,7,77,49,0.6364,1.0000,0.0000,563.2449,281.6224,0.3819,3.0965,278.7551,327.7414,1191.5106,0.8549,22.4178,19.0136,884.7120,228.0024,204.5455,20454.5449,0,0,-0.0026,0.0775,0.2664,0.0392,304,0.6364,0.3636,3.1049,1677.8848,uniform,0.2279,0.4604,1.5413,0.0000,1.0000,0.0000,40.4530,14,1311.0823,0.0454,1.1604,4,1,58384.0195,3.9481,0.0000,3.9481,0.7207,0.9325,0.0000,1.3767,5217.4746,46,1.1354,0.0000,0.0000,0.0000,142847.1875,9.6883,6796.7651,54.5785,15750
44,380,LosAngeles_Small,train,MAPPO,3600,7,77,55,0.7143,1.0000,0.0000,577.5455,288.7727,0.3388,3.0961,296.0545,307.4844,1241.0972,0.8384,22.4178,19.0136,884.7120,228.0024,208.9740,20897.4023,0,0,0.0000,0.0002,0.0003,0.0020,321,0.7143,0.2857,3.1042,1677.8848,uniform,0.2127,0.4245,1.5413,0.0000,1.0000,0.0000,47.8351,14,1311.0961,0.0444,1.2381,4,0,68260.3438,4.1688,0.0000,4.1688,0.8022,0.9247,0.0000,1.5286,7846.4722,55,1.1851,0.0000,0.0000,0.0000,145757.7812,17.0000,4204.6982,91.1527,16091
44,381,LosAngeles_Medium,train,IPPO,3600,14,113,80,0.7080,1.0000,0.0000,855.7000,171.1400,0.3774,3.1056,496.5000,422.7723,2040.7257,0.8220,47.3717,42.9490,1623.6298,288.3252,581.9469,29097.3457,0,0,-0.0011,0.3744,0.6249,0.1462,473,0.7080,0.2920,3.0945,3352.1577,uniform,0.2957,0.6144,1.6252,0.0000,1.0000,0.0000,88.3549,15,2616.5103,0.0324,1.0634,5,0,163258.0469,4.1858,0.0000,4.1858,0.7280,1.6845,0.0000,1.5113,11875.4102,89,1.1697,0.0000,0.0000,0.0000,455341.2500,20.5044,44958.6875,57.4779,65760
44,381,LosAngeles_Medium,train,MAPPER,3600,14,113,81,0.7168,1.0000,0.0000,781.1975,156.2395,0.3689,3.1051,489.1852,359.6562,2116.0757,0.8651,47.3717,42.9490,1623.6298,288.3252,431.4071,21570.3535,0,0,-0.0039,0.0998,0.3772,0.0313,434,0.7168,0.2832,3.0942,3352.1577,uniform,0.2352,0.4783,1.6252,0.0000,1.0000,0.0000,65.9700,15,2616.4026,0.0320,0.9247,3,0,171402.1406,3.8407,0.0000,3.8407,0.7574,1.7308,0.0000,1.2366,7475.9844,74,1.4436,0.0000,0.0000,0.0000,311336.5625,9.4336,27096.9688,71.5419,48749
44,381,LosAngeles_Medium,train,MAPPO,3600,14,113,85,0.7522,1.0000,0.0000,758.0353,151.6071,0.3921,3.1046,480.1765,369.3585,2084.7024,0.8683,47.3717,42.9490,1623.6298,288.3252,346.5487,17327.4336,0,0,0.0000,0.0003,0.0002,0.0023,457,0.7522,0.2478,3.0939,3352.1577,uniform,0.3120,0.5947,1.6252,0.0000,1.0000,0.0000,63.2360,15,2616.3809,0.0323,1.0779,3,0,177199.7031,4.0442,0.0000,4.0442,0.7773,1.6927,0.0000,1.3772,11145.5342,104,1.4793,0.0000,0.0000,0.0000,225854.6562,11.2920,14913.8594,93.8752,39160
44,382,Paris_Small,train,IPPO,3600,7,71,57,0.8028,1.0000,0.0000,465.3333,465.3333,0.2677,3.0667,231.8772,243.1746,955.5195,0.8242,23.3609,21.5723,739.7106,254.2677,288.7324,28873.2402,0,0,-0.0010,0.2313,0.6279,0.1160,278,0.8028,0.1972,3.0699,1675.4961,uniform,0.2335,0.4326,1.6047,0.0000,1.0000,0.0000,40.7733,14,1334.2452,0.0387,1.2205,4,1,54464.6133,3.9155,0.0000,3.9155,0.8503,0.8156,0.0000,1.3229,3644.4294,37,1.4717,0.0000,0.0000,0.0000,216157.9531,15.3521,10741.1426,64.8757,20500
44,382,Paris_Small,train,MAPPER,3600,7,71,55,0.7746,1.0000,0.0000,475.0545,237.5273,0.3872,3.0661,221.6545,263.0000,930.2759,0.8394,23.3609,21.5723,739.7106,254.2677,250.9155,25091.5488,0,0,-0.0032,0.1047,0.3062,0.0274,272,0.7746,0.2254,3.0701,1675.4961,uniform,0.2720,0.4963,1.6047,0.0000,1.0000,0.0000,35.5993,14,1334.1942,0.0387,1.0180,4,1,51165.1758,3.8310,0.0000,3.8310,0.8121,0.8073,0.0000,1.2905,2127.4031,24,1.5254,0.0000,0.0000,0.0000,181736.4375,8.2113,6165.7012,94.8971,17815
44,382,Paris_Small,train,MAPPO,3600,7,71,58,0.8169,1.0000,0.0000,384.5690,384.5690,0.2213,3.0672,224.8621,177.4844,938.0400,0.8343,23.3609,21.5723,739.7106,254.2677,243.0704,24307.0430,0,0,0.0000,0.0004,0.0007,0.0024,258,0.8169,0.1831,3.0719,1675.4961,uniform,0.2379,0.4416,1.6047,0.0000,1.0000,0.0000,37.2541,14,1334.1945,0.0386,1.1235,4,1,54406.3242,3.6338,0.0000,3.6338,0.8596,0.8104,0.0000,1.3190,4934.2959,23,1.0000,0.0000,0.0000,0.0000,174517.5469,5.5915,5190.2510,101.4170,17258
44,383,Paris_Medium,train,IPPO,3600,14,122,98,0.8033,1.0000,0.0000,754.6429,125.7738,0.4318,3.0450,483.1837,311.3077,1987.8308,0.8228,46.4492,41.6488,1659.2264,305.7652,880.7377,44036.8867,0,0,-0.0007,0.2533,0.6189,0.1118,479,0.8033,0.1967,3.0370,3353.0093,uniform,0.2255,0.4324,1.5530,0.0000,1.0000,0.0000,85.6175,14,2642.3318,0.0228,0.8496,3,0,194807.4219,3.9262,0.0000,3.9262,0.8153,1.5392,0.0000,1.1303,4269.2119,53,1.1819,0.0000,0.0000,0.0000,747430.1250,22.6475,76639.7422,119.2374,107450
44,383,Paris_Medium,train,MAPPER,3600,14,122,90,0.7377,1.0000,0.0000,766.6889,153.3378,0.3926,3.0446,486.2222,323.4300,2056.7805,0.8460,46.4492,41.6488,1659.2264,305.7652,772.7787,38638.9336,0,0,-0.0021,0.1181,0.3225,0.0392,472,0.7377,0.2623,3.0366,3353.0093,uniform,0.2581,0.4884,1.5530,0.0000,1.0000,0.0000,74.8661,14,2642.4490,0.0225,0.9450,3,0,185110.2500,3.8689,0.0000,3.8689,0.8103,1.6658,0.0000,1.2270,5815.7476,67,1.3534,0.0000,0.0000,0.0000,638828.0625,13.0164,56354.9102,176.9051,94279
44,383,Paris_Medium,train,MAPPO,3600,14,122,90,0.7377,1.0000,0.0000,768.9667,128.1611,0.4767,3.0428,500.2000,321.9524,2099.8877,0.8396,46.4492,41.6488,1659.2264,305.7652,787.1885,39359.4258,0,0,0.0000,0.0003,0.0002,0.0015,485,0.7377,0.2623,3.0347,3353.0093,uniform,0.2822,0.5375,1.5530,0.0000,1.0000,0.0000,80.2225,14,2642.4319,0.0233,1.0241,3,0,188989.8906,3.9754,0.0000,3.9754,0.7898,1.6238,0.0000,1.2644,8610.1123,82,1.4890,0.0000,0.0000,0.0000,652305.7500,20.9344,44150.6328,290.4177,96037
44,384,Tokyo_Small,train,IPPO,3600,10,81,58,0.7160,1.0000,0.0000,608.2414,202.7471,0.3709,3.0976,294.1724,330.3971,1141.1416,0.7758,29.3453,27.0991,833.4880,278.1697,287.1111,28711.1113,0,0,-0.0008,0.2579,0.6168,0.1194,309,0.7160,0.2840,3.0704,1672.8278,uniform,0.2563,0.4803,1.6811,0.0000,1.0000,0.0000,65.9441,15,1314.9059,0.0541,1.1440,4,0,66186.2109,3.8148,0.0000,3.8148,0.7499,0.9014,0.0000,1.4089,7977.1284,39,1.5721,0.0000,0.0000,0.0000,224947.8750,19.5309,14651.5752,44.0651,23256
44,384,Tokyo_Small,train,MAPPER,3600,10,81,51,0.6296,1.0000,0.0000,575.6863,191.8954,0.3655,3.0973,266.9608,339.2500,1148.8088,0.8607,29.3453,27.0991,833.4880,278.1697,266.2099,26620.9883,0,0,-0.0065,0.1802,0.3015,0.0421,278,0.6296,0.3704,3.0710,1672.8278,uniform,0.2712,0.5508,1.6811,0.0000,1.0000,0.0000,37.1990,15,1314.9186,0.0537,1.2500,5,0,58589.2500,3.4321,0.0000,3.4321,0.6721,0.9188,0.0000,1.8960,10600.7031,40,1.9171,0.0000,0.0000,0.0000,203887.2031,13.9136,9775.0078,83.2090,21563
44,384,Tokyo_Small,train,MAPPO,3600,10,81,51,0.6296,1.0000,0.0000,518.8627,172.9542,0.3949,3.0968,261.0000,292.0702,1122.2047,0.8599,29.3453,27.0991,833.4880,278.1697,241.5309,24153.0859,0,0,-0.0000,0.0003,0.0004,0.0022,301,0.6296,0.3704,3.0701,1672.8278,uniform,0.3301,0.6290,1.6811,0.0000,1.0000,0.0000,36.5591,15,1314.9061,0.0538,1.3433,4,0,57232.4414,3.7160,0.0000,3.7160,0.6600,0.9023,0.0000,1.5010,9409.1504,57,1.6924,0.0000,0.0000,0.0000,180940.7969,15.4444,5407.7339,114.1799,19564
44,385,Tokyo_Medium,train,IPPO,3600,20,119,81,0.6807,1.0000,0.0000,778.3210,111.1887,0.3607,3.0957,476.2716,359.2330,2053.0039,0.8621,57.7657,54.5715,1578.2817,289.4135,808.3530,40417.6484,0,0,-0.0009,0.3220,0.6110,0.1310,463,0.6807,0.3193,3.0905,3347.8650,uniform,0.2833,0.5513,1.5988,0.0000,1.0000,0.0000,65.6708,15,2632.2292,0.0252,0.9966,3,0,166293.3125,3.8908,0.0000,3.8908,0.7126,1.6682,0.0000,1.2788,11057.3926,76,1.3908,0.0000,0.0000,0.0000,688486.8750,18.0672,74411.7891,63.1793,96194
44,385,Tokyo_Medium,train,MAPPER,3600,20,119,84,0.7059,1.0000,0.0000,804.1071,134.0179,0.3479,3.0954,469.0833,405.4660,1979.8593,0.8441,57.7657,54.5715,1578.2817,289.4135,620.6218,31031.0918,0,0,-0.0045,0.0733,0.2991,0.0233,462,0.7059,0.2941,3.0897,3347.8650,uniform,0.2930,0.5517,1.5988,0.0000,1.0000,0.0000,73.1115,15,2632.2092,0.0260,0.9330,3,0,166308.1719,3.8824,0.0000,3.8824,0.7069,1.5957,0.0000,1.2330,7843.6440,72,1.6066,0.0000,0.0000,0.0000,496997.7188,15.1260,46316.5000,107.7852,73854
44,385,Tokyo_Medium,train,MAPPO,3600,20,119,80,0.6723,1.0000,0.0000,751.8375,107.4054,0.3656,3.0952,476.3875,357.3398,2043.3689,0.8579,57.7657,54.5715,1578.2817,289.4135,548.9748,27448.7402,0,0,-0.0000,0.0002,0.0002,0.0018,481,0.6723,0.3277,3.0887,3347.8650,uniform,0.2954,0.5755,1.5988,0.0000,1.0000,0.0000,67.7137,15,2632.1995,0.0257,1.0041,3,0,163469.5156,4.0420,0.0000,4.0420,0.6918,1.6397,0.0000,1.2757,9650.4404,89,1.4671,0.0000,0.0000,0.0000,430965.8438,16.8655,32441.8633,158.3473,65328
44,386,LosAngeles_Small,train,IPPO,3600,10,73,57,0.7808,1.0000,0.0000,485.0526,161.6842,0.3657,3.0833,268.0175,251.4545,1152.4269,0.8600,22.8665,19.8473,935.1119,246.3772,228.3288,22832.8770,0,0,-0.0011,0.1733,0.6110,0.0997,275,0.7808,0.2192,3.0918,1673.5828,uniform,0.2287,0.4326,1.6426,0.0000,1.0000,0.0000,37.5322,17,1309.0486,0.0372,1.1551,4,0,65688.3281,3.7671,0.0000,3.7671,0.7672,0.8324,0.0000,1.4808,5731.8853,43,1.3160,0.0000,0.0000,0.0000,161421.5156,18.2603,9209.7725,35.2613,16668
44,386,LosAngeles_Small,train,MAPPER,3600,10,73,56,0.7671,1.0000,0.0000,578.5357,192.8452,0.3543,3.0827,293.6429,294.5410,1258.8444,0.8574,22.8665,19.8473,935.1119,246.3772,194.8493,19484.9316,0,0,-0.0028,0.0777,0.2641,0.0299,264,0.7671,0.2329,3.0920,1673.5828,uniform,0.2385,0.4432,1.6426,0.0000,1.0000,0.0000,41.8740,17,1309.0466,0.0379,1.0932,4,0,70495.2891,3.6164,0.0000,3.6164,0.7661,0.8461,0.0000,1.4264,5231.6035,38,3.5259,0.0000,0.0000,0.0000,128523.1953,11.2329,5575.3291,52.1502,14224
44,386,LosAngeles_Small,train,MAPPO,3600,10,73,58,0.7945,1.0000,0.0000,482.9828,160.9942,0.3364,3.0831,287.6897,210.3846,1229.1857,0.8545,22.8665,19.8473,935.1119,246.3772,172.8904,17289.0410,0,0,-0.0023,0.0196,0.0005,0.0189,268,0.7945,0.2055,3.0933,1673.5828,uniform,0.2473,0.4549,1.6426,0.0000,1.0000,0.0000,41.8525,17,1309.0800,0.0379,1.0473,4,0,71292.7656,3.6712,0.0000,3.6712,0.8025,0.8557,0.0000,1.2980,3350.2759,33,1.2366,0.0000,0.0000,0.0000,108685.9062,6.9315,3716.5720,57.7753,12621
44,387,LosAngeles_Medium,train,IPPO,3600,20,113,88,0.7788,1.0000,0.0000,689.5341,98.5049,0.3836,3.1142,463.3182,268.5340,1952.5996,0.8429,46.0558,42.9504,1504.6870,329.6843,647.2213,32361.0625,0,0,-0.0008,0.3211,0.6050,0.1329,423,0.7788,0.2212,3.1214,3352.5945,uniform,0.2998,0.5772,1.6666,0.0000,1.0000,0.0000,72.7982,17,2613.7603,0.0383,0.9927,4,0,171828.7656,3.7434,0.0000,3.7434,0.8033,1.8067,0.0000,1.4633,13549.2471,63,1.5512,0.0000,0.0000,0.0000,515073.0625,17.3540,53216.6797,44.1304,73136
44,387,LosAngeles_Medium,train,MAPPER,3600,20,113,81,0.7168,1.0000,0.0000,729.3333,121.5555,0.3150,3.1135,438.5555,356.4356,1899.8163,0.8664,46.0558,42.9504,1504.6870,329.6843,444.6726,22233.6289,0,0,-0.0043,0.0519,0.3026,0.0205,425,0.7168,0.2832,3.1200,3352.5945,uniform,0.3203,0.6085,1.6666,0.0000,1.0000,0.0000,58.5923,17,2613.7876,0.0385,1.0187,4,0,153885.1250,3.7611,0.0000,3.7611,0.7695,1.8802,0.0000,1.3904,11000.1777,68,1.2259,0.0000,0.0000,0.0000,321965.6562,11.0885,28782.8359,67.2518,50248
44,387,LosAngeles_Medium,train,MAPPO,3600,20,113,92,0.8142,1.0000,0.0000,686.2065,85.7758,0.4032,3.1133,440.1848,280.1238,1878.0468,0.8533,46.0558,42.9504,1504.6870,329.6843,530.8141,26540.7070,0,0,0.0000,0.0007,0.0002,0.0015,426,0.8142,0.1858,3.1204,3352.5945,uniform,0.3047,0.5644,1.6666,0.0000,1.0000,0.0000,64.5754,17,2613.7869,0.0388,1.0749,3,0,172780.2969,3.7699,0.0000,3.7699,0.8679,1.8671,0.0000,1.4792,13272.6006,84,1.4382,0.0000,0.0000,0.0000,342658.1875,8.9823,27650.9473,97.9619,59982
44,388,Paris_Small,train,IPPO,3600,10,82,61,0.7439,1.0000,0.0000,467.1639,233.5820,0.2587,3.0275,251.1639,239.8611,988.0052,0.7867,22.1171,18.8009,792.4400,239.0773,340.1585,34015.8555,0,0,-0.0007,0.2837,0.6042,0.1269,284,0.7439,0.2561,3.0064,1678.6486,uniform,0.2702,0.5047,1.7218,0.0000,1.0000,0.0000,53.5629,12,1322.8397,0.0382,1.1887,5,0,60268.3203,3.4634,0.0000,3.4634,0.7612,0.8159,0.0000,1.2339,4577.6729,30,1.1322,0.0000,0.0000,0.0000,277647.4062,21.0610,16868.7480,71.9324,27893
44,388,Paris_Small,train,MAPPER,3600,10,82,60,0.7317,1.0000,0.0000,471.4333,157.1444,0.3437,3.0258,240.8833,253.2388,972.0121,0.8070,22.1171,18.8009,792.4400,239.0773,332.3293,33232.9258,0,0,-0.0012,0.0814,0.2380,0.0249,296,0.7317,0.2683,3.0048,1678.6486,uniform,0.3402,0.6464,1.7218,0.0000,1.0000,0.0000,46.4809,12,1322.8625,0.0387,1.0403,6,0,58320.7266,3.6098,0.0000,3.6098,0.7761,0.8457,0.0000,1.2097,3084.7795,25,1.3898,0.0000,0.0000,0.0000,268215.1562,12.5854,12667.6514,113.7332,27251
44,388,Paris_Small,train,MAPPO,3600,10,82,68,0.8293,1.0000,0.0000,414.5000,207.2500,0.2958,3.0262,235.6912,202.8462,972.6718,0.8254,22.1171,18.8009,792.4400,239.0773,273.8537,27385.3652,0,0,0.0000,0.0006,0.0004,0.0031,277,0.8293,0.1707,3.0046,1678.6486,uniform,0.2586,0.4788,1.7218,0.0000,1.0000,0.0000,41.1568,12,1322.9203,0.0389,1.0121,5,1,66141.6797,3.3780,0.0000,3.3780,0.8664,0.8331,0.0000,1.1339,2203.6155,20,1.3001,0.0000,0.0000,0.0000,208461.7344,9.6341,6389.0498,130.5482,22456
44,389,Paris_Medium,train,IPPO,3600,20,123,95,0.7724,1.0000,0.0000,708.1473,118.0246,0.3400,3.0454,470.6316,258.8198,1967.7681,0.8362,47.3548,42.7384,1572.6196,305.6313,968.9675,48448.3750,0,0,-0.0003,0.3044,0.5960,0.1302,474,0.7724,0.2276,3.0433,3353.0613,uniform,0.2658,0.5116,1.6483,0.0000,1.0000,0.0000,77.0780,13,2651.9419,0.0387,0.8158,4,0,186937.9688,3.8537,0.0000,3.8537,0.8592,1.7946,0.0000,1.1491,3914.9175,45,6.6507,0.0000,0.0000,0.0000,856424.1875,17.8943,93826.8047,93.6061,119183
44,389,Paris_Medium,train,MAPPER,3600,20,123,91,0.7398,1.0000,0.0000,743.4176,106.2025,0.3729,3.0449,457.8132,351.6542,1931.1733,0.8437,47.3548,42.7384,1572.6196,305.6313,737.1057,36855.2852,0,0,-0.0029,0.0382,0.2762,0.0184,469,0.7398,0.2602,3.0425,3353.0613,uniform,0.2700,0.5174,1.6483,0.0000,1.0000,0.0000,71.5785,13,2651.9480,0.0389,0.9834,4,0,175736.7656,3.8130,0.0000,3.8130,0.7736,1.6869,0.0000,1.4344,9068.9395,65,1.2072,0.0000,0.0000,0.0000,617657.0000,12.5203,56229.5703,160.5078,90664
44,389,Paris_Medium,train,MAPPO,3600,20,123,95,0.7724,1.0000,0.0000,710.1158,88.7645,0.4265,3.0443,477.6211,259.7944,2006.1700,0.8401,47.3548,42.7384,1572.6196,305.6313,697.5447,34877.2344,0,0,-0.0000,0.0006,0.0001,0.0023,474,0.7724,0.2276,3.0417,3353.0613,uniform,0.2651,0.5194,1.6483,0.0000,1.0000,0.0000,76.3871,13,2651.9429,0.0393,0.9515,4,0,190586.1562,3.8537,0.0000,3.8537,0.8656,1.8080,0.0000,1.2024,6863.7544,64,1.4184,0.0000,0.0000,0.0000,586905.2500,15.3577,44811.2656,222.5880,85798
44,390,Tokyo_Small,train,IPPO,3600,25,78,43,0.5513,1.0000,0.0000,661.1860,73.4651,0.3759,3.0798,326.1628,383.0192,1369.3221,0.8397,28.7393,25.1784,886.2850,263.0639,561.2564,56125.6406,0,0,-0.0008,0.3087,0.5931,0.1222,288,0.5513,0.4487,3.0721,1675.4678,uniform,0.3822,0.6903,1.6319,0.0000,1.0000,0.0000,52.2983,15,1317.0231,0.0465,1.2644,3,0,58880.8516,3.6923,0.0000,3.6923,0.6152,1.0352,0.0000,1.3838,5613.8071,46,3.6650,0.0000,0.0000,0.0000,497566.4062,23.7949,32901.1758,75.7573,43778
44,390,Tokyo_Small,train,MAPPER,3600,25,78,41,0.5256,1.0000,0.0000,706.8536,70.6854,0.4183,3.0803,325.6342,407.7447,1360.5027,0.8356,28.7393,25.1191,876.8996,271.4323,371.1538,37115.3828,0,0,-0.0052,0.1390,0.2104,0.0280,247,0.5467,0.4533,3.0727,1675.4678,uniform,0.2447,0.4811,1.6354,0.0000,1.0000,0.0000,53.5336,15,1316.9678,0.0467,1.3430,3,0,55780.6094,3.1667,0.0000,3.1667,0.6186,1.0917,0.0000,1.4786,7246.2002,58,4.1214,0.0000,0.0000,0.0000,306515.5000,24.7821,13364.9609,135.1713,28950
44,390,Tokyo_Small,train,MAPPO,3600,25,78,47,0.6026,1.0000,0.0000,620.6808,62.0681,0.4002,3.0804,324.1277,322.6667,1354.7885,0.8360,28.5424,24.7301,937.2462,287.1628,225.8333,22583.3340,0,0,-0.0000,0.0002,0.0003,0.0021,227,0.6912,0.3088,3.0729,1675.4678,uniform,0.3213,0.5869,1.6437,0.0000,1.0000,0.0000,53.1700,15,1317.0181,0.0465,1.2270,3,0,63675.0547,2.9103,0.0000,2.9103,0.7131,1.0979,0.0000,1.3770,6170.5273,44,2.8692,0.0000,0.0000,0.0000,163247.9688,5.9359,2065.6230,136.7672,17615
44,391,Tokyo_Medium,train,IPPO,3600,50,113,86,0.7611,1.0000,0.0000,891.3023,40.5137,0.4456,3.0768,541.0930,416.6953,2312.1624,0.8546,58.2226,55.7123,1843.6403,324.0920,1647.0531,82352.6484,0,0,-0.0007,0.1555,0.5825,0.0921,425,0.7611,0.2389,3.0736,3349.9177,uniform,0.2747,0.5200,1.6709,0.0000,1.0000,0.0000,78.6606,15,2621.3066,0.0264,1.0169,3,0,198845.9688,3.7611,0.0000,3.7611,0.7944,1.9681,0.0000,1.2713,11554.2832,89,2.2374,0.0000,0.0000,0.0000,1524363.1250,21.7345,162246.2812,88.5570,186117
44,391,Tokyo_Medium,train,MAPPER,3600,50,113,89,0.7876,1.0000,0.0000,856.6292,40.7919,0.4227,3.0771,516.0787,400.1442,2248.7244,0.8715,58.2226,55.7123,1843.6403,324.0920,600.6548,30032.7441,0,0,-0.0033,0.0360,0.2660,0.0160,396,0.7876,0.2124,3.0726,3349.9177,uniform,0.2559,0.4873,1.6709,0.0000,1.0000,0.0000,66.3338,15,2621.2944,0.0267,1.0088,3,0,200136.4531,3.5044,0.0000,3.5044,0.8284,1.9831,0.0000,1.2549,10014.1592,90,2.7319,0.0000,0.0000,0.0000,485317.8750,8.6195,43195.9219,103.0561,67874
44,391,Tokyo_Medium,train,MAPPO,3600,50,113,89,0.7876,1.0000,0.0000,819.9438,39.0449,0.4353,3.0774,544.2023,342.4340,2344.9729,0.8618,58.2226,55.7123,1843.6403,324.0920,425.9115,21295.5762,0,0,0.0000,0.0002,0.0001,0.0019,402,0.7876,0.2124,3.0738,3349.9177,uniform,0.3234,0.6026,1.6709,0.0000,1.0000,0.0000,75.2077,15,2621.3030,0.0262,0.9923,4,0,208702.5781,3.5575,0.0000,3.5575,0.8494,2.0334,0.0000,1.2449,10175.7207,98,2.0636,0.0000,0.0000,0.0000,309831.3750,9.2566,19598.6406,136.3945,48128
44,392,LosAngeles_Small,train,IPPO,3600,25,74,56,0.7568,1.0000,0.0000,545.5714,68.1964,0.3409,3.0918,289.7500,286.3492,1248.9460,0.8621,23.2862,20.1843,892.5520,220.7369,420.0405,42004.0547,0,0,-0.0010,0.3004,0.5847,0.1287,276,0.7568,0.2432,3.0972,1677.6389,uniform,0.2857,0.5658,1.6936,0.0000,1.0000,0.0000,39.9608,14,1309.6422,0.0556,1.0638,5,0,69940.9766,3.7297,0.0000,3.7297,0.7900,1.0110,0.0000,1.2635,4202.9854,43,2.2884,0.0000,0.0000,0.0000,358952.6875,21.2838,23532.6797,40.9445,31083
44,392,LosAngeles_Small,train,MAPPER,3600,25,74,54,0.7297,1.0000,0.0000,559.8889,62.2099,0.3719,3.0911,299.2408,304.6719,1287.7739,0.8607,23.2862,20.1843,892.5520,220.7369,204.4324,20443.2441,0,0,-0.0012,0.0594,0.1641,0.0122,275,0.7297,0.2703,3.0961,1677.6389,uniform,0.3222,0.5984,1.6936,0.0000,1.0000,0.0000,41.6860,14,1309.6923,0.0562,1.1134,4,0,69539.7969,3.7162,0.0000,3.7162,0.7784,1.0330,0.0000,1.3076,4879.8604,48,2.8793,0.0000,0.0000,0.0000,142520.2188,14.2703,5908.4941,62.6771,15128
44,392,LosAngeles_Small,train,MAPPO,3600,25,74,53,0.7162,1.0000,0.0000,586.0566,58.6057,0.4021,3.0913,300.1321,313.8689,1263.9362,0.8423,23.2862,20.1843,892.5520,220.7369,191.9460,19194.5938,0,0,-0.0000,0.0002,0.0003,0.0016,261,0.7162,0.2838,3.0968,1677.6389,uniform,0.3390,0.6647,1.6936,0.0000,1.0000,0.0000,47.3448,14,1309.6627,0.0566,1.2982,5,0,66988.6172,3.5270,0.0000,3.5270,0.7615,1.0296,0.0000,1.4388,6878.6855,59,2.1790,0.0000,0.0000,0.0000,126961.7188,9.3243,2954.5640,87.0367,14204
44,393,LosAngeles_Medium,train,IPPO,3600,50,122,89,0.7295,1.0000,0.0000,814.8764,40.7438,0.4085,3.1004,530.1685,321.3301,2296.8147,0.8664,47.6242,43.0375,1751.3385,297.4831,1351.8032,67590.1641,0,0,-0.0009,0.3614,0.5787,0.1418,437,0.7295,0.2705,3.1073,3349.0540,uniform,0.2418,0.4686,1.7380,0.0000,1.0000,0.0000,70.8056,15,2609.2534,0.0353,0.9994,3,0,204416.5000,3.5820,0.0000,3.5820,0.7820,1.9970,0.0000,1.4640,13589.9531,82,2.3940,0.0000,0.0000,0.0000,1246032.2500,23.4918,144062.8594,65.1905,164920
44,393,LosAngeles_Medium,train,MAPPER,3600,50,122,78,0.6393,1.0000,0.0000,882.5000,40.1136,0.4427,3.0991,566.1154,374.9890,2437.6614,0.8612,47.6242,43.0375,1751.3385,297.4831,761.4508,38072.5391,0,0,-0.0027,0.1355,0.2461,0.0252,406,0.6393,0.3607,3.1060,3349.0540,uniform,0.2885,0.5493,1.7380,0.0000,1.0000,0.0000,78.5831,15,2609.1616,0.0364,1.0826,3,0,190137.5938,3.3279,0.0000,3.3279,0.7226,2.1054,0.0000,1.4335,13052.0654,111,2.1851,0.0000,0.0000,0.0000,654072.8750,25.7459,63801.4922,131.1114,92897
44,393,LosAngeles_Medium,train,MAPPO,3600,50,122,81,0.6639,1.0000,0.0000,839.7778,38.1717,0.4514,3.0998,563.9136,316.5869,2436.9648,0.8643,47.6242,43.0375,1764.2581,300.5006,361.0901,18054.5078,0,0,-0.0029,0.0204,0.0001,0.0187,392,0.6983,0.3017,3.1075,3349.0540,uniform,0.2669,0.5207,1.7251,0.0000,1.0000,0.0000,76.5206,16,2609.3625,0.0363,1.0846,3,0,197394.1562,3.2131,0.0000,3.2131,0.7419,2.0816,0.0000,1.5985,20011.8848,95,2.3861,0.0000,0.0000,0.0000,254122.9531,14.2623,12488.4639,151.7600,44053
44,394,Paris_Small,train,IPPO,3600,25,84,60,0.7143,1.0000,0.0000,509.7333,63.7167,0.3419,3.0451,261.1833,275.0441,1092.6373,0.8367,24.1464,22.9593,863.5327,285.9255,799.4643,79946.4297,0,0,-0.0010,0.3295,0.5791,0.1291,311,0.7143,0.2857,3.0494,1678.0834,uniform,0.2500,0.4655,1.7051,0.0000,1.0000,0.0000,42.6559,14,1326.3575,0.0398,1.0472,4,0,65558.2422,3.7024,0.0000,3.7024,0.7655,0.9974,0.0000,1.2086,2853.9958,38,1.9701,0.0000,0.0000,0.0000,737624.5625,25.7024,52355.3320,114.3486,67155
44,394,Paris_Small,train,MAPPER,3600,25,84,62,0.7381,1.0000,0.0000,524.0323,58.2258,0.3649,3.0446,265.8548,274.5672,1117.9734,0.8410,24.1464,22.9593,861.7543,291.9229,398.0833,39808.3320,0,0,-0.0012,0.0235,0.1849,0.0161,288,0.7470,0.2530,3.0491,1678.0834,uniform,0.2527,0.4663,1.7124,0.0000,1.0000,0.0000,42.2601,14,1326.3741,0.0403,1.1134,4,1,69314.3516,3.4286,0.0000,3.4286,0.7816,0.9856,0.0000,1.2198,3683.3945,37,1.7665,0.0000,0.0000,0.0000,332495.0938,15.1548,14423.7695,160.7852,33439
44,394,Paris_Small,train,MAPPO,3600,25,84,64,0.7619,1.0000,0.0000,459.3906,57.4238,0.3483,3.0458,265.8750,216.9865,1127.6084,0.8482,24.1464,22.9593,877.9839,298.1894,286.4762,28647.6191,0,0,-0.0000,0.0003,0.0002,0.0020,271,0.7901,0.2099,3.0509,1678.0834,uniform,0.2177,0.4146,1.6944,0.0000,1.0000,0.0000,40.3533,14,1326.3500,0.0398,1.0828,4,0,72166.9375,3.2262,0.0000,3.2262,0.8441,1.0312,0.0000,1.2630,2915.5273,37,1.7367,0.0000,0.0000,0.0000,226233.1719,9.3810,4970.9941,167.0563,24064
44,395,Paris_Medium,train,IPPO,3600,50,125,105,0.8400,1.0000,0.0000,693.4286,36.4962,0.3898,3.0517,434.8000,290.4138,1854.5804,0.8531,45.4542,40.7724,1489.7391,282.9188,2062.0239,103101.1953,0,0,-0.0008,0.2578,0.5689,0.1193,473,0.8400,0.1600,3.0445,3353.0591,uniform,0.2915,0.5472,1.5948,0.0000,1.0000,0.0000,63.8839,14,2650.6121,0.0280,0.9013,5,0,194730.9375,3.7840,0.0000,3.7840,0.8386,1.4503,0.0000,1.2345,5842.0488,65,1.8059,0.0000,0.0000,0.0000,1946359.3750,22.8320,228571.2812,117.7915,257753
44,395,Paris_Medium,train,MAPPER,3600,50,125,106,0.8480,1.0000,0.0000,687.3679,38.1871,0.3729,3.0515,439.9434,266.6219,1858.9301,0.8451,45.4542,40.7724,1489.7391,282.9188,646.0640,32303.1992,0,0,-0.0037,0.0685,0.2556,0.0169,458,0.8480,0.1520,3.0449,3353.0591,uniform,0.2722,0.5157,1.5948,0.0000,1.0000,0.0000,68.1574,14,2650.6250,0.0274,0.8934,5,0,197046.5938,3.6640,0.0000,3.6640,0.8543,1.4635,0.0000,1.1492,5073.4888,47,1.7888,0.0000,0.0000,0.0000,530320.2500,6.7440,49434.3984,134.8473,80758
44,395,Paris_Medium,train,MAPPO,3600,50,125,108,0.8640,1.0000,0.0000,661.6759,36.7598,0.3743,3.0517,429.2963,265.1102,1819.8314,0.8478,45.4542,40.7724,1489.7391,282.9188,473.1200,23656.0000,0,0,-0.0026,0.0163,0.0001,0.0164,488,0.8640,0.1360,3.0451,3353.0591,uniform,0.2737,0.5241,1.5948,0.0000,1.0000,0.0000,65.3300,14,2650.5952,0.0273,0.9873,5,0,196541.7812,3.9040,0.0000,3.9040,0.8654,1.4552,0.0000,1.2017,6225.7202,67,1.8668,0.0000,0.0000,0.0000,359430.4062,6.9440,24261.0645,165.3442,59140
44,396,Tokyo_Small,train,IPPO,3600,7,74,52,0.7027,1.0000,0.0000,620.2500,310.1250,0.4217,3.0991,293.4231,336.5968,1207.1733,0.8228,29.4208,25.9972,897.5562,322.5540,253.0946,25309.4590,0,0,-0.0010,0.1988,0.5534,0.1038,310,0.7027,0.2973,3.1043,1590.2073,shock_pick,0.3179,0.5756,1.5648,0.0000,1.0000,0.0000,51.9884,15,1233.9828,0.3875,1.1429,3,0,62773.0156,4.1892,0.0000,4.1892,0.6198,0.7601,0.0000,1.6048,8695.9707,40,1.1531,0.0000,0.0000,0.0000,166716.5938,19.0270,8478.6943,52.1409,18729
44,396,Tokyo_Small,train,MAPPER,3600,7,74,52,0.7027,1.0000,0.0000,593.6731,296.8365,0.3923,3.0982,301.4423,340.5079,1271.9089,0.8439,29.4208,25.9972,897.5562,322.5540,272.9865,27298.6484,0,0,-0.0018,0.0726,0.1742,0.0244,254,0.7027,0.2973,3.1045,1590.2073,shock_pick,0.3346,0.6130,1.5648,0.0000,1.0000,0.0000,47.0605,15,1234.0361,0.3876,1.1959,4,0,66139.2656,3.4324,0.0000,3.4324,0.7556,0.9267,0.0000,1.3388,5171.8022,53,1.0602,0.0000,0.0000,0.0000,183524.7812,9.3514,8452.4688,69.3040,20201
44,396,Tokyo_Small,train,MAPPO,3600,7,74,57,0.7703,1.0000,0.0000,567.3158,283.6579,0.3350,3.0998,300.3333,278.0923,1271.5908,0.8468,29.4208,25.9972,897.5562,322.5540,241.1892,24118.9180,0,0,0.0000,0.0006,0.0001,0.0031,272,0.7703,0.2297,3.1058,1590.2073,shock_pick,0.2368,0.4372,1.5648,0.0000,1.0000,0.0000,46.0152,15,1234.0292,0.3874,1.2190,3,0,72480.6797,3.6757,0.0000,3.6757,0.8036,0.8991,0.0000,1.4624,7400.1914,61,1.2239,0.0000,0.0000,0.0000,155199.0156,7.8243,5470.3940,81.2768,17848
44,397,Tokyo_Medium,train,IPPO,3600,14,121,78,0.6446,1.0000,0.0000,771.1795,154.2359,0.3632,3.0190,446.7692,381.0515,1884.5714,0.8436,58.4770,57.0914,1427.2428,347.1625,594.5207,29726.0332,0,0,-0.0010,0.3825,0.5503,0.1453,463,0.6446,0.3554,3.1012,3182.1250,shock_pick,0.2346,0.4925,1.6265,0.0000,1.0000,0.0000,69.8549,17,2460.5425,0.4459,1.1721,3,0,146996.5625,3.8264,0.0000,3.8264,0.6411,1.3747,0.0000,1.5412,14010.2021,95,1.2429,0.0000,0.0000,0.0000,443209.0625,17.5207,45976.0898,63.2433,71937
44,397,Tokyo_Medium,train,MAPPER,3600,14,121,80,0.6612,1.0000,0.0000,761.0250,190.2563,0.3329,3.0188,466.2500,346.0110,1988.7222,0.8531,58.4770,57.0914,1427.2428,347.1625,537.6860,26884.2969,0,0,-0.0037,0.1362,0.2702,0.0336,445,0.6612,0.3388,3.1015,3182.1250,shock_pick,0.2458,0.4815,1.6265,0.0000,1.0000,0.0000,68.5056,17,2460.4292,0.4460,1.1232,3,0,159097.7656,3.6777,0.0000,3.6777,0.7562,1.5810,0.0000,1.4327,12627.0029,92,1.1735,0.0000,0.0000,0.0000,387119.0312,11.8430,35300.2344,95.3833,65060
44,397,Tokyo_Medium,train,MAPPO,3600,14,121,73,0.6033,1.0000,0.0000,745.4794,124.2466,0.4812,3.0185,454.4109,368.3956,1926.4366,0.8479,58.4770,57.0914,1427.2428,347.1625,608.3058,30415.2891,0,0,-0.0028,0.0162,0.0000,0.0164,489,0.6033,0.3967,3.1003,3182.1250,shock_pick,0.3358,0.6383,1.6265,0.0000,1.0000,0.0000,69.1236,17,2460.4783,0.4455,1.3897,3,0,140629.8750,4.0413,0.0000,4.0413,0.6027,1.3810,0.0000,1.7237,22354.7539,138,1.5125,0.0000,0.0000,0.0000,456743.8750,18.8430,35479.0156,163.5312,73605
44,398,LosAngeles_Small,train,IPPO,3600,7,79,60,0.7595,1.0000,0.0000,522.5167,261.2583,0.3660,3.0341,269.6000,277.3768,1134.2079,0.8414,22.4939,18.8008,829.2393,229.5659,227.1772,22717.7207,0,0,-0.0008,0.2843,0.5497,0.1251,294,0.7595,0.2405,3.1281,1584.8950,shock_pick,0.2478,0.4830,1.6346,0.0000,1.0000,0.0000,42.7584,18,1218.3400,0.3703,1.3462,5,1,68052.4688,3.7215,0.0000,3.7215,0.7704,0.8325,0.0000,1.4284,5572.4653,47,1.3304,0.0000,0.0000,0.0000,144102.0625,17.4810,8789.7119,32.8412,17947
44,398,LosAngeles_Small,train,MAPPER,3600,7,79,55,0.6962,1.0000,0.0000,529.4000,264.7000,0.3701,3.0334,266.5273,286.6190,1133.6094,0.8507,22.4939,18.8008,829.2393,229.5659,245.0127,24501.2656,0,0,-0.0025,0.1425,0.1606,0.0171,293,0.6962,0.3038,3.1265,1584.8950,shock_pick,0.2500,0.4610,1.6346,0.0000,1.0000,0.0000,39.8054,18,1218.4573,0.3701,1.2604,4,0,62348.5156,3.7089,0.0000,3.7089,0.7456,0.8790,0.0000,1.5048,7481.8906,61,1.3358,0.0000,0.0000,0.0000,160455.5000,11.5190,8602.8359,51.5602,19356
44,398,LosAngeles_Small,train,MAPPO,3600,7,79,56,0.7089,1.0000,0.0000,526.8571,263.4286,0.3843,3.0330,268.2143,292.5000,1145.1107,0.8539,22.4939,18.8008,829.2393,229.5659,251.8987,25189.8730,0,0,0.0000,0.0001,0.0000,0.0014,299,0.7089,0.2911,3.1263,1584.8950,shock_pick,0.3321,0.6145,1.6346,0.0000,1.0000,0.0000,39.1922,18,1218.4111,0.3698,1.3771,5,0,64126.1992,3.7848,0.0000,3.7848,0.7934,0.9185,0.0000,2.1310,17527.8945,78,1.5129,0.0000,0.0000,0.0000,165522.4062,15.3418,6906.3940,78.1012,19900
44,399,LosAngeles_Medium,train,IPPO,3600,14,132,86,0.6515,1.0000,0.0000,768.9302,153.7860,0.4273,3.0741,532.1628,343.6723,2225.7588,0.8365,47.4644,43.1661,1723.5715,305.6805,651.8182,32590.9082,0,0,-0.0008,0.3334,0.5424,0.1353,467,0.6515,0.3485,3.1092,3180.7332,shock_pick,0.2888,0.5459,1.6154,0.0000,1.0000,0.0000,87.0110,19,2440.4333,0.3837,1.0907,3,0,191415.2656,3.5379,0.0000,3.5379,0.6477,1.8225,0.0000,1.5356,17771.0645,125,1.1645,0.0000,0.0000,0.0000,504338.5938,21.9773,60208.8008,48.2128,86040
44,399,LosAngeles_Medium,train,MAPPER,3600,14,132,77,0.5833,1.0000,0.0000,818.3117,163.6623,0.3597,3.0743,535.4545,362.1183,2252.5486,0.8414,47.4644,43.1661,1723.5715,305.6805,731.5909,36579.5469,0,0,-0.0019,0.3731,0.2316,0.0547,518,0.5833,0.4167,3.1097,3180.7332,shock_pick,0.3536,0.6576,1.6154,0.0000,1.0000,0.0000,84.9448,19,2440.5076,0.3838,1.2126,3,0,173446.2344,3.9242,0.0000,3.9242,0.6132,1.9272,0.0000,1.6365,21523.6348,126,1.1082,0.0000,0.0000,0.0000,586681.6875,14.0303,66851.8281,80.2303,96570
44,399,LosAngeles_Medium,train,MAPPO,3600,14,132,75,0.5682,1.0000,0.0000,794.0400,132.3400,0.4441,3.0736,542.4267,374.2812,2311.8232,0.8524,47.4644,43.1661,1723.5715,305.6805,411.6515,20582.5762,0,0,-0.0012,0.0209,0.0000,0.0185,546,0.5682,0.4318,3.1088,3180.7332,shock_pick,0.3553,0.6633,1.6154,0.0000,1.0000,0.0000,80.0620,19,2440.8411,0.3836,1.3005,3,0,173386.7500,4.1364,0.0000,4.1364,0.6164,1.9888,0.0000,1.7516,23993.4355,154,1.6313,0.0000,0.0000,0.0000,262839.4062,24.1288,17944.5762,126.8979,54338
44,400,Paris_Small,train,IPPO,3600,7,71,55,0.7746,1.0000,0.0000,528.9636,528.9636,0.1776,2.9910,305.4909,259.6935,1182.3170,0.7740,23.3598,21.5222,930.2021,270.9967,336.3944,33639.4375,0,0,-0.0009,0.2161,0.5459,0.0995,246,0.7746,0.2254,3.0636,1592.4534,shock_pick,0.3339,0.6311,1.6648,0.0000,1.0000,0.0000,69.0275,16,1263.3317,0.2716,1.0998,5,0,65027.4336,3.4648,0.0000,3.4648,0.8195,1.0047,0.0000,1.3352,3848.1426,41,1.1155,0.0000,0.0000,0.0000,234359.4844,16.7606,11561.4141,71.5243,23884
44,400,Paris_Small,train,MAPPER,3600,7,71,56,0.7887,1.0000,0.0000,520.1250,260.0625,0.3388,2.9904,294.6071,251.4833,1203.2690,0.8169,23.3598,21.5222,930.2021,270.9967,340.7747,34077.4648,0,0,-0.0022,0.0340,0.1711,0.0177,260,0.7887,0.2113,3.0630,1592.4534,shock_pick,0.2411,0.4629,1.6648,0.0000,1.0000,0.0000,53.9533,16,1263.3687,0.2714,1.1342,4,1,67383.0703,3.6620,0.0000,3.6620,0.8275,0.9963,0.0000,1.3933,4517.2969,36,1.2331,0.0000,0.0000,0.0000,238307.9219,11.3944,9010.5439,111.4005,24195
44,400,Paris_Small,train,MAPPO,3600,7,71,57,0.8028,1.0000,0.0000,475.6140,475.6140,0.2768,2.9909,290.8772,206.8730,1190.7716,0.8187,23.3598,21.5222,930.2021,270.9967,299.9718,29997.1836,0,0,-0.0000,0.0003,0.0000,0.0017,270,0.8028,0.1972,3.0633,1592.4534,shock_pick,0.2544,0.4965,1.6648,0.0000,1.0000,0.0000,52.7229,16,1263.3386,0.2714,1.0842,5,1,67873.9844,3.8028,0.0000,3.8028,0.8555,1.0120,0.0000,1.3691,3160.5024,44,1.2903,0.0000,0.0000,0.0000,196232.0312,6.3662,4856.8408,127.8280,21298
44,401,Paris_Medium,train,IPPO,3600,14,120,93,0.7750,1.0000,0.0000,736.1183,184.0296,0.3354,2.9841,465.9140,331.3036,1921.0526,0.8246,47.0811,44.5074,1582.8936,290.0656,916.6583,45832.9180,0,0,-0.0012,0.1968,0.5323,0.1011,444,0.7750,0.2250,3.0618,3178.9600,shock_pick,0.2788,0.5626,1.6162,0.0000,1.0000,0.0000,81.7035,15,2492.3306,0.3663,0.9284,5,0,178657.8906,3.7000,0.0000,3.7000,0.8222,1.6859,0.0000,1.2572,7432.5610,72,1.1393,0.0000,0.0000,0.0000,739599.4375,18.1583,75996.7500,106.2953,109999
44,401,Paris_Medium,train,MAPPER,3600,14,120,83,0.6917,1.0000,0.0000,799.7711,199.9428,0.3478,2.9842,494.1446,337.8495,2055.2307,0.8318,47.0811,44.5074,1582.8936,290.0656,894.2833,44714.1680,0,0,-0.0044,0.1211,0.2109,0.0254,461,0.6917,0.3083,3.0617,3178.9600,shock_pick,0.2463,0.5256,1.6162,0.0000,1.0000,0.0000,83.0984,15,2492.3621,0.3663,1.0037,5,0,170584.1406,3.8417,0.0000,3.8417,0.7773,1.7858,0.0000,1.4312,11265.4863,69,1.4051,0.0000,0.0000,0.0000,710755.6250,12.4000,65255.2891,166.9635,107314
44,401,Paris_Medium,train,MAPPO,3600,14,120,85,0.7083,1.0000,0.0000,737.5294,122.9216,0.4352,2.9835,491.6706,321.5049,2063.1118,0.8392,47.0811,44.5074,1582.8936,290.0656,776.0167,38800.8320,0,0,0.0000,0.0002,0.0000,0.0016,469,0.7083,0.2917,3.0609,3178.9600,shock_pick,0.3265,0.6220,1.6162,0.0000,1.0000,0.0000,79.0482,15,2492.4065,0.3661,1.0938,4,0,175364.5000,3.9083,0.0000,3.9083,0.8113,1.8200,0.0000,1.3988,10894.7529,102,1.5482,0.0000,0.0000,0.0000,601272.6250,15.1500,41781.1914,253.0994,93122
44,402,Tokyo_Small,train,IPPO,3600,10,82,57,0.6951,1.0000,0.0000,578.1053,289.0526,0.2753,3.0450,273.9825,337.9243,1084.1947,0.7914,29.6084,27.8792,795.0385,276.8473,278.3049,27830.4883,0,0,-0.0009,0.4521,0.5291,0.1509,303,0.6951,0.3049,3.1033,1592.5087,shock_pick,0.3230,0.6047,1.6605,0.0000,1.0000,0.0000,57.1435,18,1233.7236,0.4036,1.3313,5,0,61799.0977,3.6951,0.0000,3.6951,0.6641,0.7807,0.0000,1.4436,6276.8223,46,1.1263,0.0000,0.0000,0.0000,196224.2656,17.3537,12427.4404,44.6711,22821
44,402,Tokyo_Small,train,MAPPER,3600,10,82,51,0.6220,1.0000,0.0000,559.1765,186.3922,0.3966,3.0448,248.4314,352.1607,1061.6758,0.8547,29.6084,27.8792,795.0385,276.8473,280.3903,28039.0234,0,0,-0.0021,0.0358,0.1319,0.0191,303,0.6220,0.3780,3.1033,1592.5087,shock_pick,0.3297,0.6497,1.6605,0.0000,1.0000,0.0000,36.0962,18,1233.7091,0.4035,1.3423,6,0,54145.4609,3.6951,0.0000,3.6951,0.5644,0.7416,0.0000,1.4837,7712.8408,60,1.2677,0.0000,0.0000,0.0000,195227.9219,13.1463,9899.0938,74.5084,22992
44,402,Tokyo_Small,train,MAPPO,3600,10,82,64,0.7805,1.0000,0.0000,482.4688,160.8229,0.3597,3.0442,253.1719,271.4286,1072.7418,0.8474,29.6084,27.8792,795.0385,276.8473,252.6951,25269.5117,0,0,0.0000,0.0005,0.0000,0.0021,292,0.7805,0.2195,3.1028,1592.5087,shock_pick,0.3365,0.6140,1.6605,0.0000,1.0000,0.0000,38.6235,18,1233.7308,0.4033,1.3464,5,0,68655.4766,3.5610,0.0000,3.5610,0.8210,0.8595,0.0000,1.3710,7196.7505,58,1.3858,0.0000,0.0000,0.0000,169325.8594,14.6098,6176.6841,94.0019,20721
44,403,Tokyo_Medium,train,IPPO,3600,20,125,83,0.6640,1.0000,0.0000,815.9518,101.9940,0.4149,3.0688,476.0723,379.5784,2015.6466,0.8468,57.5245,55.3797,1487.8329,304.5833,848.0880,42404.3984,0,0,-0.0010,0.2292,0.5129,0.1108,493,0.6640,0.3360,3.1036,3189.3616,shock_pick,0.3509,0.6693,1.6353,0.0000,1.0000,0.0000,72.9430,16,2476.2300,0.3974,1.2495,4,0,167298.6719,3.9440,0.0000,3.9440,0.7562,1.8028,0.0000,1.6394,19261.9395,116,1.5049,0.0000,0.0000,0.0000,697106.3750,17.0960,79056.4141,64.6567,106011
44,403,Tokyo_Medium,train,MAPPER,3600,20,125,88,0.7040,1.0000,0.0000,830.8750,118.6964,0.3885,3.0684,465.4546,383.0729,2003.7925,0.8610,57.5245,55.3797,1487.8329,304.5833,745.6000,37280.0000,0,0,-0.0017,0.0545,0.2072,0.0215,462,0.7040,0.2960,3.1030,3189.3616,shock_pick,0.2904,0.5641,1.6353,0.0000,1.0000,0.0000,64.6961,16,2476.1348,0.3974,1.2769,4,0,176333.7344,3.6960,0.0000,3.6960,0.7911,1.7788,0.0000,1.5387,18735.9883,114,1.2211,0.0000,0.0000,0.0000,591549.3750,13.7440,60533.5195,107.2834,93200
44,403,Tokyo_Medium,train,MAPPO,3600,20,125,89,0.7120,1.0000,0.0000,770.5618,85.6180,0.4648,3.0679,458.5056,366.0571,1960.8480,0.8553,57.5245,55.3797,1487.8329,304.5833,535.2880,26764.4004,0,0,-0.0000,0.0002,0.0000,0.0018,485,0.7120,0.2880,3.1024,3189.3616,shock_pick,0.3129,0.6091,1.6353,0.0000,1.0000,0.0000,66.3360,16,2476.1492,0.3972,1.2695,4,0,174515.4688,3.8800,0.0000,3.8800,0.7747,1.7223,0.0000,1.5545,18850.7617,132,1.3466,0.0000,0.0000,0.0000,383434.0625,14.2320,29479.3262,147.6018,66911
44,404,LosAngeles_Small,train,IPPO,3600,10,79,51,0.6456,1.0000,0.0000,546.2745,182.0915,0.3369,3.0397,289.4902,289.1250,1213.0679,0.8381,23.2247,21.4750,888.3583,259.7559,268.0127,26801.2656,0,0,-0.0013,0.4269,0.5177,0.1485,306,0.6456,0.3544,3.1345,1585.3336,shock_pick,0.1934,0.3852,1.6490,0.0000,1.0000,0.0000,46.8766,17,1221.8767,0.4038,1.1417,3,0,61866.4648,3.8734,0.0000,3.8734,0.7040,0.9568,0.0000,1.4633,6187.3472,49,1.1110,0.0000,0.0000,0.0000,184784.8438,19.0253,11260.8115,42.2440,21173
44,404,LosAngeles_Small,train,MAPPER,3600,10,79,41,0.5190,1.0000,0.0000,556.2439,139.0610,0.4191,3.0399,287.8537,285.2500,1242.9838,0.8636,23.2247,21.4750,888.3583,259.7559,293.6709,29367.0879,0,0,-0.0015,0.0190,0.1180,0.0152,309,0.5190,0.4810,3.1346,1585.3336,shock_pick,0.3061,0.5730,1.6490,0.0000,1.0000,0.0000,39.2569,17,1221.9561,0.4038,1.6379,3,0,50962.3320,3.9114,0.0000,3.9114,0.5911,0.9993,0.0000,1.6906,9915.2432,82,1.4252,0.0000,0.0000,0.0000,208184.2656,17.0127,10079.9023,80.5916,23200
44,404,LosAngeles_Small,train,MAPPO,3600,10,79,50,0.6329,1.0000,0.0000,573.5000,143.3750,0.4013,3.0389,292.7200,311.9630,1227.4158,0.8386,23.2247,21.4750,896.4649,258.7341,261.3924,26139.2402,0,0,-0.0016,0.0401,0.0000,0.0248,292,0.6410,0.3590,3.1336,1585.3336,shock_pick,0.2307,0.4472,1.6488,0.0000,1.0000,0.0000,47.2368,17,1221.9525,0.4035,1.4214,3,0,61370.7891,3.6962,0.0000,3.6962,0.7170,0.9940,0.0000,1.7444,9678.2549,64,1.3936,0.0000,0.0000,0.0000,175040.7656,16.4051,5341.5659,107.4277,20650
44,405,LosAngeles_Medium,train,IPPO,3600,20,115,77,0.6696,1.0000,0.0000,780.4286,111.4898,0.3942,3.0606,477.6494,369.0667,1974.7555,0.8269,47.1328,43.1512,1408.5707,288.4313,813.0000,40650.0000,0,0,-0.0008,0.3068,0.5042,0.1267,452,0.6696,0.3304,3.1128,3180.7058,shock_pick,0.3294,0.6281,1.6046,0.0000,1.0000,0.0000,82.6982,17,2434.1921,0.3736,1.2514,4,0,152056.1719,3.9304,0.0000,3.9304,0.7347,1.5162,0.0000,1.7500,16691.8301,109,1.6805,0.0000,0.0000,0.0000,658071.6250,19.5391,69211.3438,56.2353,93495
44,405,LosAngeles_Medium,train,MAPPER,3600,20,115,76,0.6609,1.0000,0.0000,701.4079,116.9013,0.3257,3.0599,440.3947,371.9681,1891.1285,0.8588,47.1328,43.1512,1408.5707,288.4313,505.8957,25294.7832,0,0,-0.0025,0.0433,0.2103,0.0155,419,0.6609,0.3391,3.1123,3180.7058,shock_pick,0.3565,0.6545,1.6046,0.0000,1.0000,0.0000,62.1690,17,2434.3301,0.3736,1.2580,3,0,143725.7656,3.6435,0.0000,3.6435,0.6961,1.4554,0.0000,1.5730,14988.5029,127,1.8151,0.0000,0.0000,0.0000,345276.5000,11.4435,30879.6113,76.7599,58178
44,405,LosAngeles_Medium,train,MAPPO,3600,20,115,83,0.7217,1.0000,0.0000,736.7711,92.0964,0.4429,3.0603,452.3494,325.6562,1936.6616,0.8563,47.1328,43.1512,1408.5707,288.4313,527.0174,26350.8691,0,0,-0.0016,0.0027,0.0000,0.0056,444,0.7217,0.2783,3.1122,3180.7058,shock_pick,0.3165,0.6014,1.6046,0.0000,1.0000,0.0000,65.0171,17,2434.2217,0.3734,1.3281,4,0,160742.9219,3.8609,0.0000,3.8609,0.7785,1.4904,0.0000,1.8161,24093.2188,132,1.7938,0.0000,0.0000,0.0000,361881.4062,10.6174,29830.0957,102.4914,60607
44,406,Paris_Small,train,IPPO,3600,10,85,64,0.7529,1.0000,0.0000,470.1875,156.7292,0.3886,3.0191,250.3125,247.2778,1009.6041,0.8067,22.5711,19.0056,833.2483,258.0866,351.6235,35162.3516,0,0,-0.0008,0.2324,0.5092,0.1111,300,0.7529,0.2471,3.0486,1592.7844,shock_pick,0.2031,0.3776,1.5887,0.0000,1.0000,0.0000,48.3917,14,1248.2574,0.2559,1.1672,4,1,64614.6641,3.5294,0.0000,3.5294,0.7702,0.8397,0.0000,1.7953,11229.8877,36,1.2577,0.0000,0.0000,0.0000,267560.0938,20.7765,16064.0361,78.5729,29888
44,406,Paris_Small,train,MAPPER,3600,10,85,62,0.7294,1.0000,0.0000,502.3548,125.5887,0.4282,3.0180,246.3710,290.1471,1026.0184,0.8329,22.5711,19.0056,833.2483,258.0866,439.7529,43975.2930,0,0,-0.0014,0.0236,0.1181,0.0180,321,0.7294,0.2706,3.0471,1592.7844,shock_pick,0.2419,0.4663,1.5887,0.0000,1.0000,0.0000,41.1673,14,1248.2278,0.2558,1.2274,5,1,63613.1445,3.7765,0.0000,3.7765,0.7562,0.8510,0.0000,1.4233,5328.5513,47,1.3082,0.0000,0.0000,0.0000,356317.9688,16.1647,18315.9277,140.8381,37379
44,406,Paris_Small,train,MAPPO,3600,10,85,69,0.8118,1.0000,0.0000,444.2029,111.0507,0.4019,3.0183,245.6377,210.7083,1028.5209,0.8374,22.5711,19.0056,828.7507,258.5330,313.8118,31381.1758,0,0,-0.0000,0.0002,0.0000,0.0015,295,0.8214,0.1786,3.0475,1592.7844,shock_pick,0.2691,0.5039,1.5783,0.0000,1.0000,0.0000,39.9335,14,1248.2206,0.2558,1.1189,5,1,70967.9375,3.4706,0.0000,3.4706,0.8217,0.8309,0.0000,1.3222,3936.7844,32,1.1485,0.0000,0.0000,0.0000,231190.0312,11.1647,5826.1030,162.6496,26674
44,407,Paris_Medium,train,IPPO,3600,20,114,97,0.8509,1.0000,0.0000,662.8660,110.4777,0.3148,3.0167,443.2165,254.8165,1857.1273,0.8380,46.6812,42.7418,1556.5679,334.1455,1111.2894,55564.4727,0,0,-0.0009,0.1582,0.4998,0.0853,437,0.8509,0.1491,3.0540,3186.6218,shock_pick,0.2807,0.5254,1.6230,0.0000,1.0000,0.0000,71.7910,15,2509.5874,0.2881,1.0380,4,0,180141.3438,3.8333,0.0000,3.8333,0.8311,1.6199,0.0000,1.3861,10026.3965,67,1.2786,0.0000,0.0000,0.0000,923443.6250,16.5439,94955.7656,90.5004,126687
44,407,Paris_Medium,train,MAPPER,3600,20,114,90,0.7895,1.0000,0.0000,722.2222,120.3704,0.3114,3.0162,457.1778,297.0100,1894.9952,0.8290,46.6812,42.7418,1556.5679,334.1455,860.7719,43038.5977,0,0,-0.0023,0.0491,0.1884,0.0158,461,0.7895,0.2105,3.0535,3186.6218,shock_pick,0.2574,0.4797,1.6230,0.0000,1.0000,0.0000,78.1787,15,2509.6167,0.2881,1.0006,3,0,170549.5625,4.0439,0.0000,4.0439,0.8190,1.7204,0.0000,1.3130,8444.9395,71,1.5847,0.0000,0.0000,0.0000,667845.0625,10.5702,59897.4570,142.4311,98128
44,407,Paris_Medium,train,MAPPO,3600,20,114,100,0.8772,1.0000,0.0000,670.5800,95.7971,0.3736,3.0166,443.4700,248.0000,1869.1707,0.8430,46.6812,42.7418,1556.5679,334.1455,677.2982,33864.9141,0,0,-0.0000,0.0002,0.0000,0.0018,427,0.8772,0.1228,3.0545,3186.6218,shock_pick,0.2468,0.4699,1.6230,0.0000,1.0000,0.0000,69.6359,15,2509.6162,0.2880,1.0379,4,0,186917.0625,3.7456,0.0000,3.7456,0.8747,1.6537,0.0000,1.3563,7485.1260,77,1.1542,0.0000,0.0000,0.0000,492104.9062,8.5702,36457.5273,172.3048,77212
44,408,Tokyo_Small,train,IPPO,3600,25,88,48,0.5455,1.0000,0.0000,626.5000,69.6111,0.3654,3.0318,303.6042,360.5454,1239.2751,0.8164,28.1587,24.6961,861.9722,261.2364,642.4773,64247.7266,0,0,-0.0008,1.1553,0.4992,0.2357,284,0.5455,0.4545,3.0998,1585.8853,shock_pick,0.3319,0.6166,1.6696,0.0000,1.0000,0.0000,55.7491,17,1230.8606,0.4403,1.3581,4,0,59485.2070,3.2273,0.0000,3.2273,0.5427,0.8313,0.0000,1.5676,10591.5732,69,1.8888,0.0000,0.0000,0.0000,565254.8125,23.5227,43422.3555,71.8202,56538
44,408,Tokyo_Small,train,MAPPER,3600,25,88,42,0.4773,1.0000,0.0000,682.5000,68.2500,0.4011,3.0315,303.5238,421.2174,1286.6111,0.8478,28.1587,24.6961,858.6836,266.2021,396.0341,39603.4102,0,0,-0.0009,0.0961,0.0879,0.0124,278,0.4884,0.5116,3.0999,1585.8853,shock_pick,0.3619,0.6801,1.6531,0.0000,1.0000,0.0000,46.2016,17,1230.9003,0.4402,1.5544,4,0,54037.6641,3.1591,0.0000,3.1591,0.4305,0.7536,0.0000,2.4392,14918.4502,76,2.3557,0.0000,0.0000,0.0000,317254.1250,27.7841,15250.7852,143.9509,34851
44,408,Tokyo_Small,train,MAPPO,3600,25,88,43,0.4886,1.0000,0.0000,628.6744,62.8674,0.4124,3.0315,301.6977,385.0612,1255.5889,0.8323,27.7682,22.8439,887.9104,306.4492,288.7046,28870.4551,0,0,0.0000,0.0007,0.0000,0.0038,214,0.6324,0.3676,3.0998,1585.8853,shock_pick,0.2969,0.5606,1.6181,0.0000,1.0000,0.0000,50.5799,17,1230.9338,0.4402,1.4960,3,0,53990.3203,2.4318,0.0000,2.4318,0.4578,0.7828,0.0000,1.6997,11352.3564,87,2.3563,0.0000,0.0000,0.0000,209826.6094,9.5909,4387.0679,159.9750,25406
44,409,Tokyo_Medium,train,IPPO,3600,50,108,82,0.7593,1.0000,0.0000,817.6097,40.8805,0.4010,2.9986,521.7805,358.8021,2221.1396,0.8514,56.6468,54.2904,1731.9375,324.2843,1691.0000,84550.0000,0,0,-0.0009,0.1983,0.4931,0.0959,368,0.7593,0.2407,3.0777,3187.4092,shock_pick,0.3061,0.5730,1.7832,0.0000,1.0000,0.0000,77.5526,17,2461.4592,0.3636,1.1396,3,0,182133.4531,3.4074,0.0000,3.4074,0.7833,2.1011,0.0000,1.4051,15675.3047,102,1.7510,0.0000,0.0000,0.0000,1503608.2500,21.3241,152054.5469,95.6981,182628
44,409,Tokyo_Medium,train,MAPPER,3600,50,108,78,0.7222,1.0000,0.0000,823.4103,41.1705,0.4059,2.9986,522.9103,356.9546,2246.6304,0.8593,56.6468,54.2904,1731.9375,324.2843,811.7593,40587.9648,0,0,-0.0016,0.0360,0.1813,0.0107,369,0.7222,0.2778,3.0779,3187.4092,shock_pick,0.2931,0.5785,1.7832,0.0000,1.0000,0.0000,73.5842,17,2461.4675,0.3636,1.1195,4,0,175237.1719,3.4167,0.0000,3.4167,0.7700,2.1712,0.0000,1.3832,13476.1553,103,1.9889,0.0000,0.0000,0.0000,632070.0000,7.6944,56241.9727,111.3131,87670
44,409,Tokyo_Medium,train,MAPPO,3600,50,108,81,0.7500,1.0000,0.0000,788.8025,39.4401,0.4108,2.9985,519.7407,318.4792,2230.9072,0.8585,56.6468,54.2904,1731.9375,324.2843,404.1018,20205.0918,0,0,-0.0000,0.0002,0.0000,0.0015,391,0.7500,0.2500,3.0774,3187.4092,shock_pick,0.2768,0.5426,1.7832,0.0000,1.0000,0.0000,73.5593,17,2461.3765,0.3636,1.0928,4,0,180703.5000,3.6204,0.0000,3.6204,0.8121,2.2052,0.0000,1.4129,16444.0000,99,1.8582,0.0000,0.0000,0.0000,227427.4062,5.9722,11467.1016,121.2529,43643
44,410,LosAngeles_Small,train,IPPO,3600,25,76,48,0.6316,1.0000,0.0000,514.5417,57.1713,0.3656,3.0998,289.3125,297.8474,1199.0479,0.8289,22.0585,20.0856,866.3914,272.9013,464.4474,46444.7383,0,0,-0.0010,0.1411,0.4996,0.0867,262,0.6316,0.3684,3.1238,1589.0516,shock_pick,0.3778,0.7144,1.5836,0.0000,1.0000,0.0000,49.5029,16,1227.9388,0.3275,1.5043,5,0,57554.2969,3.4474,0.0000,3.4474,0.7113,0.9777,0.0000,1.8627,11145.2002,89,2.3246,0.0000,0.0000,0.0000,379064.6562,30.9474,23916.7109,64.3723,35298
44,410,LosAngeles_Small,train,MAPPER,3600,25,76,52,0.6842,1.0000,0.0000,505.4808,56.1645,0.3820,3.0996,285.9423,248.4333,1177.0020,0.8232,22.0585,20.0856,866.3914,272.9013,212.8553,21285.5254,0,0,-0.0018,0.0390,0.1136,0.0119,238,0.6842,0.3158,3.1238,1589.0516,shock_pick,0.3756,0.6815,1.5836,0.0000,1.0000,0.0000,50.5419,16,1227.9506,0.3275,1.5181,4,0,61204.0977,3.1316,0.0000,3.1316,0.7415,0.9408,0.0000,1.8551,10473.2539,77,1.9518,0.0000,0.0000,0.0000,127632.9453,8.1974,4213.3379,72.1957,16177
44,410,LosAngeles_Small,train,MAPPO,3600,25,76,52,0.6842,1.0000,0.0000,494.5962,61.8245,0.3559,3.0999,280.9038,266.7742,1193.6018,0.8498,22.0585,20.0856,876.2101,277.5782,188.7105,18871.0527,0,0,0.0000,0.0002,0.0000,0.0014,250,0.7027,0.2973,3.1248,1589.0516,shock_pick,0.3269,0.5946,1.6139,0.0000,1.0000,0.0000,42.1835,16,1227.8917,0.3276,1.5142,4,0,62067.2930,3.2895,0.0000,3.2895,0.7740,0.9820,0.0000,1.8717,10805.3643,88,1.8291,0.0000,0.0000,0.0000,104716.0000,6.2500,2142.9290,76.5208,14342
44,411,LosAngeles_Medium,train,IPPO,3600,50,125,73,0.5840,1.0000,0.0000,860.7808,40.9896,0.4364,3.0806,545.1781,423.1134,2305.1377,0.8456,46.7496,44.0817,1727.4946,301.3098,1451.4240,72571.2031,0,0,-0.0006,0.4801,0.4737,0.1597,464,0.5840,0.4160,3.1394,3187.0564,shock_pick,0.3603,0.6874,1.6083,0.0000,1.0000,0.0000,84.1506,16,2447.6475,0.3780,1.2422,4,0,168275.0469,3.7120,0.0000,3.7120,0.6171,1.7414,0.0000,1.7107,20127.7168,142,2.5060,0.0000,0.0000,0.0000,1300411.2500,26.7840,152022.1250,84.2358,181428
44,411,LosAngeles_Medium,train,MAPPER,3600,50,125,70,0.5600,1.0000,0.0000,948.3714,45.1605,0.4201,3.0804,576.5571,470.0909,2446.3250,0.8486,46.7496,44.0817,1727.4946,301.3098,693.1520,34657.6016,0,0,-0.0032,0.1361,0.1840,0.0268,476,0.5600,0.4400,3.1392,3187.0564,shock_pick,0.2668,0.5257,1.6083,0.0000,1.0000,0.0000,87.2921,16,2447.5281,0.3780,1.2914,2,0,171242.7500,3.8080,0.0000,3.8080,0.6588,1.9387,0.0000,1.8461,21869.6133,138,2.9067,0.0000,0.0000,0.0000,541311.8750,18.3920,51100.1445,132.5132,86644
44,411,LosAngeles_Medium,train,MAPPO,3600,50,125,74,0.5920,1.0000,0.0000,864.4054,37.5828,0.4667,3.0802,572.1486,376.7000,2387.1350,0.8344,46.7496,44.0734,1752.4867,315.1899,453.9040,22695.1992,0,0,-0.0000,0.0003,0.0000,0.0019,404,0.6218,0.3782,3.1390,3187.0564,shock_pick,0.3239,0.7001,1.5537,0.0000,1.0000,0.0000,94.7216,16,2447.5129,0.3778,1.2733,5,0,176648.0000,3.2320,0.0000,3.2320,0.6576,1.8306,0.0000,1.6239,20593.8789,151,3.0113,0.0000,0.0000,0.0000,299881.7500,25.8800,12565.9990,199.3561,56738
44,412,Paris_Small,train,IPPO,3600,25,81,57,0.7037,1.0000,0.0000,506.4035,56.2671,0.3689,2.9655,240.3684,289.0147,1015.2786,0.8448,23.6464,22.0765,814.1334,276.4226,888.8889,88888.8906,0,0,-0.0009,0.2465,0.4804,0.1130,313,0.7037,0.2963,3.0570,1592.0719,shock_pick,0.2544,0.4776,1.5597,0.0000,1.0000,0.0000,37.3127,14,1250.2692,0.4243,1.2829,4,0,57870.8828,3.8642,0.0000,3.8642,0.6842,0.7847,0.0000,1.3791,4834.2271,53,1.6641,0.0000,0.0000,0.0000,797796.1250,22.6790,55956.8438,106.9724,72000
44,412,Paris_Small,train,MAPPER,3600,25,81,57,0.7037,1.0000,0.0000,550.5439,55.0544,0.4119,2.9638,243.1228,342.1515,1028.6698,0.8462,23.6464,22.0765,814.1334,276.4226,547.1975,54719.7539,0,0,-0.0006,0.0210,0.0961,0.0073,277,0.7037,0.2963,3.0554,1592.0719,shock_pick,0.2544,0.4965,1.5597,0.0000,1.0000,0.0000,37.3888,14,1250.2524,0.4239,1.2295,4,0,58634.1797,3.4198,0.0000,3.4198,0.6314,0.7241,0.0000,1.3393,6438.9214,54,2.4176,0.0000,0.0000,0.0000,454116.8438,18.0617,22904.3027,171.3497,44323
44,412,Paris_Small,train,MAPPO,3600,25,81,64,0.7901,1.0000,0.0000,444.9844,55.6230,0.3469,2.9656,242.6406,230.0972,1015.9131,0.8374,23.6464,22.0765,814.1334,276.4226,302.1358,30213.5801,0,0,0.0000,0.0001,0.0000,0.0013,290,0.7901,0.2099,3.0572,1592.0719,shock_pick,0.3031,0.5511,1.5597,0.0000,1.0000,0.0000,39.4580,14,1250.2524,0.4243,1.2472,4,0,65018.4375,3.5802,0.0000,3.5802,0.7545,0.7707,0.0000,1.3101,4454.6729,41,1.8612,0.0000,0.0000,0.0000,212415.5625,6.3580,3705.7549,166.6677,24473
44,413,Paris_Medium,train,IPPO,3600,50,121,87,0.7190,1.0000,0.0000,754.0460,37.7023,0.4131,3.0344,492.1035,334.8288,2043.9181,0.8307,47.5085,42.6342,1709.0085,268.9622,2338.4050,116920.2500,0,0,-0.0009,0.1892,0.4708,0.0971,457,0.7190,0.2810,3.0634,3182.2654,shock_pick,0.3861,0.6992,1.6013,0.0000,1.0000,0.0000,83.3198,17,2502.3528,0.3558,1.0092,4,0,177820.8750,3.7769,0.0000,3.7769,0.7820,1.7469,0.0000,1.3616,10562.6367,89,2.4125,0.0000,0.0000,0.0000,2161657.0000,23.5785,245421.1250,133.3855,282947
44,413,Paris_Medium,train,MAPPER,3600,50,121,85,0.7025,1.0000,0.0000,799.4824,38.0706,0.4275,3.0335,506.9882,352.7879,2159.8406,0.8520,47.5085,42.6342,1719.9377,266.5091,1120.2148,56010.7422,0,0,-0.0014,0.0433,0.1685,0.0124,423,0.7083,0.2917,3.0622,3182.2654,shock_pick,0.3547,0.6608,1.5935,0.0000,1.0000,0.0000,75.0201,17,2502.3796,0.3557,1.0255,4,0,183586.4531,3.4959,0.0000,3.4959,0.7490,1.7126,0.0000,1.3179,9029.8164,95,2.5683,0.0000,0.0000,0.0000,926866.0000,22.3223,80654.5078,260.3022,135546
44,413,Paris_Medium,train,MAPPO,3600,50,121,87,0.7190,1.0000,0.0000,754.8506,37.7425,0.4199,3.0336,494.9195,313.5922,2112.2236,0.8536,47.5085,42.6342,1709.0085,268.9622,673.7025,33685.1250,0,0,0.0051,0.0087,0.0000,0.0112,474,0.7190,0.2810,3.0623,3182.2654,shock_pick,0.2672,0.5103,1.6013,0.0000,1.0000,0.0000,72.4748,17,2502.3862,0.3557,1.0707,3,0,183763.4531,3.9174,0.0000,3.9174,0.7821,1.7471,0.0000,1.3457,12559.7920,96,3.6432,0.0000,0.0000,0.0000,480868.6250,9.7603,22983.9316,290.9214,81518
44,414,Tokyo_Small,train,IPPO,3600,7,80,58,0.7250,1.0000,0.0000,582.0862,291.0431,0.3760,3.0570,293.8793,334.4706,1215.3997,0.8271,26.1419,24.3909,909.7150,253.5065,207.5500,20755.0000,0,0,-0.0010,0.1947,0.4682,0.1016,270,0.7250,0.2750,3.0994,1729.7073,wave,0.2563,0.4803,1.7610,0.0000,1.0000,0.0000,50.7994,16,1351.9277,0.2537,1.2626,4,0,70493.1797,3.3750,0.0000,3.3750,0.7521,1.0502,0.0000,1.4946,8205.3301,52,1.1273,0.0000,0.0000,0.0000,143325.9688,15.7000,8403.5098,38.2830,16604
44,414,Tokyo_Small,train,MAPPER,3600,7,80,52,0.6500,1.0000,0.0000,587.9615,293.9808,0.3929,3.0587,275.6346,349.6557,1174.8256,0.8525,26.1419,24.3909,909.7150,253.5065,229.1000,22910.0000,0,0,-0.0018,0.0194,0.0698,0.0141,288,0.6500,0.3500,3.1010,1729.7073,wave,0.3795,0.6976,1.7610,0.0000,1.0000,0.0000,40.6695,16,1351.8539,0.2532,1.2248,5,0,61090.9336,3.6000,0.0000,3.6000,0.6872,1.0703,0.0000,1.5637,10547.9277,52,1.0459,0.0000,0.0000,0.0000,164926.7500,10.3500,8561.1650,57.9133,18328
44,414,Tokyo_Small,train,MAPPO,3600,7,80,58,0.7250,1.0000,0.0000,620.9828,206.9943,0.5086,3.0553,293.4483,348.8636,1237.6321,0.8435,26.1419,24.3909,909.7150,253.5065,206.3875,20638.7500,0,0,-0.0009,0.0498,0.0000,0.0262,301,0.7250,0.2750,3.0986,1729.7073,wave,0.3138,0.5656,1.7610,0.0000,1.0000,0.0000,45.9219,16,1351.8837,0.2542,1.2550,4,0,71782.6562,3.7625,0.0000,3.7625,0.7452,1.0405,0.0000,1.5156,11388.2490,55,1.6114,0.0000,0.0000,0.0000,141060.0312,14.5250,3953.0430,91.6480,16511
44,415,Tokyo_Medium,train,IPPO,3600,14,112,86,0.7679,1.0000,0.0000,818.9418,163.7884,0.3736,3.0976,496.7093,360.4706,2059.0798,0.8291,58.0383,52.8909,1619.0299,306.5152,610.8750,30543.7500,0,0,-0.0011,0.1948,0.4499,0.0924,407,0.7679,0.2321,3.1138,3459.2585,wave,0.3161,0.5968,1.5718,0.0000,1.0000,0.0000,84.8933,15,2703.7043,0.1811,1.0202,4,0,177080.8594,3.6339,0.0000,3.6339,0.8295,1.6592,0.0000,1.3839,10794.2031,86,1.2662,0.0000,0.0000,0.0000,486542.0000,15.8304,48205.2109,56.1396,68418
44,415,Tokyo_Medium,train,MAPPER,3600,14,112,82,0.7321,1.0000,0.0000,814.4512,135.7419,0.4319,3.0982,477.2439,385.6146,2052.5669,0.8602,58.0383,52.8909,1619.0299,306.5152,583.5625,29178.1250,0,0,-0.0010,0.0225,0.0802,0.0112,400,0.7321,0.2679,3.1140,3459.2585,wave,0.2591,0.5157,1.5718,0.0000,1.0000,0.0000,66.7305,15,2703.6484,0.1808,1.0114,4,0,168310.4844,3.5714,0.0000,3.5714,0.7411,1.5547,0.0000,1.3497,11930.9629,84,1.7928,0.0000,0.0000,0.0000,456384.4062,9.3839,41450.6641,86.2906,65359
44,415,Tokyo_Medium,train,MAPPO,3600,14,112,79,0.7054,1.0000,0.0000,783.4304,130.5717,0.4341,3.0953,497.5063,376.3839,2105.4922,0.8464,58.0383,52.8909,1619.0299,306.5152,499.6696,24983.4824,0,0,-0.0000,0.0020,0.0000,0.0034,433,0.7054,0.2946,3.1122,3459.2585,wave,0.2635,0.5073,1.5718,0.0000,1.0000,0.0000,76.4079,15,2703.6536,0.1819,1.1183,2,0,166333.8750,3.8661,0.0000,3.8661,0.7812,1.7011,0.0000,1.3238,14090.7656,93,1.5244,0.0000,0.0000,0.0000,371814.0625,14.7321,26406.9219,136.0398,55963
44,416,LosAngeles_Small,train,IPPO,3600,7,84,65,0.7738,1.0000,0.0000,546.2615,273.1308,0.3315,3.0841,282.5538,288.8354,1143.4774,0.8094,24.0075,22.3566,842.0807,272.1644,204.2857,20428.5723,0,0,-0.0007,0.1445,0.4499,0.0866,327,0.7738,0.2262,3.1147,1729.6028,wave,0.2518,0.4925,1.6063,0.0000,1.0000,0.0000,53.8584,14,1340.8186,0.2802,1.1537,5,0,74326.0312,3.8929,0.0000,3.8929,0.7609,0.8076,0.0000,1.5127,4420.8765,52,1.0732,0.0000,0.0000,0.0000,147865.2812,19.2381,9416.1182,35.7693,17160
44,416,LosAngeles_Small,train,MAPPER,3600,7,84,57,0.6786,1.0000,0.0000,561.5439,280.7719,0.3737,3.0847,272.5088,311.2941,1157.7921,0.8497,24.0075,22.3566,842.0807,272.1644,196.4167,19641.6660,0,0,-0.0004,0.0167,0.0688,0.0087,312,0.6786,0.3214,3.1150,1729.6028,wave,0.2789,0.5148,1.6063,0.0000,1.0000,0.0000,40.9503,14,1340.7933,0.2800,1.2751,4,0,65994.1484,3.7143,0.0000,3.7143,0.6462,0.7822,0.0000,2.0043,6856.9336,46,1.2578,0.0000,0.0000,0.0000,138734.9844,11.8929,7105.0908,54.1514,16499
44,416,LosAngeles_Small,train,MAPPO,3600,7,84,67,0.7976,1.0000,0.0000,543.9850,271.9925,0.4263,3.0817,274.5224,279.0822,1157.2296,0.8431,24.0075,22.3566,842.0807,272.1644,163.5476,16354.7617,0,0,-0.0000,0.0004,0.0000,0.0021,304,0.7976,0.2024,3.1122,1729.6028,wave,0.2154,0.3952,1.6063,0.0000,1.0000,0.0000,43.0765,14,1340.8036,0.2807,1.2946,4,1,77534.3828,3.6190,0.0000,3.6190,0.7767,0.7998,0.0000,1.9062,6654.8516,67,1.1706,0.0000,0.0000,0.0000,105392.1875,13.5238,2527.4331,75.3049,13738
44,417,LosAngeles_Medium,train,IPPO,3600,14,128,93,0.7266,1.0000,0.0000,781.9785,156.3957,0.4227,3.0823,487.0645,358.2562,2048.1357,0.8410,46.3655,43.4284,1578.4993,276.2617,487.3984,24369.9219,0,0,-0.0009,0.2301,0.4350,0.1034,488,0.7266,0.2734,3.1332,3458.6487,wave,0.2948,0.5578,1.6410,0.0000,1.0000,0.0000,77.4374,15,2669.0022,0.2690,1.0241,4,0,190476.6406,3.8125,0.0000,3.8125,0.7225,1.5516,0.0000,1.3951,12947.7139,107,1.4572,0.0000,0.0000,0.0000,385178.4062,21.6406,42845.0312,50.4526,62387
44,417,LosAngeles_Medium,train,MAPPER,3600,14,128,79,0.6172,1.0000,0.0000,793.4051,132.2342,0.4694,3.0842,508.0253,387.9167,2190.9727,0.8625,46.3655,43.4284,1578.4993,276.2617,517.6641,25883.2031,0,0,-0.0012,0.1029,0.0841,0.0252,489,0.6172,0.3828,3.1342,3458.6487,wave,0.2696,0.5191,1.6410,0.0000,1.0000,0.0000,69.8308,15,2668.9004,0.2688,1.1231,3,0,173086.8438,3.8203,0.0000,3.8203,0.6746,1.7054,0.0000,1.5199,16284.8906,109,1.9146,0.0000,0.0000,0.0000,400993.7188,13.6016,41246.9492,78.7531,66261
44,417,LosAngeles_Medium,train,MAPPO,3600,14,128,89,0.6953,1.0000,0.0000,825.9326,165.1865,0.4284,3.0817,508.0225,360.7525,2212.3550,0.8710,46.3655,43.4284,1578.4993,276.2617,410.0312,20501.5625,0,0,0.0045,0.0102,0.0000,0.0118,525,0.6953,0.3047,3.1331,3458.6487,wave,0.2792,0.5434,1.6410,0.0000,1.0000,0.0000,65.5515,15,2668.8889,0.2692,1.1281,4,0,196899.5938,4.1016,0.0000,4.1016,0.7459,1.6738,0.0000,1.4753,16755.9297,129,2.6114,0.0000,0.0000,0.0000,293023.3125,21.2969,20933.2754,129.4838,52484
44,418,Paris_Small,train,IPPO,3600,7,78,57,0.7308,1.0000,0.0000,530.9298,530.9298,0.2788,3.0176,270.0000,273.3623,1098.5688,0.8138,24.0419,22.3244,861.8514,294.4111,361.5641,36156.4102,0,0,-0.0013,0.1809,0.4345,0.0968,302,0.7308,0.2692,3.0406,1728.4994,wave,0.3877,0.6976,1.6866,0.0000,1.0000,0.0000,50.2862,16,1363.3386,0.2055,1.2021,5,0,62618.4258,3.8718,0.0000,3.8718,0.7695,0.8350,0.0000,1.5304,6402.0054,42,1.1298,0.0000,0.0000,0.0000,295352.0625,17.4103,16237.0654,87.1861,28202
44,418,Paris_Small,train,MAPPER,3600,7,78,60,0.7692,1.0000,0.0000,572.6833,286.3417,0.4231,3.0166,273.3333,312.6060,1142.6512,0.8361,24.0419,22.3244,861.8514,294.4111,366.2051,36620.5117,0,0,-0.0008,0.0219,0.0677,0.0105,295,0.7692,0.2308,3.0379,1728.4994,wave,0.2161,0.4000,1.6866,0.0000,1.0000,0.0000,44.8031,16,1363.3647,0.2055,0.9964,4,1,68559.0703,3.7821,0.0000,3.7821,0.8196,0.8450,0.0000,1.2159,3029.5601,39,1.3712,0.0000,0.0000,0.0000,300542.6562,11.0641,13248.0068,130.6981,28564
44,418,Paris_Small,train,MAPPO,3600,7,78,67,0.8590,1.0000,0.0000,489.8507,244.9254,0.2952,3.0180,260.6716,229.0000,1104.5359,0.8475,24.0419,22.3244,861.8514,294.4111,285.7180,28571.7949,0,0,0.0000,0.0003,0.0000,0.0016,287,0.8590,0.1410,3.0406,1728.4994,wave,0.2244,0.4117,1.6866,0.0000,1.0000,0.0000,39.7645,16,1363.3441,0.2055,1.0497,4,1,74003.9062,3.6795,0.0000,3.6795,0.8887,0.8205,0.0000,1.2609,2958.7144,33,1.1058,0.0000,0.0000,0.0000,219462.3281,7.3333,6270.1328,139.0777,22286
44,419,Paris_Medium,train,IPPO,3600,14,105,89,0.8476,1.0000,0.0000,785.8989,157.1798,0.3593,3.0411,487.9550,318.3673,2007.1208,0.8227,46.4895,43.4066,1618.0283,321.5829,814.5333,40726.6680,0,0,-0.0011,0.1951,0.4297,0.0900,408,0.8476,0.1524,3.0619,3458.1672,wave,0.2460,0.4801,1.5181,0.0000,1.0000,0.0000,86.5309,15,2720.0200,0.1878,0.9325,3,0,178633.7500,3.8857,0.0000,3.8857,0.8973,1.5225,0.0000,1.2073,5522.6353,55,1.1284,0.0000,0.0000,0.0000,670545.0625,15.8571,59711.3047,101.8677,85526
44,419,Paris_Medium,train,MAPPER,3600,14,105,82,0.7810,1.0000,0.0000,775.5000,129.2500,0.4438,3.0413,470.8293,329.0435,2020.7849,0.8584,46.4895,43.4066,1618.0283,321.5829,748.7619,37438.0938,0,0,-0.0013,0.0287,0.0789,0.0095,397,0.7810,0.2190,3.0612,3458.1672,wave,0.2859,0.5486,1.5181,0.0000,1.0000,0.0000,66.6723,15,2720.1545,0.1875,0.9159,4,0,165704.3594,3.7810,0.0000,3.7810,0.8641,1.5914,0.0000,1.1828,6080.0259,58,1.2742,0.0000,0.0000,0.0000,598784.0000,10.4000,45271.0469,167.6331,78620
44,419,Paris_Medium,train,MAPPO,3600,14,105,92,0.8762,1.0000,0.0000,739.8804,123.3134,0.4290,3.0405,478.9674,283.8900,2034.4076,0.8495,46.4895,43.4066,1618.0283,321.5829,667.9714,33398.5703,0,0,-0.0000,0.0002,0.0000,0.0016,404,0.8762,0.1238,3.0607,3458.1672,wave,0.2369,0.4614,1.5181,0.0000,1.0000,0.0000,72.0858,15,2720.0737,0.1878,0.8950,3,0,187165.5000,3.8476,0.0000,3.8476,0.9348,1.5344,0.0000,1.2266,6363.7134,65,1.2253,0.0000,0.0000,0.0000,526089.4375,8.3238,33738.8672,204.7692,70137
44,420,Tokyo_Small,train,IPPO,3600,10,71,56,0.7887,1.0000,0.0000,615.1607,307.5804,0.2961,3.0986,282.1429,350.5385,1121.2822,0.7948,28.5779,24.1399,837.2160,295.8590,269.0845,26908.4512,0,0,-0.0009,0.1408,0.4307,0.0826,260,0.7887,0.2113,3.0902,1729.6801,wave,0.3288,0.6071,1.7059,0.0000,1.0000,0.0000,57.8864,14,1354.0281,0.1980,1.2280,5,0,62791.8086,3.6620,0.0000,3.6620,0.7724,0.9122,0.0000,1.3801,5001.1450,50,1.0617,0.0000,0.0000,0.0000,204199.7500,17.1408,11110.7549,47.7110,19105
44,420,Tokyo_Small,train,MAPPER,3600,10,71,51,0.7183,1.0000,0.0000,650.8235,162.7059,0.4521,3.0967,257.4314,423.0323,1097.7141,0.8528,28.5779,24.1399,837.2160,295.8590,279.5352,27953.5215,0,0,-0.0003,0.0065,0.0552,0.0082,241,0.7183,0.2817,3.0891,1729.6801,wave,0.2339,0.4640,1.7059,0.0000,1.0000,0.0000,37.8885,14,1353.9902,0.1985,1.3936,3,0,55983.4219,3.3944,0.0000,3.3944,0.6548,0.8492,0.0000,1.5247,9119.4707,62,1.5253,0.0000,0.0000,0.0000,212680.5469,10.8028,9601.4717,77.4496,19847
44,420,Tokyo_Small,train,MAPPO,3600,10,71,56,0.7887,1.0000,0.0000,608.8929,202.9643,0.3991,3.0969,271.6429,339.8769,1161.1947,0.8549,28.5779,24.1399,837.2160,295.8590,223.1549,22315.4922,0,0,0.0000,0.0002,0.0000,0.0017,238,0.7887,0.2113,3.0884,1729.6801,wave,0.2798,0.5126,1.7059,0.0000,1.0000,0.0000,39.4039,14,1354.0305,0.1986,1.3784,4,0,65026.9023,3.3521,0.0000,3.3521,0.8184,0.9665,0.0000,1.3819,6591.0312,54,1.6897,0.0000,0.0000,0.0000,158558.5781,9.5634,4514.4121,94.9765,15844
44,421,Tokyo_Medium,train,IPPO,3600,20,115,90,0.7826,1.0000,0.0000,808.5555,134.7593,0.3390,3.0695,491.1222,388.1442,2082.2271,0.8479,55.8491,50.5796,1608.4429,321.0869,758.0956,37904.7812,0,0,-0.0010,0.2197,0.4152,0.1064,438,0.7826,0.2174,3.1202,3459.4622,wave,0.2778,0.5292,1.6603,0.0000,1.0000,0.0000,74.6768,17,2708.0095,0.1879,0.9193,4,0,187400.4375,3.8087,0.0000,3.8087,0.8151,1.5862,0.0000,1.3424,9363.1182,76,1.4017,0.0000,0.0000,0.0000,631683.3125,18.3478,65204.2578,64.6915,87181
44,421,Tokyo_Medium,train,MAPPER,3600,20,115,86,0.7478,1.0000,0.0000,795.0698,113.5814,0.3765,3.0697,466.6395,393.6633,1974.3651,0.8462,55.8491,50.5796,1608.4429,321.0869,522.5652,26128.2617,0,0,-0.0007,0.0142,0.0927,0.0096,412,0.7478,0.2522,3.1199,3459.4622,wave,0.2901,0.5422,1.6603,0.0000,1.0000,0.0000,71.7665,17,2708.0325,0.1876,1.0625,3,0,169795.4062,3.5826,0.0000,3.5826,0.7652,1.5584,0.0000,1.4994,12064.0049,80,2.1460,0.0000,0.0000,0.0000,397231.0312,9.3043,34850.2656,94.1871,60095
44,421,Tokyo_Medium,train,MAPPO,3600,20,115,92,0.8000,1.0000,0.0000,836.9239,104.6155,0.4017,3.0675,478.9348,388.2941,2076.7505,0.8672,55.8491,50.5796,1608.4429,321.0869,470.4870,23524.3477,0,0,0.0000,0.0002,0.0000,0.0017,419,0.8000,0.2000,3.1195,3459.4622,wave,0.2732,0.5253,1.6603,0.0000,1.0000,0.0000,63.5847,17,2708.2717,0.1887,1.1250,4,0,191061.0625,3.6435,0.0000,3.6435,0.8727,1.6614,0.0000,1.5317,17486.1973,117,2.2209,0.0000,0.0000,0.0000,345882.5938,14.1652,24198.5234,135.4626,54106
44,422,LosAngeles_Small,train,IPPO,3600,10,81,56,0.6914,1.0000,0.0000,528.3929,264.1964,0.2807,3.1137,271.8036,295.8472,1143.7239,0.8416,23.7938,20.7492,830.4348,260.8549,275.1729,27517.2832,0,0,-0.0008,0.2897,0.4194,0.1219,293,0.6914,0.3086,3.1238,1730.0067,wave,0.3781,0.7187,1.7796,0.0000,1.0000,0.0000,43.0588,15,1342.0522,0.2383,1.2113,6,0,64048.5352,3.6173,0.0000,3.6173,0.7020,0.9467,0.0000,1.4257,5706.7739,44,1.2057,0.0000,0.0000,0.0000,218499.1562,19.1975,14477.9482,39.7601,22289
44,422,LosAngeles_Small,train,MAPPER,3600,10,81,48,0.5926,1.0000,0.0000,597.3333,149.3333,0.4221,3.1138,279.9583,365.3273,1170.0497,0.8359,23.7938,20.7492,830.4348,260.8549,316.4445,31644.4453,0,0,-0.0005,0.0059,0.0779,0.0091,291,0.5926,0.4074,3.1231,1730.0067,wave,0.2960,0.5559,1.7796,0.0000,1.0000,0.0000,45.9484,15,1342.0325,0.2379,1.2793,4,0,56162.3828,3.5926,0.0000,3.5926,0.5802,0.9128,0.0000,1.6371,9065.2510,58,2.2208,0.0000,0.0000,0.0000,256348.0000,18.0247,13983.6621,83.7115,25632
44,422,LosAngeles_Small,train,MAPPO,3600,10,81,47,0.5802,1.0000,0.0000,633.2553,158.3138,0.4239,3.1112,286.5532,378.2727,1197.9867,0.8361,23.7938,20.7492,830.4348,260.8549,259.5432,25954.3203,0,0,0.0000,0.0002,0.0000,0.0016,282,0.5802,0.4198,3.1233,1730.0067,wave,0.2716,0.5128,1.7796,0.0000,1.0000,0.0000,46.9559,16,1342.0394,0.2406,1.4963,3,0,56305.3750,3.4815,0.0000,3.4815,0.6418,1.0312,0.0000,1.8813,11732.9502,80,1.9109,0.0000,0.0000,0.0000,199371.4844,18.7160,6657.5229,117.1814,21023
44,423,LosAngeles_Medium,train,IPPO,3600,20,110,92,0.8364,1.0000,0.0000,743.8587,106.2655,0.3978,3.1063,474.8478,300.3010,1986.2219,0.8366,47.0536,41.0974,1537.3250,322.1489,610.4545,30522.7266,0,0,-0.0009,0.1909,0.4105,0.0938,405,0.8364,0.1636,3.1313,3459.6899,wave,0.2391,0.4763,1.7618,0.0000,1.0000,0.0000,77.6035,16,2666.4529,0.2022,1.0721,4,0,182732.4219,3.6818,0.0000,3.6818,0.8488,1.8156,0.0000,1.4235,11606.7617,100,1.1522,0.0000,0.0000,0.0000,486470.7188,19.0545,48160.5508,48.6488,67150
44,423,LosAngeles_Medium,train,MAPPER,3600,20,110,72,0.6545,1.0000,0.0000,783.2222,111.8889,0.3985,3.1069,499.7222,340.7381,2069.2937,0.8282,47.0536,41.0974,1537.3250,322.1489,495.3182,24765.9082,0,0,-0.0018,0.0377,0.0911,0.0119,403,0.6545,0.3455,3.1320,3459.6899,wave,0.3487,0.6573,1.7618,0.0000,1.0000,0.0000,85.8635,16,2666.4563,0.2023,1.2897,3,0,148989.1406,3.6636,0.0000,3.6636,0.6776,1.8521,0.0000,2.2364,39320.2969,111,1.7757,0.0000,0.0000,0.0000,376322.5000,10.7091,33620.5195,70.6832,54485
44,423,LosAngeles_Medium,train,MAPPO,3600,20,110,87,0.7909,1.0000,0.0000,731.4713,104.4959,0.3613,3.1052,492.5977,284.8396,2058.4558,0.8358,47.0536,41.0974,1537.3250,322.1489,361.3091,18065.4551,0,0,0.0000,0.0001,0.0000,0.0011,412,0.7909,0.2091,3.1305,3459.6899,wave,0.2525,0.4893,1.7618,0.0000,1.0000,0.0000,80.9065,16,2666.4460,0.2029,1.0963,3,0,179085.6562,3.7455,0.0000,3.7455,0.8330,1.8841,0.0000,1.5149,12739.2412,84,1.4254,0.0000,0.0000,0.0000,243846.3281,9.8818,17213.3516,87.3629,39744
44,424,Paris_Small,train,IPPO,3600,10,84,64,0.7619,1.0000,0.0000,476.5938,158.8646,0.3071,3.0196,254.0469,251.4267,1058.0945,0.8330,23.3443,21.9480,824.7269,260.8952,369.4167,36941.6680,0,0,-0.0006,0.1329,0.4111,0.0772,316,0.7619,0.2381,3.0460,1729.5167,wave,0.2646,0.4801,1.7302,0.0000,1.0000,0.0000,42.4280,14,1366.3250,0.2317,1.0417,4,0,67718.0469,3.7619,0.0000,3.7619,0.8078,0.9440,0.0000,1.2635,2530.7588,32,1.4738,0.0000,0.0000,0.0000,312329.8750,19.9762,19907.7129,75.3347,31031
44,424,Paris_Small,train,MAPPER,3600,10,84,54,0.6429,1.0000,0.0000,520.5185,173.5062,0.3601,3.0209,259.9815,300.1935,1097.0514,0.8439,23.3443,21.9480,824.7269,260.8952,396.9405,39694.0469,0,0,0.0002,0.0111,0.0800,0.0107,319,0.6429,0.3571,3.0475,1729.5167,wave,0.2478,0.4619,1.7302,0.0000,1.0000,0.0000,40.5712,14,1366.3175,0.2317,1.1385,3,0,59240.7734,3.7976,0.0000,3.7976,0.7295,1.0104,0.0000,1.2948,3037.4565,42,1.9015,0.0000,0.0000,0.0000,339373.7188,13.7738,17591.5176,129.9522,33343
44,424,Paris_Small,train,MAPPO,3600,10,84,63,0.7500,1.0000,0.0000,477.7302,159.2434,0.3256,3.0181,252.7619,244.8657,1081.8958,0.8561,23.3443,21.9480,824.7269,260.8952,329.2143,32921.4297,0,0,0.0000,0.0003,0.0000,0.0020,299,0.7500,0.2500,3.0456,1729.5167,wave,0.2069,0.3956,1.7302,0.0000,1.0000,0.0000,36.3828,14,1366.3156,0.2321,1.0984,4,0,68159.4375,3.5595,0.0000,3.5595,0.8234,0.9776,0.0000,1.2645,3125.1099,36,1.8376,0.0000,0.0000,0.0000,271121.5312,17.8333,6767.9419,190.5523,27654
44,425,Paris_Medium,train,IPPO,3600,20,108,94,0.8704,1.0000,0.0000,665.7659,133.1532,0.2673,3.0458,428.5000,250.7677,1823.2106,0.8510,45.5843,40.9341,1492.7524,314.4834,941.6574,47082.8711,0,0,-0.0007,0.1751,0.4050,0.0901,434,0.8704,0.1296,3.0730,3458.1829,wave,0.2410,0.4556,1.5978,0.0000,1.0000,0.0000,63.8579,14,2729.3540,0.1781,0.8564,3,0,171381.7969,4.0185,0.0000,4.0185,0.9192,1.5059,0.0000,1.2799,5226.5288,57,1.1697,0.0000,0.0000,0.0000,809787.1250,16.0000,78512.1797,82.8239,101699
44,425,Paris_Medium,train,MAPPER,3600,20,108,87,0.8056,1.0000,0.0000,730.7357,121.7893,0.3481,3.0443,453.9195,301.5052,1924.6980,0.8480,45.5843,40.9341,1492.7524,314.4834,721.9445,36097.2227,0,0,-0.0012,0.0461,0.0938,0.0094,413,0.8056,0.1944,3.0733,3458.1829,wave,0.2301,0.4497,1.5978,0.0000,1.0000,0.0000,68.9799,14,2729.3550,0.1788,0.9491,4,1,167448.7344,3.8241,0.0000,3.8241,0.8969,1.5876,0.0000,1.2770,6391.1665,60,1.7313,0.0000,0.0000,0.0000,585801.3125,9.0093,50380.0234,119.3213,77970
44,425,Paris_Medium,train,MAPPO,3600,20,108,92,0.8519,1.0000,0.0000,633.7826,105.6304,0.3253,3.0453,438.6522,220.5686,1838.2427,0.8381,45.5843,40.9341,1492.7524,314.4834,490.5000,24525.0000,0,0,0.0000,0.0002,0.0000,0.0011,430,0.8519,0.1481,3.0737,3458.1829,wave,0.2731,0.5231,1.5978,0.0000,1.0000,0.0000,71.0036,14,2729.3574,0.1785,0.8838,4,0,169118.3281,3.9815,0.0000,3.9815,0.9116,1.5259,0.0000,1.1851,4470.0986,50,1.2468,0.0000,0.0000,0.0000,361393.6562,6.2500,23775.9863,141.2480,52974
44,426,Tokyo_Small,train,IPPO,3600,25,82,60,0.7317,1.0000,0.0000,533.6000,59.2889,0.3917,3.0683,238.3667,301.4091,1010.8952,0.8482,29.3660,26.2000,768.4362,258.6817,559.8903,55989.0234,0,0,-0.0007,0.1785,0.4188,0.0946,288,0.7317,0.2683,3.0762,1729.4011,wave,0.2700,0.5000,1.6391,0.0000,1.0000,0.0000,36.1876,15,1353.6744,0.1862,1.2915,4,0,60653.7109,3.5122,0.0000,3.5122,0.7241,0.7484,0.0000,1.3247,6247.3086,44,1.8736,0.0000,0.0000,0.0000,504589.0312,27.4024,35578.4570,70.7063,45911
44,426,Tokyo_Small,train,MAPPER,3600,25,82,61,0.7439,1.0000,0.0000,507.3934,50.7393,0.4155,3.0672,235.0656,296.3623,998.9345,0.8499,29.3660,26.2000,773.8456,262.6526,240.3537,24035.3652,0,0,-0.0011,0.0065,0.0883,0.0069,246,0.7531,0.2469,3.0762,1729.4011,wave,0.3120,0.5605,1.6240,0.0000,1.0000,0.0000,35.2787,15,1353.6442,0.1870,1.2401,4,0,60935.0039,3.0000,0.0000,3.0000,0.7816,0.7946,0.0000,1.2974,4817.3086,48,1.8816,0.0000,0.0000,0.0000,182850.4688,9.9878,8423.7461,80.1229,19709
44,426,Tokyo_Small,train,MAPPO,3600,25,82,63,0.7683,1.0000,0.0000,520.0159,57.7795,0.3904,3.0682,239.7619,289.1471,1005.2671,0.8386,29.3660,26.2000,778.9927,271.5342,203.5000,20350.0000,0,0,0.0000,0.0002,0.0000,0.0015,276,0.7975,0.2025,3.0772,1729.4011,wave,0.2312,0.4492,1.6290,0.0000,1.0000,0.0000,38.7085,15,1353.6727,0.1866,1.2697,5,1,63331.8281,3.3659,0.0000,3.3659,0.7848,0.7725,0.0000,1.3712,5028.4209,50,1.7124,0.0000,0.0000,0.0000,147906.2500,6.2195,4330.9521,95.0910,16687
44,427,Tokyo_Medium,train,IPPO,3600,50,125,78,0.6240,1.0000,0.0000,831.6795,41.5840,0.4058,3.0733,493.8333,442.9074,2124.9500,0.8606,56.4206,52.7189,1695.6971,317.4132,1788.9520,89447.6016,0,0,-0.0005,0.4131,0.3894,0.1448,459,0.6240,0.3760,3.1170,3459.7532,wave,0.2662,0.5311,1.7644,0.0000,1.0000,0.0000,68.8434,15,2699.8118,0.1533,1.0469,3,0,165746.0938,3.6720,0.0000,3.6720,0.6594,2.0071,0.0000,1.3689,12088.2383,91,2.2104,0.0000,0.0000,0.0000,1670764.6250,23.2480,197550.2656,90.3641,223619
44,427,Tokyo_Medium,train,MAPPER,3600,50,125,76,0.6080,1.0000,0.0000,913.1053,41.5048,0.4597,3.0725,506.7105,469.5833,2206.8350,0.8710,56.4206,52.7189,1694.6670,315.9492,925.6320,46281.6016,0,0,-0.0009,0.0307,0.0864,0.0133,438,0.6129,0.3871,3.1163,3459.7532,wave,0.3013,0.5920,1.7606,0.0000,1.0000,0.0000,65.3435,15,2699.9287,0.1535,1.1849,3,0,167719.4531,3.5040,0.0000,3.5040,0.6663,2.0815,0.0000,1.4387,15482.5537,129,2.9068,0.0000,0.0000,0.0000,811898.5000,22.5280,78148.3984,186.7130,115704
44,427,Tokyo_Medium,train,MAPPO,3600,50,125,77,0.6160,1.0000,0.0000,874.3506,38.0152,0.4703,3.0714,523.3506,427.0000,2239.5498,0.8559,56.4206,52.7189,1707.1434,330.2403,509.0560,25452.8008,0,0,0.0000,0.0002,0.0000,0.0016,441,0.6417,0.3583,3.1164,3459.7532,wave,0.2496,0.4947,1.7536,0.0000,1.0000,0.0000,75.4407,15,2699.8723,0.1545,1.1548,3,0,172445.3281,3.5280,0.0000,3.5280,0.7011,2.1618,0.0000,1.3951,14823.7588,128,3.1216,0.0000,0.0000,0.0000,391676.2500,17.6880,19087.9141,238.9751,63632
44,428,LosAngeles_Small,train,IPPO,3600,25,77,55,0.7143,1.0000,0.0000,636.8182,70.7576,0.3763,3.0617,283.0545,380.0000,1201.3439,0.8488,22.4277,19.6954,889.8731,275.3893,481.5714,48157.1445,0,0,-0.0006,0.3221,0.4024,0.1258,286,0.7143,0.2857,3.1152,1729.7352,wave,0.2539,0.4896,1.6974,0.0000,1.0000,0.0000,42.7858,16,1342.9573,0.2377,1.3129,4,0,66073.9141,3.7143,0.0000,3.7143,0.7438,0.9073,0.0000,1.7005,7454.1006,76,1.9049,0.0000,0.0000,0.0000,418820.2812,28.5065,27434.1602,62.5335,37081
44,428,LosAngeles_Small,train,MAPPER,3600,25,77,49,0.6364,1.0000,0.0000,657.3674,65.7367,0.4362,3.0595,305.1429,376.7455,1247.8678,0.8179,22.4277,19.6954,893.0275,278.1158,296.3766,29637.6621,0,0,-0.0000,0.0010,0.0650,0.0042,255,0.6712,0.3288,3.1145,1729.7352,wave,0.2728,0.5118,1.6782,0.0000,1.0000,0.0000,55.5693,16,1342.9784,0.2392,1.4172,3,0,61145.5195,3.3117,0.0000,3.3117,0.6978,0.9554,0.0000,1.5833,9315.8066,76,2.2314,0.0000,0.0000,0.0000,233015.0156,14.2338,10720.7256,93.7859,22821
44,428,LosAngeles_Small,train,MAPPO,3600,25,77,52,0.6753,1.0000,0.0000,592.0385,65.7821,0.3965,3.0603,266.3077,374.2667,1126.9735,0.8464,21.7691,19.3176,871.7513,283.2866,204.8442,20484.4160,0,0,0.0000,0.0001,0.0000,0.0010,246,0.7222,0.2778,3.1148,1729.7352,wave,0.3359,0.6130,1.6964,0.0000,1.0000,0.0000,40.9130,16,1343.0427,0.2391,1.4493,4,0,58602.6211,3.1948,0.0000,3.1948,0.6413,0.8274,0.0000,1.7155,10714.1387,81,3.4221,0.0000,0.0000,0.0000,142444.9375,9.5195,2309.9319,112.4472,15773
44,429,LosAngeles_Medium,train,IPPO,3600,50,114,83,0.7281,1.0000,0.0000,890.9036,40.4956,0.4592,3.0898,561.9398,390.1837,2437.8262,0.8676,47.5871,42.7345,1742.1072,311.4038,1424.4386,71221.9297,0,0,-0.0010,0.1428,0.3793,0.0816,444,0.7281,0.2719,3.1285,3458.2808,wave,0.3263,0.6061,1.6125,0.0000,1.0000,0.0000,74.3745,15,2656.8005,0.1908,1.0373,3,0,202339.5625,3.8947,0.0000,3.8947,0.7924,1.9494,0.0000,1.5498,16363.8652,107,2.5749,0.0000,0.0000,0.0000,1299498.3750,24.4298,139576.2500,75.1465,162386
44,429,LosAngeles_Medium,train,MAPPER,3600,50,114,76,0.6667,1.0000,0.0000,932.3947,42.3816,0.4576,3.0896,566.8026,458.1546,2427.3367,0.8565,47.5871,42.7345,1742.1072,311.4038,553.3772,27668.8594,0,0,-0.0009,0.0262,0.0729,0.0072,444,0.6667,0.3333,3.1275,3458.2808,wave,0.3127,0.6261,1.6125,0.0000,1.0000,0.0000,81.3353,15,2656.7805,0.1905,1.1412,3,0,184477.5781,3.8947,0.0000,3.8947,0.7617,2.0464,0.0000,1.3914,13460.5557,131,3.3505,0.0000,0.0000,0.0000,423929.6250,11.8772,37085.0547,98.6236,63085
44,429,LosAngeles_Medium,train,MAPPO,3600,50,114,82,0.7193,1.0000,0.0000,873.5975,37.9825,0.4604,3.0894,546.3658,397.2233,2367.7866,0.8667,47.5871,42.7345,1742.1072,311.4038,371.2895,18564.4746,0,0,0.0001,0.0007,0.0000,0.0030,429,0.7193,0.2807,3.1280,3458.2808,wave,0.2744,0.5338,1.6125,0.0000,1.0000,0.0000,72.8085,15,2656.9348,0.1910,1.1180,3,0,194158.5000,3.7632,0.0000,3.7632,0.7833,1.9504,0.0000,1.6317,18796.8711,117,2.2559,0.0000,0.0000,0.0000,245497.0469,11.8333,13530.2051,126.8127,42327
44,430,Paris_Small,train,IPPO,3600,25,77,64,0.8312,1.0000,0.0000,492.6875,61.5859,0.3468,3.0074,268.8281,236.4853,1112.3516,0.8276,23.2766,22.2291,877.1953,260.5003,828.5065,82850.6484,0,0,-0.0006,0.1462,0.4016,0.0850,274,0.8312,0.1688,3.0451,1728.5475,wave,0.2594,0.4801,1.6388,0.0000,1.0000,0.0000,46.3578,13,1366.4741,0.2555,1.0558,4,0,71190.5000,3.5584,0.0000,3.5584,0.8387,0.9116,0.0000,1.2986,4811.9302,40,1.4715,0.0000,0.0000,0.0000,763160.5000,19.9740,51382.5078,95.8567,63795
44,430,Paris_Small,train,MAPPER,3600,25,77,58,0.7532,1.0000,0.0000,572.1724,57.2172,0.4343,3.0037,269.0000,345.3433,1125.8304,0.8370,23.2766,22.2291,877.1953,260.5003,555.3636,55536.3633,0,0,-0.0007,0.0310,0.0655,0.0095,254,0.7532,0.2468,3.0419,1728.5475,wave,0.2759,0.5161,1.6388,0.0000,1.0000,0.0000,43.8339,13,1366.4889,0.2557,1.1824,4,0,65298.1641,3.2987,0.0000,3.2987,0.7363,0.8831,0.0000,1.3363,5056.0513,55,1.9709,0.0000,0.0000,0.0000,489967.5938,16.8701,24779.4121,168.1588,42763
44,430,Paris_Small,train,MAPPO,3600,25,77,65,0.8442,1.0000,0.0000,492.0923,54.6769,0.3620,3.0071,265.4308,257.4384,1100.5734,0.8293,23.2766,22.2291,877.1953,260.5003,301.2857,30128.5723,0,0,0.0000,0.0001,0.0000,0.0013,268,0.8442,0.1558,3.0445,1728.5475,wave,0.1882,0.3784,1.6388,0.0000,1.0000,0.0000,45.3161,13,1366.4669,0.2554,1.1385,4,1,71537.2656,3.4805,0.0000,3.4805,0.7960,0.8519,0.0000,1.2666,3677.8213,44,1.4453,0.0000,0.0000,0.0000,235635.0938,5.5584,5548.2788,163.5814,23199
44,431,Paris_Medium,train,IPPO,3600,50,124,96,0.7742,1.0000,0.0000,778.9792,38.9490,0.4131,3.0325,489.6146,329.7500,2017.8604,0.8243,44.8369,41.8204,1623.4835,257.7523,2357.0081,117850.3984,0,0,-0.0008,0.2498,0.3720,0.1126,488,0.7742,0.2258,3.0551,3457.8313,wave,0.3059,0.5613,1.7174,0.0000,1.0000,0.0000,86.0425,15,2732.7566,0.1800,0.9501,3,0,193714.5938,3.9355,0.0000,3.9355,0.8130,1.6922,0.0000,1.3274,15358.0967,87,2.3654,0.0000,0.0000,0.0000,2230187.7500,24.9839,257852.9844,150.7303,292269
44,431,Paris_Medium,train,MAPPER,3600,50,124,82,0.6613,1.0000,0.0000,808.3293,38.4919,0.4298,3.0306,493.8658,393.8600,2074.5713,0.8401,44.8369,41.6644,1624.0007,258.2119,1146.8226,57341.1289,0,0,-0.0008,0.0173,0.0841,0.0069,406,0.7009,0.2991,3.0540,3457.8313,wave,0.2817,0.5503,1.7085,0.0000,1.0000,0.0000,78.9516,15,2732.7925,0.1809,0.9852,3,0,170114.8438,3.2742,0.0000,3.2742,0.7149,1.7419,0.0000,1.2334,7948.7803,97,3.0225,0.0000,0.0000,0.0000,1019421.8125,29.9032,85540.7656,329.5789,142206
44,431,Paris_Medium,train,MAPPO,3600,50,124,91,0.7339,1.0000,0.0000,796.7692,36.2168,0.4489,3.0302,504.1758,346.7156,2109.7610,0.8369,44.8369,41.1336,1649.8184,265.3205,629.8065,31490.3223,0,0,0.0000,0.0001,0.0000,0.0012,419,0.7583,0.2417,3.0539,3457.8313,wave,0.2745,0.5177,1.7435,0.0000,1.0000,0.0000,82.2236,15,2732.7664,0.1811,0.9928,3,0,191988.2656,3.3790,0.0000,3.3790,0.8158,1.7911,0.0000,1.2528,8346.8066,93,3.0842,0.0000,0.0000,0.0000,503287.2500,11.1129,18159.9609,356.8382,78096
44,432,Tokyo_Small,train,IPPO,3600,7,98,85,0.8673,1.0000,0.0000,661.2823,330.6412,0.3988,3.0610,341.7765,338.8387,1217.1957,0.7123,29.6541,26.7459,975.2010,226.6230,213.3571,21335.7148,0,0,-0.0009,0.1405,0.3516,0.0828,381,0.8673,0.1327,3.0576,1675.5508,uniform,0.2540,0.4735,1.6618,0.0000,1.0000,0.0000,98.3373,13,1307.0278,0.0449,1.0973,6,0,103461.6328,3.8878,0.0000,3.8878,0.8688,0.9295,0.0000,1.3538,7276.5952,56,1.1837,0.0000,0.0000,0.0000,162235.4219,23.9490,11549.3555,44.3860,20909
44,432,Tokyo_Small,train,MAPPER,3600,7,98,76,0.7755,1.0000,0.0000,675.4868,225.1623,0.5384,3.0597,308.3289,377.0119,1238.0570,0.8031,29.6541,26.7459,975.2010,226.6230,218.7143,21871.4277,0,0,-0.0012,0.0454,0.0561,0.0152,361,0.7755,0.2245,3.0568,1675.5508,uniform,0.2544,0.4751,1.6618,0.0000,1.0000,0.0000,60.7175,13,1307.0811,0.0454,1.2291,6,0,94092.3281,3.6837,0.0000,3.6837,0.7946,0.9507,0.0000,1.4545,9088.5000,74,1.2284,0.0000,0.0000,0.0000,166094.6562,13.8776,9250.7744,71.7001,21434
44,432,Tokyo_Small,train,MAPPO,3600,7,98,81,0.8265,1.0000,0.0000,612.8642,153.2160,0.6418,3.0574,302.2346,376.7634,1226.5327,0.8116,29.6541,26.7459,975.2010,226.6230,249.5714,24957.1426,0,0,-0.0000,0.0006,0.0000,0.0028,350,0.8265,0.1735,3.0543,1675.5508,uniform,0.2160,0.3960,1.6618,0.0000,1.0000,0.0000,56.9280,13,1307.0270,0.0454,1.3242,5,1,99349.1484,3.5714,0.0000,3.5714,0.8196,0.9201,0.0000,1.3796,9171.7256,89,1.3888,0.0000,0.0000,0.0000,195181.5469,16.2857,9177.4434,101.5359,24458
44,433,Tokyo_Medium,train,IPPO,3600,14,177,135,0.7627,1.0000,0.0000,918.3111,114.7889,0.5996,3.0734,532.3704,428.5390,2129.8662,0.8001,58.7996,54.3296,1766.2096,245.4059,718.9774,35948.8711,0,0,-0.0004,0.3182,0.3370,0.1251,663,0.7627,0.2373,3.0752,3353.4573,uniform,0.2033,0.4027,1.6022,0.0000,1.0000,0.0000,106.3971,14,2639.3708,0.0326,1.0032,5,1,287531.9375,3.7458,0.0000,3.7458,0.7243,1.7095,0.0000,1.3081,14655.3760,111,6.6409,0.0000,0.0000,0.0000,627619.8125,27.6949,97573.9688,76.3562,127259
44,433,Tokyo_Medium,train,MAPPER,3600,14,177,115,0.6497,1.0000,0.0000,959.3043,119.9130,0.5794,3.0743,533.2957,467.5606,2215.9670,0.8310,58.7996,54.3296,1766.2096,245.4059,708.1299,35406.4961,0,0,-0.0005,0.0427,0.0914,0.0219,674,0.6497,0.3503,3.0751,3353.4573,uniform,0.1837,0.3565,1.6022,0.0000,1.0000,0.0000,90.1022,14,2639.5601,0.0333,1.0654,4,1,254836.2031,3.8079,0.0000,3.8079,0.6924,1.9186,0.0000,1.3952,16876.7168,134,4.9789,0.0000,0.0000,0.0000,615453.1875,15.7401,88759.0547,113.9917,125339
44,433,Tokyo_Medium,train,MAPPO,3600,14,177,115,0.6497,1.0000,0.0000,989.7913,98.9791,0.7289,3.0699,524.5131,575.9855,2185.3733,0.8333,58.7996,54.3296,1766.2096,245.4059,669.8248,33491.2422,0,0,-0.0000,0.0623,0.0000,0.0277,742,0.6497,0.3503,3.0726,3353.4573,uniform,0.2094,0.4074,1.6022,0.0000,1.0000,0.0000,87.4384,14,2639.6853,0.0314,1.1393,4,0,251317.9219,4.1921,0.0000,4.1921,0.6747,1.8695,0.0000,1.4816,28566.4316,169,1.6834,0.0000,0.0000,0.0000,570979.3750,33.0113,62390.1992,218.4945,118559
44,434,LosAngeles_Small,train,IPPO,3600,7,95,81,0.8526,1.0000,0.0000,666.9012,333.4506,0.4283,3.0847,328.8148,387.3778,1374.4036,0.8360,23.8109,20.9436,1021.9218,254.4795,208.8947,20889.4746,0,0,-0.0008,0.1821,0.3403,0.0956,379,0.8526,0.1474,3.0830,1677.7306,uniform,0.2086,0.3805,1.5987,0.0000,1.0000,0.0000,53.9341,14,1318.5950,0.0406,1.1321,5,1,111326.6875,3.9895,0.0000,3.9895,0.8790,1.0857,0.0000,1.3752,7748.9204,62,1.1947,0.0000,0.0000,0.0000,151477.0000,25.1684,10356.9062,42.4582,19845
44,434,LosAngeles_Small,train,MAPPER,3600,7,95,75,0.7895,1.0000,0.0000,659.1600,164.7900,0.5741,3.0849,336.2000,366.6385,1323.3893,0.7873,23.8109,20.9436,1021.9218,254.4795,200.0737,20007.3691,0,0,-0.0010,0.0108,0.0482,0.0065,348,0.7895,0.2105,3.0825,1677.7306,uniform,0.2653,0.4926,1.5987,0.0000,1.0000,0.0000,71.5222,14,1318.6239,0.0413,1.1395,6,0,99254.1953,3.6632,0.0000,3.6632,0.8456,1.1280,0.0000,1.4078,9958.5928,68,1.2309,0.0000,0.0000,0.0000,144545.2812,12.0842,7960.5459,60.7513,19007
44,434,LosAngeles_Small,train,MAPPO,3600,7,95,72,0.7579,1.0000,0.0000,688.1667,229.3889,0.5701,3.0826,311.6250,436.2289,1324.2239,0.8499,23.8109,20.9436,1021.9218,254.4795,213.1263,21312.6309,0,0,0.0000,0.0005,0.0000,0.0020,354,0.7579,0.2421,3.0798,1677.7306,uniform,0.2454,0.4640,1.5987,0.0000,1.0000,0.0000,46.7802,14,1318.6858,0.0401,1.3322,5,0,95344.1172,3.7263,0.0000,3.7263,0.8045,1.1180,0.0000,1.4644,12815.6943,92,1.1548,0.0000,0.0000,0.0000,153120.5156,22.4316,4501.3271,105.7399,20247
44,435,LosAngeles_Medium,train,IPPO,3600,14,187,150,0.8021,1.0000,0.0000,908.8867,129.8410,0.5483,3.1093,544.5933,410.3576,2140.8081,0.7862,46.8852,43.8186,1767.0439,237.7396,575.5134,28775.6680,0,0,-0.0006,0.4671,0.3234,0.1530,753,0.8021,0.1979,3.1124,3353.6821,uniform,0.2331,0.4761,1.6436,0.0000,1.0000,0.0000,116.4317,14,2619.5706,0.0301,0.9387,8,1,321121.1875,4.0267,0.0000,4.0267,0.8022,1.8856,0.0000,1.2772,11541.2109,117,1.2534,0.0000,0.0000,0.0000,493257.0312,32.7487,81032.7578,59.9283,107621
44,435,LosAngeles_Medium,train,MAPPER,3600,14,187,117,0.6257,1.0000,0.0000,882.7778,126.1111,0.5546,3.1118,508.6837,437.3008,2145.5413,0.8436,46.8852,43.8186,1767.0439,237.7396,986.5615,49328.0781,0,0,-0.0008,0.0945,0.0791,0.0164,737,0.6257,0.3743,3.1142,3353.6821,uniform,0.2232,0.4532,1.6436,0.0000,1.0000,0.0000,79.5755,14,2619.5952,0.0294,0.9692,6,1,251028.3438,3.9412,0.0000,3.9412,0.6198,1.8677,0.0000,1.2810,11121.7148,119,2.1209,0.0000,0.0000,0.0000,904031.6875,16.0802,149315.6250,105.5541,184487
44,435,LosAngeles_Medium,train,MAPPO,3600,14,187,124,0.6631,1.0000,0.0000,907.1451,100.7939,0.6525,3.1074,507.9597,530.1569,2141.3315,0.8431,46.8852,43.8186,1767.0439,237.7396,523.2460,26162.2988,0,0,0.0000,0.0003,0.0000,0.0020,778,0.6631,0.3369,3.1108,3353.6821,uniform,0.2492,0.4663,1.6436,0.0000,1.0000,0.0000,79.6934,14,2619.7175,0.0309,1.0602,5,0,265525.0938,4.1604,0.0000,4.1604,0.6613,1.8801,0.0000,1.3915,19114.6777,167,2.0335,0.0000,0.0000,0.0000,436092.7812,32.0214,51194.0586,162.3297,97847
44,436,Paris_Small,train,IPPO,3600,7,98,95,0.9694,1.0000,0.0000,572.7684,286.3842,0.4069,3.0372,299.3369,274.7500,1131.5848,0.7561,23.4265,21.6574,945.4412,245.1539,276.5000,27650.0000,0,0,-0.0008,0.1035,0.3462,0.0672,347,0.9694,0.0306,3.0335,1677.7175,uniform,0.2326,0.4472,1.6013,0.0000,1.0000,0.0000,73.0199,14,1331.3239,0.0320,0.8652,7,1,107500.5547,3.5408,0.0000,3.5408,0.9729,0.9093,0.0000,1.1141,1412.5431,23,1.1948,0.0000,0.0000,0.0000,221392.4844,22.4184,13951.5068,79.0319,27097
44,436,Paris_Small,train,MAPPER,3600,7,98,83,0.8469,1.0000,0.0000,589.8554,196.6185,0.4690,3.0375,268.0844,375.6111,1080.6669,0.8062,23.4265,21.6574,945.4412,245.1539,346.4898,34648.9805,0,0,-0.0003,0.0091,0.0494,0.0088,373,0.8469,0.1531,3.0341,1677.7175,uniform,0.1911,0.3521,1.6013,0.0000,1.0000,0.0000,51.9510,14,1331.3323,0.0315,0.9850,5,1,89695.3438,3.8061,0.0000,3.8061,0.8373,0.8956,0.0000,1.2171,2645.5537,25,1.1177,0.0000,0.0000,0.0000,289060.5312,12.5102,16640.9824,119.2566,33956
44,436,Paris_Small,train,MAPPO,3600,7,98,90,0.9184,1.0000,0.0000,651.9222,162.9806,0.6323,3.0312,269.1778,410.0208,1129.4034,0.8392,23.4265,21.6574,945.4412,245.1539,380.6122,38061.2227,0,0,0.0000,0.0171,0.0000,0.0142,401,0.9184,0.0816,3.0290,1677.7175,uniform,0.1600,0.2981,1.6013,0.0000,1.0000,0.0000,43.2971,14,1331.3892,0.0322,1.0775,4,1,101646.3047,4.0918,0.0000,4.0918,0.9295,0.9170,0.0000,1.2470,5122.6577,53,1.7416,0.0000,0.0000,0.0000,319680.8438,27.0306,9284.2334,224.9462,37300
44,437,Paris_Medium,train,IPPO,3600,14,175,143,0.8171,1.0000,0.0000,877.3427,125.3347,0.5706,3.0407,516.1818,410.0296,1963.4607,0.7608,47.3872,43.7347,1772.2151,233.9516,926.2514,46312.5703,0,0,-0.0005,0.2417,0.3146,0.1098,729,0.8171,0.1829,3.0375,3352.0127,uniform,0.2558,0.5476,1.6524,0.0000,1.0000,0.0000,123.4897,14,2644.4709,0.0315,0.9133,9,0,280774.8750,4.1657,0.0000,4.1657,0.7860,1.8383,0.0000,1.2263,10999.5420,87,1.3457,0.0000,0.0000,0.0000,814023.3125,29.8686,120628.4219,124.7204,162094
44,437,Paris_Medium,train,MAPPER,3600,14,175,127,0.7257,1.0000,0.0000,790.9055,131.8176,0.4462,3.0429,487.5984,366.8417,2044.8733,0.8388,47.3872,43.7347,1772.2151,233.9516,1053.5657,52678.2852,0,0,-0.0011,0.0686,0.0917,0.0216,648,0.7257,0.2743,3.0387,3352.0127,uniform,0.2217,0.4234,1.6524,0.0000,1.0000,0.0000,78.6237,14,2644.3525,0.0324,0.8657,5,1,259698.9062,3.7029,0.0000,3.7029,0.7481,1.9702,0.0000,1.1780,6152.7168,68,1.3822,0.0000,0.0000,0.0000,945051.0625,13.5029,135504.6250,170.7410,184374
44,437,Paris_Medium,train,MAPPO,3600,14,175,131,0.7486,1.0000,0.0000,843.0000,105.3750,0.6046,3.0383,467.2214,443.8258,1988.1206,0.8510,47.3872,43.7347,1772.2151,233.9516,823.2343,41161.7148,0,0,0.0000,0.0005,0.0000,0.0018,724,0.7486,0.2514,3.0356,3352.0127,uniform,0.1772,0.3596,1.6524,0.0000,1.0000,0.0000,69.5973,14,2644.4102,0.0316,0.9900,5,1,260443.7969,4.1371,0.0000,4.1371,0.7532,1.9230,0.0000,1.2897,12779.4082,142,1.7566,0.0000,0.0000,0.0000,711326.1250,31.4171,68653.4922,319.0231,144066
44,438,Tokyo_Small,train,IPPO,3600,10,98,86,0.8776,1.0000,0.0000,733.4302,146.6861,0.5176,3.0806,365.7907,395.1579,1355.9596,0.7414,29.5265,27.4195,990.3382,232.1932,271.4592,27145.9180,0,0,-0.0010,0.1285,0.3224,0.0798,383,0.8776,0.1224,3.0820,1677.2537,uniform,0.2711,0.4969,1.6251,0.0000,1.0000,0.0000,94.5988,13,1318.3389,0.0365,0.9256,7,1,116612.5234,3.9082,0.0000,3.9082,0.9208,1.0908,0.0000,1.2185,4527.2432,45,1.2384,0.0000,0.0000,0.0000,217360.9844,26.3776,16323.0635,50.8009,26603
44,438,Tokyo_Small,train,MAPPER,3600,10,98,61,0.6224,1.0000,0.0000,717.1312,143.4262,0.5619,3.0833,332.8524,481.8630,1355.3828,0.8144,29.5265,27.4195,990.3382,232.1932,353.4898,35348.9805,0,0,-0.0004,0.0080,0.0419,0.0111,403,0.6224,0.3776,3.0842,1677.2537,uniform,0.2114,0.3890,1.6251,0.0000,1.0000,0.0000,61.7759,13,1318.3212,0.0358,1.2510,4,1,82678.3516,4.1122,0.0000,4.1122,0.6617,1.1051,0.0000,1.4624,9041.5303,56,1.5961,0.0000,0.0000,0.0000,298822.2188,14.2143,20685.1797,87.7503,34642
44,438,Tokyo_Small,train,MAPPO,3600,10,98,65,0.6633,1.0000,0.0000,937.6308,156.2718,0.6931,3.0761,338.6923,646.7973,1433.3270,0.8464,29.5265,27.4195,997.2062,235.5510,374.6735,37467.3477,0,0,0.0000,0.0236,0.0000,0.0165,390,0.6701,0.3299,3.0768,1677.2537,uniform,0.1646,0.3388,1.6283,0.0000,1.0000,0.0000,52.0269,13,1318.3911,0.0354,1.1570,4,1,93166.2578,3.9796,0.0000,3.9796,0.7671,1.2024,0.0000,1.3201,8824.9258,80,1.9735,0.0000,0.0000,0.0000,313867.1875,25.7245,14734.7334,163.5145,36718
44,439,Tokyo_Medium,train,IPPO,3600,20,172,129,0.7500,1.0000,0.0000,916.1318,114.5165,0.4486,3.0847,534.4961,460.3677,2088.8435,0.7816,57.6453,54.5325,1692.7734,253.1909,750.6918,37534.5938,0,0,-0.0005,0.2329,0.3044,0.1074,664,0.7500,0.2500,3.0792,3356.5449,uniform,0.2602,0.5012,1.5988,0.0000,1.0000,0.0000,116.7274,13,2640.1775,0.0417,0.9277,6,1,269460.8125,3.8605,0.0000,3.8605,0.7390,1.6394,0.0000,1.2187,10404.3701,86,1.4184,0.0000,0.0000,0.0000,651379.1875,31.8372,99940.8984,70.3294,129119
44,439,Tokyo_Medium,train,MAPPER,3600,20,172,121,0.7035,1.0000,0.0000,864.5372,108.0671,0.4143,3.0858,513.7521,380.9552,2122.3447,0.8262,57.6453,54.5325,1692.7734,253.1909,739.6395,36981.9766,0,0,-0.0008,0.0214,0.0835,0.0125,614,0.7035,0.2965,3.0789,3356.5449,uniform,0.2293,0.4295,1.5988,0.0000,1.0000,0.0000,89.2831,13,2640.1355,0.0414,0.8923,4,1,256803.7188,3.5698,0.0000,3.5698,0.7157,1.6927,0.0000,1.2369,8843.5137,89,1.3401,0.0000,0.0000,0.0000,644518.6250,11.4186,94387.3047,95.7573,127218
44,439,Tokyo_Medium,train,MAPPO,3600,20,172,112,0.6512,1.0000,0.0000,973.6607,74.8970,0.6506,3.0806,460.7857,619.2727,1973.8899,0.8567,57.6453,54.5325,1692.7734,253.1909,627.1512,31357.5586,0,0,0.0000,0.0296,0.0000,0.0185,738,0.6512,0.3488,3.0752,3356.5449,uniform,0.2360,0.4425,1.5988,0.0000,1.0000,0.0000,66.0077,13,2640.2593,0.0419,1.1152,4,0,221075.6562,4.2907,0.0000,4.2907,0.6240,1.5945,0.0000,1.4131,24260.0195,157,2.1258,0.0000,0.0000,0.0000,526485.3750,30.4477,57450.9023,192.4709,107870
44,440,LosAngeles_Small,train,IPPO,3600,10,100,76,0.7600,1.0000,0.0000,664.8947,166.2237,0.4897,3.0795,314.5000,400.5824,1293.9456,0.8229,22.3003,19.6421,1033.4663,216.6537,266.3700,26637.0000,0,0,-0.0006,0.3467,0.3165,0.1289,398,0.7600,0.2400,3.0629,1675.1550,uniform,0.2772,0.4965,1.5784,0.0000,1.0000,0.0000,55.7109,18,1303.7267,0.0459,1.1171,5,1,98339.8672,3.9800,0.0000,3.9800,0.7049,0.9447,0.0000,1.4928,8644.2910,68,2.1515,0.0000,0.0000,0.0000,213287.2656,28.1800,16327.1943,50.0170,26637
44,440,LosAngeles_Small,train,MAPPER,3600,10,100,66,0.6600,1.0000,0.0000,678.5455,135.7091,0.5602,3.0805,311.0454,415.9000,1313.9700,0.8449,22.3003,19.6421,1033.4663,216.6537,263.4700,26347.0000,0,0,-0.0011,0.0506,0.0528,0.0115,381,0.6600,0.3400,3.0637,1675.1550,uniform,0.2374,0.4454,1.5784,0.0000,1.0000,0.0000,48.2514,18,1303.7106,0.0461,1.2127,5,1,86722.0156,3.8100,0.0000,3.8100,0.5982,0.9232,0.0000,1.5728,11471.8447,66,1.7957,0.0000,0.0000,0.0000,207139.3125,15.7700,12471.5430,82.4254,26347
44,440,LosAngeles_Small,train,MAPPO,3600,10,100,69,0.6900,1.0000,0.0000,699.2754,139.8551,0.5840,3.0761,311.6087,454.0988,1352.2567,0.8679,22.3003,19.6421,1033.4663,216.6537,276.1300,27613.0000,0,0,-0.0000,0.0005,0.0000,0.0018,369,0.6900,0.3100,3.0614,1675.1550,uniform,0.2884,0.5163,1.5784,0.0000,1.0000,0.0000,41.1573,18,1303.8341,0.0443,1.2603,4,0,93305.7188,3.6900,0.0000,3.6900,0.6884,1.0162,0.0000,1.5157,14181.6299,90,2.1750,0.0000,0.0000,0.0000,219620.0469,27.1100,9517.7627,124.4445,27613
44,441,LosAngeles_Medium,train,IPPO,3600,20,173,120,0.6936,1.0000,0.0000,966.8250,80.5687,0.6158,3.1037,568.8666,486.1447,2342.2371,0.8235,47.4885,44.2979,1893.7941,256.9046,825.5087,41275.4297,0,0,-0.0005,0.3614,0.2957,0.1332,702,0.6936,0.3064,3.1072,3349.7434,uniform,0.2075,0.3979,1.7168,0.0000,1.0000,0.0000,100.4192,15,2614.1252,0.0242,1.0544,4,0,281068.4688,4.0578,0.0000,4.0578,0.6776,2.0239,0.0000,1.5003,23270.8262,143,1.2863,0.0000,0.0000,0.0000,731625.5000,31.4566,113989.5234,72.7286,142813
44,441,LosAngeles_Medium,train,MAPPER,3600,20,173,109,0.6301,1.0000,0.0000,966.3669,107.3741,0.4956,3.1051,579.4771,454.8640,2430.5056,0.8389,47.4885,44.2979,1893.7941,256.9046,1037.3468,51867.3398,0,0,-0.0011,0.0754,0.0985,0.0358,656,0.6301,0.3699,3.1082,3349.7434,uniform,0.2329,0.4436,1.7168,0.0000,1.0000,0.0000,93.3759,15,2614.0024,0.0242,0.9779,4,0,264925.0938,3.7919,0.0000,3.7919,0.6610,2.1736,0.0000,1.3530,13797.1963,120,1.3617,0.0000,0.0000,0.0000,942368.7500,20.3988,141303.1562,125.5897,179461
44,441,LosAngeles_Medium,train,MAPPO,3600,20,173,110,0.6358,1.0000,0.0000,995.7818,76.5986,0.6675,3.1009,546.4272,535.7939,2300.9285,0.8422,47.4885,44.2979,1893.7941,256.9046,616.7572,30837.8613,0,0,-0.0000,0.0288,0.0000,0.0182,709,0.6358,0.3642,3.1047,3349.7434,uniform,0.2173,0.4126,1.7168,0.0000,1.0000,0.0000,86.2415,15,2613.9885,0.0237,1.1246,4,1,253102.1406,4.0983,0.0000,4.0983,0.5976,1.9472,0.0000,1.6611,32378.4980,166,1.8258,0.0000,0.0000,0.0000,518870.3750,32.7168,57039.4961,189.1645,106699
44,442,Paris_Small,train,IPPO,3600,10,97,91,0.9381,1.0000,0.0000,535.4286,133.8571,0.4413,3.0321,272.9780,275.1368,1077.9174,0.7897,24.1333,22.2435,885.9203,206.2033,417.3814,41738.1445,0,0,-0.0006,0.1236,0.3199,0.0776,376,0.9381,0.0619,3.0299,1677.6176,uniform,0.1554,0.3100,1.7398,0.0000,1.0000,0.0000,57.3946,15,1326.7347,0.0342,1.0112,6,1,98090.4844,3.8763,0.0000,3.8763,0.9220,0.9095,0.0000,1.1622,3307.1240,35,1.1835,0.0000,0.0000,0.0000,359549.5625,26.1753,25377.1191,97.9318,40486
44,442,Paris_Small,train,MAPPER,3600,10,97,87,0.8969,1.0000,0.0000,570.5402,114.1080,0.5848,3.0301,253.0345,351.0107,1076.2028,0.8506,24.1333,22.2435,885.9203,206.2033,350.0103,35001.0312,0,0,-0.0007,0.0087,0.0492,0.0073,341,0.8969,0.1031,3.0290,1677.6176,uniform,0.2196,0.4011,1.7398,0.0000,1.0000,0.0000,37.7939,15,1326.7448,0.0337,0.9785,6,1,93629.6406,3.5155,0.0000,3.5155,0.8826,0.9106,0.0000,1.1902,3926.6333,36,1.3983,0.0000,0.0000,0.0000,290713.8750,16.0412,14477.9512,141.4590,33951
44,442,Paris_Small,train,MAPPO,3600,10,97,92,0.9485,1.0000,0.0000,494.6087,123.6522,0.4812,3.0316,260.6196,245.1458,1086.9307,0.8341,24.1333,22.2435,885.9203,206.2033,331.8660,33186.5977,0,0,0.0000,0.0004,0.0000,0.0013,328,0.9485,0.0515,3.0309,1677.6176,uniform,0.2333,0.4204,1.7398,0.0000,1.0000,0.0000,43.2334,15,1326.6947,0.0344,1.0650,6,1,99997.6172,3.3814,0.0000,3.3814,0.9391,0.9163,0.0000,1.1990,3760.2559,36,1.2092,0.0000,0.0000,0.0000,275609.6250,7.1753,12081.4404,151.0612,32191
44,443,Paris_Medium,train,IPPO,3600,20,174,141,0.8103,1.0000,0.0000,876.1773,79.6525,0.5892,3.0517,534.3405,378.8354,2089.4082,0.7821,47.4187,43.4395,1789.1676,269.2298,1249.4425,62472.1289,0,0,-0.0005,0.4158,0.2992,0.1431,687,0.8103,0.1897,3.0406,3353.2166,uniform,0.2257,0.4171,1.7611,0.0000,1.0000,0.0000,116.4588,14,2662.8596,0.0357,0.8308,5,0,294606.5625,3.9483,0.0000,3.9483,0.7866,1.9673,0.0000,1.1996,8723.6514,76,1.3887,0.0000,0.0000,0.0000,1133005.7500,29.8218,173115.9688,138.0888,217403
44,443,Paris_Medium,train,MAPPER,3600,20,174,128,0.7356,1.0000,0.0000,836.0078,92.8898,0.4900,3.0536,501.0156,374.9856,2101.6587,0.8390,47.4187,43.4395,1789.1676,269.2298,1115.5518,55777.5859,0,0,-0.0007,0.0557,0.0808,0.0161,654,0.7356,0.2644,3.0423,3353.2166,uniform,0.2425,0.4512,1.7611,0.0000,1.0000,0.0000,80.6839,14,2662.9097,0.0362,0.9150,5,1,269012.3125,3.7586,0.0000,3.7586,0.7351,2.0252,0.0000,1.1654,7228.0889,86,1.7987,0.0000,0.0000,0.0000,1003461.0625,15.6897,138886.0469,205.2679,194106
44,443,Paris_Medium,train,MAPPO,3600,20,174,122,0.7011,1.0000,0.0000,879.1312,73.2609,0.6003,3.0500,476.3443,495.8965,2016.7943,0.8468,47.4187,43.4395,1789.1676,269.2298,959.8506,47992.5273,0,0,-0.0000,0.0005,0.0000,0.0024,704,0.7011,0.2989,3.0394,3353.2166,uniform,0.2183,0.4303,1.7611,0.0000,1.0000,0.0000,72.9854,14,2663.0068,0.0360,1.0703,5,1,246048.9062,4.0460,0.0000,4.0460,0.6958,2.0112,0.0000,1.2314,14224.3662,118,1.9051,0.0000,0.0000,0.0000,844748.6875,34.5230,80551.5625,381.8112,167014
44,444,Tokyo_Small,train,IPPO,3600,25,96,77,0.8021,1.0000,0.0000,672.8831,48.0631,0.5652,3.0829,324.1299,416.8571,1304.4938,0.8049,29.7384,26.3672,1009.6151,250.9976,549.0729,54907.2930,0,0,-0.0004,0.1694,0.3228,0.0911,326,0.8021,0.1979,3.0901,1676.0958,uniform,0.2584,0.4896,1.6167,0.0000,1.0000,0.0000,63.2311,15,1323.4181,0.0391,1.1531,5,0,100446.0234,3.3958,0.0000,3.3958,0.8221,1.0417,0.0000,1.4234,9697.2549,57,1.9782,0.0000,0.0000,0.0000,492407.7812,30.3125,40420.8906,71.3586,52711
44,444,Tokyo_Small,train,MAPPER,3600,25,96,67,0.6979,1.0000,0.0000,754.3134,44.3714,0.6861,3.0797,298.7015,523.7468,1285.9552,0.8610,29.7384,26.3672,1029.1842,252.7135,361.3021,36130.2070,0,0,-0.0016,0.0513,0.0837,0.0133,295,0.7204,0.2796,3.0871,1676.0958,uniform,0.2254,0.4277,1.5989,0.0000,1.0000,0.0000,41.5105,15,1323.4926,0.0396,1.2683,4,0,86159.0000,3.0729,0.0000,3.0729,0.7290,1.0617,0.0000,1.4316,12731.2256,78,2.9071,0.0000,0.0000,0.0000,302442.6250,30.6771,16032.4414,135.4401,34685
44,444,Tokyo_Small,train,MAPPO,3600,25,96,68,0.7083,1.0000,0.0000,716.1177,44.7574,0.6676,3.0806,282.5882,512.0886,1211.5309,0.8575,29.7384,26.3672,1013.7477,260.7680,260.8333,26083.3340,0,0,0.0000,0.0002,0.0000,0.0013,246,0.7907,0.2093,3.0880,1676.0958,uniform,0.2686,0.4957,1.6243,0.0000,1.0000,0.0000,40.2820,15,1323.4630,0.0406,1.2980,5,0,82384.1016,2.5625,0.0000,2.5625,0.6321,0.9070,0.0000,1.5145,16011.2324,82,3.1998,0.0000,0.0000,0.0000,202472.0469,10.4583,4779.9810,152.6825,25040
44,445,Tokyo_Medium,train,IPPO,3600,50,174,117,0.6724,1.0000,0.0000,928.7180,30.9573,0.6122,3.0754,544.0342,497.1342,2269.9551,0.8345,58.7729,56.6695,1966.0787,259.9607,2065.1438,103257.1875,0,0,-0.0004,0.4201,0.2938,0.1407,624,0.6724,0.3276,3.0687,3350.4736,uniform,0.2127,0.4334,1.7437,0.0000,1.0000,0.0000,90.0432,15,2629.9280,0.0379,1.0524,5,0,265584.7500,3.5862,0.0000,3.5862,0.6192,1.8896,0.0000,1.3982,18114.3145,129,3.7251,0.0000,0.0000,0.0000,1967364.3750,38.8966,321831.2812,117.7612,359335
44,445,Tokyo_Medium,train,MAPPER,3600,50,174,110,0.6322,1.0000,0.0000,1066.0636,34.3891,0.6281,3.0748,557.0546,574.1613,2311.6111,0.8299,58.7729,56.6695,1966.0787,259.9607,1136.2931,56814.6562,0,0,-0.0019,0.1290,0.1289,0.0334,651,0.6322,0.3678,3.0673,3350.4736,uniform,0.2376,0.4689,1.7437,0.0000,1.0000,0.0000,94.7324,15,2629.9282,0.0377,1.0663,5,0,254277.2188,3.7414,0.0000,3.7414,0.5918,1.9209,0.0000,1.4653,21546.9375,129,2.3741,0.0000,0.0000,0.0000,1036614.8125,34.8851,139217.3438,236.5182,197715
44,445,Tokyo_Medium,train,MAPPO,3600,50,174,93,0.5345,1.0000,0.0000,1014.5806,30.7449,0.6765,3.0734,560.2258,543.1531,2398.2708,0.8562,58.7729,56.6688,1953.0049,274.9905,696.0000,34800.0000,0,0,-0.0000,0.0057,0.0000,0.0080,487,0.6039,0.3961,3.0672,3350.4736,uniform,0.2210,0.4316,1.7415,0.0000,1.0000,0.0000,80.5717,15,2629.9651,0.0386,1.1719,3,0,223039.1719,2.7989,0.0000,2.7989,0.5157,1.9799,0.0000,1.4398,20082.0449,161,3.2070,0.0000,0.0000,0.0000,597409.6250,38.5920,46613.8438,329.5161,121104
44,446,LosAngeles_Small,train,IPPO,3600,25,99,81,0.8182,1.0000,0.0000,650.0864,54.1739,0.4938,3.0796,314.7037,393.0217,1217.4822,0.7737,23.0284,20.5584,989.2275,222.9200,487.4243,48742.4258,0,0,-0.0003,0.1144,0.3058,0.0743,358,0.8182,0.1818,3.0712,1676.2450,uniform,0.2844,0.6282,1.6660,0.0000,1.0000,0.0000,71.2073,14,1306.7172,0.0445,1.1070,10,1,98616.0547,3.6162,0.0000,3.6162,0.8244,1.0862,0.0000,1.4638,7812.8315,66,2.7811,0.0000,0.0000,0.0000,434117.8438,28.2525,37639.6094,53.9214,48255
44,446,LosAngeles_Small,train,MAPPER,3600,25,99,74,0.7475,1.0000,0.0000,741.2838,57.0218,0.5270,3.0799,340.1351,432.4000,1294.3268,0.7611,23.0284,20.5584,989.2275,222.9200,346.7475,34674.7461,0,0,-0.0008,0.0596,0.0796,0.0160,357,0.7475,0.2525,3.0695,1676.2450,uniform,0.2787,0.6556,1.6660,0.0000,1.0000,0.0000,81.2698,14,1306.7103,0.0455,1.1178,10,1,95780.1797,3.6061,0.0000,3.6061,0.8039,1.1595,0.0000,1.3590,5818.4478,54,3.9587,0.0000,0.0000,0.0000,292747.8438,17.5253,20420.2969,86.4842,34328
44,446,LosAngeles_Small,train,MAPPO,3600,25,99,81,0.8182,1.0000,0.0000,680.5185,52.3476,0.5564,3.0781,284.4074,403.4000,1230.8441,0.8655,23.0284,20.5576,997.3147,236.4888,221.3030,22130.3027,0,0,-0.0000,0.0114,0.0000,0.0112,301,0.8901,0.1099,3.0684,1676.2450,uniform,0.2095,0.3960,1.6305,0.0000,1.0000,0.0000,38.2386,14,1306.7322,0.0457,1.1886,5,0,99698.3750,3.0404,0.0000,3.0404,0.8168,1.0762,0.0000,1.5529,9278.7500,81,8.1681,0.0000,0.0000,0.0000,165848.9844,16.7879,4744.2612,117.9291,21909
44,447,LosAngeles_Medium,train,IPPO,3600,50,171,120,0.7018,1.0000,0.0000,905.3666,28.2927,0.6506,3.0892,534.4000,442.4014,2252.4028,0.8430,47.2210,44.1456,1755.6648,252.3830,1687.4210,84371.0469,0,0,-0.0005,0.4156,0.2943,0.1417,631,0.7018,0.2982,3.0951,3352.7341,uniform,0.2186,0.4378,1.6576,0.0000,1.0000,0.0000,83.9195,15,2609.7407,0.0349,1.1037,4,0,270288.3438,3.6901,0.0000,3.6901,0.7254,1.8225,0.0000,1.5340,32831.6641,148,2.4597,0.0000,0.0000,0.0000,1595438.2500,45.9415,254877.8438,104.9263,288549
44,447,LosAngeles_Medium,train,MAPPER,3600,50,171,124,0.7251,1.0000,0.0000,925.6210,30.8540,0.6124,3.0897,520.1935,453.7122,2244.4597,0.8629,47.2210,44.1456,1755.6648,252.3830,749.8070,37490.3516,0,0,-0.0007,0.0242,0.1094,0.0087,608,0.7251,0.2749,3.0958,3352.7341,uniform,0.2121,0.4035,1.6576,0.0000,1.0000,0.0000,71.3016,15,2609.8513,0.0345,1.0195,4,0,278313.0000,3.5556,0.0000,3.5556,0.7375,1.7931,0.0000,1.4081,20372.5449,147,6.4977,0.0000,0.0000,0.0000,654081.6875,26.7018,85588.0703,153.5687,128217
44,447,LosAngeles_Medium,train,MAPPO,3600,50,171,114,0.6667,1.0000,0.0000,928.5702,29.0178,0.6594,3.0896,527.0614,451.7500,2206.3279,0.8372,47.1150,43.6337,1731.1298,269.4981,507.7252,25386.2578,0,0,-0.0000,0.0063,0.0000,0.0082,522,0.7215,0.2785,3.0965,3352.7341,uniform,0.2096,0.4043,1.6539,0.0000,1.0000,0.0000,85.7958,15,2610.0906,0.0349,1.2585,4,1,251521.3750,3.0526,0.0000,3.0526,0.6736,1.7813,0.0000,1.4798,25877.2715,209,4.5851,0.0000,0.0000,0.0000,412007.1562,37.2047,30884.9082,231.3958,86821
44,448,Paris_Small,train,IPPO,3600,25,98,90,0.9184,1.0000,0.0000,613.2667,55.7515,0.4604,3.0461,278.5667,338.3895,1057.0068,0.7589,23.1340,21.7292,870.6641,234.4413,827.6122,82761.2266,0,0,-0.0005,0.1097,0.3023,0.0717,362,0.9184,0.0816,3.0507,1679.2430,uniform,0.2674,0.4792,1.5611,0.0000,1.0000,0.0000,67.1653,13,1336.6503,0.0469,1.0342,6,1,95130.6172,3.6939,0.0000,3.6939,0.9007,0.8370,0.0000,1.1698,3352.0815,43,2.6502,0.0000,0.0000,0.0000,769042.0625,32.2347,62663.3203,129.6228,81106
44,448,Paris_Small,train,MAPPER,3600,25,98,80,0.8163,1.0000,0.0000,656.6000,46.9000,0.5883,3.0427,258.2500,412.6190,1079.6403,0.8361,23.1340,21.7292,870.6094,239.2038,502.3061,50230.6133,0,0,-0.0014,0.0188,0.0922,0.0101,313,0.8333,0.1667,3.0487,1679.2430,uniform,0.2142,0.3913,1.5766,0.0000,1.0000,0.0000,42.3219,13,1336.6625,0.0471,1.1660,5,1,86371.2266,3.1939,0.0000,3.1939,0.8362,0.8742,0.0000,1.2152,6260.8696,71,2.5401,0.0000,0.0000,0.0000,440716.3125,26.1327,20702.7402,229.4662,49226
44,448,Paris_Small,train,MAPPO,3600,25,98,82,0.8367,1.0000,0.0000,633.3049,48.7158,0.5439,3.0430,253.5732,397.8000,1065.6589,0.8405,23.1340,21.4814,859.7078,248.0381,424.3776,42437.7539,0,0,-0.0000,0.0004,0.0000,0.0024,310,0.8913,0.1087,3.0480,1679.2430,uniform,0.2114,0.3887,1.5799,0.0000,1.0000,0.0000,40.4414,13,1336.6825,0.0467,1.1225,5,1,87384.0312,3.1633,0.0000,3.1633,0.8195,0.8359,0.0000,1.1955,3946.2520,52,2.7849,0.0000,0.0000,0.0000,365720.2500,10.8367,10502.6025,258.5538,41589
44,449,Paris_Medium,train,IPPO,3600,50,174,129,0.7414,1.0000,0.0000,863.8527,29.7880,0.5994,3.0357,499.5116,448.3019,2111.2791,0.8453,46.9678,44.3113,1841.0133,249.8842,3136.8333,156841.6719,0,0,-0.0003,0.3565,0.2910,0.1315,631,0.7414,0.2586,3.0344,3346.4795,uniform,0.2433,0.4715,1.6406,0.0000,1.0000,0.0000,77.2558,14,2646.6216,0.0325,0.9048,6,0,272355.0000,3.6264,0.0000,3.6264,0.7341,1.8138,0.0000,1.2318,9729.6787,107,2.7364,0.0000,0.0000,0.0000,3025007.7500,48.7874,484147.9688,242.5508,545809
44,449,Paris_Medium,train,MAPPER,3600,50,174,124,0.7126,1.0000,0.0000,849.0806,28.3027,0.6012,3.0352,498.6210,427.2553,2105.2136,0.8444,46.9678,44.3113,1829.9244,251.2031,1325.3850,66269.2500,0,0,-0.0005,0.0197,0.1093,0.0097,589,0.7209,0.2791,3.0335,3346.4795,uniform,0.2269,0.4316,1.6434,0.0000,1.0000,0.0000,77.5782,14,2646.5972,0.0322,0.9491,4,0,261046.5000,3.3851,0.0000,3.3851,0.6882,1.7690,0.0000,1.2053,9851.5283,107,2.6393,0.0000,0.0000,0.0000,1213070.1250,22.4253,154644.5781,324.3106,230617
44,449,Paris_Medium,train,MAPPO,3600,50,174,119,0.6839,1.0000,0.0000,889.6807,27.8025,0.6523,3.0344,514.9748,461.6115,2186.9155,0.8493,46.9678,44.3113,1839.7855,252.4491,975.5460,48777.2969,0,0,-0.0000,0.0175,0.0000,0.0137,495,0.6919,0.3081,3.0338,3346.4795,uniform,0.2167,0.4064,1.6439,0.0000,1.0000,0.0000,77.5917,14,2646.7043,0.0332,1.0222,4,1,260242.9688,2.8448,0.0000,2.8448,0.6950,1.8617,0.0000,1.2773,13223.2646,139,3.5016,0.0000,0.0000,0.0000,864543.1875,40.5460,65004.2227,490.9585,169745
44,450,Tokyo_Small,train,IPPO,3600,7,96,83,0.8646,1.0000,0.0000,620.5301,206.8434,0.4923,2.9800,304.4699,341.3778,1214.6298,0.7979,29.0436,27.3595,987.8914,249.0019,251.3229,25132.2910,0,0,-0.0004,0.1107,0.3006,0.0724,346,0.8646,0.1354,2.9796,1592.7333,shock_pick,0.2526,0.5496,1.6338,0.0000,1.0000,1.0000,61.5439,18,1233.1433,0.4157,1.0608,9,1,100814.2656,3.6042,0.0000,3.6042,0.8551,0.9640,0.0000,1.2139,4531.7778,42,1.2847,0.0000,0.0000,0.0000,178437.3750,20.6250,12490.4414,48.3302,24127
44,450,Tokyo_Small,train,MAPPER,3600,7,96,69,0.7188,1.0000,0.0000,691.1160,230.3720,0.5176,2.9770,293.8261,426.4935,1269.9222,0.8644,29.0436,27.3595,987.8914,249.0019,262.8750,26287.5000,0,0,-0.0009,0.0806,0.0815,0.0176,349,0.7188,0.2812,2.9744,1592.7333,shock_pick,0.2237,0.4223,1.6338,0.0000,1.0000,1.0000,39.8416,18,1233.0677,0.4157,1.1772,5,1,87624.6328,3.6354,0.0000,3.6354,0.7697,1.0437,0.0000,1.3021,7041.5342,51,1.4801,0.0000,0.0000,0.0000,187759.1250,16.5625,9648.8340,87.2520,25236
44,450,Tokyo_Small,train,MAPPO,3600,7,96,81,0.8438,1.0000,0.0000,592.6543,197.5514,0.5106,2.9792,281.8395,334.0114,1225.1669,0.8694,29.0436,27.3595,987.8914,249.0019,285.7708,28577.0840,0,0,-0.0000,0.0005,0.0000,0.0023,332,0.8438,0.1562,2.9799,1592.7333,shock_pick,0.1634,0.3047,1.6338,0.0000,1.0000,1.0000,36.8061,18,1233.1851,0.4141,1.1977,4,1,99238.5234,3.4583,0.0000,3.4583,0.8498,0.9817,0.0000,1.3646,6953.1558,53,1.3829,0.0000,0.0000,0.0000,211562.9531,13.2188,9969.0488,107.7239,27434
44,451,Tokyo_Medium,train,IPPO,3600,14,183,137,0.7486,1.0000,0.0000,935.6497,116.9562,0.6030,2.9464,566.5621,451.0119,2119.8921,0.7483,58.3776,55.6440,1816.1688,265.4187,717.4153,35870.7656,0,0,-0.0005,0.3265,0.2596,0.1256,765,0.7486,0.2514,2.9912,3182.7090,shock_pick,0.2485,0.4804,1.6797,0.0000,1.0000,0.0000,142.5836,15,2453.5898,0.4019,1.0631,5,1,290425.2188,4.1803,0.0000,4.1803,0.7152,1.8832,0.0000,1.3271,16758.8418,117,1.2860,0.0000,0.0000,0.0000,581119.7500,32.8579,91990.4219,78.4420,131287
44,451,Tokyo_Medium,train,MAPPER,3600,14,183,124,0.6776,1.0000,0.0000,894.1210,127.7316,0.5426,2.9462,531.8790,427.0638,2234.1255,0.8401,58.3776,55.6440,1816.1688,265.4187,594.8634,29743.1699,0,0,-0.0016,0.0616,0.1036,0.0250,703,0.6776,0.3224,2.9917,3182.7090,shock_pick,0.2067,0.3888,1.6797,0.0000,1.0000,0.0000,85.0539,15,2453.5093,0.4024,0.9797,4,1,277031.5625,3.8415,0.0000,3.8415,0.6716,1.9538,0.0000,1.2677,12812.6445,104,1.1919,0.0000,0.0000,0.0000,461941.1562,15.5082,64740.8086,108.1691,108860
44,451,Tokyo_Medium,train,MAPPO,3600,14,183,113,0.6175,1.0000,0.0000,909.9026,101.1003,0.7053,2.9441,522.6725,531.7808,2167.9233,0.8296,58.3776,55.6440,1816.1688,265.4187,662.8853,33144.2617,0,0,-0.0000,0.0003,0.0000,0.0019,750,0.6175,0.3825,2.9901,3182.7090,shock_pick,0.2571,0.4758,1.6797,0.0000,1.0000,0.0000,89.0879,15,2453.5522,0.4020,1.2551,4,0,244975.3281,4.0984,0.0000,4.0984,0.5608,1.7904,0.0000,1.4513,27330.4160,173,1.9007,0.0000,0.0000,0.0000,530624.8750,28.8798,61463.1016,194.7633,121308
44,452,LosAngeles_Small,train,IPPO,3600,7,100,92,0.9200,1.0000,0.0000,595.9565,198.6522,0.5371,3.0308,282.3044,336.6186,1194.8580,0.8465,23.1781,20.6251,937.0690,231.8349,205.6600,20566.0000,0,0,-0.0005,0.0934,0.2803,0.0659,397,0.9200,0.0800,3.0064,1594.2559,shock_pick,0.2181,0.4119,1.6787,0.0000,1.0000,1.0000,43.3327,18,1230.1169,0.3250,1.0989,6,1,109926.9453,3.9700,0.0000,3.9700,0.9249,0.9950,0.0000,1.2584,5818.8311,44,1.1827,0.0000,0.0000,0.0000,136900.4844,27.0900,9352.0859,43.3811,20566
44,452,LosAngeles_Small,train,MAPPER,3600,7,100,90,0.9000,1.0000,0.0000,602.6778,200.8926,0.5518,3.0291,290.0000,337.3192,1205.8462,0.8316,23.1781,20.6251,937.0690,231.8349,196.4200,19642.0000,0,0,-0.0009,0.0160,0.0705,0.0065,369,0.9000,0.1000,3.0022,1594.2559,shock_pick,0.2054,0.3722,1.6787,0.0000,1.0000,1.0000,48.8308,18,1230.2214,0.3255,1.0877,5,1,108526.1562,3.6900,0.0000,3.6900,0.9103,1.0011,0.0000,1.2305,5362.5703,50,1.2707,0.0000,0.0000,0.0000,122324.9297,13.4700,6361.8521,58.7085,19642
44,452,LosAngeles_Small,train,MAPPO,3600,7,100,92,0.9200,1.0000,0.0000,535.1522,178.3840,0.4333,3.0304,282.0761,266.3196,1208.9685,0.8572,23.1781,20.6251,937.0690,231.8349,192.2400,19224.0000,0,0,0.0000,0.0004,0.0000,0.0022,363,0.9200,0.0800,3.0068,1594.2559,shock_pick,0.2261,0.4119,1.6787,0.0000,1.0000,1.0000,40.2824,18,1230.2389,0.3250,1.1064,6,1,111225.1016,3.6300,0.0000,3.6300,0.9065,0.9752,0.0000,1.2707,5886.1567,54,1.1781,0.0000,0.0000,0.0000,123618.9531,12.4700,5030.0620,73.3204,19224
44,453,LosAngeles_Medium,train,IPPO,3600,14,179,131,0.7318,1.0000,0.0000,891.6107,111.4513,0.5975,3.0271,554.3282,444.7650,2198.5381,0.7932,47.2783,44.2387,1835.0146,232.8784,655.3240,32766.2012,0,0,-0.0004,0.2611,0.2585,0.1119,715,0.7318,0.2682,3.0424,3176.7275,shock_pick,0.2782,0.5451,1.6677,0.0000,1.0000,0.0000,114.6206,16,2439.9912,0.4537,0.9561,6,0,288008.5000,3.9944,0.0000,3.9944,0.7055,1.8416,0.0000,1.3539,16339.9375,114,1.3370,0.0000,0.0000,0.0000,519561.9688,35.8045,80848.4922,67.8963,117303
44,453,LosAngeles_Medium,train,MAPPER,3600,14,179,119,0.6648,1.0000,0.0000,965.4034,120.6754,0.5751,3.0273,559.1260,472.7133,2316.8562,0.8287,47.2783,44.2387,1835.0146,232.8784,640.2626,32013.1289,0,0,-0.0008,0.1954,0.1005,0.0318,708,0.6648,0.3352,3.0417,3176.7275,shock_pick,0.2270,0.4518,1.6677,0.0000,1.0000,0.0000,95.7548,16,2440.1548,0.4541,1.0278,5,1,275705.9062,3.9553,0.0000,3.9553,0.6309,1.8128,0.0000,1.3051,14699.6387,122,1.4034,0.0000,0.0000,0.0000,504222.0000,22.5810,70340.8672,111.2584,114607
44,453,LosAngeles_Medium,train,MAPPO,3600,14,179,119,0.6648,1.0000,0.0000,958.6218,119.8277,0.6393,3.0247,538.5714,528.8252,2233.3159,0.8293,47.2783,44.2387,1835.0146,232.8784,522.5922,26129.6094,0,0,-0.0000,0.0003,0.0000,0.0017,787,0.6648,0.3352,3.0384,3176.7275,shock_pick,0.1847,0.3504,1.6677,0.0000,1.0000,0.0000,91.9082,16,2440.2297,0.4535,1.1122,3,1,265764.5938,4.3966,0.0000,4.3966,0.6097,1.7520,0.0000,1.3861,22370.2930,166,6.0696,0.0000,0.0000,0.0000,377123.5625,30.7430,36090.4414,175.5035,93544
44,454,Paris_Small,train,IPPO,3600,7,97,90,0.9278,1.0000,0.0000,539.6445,179.8815,0.4781,2.9746,290.5333,268.4330,1138.9578,0.7840,23.6653,22.1220,946.4394,218.7340,372.4948,37249.4844,0,0,-0.0003,0.0873,0.2922,0.0601,351,0.9278,0.0722,2.9965,1590.6917,shock_pick,0.1854,0.3421,1.8436,0.0000,1.0000,0.0000,62.7418,13,1245.2200,0.2881,1.0115,5,1,102506.1953,3.6186,0.0000,3.6186,0.9521,1.0340,0.0000,1.1715,3547.1611,30,1.2014,0.0000,0.0000,0.0000,286823.2500,26.0000,18486.2285,96.2460,36132
44,454,Paris_Small,train,MAPPER,3600,7,97,83,0.8557,1.0000,0.0000,576.0241,192.0080,0.4843,2.9732,287.3133,323.9432,1146.7080,0.7982,23.6653,22.1220,946.4394,218.7340,366.1340,36613.4023,0,0,-0.0002,0.0220,0.0966,0.0109,330,0.8557,0.1443,2.9976,1590.6917,shock_pick,0.2659,0.4743,1.8436,0.0000,1.0000,0.0000,57.9717,13,1245.2067,0.2874,0.9873,5,1,95176.7656,3.4021,0.0000,3.4021,0.8797,1.0360,0.0000,1.1917,4258.4380,39,1.4479,0.0000,0.0000,0.0000,277689.6875,15.9794,13002.8779,143.6417,35515
44,454,Paris_Small,train,MAPPO,3600,7,97,89,0.9175,1.0000,0.0000,539.4045,179.8015,0.4934,2.9726,276.0562,280.3298,1150.7482,0.8337,23.6653,22.1220,946.4394,218.7340,355.6907,35569.0703,0,0,0.0000,0.0002,0.0000,0.0015,344,0.9175,0.0825,2.9980,1590.6917,shock_pick,0.2011,0.3639,1.8436,0.0000,1.0000,0.0000,45.9066,13,1245.2367,0.2878,1.1263,5,1,102416.5938,3.5464,0.0000,3.5464,0.9250,1.0159,0.0000,1.2222,5495.5161,47,1.3287,0.0000,0.0000,0.0000,270058.3125,12.1753,8621.5371,181.1792,34502
44,455,Paris_Medium,train,IPPO,3600,14,174,141,0.8103,1.0000,0.0000,912.0851,130.2979,0.5694,2.9862,572.8014,369.1043,2298.1621,0.8024,46.8042,44.3175,1958.4740,263.0696,924.8391,46241.9531,0,0,-0.0004,0.1631,0.2603,0.0860,685,0.8103,0.1897,3.0134,3183.6677,shock_pick,0.2103,0.4313,1.6701,0.0000,1.0000,0.0000,113.1690,15,2491.1294,0.3768,0.8790,7,1,324040.8438,3.9368,0.0000,3.9368,0.8294,2.1974,0.0000,1.1852,7015.9380,77,1.3958,0.0000,0.0000,0.0000,747316.5000,30.1379,106378.6094,135.9478,160922
44,455,Paris_Medium,train,MAPPER,3600,14,174,117,0.6724,1.0000,0.0000,884.0085,126.2869,0.5048,2.9876,545.7949,400.0219,2289.7429,0.8390,46.8042,44.3175,1958.4740,263.0696,941.5287,47076.4375,0,0,-0.0008,0.0250,0.1051,0.0124,677,0.6724,0.3276,3.0145,3183.6677,shock_pick,0.2231,0.4304,1.6701,0.0000,1.0000,0.0000,87.8463,15,2491.1272,0.3769,0.9079,4,0,267899.9062,3.8908,0.0000,3.8908,0.7063,2.2549,0.0000,1.1849,9018.4971,76,1.2473,0.0000,0.0000,0.0000,768303.8125,19.1552,96709.1719,212.5068,163826
44,455,Paris_Medium,train,MAPPO,3600,14,174,112,0.6437,1.0000,0.0000,919.4554,114.9319,0.6311,2.9844,552.4107,496.9310,2334.6504,0.8453,46.8042,44.3175,1958.4740,263.0696,1065.3850,53269.2500,0,0,0.0000,0.0002,0.0000,0.0015,729,0.6437,0.3563,3.0107,3183.6677,shock_pick,0.1920,0.3720,1.6701,0.0000,1.0000,0.0000,85.4806,15,2491.1511,0.3763,0.9848,3,0,261480.8281,4.1897,0.0000,4.1897,0.6288,2.0971,0.0000,1.2038,10566.5850,112,1.8530,0.0000,0.0000,0.0000,877944.4375,33.2874,87342.2891,375.9800,185377
44,456,Tokyo_Small,train,IPPO,3600,10,95,77,0.8105,1.0000,0.0000,572.6754,143.1688,0.4496,3.0470,295.9870,294.9651,1148.9132,0.7763,28.3994,25.3016,820.1652,262.2108,323.8105,32381.0527,0,0,-0.0003,0.1574,0.2889,0.0859,342,0.8105,0.1895,3.0537,1595.2050,shock_pick,0.2506,0.5098,1.6477,0.0000,1.0000,0.0000,66.2044,16,1236.6722,0.2979,1.2899,7,1,88466.3125,3.6000,0.0000,3.6000,0.8290,0.8441,0.0000,1.7071,14113.9404,53,1.1379,0.0000,0.0000,0.0000,243194.1406,20.0421,18956.3555,43.6547,30762
44,456,Tokyo_Small,train,MAPPER,3600,10,95,71,0.7474,1.0000,0.0000,636.0422,127.2085,0.5462,3.0450,285.6761,367.7051,1180.1216,0.8262,28.3994,25.3016,820.1652,262.2108,281.1368,28113.6836,0,0,-0.0003,0.0156,0.0852,0.0092,353,0.7474,0.2526,3.0517,1595.2050,shock_pick,0.1896,0.3571,1.6477,0.0000,1.0000,0.0000,49.6517,16,1236.6355,0.2986,1.2377,4,1,83788.6328,3.7158,0.0000,3.7158,0.7789,0.8600,0.0000,1.5082,12224.6572,51,1.1759,0.0000,0.0000,0.0000,200177.4375,12.2421,12708.2373,66.4081,26708
44,456,Tokyo_Small,train,MAPPO,3600,10,95,78,0.8211,1.0000,0.0000,550.1923,110.0385,0.5402,3.0470,267.1923,289.8313,1136.7131,0.8509,28.3994,25.3016,820.1652,262.2108,222.0526,22205.2637,0,0,-0.0000,0.0002,0.0000,0.0012,320,0.8211,0.1789,3.0535,1595.2050,shock_pick,0.1901,0.3534,1.6477,0.0000,1.0000,0.0000,39.8497,16,1236.6892,0.2979,1.4699,5,1,88663.6250,3.3684,0.0000,3.3684,0.8353,0.8396,0.0000,1.7175,11940.2529,78,1.0846,0.0000,0.0000,0.0000,137829.9375,11.5158,5278.0630,82.2730,21095
44,457,Tokyo_Medium,train,IPPO,3600,20,178,141,0.7921,1.0000,0.0000,921.2411,92.1241,0.5145,3.0470,531.4539,433.0592,2081.8298,0.7834,58.6581,56.4323,1745.5594,256.9479,917.2528,45862.6445,0,0,-0.0005,0.1304,0.2551,0.0773,674,0.7921,0.2079,3.0389,3183.7205,shock_pick,0.2583,0.4841,1.7070,0.0000,1.0000,0.0000,115.0880,16,2470.4006,0.3523,0.9283,6,1,293538.0312,3.7865,0.0000,3.7865,0.7785,1.8030,0.0000,1.2537,10588.5117,90,1.3744,0.0000,0.0000,0.0000,766337.1875,26.3258,123838.7656,70.6161,163271
44,457,Tokyo_Medium,train,MAPPER,3600,20,178,120,0.6742,1.0000,0.0000,930.4750,103.3861,0.4615,3.0470,539.2167,475.4518,2159.3723,0.8009,58.6581,56.4323,1745.5594,256.9479,974.5393,48726.9648,0,0,-0.0007,0.0963,0.1162,0.0271,679,0.6742,0.3258,3.0377,3183.7205,shock_pick,0.2247,0.4197,1.7070,0.0000,1.0000,0.0000,107.3422,16,2470.2949,0.3527,0.9627,4,0,259124.6719,3.8146,0.0000,3.8146,0.6450,1.7555,0.0000,1.2232,11538.7373,84,2.7138,0.0000,0.0000,0.0000,821062.0000,16.5393,124693.1172,120.5416,173468
44,457,Tokyo_Medium,train,MAPPO,3600,20,178,101,0.5674,1.0000,0.0000,957.7129,73.6702,0.6876,3.0440,516.9703,618.1912,2146.7695,0.8305,58.6581,56.4323,1745.5594,256.9479,937.4663,46873.3125,0,0,0.0000,0.0776,0.0000,0.0277,753,0.5674,0.4326,3.0349,3183.7205,shock_pick,0.2417,0.4664,1.7070,0.0000,1.0000,0.0000,87.6164,16,2470.6877,0.3521,1.1298,4,0,216823.7188,4.2303,0.0000,4.2303,0.5614,1.8152,0.0000,1.3938,27477.5332,151,2.2582,0.0000,0.0000,0.0000,787069.8125,33.3764,98488.5703,233.7657,166869
44,458,LosAngeles_Small,train,IPPO,3600,10,99,83,0.8384,1.0000,0.0000,625.3976,125.0795,0.5342,3.0933,314.6145,328.2826,1230.7148,0.7824,23.7666,21.3291,883.4527,233.3052,281.9091,28190.9082,0,0,-0.0005,0.1261,0.2608,0.0770,405,0.8384,0.1616,3.0875,1588.5272,shock_pick,0.1956,0.3576,1.7395,0.0000,1.0000,0.0000,68.4715,18,1226.8158,0.4909,1.1826,5,1,102149.3281,4.0909,0.0000,4.0909,0.8675,1.0038,0.0000,1.4084,9241.6953,66,1.2579,0.0000,0.0000,0.0000,202531.2188,27.0707,15188.8633,49.1099,27909
44,458,LosAngeles_Small,train,MAPPER,3600,10,99,76,0.7677,1.0000,0.0000,622.8684,124.5737,0.5693,3.0959,309.0526,345.4828,1276.7162,0.8262,23.7666,21.3291,883.4527,233.3052,240.9596,24095.9590,0,0,-0.0003,0.0082,0.0812,0.0055,329,0.7677,0.2323,3.0891,1588.5272,shock_pick,0.2278,0.4182,1.7395,0.0000,1.0000,0.0000,53.7094,18,1226.8994,0.4906,1.1965,5,0,97030.4375,3.3232,0.0000,3.3232,0.7948,1.0044,0.0000,1.5172,9986.7959,56,1.3437,0.0000,0.0000,0.0000,162862.1250,12.0000,10369.8555,58.1177,23855
44,458,LosAngeles_Small,train,MAPPO,3600,10,99,77,0.7778,1.0000,0.0000,657.3636,109.5606,0.6822,3.0926,297.2727,393.4651,1216.3971,0.8184,23.7666,21.3291,883.4527,233.3052,243.7475,24374.7480,0,0,0.0000,0.0138,0.0000,0.0117,367,0.7778,0.2222,3.0864,1588.5272,shock_pick,0.2299,0.4230,1.7395,0.0000,1.0000,0.0000,53.9933,18,1226.8101,0.4907,1.3843,5,1,93662.5781,3.7071,0.0000,3.7071,0.7190,0.8969,0.0000,1.5360,12996.8564,89,1.4887,0.0000,0.0000,0.0000,163088.9062,19.2525,5973.4790,102.7527,24131
44,459,LosAngeles_Medium,train,IPPO,3600,20,182,133,0.7308,1.0000,0.0000,860.5865,78.2351,0.5561,3.0061,550.3759,392.4121,2289.7827,0.8321,46.8528,43.2154,1865.3011,221.1559,712.0055,35600.2734,0,0,-0.0004,0.5438,0.2438,0.1586,770,0.7308,0.2692,3.0352,3185.9067,shock_pick,0.2011,0.3783,1.6877,0.0000,1.0000,0.0000,92.4194,17,2448.9568,0.3738,0.9081,4,0,304541.0938,4.2308,0.0000,4.2308,0.7200,1.7897,0.0000,1.3813,14854.9238,116,1.4244,0.0000,0.0000,0.0000,579465.6875,39.9286,92953.1484,68.7360,129585
44,459,LosAngeles_Medium,train,MAPPER,3600,20,182,119,0.6538,1.0000,0.0000,881.2857,97.9206,0.4749,3.0078,547.9328,405.2482,2334.3611,0.8521,46.8528,43.2154,1865.3011,221.1559,643.7033,32185.1641,0,0,-0.0016,0.0703,0.1179,0.0323,700,0.6538,0.3462,3.0382,3185.9067,shock_pick,0.2276,0.4329,1.6877,0.0000,1.0000,0.0000,81.0606,17,2448.9612,0.3731,0.9531,5,1,277788.9688,3.8462,0.0000,3.8462,0.6776,1.8824,0.0000,1.3674,12908.0684,116,1.3657,0.0000,0.0000,0.0000,509321.0938,22.7253,73119.7344,107.5663,117154
44,459,LosAngeles_Medium,train,MAPPO,3600,20,182,116,0.6374,1.0000,0.0000,852.5690,71.0474,0.6492,3.0061,519.3965,451.0555,2238.2004,0.8618,46.8528,43.2154,1865.3011,221.1559,531.1703,26558.5156,0,0,-0.0000,0.0005,0.0000,0.0015,726,0.6374,0.3626,3.0370,3185.9067,shock_pick,0.2569,0.4985,1.6877,0.0000,1.0000,0.0000,71.7565,17,2449.2092,0.3729,1.1163,5,0,259631.2656,3.9890,0.0000,3.9890,0.6419,1.8295,0.0000,1.5079,26167.7930,170,1.8273,0.0000,0.0000,0.0000,394680.4062,31.8242,41077.4141,168.9824,96673
44,460,Paris_Small,train,IPPO,3600,10,98,86,0.8776,1.0000,0.0000,570.7093,142.6773,0.4900,2.9707,279.6046,333.0978,1143.4688,0.8179,23.4960,21.7405,937.6382,221.3794,427.4388,42743.8789,0,0,-0.0003,0.1535,0.2681,0.0850,390,0.8776,0.1224,3.0289,1591.1136,shock_pick,0.1721,0.3338,1.7914,0.0000,1.0000,0.0000,50.9109,13,1258.4575,0.5313,1.2184,5,1,98338.3047,3.9796,0.0000,3.9796,0.8728,1.0014,0.0000,1.3476,7600.1782,64,1.6313,0.0000,0.0000,0.0000,343899.8438,27.6531,24774.8281,91.0973,41889
44,460,Paris_Small,train,MAPPER,3600,10,98,87,0.8878,1.0000,0.0000,565.2529,113.0506,0.5574,2.9704,272.0115,311.1209,1121.7606,0.8248,23.4960,21.7405,937.6382,221.3794,377.0102,37701.0195,0,0,-0.0010,0.0427,0.0645,0.0088,354,0.8878,0.1122,3.0271,1591.1136,shock_pick,0.1601,0.3032,1.7914,0.0000,1.0000,0.0000,47.6594,13,1258.4656,0.5312,1.0354,5,1,97593.1719,3.6122,0.0000,3.6122,0.8583,0.9734,0.0000,1.1729,3601.5444,39,3.9362,0.0000,0.0000,0.0000,292834.9688,13.6020,15876.5869,130.8311,36947
44,460,Paris_Small,train,MAPPO,3600,10,98,87,0.8878,1.0000,0.0000,552.1149,110.4230,0.5543,2.9715,267.9195,303.3511,1122.5642,0.8380,23.4960,21.7405,937.6382,221.3794,383.4694,38346.9375,0,0,-0.0000,0.0003,0.0000,0.0018,393,0.8878,0.1122,3.0284,1591.1136,shock_pick,0.1460,0.2864,1.7914,0.0000,1.0000,0.0000,43.4067,13,1258.4425,0.5313,1.1728,5,2,97663.0938,4.0102,0.0000,4.0102,0.8336,0.9454,0.0000,1.2903,6844.3057,61,1.3131,0.0000,0.0000,0.0000,299673.5000,12.6939,12027.9961,176.9412,37580
44,461,Paris_Medium,train,IPPO,3600,20,180,146,0.8111,1.0000,0.0000,830.8767,83.0877,0.5052,2.9845,526.7603,367.9532,2067.8889,0.7851,46.8899,42.2246,1792.4946,244.7365,1159.6888,57984.4453,0,0,-0.0003,0.2255,0.2502,0.1006,669,0.8111,0.1889,3.0192,3182.8662,shock_pick,0.2614,0.5532,1.6685,0.0000,1.0000,0.0000,113.1825,15,2502.5166,0.4037,0.8676,8,0,301911.7812,3.7167,0.0000,3.7167,0.8620,2.0968,0.0000,1.1805,8302.0742,73,1.4822,0.0000,0.0000,0.0000,990189.2500,32.8278,154368.1875,132.5905,208744
44,461,Paris_Medium,train,MAPPER,3600,20,180,129,0.7167,1.0000,0.0000,869.3101,96.5900,0.4885,2.9841,513.7365,412.5070,2143.2427,0.8344,46.8899,42.2246,1792.4946,244.7365,1085.9277,54296.3906,0,0,-0.0014,0.1079,0.1125,0.0267,679,0.7167,0.2833,3.0187,3182.8662,shock_pick,0.2182,0.4315,1.6685,0.0000,1.0000,0.0000,85.0879,15,2502.5005,0.4038,0.9399,6,1,276478.3125,3.7722,0.0000,3.7722,0.7504,2.0659,0.0000,1.2717,9717.4482,106,1.6261,0.0000,0.0000,0.0000,923446.2500,20.2500,127354.8516,215.9215,195467
44,461,Paris_Medium,train,MAPPO,3600,20,180,129,0.7167,1.0000,0.0000,886.6589,68.2045,0.6616,2.9812,474.4574,471.8356,2005.4977,0.8454,46.8899,42.2246,1792.4946,244.7365,1184.8223,59241.1094,0,0,0.0000,0.0002,0.0000,0.0012,737,0.7167,0.2833,3.0159,3182.8662,shock_pick,0.2074,0.3967,1.6685,0.0000,1.0000,0.0000,73.3578,15,2502.8630,0.4032,1.0509,4,0,258709.2031,4.0944,0.0000,4.0944,0.6845,1.8846,0.0000,1.4087,17120.7246,128,2.9221,0.0000,0.0000,0.0000,1007920.6875,33.8833,111896.5156,386.2760,213268
44,462,Tokyo_Small,train,IPPO,3600,25,98,73,0.7449,1.0000,0.0000,596.1370,45.8567,0.5227,3.0316,279.9589,370.7711,1186.4313,0.8476,28.7819,25.8059,907.8749,235.7593,541.4796,54147.9609,0,0,-0.0004,0.2188,0.2765,0.1002,349,0.7449,0.2551,3.0497,1589.4775,shock_pick,0.1868,0.3468,1.7256,0.0000,1.0000,0.0000,42.6726,15,1230.6030,0.3575,1.1826,4,1,86609.4844,3.5612,0.0000,3.5612,0.7329,0.9600,0.0000,1.3329,8900.8125,70,1.9373,0.0000,0.0000,0.0000,464952.9062,31.7959,38389.0977,73.2291,53065
44,462,Tokyo_Small,train,MAPPER,3600,25,98,69,0.7041,1.0000,0.0000,697.7391,49.8385,0.5870,3.0305,285.8986,453.4267,1208.3710,0.8453,28.7819,25.5391,916.1392,246.8345,337.6837,33768.3672,0,0,-0.0014,0.0658,0.0668,0.0115,301,0.7340,0.2660,3.0485,1589.4775,shock_pick,0.2111,0.4071,1.7061,0.0000,1.0000,0.0000,44.2244,15,1230.6566,0.3574,1.2306,4,0,83377.6016,3.0714,0.0000,3.0714,0.7318,1.0140,0.0000,1.4010,12557.2832,64,2.5030,0.0000,0.0000,0.0000,258190.4062,23.0918,13416.6064,121.2884,33093
44,462,Tokyo_Small,train,MAPPO,3600,25,98,73,0.7449,1.0000,0.0000,575.3973,44.2613,0.5471,3.0319,284.7260,329.9494,1185.4449,0.8327,28.7819,25.8059,918.4835,242.8646,245.9490,24594.8984,0,0,-0.0000,0.0002,0.0000,0.0015,292,0.7935,0.2065,3.0498,1589.4775,shock_pick,0.2151,0.3925,1.7378,0.0000,1.0000,0.0000,47.6370,15,1230.7345,0.3573,1.3612,4,1,86537.4844,2.9796,0.0000,2.9796,0.7513,0.9841,0.0000,1.4606,9690.3408,92,1.8467,0.0000,0.0000,0.0000,168958.1875,11.4286,4225.3491,125.8442,24103
44,463,Tokyo_Medium,train,IPPO,3600,50,182,111,0.6099,1.0000,0.0000,977.4415,36.2015,0.5590,2.9904,568.7748,500.0857,2351.9185,0.8270,57.9966,55.5825,1971.9615,269.6356,1913.3297,95666.4766,0,0,-0.0003,0.3899,0.2319,0.1326,683,0.6099,0.3901,2.9935,3181.5286,shock_pick,0.1974,0.3800,1.6452,0.0000,1.0000,1.0000,98.3911,16,2470.3472,0.3061,0.9988,3,0,261062.9375,3.7527,0.0000,3.7527,0.5690,1.8305,0.0000,1.2299,13381.4590,119,1.8932,0.0000,0.0000,0.0000,1776239.5000,38.2363,300244.2500,126.5482,348226
44,463,Tokyo_Medium,train,MAPPER,3600,50,182,101,0.5549,1.0000,0.0000,971.4752,35.9806,0.5455,2.9920,572.8614,526.1157,2433.3713,0.8495,57.9966,55.5825,1968.7665,275.9003,1051.7803,52589.0117,0,0,-0.0016,0.1092,0.0940,0.0363,671,0.5674,0.4326,2.9947,3181.5286,shock_pick,0.1955,0.3833,1.6459,0.0000,1.0000,1.0000,86.1871,16,2470.4458,0.3042,1.0719,3,0,245770.5156,3.6868,0.0000,3.6868,0.5399,1.9092,0.0000,1.2877,14871.9053,118,2.1468,0.0000,0.0000,0.0000,909221.2500,31.2308,125774.5703,218.1545,191424
44,463,Tokyo_Medium,train,MAPPO,3600,50,182,95,0.5220,1.0000,0.0000,993.4105,30.1033,0.6797,2.9889,546.6000,548.5614,2365.4138,0.8655,57.8629,55.2624,1970.6797,282.1403,809.8736,40493.6797,0,0,0.0000,0.0004,0.0000,0.0019,594,0.5793,0.4207,2.9940,3181.5286,shock_pick,0.2433,0.4654,1.6423,0.0000,1.0000,1.0000,73.5172,16,2470.4482,0.3052,1.2300,3,0,224714.3281,3.2637,0.0000,3.2637,0.5156,1.9382,0.0000,1.4380,23386.0371,178,3.0636,0.0000,0.0000,0.0000,664717.6875,42.4396,60321.8867,333.2809,147397
44,464,LosAngeles_Small,train,IPPO,3600,25,97,76,0.7835,1.0000,0.0000,702.4868,54.0374,0.5406,3.0297,322.9079,440.8372,1335.1361,0.8269,21.4046,20.0451,990.5298,218.2868,614.5670,61456.6992,0,0,-0.0004,0.1457,0.2657,0.0816,341,0.7835,0.2165,3.0528,1586.3081,shock_pick,0.2395,0.4411,1.6014,0.0000,1.0000,0.0000,55.8807,17,1222.9711,0.3880,1.3399,5,1,101470.3438,3.5155,0.0000,3.5155,0.8073,1.1064,0.0000,1.5637,12840.2168,75,1.9223,0.0000,0.0000,0.0000,537809.3750,31.9588,45181.6406,72.0212,59613
44,464,LosAngeles_Small,train,MAPPER,3600,25,97,67,0.6907,1.0000,0.0000,831.1045,55.4070,0.6197,3.0270,299.7314,567.4932,1303.8059,0.8700,21.4046,20.0451,990.5298,218.2868,419.8557,41985.5664,0,0,-0.0004,0.0196,0.0603,0.0076,307,0.6907,0.3093,3.0489,1586.3081,shock_pick,0.1657,0.3205,1.6014,0.0000,1.0000,0.0000,38.9702,17,1222.9669,0.3879,1.3859,4,1,87354.9922,3.1649,0.0000,3.1649,0.6899,1.0725,0.0000,1.7435,17480.9297,96,4.1469,0.0000,0.0000,0.0000,339018.2188,24.8351,21154.6953,120.9302,40726
44,464,LosAngeles_Small,train,MAPPO,3600,25,97,70,0.7216,1.0000,0.0000,706.5143,50.4653,0.5997,3.0274,297.9572,426.8767,1293.5736,0.8683,21.4046,19.6589,983.3401,226.6686,253.1443,25314.4336,0,0,0.0000,0.0001,0.0000,0.0011,289,0.7955,0.2045,3.0510,1586.3081,shock_pick,0.1790,0.3381,1.6196,0.0000,1.0000,0.0000,39.2424,17,1222.9222,0.3877,1.4665,4,1,90550.1484,2.9794,0.0000,2.9794,0.7527,1.1200,0.0000,1.8686,18577.7480,87,4.5457,0.0000,0.0000,0.0000,173500.2500,12.3093,4293.2710,129.2417,24555
44,465,LosAngeles_Medium,train,IPPO,3600,50,163,125,0.7669,1.0000,0.0000,929.3680,30.9789,0.6171,3.0799,547.4080,446.1042,2311.4355,0.8445,46.3166,43.2482,1871.3239,233.0610,1507.9570,75397.8516,0,0,-0.0003,0.1654,0.2411,0.0870,650,0.7669,0.2331,3.0395,3181.7561,shock_pick,0.2089,0.4044,1.6449,0.0000,1.0000,0.0000,85.1209,16,2441.5759,0.4273,1.0212,4,0,288929.4375,3.9877,0.0000,3.9877,0.7961,2.0272,0.0000,1.3289,14835.0117,142,2.8466,0.0000,0.0000,0.0000,1357425.8750,34.4110,206810.6875,88.6508,245797
44,465,LosAngeles_Medium,train,MAPPER,3600,50,163,110,0.6748,1.0000,0.0000,935.4091,32.2555,0.5894,3.0799,545.2364,457.7131,2326.8518,0.8535,46.3166,43.2482,1871.3239,233.0610,809.4969,40474.8477,0,0,-0.0010,0.0483,0.0780,0.0176,608,0.6748,0.3252,3.0385,3181.7561,shock_pick,0.2173,0.4126,1.6449,0.0000,1.0000,0.0000,79.8660,16,2441.6882,0.4275,1.1194,4,1,255953.7031,3.7301,0.0000,3.7301,0.6591,1.9072,0.0000,1.4926,19147.0996,140,2.7177,0.0000,0.0000,0.0000,659586.0625,21.3681,84502.7891,141.1658,131948
44,465,LosAngeles_Medium,train,MAPPO,3600,50,163,116,0.7117,1.0000,0.0000,954.4483,28.9227,0.6780,3.0791,558.5172,439.3308,2398.9788,0.8591,46.3166,43.0093,1859.7006,234.0923,535.8896,26794.4785,0,0,0.0000,0.0003,0.0000,0.0016,528,0.7632,0.2368,3.0381,3181.7561,shock_pick,0.2049,0.3878,1.5962,0.0000,1.0000,0.0000,78.7215,16,2441.7295,0.4272,1.2365,4,1,278281.5312,3.2393,0.0000,3.2393,0.7416,2.0351,0.0000,1.5283,26246.1934,176,3.6009,0.0000,0.0000,0.0000,384478.9062,32.9264,29533.9688,203.2912,87350
44,466,Paris_Small,train,IPPO,3600,25,98,91,0.9286,1.0000,0.0000,590.9780,49.2482,0.4951,3.0098,243.3517,359.5425,992.8885,0.8160,23.9723,20.7018,820.1806,230.2976,891.3979,89139.7969,0,0,-0.0003,0.1324,0.2760,0.0771,342,0.9286,0.0714,3.0356,1588.0969,shock_pick,0.2333,0.4462,1.6391,0.0000,1.0000,0.0000,44.7740,15,1255.0533,0.3142,1.1423,7,0,90352.8516,3.4898,0.0000,3.4898,0.9024,0.7837,0.0000,1.2996,5284.6201,49,4.4028,0.0000,0.0000,0.0000,809415.0000,38.2755,64720.1758,149.0073,87357
44,466,Paris_Small,train,MAPPER,3600,25,98,78,0.7959,1.0000,0.0000,672.4359,48.0311,0.5777,3.0071,242.0769,461.0476,1019.3329,0.8422,23.9723,20.6236,830.1118,231.6022,586.8571,58685.7148,0,0,-0.0004,0.0232,0.0727,0.0072,288,0.8211,0.1789,3.0318,1588.0969,shock_pick,0.2342,0.4283,1.6366,0.0000,1.0000,0.0000,38.2103,15,1255.0233,0.3140,1.2946,5,0,79507.9688,2.9388,0.0000,2.9388,0.8268,0.8377,0.0000,1.3961,7889.3867,70,5.6218,0.0000,0.0000,0.0000,500720.9062,26.6837,24661.4199,249.0762,57512
44,466,Paris_Small,train,MAPPO,3600,25,98,84,0.8571,1.0000,0.0000,565.7738,43.5211,0.5214,3.0096,240.2381,333.1744,1008.3848,0.8395,23.9723,20.7018,829.0193,230.8056,354.0102,35401.0195,0,0,-0.0000,0.0112,0.0000,0.0102,294,0.8936,0.1064,3.0361,1588.0969,shock_pick,0.2532,0.4647,1.6382,0.0000,1.0000,0.0000,38.5611,15,1255.0420,0.3140,1.2034,6,1,84704.3203,3.0000,0.0000,3.0000,0.8860,0.8336,0.0000,1.3106,5709.5557,64,2.6528,0.0000,0.0000,0.0000,269152.9688,6.7551,2594.2209,242.6839,34693
44,467,Paris_Medium,train,IPPO,3600,50,177,136,0.7684,1.0000,0.0000,887.3677,30.5989,0.5912,2.9860,502.1176,444.9873,2066.2507,0.8230,47.1797,45.1613,1771.8260,216.5377,3015.0452,150752.2656,0,0,-0.0002,0.2619,0.2359,0.1099,686,0.7684,0.2316,3.0044,3184.5674,shock_pick,0.1900,0.3590,1.8341,0.0000,1.0000,0.0000,88.8675,15,2506.9121,0.3692,0.9520,4,0,281010.0938,3.8757,0.0000,3.8757,0.7760,1.9522,0.0000,1.1982,9520.6504,88,2.9389,0.0000,0.0000,0.0000,2849441.0000,36.0791,470712.4062,190.0516,533663
44,467,Paris_Medium,train,MAPPER,3600,50,177,120,0.6780,1.0000,0.0000,884.7250,30.5078,0.5856,2.9852,499.5583,481.9051,2093.5754,0.8382,47.1797,45.1613,1772.5228,217.4145,1781.5875,89079.3750,0,0,-0.0008,0.0933,0.1010,0.0236,610,0.6818,0.3182,3.0026,3184.5674,shock_pick,0.2464,0.4564,1.8284,0.0000,1.0000,0.0000,80.8432,15,2506.8916,0.3694,1.0031,4,0,251229.0469,3.4463,0.0000,3.4463,0.7045,2.0086,0.0000,1.1751,10423.0449,80,2.8357,0.0000,0.0000,0.0000,1615767.8750,27.6893,227563.0469,330.1034,315341
44,467,Paris_Medium,train,MAPPO,3600,50,177,112,0.6328,1.0000,0.0000,895.8304,27.1464,0.6721,2.9850,489.7946,501.2214,2084.5037,0.8512,47.1797,45.1613,1737.9906,227.4793,1283.2429,64162.1484,0,0,0.0000,0.0320,0.0000,0.0172,537,0.6914,0.3086,3.0032,3184.5674,shock_pick,0.2637,0.4936,1.8455,0.0000,1.0000,0.0000,72.8939,15,2506.9722,0.3690,1.1264,4,0,233464.4219,3.0339,0.0000,3.0339,0.6163,1.8827,0.0000,1.2785,17124.7109,156,3.0018,0.0000,0.0000,0.0000,1118253.1250,43.1751,105009.5781,524.9810,227134
44,468,Tokyo_Small,train,IPPO,3600,7,98,84,0.8571,1.0000,0.0000,694.2262,231.4087,0.5471,3.0608,327.7500,393.0217,1241.4817,0.7576,29.1727,27.4057,906.4223,225.3093,242.3673,24236.7344,0,0,-0.0003,0.1070,0.2424,0.0689,372,0.8571,0.1429,3.0945,1730.0042,wave,0.2532,0.4647,1.6335,0.0000,1.0000,0.0000,79.4537,14,1346.2611,0.2339,1.1807,6,1,104284.4531,3.7959,0.0000,3.7959,0.8220,0.9109,0.0000,1.3884,7732.6733,60,1.1732,0.0000,0.0000,0.0000,185999.8906,23.0306,13077.9473,52.5528,23752
44,468,Tokyo_Small,train,MAPPER,3600,7,98,69,0.7041,1.0000,0.0000,638.6957,159.6739,0.5752,3.0623,279.9565,422.0132,1146.5475,0.8191,29.1727,27.4057,906.4223,225.3093,273.6939,27369.3887,0,0,-0.0010,0.0055,0.0661,0.0084,344,0.7041,0.2959,3.0951,1730.0042,wave,0.2689,0.4863,1.6335,0.0000,1.0000,0.0000,50.6470,14,1346.1298,0.2337,1.2435,5,1,79111.7734,3.5102,0.0000,3.5102,0.6826,0.9209,0.0000,1.6417,15327.0898,62,1.6148,0.0000,0.0000,0.0000,215687.1562,14.8265,12764.7041,85.4364,26822
44,468,Tokyo_Small,train,MAPPO,3600,7,98,67,0.6837,1.0000,0.0000,734.8657,183.7164,0.6201,3.0569,303.5821,474.8356,1231.7766,0.8115,29.1727,27.4057,912.5656,226.9821,280.4184,28041.8359,0,0,0.0000,0.0002,0.0000,0.0015,355,0.6907,0.3093,3.0926,1730.0042,wave,0.2562,0.4722,1.6254,0.0000,1.0000,0.0000,57.2268,14,1346.1692,0.2346,1.3609,4,0,82529.0312,3.6224,0.0000,3.6224,0.6248,0.8681,0.0000,1.5725,12351.9648,88,1.6077,0.0000,0.0000,0.0000,220098.2188,22.9184,8208.7998,136.3364,27481
44,469,Tokyo_Medium,train,IPPO,3600,14,180,125,0.6944,1.0000,0.0000,955.7920,136.5417,0.5564,3.0430,558.7440,480.9546,2228.4653,0.7977,57.5798,54.8334,1835.4982,264.9232,688.6667,34433.3320,0,0,-0.0003,0.2063,0.2188,0.0972,753,0.6944,0.3056,3.1044,3459.1655,wave,0.2636,0.4823,1.6521,0.0000,1.0000,0.0000,113.0510,15,2696.3862,0.2262,1.0278,4,0,278558.1562,4.1833,0.0000,4.1833,0.6713,1.8087,0.0000,1.4396,20960.9844,129,1.1554,0.0000,0.0000,0.0000,588434.0625,28.7222,91480.6719,80.2101,123960
44,469,Tokyo_Medium,train,MAPPER,3600,14,180,103,0.5722,1.0000,0.0000,929.3301,132.7614,0.5510,3.0452,520.9515,546.0775,2113.1096,0.8113,57.5798,54.8334,1835.4982,264.9232,857.5333,42876.6680,0,0,-0.0002,0.1446,0.0973,0.0159,708,0.5722,0.4278,3.1059,3459.1655,wave,0.2857,0.5439,1.6521,0.0000,1.0000,0.0000,98.3296,15,2696.4099,0.2263,1.1033,4,0,217650.2812,3.9333,0.0000,3.9333,0.5543,1.8123,0.0000,1.5619,24421.0938,134,1.1955,0.0000,0.0000,0.0000,759334.0625,17.6833,113177.3906,130.5724,154356
44,469,Tokyo_Medium,train,MAPPO,3600,14,180,97,0.5389,1.0000,0.0000,986.9382,123.3673,0.6361,3.0412,507.3093,611.8651,2144.3481,0.8454,57.5798,54.8334,1835.4982,264.9232,756.9667,37848.3320,0,0,0.0000,0.0238,0.0000,0.0147,801,0.5389,0.4611,3.1045,3459.1655,wave,0.2462,0.4669,1.6521,0.0000,1.0000,0.0000,78.4396,15,2696.3884,0.2270,1.1868,3,0,208001.7812,4.4500,0.0000,4.4500,0.4995,1.7343,0.0000,1.5579,25472.1152,172,2.2177,0.0000,0.0000,0.0000,654699.3125,30.0278,79641.6172,212.2480,136254
44,470,LosAngeles_Small,train,IPPO,3600,7,98,84,0.8571,1.0000,0.0000,640.3690,213.4563,0.4846,3.0982,320.2500,340.7234,1326.9856,0.8287,23.7094,21.7968,982.4853,244.7784,219.0714,21907.1426,0,0,-0.0004,0.2236,0.2453,0.1006,394,0.8571,0.1429,3.1162,1729.1781,wave,0.2738,0.5000,1.7777,0.0000,1.0000,0.0000,54.8529,16,1339.1422,0.2159,1.1931,6,0,111466.7969,4.0204,0.0000,4.0204,0.8497,0.9886,0.0000,1.5110,8677.3701,81,1.1551,0.0000,0.0000,0.0000,163537.5000,26.2551,11927.4004,41.8305,21469
44,470,LosAngeles_Small,train,MAPPER,3600,7,98,77,0.7857,1.0000,0.0000,712.4805,237.4935,0.4712,3.0989,342.2468,411.0588,1332.1165,0.7785,23.7094,21.7968,982.4853,244.7784,183.1735,18317.3477,0,0,-0.0004,0.0080,0.0595,0.0078,378,0.7857,0.2143,3.1159,1729.1781,wave,0.2688,0.4998,1.7777,0.0000,1.0000,0.0000,75.8235,16,1339.1337,0.2158,1.2052,6,1,102572.9688,3.8571,0.0000,3.8571,0.8257,1.0479,0.0000,1.4341,7502.4746,75,1.3944,0.0000,0.0000,0.0000,127660.9219,17.0612,6219.3418,64.1996,17951
44,470,LosAngeles_Small,train,MAPPO,3600,7,98,71,0.7245,1.0000,0.0000,728.6620,242.8873,0.5326,3.0955,315.7183,459.6923,1321.6750,0.8372,23.7094,21.7968,982.4853,244.7784,231.9694,23196.9395,0,0,0.0000,0.0207,0.0000,0.0137,380,0.7245,0.2755,3.1136,1729.1781,wave,0.2737,0.4938,1.7777,0.0000,1.0000,0.0000,51.3833,16,1339.1616,0.2162,1.3953,5,0,93838.9297,3.8776,0.0000,3.8776,0.7384,1.0162,0.0000,1.8530,16445.5625,95,2.1852,0.0000,0.0000,0.0000,175029.8594,23.2245,7378.0122,99.7456,22733
44,471,LosAngeles_Medium,train,IPPO,3600,14,174,115,0.6609,1.0000,0.0000,1027.1044,128.3880,0.6218,3.0929,647.1304,488.4331,2511.1650,0.7761,47.4771,44.6109,1950.8854,252.2555,586.9540,29347.7012,0,0,-0.0002,0.1968,0.2185,0.0932,685,0.6609,0.3391,3.1291,3458.5718,wave,0.2465,0.4695,1.6573,0.0000,1.0000,0.0000,144.8974,16,2668.4355,0.1561,1.1243,5,1,288783.9688,3.9368,0.0000,3.9368,0.7023,2.2908,0.0000,1.5055,23094.5215,164,1.5505,0.0000,0.0000,0.0000,487742.7188,36.0862,72708.4141,69.8799,102130
44,471,LosAngeles_Medium,train,MAPPER,3600,14,174,104,0.5977,1.0000,0.0000,1031.1635,128.8954,0.6207,3.0950,617.7308,480.5840,2497.2275,0.8085,47.4771,44.6109,1950.8854,252.2555,773.6839,38684.1914,0,0,-0.0010,0.1511,0.0831,0.0289,695,0.5977,0.4023,3.1295,3458.5718,wave,0.2686,0.5146,1.6573,0.0000,1.0000,0.0000,118.2853,16,2668.5637,0.1547,1.1817,4,0,259711.6719,3.9943,0.0000,3.9943,0.5971,2.1534,0.0000,1.6525,25231.7168,152,1.3586,0.0000,0.0000,0.0000,677071.6250,19.4770,99121.4766,107.4094,134621
44,471,LosAngeles_Medium,train,MAPPO,3600,14,174,89,0.5115,1.0000,0.0000,994.6967,110.5219,0.6898,3.0905,611.6741,595.4044,2501.9504,0.8181,47.4771,44.6109,1944.5610,253.2159,548.5402,27427.0117,0,0,0.0000,0.0006,0.0000,0.0015,740,0.5145,0.4855,3.1284,3458.5718,wave,0.2305,0.4521,1.6563,0.0000,1.0000,0.0000,111.2841,16,2668.6418,0.1579,1.1145,3,0,222673.5781,4.2529,0.0000,4.2529,0.5115,2.1556,0.0000,1.6021,24678.9648,181,1.8930,0.0000,0.0000,0.0000,446236.0938,32.7356,46038.6992,181.6480,95446
44,472,Paris_Small,train,IPPO,3600,7,99,89,0.8990,1.0000,0.0000,562.0562,281.0281,0.4154,3.0158,281.7640,288.2947,1111.0444,0.7886,23.9934,22.2365,898.9177,247.1918,353.7879,35378.7891,0,0,-0.0003,0.1434,0.2453,0.0807,383,0.8990,0.1010,3.0466,1727.7828,wave,0.1936,0.3639,1.6452,0.0000,1.0000,0.0000,59.5551,13,1366.3336,0.2364,1.0507,6,1,98882.9531,3.8687,0.0000,3.8687,0.8526,0.8875,0.0000,1.2367,4674.7314,44,1.0668,0.0000,0.0000,0.0000,298015.7812,24.4444,20761.0684,88.3099,35025
44,472,Paris_Small,train,MAPPER,3600,7,99,81,0.8182,1.0000,0.0000,617.5309,205.8436,0.4610,3.0160,265.1975,368.9778,1115.2886,0.8411,23.9934,22.2365,898.9177,247.1918,304.9394,30493.9395,0,0,-0.0007,0.0144,0.0673,0.0086,379,0.8182,0.1818,3.0472,1727.7828,wave,0.2572,0.4601,1.6452,0.0000,1.0000,0.0000,42.1398,13,1366.3578,0.2358,0.9799,5,1,90338.3828,3.8283,0.0000,3.8283,0.7718,0.8827,0.0000,1.1667,3311.7148,44,1.2818,0.0000,0.0000,0.0000,245305.6562,16.6364,10936.9521,134.8338,30189
44,472,Paris_Small,train,MAPPO,3600,7,99,91,0.9192,1.0000,0.0000,543.8792,181.2930,0.4446,3.0147,265.3626,284.6631,1109.7266,0.8364,23.9934,22.2365,898.9177,247.1918,309.5555,30955.5547,0,0,-0.0000,0.0002,0.0000,0.0012,370,0.9192,0.0808,3.0461,1727.7828,wave,0.1828,0.3349,1.6452,0.0000,1.0000,0.0000,43.4173,13,1366.3525,0.2369,1.0690,5,1,100985.1172,3.7374,0.0000,3.7374,0.8767,0.8925,0.0000,1.2469,5090.3481,46,1.1831,0.0000,0.0000,0.0000,252338.8750,13.0303,8534.4541,166.1346,30646
44,473,Paris_Medium,train,IPPO,3600,14,174,160,0.9195,1.0000,0.0000,820.7938,117.2562,0.5674,3.0166,493.6187,345.9364,1936.1886,0.7845,46.8805,43.6760,1663.5283,232.1572,887.5920,44379.5938,0,0,-0.0003,0.0952,0.2357,0.0552,653,0.9195,0.0805,3.0478,3459.2803,wave,0.2335,0.4873,1.6841,0.0000,1.0000,0.0000,106.3810,12,2721.1897,0.1578,0.9157,9,0,309790.1875,3.7529,0.0000,3.7529,0.9236,1.6273,0.0000,1.2370,10485.6182,102,1.4362,0.0000,0.0000,0.0000,782150.8750,28.5690,116660.8438,111.6885,154441
44,473,Paris_Medium,train,MAPPER,3600,14,174,132,0.7586,1.0000,0.0000,837.4167,119.6310,0.5213,3.0175,477.6894,402.8138,1926.8030,0.8067,46.8805,43.6760,1663.5283,232.1572,815.4713,40773.5625,0,0,-0.0008,0.1018,0.0872,0.0171,662,0.7586,0.2414,3.0485,3459.2803,wave,0.2252,0.4223,1.6841,0.0000,1.0000,0.0000,92.3288,13,2721.1868,0.1578,1.0422,5,1,254337.9844,3.8046,0.0000,3.8046,0.7674,1.6390,0.0000,1.3474,15698.1475,106,2.1127,0.0000,0.0000,0.0000,712602.1875,13.2874,96911.7188,155.6405,141892
44,473,Paris_Medium,train,MAPPO,3600,14,174,129,0.7414,1.0000,0.0000,885.6357,98.4040,0.6622,3.0120,457.9767,502.9097,1914.2734,0.8360,46.8805,43.6760,1663.5283,232.1572,940.7241,47036.2070,0,0,0.0000,0.0002,0.0000,0.0012,709,0.7414,0.2586,3.0445,3459.2803,wave,0.1740,0.3378,1.6841,0.0000,1.0000,0.0000,75.1221,12,2721.2498,0.1581,0.9530,4,1,246941.2812,4.0747,0.0000,4.0747,0.7403,1.6179,0.0000,1.2220,11158.2949,120,1.5558,0.0000,0.0000,0.0000,828342.8125,36.4310,82526.9297,354.0525,163686
44,474,Tokyo_Small,train,IPPO,3600,10,98,75,0.7653,1.0000,0.0000,674.0800,134.8160,0.5451,3.0762,353.2800,355.8750,1370.1067,0.7756,29.6996,27.4300,1044.3257,221.5020,280.1633,28016.3262,0,0,-0.0003,0.1398,0.2373,0.0794,342,0.7653,0.2347,3.1120,1729.1180,wave,0.2298,0.4351,1.5730,0.0000,1.0000,0.0000,79.2587,15,1355.6636,0.1619,1.1645,5,0,102758.0000,3.4898,0.0000,3.4898,0.7498,1.0276,0.0000,1.7025,14917.0957,69,1.2403,0.0000,0.0000,0.0000,226976.4062,20.8878,17840.1934,44.9347,27456
44,474,Tokyo_Small,train,MAPPER,3600,10,98,64,0.6531,1.0000,0.0000,743.2500,123.8750,0.6141,3.0753,324.0625,509.9595,1341.9379,0.8282,29.6996,27.4300,1044.3257,221.5020,328.5510,32855.1016,0,0,-0.0003,0.1040,0.0768,0.0079,358,0.6531,0.3469,3.1103,1729.1180,wave,0.2844,0.5238,1.5730,0.0000,1.0000,0.0000,55.6749,15,1355.6433,0.1616,1.3022,4,0,85884.0234,3.6531,0.0000,3.6531,0.6208,0.9971,0.0000,1.7019,19008.7227,78,1.3490,0.0000,0.0000,0.0000,273402.7500,17.6633,18251.2168,87.1670,32198
44,474,Tokyo_Small,train,MAPPO,3600,10,98,69,0.7041,1.0000,0.0000,764.1884,152.8377,0.5724,3.0734,340.2754,467.8000,1415.9076,0.8322,29.6996,27.4300,1044.3257,221.5020,298.9898,29898.9805,0,0,0.0000,0.0003,0.0000,0.0017,349,0.7041,0.2959,3.1096,1729.1180,wave,0.2179,0.4071,1.5730,0.0000,1.0000,0.0000,57.0938,15,1355.6934,0.1624,1.2437,4,0,97697.6172,3.5612,0.0000,3.5612,0.7168,1.0678,0.0000,1.4321,10122.4688,91,2.4185,0.0000,0.0000,0.0000,242609.3281,22.7551,10455.7617,135.9198,29301
44,475,Tokyo_Medium,train,IPPO,3600,20,171,135,0.7895,1.0000,0.0000,977.0741,97.7074,0.5486,3.0809,586.1778,433.1250,2340.8130,0.7987,57.7967,55.3560,1944.9572,261.9483,874.2105,43710.5273,0,0,-0.0002,0.1231,0.2178,0.0722,639,0.7895,0.2105,3.1141,3459.0476,wave,0.2569,0.5235,1.5328,0.0000,1.0000,0.0000,118.0152,22,2707.0505,0.1099,1.0304,7,0,316009.7500,3.7368,0.0000,3.7368,0.7679,1.7665,0.0000,1.4957,21134.1172,128,1.4314,0.0000,0.0000,0.0000,775068.4375,27.4912,118974.8828,79.3107,149490
44,475,Tokyo_Medium,train,MAPPER,3600,20,171,103,0.6023,1.0000,0.0000,981.6699,98.1670,0.5425,3.0819,560.7379,533.1705,2346.2146,0.8368,57.7967,55.3560,1944.9572,261.9483,792.8596,39642.9844,0,0,-0.0004,0.0280,0.0874,0.0095,660,0.6023,0.3977,3.1138,3459.0476,wave,0.2261,0.4397,1.5328,0.0000,1.0000,0.0000,91.4949,22,2706.9548,0.1086,1.0783,4,0,241660.1094,3.8596,0.0000,3.8596,0.5533,1.6683,0.0000,1.6840,25893.3711,120,1.5287,0.0000,0.0000,0.0000,696567.5625,15.6959,98191.7031,122.3490,135579
44,475,Tokyo_Medium,train,MAPPO,3600,20,171,106,0.6199,1.0000,0.0000,1009.1698,77.6284,0.6517,3.0793,537.1887,573.2109,2292.2317,0.8534,57.7967,55.3560,1944.9572,261.9483,847.3275,42366.3711,0,0,0.0000,0.0003,0.0000,0.0016,701,0.6199,0.3801,3.1125,3459.0476,wave,0.2145,0.4051,1.5328,0.0000,1.0000,0.0000,78.7423,22,2707.0537,0.1106,1.1131,3,1,242976.5625,4.0994,0.0000,4.0994,0.5653,1.6562,0.0000,1.3550,20140.1504,165,2.2258,0.0000,0.0000,0.0000,746828.0625,26.7076,91057.5625,214.3297,144893
44,476,LosAngeles_Small,train,IPPO,3600,10,99,87,0.8788,1.0000,0.0000,664.3563,132.8713,0.5661,3.0872,308.7701,366.7391,1280.2705,0.8293,24.2080,21.5008,986.4702,227.0163,251.1717,25117.1719,0,0,-0.0003,0.1595,0.2281,0.0845,379,0.8788,0.1212,3.1398,1729.0975,wave,0.1881,0.3600,1.6738,0.0000,1.0000,0.0000,52.7160,14,1346.8802,0.2704,1.1928,6,1,111383.5391,3.8283,0.0000,3.8283,0.8633,0.9497,0.0000,1.5943,12773.5869,87,1.2998,0.0000,0.0000,0.0000,198395.4688,27.4747,14708.5947,49.8249,24866
44,476,LosAngeles_Small,train,MAPPER,3600,10,99,73,0.7374,1.0000,0.0000,720.3561,144.0712,0.5878,3.0890,303.9041,478.9753,1298.0607,0.8543,24.2080,21.5008,986.4702,227.0163,304.6364,30463.6367,0,0,-0.0006,0.0662,0.0730,0.0151,400,0.7374,0.2626,3.1415,1729.0975,wave,0.2163,0.3989,1.6738,0.0000,1.0000,0.0000,44.2920,14,1346.9297,0.2703,1.3325,5,1,94758.4219,4.0404,0.0000,4.0404,0.7589,0.9949,0.0000,1.4518,9052.6025,64,1.6146,0.0000,0.0000,0.0000,252225.6562,17.9495,16593.1699,84.6192,30159
44,476,LosAngeles_Small,train,MAPPO,3600,10,99,78,0.7879,1.0000,0.0000,753.5256,125.5876,0.6562,3.0827,316.7308,476.0000,1322.9321,0.8354,24.2080,21.5008,989.3835,227.1628,246.5657,24656.5664,0,0,0.0000,0.0177,0.0000,0.0124,328,0.7959,0.2041,3.1392,1729.0975,wave,0.2171,0.4166,1.6647,0.0000,1.0000,0.0000,52.1443,14,1346.9261,0.2710,1.3504,5,1,103188.7031,3.3131,0.0000,3.3131,0.8241,1.0111,0.0000,1.5930,12381.6016,117,1.7620,0.0000,0.0000,0.0000,190202.8125,23.3535,6956.9082,119.9329,24410
44,477,LosAngeles_Medium,train,IPPO,3600,20,177,142,0.8023,1.0000,0.0000,948.7747,94.8775,0.5129,3.0725,597.6690,404.5741,2317.3213,0.7755,47.1996,44.7914,1924.5861,244.8795,705.9492,35297.4570,0,0,-0.0002,0.2360,0.2067,0.1028,668,0.8023,0.1977,3.1316,3459.0237,wave,0.2300,0.4293,1.7095,0.0000,1.0000,0.0000,134.2047,15,2663.9885,0.2132,0.9010,5,0,329059.6250,3.7740,0.0000,3.7740,0.7971,2.0662,0.0000,1.3440,14016.3398,116,1.3356,0.0000,0.0000,0.0000,613415.6875,27.7062,98253.6719,58.3117,124953
44,477,LosAngeles_Medium,train,MAPPER,3600,20,177,109,0.6158,1.0000,0.0000,949.5229,105.5025,0.4901,3.0740,570.2018,518.0682,2316.8743,0.8127,47.1996,44.7914,1924.5861,244.8795,661.5876,33079.3789,0,0,-0.0013,0.0821,0.0969,0.0273,700,0.6158,0.3842,3.1319,3459.0237,wave,0.2323,0.4437,1.7095,0.0000,1.0000,0.0000,106.8270,15,2663.9805,0.2130,1.1153,4,1,252539.2969,3.9548,0.0000,3.9548,0.5977,2.0185,0.0000,1.4880,19277.8613,136,1.3678,0.0000,0.0000,0.0000,571178.6250,16.8249,84377.4531,94.4718,117101
44,477,LosAngeles_Medium,train,MAPPO,3600,20,177,107,0.6045,1.0000,0.0000,1053.5421,81.0417,0.6543,3.0681,563.6355,614.0667,2345.9998,0.8325,47.1996,44.7914,1924.5861,244.8795,656.2260,32811.3008,0,0,0.0000,0.1683,0.0000,0.0374,781,0.6045,0.3955,3.1296,3459.0237,wave,0.2217,0.4233,1.7095,0.0000,1.0000,0.0000,94.4355,15,2664.1450,0.2146,1.1813,4,1,251021.9688,4.4124,0.0000,4.4124,0.5652,1.9442,0.0000,1.5972,31193.1953,184,3.3103,0.0000,0.0000,0.0000,561828.6250,32.1243,68889.1328,172.6262,116152
44,478,Paris_Small,train,IPPO,3600,10,97,92,0.9485,1.0000,0.0000,613.6413,153.4103,0.4507,3.0092,309.3369,311.5638,1138.3340,0.7360,24.1664,22.7358,942.8942,238.7199,374.7113,37471.1328,0,0,-0.0003,0.1168,0.2319,0.0722,358,0.9485,0.0515,3.0596,1728.8169,wave,0.1768,0.3664,1.6177,0.0000,1.0000,0.0000,81.6702,14,1367.8378,0.2358,1.0573,7,1,104726.7344,3.6907,0.0000,3.6907,0.9522,0.8849,0.0000,1.2370,4765.4893,49,1.1740,0.0000,0.0000,0.0000,317627.3125,26.2062,21937.1758,91.4727,36347
44,478,Paris_Small,train,MAPPER,3600,10,97,74,0.7629,1.0000,0.0000,622.7297,155.6824,0.4939,3.0108,277.0946,363.4578,1158.0500,0.8359,24.1664,22.7358,942.8942,238.7199,447.8866,44788.6602,0,0,-0.0008,0.0327,0.0697,0.0100,378,0.7629,0.2371,3.0604,1728.8169,wave,0.2637,0.4891,1.6177,0.0000,1.0000,0.0000,45.4846,14,1367.8134,0.2360,1.0579,6,1,85695.7031,3.8969,0.0000,3.8969,0.7534,0.8705,0.0000,1.2478,4537.9604,49,1.3694,0.0000,0.0000,0.0000,390375.0625,11.8144,25654.8379,125.8942,43445
44,478,Paris_Small,train,MAPPO,3600,10,97,90,0.9278,1.0000,0.0000,583.4445,116.6889,0.5707,3.0064,274.3333,327.3854,1149.8193,0.8383,24.1664,22.7358,942.8942,238.7199,368.5567,36855.6719,0,0,0.0000,0.0228,0.0000,0.0129,354,0.9278,0.0722,3.0584,1728.8169,wave,0.2022,0.3651,1.6177,0.0000,1.0000,0.0000,44.3695,14,1367.8186,0.2358,1.1055,5,1,103483.7422,3.6495,0.0000,3.6495,0.9329,0.8863,0.0000,1.2457,5821.3501,51,1.4875,0.0000,0.0000,0.0000,311642.3125,15.0825,13040.4619,177.2068,35750
44,479,Paris_Medium,train,IPPO,3600,20,181,146,0.8066,1.0000,0.0000,953.5480,86.6862,0.5753,3.0386,567.2808,449.1124,2164.8743,0.7632,45.2733,42.6741,1965.2211,237.2210,1194.8840,59744.1992,0,0,-0.0002,0.1410,0.1988,0.0787,739,0.8066,0.1934,3.0679,3460.2136,wave,0.1811,0.3386,1.6544,0.0000,1.0000,0.0000,134.3060,15,2732.5742,0.1725,0.9341,4,1,316071.6562,4.0829,0.0000,4.0829,0.7648,1.9854,0.0000,1.2254,9989.4746,112,2.0725,0.0000,0.0000,0.0000,1091036.0000,34.0497,171206.4062,145.1471,216274
44,479,Paris_Medium,train,MAPPER,3600,20,181,117,0.6464,1.0000,0.0000,941.0940,94.1094,0.5183,3.0414,555.6581,455.5224,2233.7520,0.8040,45.2733,42.6741,1965.2211,237.2210,1334.4917,66724.5859,0,0,-0.0010,0.1563,0.0902,0.0223,698,0.6464,0.3536,3.0684,3460.2136,wave,0.2078,0.3908,1.6544,0.0000,1.0000,0.0000,108.9077,15,2732.5713,0.1710,0.9221,4,1,261348.9688,3.8564,0.0000,3.8564,0.6101,1.9765,0.0000,1.2188,9101.6611,98,1.5551,0.0000,0.0000,0.0000,1230392.7500,21.2486,180398.1406,233.7201,241543
44,479,Paris_Medium,train,MAPPO,3600,20,181,126,0.6961,1.0000,0.0000,920.2540,76.6878,0.6379,3.0348,516.1667,497.5000,2186.4729,0.8472,45.2733,42.6741,1965.2211,237.2210,842.5580,42127.9023,0,0,-0.0000,0.0032,0.0000,0.0041,729,0.6961,0.3039,3.0669,3460.2136,wave,0.1500,0.2974,1.6544,0.0000,1.0000,0.0000,78.8721,15,2732.5598,0.1745,1.0130,3,1,275495.5938,4.0276,0.0000,4.0276,0.6612,1.9889,0.0000,1.2545,13498.9980,130,2.1710,0.0000,0.0000,0.0000,739794.6875,35.1215,65254.2578,379.2769,152503
44,480,Tokyo_Small,train,IPPO,3600,25,96,83,0.8646,1.0000,0.0000,754.0602,58.0046,0.5449,3.0495,364.0241,400.9884,1349.1279,0.7412,29.1531,27.2829,1024.7919,226.5910,587.2188,58721.8750,0,0,-0.0002,0.2301,0.2397,0.1009,318,0.8646,0.1354,3.1004,1728.5762,wave,0.2237,0.4445,1.6142,0.0000,1.0000,0.0000,94.1985,14,1352.7548,0.2870,1.2756,7,0,111977.6172,3.3125,0.0000,3.3125,0.8806,1.0149,0.0000,1.5446,11322.5557,79,1.8686,0.0000,0.0000,0.0000,533507.0625,25.5729,45347.9492,61.1342,56373
44,480,Tokyo_Small,train,MAPPER,3600,25,96,74,0.7708,1.0000,0.0000,944.2162,55.5421,0.7033,3.0442,326.0946,639.2658,1312.6844,0.8051,29.1531,27.0702,1029.0582,226.0347,475.8125,47581.2500,0,0,-0.0003,0.0241,0.0635,0.0049,259,0.7872,0.2128,3.0985,1728.5762,wave,0.1748,0.4152,1.6246,0.0000,1.0000,0.0000,63.5577,14,1352.8086,0.2873,1.3103,7,1,97138.6484,2.6979,0.0000,2.6979,0.7337,0.9483,0.0000,1.4408,13950.9678,98,3.3390,0.0000,0.0000,0.0000,418426.4688,34.0729,25126.8086,156.6907,45678
44,480,Tokyo_Small,train,MAPPO,3600,25,96,67,0.6979,1.0000,0.0000,898.6418,52.8613,0.6960,3.0440,319.6269,645.8400,1294.4773,0.8100,29.1320,27.2712,1002.0587,264.0173,282.6667,28266.6660,0,0,0.0000,0.0005,0.0000,0.0018,239,0.8072,0.1928,3.0984,1728.5762,wave,0.2204,0.4277,1.6029,0.0000,1.0000,0.0000,60.7314,14,1352.7378,0.2873,1.4280,5,1,86729.9844,2.4896,0.0000,2.4896,0.6472,0.9239,0.0000,1.5799,15504.8174,105,3.3302,0.0000,0.0000,0.0000,225411.7656,10.1562,5789.1362,165.1099,27136
44,481,Tokyo_Medium,train,IPPO,3600,50,179,117,0.6536,1.0000,0.0000,1021.5043,32.9518,0.6252,3.0582,556.3077,525.5870,2294.3108,0.8248,58.6791,53.7267,1789.8560,257.8096,2016.4358,100821.7891,0,0,-0.0002,0.2216,0.2141,0.0987,580,0.6536,0.3464,3.1015,3457.9011,wave,0.2204,0.4231,1.6236,0.0000,1.0000,0.0000,97.4455,16,2689.8269,0.1831,1.1046,4,0,268434.3750,3.2402,0.0000,3.2402,0.6852,1.9166,0.0000,1.5027,26234.1367,151,2.0950,0.0000,0.0000,0.0000,1919992.5000,34.4637,323671.5938,111.7733,360942
44,481,Tokyo_Medium,train,MAPPER,3600,50,179,107,0.5978,1.0000,0.0000,1060.1869,34.1996,0.6310,3.0575,525.5047,648.6667,2227.3887,0.8477,58.6791,53.7267,1789.8560,257.8096,1105.8994,55294.9727,0,0,-0.0006,0.0498,0.0914,0.0137,622,0.5978,0.4022,3.1016,3457.9011,wave,0.2167,0.4233,1.6236,0.0000,1.0000,0.0000,80.0270,16,2689.8645,0.1834,1.1935,4,0,238330.5938,3.4749,0.0000,3.4749,0.6089,1.8625,0.0000,1.4742,24515.7402,165,2.4042,0.0000,0.0000,0.0000,1010817.2500,30.8156,142059.7031,217.1899,197956
44,481,Tokyo_Medium,train,MAPPO,3600,50,179,91,0.5084,1.0000,0.0000,1073.0000,30.6571,0.7022,3.0550,540.2088,590.8938,2207.6104,0.8173,57.8522,53.3001,1776.0634,273.0372,800.4246,40021.2305,0,0,0.0000,0.0396,0.0000,0.0181,503,0.5583,0.4417,3.1020,3457.9011,wave,0.2650,0.5035,1.6029,0.0000,1.0000,0.0000,98.6867,16,2690.0154,0.1846,1.2848,3,0,200892.5312,2.8101,0.0000,2.8101,0.5166,1.8579,0.0000,1.6591,35930.5078,181,3.3524,0.0000,0.0000,0.0000,705921.5000,44.1899,67264.5391,330.1440,143276
44,482,LosAngeles_Small,train,IPPO,3600,25,96,87,0.9062,1.0000,0.0000,704.1954,54.1689,0.5405,3.0710,294.4828,430.7609,1197.0193,0.8130,23.2443,22.1789,941.0576,240.2210,473.3125,47331.2500,0,0,-0.0002,0.2783,0.2316,0.1096,360,0.9062,0.0938,3.1298,1728.9536,wave,0.2433,0.4570,1.6475,0.0000,1.0000,0.0000,55.0789,17,1348.2375,0.2458,1.3223,7,1,104140.6797,3.7500,0.0000,3.7500,0.9408,0.9883,0.0000,1.5577,10462.0186,94,2.2812,0.0000,0.0000,0.0000,419673.0000,29.0521,34455.0508,60.7674,45438
44,482,LosAngeles_Small,train,MAPPER,3600,25,96,81,0.8438,1.0000,0.0000,775.8642,48.4915,0.6621,3.0680,277.8271,531.6591,1171.3746,0.8432,23.2443,22.1789,937.3957,242.0648,328.1146,32811.4570,0,0,-0.0002,0.0105,0.0634,0.0072,288,0.8526,0.1474,3.1287,1728.9536,wave,0.2391,0.4293,1.6411,0.0000,1.0000,0.0000,43.5522,17,1348.4255,0.2456,1.3507,5,1,94881.3438,3.0000,0.0000,3.0000,0.8206,0.9260,0.0000,1.5018,12066.5547,103,13.3859,0.0000,0.0000,0.0000,272574.7188,19.5625,16823.2402,97.3341,31499
44,482,LosAngeles_Small,train,MAPPO,3600,25,96,76,0.7917,1.0000,0.0000,761.5658,44.7980,0.6829,3.0674,280.6579,533.0602,1196.0001,0.8523,23.2443,21.6478,944.0485,234.1445,225.3125,22531.2500,0,0,-0.0000,0.0005,0.0000,0.0016,295,0.8261,0.1739,3.1269,1728.9536,wave,0.2114,0.3912,1.6638,0.0000,1.0000,0.0000,41.4579,17,1348.4808,0.2460,1.3861,4,0,90896.0078,3.0729,0.0000,3.0729,0.7902,0.9504,0.0000,1.6128,14913.5098,123,11.6694,0.0000,0.0000,0.0000,168561.1719,16.1979,4174.6211,125.0772,21630
44,483,LosAngeles_Medium,train,IPPO,3600,50,183,115,0.6284,1.0000,0.0000,1010.5043,29.7207,0.6881,3.0873,530.6174,613.6667,2252.2026,0.8489,47.5940,45.6832,1833.7084,238.2686,1868.0328,93401.6328,0,0,-0.0001,0.3774,0.2034,0.1271,639,0.6284,0.3716,3.1289,3459.5537,wave,0.2639,0.4976,1.6564,0.0000,1.0000,0.0000,80.1768,20,2674.5308,0.1819,1.1503,4,0,259003.3125,3.4918,0.0000,3.4918,0.6356,1.9274,0.0000,1.6348,32088.1152,182,3.0968,0.0000,0.0000,0.0000,1781848.2500,41.7869,306755.9375,105.5883,341850
44,483,LosAngeles_Medium,train,MAPPER,3600,50,183,107,0.5847,1.0000,0.0000,1117.7009,32.8736,0.6935,3.0869,588.3458,657.8955,2428.2402,0.8254,47.5940,45.6832,1833.7084,238.2686,997.7104,49885.5156,0,0,-0.0005,0.0920,0.0867,0.0300,659,0.5847,0.4153,3.1285,3459.5537,wave,0.2263,0.4355,1.6564,0.0000,1.0000,0.0000,102.6977,20,2674.4189,0.1815,1.1787,4,0,259821.6875,3.6011,0.0000,3.6011,0.6178,2.0135,0.0000,1.6261,29509.6465,195,3.8817,0.0000,0.0000,0.0000,902070.6250,34.3989,128072.6328,202.2234,182581
44,483,LosAngeles_Medium,train,MAPPO,3600,50,183,104,0.5683,1.0000,0.0000,1048.9327,28.3495,0.7401,3.0845,549.6539,637.4733,2332.8367,0.8488,47.5940,44.8054,1801.9598,238.8865,675.9727,33798.6328,0,0,-0.0000,0.0114,0.0000,0.0097,525,0.6190,0.3810,3.1280,3459.5537,wave,0.2269,0.4452,1.6916,0.0000,1.0000,0.0000,83.0865,20,2674.6055,0.1828,1.3336,4,1,242615.0156,2.8689,0.0000,2.8689,0.5799,1.9446,0.0000,1.9631,51159.6172,244,3.4126,0.0000,0.0000,0.0000,579432.6875,41.4536,54528.7109,281.4640,123703
44,484,Paris_Small,train,IPPO,3600,25,99,86,0.8687,1.0000,0.0000,588.8140,53.5285,0.4486,3.0318,265.9651,353.8247,1063.8521,0.8000,23.8792,22.3953,886.8477,205.5456,742.1414,74214.1406,0,0,-0.0002,0.1660,0.2440,0.0852,333,0.8687,0.1313,3.0539,1728.9386,wave,0.2357,0.4294,1.8061,0.0000,1.0000,0.0000,53.1947,14,1366.4456,0.2267,1.0341,6,1,91491.2734,3.3636,0.0000,3.3636,0.8137,1.0266,0.0000,1.2676,4558.9048,48,2.0333,0.0000,0.0000,0.0000,690068.3750,28.4747,58032.4219,103.8838,73472
44,484,Paris_Small,train,MAPPER,3600,25,99,83,0.8384,1.0000,0.0000,611.5663,47.0436,0.5531,3.0295,251.9518,388.1461,1041.2883,0.8266,23.8792,22.3953,886.8477,205.5456,488.6364,48863.6367,0,0,-0.0006,0.0634,0.0676,0.0086,336,0.8384,0.1616,3.0526,1728.9386,wave,0.2430,0.4445,1.8061,0.0000,1.0000,0.0000,43.6942,14,1366.4456,0.2264,1.1303,5,0,86426.9297,3.3939,0.0000,3.3939,0.8075,1.0556,0.0000,1.2794,5320.5522,53,17.1577,0.0000,0.0000,0.0000,434561.2188,17.4646,27005.7676,161.7777,48375
44,484,Paris_Small,train,MAPPO,3600,25,99,76,0.7677,1.0000,0.0000,649.8421,46.4173,0.5611,3.0269,242.2895,442.3855,1021.5851,0.8433,23.8792,22.3953,874.4078,218.4775,420.0000,42000.0000,0,0,-0.0000,0.0003,0.0000,0.0016,291,0.8352,0.1648,3.0520,1728.9386,wave,0.2605,0.4751,1.8408,0.0000,1.0000,0.0000,37.9725,14,1366.4036,0.2264,1.1991,5,0,77640.4688,2.9394,0.0000,2.9394,0.7616,1.0872,0.0000,1.2612,6322.1167,58,4.7408,0.0000,0.0000,0.0000,366449.2812,24.8788,9617.3311,269.3064,41580
44,485,Paris_Medium,train,IPPO,3600,50,183,127,0.6940,1.0000,0.0000,904.3937,32.2998,0.5629,3.0223,543.4094,439.0193,2254.2542,0.8297,47.1038,43.9211,1974.5083,248.1087,3265.7979,163289.8906,0,0,-0.0001,0.2524,0.2144,0.1047,638,0.6940,0.3060,3.0577,3458.5684,wave,0.2411,0.4810,1.5636,0.0000,1.0000,0.0000,92.5586,15,2714.8806,0.2304,0.9566,6,0,286290.2812,3.4863,0.0000,3.4863,0.6725,1.9195,0.0000,1.5040,17965.0234,99,2.6970,0.0000,0.0000,0.0000,3139288.5000,36.1366,537914.3750,199.8686,597641
44,485,Paris_Medium,train,MAPPER,3600,50,183,100,0.5464,1.0000,0.0000,918.2700,31.6645,0.5885,3.0220,559.1700,495.3465,2394.3088,0.8564,47.1038,43.9211,1978.0851,249.8622,2124.4753,106223.7734,0,0,-0.0008,0.1289,0.0956,0.0206,568,0.5682,0.4318,3.0579,3458.5684,wave,0.2360,0.4472,1.5541,0.0000,1.0000,0.0000,80.3082,15,2714.9514,0.2306,1.0902,3,0,239430.8750,3.1038,0.0000,3.1038,0.5390,1.9539,0.0000,1.4064,18271.1035,127,3.1082,0.0000,0.0000,0.0000,1960890.2500,40.2350,276805.9062,448.2921,388779
44,485,Paris_Medium,train,MAPPO,3600,50,183,108,0.5902,1.0000,0.0000,913.4445,28.5451,0.6449,3.0196,536.4259,505.0775,2281.0896,0.8505,45.8459,43.2921,1975.6982,267.0564,1085.2732,54263.6602,0,0,-0.0000,0.0224,0.0000,0.0135,510,0.6626,0.3374,3.0572,3458.5684,wave,0.2475,0.4626,1.5301,0.0000,1.0000,0.0000,80.2080,15,2714.9873,0.2312,1.0720,4,0,246357.6875,2.7869,0.0000,2.7869,0.5574,1.8707,0.0000,1.5688,26110.7461,134,2.7454,0.0000,0.0000,0.0000,927808.6875,31.3934,64591.9023,574.8499,198605
