seed,global_episode,city,phase,policy_mode,total_steps,n_agents_max,tasks_appeared,tasks_completed,throughput_rate,accept_rate,refuse_rate,latency_mean,latency_per_agent,agent_utilisation,mean_congestion,mean_trip_steps,mean_wait_steps,mean_road_pd_m,delivery_route_efficiency,bbox_area_km2,convex_hull_km2,mean_pd_hav_m,mean_nn_pickup_m,compute_time_per_task_ms,compute_time_per_decision_us,pairing_violations,capacity_violations,actor_loss,critic_loss,entropy,adv_std,n_experiences,completion_per_accepted,unfinished_accept_rate,mean_congestion_at_decision,n_ghost_active_mean,congestion_profile,agent_completed_gini,agent_completed_std,mean_imp_accepted,mean_imp_refused,accept_rate_high_cong,accept_rate_low_cong,mean_extra_steps_per_task,peak_congestion,mean_overlap_edges,congestion_variance,route_congestion_exposure,max_agent_completed,min_agent_completed,total_fleet_distance_m,mean_agents_offered_per_task,mean_recall_rounds_per_task,mean_candidates_scored_per_task,value_throughput_rate,mean_completion_value,value_loss_to_refusal,mean_bpr_along_route,time_lost_to_congestion_steps,n_traversals_in_jam,marginal_cost_ratio_vs_oracle,rmca_relative_regret,rmca_marginal_cost_k1,rmca_marginal_cost_k2,mean_allocation_time_us,mean_tam_dijkstra_steps,path_compute_time_ms,mean_pure_alloc_time_ms,wallclock_ms
42,0,Tokyo_Small,eval_normal_wave,RMCA,3600,6,115,33,0.2870,1.0000,0.0000,1034.3636,344.7879,0.5844,4.6599,292.6000,742.1818,987.6768,0.6751,29.0913,26.5606,791.5093,209.3504,649.5565,108259.4219,0,0,0.0000,0.0000,0.0000,0.0000,0,0.2870,0.7130,4.7209,1125.4863,wave,0.4689,0.9678,1.2313,0.0000,1.0000,0.0000,95.0646,28,937.7003,0.3537,0.9722,6,0,32593.3359,4.7043,0.0000,4.7043,0.2474,0.4144,0.0000,3.8706,25833.9102,17,1.0645,6.9194,1144.0042,3289.7285,637259.7500,10.0000,69418.3672,0.0000,74699
42,1,Tokyo_Small,eval_normal_wave,RMCA,3600,6,109,52,0.4771,1.0000,0.0000,628.4615,209.4872,0.5379,4.6538,219.2326,392.8696,1078.8168,0.9842,29.5271,27.0010,837.8716,246.0615,888.6514,148108.5625,0,0,0.0000,0.0000,0.0000,0.0000,0,0.4771,0.5229,4.6556,1125.4863,wave,0.3103,0.5659,1.2446,0.0000,1.0000,0.0000,3.4692,28,937.6653,0.3690,0.6578,8,1,56098.4727,4.6055,0.0000,4.6055,0.4574,0.5194,0.0000,2.0473,9395.8662,9,1.0057,4.4488,1187.0613,2685.7732,870625.8125,9.3394,91375.7891,0.0000,96863
42,2,Tokyo_Small,eval_normal_ramp,RMCA,3600,6,105,49,0.4667,1.0000,0.0000,542.6938,542.6938,0.2244,4.3372,241.5333,283.3958,1254.4545,1.0000,29.4667,27.2106,949.1213,228.9151,579.1619,96526.9844,0,0,0.0000,0.0000,0.0000,0.0000,0,0.4667,0.5333,4.3881,618.6302,ramp_up_down,0.4431,0.9927,1.2849,0.0000,1.0000,0.0000,0.0000,24,548.2292,0.3022,0.4227,9,0,61468.2695,4.7048,0.0000,4.7048,0.5015,0.6480,0.0000,1.4409,4553.5938,2,1.0000,9.5110,1251.9547,4843.7109,565882.9375,15.9238,56084.8438,0.0000,60812
42,3,Tokyo_Small,eval_normal_ramp,RMCA,3600,6,106,54,0.5094,1.0000,0.0000,580.3889,580.3889,0.2693,4.3350,276.4583,369.3207,1094.0543,0.7915,29.0985,25.4563,770.6998,266.7950,241.1981,40199.6836,0,0,0.0000,0.0000,0.0000,0.0000,0,0.5094,0.4906,4.3716,618.6302,ramp_up_down,0.3986,0.7158,1.1897,0.0000,1.0000,0.0000,57.6475,24,548.3764,0.3073,0.4264,6,0,59078.9297,4.6226,0.0000,4.6226,0.5173,0.4648,0.0000,1.9228,9891.2354,5,1.1816,4.0186,1593.8645,2633.5654,228153.0000,10.3396,22534.0391,0.0000,25567
42,4,Tokyo_Small,eval_stress_shock,RMCA,3600,5,170,76,0.4471,1.0000,0.0000,639.7368,213.2456,0.6449,4.1979,263.3971,329.9600,1070.0939,0.8125,28.5064,25.3236,874.8556,59.1200,289.3706,48228.4297,0,0,0.0000,0.0000,0.0000,0.0000,0,0.4471,0.5529,4.1852,513.2000,shock_burst,0.3684,0.6900,1.2508,0.0000,1.0000,0.0000,49.3783,28,437.3803,0.4627,0.4683,7,0,81327.1328,4.6588,0.0000,4.6588,0.3998,0.4780,0.0000,2.0738,19893.9043,11,2.3133,16.1585,932.4110,2737.3755,283185.9375,5.9588,44625.1250,0.0000,49193
42,5,Tokyo_Small,eval_stress_shock,RMCA,3600,5,165,101,0.6121,1.0000,0.0000,631.3366,631.3366,0.3069,4.1828,259.3258,375.9898,1173.7723,0.9052,29.0465,25.3598,860.1920,68.4192,118.4121,19735.3535,0,0,0.0000,0.0000,0.0000,0.0000,0,0.6121,0.3879,4.1544,513.2000,shock_burst,0.3973,0.7637,1.2677,0.0000,1.0000,0.0000,24.5714,24,437.8353,0.4818,0.5040,9,0,118551.0078,4.7091,0.0000,4.7091,0.6350,0.5635,0.0000,2.0928,27772.3867,23,1.0089,6.4014,1791.3944,3733.0879,111624.9688,4.5515,16455.4492,0.0000,19538
42,6,Tokyo_Small,eval_stress_buildup,RMCA,3600,4,168,90,0.5357,1.0000,0.0000,675.2444,675.2444,0.4419,4.4811,237.2500,454.8788,965.2154,0.8137,29.0338,24.0455,809.5054,26.9813,147.4048,24567.4609,0,0,0.0000,0.0000,0.0000,0.0000,0,0.5357,0.4643,4.4474,883.7547,building_up,0.4460,0.8735,1.2710,0.0000,1.0000,0.0000,44.2069,32,761.9447,0.3568,0.7411,9,0,86869.3906,4.7560,0.0000,4.7560,0.4648,0.4515,0.0000,3.6108,58376.2617,29,1.0000,9.2864,1859.6906,3964.6377,138969.5312,4.2798,20491.3203,0.0000,24764
42,7,Tokyo_Small,eval_stress_buildup,RMCA,3600,4,198,144,0.7273,1.0000,0.0000,518.1389,518.1389,0.4633,4.4628,221.9528,290.3521,859.4107,0.7744,26.8595,23.9111,651.7503,39.4603,115.6162,19269.3594,0,0,0.0000,0.0000,0.0000,0.0000,0,0.7273,0.2727,4.4323,883.7547,building_up,0.4218,0.8079,1.2526,0.0000,1.0000,0.0000,50.0706,24,765.3089,0.3686,0.5545,11,0,123755.1406,4.6717,0.0000,4.6717,0.6890,0.3971,0.0000,2.6961,40802.7461,31,1.0000,7.8468,1280.6871,4792.9214,108420.6250,4.3333,19177.7480,0.0000,22892
42,8,Tokyo_Small,eval_over_fleet,RMCA,3600,60,55,44,0.8000,1.0000,0.0000,438.9318,87.7864,0.0880,4.6670,235.5476,200.2128,901.0927,0.7651,28.0722,24.5414,754.1093,352.9463,525.9091,87651.5156,0,0,0.0000,0.0000,0.0000,0.0000,0,0.8000,0.2000,4.7398,1125.4863,wave,0.3742,0.7201,1.2295,0.0000,1.0000,0.0000,55.3291,28,935.0455,0.3627,0.5712,4,0,39648.0781,4.4909,0.0000,4.4909,0.7899,0.4644,0.0000,2.3460,9023.2871,10,1.0283,1.3599,1321.9165,1628.8491,500852.0000,4.2727,27207.2070,0.0000,28925
42,9,Tokyo_Small,eval_over_fleet,RMCA,3600,60,51,40,0.7843,1.0000,0.0000,584.3000,73.0375,0.1347,4.6638,380.5000,198.4545,1100.9489,0.5787,27.4802,23.4517,866.9570,352.1759,592.1373,98689.5391,0,0,0.0000,0.0000,0.0000,0.0000,0,0.7843,0.2157,4.7262,1125.4863,wave,0.2561,0.5280,1.2727,0.0000,1.0000,0.0000,160.3102,28,936.2503,0.3538,0.8256,3,0,44037.9531,4.5686,0.0000,4.5686,0.8160,0.5924,0.0000,4.0160,24447.7109,15,1.1785,1.3506,1433.3875,1759.3281,567500.6875,3.6275,28624.1289,0.0000,30199
42,10,Tokyo_Small,eval_normal_wave,MAPPO,3600,6,115,79,0.6870,1.0000,0.0000,680.6456,340.3228,0.3542,4.6466,324.9231,419.1633,1089.9333,0.6709,29.0913,26.5606,791.5093,209.3504,112.4435,18740.5801,0,0,0.0000,0.0000,0.0000,0.0000,0,0.6870,0.3130,4.7123,1125.4863,wave,0.4111,0.7482,1.2313,0.0000,1.0000,0.0000,106.9364,28,940.2367,0.3690,0.7101,3,0,86104.7344,4.3739,0.0000,4.3739,0.6723,0.4704,0.0000,2.6468,43066.1484,33,1.2611,0.0000,0.0000,0.0000,99365.7188,3.5391,9171.0088,0.0000,12931
42,11,Tokyo_Small,eval_normal_wave,MAPPO,3600,6,109,81,0.7431,1.0000,0.0000,714.1235,357.0617,0.4397,4.6440,367.4691,360.6979,1070.8329,0.5828,29.5271,27.0010,837.8716,246.0615,67.9633,11327.2168,0,0,0.0000,0.0000,0.0000,0.0000,0,0.7431,0.2569,4.6475,1125.4863,wave,0.3695,0.6834,1.2446,0.0000,1.0000,0.0000,153.3026,28,939.3883,0.3820,0.7054,4,0,86737.4609,4.3670,0.0000,4.3670,0.7086,0.5166,0.0000,2.9121,42342.9570,27,1.1507,0.0000,0.0000,0.0000,51700.4414,3.5046,4363.8018,0.0000,7408
42,12,Tokyo_Small,eval_normal_ramp,MAPPO,3600,6,105,68,0.6476,1.0000,0.0000,576.7059,288.3529,0.3686,4.3295,287.8088,332.3333,1169.7733,0.8129,29.4667,27.2106,949.1213,228.9151,54.6286,9104.7617,0,0,0.0000,0.0000,0.0000,0.0000,0,0.6476,0.3524,4.3788,618.6302,ramp_up_down,0.3962,0.7252,1.2849,0.0000,1.0000,0.0000,53.8542,24,550.2289,0.3004,0.4273,4,0,79544.5859,4.3810,0.0000,4.3810,0.6398,0.5957,0.0000,2.2562,36115.3047,19,1.6446,0.0000,0.0000,0.0000,43203.2188,3.5810,3128.2891,0.0000,5736
42,13,Tokyo_Small,eval_normal_ramp,MAPPO,3600,6,106,77,0.7264,1.0000,0.0000,553.0000,553.0000,0.2298,4.3296,275.2727,314.2135,1113.3417,0.8089,29.0985,25.4563,770.6998,266.7950,49.1981,8199.6855,0,0,0.0000,0.0000,0.0000,0.0000,0,0.7264,0.2736,4.3656,618.6302,ramp_up_down,0.3942,0.7229,1.1897,0.0000,1.0000,0.0000,52.6044,24,549.6406,0.3073,0.4694,4,0,85727.3047,4.2358,0.0000,4.2358,0.7816,0.4925,0.0000,2.5495,26118.0254,25,1.1017,0.0000,0.0000,0.0000,38500.6211,3.5849,3227.6541,0.0000,5215
42,14,Tokyo_Small,eval_stress_shock,MAPPO,3600,5,170,138,0.8118,1.0000,0.0000,523.6667,261.8333,0.4636,4.1573,270.8768,271.9738,1002.5833,0.7403,28.5064,25.3236,874.8556,59.1200,40.5059,6750.9805,0,0,0.0000,0.0000,0.0000,0.0000,0,0.8118,0.1882,4.1419,513.2000,shock_burst,0.2928,0.5257,1.2508,0.0000,1.0000,0.0000,70.3601,28,440.6681,0.4862,0.3601,5,0,138356.5000,4.3529,0.0000,4.3529,0.6872,0.4524,0.0000,1.6944,26009.0215,21,1.6551,0.0000,0.0000,0.0000,33879.1367,3.4412,3192.6130,0.0000,6886
42,15,Tokyo_Small,eval_stress_shock,MAPPO,3600,5,165,128,0.7758,1.0000,0.0000,574.8203,287.4102,0.4297,4.1671,303.6378,311.2467,1123.7175,0.7402,29.0465,25.3598,860.1920,68.4192,45.9576,7659.5962,0,0,0.0000,0.0000,0.0000,0.0000,0,0.7758,0.2242,4.1372,513.2000,shock_burst,0.3093,0.5758,1.2677,0.0000,1.0000,0.0000,78.8943,24,438.9972,0.4912,0.4182,6,0,143835.8438,4.4364,0.0000,4.4364,0.7510,0.5259,0.0000,1.8718,25929.7188,33,1.0668,0.0000,0.0000,0.0000,39043.0117,3.4182,4195.4922,0.0000,7583
42,16,Tokyo_Small,eval_stress_buildup,MAPPO,3600,4,168,137,0.8155,1.0000,0.0000,550.2044,550.2044,0.4269,4.4712,270.6642,290.7800,984.2470,0.7273,29.0338,24.0455,809.5054,26.9813,35.9881,5998.0161,0,0,0.0000,0.0000,0.0000,0.0000,0,0.8155,0.1845,4.4388,883.7547,building_up,0.3085,0.5598,1.2710,0.0000,1.0000,0.0000,73.8148,32,763.5616,0.3658,0.5405,6,0,134841.8438,4.3214,0.0000,4.3214,0.7425,0.4738,0.0000,2.4999,46893.6719,37,1.0304,0.0000,0.0000,0.0000,27318.6250,3.3690,2086.6060,0.0000,6046
42,17,Tokyo_Small,eval_stress_buildup,MAPPO,3600,4,198,156,0.7879,1.0000,0.0000,583.0064,583.0064,0.4958,4.4579,284.5807,314.8474,866.1649,0.6087,26.8595,23.9111,651.7503,39.4603,45.1970,7532.8281,0,0,0.0000,0.0000,0.0000,0.0000,0,0.7879,0.2121,4.4260,883.7547,building_up,0.3146,0.5816,1.2526,0.0000,1.0000,0.0000,111.3477,24,766.1900,0.3723,0.6079,7,0,135121.7188,4.5859,0.0000,4.5859,0.7310,0.3889,0.0000,2.4978,57083.0078,50,1.0114,0.0000,0.0000,0.0000,37835.7109,3.5152,4509.6128,0.0000,8949
42,18,Tokyo_Small,eval_over_fleet,MAPPO,3600,60,55,44,0.8000,1.0000,0.0000,515.1818,64.3977,0.1381,4.6668,225.3636,295.6981,918.4657,0.8151,28.0722,24.5414,754.1093,352.9463,107.0182,17836.3633,0,0,0.0000,0.0000,0.0000,0.0000,0,0.8000,0.2000,4.7394,1125.4863,wave,0.2966,0.6030,1.2295,0.0000,1.0000,0.0000,41.6705,30,935.1461,0.3615,0.5918,3,0,40412.4922,4.0545,0.0000,4.0545,0.7965,0.4682,0.0000,2.0327,11225.6719,12,1.5957,0.0000,0.0000,0.0000,80753.3125,3.3455,3982.3210,0.0000,5886
42,19,Tokyo_Small,eval_over_fleet,MAPPO,3600,60,51,43,0.8431,1.0000,0.0000,640.9302,80.1163,0.1446,4.6640,339.5116,305.4783,1073.1460,0.6322,27.4802,23.4517,866.9570,352.1759,160.3922,26732.0254,0,0,0.0000,0.0000,0.0000,0.0000,0,0.8431,0.1569,4.7261,1125.4863,wave,0.2804,0.5533,1.2727,0.0000,1.0000,0.0000,124.8824,28,936.4592,0.3521,0.5871,3,0,46145.2773,4.4902,0.0000,4.4902,0.8116,0.5481,0.0000,2.3243,12021.4766,19,1.5486,0.0000,0.0000,0.0000,135089.0781,3.3529,6504.4570,0.0000,8180
42,20,Tokyo_Small,eval_normal_wave,FaithfulMAPPER,3600,6,115,89,0.7739,1.0000,0.0000,640.1573,320.0786,0.4396,4.6470,295.7303,398.3235,1070.4033,0.7239,29.0913,26.5606,791.5093,209.3504,58.9913,9831.8838,0,0,0.0000,0.0000,0.0000,0.0000,0,0.7739,0.2261,4.7116,1125.4863,wave,0.3461,0.6681,1.2313,0.0000,1.0000,0.0000,81.6497,28,940.1978,0.3685,0.5206,5,0,95265.8984,4.2000,0.0000,4.2000,0.7555,0.4692,0.0000,2.1318,24815.8652,24,1.2147,0.0000,0.0000,0.0000,46490.3906,3.4870,3531.9121,0.0000,6784
42,21,Tokyo_Small,eval_normal_wave,FaithfulMAPPER,3600,6,109,84,0.7706,1.0000,0.0000,731.0000,365.5000,0.4223,4.6493,363.6667,366.0612,1047.5553,0.5761,29.5271,27.0010,837.8716,246.0615,54.2477,9041.2842,0,0,0.0000,0.0000,0.0000,0.0000,0,0.7706,0.2294,4.6467,1125.4863,wave,0.3814,0.6935,1.2446,0.0000,1.0000,0.0000,154.1556,28,939.4503,0.3678,0.6467,4,0,87994.6406,4.3211,0.0000,4.3211,0.7375,0.5185,0.0000,3.1806,73002.0781,32,1.2583,0.0000,0.0000,0.0000,38945.7969,3.5046,2679.7109,0.0000,5913
42,22,Tokyo_Small,eval_normal_ramp,FaithfulMAPPER,3600,6,105,68,0.6476,1.0000,0.0000,551.1470,551.1470,0.3029,4.3289,315.3676,280.1807,1241.6508,0.7874,29.4667,27.2106,949.1213,228.9151,67.1333,11188.8887,0,0,0.0000,0.0000,0.0000,0.0000,0,0.6476,0.3524,4.3778,618.6302,ramp_up_down,0.4055,0.7870,1.2849,0.0000,1.0000,0.0000,67.0375,24,550.2414,0.3014,0.4854,5,0,84432.2500,4.3143,0.0000,4.3143,0.6987,0.6506,0.0000,2.7911,35487.3242,28,1.4493,0.0000,0.0000,0.0000,54707.7812,3.4476,4200.6592,0.0000,7049
42,23,Tokyo_Small,eval_normal_ramp,FaithfulMAPPER,3600,6,106,77,0.7264,1.0000,0.0000,475.8441,475.8441,0.1722,4.3288,249.2857,252.1667,1020.7805,0.8190,29.0985,25.4563,770.6998,266.7950,29.4811,4913.5220,0,0,0.0000,0.0000,0.0000,0.0000,0,0.7264,0.2736,4.3657,618.6302,ramp_up_down,0.3933,0.7606,1.1897,0.0000,1.0000,0.0000,45.1296,24,549.6250,0.3085,0.4476,5,0,78600.1016,4.1981,0.0000,4.1981,0.7088,0.4466,0.0000,2.0522,21493.7031,21,1.0380,0.0000,0.0000,0.0000,18440.3496,3.5094,1027.0160,0.0000,3125
42,24,Tokyo_Small,eval_stress_shock,FaithfulMAPPER,3600,5,170,147,0.8647,1.0000,0.0000,530.3333,530.3333,0.2714,4.1573,281.1837,248.6051,1101.3821,0.7834,28.5064,25.3236,874.8556,59.1200,33.7353,5622.5488,0,0,0.0000,0.0000,0.0000,0.0000,0,0.8647,0.1353,4.1417,513.2000,shock_burst,0.2940,0.5498,1.2508,0.0000,1.0000,0.0000,60.9073,28,440.7483,0.4852,0.3236,7,0,161903.1719,4.1882,0.0000,4.1882,0.7836,0.4843,0.0000,1.7537,25285.3848,17,1.0100,0.0000,0.0000,0.0000,27303.9590,3.4471,2288.4380,0.0000,5735
42,25,Tokyo_Small,eval_stress_shock,FaithfulMAPPER,3600,5,165,122,0.7394,1.0000,0.0000,584.3115,584.3115,0.3775,4.1680,286.0656,333.5916,1166.3951,0.8155,29.0465,25.3598,860.1920,68.4192,48.4727,8078.7881,0,0,0.0000,0.0000,0.0000,0.0000,0,0.7394,0.2606,4.1445,513.2000,shock_burst,0.2972,0.5442,1.2677,0.0000,1.0000,0.0000,52.7866,24,438.8589,0.4918,0.4129,6,0,142300.2031,4.3758,0.0000,4.3758,0.7416,0.5448,0.0000,1.8604,33801.7578,31,1.4739,0.0000,0.0000,0.0000,41155.4141,3.3394,3981.8799,0.0000,7998
42,26,Tokyo_Small,eval_stress_buildup,FaithfulMAPPER,3600,4,168,127,0.7560,1.0000,0.0000,537.2441,537.2441,0.4765,4.4729,268.4646,293.7945,1002.4807,0.7468,29.0338,24.0455,809.5054,26.9813,47.2560,7875.9922,0,0,0.0000,0.0000,0.0000,0.0000,0,0.7560,0.2440,4.4414,883.7547,building_up,0.2983,0.6083,1.2710,0.0000,1.0000,0.0000,67.9684,32,763.2197,0.3651,0.6044,8,0,127315.0391,4.3274,0.0000,4.3274,0.6909,0.4756,0.0000,2.7091,61256.7734,44,1.1985,0.0000,0.0000,0.0000,37060.8672,3.2083,2821.1431,0.0000,7939
42,27,Tokyo_Small,eval_stress_buildup,FaithfulMAPPER,3600,4,198,159,0.8030,1.0000,0.0000,532.0251,266.0126,0.5360,4.4581,248.7233,308.3149,861.7243,0.6929,26.8595,23.9111,651.7503,39.4603,40.4596,6743.2661,0,0,0.0000,0.0000,0.0000,0.0000,0,0.8030,0.1970,4.4255,883.7547,building_up,0.3020,0.5417,1.2526,0.0000,1.0000,0.0000,76.3784,24,766.3100,0.3707,0.5439,6,0,137014.1719,4.3788,0.0000,4.3788,0.7479,0.3904,0.0000,2.6975,54429.0547,39,1.0000,0.0000,0.0000,0.0000,32428.8223,3.4343,3014.3621,0.0000,8011
42,28,Tokyo_Small,eval_over_fleet,FaithfulMAPPER,3600,60,55,39,0.7091,1.0000,0.0000,545.1025,60.5669,0.1594,4.6679,269.0769,284.3913,924.7780,0.6874,28.0722,24.5414,754.1093,352.9463,110.9273,18487.8789,0,0,0.0000,0.0000,0.0000,0.0000,0,0.7091,0.2909,4.7399,1125.4863,wave,0.3261,0.6405,1.2295,0.0000,1.0000,0.0000,84.1213,28,935.0656,0.3601,0.6598,2,0,36066.3438,4.3091,0.0000,4.3091,0.7071,0.4690,0.0000,3.1449,18246.1250,18,2.3227,0.0000,0.0000,0.0000,84749.8906,3.6727,4084.6230,0.0000,6101
42,29,Tokyo_Small,eval_over_fleet,FaithfulMAPPER,3600,60,51,34,0.6667,1.0000,0.0000,722.6177,72.2618,0.1697,4.6614,326.5588,412.1064,1070.4639,0.6556,27.4802,23.4517,866.9570,352.1759,101.8824,16980.3926,0,0,0.0000,0.0000,0.0000,0.0000,0,0.6667,0.3333,4.7259,1125.4863,wave,0.3199,0.6197,1.2727,0.0000,1.0000,0.0000,112.4661,28,936.5645,0.3571,0.6492,2,0,36395.7695,4.6078,0.0000,4.6078,0.6491,0.5544,0.0000,2.4617,17646.1504,17,1.7990,0.0000,0.0000,0.0000,77273.9375,3.4510,3486.2019,0.0000,5196
42,30,Tokyo_Small,eval_normal_wave,IPPO,3600,6,115,83,0.7217,1.0000,0.0000,645.4337,322.7169,0.3428,4.6506,308.6867,356.0206,1057.8246,0.6854,29.0913,26.5606,791.5093,209.3504,59.3826,9897.1016,0,0,0.0000,0.0000,0.0000,0.0000,0,0.7217,0.2783,4.7127,1125.4863,wave,0.4070,0.7592,1.2313,0.0000,1.0000,0.0000,97.1218,28,940.0758,0.3594,0.6542,4,0,87799.4453,4.2261,0.0000,4.2261,0.6974,0.4644,0.0000,2.6185,35558.3828,30,1.1117,0.0000,0.0000,0.0000,46790.5820,3.5130,3658.2351,0.0000,6829
42,31,Tokyo_Small,eval_normal_wave,IPPO,3600,6,109,77,0.7064,1.0000,0.0000,606.0909,303.0454,0.4482,4.6450,291.6053,400.9368,1011.1716,0.6935,29.5271,27.0010,837.8716,246.0615,53.3395,8889.9082,0,0,0.0000,0.0000,0.0000,0.0000,0,0.7064,0.2936,4.6481,1125.4863,wave,0.4592,0.8438,1.2446,0.0000,1.0000,0.0000,89.3709,28,939.4758,0.3786,0.6948,4,0,77860.2109,4.3670,0.0000,4.3670,0.6347,0.4868,0.0000,4.3251,60871.6406,36,1.0891,0.0000,0.0000,0.0000,37329.1836,3.5505,2473.2629,0.0000,5814
42,32,Tokyo_Small,eval_normal_ramp,IPPO,3600,6,105,78,0.7429,1.0000,0.0000,544.2949,544.2949,0.1891,4.3285,307.6410,275.1444,1247.8258,0.8112,29.4667,27.2106,949.1213,228.9151,37.1810,6196.8252,0,0,0.0000,0.0000,0.0000,0.0000,0,0.7429,0.2571,4.3801,618.6302,ramp_up_down,0.3795,0.7041,1.2849,0.0000,1.0000,0.0000,58.0759,24,550.2586,0.3017,0.4026,4,0,97330.4141,4.0476,0.0000,4.0476,0.7719,0.6266,0.0000,2.0652,29018.3535,21,1.0839,0.0000,0.0000,0.0000,25115.0391,3.3905,1247.4919,0.0000,3904
42,33,Tokyo_Small,eval_normal_ramp,IPPO,3600,6,106,79,0.7453,1.0000,0.0000,528.4304,528.4304,0.2798,4.3289,269.4177,269.0225,1059.0137,0.7861,29.0985,25.4563,770.6998,266.7950,41.5094,6918.2388,0,0,0.0000,0.0000,0.0000,0.0000,0,0.7453,0.2547,4.3661,618.6302,ramp_up_down,0.3152,0.6173,1.1897,0.0000,1.0000,0.0000,57.6150,24,549.6000,0.3087,0.5108,5,0,83662.0781,4.0566,0.0000,4.0566,0.7786,0.4782,0.0000,2.8593,34992.2227,27,1.1279,0.0000,0.0000,0.0000,31364.3867,3.5660,2338.3521,0.0000,4400
42,34,Tokyo_Small,eval_stress_shock,IPPO,3600,5,170,140,0.8235,1.0000,0.0000,553.9072,276.9536,0.4071,4.1601,271.2429,298.2597,1001.5725,0.7385,28.5064,25.3236,874.8556,59.1200,35.1824,5863.7256,0,0,0.0000,0.0000,0.0000,0.0000,0,0.8235,0.1765,4.1420,513.2000,shock_burst,0.2772,0.5022,1.2508,0.0000,1.0000,0.0000,70.9284,28,440.4475,0.4842,0.3829,5,0,140220.1562,4.2000,0.0000,4.2000,0.6867,0.4456,0.0000,1.7015,25804.5977,23,1.6197,0.0000,0.0000,0.0000,28562.2832,3.3824,2219.3921,0.0000,5981
42,35,Tokyo_Small,eval_stress_shock,IPPO,3600,5,165,118,0.7152,1.0000,0.0000,575.0170,287.5085,0.4558,4.1691,307.5339,299.0809,1175.2832,0.7643,29.0465,25.3598,860.1920,68.4192,41.0242,6837.3735,0,0,0.0000,0.0000,0.0000,0.0000,0,0.7152,0.2848,4.1344,513.2000,shock_burst,0.3455,0.6194,1.2677,0.0000,1.0000,0.0000,72.4773,24,438.6561,0.4917,0.4342,5,0,138683.4219,4.2848,0.0000,4.2848,0.7178,0.5453,0.0000,2.1217,42073.0586,30,1.4427,0.0000,0.0000,0.0000,33817.8359,3.4303,2901.6799,0.0000,6769
42,36,Tokyo_Small,eval_stress_buildup,IPPO,3600,4,168,128,0.7619,1.0000,0.0000,657.1484,657.1484,0.3559,4.4728,313.7891,358.0136,999.3900,0.6370,29.0338,24.0455,809.5054,26.9813,40.7798,6796.6270,0,0,0.0000,0.0000,0.0000,0.0000,0,0.7619,0.2381,4.4409,883.7547,building_up,0.2926,0.5639,1.2710,0.0000,1.0000,0.0000,113.9111,32,763.4592,0.3635,0.5428,7,0,127921.9219,4.4464,0.0000,4.4464,0.6733,0.4599,0.0000,2.4944,72604.4453,47,1.0000,0.0000,0.0000,0.0000,31460.0957,3.4107,1858.8051,0.0000,6851
42,37,Tokyo_Small,eval_stress_buildup,IPPO,3600,4,198,153,0.7727,1.0000,0.0000,557.0654,278.5327,0.5713,4.4572,271.0872,300.0402,898.8250,0.6631,26.8595,23.9111,651.7503,39.4603,46.3586,7726.4312,0,0,0.0000,0.0000,0.0000,0.0000,0,0.7727,0.2273,4.4263,883.7547,building_up,0.2656,0.4912,1.2526,0.0000,1.0000,0.0000,91.3223,24,766.3197,0.3727,0.5956,7,1,137520.2344,4.3687,0.0000,4.3687,0.7546,0.4094,0.0000,2.8264,73108.0703,46,1.0000,0.0000,0.0000,0.0000,38414.4453,3.3535,4018.3970,0.0000,9179
42,38,Tokyo_Small,eval_over_fleet,IPPO,3600,60,55,37,0.6727,1.0000,0.0000,516.1622,57.3514,0.1557,4.6663,264.4865,273.6731,899.5163,0.6802,28.0722,24.5414,754.1093,352.9463,56.5636,9427.2725,0,0,0.0000,0.0000,0.0000,0.0000,0,0.6727,0.3273,4.7401,1125.4863,wave,0.3885,0.7407,1.2295,0.0000,1.0000,0.0000,84.5832,28,935.0967,0.3645,0.6560,2,0,33282.1055,4.0545,0.0000,4.0545,0.6190,0.4327,0.0000,3.5688,19288.2168,25,1.3365,0.0000,0.0000,0.0000,30001.1270,3.4364,1093.8361,0.0000,3111
42,39,Tokyo_Small,eval_over_fleet,IPPO,3600,60,51,39,0.7647,1.0000,0.0000,637.5897,63.7590,0.1721,4.6643,340.9231,302.5349,1063.7701,0.6241,27.4802,23.4517,866.9570,352.1759,73.1373,12189.5430,0,0,0.0000,0.0000,0.0000,0.0000,0,0.7647,0.2353,4.7266,1125.4863,wave,0.3634,0.7041,1.2727,0.0000,1.0000,0.0000,128.1690,28,936.2500,0.3530,0.7470,3,0,41487.0391,4.3725,0.0000,4.3725,0.7299,0.5435,0.0000,3.6062,27901.7383,19,1.7575,0.0000,0.0000,0.0000,47660.3516,3.3529,1952.9590,0.0000,3730
42,40,Tokyo_Small,eval_normal_wave,Hybrid,3600,6,115,74,0.6435,1.0000,0.0000,660.1486,330.0743,0.4209,4.6473,308.7973,410.1500,1056.2700,0.6841,29.0913,26.5606,791.5093,209.3504,53.8174,8969.5654,0,0,0.0027,0.0000,0.0000,0.0000,502,0.6435,0.3565,4.7124,1125.4863,wave,0.3774,0.7063,1.2313,0.0000,1.0000,0.0000,97.5433,28,939.9780,0.3716,0.6761,4,0,78163.9844,4.3652,0.0000,4.3652,0.5950,0.4444,0.0000,2.8414,41501.6406,40,1.3106,0.0000,0.0000,0.0000,41085.5742,3.5217,2668.8550,0.0000,6189
42,41,Tokyo_Small,eval_normal_wave,Hybrid,3600,6,109,80,0.7339,1.0000,0.0000,751.6375,375.8188,0.4144,4.6450,377.8250,401.4258,1101.0233,0.5828,29.5271,27.0010,837.8716,246.0615,54.0367,9006.1162,0,0,-0.0254,0.0000,0.0000,0.0000,466,0.7339,0.2661,4.6476,1125.4863,wave,0.3364,0.6240,1.2446,0.0000,1.0000,0.0000,157.6203,28,939.5591,0.3782,0.6914,3,0,88081.8672,4.2752,0.0000,4.2752,0.7319,0.5402,0.0000,3.0413,36525.2422,37,1.3193,0.0000,0.0000,0.0000,37834.5312,3.5963,2415.2871,0.0000,5890
42,42,Tokyo_Small,eval_normal_ramp,Hybrid,3600,6,105,83,0.7905,1.0000,0.0000,557.9518,557.9518,0.2898,4.3282,309.1807,271.0638,1219.1282,0.7886,29.4667,27.2106,949.1213,228.9151,31.2286,5204.7617,0,0,-0.0397,0.0000,0.0000,0.0000,461,0.7905,0.2095,4.3783,618.6302,ramp_up_down,0.3460,0.6387,1.2849,0.0000,1.0000,0.0000,65.3551,24,550.2892,0.3022,0.3757,4,0,101187.6406,4.3905,0.0000,4.3905,0.8054,0.6144,0.0000,2.1549,28217.8457,14,1.4464,0.0000,0.0000,0.0000,19213.5332,3.5714,870.6070,0.0000,3279
42,43,Tokyo_Small,eval_normal_ramp,Hybrid,3600,6,106,81,0.7642,1.0000,0.0000,502.6543,0.0000,0.0941,4.3283,267.8395,268.7053,1076.1515,0.8036,29.0985,25.4563,770.6998,266.7950,26.5377,4422.9561,0,0,-0.0222,0.0000,0.0000,0.0000,450,0.7642,0.2358,4.3653,618.6302,ramp_up_down,0.3442,0.6618,1.1897,0.0000,1.0000,0.0000,52.6092,24,549.8678,0.3074,0.4130,5,0,87168.2656,4.2453,0.0000,4.2453,0.7954,0.4764,0.0000,1.6703,14744.6729,19,1.0766,0.0000,0.0000,0.0000,16326.6699,3.4528,803.1390,0.0000,2813
42,44,Tokyo_Small,eval_stress_shock,Hybrid,3600,5,170,137,0.8059,1.0000,0.0000,551.0876,275.5438,0.4777,4.1597,271.1241,313.4052,1015.6625,0.7492,28.5064,25.3236,874.8556,59.1200,36.7235,6120.5884,0,0,-0.0146,0.0000,0.0000,0.0000,748,0.8059,0.1941,4.1470,513.2000,shock_burst,0.3063,0.5575,1.2508,0.0000,1.0000,0.0000,67.9916,28,440.5014,0.4834,0.3455,6,0,139145.7656,4.4000,0.0000,4.4000,0.6774,0.4492,0.0000,1.4704,15583.4111,15,1.0858,0.0000,0.0000,0.0000,30096.2832,3.4765,2277.0891,0.0000,6243
42,45,Tokyo_Small,eval_stress_shock,Hybrid,3600,5,165,129,0.7818,1.0000,0.0000,579.4883,579.4883,0.2488,4.1689,309.1085,287.0405,1169.0900,0.7564,29.0465,25.3598,860.1920,68.4192,36.3818,6063.6362,0,0,-0.0376,0.0000,0.0000,0.0000,703,0.7818,0.2182,4.1437,513.2000,shock_burst,0.3290,0.5923,1.2677,0.0000,1.0000,0.0000,75.2905,24,438.9575,0.4909,0.4127,5,0,150812.6094,4.2606,0.0000,4.2606,0.7818,0.5432,0.0000,2.1817,38884.6875,29,1.0247,0.0000,0.0000,0.0000,29388.3516,3.3697,2635.0310,0.0000,6003
42,46,Tokyo_Small,eval_stress_buildup,Hybrid,3600,4,168,127,0.7560,1.0000,0.0000,557.1811,557.1811,0.4486,4.4725,284.5669,293.2081,1000.8500,0.7034,29.0338,24.0455,809.5054,26.9813,32.6726,5445.4365,0,0,-0.0198,0.0000,0.0000,0.0000,712,0.7560,0.2440,4.4382,883.7547,building_up,0.3102,0.5591,1.2710,0.0000,1.0000,0.0000,84.3969,32,763.3903,0.3649,0.5845,5,0,127107.9531,4.2381,0.0000,4.2381,0.6782,0.4668,0.0000,3.0569,62719.4609,43,1.0000,0.0000,0.0000,0.0000,24051.7617,3.3988,1107.4160,0.0000,5489
42,47,Tokyo_Small,eval_stress_buildup,Hybrid,3600,4,198,154,0.7778,1.0000,0.0000,561.0389,561.0389,0.4109,4.4582,267.7190,307.5389,886.5873,0.6623,26.8595,23.9111,651.7503,39.4603,41.6818,6946.9697,0,0,-0.0052,0.0000,0.0000,1.0000,880,0.7778,0.2222,4.4285,883.7547,building_up,0.2667,0.4896,1.2526,0.0000,1.0000,0.0000,90.4015,24,765.8719,0.3740,0.6122,6,0,136534.4375,4.4444,0.0000,4.4444,0.7354,0.3963,0.0000,2.7715,69248.3828,41,1.0417,0.0000,0.0000,0.0000,33870.0703,3.5707,2755.3330,0.0000,8253
42,48,Tokyo_Small,eval_over_fleet,Hybrid,3600,60,55,38,0.6909,1.0000,0.0000,510.6842,56.7427,0.1612,4.6661,265.9474,290.6346,948.9941,0.7137,28.0722,24.5414,754.1093,352.9463,63.9636,10660.6064,0,0,-0.0101,0.0000,0.0000,0.0000,217,0.6909,0.3091,4.7398,1125.4863,wave,0.3434,0.7042,1.2295,0.0000,1.0000,0.0000,76.1485,28,935.1667,0.3643,0.7038,3,0,36061.7773,3.9455,0.0000,3.9455,0.6949,0.4731,0.0000,5.5731,28753.6777,17,1.4465,0.0000,0.0000,0.0000,36990.7109,3.4545,1517.1281,0.0000,3518
42,49,Tokyo_Small,eval_over_fleet,Hybrid,3600,60,51,41,0.8039,1.0000,0.0000,640.7805,71.1978,0.1525,4.6630,389.3658,294.1667,1069.6217,0.5494,27.4802,23.4517,866.9570,352.1759,56.7451,9457.5166,0,0,-0.0128,0.0000,0.0000,0.0000,226,0.8039,0.1961,4.7265,1125.4863,wave,0.2819,0.5610,1.2727,0.0000,1.0000,0.0000,175.4415,28,936.4403,0.3548,0.7258,3,0,43854.4922,4.4314,0.0000,4.4314,0.7598,0.5381,0.0000,2.5842,16843.3574,18,1.4418,0.0000,0.0000,0.0000,31684.4121,3.4706,1145.2140,0.0000,2894
42,50,Tokyo_Small,eval_normal_wave,TokenPassing,3600,6,115,29,0.2522,1.0000,0.0000,893.3793,223.3448,0.7971,4.6607,227.0000,688.1600,1080.0110,0.9516,29.0913,26.5606,791.5093,209.3504,906.2869,151047.8281,0,0,0.0000,0.0000,0.0000,0.0000,0,0.2522,0.7478,4.7245,1125.4863,wave,0.3161,0.5902,1.2313,0.0000,1.0000,0.0000,10.9978,28,936.7333,0.3579,0.7148,8,0,31320.3184,5.2261,0.0000,0.0000,0.2060,0.3926,0.0000,2.1249,4791.3101,8,3.0631,0.0000,0.0000,0.0000,888123.2500,0.0000,95319.9297,0.0000,104223
42,51,Tokyo_Small,eval_normal_wave,TokenPassing,3600,6,109,18,0.1651,1.0000,0.0000,1208.1111,302.0278,0.8056,4.6595,199.8571,1103.2941,972.9291,0.9736,29.5271,27.0010,837.8716,246.0615,862.9725,143828.7500,0,0,0.0000,0.0000,0.0000,0.0000,0,0.1651,0.8349,4.6605,1125.4863,wave,0.5185,0.9428,1.2446,0.0000,1.0000,0.0000,5.2713,28,935.9928,0.3671,0.8912,8,0,17512.7227,5.0092,0.0000,0.0000,0.1331,0.4368,0.0000,2.2909,6098.7051,7,2.9548,0.0000,0.0000,0.0000,833191.4375,0.0000,85356.9688,0.0000,94064
42,52,Tokyo_Small,eval_normal_ramp,TokenPassing,3600,6,105,23,0.2190,1.0000,0.0000,888.8696,222.2174,0.7839,4.3425,258.1111,628.3913,1366.4443,1.0000,29.4667,27.2106,949.1213,228.9151,750.3905,125065.0781,0,0,0.0000,0.0000,0.0000,0.0000,0,0.2190,0.7810,4.3924,618.6302,ramp_up_down,0.2391,0.4861,1.2849,0.0000,1.0000,0.0000,0.0000,24,547.3411,0.2998,0.5287,6,0,31428.2207,5.1905,0.0000,0.0000,0.2703,0.7441,0.0000,1.8967,3863.4287,5,3.3999,0.0000,0.0000,0.0000,737695.5625,0.0000,71271.7500,0.0000,78791
42,53,Tokyo_Small,eval_normal_ramp,TokenPassing,3600,6,106,28,0.2642,1.0000,0.0000,1015.4286,253.8571,0.8009,4.3418,220.7391,826.7917,1129.3767,1.0000,29.0985,25.4563,770.6998,266.7950,854.6321,142438.6719,0,0,0.0000,0.0000,0.0000,0.0000,0,0.2642,0.7358,4.3764,618.6302,ramp_up_down,0.3690,0.6507,1.1897,0.0000,1.0000,0.0000,0.0000,24,546.9703,0.3066,0.5127,9,0,31622.5488,5.0755,0.0000,0.0000,0.2560,0.4436,0.0000,1.9417,8256.0215,5,1.7518,0.0000,0.0000,0.0000,840697.3125,0.0000,83055.2031,0.0000,90591
42,54,Tokyo_Small,eval_stress_shock,TokenPassing,3600,5,170,23,0.1353,1.0000,0.0000,927.0000,309.0000,0.7735,4.2571,182.4000,784.9000,689.8508,0.7564,28.5064,25.3236,874.8556,59.1200,378.3470,63057.8438,0,0,0.0000,0.0000,0.0000,0.0000,0,0.1353,0.8647,4.2466,513.2000,shock_burst,0.5217,0.9683,1.2508,0.0000,1.0000,0.0000,44.4298,28,433.4497,0.4275,0.7115,12,0,15866.5693,3.7706,0.0000,0.0000,0.0728,0.2874,0.0000,4.1410,11548.4639,5,2.0202,0.0000,0.0000,0.0000,348126.0000,0.0000,51102.6680,0.0000,64319
42,55,Tokyo_Small,eval_stress_shock,TokenPassing,3600,5,165,24,0.1455,1.0000,0.0000,1072.8750,357.6250,0.7716,4.2631,181.0000,946.0435,918.6815,1.0000,29.0465,25.3598,860.1920,68.4192,430.9818,71830.3047,0,0,0.0000,0.0000,0.0000,0.0000,0,0.1455,0.8545,4.2375,513.2000,shock_burst,0.3167,0.5803,1.2677,0.0000,1.0000,0.0000,0.0000,24,432.1783,0.4344,0.6780,8,0,22048.3574,3.8182,0.0000,0.0000,0.1254,0.4685,0.0000,2.1039,5323.0410,5,2.8395,0.0000,0.0000,0.0000,415181.0000,0.0000,58627.8242,0.0000,71112
42,56,Tokyo_Small,eval_stress_buildup,TokenPassing,3600,4,168,12,0.0714,1.0000,0.0000,1207.3334,402.4445,0.7524,4.5068,154.5833,979.6923,710.1133,0.9187,29.0338,24.0455,809.5054,26.9813,296.3929,49398.8086,0,0,0.0000,0.0000,0.0000,0.0000,0,0.0714,0.9286,4.4781,883.7547,building_up,0.3750,0.7071,1.2710,0.0000,1.0000,0.0000,12.5607,32,756.2617,0.3443,0.9231,6,1,8521.3594,2.9405,0.0000,0.0000,0.0435,0.3166,0.0000,2.7116,7410.5449,4,2.3338,0.0000,0.0000,0.0000,271461.9375,0.0000,35451.6172,0.0000,49794
42,57,Tokyo_Small,eval_stress_buildup,TokenPassing,3600,4,198,21,0.1061,1.0000,0.0000,1110.8572,370.2857,0.7528,4.5041,169.0588,1024.0588,760.2120,0.8993,26.8595,23.9111,651.7503,39.4603,384.4899,64081.6484,0,0,0.0000,0.0000,0.0000,0.0000,0,0.1061,0.8939,4.4717,883.7547,building_up,0.3214,0.6227,1.2526,0.0000,1.0000,0.0000,17.0164,24,757.0675,0.3401,0.9357,9,0,15964.4531,2.9444,0.0000,0.0000,0.1013,0.4005,0.0000,2.1532,5419.8574,4,1.8824,0.0000,0.0000,0.0000,350341.2188,0.0000,59370.6758,0.0000,76129
42,58,Tokyo_Small,eval_over_fleet,TokenPassing,3600,60,55,45,0.8182,1.0000,0.0000,468.4667,66.9238,0.1309,4.6668,251.7111,214.5741,904.4203,0.7186,28.0722,24.5414,754.1093,352.9463,102.0000,17000.0000,0,0,0.0000,0.0000,0.0000,0.0000,0,0.8182,0.1818,4.7392,1125.4863,wave,0.3957,0.7630,1.2295,0.0000,1.0000,0.0000,70.8270,28,935.2367,0.3608,0.5437,4,0,40698.9141,53.2727,0.0000,0.0000,0.7797,0.4482,0.0000,2.4126,12357.7139,12,1.2188,0.0000,0.0000,0.0000,78109.9844,0.0000,584.8700,0.0000,5610
42,59,Tokyo_Small,eval_over_fleet,TokenPassing,3600,60,51,43,0.8431,1.0000,0.0000,663.6977,60.3362,0.1856,4.6639,405.2558,259.0417,1105.4052,0.5455,27.4802,23.4517,866.9570,352.1759,113.3726,18895.4258,0,0,0.0000,0.0000,0.0000,0.0000,0,0.8431,0.1569,4.7267,1125.4863,wave,0.2658,0.5179,1.2727,0.0000,1.0000,0.0000,184.1748,28,936.3694,0.3527,0.8274,2,0,47532.4219,51.5686,0.0000,0.0000,0.8607,0.5812,0.0000,4.9285,36458.8906,24,1.2140,0.0000,0.0000,0.0000,88390.6484,0.0000,1343.3430,0.0000,5782
42,60,Kyoto_Small,eval_normal_wave,RMCA,3600,6,94,32,0.3404,1.0000,0.0000,643.4062,321.7031,0.3764,4.6425,297.5000,361.5882,924.7463,0.6217,19.7078,17.3749,750.1530,184.2525,478.2872,79714.5391,0,0,0.0000,0.0000,0.0000,0.0000,0,0.3404,0.6596,4.6067,631.4694,wave,0.3493,0.6540,1.3026,0.0000,1.0000,0.0000,112.5507,24,526.9172,0.3905,0.8634,4,0,29591.8828,4.5000,0.0000,4.5000,0.3296,0.4604,0.0000,2.7574,10443.4961,7,1.0000,9.7257,987.6029,2903.9265,470654.9688,8.0957,42937.6602,0.0000,44959
42,61,Kyoto_Small,eval_normal_wave,RMCA,3600,6,103,34,0.3301,1.0000,0.0000,701.4706,701.4706,0.3311,4.6584,294.1290,380.7097,1033.7260,0.7029,19.0341,17.8157,879.9526,188.2990,434.0777,72346.2812,0,0,0.0000,0.0000,0.0000,0.0000,0,0.3301,0.6699,4.7286,631.4694,wave,0.2471,0.4687,1.2381,0.0000,1.0000,0.0000,87.3838,24,526.5186,0.3605,0.7534,5,1,35146.6836,4.5340,0.0000,4.5340,0.3167,0.5152,0.0000,2.7608,15466.5000,10,1.0315,11.9374,938.5297,3290.0938,424496.2188,14.9709,41509.7734,0.0000,44710
42,62,Kyoto_Small,eval_normal_ramp,RMCA,3600,6,108,69,0.6389,1.0000,0.0000,506.3768,168.7923,0.5394,4.2960,251.0625,271.4925,1058.8179,0.8435,19.9501,18.5804,806.6145,198.5716,149.7222,24953.7031,0,0,0.0000,0.0000,0.0000,0.0000,0,0.6389,0.3611,4.3326,347.1364,ramp_up_down,0.3849,0.7550,1.2289,0.0000,1.0000,0.0000,39.2989,24,311.1078,0.3295,0.5528,10,0,73058.4375,4.5741,0.0000,4.5741,0.6823,0.5336,0.0000,1.9815,11643.0039,15,1.2533,3.6026,1383.5400,2339.7043,141656.7500,6.8241,14627.3271,0.0000,16170
42,63,Kyoto_Small,eval_normal_ramp,RMCA,3600,6,113,63,0.5575,1.0000,0.0000,635.2222,635.2222,0.2648,4.3088,257.7059,386.7458,1063.5430,0.8254,20.0217,18.6003,792.5750,182.7942,198.6106,33101.7695,0,0,0.0000,0.0000,0.0000,0.0000,0,0.5575,0.4425,4.3584,347.1364,ramp_up_down,0.4398,0.9122,1.2329,0.0000,1.0000,0.0000,44.9973,24,310.5975,0.3185,0.5771,9,0,67003.2031,4.6991,0.0000,4.6991,0.5499,0.4841,0.0000,2.4652,16747.3086,14,1.0932,4.4015,1097.9547,2844.7051,192671.3438,7.6814,21002.2168,0.0000,22443
42,64,Kyoto_Small,eval_stress_shock,RMCA,3600,5,150,89,0.5933,1.0000,0.0000,608.5281,304.2640,0.4949,4.1250,232.9610,349.6625,1152.1221,0.9891,19.7086,17.0709,863.0096,40.9366,178.2000,29700.0000,0,0,0.0000,0.0000,0.0000,0.0000,0,0.5933,0.4067,4.0850,288.0000,shock_burst,0.4779,0.9327,1.1601,0.0000,1.0000,0.0000,2.5366,28,248.3747,0.5153,0.4320,11,0,102538.8594,4.7333,0.0000,4.7333,0.6176,0.5098,0.0000,2.2552,14277.0371,9,1.0084,8.2905,927.8124,2426.1521,173711.0469,5.3400,24674.6348,0.0000,26730
42,65,Kyoto_Small,eval_stress_shock,RMCA,3600,5,179,131,0.7318,1.0000,0.0000,481.8168,481.8168,0.3252,4.0814,231.7623,243.3409,1024.0422,0.8837,19.3504,17.3186,776.9786,33.3724,70.1620,11693.6689,0,0,0.0000,0.0000,0.0000,0.0000,0,0.7318,0.2682,4.0697,288.0000,shock_burst,0.3508,0.7064,1.2220,0.0000,1.0000,0.0000,26.9539,24,251.3183,0.5252,0.4369,10,1,134149.5312,4.5866,0.0000,4.5866,0.7002,0.4439,0.0000,1.5512,9324.4961,10,1.0076,4.3360,1441.0071,2996.0559,66336.1406,4.1955,10508.8740,0.0000,12559
42,66,Kyoto_Small,eval_stress_buildup,RMCA,3600,4,220,115,0.5227,1.0000,0.0000,545.8435,545.8435,0.4036,4.4237,229.5631,334.0325,955.9093,0.8328,19.3008,17.4413,754.4238,22.8886,134.8955,22482.5762,0,0,0.0000,0.0000,0.0000,0.0000,0,0.5227,0.4773,4.4278,495.8625,building_up,0.4769,0.9128,1.1899,0.0000,1.0000,0.0000,38.3813,24,433.5636,0.4042,0.7749,11,0,109929.5703,4.7045,0.0000,4.7045,0.4694,0.4016,0.0000,3.7149,34147.6758,35,1.0831,7.8098,1202.3418,2401.1409,130726.4844,4.5773,26916.8965,0.0000,29677
42,67,Kyoto_Small,eval_stress_buildup,RMCA,3600,4,214,135,0.6308,1.0000,0.0000,515.8889,515.8889,0.4418,4.4288,274.2126,263.1189,1111.1772,0.8104,19.7747,17.8110,822.5596,26.5647,157.1075,26184.5801,0,0,0.0000,0.0000,0.0000,0.0000,0,0.6308,0.3692,4.4061,495.8625,building_up,0.2818,0.5034,1.2794,0.0000,1.0000,0.0000,51.9771,28,434.3430,0.3821,0.6548,5,0,150008.9375,4.6075,0.0000,4.6075,0.6319,0.5191,0.0000,2.6862,35433.4844,35,1.3686,17.8570,616.8994,2335.2234,152463.7344,3.6262,31141.6230,0.0000,33621
42,68,Kyoto_Small,eval_over_fleet,RMCA,3600,60,48,28,0.5833,1.0000,0.0000,481.8214,96.3643,0.0958,4.6572,350.3214,157.7941,1048.1554,0.5984,19.6615,18.9690,709.5349,346.0017,569.7083,94951.3906,0,0,0.0000,0.0000,0.0000,0.0000,0,0.5833,0.4167,4.7232,631.4694,wave,0.3314,0.7284,1.1457,0.0000,1.0000,0.0000,140.6904,24,525.9111,0.3660,0.8627,4,0,29348.3516,4.1875,0.0000,4.1875,0.7068,0.4991,0.0000,2.8189,11526.5000,10,1.0311,2.5102,1328.4237,1793.1055,553282.1875,3.7500,26379.3711,0.0000,27346
42,69,Kyoto_Small,eval_over_fleet,RMCA,3600,60,56,46,0.8214,1.0000,0.0000,589.5870,98.2645,0.1073,4.6525,350.5682,277.0816,1158.2771,0.6608,19.5585,16.7803,873.7270,274.8547,416.8750,69479.1641,0,0,0.0000,0.0000,0.0000,0.0000,0,0.8214,0.1786,4.7489,631.4694,wave,0.3223,0.6179,1.3072,0.0000,1.0000,0.0000,118.9128,32,526.5553,0.3749,0.6666,3,0,53280.7461,4.2143,0.0000,4.2143,0.8395,0.5925,0.0000,2.3998,8801.7842,10,1.0743,1.3908,1438.6737,1727.6921,403564.9375,4.0357,22451.9043,0.0000,23345
42,70,Kyoto_Small,eval_normal_wave,MAPPO,3600,6,94,74,0.7872,1.0000,0.0000,507.4054,507.4054,0.2156,4.6287,240.7397,259.2839,934.3987,0.7763,19.7078,17.3749,750.1530,184.2525,40.8936,6815.6030,0,0,0.0000,0.0000,0.0000,0.0000,0,0.7872,0.2128,4.5899,631.4694,wave,0.3738,0.7024,1.3026,0.0000,1.0000,0.0000,53.8600,24,528.9067,0.4006,0.6570,4,0,69145.5078,4.2553,0.0000,4.2553,0.7790,0.4705,0.0000,2.1989,17817.1680,20,1.0291,0.0000,0.0000,0.0000,32347.9258,3.5106,2706.4719,0.0000,3844
42,71,Kyoto_Small,eval_normal_wave,MAPPO,3600,6,103,71,0.6893,1.0000,0.0000,692.5211,346.2606,0.4566,4.6402,384.0571,322.0476,1051.8578,0.5478,19.0341,17.8157,879.9526,188.2990,44.7864,7464.4014,0,0,0.0000,0.0000,0.0000,0.0000,0,0.6893,0.3107,4.7099,631.4694,wave,0.3513,0.6716,1.2381,0.0000,1.0000,0.0000,173.6856,24,529.2056,0.3730,0.7682,4,0,74681.8984,4.2524,0.0000,4.2524,0.6078,0.4735,0.0000,5.0080,91650.6875,36,1.3898,0.0000,0.0000,0.0000,36479.4766,3.4854,3036.9280,0.0000,4613
42,72,Kyoto_Small,eval_normal_ramp,MAPPO,3600,6,108,82,0.7593,1.0000,0.0000,475.0244,475.0244,0.2222,4.2897,252.9878,238.4688,1005.1763,0.7946,19.9501,18.5804,806.6145,198.5716,33.1944,5532.4072,0,0,0.0000,0.0000,0.0000,0.0000,0,0.7593,0.2407,4.3272,347.1364,ramp_up_down,0.3476,0.6504,1.2289,0.0000,1.0000,0.0000,51.9526,24,311.7381,0.3324,0.5414,4,0,82424.4531,4.3426,0.0000,4.3426,0.7635,0.5024,0.0000,2.9273,36319.6289,22,1.0217,0.0000,0.0000,0.0000,26701.1758,3.4167,2515.9700,0.0000,3585
42,73,Kyoto_Small,eval_normal_ramp,MAPPO,3600,6,113,87,0.7699,1.0000,0.0000,500.0460,500.0460,0.2846,4.3022,289.8140,235.4327,1044.6705,0.7209,20.0217,18.6003,792.5750,182.7942,34.4690,5744.8379,0,0,0.0000,0.0000,0.0000,0.0000,0,0.7699,0.2301,4.3488,347.1364,ramp_up_down,0.3191,0.5902,1.2329,0.0000,1.0000,0.0000,80.8799,24,311.8972,0.3129,0.4728,4,0,90886.3359,4.1947,0.0000,4.1947,0.7780,0.4960,0.0000,2.1164,24579.6426,26,1.2904,0.0000,0.0000,0.0000,28687.1406,3.3540,2812.7029,0.0000,3895
42,74,Kyoto_Small,eval_stress_shock,MAPPO,3600,5,150,130,0.8667,1.0000,0.0000,541.5461,270.7731,0.4125,4.0844,280.3385,256.6667,1127.2756,0.8042,19.7086,17.0709,863.0096,40.9366,26.4733,4412.2222,0,0,0.0000,0.0000,0.0000,0.0000,0,0.8667,0.1333,4.0419,288.0000,shock_burst,0.3366,0.6133,1.1601,0.0000,1.0000,0.0000,54.8833,28,250.2639,0.5425,0.3911,6,0,146545.8438,4.1933,0.0000,4.1933,0.8487,0.4796,0.0000,2.0096,23015.0703,20,1.0336,0.0000,0.0000,0.0000,22247.9336,3.3267,2568.6169,0.0000,3971
42,75,Kyoto_Small,eval_stress_shock,MAPPO,3600,5,179,153,0.8547,1.0000,0.0000,516.3464,258.1732,0.4171,4.0563,253.6174,261.0760,1023.8400,0.8074,19.3504,17.3186,776.9786,33.3724,33.0168,5502.7935,0,0,0.0000,0.0000,0.0000,0.0000,0,0.8547,0.1453,4.0494,288.0000,shock_burst,0.3021,0.5529,1.2220,0.0000,1.0000,0.0000,48.8495,24,252.3775,0.5441,0.4782,6,0,156647.5156,4.2737,0.0000,4.2737,0.8224,0.4465,0.0000,2.0910,23845.5254,29,1.1097,0.0000,0.0000,0.0000,29578.7266,3.3240,4349.4971,0.0000,5910
42,76,Kyoto_Small,eval_stress_buildup,MAPPO,3600,4,220,158,0.7182,1.0000,0.0000,583.9620,583.9620,0.4931,4.4062,283.3228,333.2541,1024.3743,0.7231,19.3008,17.4413,754.4238,22.8886,32.2591,5376.5151,0,0,0.0000,0.0000,0.0000,0.0000,0,0.7182,0.2818,4.4066,495.8625,building_up,0.2840,0.5369,1.1899,0.0000,1.0000,0.0000,78.4479,24,436.0233,0.4095,0.6536,7,0,161851.1250,4.3909,0.0000,4.3909,0.6630,0.4128,0.0000,2.7058,64167.8047,57,1.3853,0.0000,0.0000,0.0000,28042.9141,3.4500,3892.1531,0.0000,7097
42,77,Kyoto_Small,eval_stress_buildup,MAPPO,3600,4,214,160,0.7477,1.0000,0.0000,658.7500,658.7500,0.4838,4.4118,331.8734,350.9451,1114.6945,0.6718,19.7747,17.8110,822.5596,26.5647,28.1729,4695.4829,0,0,0.0000,0.0000,0.0000,0.0000,0,0.7477,0.2523,4.3927,495.8625,building_up,0.2365,0.4312,1.2794,0.0000,1.0000,0.0000,108.9345,28,436.1539,0.3974,0.6044,6,1,178351.1094,4.5374,0.0000,4.5374,0.7616,0.5280,0.0000,2.7917,61348.7930,55,1.1993,0.0000,0.0000,0.0000,23177.8555,3.4065,2878.3440,0.0000,6029
42,78,Kyoto_Small,eval_over_fleet,MAPPO,3600,60,48,37,0.7708,1.0000,0.0000,576.8378,64.0931,0.1618,4.6548,295.6757,351.1111,901.4611,0.6098,19.6615,18.9690,709.5349,346.0017,87.6667,14611.1113,0,0,0.0000,0.0000,0.0000,0.0000,0,0.7708,0.2292,4.7197,631.4694,wave,0.3911,0.7426,1.1457,0.0000,1.0000,0.0000,115.3835,24,526.5367,0.3633,0.7183,3,0,33354.0586,4.2083,0.0000,4.2083,0.7372,0.3940,0.0000,3.2692,18006.4629,22,1.9974,0.0000,0.0000,0.0000,70356.5234,3.6042,3151.1040,0.0000,4208
42,79,Kyoto_Small,eval_over_fleet,MAPPO,3600,60,56,44,0.7857,1.0000,0.0000,625.2045,69.4672,0.1633,4.6531,307.0909,343.6182,1089.4456,0.7095,19.5585,16.7803,873.7270,274.8547,116.8750,19479.1660,0,0,0.0000,0.0000,0.0000,0.0000,0,0.7857,0.2143,4.7508,631.4694,wave,0.3716,0.6983,1.3072,0.0000,1.0000,0.0000,89.2018,32,526.7572,0.3699,0.6154,3,0,47935.6016,4.1250,0.0000,4.1250,0.7619,0.5621,0.0000,2.8958,23585.1328,21,1.5569,0.0000,0.0000,0.0000,103226.6797,3.3571,5577.6440,0.0000,6545
42,80,Kyoto_Small,eval_normal_wave,FaithfulMAPPER,3600,6,94,81,0.8617,1.0000,0.0000,566.7407,566.7407,0.1778,4.6255,273.7778,284.5730,956.4178,0.6987,19.7078,17.3749,750.1530,184.2525,27.7872,4631.2056,0,0,0.0000,0.0000,0.0000,0.0000,0,0.8617,0.1383,4.5861,631.4694,wave,0.2848,0.5320,1.3026,0.0000,1.0000,0.0000,82.4942,24,529.2214,0.4045,0.7058,4,0,77469.8438,4.4468,0.0000,4.4468,0.8757,0.4832,0.0000,2.3878,18825.5645,28,1.0984,0.0000,0.0000,0.0000,19486.0215,3.4787,1421.3470,0.0000,2612
42,81,Kyoto_Small,eval_normal_wave,FaithfulMAPPER,3600,6,103,72,0.6990,1.0000,0.0000,713.6389,713.6389,0.2349,4.6367,319.6250,417.4419,1077.6995,0.6744,19.0341,17.8157,879.9526,188.2990,29.7767,4962.7832,0,0,0.0000,0.0000,0.0000,0.0000,0,0.6990,0.3010,4.7087,631.4694,wave,0.3594,0.7238,1.2381,0.0000,1.0000,0.0000,104.0851,24,529.2622,0.3799,0.7326,5,0,77594.3594,4.1845,0.0000,4.1845,0.6368,0.4892,0.0000,3.6602,40648.2109,38,1.0407,0.0000,0.0000,0.0000,21314.1367,3.4466,1260.8110,0.0000,3067
42,82,Kyoto_Small,eval_normal_ramp,FaithfulMAPPER,3600,6,108,81,0.7500,1.0000,0.0000,527.6913,527.6913,0.2321,4.2888,283.9136,248.3085,1029.6090,0.7253,19.9501,18.5804,806.6145,198.5716,24.0370,4006.1729,0,0,0.0000,0.0000,0.0000,0.0000,0,0.7500,0.2500,4.3232,347.1364,ramp_up_down,0.3089,0.5908,1.2289,0.0000,1.0000,0.0000,77.9918,24,311.8667,0.3312,0.5002,4,0,83398.3281,4.3148,0.0000,4.3148,0.7491,0.4990,0.0000,2.4914,24939.9316,27,1.0000,0.0000,0.0000,0.0000,17311.6660,3.4167,1366.8361,0.0000,2596
42,83,Kyoto_Small,eval_normal_ramp,FaithfulMAPPER,3600,6,113,85,0.7522,1.0000,0.0000,507.9529,507.9529,0.3198,4.3023,282.4000,242.8469,1071.5349,0.7589,20.0217,18.6003,792.5750,182.7942,27.7876,4631.2686,0,0,0.0000,0.0000,0.0000,0.0000,0,0.7522,0.2478,4.3496,347.1364,ramp_up_down,0.3692,0.7281,1.2329,0.0000,1.0000,0.0000,68.0930,24,311.7228,0.3147,0.4659,5,0,91080.4688,4.1681,0.0000,4.1681,0.7881,0.5143,0.0000,1.8882,19258.9023,22,1.3368,0.0000,0.0000,0.0000,22016.8047,3.3451,2003.5890,0.0000,3140
42,84,Kyoto_Small,eval_stress_shock,FaithfulMAPPER,3600,5,150,127,0.8467,1.0000,0.0000,560.8504,560.8504,0.2371,4.0847,281.5748,289.0141,1119.0703,0.7949,19.7086,17.0709,863.0096,40.9366,23.1667,3861.1111,0,0,0.0000,0.0000,0.0000,0.0000,0,0.8467,0.1533,4.0363,288.0000,shock_burst,0.2958,0.5344,1.1601,0.0000,1.0000,0.0000,57.7607,28,250.4811,0.5402,0.3575,5,0,142121.9219,4.4867,0.0000,4.4867,0.8206,0.4747,0.0000,1.8184,17588.0586,22,1.1834,0.0000,0.0000,0.0000,18830.4258,3.4400,1816.1970,0.0000,3475
42,85,Kyoto_Small,eval_stress_shock,FaithfulMAPPER,3600,5,179,154,0.8603,1.0000,0.0000,499.2857,249.6429,0.4378,4.0601,256.6623,241.7758,1016.8232,0.7923,19.3504,17.3186,776.9786,33.3724,23.2793,3879.8882,0,0,0.0000,0.0000,0.0000,0.0000,0,0.8603,0.1397,4.0533,288.0000,shock_burst,0.2710,0.4947,1.2220,0.0000,1.0000,0.0000,53.2977,24,252.3214,0.5412,0.4141,6,1,156590.7656,4.3352,0.0000,4.3352,0.8163,0.4403,0.0000,1.9943,28096.8945,22,1.1445,0.0000,0.0000,0.0000,19733.3750,3.1397,2503.2800,0.0000,4167
42,86,Kyoto_Small,eval_stress_buildup,FaithfulMAPPER,3600,4,220,155,0.7045,1.0000,0.0000,611.1290,305.5645,0.5708,4.4039,312.3247,340.4382,1049.7719,0.6722,19.3008,17.4413,754.4238,22.8886,37.7909,6298.4849,1,0,0.0000,0.0000,0.0000,0.0000,0,0.7045,0.2955,4.4085,495.8625,building_up,0.2728,0.5012,1.1899,0.0000,1.0000,0.0000,102.3703,24,436.4283,0.4100,0.6215,6,0,162714.6406,4.4182,0.0000,4.4182,0.6782,0.4305,0.0000,3.2156,89602.5781,56,1.3837,0.0000,0.0000,0.0000,32977.0273,3.3591,3822.9919,0.0000,8314
42,87,Kyoto_Small,eval_stress_buildup,FaithfulMAPPER,3600,4,214,148,0.6916,1.0000,0.0000,684.8108,342.4054,0.5323,4.4128,339.0748,400.5810,1113.7610,0.6569,19.7747,17.8110,822.5596,26.5647,30.2430,5040.4985,0,0,0.0000,0.0000,0.0000,0.0000,0,0.6916,0.3084,4.3930,495.8625,building_up,0.2516,0.4650,1.2794,0.0000,1.0000,0.0000,116.3226,28,436.0028,0.3973,0.6608,5,0,164836.6406,4.3458,0.0000,4.3458,0.7090,0.5313,0.0000,3.3874,81371.7891,67,1.4015,0.0000,0.0000,0.0000,24740.1738,3.3925,2670.9390,0.0000,6472
42,88,Kyoto_Small,eval_over_fleet,FaithfulMAPPER,3600,60,48,38,0.7917,1.0000,0.0000,594.0263,74.2533,0.1473,4.6546,355.0789,301.8864,997.2580,0.5617,19.6615,18.9690,709.5349,346.0017,58.8750,9812.5000,0,0,0.0000,0.0000,0.0000,0.0000,0,0.7917,0.2083,4.7205,631.4694,wave,0.3243,0.6595,1.1457,0.0000,1.0000,0.0000,155.6273,24,526.4914,0.3636,0.7952,3,0,37895.8047,4.0208,0.0000,4.0208,0.7934,0.4128,0.0000,3.6625,18570.5195,21,2.0535,0.0000,0.0000,0.0000,40122.7070,3.4167,1663.2970,0.0000,2826
42,89,Kyoto_Small,eval_over_fleet,FaithfulMAPPER,3600,60,56,43,0.7679,1.0000,0.0000,636.9070,63.6907,0.1732,4.6536,385.3256,292.3207,1145.5759,0.5946,19.5585,16.7803,873.7270,274.8547,59.6250,9937.5000,0,0,0.0000,0.0000,0.0000,0.0000,0,0.7679,0.2321,4.7526,631.4694,wave,0.3437,0.6969,1.3072,0.0000,1.0000,0.0000,156.2104,32,526.6722,0.3706,0.7532,3,0,49259.7656,4.1071,0.0000,4.1071,0.7485,0.5651,0.0000,3.4244,21555.8574,24,1.7023,0.0000,0.0000,0.0000,45993.0703,3.4107,2356.9360,0.0000,3339
42,90,Kyoto_Small,eval_normal_wave,IPPO,3600,6,94,70,0.7447,1.0000,0.0000,548.3571,548.3571,0.2246,4.6224,296.9429,263.9167,962.6805,0.6484,19.7078,17.3749,750.1530,184.2525,17.1383,2856.3831,0,0,0.0000,0.0000,0.0000,0.0000,0,0.7447,0.2553,4.5864,631.4694,wave,0.3378,0.6145,1.3026,0.0000,1.0000,0.0000,104.4068,24,529.3114,0.4114,0.7225,3,0,67387.6328,4.1702,0.0000,4.1702,0.7562,0.4829,0.0000,2.4420,27700.3359,19,1.1769,0.0000,0.0000,0.0000,8831.1172,3.4362,379.5060,0.0000,1611
42,91,Kyoto_Small,eval_normal_wave,IPPO,3600,6,103,76,0.7379,1.0000,0.0000,700.5526,700.5526,0.2104,4.6360,357.4079,368.6854,1058.2969,0.5922,19.0341,17.8157,879.9526,188.2990,36.5243,6087.3784,0,0,0.0000,0.0000,0.0000,0.0000,0,0.7379,0.2621,4.7097,631.4694,wave,0.3543,0.6489,1.2381,0.0000,1.0000,0.0000,145.7485,24,529.3245,0.3818,0.7623,3,0,80430.5625,4.3107,0.0000,4.3107,0.6702,0.4878,0.0000,3.8108,46604.5352,40,1.0896,0.0000,0.0000,0.0000,28296.5234,3.4175,2080.4121,0.0000,3762
42,92,Kyoto_Small,eval_normal_ramp,IPPO,3600,6,108,84,0.7778,1.0000,0.0000,538.1667,538.1667,0.2997,4.2882,304.6747,229.9899,1056.9696,0.6938,19.9501,18.5804,806.6145,198.5716,29.8241,4970.6792,0,0,0.0000,0.0000,0.0000,0.0000,0,0.7778,0.2222,4.3234,347.1364,ramp_up_down,0.3165,0.5837,1.2289,0.0000,1.0000,0.0000,93.2808,24,311.9619,0.3318,0.4844,3,0,88785.4531,4.3241,0.0000,4.3241,0.7697,0.4944,0.0000,2.6323,25563.0957,21,1.0268,0.0000,0.0000,0.0000,23161.8613,3.3889,1999.4780,0.0000,3221
42,93,Kyoto_Small,eval_normal_ramp,IPPO,3600,6,113,82,0.7257,1.0000,0.0000,487.0244,487.0244,0.2632,4.3030,282.1125,210.6667,1057.5406,0.7497,20.0217,18.6003,792.5750,182.7942,34.2743,5712.3892,0,0,0.0000,0.0000,0.0000,0.0000,0,0.7257,0.2743,4.3487,347.1364,ramp_up_down,0.3107,0.5818,1.2329,0.0000,1.0000,0.0000,70.6044,24,311.6356,0.3160,0.5025,4,0,86718.3281,4.2655,0.0000,4.2655,0.7518,0.5085,0.0000,2.3339,23695.4688,19,2.0712,0.0000,0.0000,0.0000,28740.2129,3.2124,2672.8469,0.0000,3873
42,94,Kyoto_Small,eval_stress_shock,IPPO,3600,5,150,130,0.8667,1.0000,0.0000,556.0000,278.0000,0.4114,4.0820,299.9690,258.4820,1100.5842,0.7338,19.7086,17.0709,863.0096,40.9366,19.1667,3194.4443,0,0,0.0000,0.0000,0.0000,0.0000,0,0.8667,0.1333,4.0389,288.0000,shock_burst,0.3282,0.6010,1.1601,0.0000,1.0000,0.0000,79.8521,28,250.3872,0.5461,0.3705,7,0,143075.9375,4.3667,0.0000,4.3667,0.8355,0.4722,0.0000,1.7220,19189.9941,23,1.1973,0.0000,0.0000,0.0000,14580.2471,3.3267,1034.9000,0.0000,2875
42,95,Kyoto_Small,eval_stress_shock,IPPO,3600,5,179,152,0.8492,1.0000,0.0000,516.1908,258.0954,0.4701,4.0546,235.4437,290.9634,1004.5705,0.8533,19.3504,17.3186,776.9786,33.3724,25.6369,4272.8120,0,0,0.0000,0.0000,0.0000,0.0000,0,0.8492,0.1508,4.0541,288.0000,shock_burst,0.2529,0.4962,1.2220,0.0000,1.0000,0.0000,34.5296,24,252.5797,0.5418,0.4460,7,0,152694.7188,4.3408,0.0000,4.3408,0.7897,0.4315,0.0000,2.4484,24983.8672,22,1.6120,0.0000,0.0000,0.0000,21899.4238,3.1564,2807.5811,0.0000,4589
42,96,Kyoto_Small,eval_stress_buildup,IPPO,3600,4,220,153,0.6955,1.0000,0.0000,618.6209,309.3105,0.6606,4.4054,296.9404,364.8678,1029.9948,0.6937,19.3008,17.4413,754.4238,22.8886,43.6864,7281.0605,0,0,0.0000,0.0000,0.0000,0.0000,0,0.6955,0.3045,4.4125,495.8625,building_up,0.2936,0.5426,1.1899,0.0000,1.0000,0.0000,90.9415,24,436.2069,0.4083,0.6050,6,0,157589.1875,4.4091,0.0000,4.4091,0.6332,0.4072,0.0000,3.5609,96302.6641,59,2.1272,0.0000,0.0000,0.0000,38796.0312,3.5455,3911.1689,0.0000,9611
42,97,Kyoto_Small,eval_stress_buildup,IPPO,3600,4,214,165,0.7710,1.0000,0.0000,606.5212,606.5212,0.4049,4.4121,296.5394,317.9226,1095.6228,0.7389,19.7747,17.8110,822.5596,26.5647,23.1308,3855.1401,0,0,0.0000,0.0000,0.0000,0.0000,0,0.7710,0.2290,4.3900,495.8625,building_up,0.2779,0.4952,1.2794,0.0000,1.0000,0.0000,77.4148,28,436.0186,0.3984,0.5152,5,0,180777.7656,4.4206,0.0000,4.4206,0.7706,0.5180,0.0000,3.2265,110227.3672,43,1.2961,0.0000,0.0000,0.0000,17284.7480,3.3692,1624.6140,0.0000,4950
42,98,Kyoto_Small,eval_over_fleet,IPPO,3600,60,48,38,0.7917,1.0000,0.0000,529.7632,75.6805,0.1331,4.6531,290.4474,291.8605,1034.6754,0.7125,19.6615,18.9690,709.5349,346.0017,32.3125,5385.4165,0,0,0.0000,0.0000,0.0000,0.0000,0,0.7917,0.2083,4.7193,631.4694,wave,0.3586,0.6801,1.1457,0.0000,1.0000,0.0000,83.5123,24,526.4567,0.3681,0.6668,3,0,39317.6680,3.8958,0.0000,3.8958,0.8149,0.4240,0.0000,2.3877,11793.2441,14,1.8854,0.0000,0.0000,0.0000,14505.8750,3.4792,447.2280,0.0000,1551
42,99,Kyoto_Small,eval_over_fleet,IPPO,3600,60,56,43,0.7679,1.0000,0.0000,620.6977,62.0698,0.1671,4.6513,332.3023,300.9245,1161.9275,0.6993,19.5585,16.7803,873.7270,274.8547,47.6250,7937.5000,0,0,0.0000,0.0000,0.0000,0.0000,0,0.7679,0.2321,4.7509,631.4694,wave,0.3594,0.7224,1.3072,0.0000,1.0000,0.0000,99.9168,32,526.6395,0.3750,0.6671,3,0,49962.8828,4.4286,0.0000,4.4286,0.8001,0.6040,0.0000,3.1097,19587.8516,16,1.4484,0.0000,0.0000,0.0000,34411.1055,3.2679,1704.1190,0.0000,2667
42,100,Kyoto_Small,eval_normal_wave,Hybrid,3600,6,94,70,0.7447,1.0000,0.0000,519.6286,0.0000,0.1201,4.6291,260.6857,263.1977,920.9962,0.7066,19.7078,17.3749,750.1530,184.2525,30.6809,5113.4751,0,0,-0.0038,0.0000,0.0000,0.0000,424,0.7447,0.2553,4.5859,631.4694,wave,0.4149,0.7532,1.3026,0.0000,1.0000,0.0000,76.4865,24,529.1011,0.3960,0.6590,4,0,64469.7305,4.5106,0.0000,4.5106,0.7214,0.4607,0.0000,2.6644,24224.0332,23,1.0000,0.0000,0.0000,0.0000,22374.7871,3.6064,1612.5840,0.0000,2884
42,101,Kyoto_Small,eval_normal_wave,Hybrid,3600,6,103,78,0.7573,1.0000,0.0000,651.6025,651.6025,0.3324,4.6360,343.2949,348.5165,1076.8606,0.6274,19.0341,17.8157,879.9526,188.2990,31.0485,5174.7573,0,0,-0.0180,0.0000,0.0000,0.0000,424,0.7573,0.2427,4.7122,631.4694,wave,0.3713,0.7008,1.2381,0.0000,1.0000,0.0000,127.9227,24,529.3625,0.3797,0.7026,4,0,83995.1250,4.1165,0.0000,4.1165,0.7107,0.5040,0.0000,4.2068,48124.0234,37,1.1660,0.0000,0.0000,0.0000,22452.8926,3.3883,1383.4130,0.0000,3198
42,102,Kyoto_Small,eval_normal_ramp,Hybrid,3600,6,108,84,0.7778,1.0000,0.0000,488.8810,488.8810,0.2954,4.2889,263.2143,248.4381,1045.1708,0.7942,19.9501,18.5804,806.6145,198.5716,23.7037,3950.6172,0,0,-0.0325,0.0000,0.0000,0.0000,444,0.7778,0.2222,4.3210,347.1364,ramp_up_down,0.3250,0.6145,1.2289,0.0000,1.0000,0.0000,54.1801,24,312.1669,0.3268,0.5117,4,0,87794.3438,4.1111,0.0000,4.1111,0.8099,0.5202,0.0000,2.4894,26455.9844,20,1.3985,0.0000,0.0000,0.0000,17078.5645,3.3796,1314.9020,0.0000,2560
42,103,Kyoto_Small,eval_normal_ramp,Hybrid,3600,6,113,89,0.7876,1.0000,0.0000,525.2247,525.2247,0.2948,4.3018,268.4382,261.0294,1063.0258,0.7920,20.0217,18.6003,792.5750,182.7942,22.6283,3771.3865,0,0,-0.0269,0.0000,0.0000,0.0000,473,0.7876,0.2124,4.3466,347.1364,ramp_up_down,0.3546,0.6613,1.2329,0.0000,1.0000,0.0000,55.8331,24,311.8736,0.3143,0.4758,5,0,94609.2891,4.1858,0.0000,4.1858,0.8142,0.5074,0.0000,2.3678,32046.7109,23,2.1399,0.0000,0.0000,0.0000,16994.8223,3.2655,1304.2810,0.0000,2557
42,104,Kyoto_Small,eval_stress_shock,Hybrid,3600,5,150,136,0.9067,1.0000,0.0000,506.2132,506.2132,0.3279,4.0819,263.3309,237.6138,1116.4081,0.8479,19.7086,17.0709,863.0096,40.9366,17.9600,2993.3333,0,0,-0.0279,0.0000,0.0000,0.0000,651,0.9067,0.0933,4.0392,288.0000,shock_burst,0.3302,0.6119,1.1601,0.0000,1.0000,0.0000,40.0493,28,250.4203,0.5463,0.3418,6,0,151831.5000,4.3400,0.0000,4.3400,0.8751,0.4727,0.0000,1.9392,12087.3682,16,1.0334,0.0000,0.0000,0.0000,13583.1396,3.1400,1064.3750,0.0000,2694
42,105,Kyoto_Small,eval_stress_shock,Hybrid,3600,5,179,152,0.8492,1.0000,0.0000,484.8355,242.4178,0.5169,4.0564,260.5921,243.9695,1010.2882,0.7754,19.3504,17.3186,776.9786,33.3724,22.7263,3787.7095,0,0,-0.0243,0.0000,0.0000,0.0000,749,0.8492,0.1508,4.0496,288.0000,shock_burst,0.2939,0.5272,1.2220,0.0000,1.0000,0.0000,58.5345,24,252.3831,0.5426,0.4220,6,0,153563.8125,4.1844,0.0000,4.1844,0.8050,0.4399,0.0000,2.0814,20513.0254,22,1.9131,0.0000,0.0000,0.0000,19173.0723,3.3631,2118.7041,0.0000,4068
42,106,Kyoto_Small,eval_stress_buildup,Hybrid,3600,4,220,144,0.6545,1.0000,0.0000,615.4167,307.7083,0.5992,4.4073,278.2292,394.4319,1027.1323,0.7383,19.3008,17.4413,754.4238,22.8886,39.9545,6659.0908,0,0,-0.0110,0.0000,0.0000,0.0000,949,0.6545,0.3455,4.4130,495.8625,building_up,0.2919,0.5443,1.1899,0.0000,1.0000,0.0000,72.8027,24,435.7347,0.4122,0.6795,6,0,147907.0625,4.3136,0.0000,4.3136,0.6108,0.4173,0.0000,3.4721,108853.3203,74,1.8676,0.0000,0.0000,0.0000,35178.8320,3.3727,3101.6770,0.0000,8790
42,107,Kyoto_Small,eval_stress_buildup,Hybrid,3600,4,214,155,0.7243,1.0000,0.0000,651.2258,325.6129,0.6015,4.4118,317.9032,333.8603,1095.5664,0.6892,19.7747,17.8110,822.5596,26.5647,30.4486,5074.7661,0,0,-0.0235,0.0000,0.0000,0.0000,968,0.7243,0.2757,4.3914,495.8625,building_up,0.2435,0.4596,1.2794,0.0000,1.0000,0.0000,98.7899,28,436.0386,0.3987,0.6644,6,0,169812.7969,4.5234,0.0000,4.5234,0.7160,0.5123,0.0000,3.0975,83682.6719,61,1.0831,0.0000,0.0000,0.0000,24283.6035,3.4299,2215.4170,0.0000,6516
42,108,Kyoto_Small,eval_over_fleet,Hybrid,3600,60,48,37,0.7708,1.0000,0.0000,605.4595,75.6824,0.1364,4.6538,350.6487,265.7954,1021.4008,0.5826,19.6615,18.9690,709.5349,346.0017,32.7708,5461.8057,0,0,-0.0050,0.0000,0.0000,0.0000,202,0.7708,0.2292,4.7199,631.4694,wave,0.3347,0.6821,1.1457,0.0000,1.0000,0.0000,146.3685,24,526.5009,0.3658,0.7475,3,0,37791.8281,4.2083,0.0000,4.2083,0.8032,0.4292,0.0000,4.0381,22265.8008,18,1.8438,0.0000,0.0000,0.0000,12989.7500,3.3542,339.7010,0.0000,1573
42,109,Kyoto_Small,eval_over_fleet,Hybrid,3600,60,56,49,0.8750,1.0000,0.0000,723.1837,80.3537,0.1580,4.6537,410.8776,329.5849,1174.5012,0.5717,19.5585,16.7803,873.7270,274.8547,40.8393,6806.5479,0,0,-0.0420,0.0000,0.0000,0.0000,232,0.8750,0.1250,4.7521,631.4694,wave,0.3321,0.7412,1.3072,0.0000,1.0000,0.0000,175.9773,32,526.7300,0.3683,0.6881,4,0,57550.5625,4.1429,0.0000,4.1429,0.8872,0.5878,0.0000,2.6272,16946.1523,16,1.8083,0.0000,0.0000,0.0000,27107.0898,3.3750,1289.2159,0.0000,2287
42,110,Kyoto_Small,eval_normal_wave,TokenPassing,3600,6,94,26,0.2766,1.0000,0.0000,895.2692,223.8173,0.8024,4.6463,186.5714,680.1739,942.5847,1.0000,19.7078,17.3749,750.1530,184.2525,334.4362,55739.3633,0,0,0.0000,0.0000,0.0000,0.0000,0,0.2766,0.7234,4.6054,631.4694,wave,0.3974,0.7731,1.3026,0.0000,1.0000,0.0000,0.0000,24,526.3698,0.3873,0.9780,11,1,24507.2031,5.0426,0.0000,0.0000,0.2616,0.4497,0.0000,5.8470,18447.1387,6,2.0579,0.0000,0.0000,0.0000,322880.6875,0.0000,27429.0664,0.0000,31437
42,111,Kyoto_Small,eval_normal_wave,TokenPassing,3600,6,103,11,0.1068,1.0000,0.0000,1254.6364,313.6591,0.8029,4.6583,277.5454,1089.2142,1193.2977,0.8599,19.0341,17.8157,879.9526,188.2990,462.3107,77051.7812,0,0,0.0000,0.0000,0.0000,0.0000,0,0.1068,0.8932,4.7303,631.4694,wave,0.4394,0.8576,1.2381,0.0000,1.0000,0.0000,38.8859,24,525.8286,0.3706,1.0606,5,0,13126.2754,5.1748,0.0000,0.0000,0.1180,0.5935,0.0000,3.8891,10856.8936,9,19.3234,0.0000,0.0000,0.0000,447156.0312,0.0000,43144.2578,0.0000,47618
42,112,Kyoto_Small,eval_normal_ramp,TokenPassing,3600,6,108,32,0.2963,1.0000,0.0000,794.5000,198.6250,0.8073,4.3188,210.6786,625.9333,860.2919,0.8167,19.9501,18.5804,806.6145,198.5716,715.4907,119248.4531,0,0,0.0000,0.0000,0.0000,0.0000,0,0.2963,0.7037,4.3549,347.1364,ramp_up_down,0.2812,0.5484,1.2289,0.0000,1.0000,0.0000,38.6202,24,308.7622,0.3216,0.5559,11,3,27529.3418,5.1296,0.0000,0.0000,0.2509,0.4231,0.0000,1.6787,5473.7090,5,2.8222,0.0000,0.0000,0.0000,703717.1875,0.0000,72675.9141,0.0000,77273
42,113,Kyoto_Small,eval_normal_ramp,TokenPassing,3600,6,113,34,0.3009,1.0000,0.0000,781.0588,195.2647,0.7988,4.3275,181.0000,637.4375,1032.8875,1.0000,20.0217,18.6003,792.5750,182.7942,773.2301,128871.6797,0,0,0.0000,0.0000,0.0000,0.0000,0,0.3009,0.6991,4.3766,347.1364,ramp_up_down,0.2157,0.4159,1.2329,0.0000,1.0000,0.0000,0.0000,24,308.5150,0.3138,0.4829,8,1,35118.1719,5.2301,0.0000,0.0000,0.2770,0.4518,0.0000,1.9855,8679.8975,4,4.0575,0.0000,0.0000,0.0000,763992.1250,0.0000,82929.7031,0.0000,87375
42,114,Kyoto_Small,eval_stress_shock,TokenPassing,3600,5,150,23,0.1533,1.0000,0.0000,957.2174,319.0725,0.7688,4.2324,191.3529,828.7000,903.3531,0.9442,19.7086,17.0709,863.0096,40.9366,303.3267,50554.4453,0,0,0.0000,0.0000,0.0000,0.0000,0,0.1533,0.8467,4.2070,288.0000,shock_burst,0.3130,0.5602,1.1601,0.0000,1.0000,0.0000,10.6823,28,244.3325,0.4463,0.5508,8,1,20777.1230,3.7600,0.0000,0.0000,0.1285,0.4103,0.0000,4.7580,35037.5195,4,2.4751,0.0000,0.0000,0.0000,287480.0625,0.0000,38711.6484,0.0000,45499
42,115,Kyoto_Small,eval_stress_shock,TokenPassing,3600,5,179,35,0.1955,1.0000,0.0000,1009.8000,336.6000,0.7731,4.2191,160.4839,920.8750,889.6611,1.0000,19.3504,17.3186,776.9786,33.3724,325.6257,54270.9492,0,0,0.0000,0.0000,0.0000,0.0000,0,0.1955,0.8045,4.2126,288.0000,shock_burst,0.1600,0.2857,1.2220,0.0000,1.0000,0.0000,0.0000,24,245.2403,0.4459,0.6729,10,4,31138.1367,3.8101,0.0000,0.0000,0.1487,0.3528,0.0000,1.2583,1903.0885,4,10.1258,0.0000,0.0000,0.0000,309530.8750,0.0000,50689.7617,0.0000,58287
42,116,Kyoto_Small,eval_stress_buildup,TokenPassing,3600,4,220,37,0.1682,1.0000,0.0000,844.7027,281.5676,0.7560,4.4854,144.8710,812.2857,1001.0923,1.0000,19.3008,17.4413,754.4238,22.8886,277.6227,46270.4531,0,0,0.0000,0.0000,0.0000,0.0000,0,0.1682,0.8318,4.4896,495.8625,building_up,0.2500,0.4482,1.1899,0.0000,1.0000,0.0000,0.0000,24,426.6020,0.3614,0.6819,15,4,37040.4141,3.1045,0.0000,0.0000,0.1520,0.4041,0.0000,1.9266,2537.5530,3,3.4391,0.0000,0.0000,0.0000,259988.6250,0.0000,49819.5547,0.0000,61077
42,117,Kyoto_Small,eval_stress_buildup,TokenPassing,3600,4,214,22,0.1028,1.0000,0.0000,946.8182,315.6060,0.7541,4.4915,164.1765,772.2105,1036.3333,1.0000,19.7747,17.8110,822.5596,26.5647,333.7850,55630.8398,0,0,0.0000,0.0000,0.0000,0.0000,0,0.1028,0.8972,4.4704,495.8625,building_up,0.5227,0.9664,1.2794,0.0000,1.0000,0.0000,0.0000,28,425.9781,0.3580,1.0307,13,0,22799.3320,3.0047,0.0000,0.0000,0.0820,0.4136,0.0000,3.2832,8235.5518,3,14.2156,0.0000,0.0000,0.0000,312104.0625,0.0000,59897.9922,0.0000,71430
42,118,Kyoto_Small,eval_over_fleet,TokenPassing,3600,60,48,41,0.8542,1.0000,0.0000,524.5122,74.9303,0.1317,4.6543,316.1707,247.4667,1073.0992,0.6788,19.6615,18.9690,709.5349,346.0017,48.2500,8041.6665,0,0,0.0000,0.0000,0.0000,0.0000,0,0.8542,0.1458,4.7219,631.4694,wave,0.2934,0.5959,1.1457,0.0000,1.0000,0.0000,101.5509,24,526.4855,0.3658,0.7731,3,0,43997.0664,52.0833,0.0000,0.0000,0.9423,0.4544,0.0000,2.1607,11467.7256,10,1.5876,0.0000,0.0000,0.0000,33128.8945,0.0000,93.6620,0.0000,2316
42,119,Kyoto_Small,eval_over_fleet,TokenPassing,3600,60,56,53,0.9464,1.0000,0.0000,569.4528,63.2725,0.1522,4.6562,412.6227,157.4444,1217.6309,0.5902,19.5585,16.7803,873.7270,274.8547,51.0893,8514.8809,0,0,0.0000,0.0000,0.0000,0.0000,0,0.9464,0.0536,4.7496,631.4694,wave,0.2409,0.4855,1.3072,0.0000,1.0000,0.0000,169.0965,32,526.6942,0.3625,0.7164,3,0,64534.4375,50.7143,0.0000,0.0000,0.9829,0.6020,0.0000,3.0479,11707.1055,16,1.1255,0.0000,0.0000,0.0000,37878.3203,0.0000,395.0020,0.0000,2861
42,120,LosAngeles_Small,eval_normal_wave,RMCA,3600,6,106,37,0.3491,1.0000,0.0000,921.1622,460.5811,0.4928,4.6582,290.9706,585.6486,1171.6729,0.8054,23.0538,20.2803,867.4960,206.9240,915.4151,152569.1875,0,0,0.0000,0.0000,0.0000,0.0000,0,0.3491,0.6509,4.7396,944.3675,wave,0.4611,0.9756,1.2632,0.0000,1.0000,0.0000,56.6360,28,786.5714,0.3615,0.7059,9,0,43351.8945,4.7075,0.0000,4.7075,0.3609,0.5623,0.0000,2.5730,16595.1113,7,1.0048,4.3877,1241.4380,2889.6499,905529.8750,11.8113,92571.4141,0.0000,97034
42,121,LosAngeles_Small,eval_normal_wave,RMCA,3600,6,99,36,0.3636,1.0000,0.0000,700.1389,350.0695,0.4398,4.6611,336.1714,445.6923,1173.6897,0.6983,23.6872,21.1645,883.9049,228.7959,659.0606,109843.4375,0,0,0.0000,0.0000,0.0000,0.0000,0,0.3636,0.6364,4.7340,944.3675,wave,0.3137,0.6248,1.2541,0.0000,1.0000,0.0000,101.4335,28,786.3103,0.3597,0.7081,6,1,42252.8281,4.6667,0.0000,4.6667,0.3814,0.5769,0.0000,2.9317,9675.2139,14,2.6055,7.8807,963.2888,2380.1804,641841.7500,8.4444,61230.2891,0.0000,65247
42,122,LosAngeles_Small,eval_normal_ramp,RMCA,3600,6,98,40,0.4082,1.0000,0.0000,583.8750,583.8750,0.2844,4.3426,221.6471,336.4250,1178.0989,1.0000,22.8941,19.5752,892.9746,207.1709,540.1633,90027.2109,0,0,0.0000,0.0000,0.0000,0.0000,0,0.4082,0.5918,4.3810,519.0942,ramp_up_down,0.4250,0.8016,1.2201,0.0000,1.0000,0.0000,0.0000,28,459.7306,0.3005,0.5099,7,0,47123.9570,4.6224,0.0000,4.6224,0.4025,0.5213,0.0000,1.6899,7134.9033,6,2.2923,8.8375,720.2980,2175.3298,529616.3750,7.8061,48954.3086,0.0000,52936
42,123,LosAngeles_Small,eval_normal_ramp,RMCA,3600,6,103,51,0.4951,1.0000,0.0000,671.9020,335.9510,0.3612,4.3240,251.0000,404.2041,1245.9972,0.9928,23.8220,22.2392,886.0319,236.0028,263.8155,43969.2539,0,0,0.0000,0.0000,0.0000,0.0000,0,0.4951,0.5049,4.3175,519.0942,ramp_up_down,0.3235,0.5912,1.2179,0.0000,1.0000,0.0000,1.8006,24,461.3658,0.3147,0.5142,7,1,63545.8594,4.6505,0.0000,4.6505,0.4789,0.5265,0.0000,2.6219,21191.6465,11,1.0000,4.8883,1219.4579,2709.7227,252554.2969,6.7087,24844.7012,0.0000,27173
42,124,LosAngeles_Small,eval_stress_shock,RMCA,3600,5,161,78,0.4845,1.0000,0.0000,631.3846,315.6923,0.5036,4.1807,257.4648,338.0000,1138.3571,0.8843,23.4280,20.1042,894.6738,63.6253,338.6895,56448.2383,0,0,0.0000,0.0000,0.0000,0.0000,0,0.4845,0.5155,4.1560,430.0000,shock_burst,0.4330,0.8703,1.2372,0.0000,1.0000,0.0000,29.7934,24,367.2780,0.4747,0.4721,11,0,88791.8516,4.7205,0.0000,4.7205,0.4449,0.4970,0.0000,2.2713,14598.3818,13,1.0056,7.0396,1158.4382,2597.3828,333022.3125,5.3789,50034.9922,0.0000,54529
42,125,LosAngeles_Small,eval_stress_shock,RMCA,3600,5,141,91,0.6454,1.0000,0.0000,606.2308,606.2308,0.2371,4.1833,205.3797,401.1364,887.6458,0.8644,24.0137,20.2529,710.0735,56.5141,120.1631,20027.1875,0,0,0.0000,0.0000,0.0000,0.0000,0,0.6454,0.3546,4.1689,430.0000,shock_burst,0.4996,0.9106,1.2103,0.0000,1.0000,0.0000,27.8506,24,367.9611,0.4671,0.5100,11,0,80775.7656,4.8014,0.0000,4.8014,0.6009,0.3971,0.0000,2.1478,13522.9092,8,1.0000,4.2834,1188.5425,3124.6506,113908.1875,5.9078,13949.2109,0.0000,16943
42,126,LosAngeles_Small,eval_stress_buildup,RMCA,3600,4,230,130,0.5652,1.0000,0.0000,532.7615,532.7615,0.3594,4.4652,222.4661,323.5188,866.5461,0.7790,21.7209,20.6682,711.8611,30.0171,145.4435,24240.5801,0,0,0.0000,0.0000,0.0000,0.0000,0,0.5652,0.4348,4.4646,741.5442,building_up,0.4004,0.8246,1.2868,0.0000,1.0000,0.0000,49.1569,24,642.6895,0.3633,0.6854,12,0,112650.9922,4.6304,0.0000,4.6304,0.5591,0.4698,0.0000,2.2719,24583.5859,24,1.0404,1.6283,1754.3127,2846.5203,139866.7031,5.4130,28194.4844,0.0000,33452
42,127,LosAngeles_Small,eval_stress_buildup,RMCA,3600,4,178,119,0.6685,1.0000,0.0000,558.5714,558.5714,0.4557,4.4680,253.0721,337.5360,1023.2341,0.8087,23.4424,20.8239,866.9642,31.8714,149.6910,24948.5020,0,0,0.0000,0.0000,0.0000,0.0000,0,0.6685,0.3315,4.4227,741.5442,building_up,0.4041,0.7636,1.3022,0.0000,1.0000,0.0000,48.4252,24,641.8125,0.3646,0.6679,9,0,121764.8594,4.6854,0.0000,4.6854,0.5917,0.4857,0.0000,3.1898,57562.3945,26,1.0000,12.1823,935.2715,3992.8979,141950.9219,3.7584,23694.7930,0.0000,26645
42,128,LosAngeles_Small,eval_over_fleet,RMCA,3600,60,42,37,0.8810,1.0000,0.0000,488.1622,122.0405,0.0825,4.6645,288.5428,159.4324,1044.4658,0.7240,22.6953,18.7226,775.4961,388.4278,525.5952,87599.2031,0,0,0.0000,0.0000,0.0000,0.0000,0,0.8810,0.1190,4.6830,944.3675,wave,0.3323,0.6631,1.2202,0.0000,1.0000,0.0000,79.6497,28,785.3950,0.3569,0.6863,4,0,38645.2344,4.5238,0.0000,4.5238,0.9028,0.4557,0.0000,2.7735,5734.7026,9,1.0552,1.3377,1365.2291,1651.7526,498524.9375,4.0476,20707.3652,0.0000,22075
42,129,LosAngeles_Small,eval_over_fleet,RMCA,3600,60,55,45,0.8182,1.0000,0.0000,655.3111,109.2185,0.1091,4.6562,424.7857,234.8139,1142.8352,0.5381,22.6787,20.2619,952.9080,325.7489,586.0364,97672.7266,0,0,0.0000,0.0000,0.0000,0.0000,0,0.8182,0.1818,4.6949,944.3675,wave,0.2611,0.5347,1.3321,0.0000,1.0000,0.0000,196.2187,28,786.9528,0.3580,0.8995,4,1,51427.5820,4.5273,0.0000,4.5273,0.7690,0.6005,0.0000,3.0451,13202.3652,21,1.0715,1.3973,1351.2638,1709.6465,565972.1875,3.9455,30872.5488,0.0000,32232
42,130,LosAngeles_Small,eval_normal_wave,MAPPO,3600,6,106,82,0.7736,1.0000,0.0000,673.5488,673.5488,0.1953,4.6464,357.6585,340.3789,1154.7217,0.6457,23.0538,20.2803,867.4960,206.9240,49.3491,8224.8428,0,0,0.0000,0.0000,0.0000,0.0000,0,0.7736,0.2264,4.7255,944.3675,wave,0.2962,0.5556,1.2632,0.0000,1.0000,0.0000,126.7142,28,789.2416,0.3694,0.6805,3,0,94687.1797,4.2547,0.0000,4.2547,0.7811,0.5492,0.0000,3.0418,27919.1191,34,1.0694,0.0000,0.0000,0.0000,37477.9453,3.3585,3053.2781,0.0000,5231
42,131,LosAngeles_Small,eval_normal_wave,MAPPO,3600,6,99,74,0.7475,1.0000,0.0000,591.0000,591.0000,0.2804,4.6503,310.6757,287.3297,1138.4602,0.7329,23.6872,21.1645,883.9049,228.7959,40.8788,6813.1313,0,0,0.0000,0.0000,0.0000,0.0000,0,0.7475,0.2525,4.7211,944.3675,wave,0.4064,0.7470,1.2541,0.0000,1.0000,0.0000,82.9836,28,788.3781,0.3701,0.7291,4,0,84246.0547,4.2929,0.0000,4.2929,0.7398,0.5444,0.0000,3.4104,37610.1875,25,1.1687,0.0000,0.0000,0.0000,27558.7168,3.4242,1905.7720,0.0000,4047
42,132,LosAngeles_Small,eval_normal_ramp,MAPPO,3600,6,98,73,0.7449,1.0000,0.0000,548.2877,548.2877,0.1880,4.3309,319.6712,255.5222,1211.3394,0.7579,22.8941,19.5752,892.9746,207.1709,53.3673,8894.5576,0,0,0.0000,0.0000,0.0000,0.0000,0,0.7449,0.2551,4.3709,519.0942,ramp_up_down,0.3447,0.6701,1.2201,0.0000,1.0000,0.0000,77.4034,28,461.9139,0.3010,0.5104,4,0,88427.7734,4.3673,0.0000,4.3673,0.7475,0.5305,0.0000,3.9208,42428.1133,26,1.0255,0.0000,0.0000,0.0000,44049.8867,3.4184,3511.3931,0.0000,5230
42,133,LosAngeles_Small,eval_normal_ramp,MAPPO,3600,6,103,80,0.7767,1.0000,0.0000,605.1375,605.1375,0.2576,4.3168,347.9750,261.5638,1277.9631,0.7345,23.8220,22.2392,886.0319,236.0028,47.7087,7951.4565,0,0,0.0000,0.0000,0.0000,0.0000,0,0.7767,0.2233,4.3089,519.0942,ramp_up_down,0.2968,0.5687,1.2179,0.0000,1.0000,0.0000,92.3824,24,462.8069,0.3137,0.4042,4,0,102237.0469,4.4563,0.0000,4.4563,0.7890,0.5530,0.0000,2.0083,34810.0664,16,1.0480,0.0000,0.0000,0.0000,38456.3867,3.4078,3408.4761,0.0000,4914
42,134,LosAngeles_Small,eval_stress_shock,MAPPO,3600,5,161,136,0.8447,1.0000,0.0000,539.6470,269.8235,0.4138,4.1328,298.4485,246.6490,1158.7550,0.7765,23.4280,20.1042,894.6738,63.6253,25.8509,4308.4888,0,0,0.0000,0.0000,0.0000,0.0000,0,0.8447,0.1553,4.1031,430.0000,shock_burst,0.3080,0.5549,1.2372,0.0000,1.0000,0.0000,66.6975,24,370.2545,0.5060,0.4367,5,0,157590.6875,4.3665,0.0000,4.3665,0.8032,0.5146,0.0000,1.8089,28537.4609,24,1.0885,0.0000,0.0000,0.0000,20536.2422,3.1553,1765.1639,0.0000,4162
42,135,LosAngeles_Small,eval_stress_shock,MAPPO,3600,5,141,113,0.8014,1.0000,0.0000,456.3805,228.1903,0.4173,4.1677,225.2743,243.5154,923.5985,0.8200,24.0137,20.2529,710.0735,56.5141,36.4965,6082.7422,0,0,0.0000,0.0000,0.0000,0.0000,0,0.8014,0.1986,4.1542,430.0000,shock_burst,0.3251,0.5885,1.2103,0.0000,1.0000,0.0000,40.5546,24,368.3906,0.4814,0.4769,5,0,104366.6328,4.4113,0.0000,4.4113,0.7616,0.4053,0.0000,2.0435,22414.3633,17,1.1103,0.0000,0.0000,0.0000,30739.7949,3.2837,2735.9871,0.0000,5146
42,136,LosAngeles_Small,eval_stress_buildup,MAPPO,3600,4,230,180,0.7826,1.0000,0.0000,514.7167,514.7167,0.4870,4.4525,234.5650,290.5350,849.5398,0.7244,21.7209,20.6682,711.8611,30.0171,54.5739,9095.6523,0,0,0.0000,0.0000,0.0000,0.0000,0,0.7826,0.2174,4.4526,741.5442,building_up,0.2715,0.4907,1.2868,0.0000,1.0000,0.0000,64.6570,24,645.4547,0.3676,0.6555,7,1,152917.1562,4.2826,0.0000,4.2826,0.7297,0.4428,0.0000,3.3700,85006.0938,53,1.1743,0.0000,0.0000,0.0000,48882.8359,3.3913,7842.2432,0.0000,12552
42,137,LosAngeles_Small,eval_stress_buildup,MAPPO,3600,4,178,135,0.7584,1.0000,0.0000,547.4741,547.4741,0.4447,4.4636,271.2077,309.7655,1054.9252,0.7779,23.4424,20.8239,866.9642,31.8714,38.1404,6356.7417,0,0,0.0000,0.0000,0.0000,0.0000,0,0.7584,0.2416,4.4183,741.5442,building_up,0.3518,0.6255,1.3022,0.0000,1.0000,0.0000,60.2227,24,642.5092,0.3681,0.6275,6,0,142414.9062,4.3090,0.0000,4.3090,0.6983,0.5053,0.0000,3.0645,63295.1797,46,1.0000,0.0000,0.0000,0.0000,30514.8926,3.3034,3322.3359,0.0000,6789
42,138,LosAngeles_Small,eval_over_fleet,MAPPO,3600,60,42,35,0.8333,1.0000,0.0000,590.0000,118.0000,0.0945,4.6643,307.6286,285.8421,1026.2943,0.6672,22.6953,18.7226,775.4961,388.4278,138.7619,23126.9844,0,0,0.0000,0.0000,0.0000,0.0000,0,0.8333,0.1667,4.6839,944.3675,wave,0.2494,0.5657,1.2202,0.0000,1.0000,0.0000,102.3697,28,785.3125,0.3580,0.5595,3,0,35920.3008,4.4762,0.0000,4.4762,0.8819,0.4706,0.0000,2.7292,7181.9170,12,1.5897,0.0000,0.0000,0.0000,111506.5469,3.5238,4410.2520,0.0000,5828
42,139,LosAngeles_Small,eval_over_fleet,MAPPO,3600,60,55,49,0.8909,1.0000,0.0000,584.9184,73.1148,0.1440,4.6569,336.4694,319.3077,1126.2672,0.6695,22.6787,20.2619,952.9080,325.7489,114.7636,19127.2734,0,0,0.0000,0.0000,0.0000,0.0000,0,0.8909,0.1091,4.6944,944.3675,wave,0.2368,0.5003,1.3321,0.0000,1.0000,0.0000,111.2159,28,787.0961,0.3552,0.6192,3,0,55187.0938,4.3636,0.0000,4.3636,0.8301,0.5953,0.0000,2.3629,12442.0654,20,1.4541,0.0000,0.0000,0.0000,94743.6562,3.4182,4900.6440,0.0000,6312
42,140,LosAngeles_Small,eval_normal_wave,FaithfulMAPPER,3600,6,106,77,0.7264,1.0000,0.0000,590.8961,295.4481,0.3361,4.6496,324.1688,281.5054,1111.6272,0.6858,23.0538,20.2803,867.4960,206.9240,31.3868,5231.1318,0,0,0.0000,0.0000,0.0000,0.0000,0,0.7264,0.2736,4.7261,944.3675,wave,0.3750,0.6949,1.2632,0.0000,1.0000,0.0000,101.8434,28,789.2075,0.3611,0.6877,4,0,85595.2969,4.1887,0.0000,4.1887,0.7151,0.5354,0.0000,3.0184,40125.8242,24,1.1903,0.0000,0.0000,0.0000,19863.9727,3.3585,1046.1060,0.0000,3327
42,141,LosAngeles_Small,eval_normal_wave,FaithfulMAPPER,3600,6,99,72,0.7273,1.0000,0.0000,748.8750,748.8750,0.2984,4.6548,395.7361,356.4941,1181.8246,0.5973,23.6872,21.1645,883.9049,228.7959,49.4949,8249.1582,0,0,0.0000,0.0000,0.0000,0.0000,0,0.7273,0.2727,4.7228,944.3675,wave,0.3735,0.7005,1.2541,0.0000,1.0000,0.0000,159.3712,28,788.2367,0.3596,0.7256,3,0,85091.3750,4.3838,0.0000,4.3838,0.7749,0.5860,0.0000,3.2651,45001.6289,38,1.1753,0.0000,0.0000,0.0000,36152.0000,3.4040,2536.9871,0.0000,4900
42,142,LosAngeles_Small,eval_normal_ramp,FaithfulMAPPER,3600,6,98,74,0.7551,1.0000,0.0000,539.8243,0.0000,0.0944,4.3312,296.0946,277.0337,1157.7590,0.7820,22.8941,19.5752,892.9746,207.1709,29.6531,4942.1768,0,0,0.0000,0.0000,0.0000,0.0000,0,0.7551,0.2449,4.3685,519.0942,ramp_up_down,0.3799,0.7074,1.2201,0.0000,1.0000,0.0000,64.5428,28,461.9322,0.3007,0.4791,4,0,85674.1719,4.0816,0.0000,4.0816,0.7794,0.5456,0.0000,2.3809,25913.0566,20,1.1341,0.0000,0.0000,0.0000,19862.0000,3.3469,930.2470,0.0000,2906
42,143,LosAngeles_Small,eval_normal_ramp,FaithfulMAPPER,3600,6,103,83,0.8058,1.0000,0.0000,573.7952,573.7952,0.2622,4.3181,326.3615,267.7368,1314.4821,0.8055,23.8220,22.2392,886.0319,236.0028,38.3301,6388.3496,0,0,0.0000,0.0000,0.0000,0.0000,0,0.8058,0.1942,4.3103,519.0942,ramp_up_down,0.3093,0.5797,1.2179,0.0000,1.0000,0.0000,63.4650,24,462.5983,0.3137,0.4443,4,0,109102.0078,4.3495,0.0000,4.3495,0.8479,0.5728,0.0000,2.2511,38491.3398,19,1.1830,0.0000,0.0000,0.0000,29037.1074,3.4466,2366.0920,0.0000,3948
42,144,LosAngeles_Small,eval_stress_shock,FaithfulMAPPER,3600,5,161,132,0.8199,1.0000,0.0000,593.9545,296.9773,0.5184,4.1340,303.2901,284.3803,1170.9807,0.7722,23.4280,20.1042,894.6738,63.6253,30.3168,5052.7949,0,0,0.0000,0.0000,0.0000,0.0000,0,0.8199,0.1801,4.1012,430.0000,shock_burst,0.2742,0.5032,1.2372,0.0000,1.0000,0.0000,69.0939,24,370.2633,0.5055,0.4523,5,0,154569.4531,4.4596,0.0000,4.4596,0.7987,0.5273,0.0000,3.1817,82640.8047,26,1.1772,0.0000,0.0000,0.0000,24942.7637,3.3043,2004.3850,0.0000,4881
42,145,LosAngeles_Small,eval_stress_shock,FaithfulMAPPER,3600,5,141,108,0.7660,1.0000,0.0000,498.7778,498.7778,0.3308,4.1628,252.1111,257.5122,960.6156,0.7621,24.0137,20.2529,710.0735,56.5141,35.8511,5975.1772,0,0,0.0000,0.0000,0.0000,0.0000,0,0.7660,0.2340,4.1489,430.0000,shock_burst,0.3148,0.5774,1.2103,0.0000,1.0000,0.0000,59.9880,24,368.5078,0.4852,0.4849,5,0,103746.4844,4.5177,0.0000,4.5177,0.7459,0.4153,0.0000,2.4158,31004.8164,20,1.1543,0.0000,0.0000,0.0000,29395.3340,3.3404,2028.9260,0.0000,5055
42,146,LosAngeles_Small,eval_stress_buildup,FaithfulMAPPER,3600,4,230,168,0.7304,1.0000,0.0000,468.9762,234.4881,0.5300,4.4530,235.6607,260.8167,849.3392,0.7208,21.7209,20.6682,711.8611,30.0171,50.9174,8486.2314,0,0,0.0000,0.0000,0.0000,0.0000,0,0.7304,0.2696,4.4522,741.5442,building_up,0.3038,0.5503,1.2868,0.0000,1.0000,0.0000,65.7929,24,644.8725,0.3718,0.6323,7,0,142689.0000,4.2391,0.0000,4.2391,0.6952,0.4520,0.0000,2.8277,59076.1680,55,1.0000,0.0000,0.0000,0.0000,45243.7617,3.4478,6067.8188,0.0000,11711
42,147,LosAngeles_Small,eval_stress_buildup,FaithfulMAPPER,3600,4,178,156,0.8764,1.0000,0.0000,574.2180,574.2180,0.4511,4.4629,281.7484,311.5329,1078.1285,0.7653,23.4424,20.8239,866.9642,31.8714,37.9438,6323.9702,0,0,0.0000,0.0000,0.0000,0.0000,0,0.8764,0.1236,4.4176,741.5442,building_up,0.2651,0.4762,1.3022,0.0000,1.0000,0.0000,66.1227,24,642.9914,0.3657,0.5636,5,0,168188.0469,4.3090,0.0000,4.3090,0.8358,0.5234,0.0000,2.0520,40922.4336,33,1.0000,0.0000,0.0000,0.0000,29114.7695,3.4551,2571.5161,0.0000,6754
42,148,LosAngeles_Small,eval_over_fleet,FaithfulMAPPER,3600,60,42,30,0.7143,1.0000,0.0000,479.5000,68.5000,0.1279,4.6614,204.5667,315.8158,786.1554,0.7686,22.6953,18.7226,775.4961,388.4278,137.3095,22884.9199,0,0,0.0000,0.0000,0.0000,0.0000,0,0.7143,0.2857,4.6834,944.3675,wave,0.2545,0.5657,1.2202,0.0000,1.0000,0.0000,47.3356,28,785.2853,0.3654,0.7120,2,0,23584.6621,4.4524,0.0000,4.4524,0.5989,0.3729,0.0000,3.9831,25960.4590,11,1.8987,0.0000,0.0000,0.0000,109945.0234,3.5476,4315.1108,0.0000,5767
42,149,LosAngeles_Small,eval_over_fleet,FaithfulMAPPER,3600,60,55,46,0.8364,1.0000,0.0000,632.4783,63.2478,0.1814,4.6526,318.8913,384.6227,1199.6689,0.7524,22.6787,20.2619,952.9080,325.7489,121.9273,20321.2129,0,0,0.0000,0.0000,0.0000,0.0000,0,0.8364,0.1636,4.6943,944.3675,wave,0.3296,0.6500,1.3321,0.0000,1.0000,0.0000,78.9575,28,787.1717,0.3656,0.6406,3,0,55184.7695,4.5455,0.0000,4.5455,0.8376,0.6398,0.0000,2.7355,28338.8457,18,1.5829,0.0000,0.0000,0.0000,101681.4375,3.3636,5226.1182,0.0000,6706
42,150,LosAngeles_Small,eval_normal_wave,IPPO,3600,6,106,77,0.7264,1.0000,0.0000,646.4545,646.4545,0.2038,4.6493,362.3247,294.2717,1157.6196,0.6390,23.0538,20.2803,867.4960,206.9240,35.7925,5965.4087,0,0,0.0000,0.0000,0.0000,0.0000,0,0.7264,0.2736,4.7277,944.3675,wave,0.3693,0.7025,1.2632,0.0000,1.0000,0.0000,130.8008,28,788.9297,0.3655,0.6976,4,0,89136.7031,4.2453,0.0000,4.2453,0.7278,0.5450,0.0000,2.8050,34955.4570,34,1.0000,0.0000,0.0000,0.0000,23828.8105,3.3491,1356.8600,0.0000,3794
42,151,LosAngeles_Small,eval_normal_wave,IPPO,3600,6,99,76,0.7677,1.0000,0.0000,593.6842,593.6842,0.2811,4.6490,287.2667,344.3846,1118.8698,0.7790,23.6872,21.1645,883.9049,228.7959,26.5859,4430.9766,0,0,0.0000,0.0000,0.0000,0.0000,0,0.7677,0.2323,4.7223,944.3675,wave,0.4239,0.7744,1.2541,0.0000,1.0000,0.0000,63.4927,28,788.4803,0.3730,0.6434,4,0,85034.1016,4.2828,0.0000,4.2828,0.7399,0.5301,0.0000,2.5348,26232.7285,24,1.2854,0.0000,0.0000,0.0000,12834.0508,3.3636,314.8610,0.0000,2632
42,152,LosAngeles_Small,eval_normal_ramp,IPPO,3600,6,98,75,0.7653,1.0000,0.0000,568.9067,568.9067,0.2026,4.3320,342.2000,258.1530,1226.8898,0.7171,22.8941,19.5752,892.9746,207.1709,39.7755,6629.2515,0,0,0.0000,0.0000,0.0000,0.0000,0,0.7653,0.2347,4.3702,519.0942,ramp_up_down,0.3357,0.6700,1.2201,0.0000,1.0000,0.0000,96.8221,28,461.7633,0.3007,0.4695,5,0,92016.7344,4.2347,0.0000,4.2347,0.7816,0.5399,0.0000,2.4182,20767.9609,22,1.1033,0.0000,0.0000,0.0000,30500.1641,3.4490,1994.2900,0.0000,3898
42,153,LosAngeles_Small,eval_normal_ramp,IPPO,3600,6,103,86,0.8350,1.0000,0.0000,568.1279,0.0000,0.0591,4.3167,326.1765,261.9490,1258.6343,0.7718,23.8220,22.2392,886.0319,236.0028,30.1262,5021.0356,0,0,0.0000,0.0000,0.0000,0.0000,0,0.8350,0.1650,4.3060,519.0942,ramp_up_down,0.3438,0.6377,1.2179,0.0000,1.0000,0.0000,74.4496,24,462.8550,0.3134,0.4012,4,0,108242.5469,4.3107,0.0000,4.3107,0.8562,0.5582,0.0000,1.7054,17860.3145,18,1.2021,0.0000,0.0000,0.0000,20414.9707,3.3107,1382.8290,0.0000,3103
42,154,LosAngeles_Small,eval_stress_shock,IPPO,3600,5,161,136,0.8447,1.0000,0.0000,549.0000,549.0000,0.3617,4.1329,283.3676,270.7039,1155.4904,0.8155,23.4280,20.1042,894.6738,63.6253,28.1242,4687.3706,0,0,0.0000,0.0000,0.0000,0.0000,0,0.8447,0.1553,4.1062,430.0000,shock_burst,0.2526,0.4760,1.2372,0.0000,1.0000,0.0000,52.2696,24,370.3764,0.5050,0.3934,5,0,157146.6875,4.3230,0.0000,4.3230,0.8021,0.5139,0.0000,2.2926,36634.8242,19,1.0305,0.0000,0.0000,0.0000,22388.4590,3.2795,1727.5000,0.0000,4528
42,155,LosAngeles_Small,eval_stress_shock,IPPO,3600,5,141,115,0.8156,1.0000,0.0000,482.7565,241.3783,0.4382,4.1674,231.9478,264.2977,942.0829,0.8123,24.0137,20.2529,710.0735,56.5141,30.5035,5083.9243,0,0,0.0000,0.0000,0.0000,0.0000,0,0.8156,0.1844,4.1495,430.0000,shock_burst,0.3393,0.6068,1.2103,0.0000,1.0000,0.0000,43.5312,24,368.5008,0.4818,0.3944,5,0,108339.5391,4.3830,0.0000,4.3830,0.7756,0.4055,0.0000,1.6797,17306.6992,16,1.1089,0.0000,0.0000,0.0000,24597.0781,3.4255,1575.3940,0.0000,4301
42,156,LosAngeles_Small,eval_stress_buildup,IPPO,3600,4,230,177,0.7696,1.0000,0.0000,509.5876,254.7938,0.5178,4.4530,237.5886,296.1134,848.8329,0.7145,21.7209,20.6682,711.8611,30.0171,49.5957,8265.9424,0,0,0.0000,0.0000,0.0000,0.0000,0,0.7696,0.2304,4.4532,741.5442,building_up,0.2857,0.5142,1.2868,0.0000,1.0000,0.0000,67.8220,24,645.2844,0.3679,0.6849,7,1,150243.4219,4.2043,0.0000,4.2043,0.7099,0.4381,0.0000,3.6405,94729.0078,64,1.3821,0.0000,0.0000,0.0000,43552.3438,3.4652,5175.0122,0.0000,11407
42,157,LosAngeles_Small,eval_stress_buildup,IPPO,3600,4,178,150,0.8427,1.0000,0.0000,593.8333,593.8333,0.3868,4.4642,279.9662,330.2096,1045.8069,0.7471,23.4424,20.8239,866.9642,31.8714,33.7809,5630.1499,0,0,0.0000,0.0000,0.0000,0.0000,0,0.8427,0.1573,4.4179,741.5442,building_up,0.3179,0.5746,1.3022,0.0000,1.0000,0.0000,70.8048,24,642.8100,0.3641,0.5859,7,0,156871.0312,4.3652,0.0000,4.3652,0.7715,0.5024,0.0000,2.6561,63805.6445,41,1.0000,0.0000,0.0000,0.0000,24692.8770,3.4831,1180.8820,0.0000,6013
42,158,LosAngeles_Small,eval_over_fleet,IPPO,3600,60,42,30,0.7143,1.0000,0.0000,513.8333,73.4048,0.1243,4.6606,212.8000,341.3846,804.8420,0.7564,22.6953,18.7226,775.4961,388.4278,49.3333,8222.2227,0,0,0.0000,0.0000,0.0000,0.0000,0,0.7143,0.2857,4.6813,944.3675,wave,0.3919,0.7832,1.2202,0.0000,1.0000,0.0000,51.8316,28,785.3275,0.3673,0.7023,3,0,24145.2617,4.2619,0.0000,4.2619,0.5726,0.3565,0.0000,2.6434,10856.4336,14,1.8308,0.0000,0.0000,0.0000,21020.5234,3.5238,566.2280,0.0000,2072
42,159,LosAngeles_Small,eval_over_fleet,IPPO,3600,60,55,47,0.8545,1.0000,0.0000,656.8085,65.6809,0.1685,4.6565,390.6808,313.6227,1165.8387,0.5968,22.6787,20.2619,952.9080,325.7489,45.4364,7572.7271,0,0,0.0000,0.0000,0.0000,0.0000,0,0.8545,0.1455,4.6932,944.3675,wave,0.2084,0.4671,1.3321,0.0000,1.0000,0.0000,157.5131,28,787.1439,0.3556,0.6707,3,0,54794.4219,4.4727,0.0000,4.4727,0.8386,0.6270,0.0000,4.4666,26292.7207,21,1.7002,0.0000,0.0000,0.0000,25802.2910,3.4000,1035.7640,0.0000,2499
42,160,LosAngeles_Small,eval_normal_wave,Hybrid,3600,6,106,83,0.7830,1.0000,0.0000,667.2651,667.2651,0.2463,4.6461,352.5422,316.2917,1154.2043,0.6548,23.0538,20.2803,867.4960,206.9240,34.6887,5781.4468,0,0,-0.0273,0.0000,0.0000,0.0000,451,0.7830,0.2170,4.7273,944.3675,wave,0.3746,0.6790,1.2632,0.0000,1.0000,0.0000,121.7013,28,789.2095,0.3710,0.7187,4,0,95798.9609,4.2547,0.0000,4.2547,0.7828,0.5438,0.0000,3.8448,59296.6953,30,1.0319,0.0000,0.0000,0.0000,23126.3027,3.3962,1191.0490,0.0000,3677
42,161,LosAngeles_Small,eval_normal_wave,Hybrid,3600,6,99,67,0.6768,1.0000,0.0000,639.4478,319.7239,0.4070,4.6508,339.0895,323.6180,1154.8455,0.6811,23.6872,21.1645,883.9049,228.7959,45.6364,7606.0605,0,0,-0.0260,0.0000,0.0000,0.0000,419,0.6768,0.3232,4.7225,944.3675,wave,0.4071,0.7745,1.2541,0.0000,1.0000,0.0000,108.1205,28,788.3611,0.3692,0.6389,4,0,77374.6406,4.2323,0.0000,4.2323,0.7173,0.5829,0.0000,2.6194,50901.2695,23,1.3776,0.0000,0.0000,0.0000,31563.3438,3.2525,2070.2390,0.0000,4518
42,162,LosAngeles_Small,eval_normal_ramp,Hybrid,3600,6,98,76,0.7755,1.0000,0.0000,573.4342,573.4342,0.1922,4.3317,306.9342,306.0978,1158.8827,0.7551,22.8941,19.5752,892.9746,207.1709,31.5000,5250.0000,0,0,-0.0262,0.0000,0.0000,0.0000,397,0.7755,0.2245,4.3690,519.0942,ramp_up_down,0.3416,0.6425,1.2201,0.0000,1.0000,0.0000,75.1577,28,461.9239,0.2996,0.4587,4,0,88075.0781,4.0510,0.0000,4.0510,0.7243,0.4937,0.0000,2.4635,25651.4043,23,1.1389,0.0000,0.0000,0.0000,21916.2559,3.3776,1138.7140,0.0000,3087
42,163,LosAngeles_Small,eval_normal_ramp,Hybrid,3600,6,103,82,0.7961,1.0000,0.0000,616.1097,616.1097,0.1968,4.3199,333.3781,296.4255,1285.0017,0.7709,23.8220,22.2392,886.0319,236.0028,27.1942,4532.3623,0,0,-0.0394,0.0000,0.0000,0.0000,442,0.7961,0.2039,4.3112,519.0942,ramp_up_down,0.2492,0.4783,1.2179,0.0000,1.0000,0.0000,76.3777,24,462.4883,0.3118,0.4275,3,0,105370.1406,4.2913,0.0000,4.2913,0.8329,0.5695,0.0000,2.1532,25145.1016,18,1.0332,0.0000,0.0000,0.0000,17854.4668,3.2621,1045.3990,0.0000,2801
42,164,LosAngeles_Small,eval_stress_shock,Hybrid,3600,5,161,132,0.8199,1.0000,0.0000,578.3864,289.1932,0.4451,4.1368,289.9773,296.4899,1149.0282,0.7925,23.4280,20.1042,894.6738,63.6253,28.3230,4720.4971,0,0,-0.0314,0.0000,0.0000,0.0000,693,0.8199,0.1801,4.1100,430.0000,shock_burst,0.2684,0.4839,1.2372,0.0000,1.0000,0.0000,60.1716,24,370.1133,0.5034,0.4287,5,0,151671.7188,4.3043,0.0000,4.3043,0.7736,0.5107,0.0000,2.3634,38918.6484,26,1.8812,0.0000,0.0000,0.0000,22711.5957,3.0932,1506.7390,0.0000,4560
42,165,LosAngeles_Small,eval_stress_shock,Hybrid,3600,5,141,115,0.8156,1.0000,0.0000,471.3913,471.3913,0.3324,4.1651,224.1739,247.4621,935.1901,0.8343,24.0137,20.2529,710.0735,56.5141,33.0709,5511.8203,0,0,-0.0121,0.0000,0.0000,0.0000,595,0.8156,0.1844,4.1476,430.0000,shock_burst,0.3415,0.6393,1.2103,0.0000,1.0000,0.0000,37.1359,24,368.6675,0.4824,0.4103,7,0,107546.8594,4.2199,0.0000,4.2199,0.7796,0.4077,0.0000,2.5402,23003.2891,16,1.1795,0.0000,0.0000,0.0000,26809.0781,3.4752,1962.3450,0.0000,4663
42,166,LosAngeles_Small,eval_stress_buildup,Hybrid,3600,4,230,172,0.7478,1.0000,0.0000,511.6860,511.6860,0.4981,4.4545,237.0058,287.5699,813.2952,0.6863,21.7209,20.6682,711.8611,30.0171,48.5261,8087.6812,0,0,-0.0173,0.0000,0.0000,0.0000,960,0.7478,0.2522,4.4552,741.5442,building_up,0.3185,0.5867,1.2868,0.0000,1.0000,0.0000,74.3468,24,644.7731,0.3693,0.6666,8,0,139886.7812,4.1739,0.0000,4.1739,0.6804,0.4321,0.0000,3.0979,81043.6406,54,1.0785,0.0000,0.0000,0.0000,42601.1992,3.4130,4354.6201,0.0000,11161
42,167,LosAngeles_Small,eval_stress_buildup,Hybrid,3600,4,178,143,0.8034,1.0000,0.0000,593.5455,593.5455,0.4385,4.4639,301.4615,304.4240,1029.8231,0.6832,23.4424,20.8239,866.9642,31.8714,50.1011,8350.1875,0,0,-0.0217,0.0000,0.0000,0.0000,766,0.8034,0.1966,4.4157,741.5442,building_up,0.3249,0.5789,1.3022,0.0000,1.0000,0.0000,95.4969,24,642.6611,0.3661,0.6106,6,0,147264.7031,4.3034,0.0000,4.3034,0.7377,0.5039,0.0000,2.5279,49925.0000,44,1.1884,0.0000,0.0000,0.0000,40664.0000,3.3820,3423.0969,0.0000,8918
42,168,LosAngeles_Small,eval_over_fleet,Hybrid,3600,60,42,32,0.7619,1.0000,0.0000,546.1562,78.0223,0.1201,4.6624,311.0000,276.2105,852.9853,0.5485,22.6953,18.7226,775.4961,388.4278,53.7619,8960.3174,0,0,0.0060,0.0000,0.0000,0.0000,188,0.7619,0.2381,4.6845,944.3675,wave,0.3070,0.6281,1.2202,0.0000,1.0000,0.0000,140.4029,28,785.3544,0.3618,0.5745,2,0,27295.5293,4.4762,0.0000,4.4762,0.7490,0.4371,0.0000,3.9606,13082.6719,12,1.6191,0.0000,0.0000,0.0000,22892.1191,3.5714,616.2910,0.0000,2258
42,169,LosAngeles_Small,eval_over_fleet,Hybrid,3600,60,55,50,0.9091,1.0000,0.0000,624.5000,78.0625,0.1432,4.6545,343.1400,313.0943,1178.9218,0.6871,22.6787,20.2619,952.9080,325.7489,48.7636,8127.2729,0,0,-0.0407,0.0000,0.0000,0.0000,245,0.9091,0.0909,4.6950,944.3675,wave,0.2678,0.5169,1.3321,0.0000,1.0000,0.0000,107.3557,28,787.1186,0.3609,0.5573,3,0,58946.0859,4.4545,0.0000,4.4545,0.8784,0.6173,0.0000,2.0154,11294.7256,17,1.4941,0.0000,0.0000,0.0000,28471.5449,3.4545,1207.1639,0.0000,2682
42,170,LosAngeles_Small,eval_normal_wave,TokenPassing,3600,6,106,24,0.2264,1.0000,0.0000,1040.7500,260.1875,0.7857,4.6613,158.3500,879.0000,1079.3678,1.0000,23.0538,20.2803,867.4960,206.9240,541.3113,90218.5547,0,0,0.0000,0.0000,0.0000,0.0000,0,0.2264,0.7736,4.7423,944.3675,wave,0.4583,0.8539,1.2632,0.0000,1.0000,0.0000,0.0000,28,785.6753,0.3624,0.7159,8,0,25904.8262,5.1792,0.0000,0.0000,0.1951,0.4688,0.0000,2.2007,5491.5166,9,3.0398,0.0000,0.0000,0.0000,521431.8125,0.0000,50166.6289,0.0000,57379
42,171,LosAngeles_Small,eval_normal_wave,TokenPassing,3600,6,99,21,0.2121,1.0000,0.0000,729.5238,182.3810,0.7572,4.6637,235.7222,650.1429,922.1019,0.7824,23.6872,21.1645,883.9049,228.7959,695.9192,115986.5312,0,0,0.0000,0.0000,0.0000,0.0000,0,0.2121,0.7879,4.7370,944.3675,wave,0.4206,0.7693,1.2541,0.0000,1.0000,0.0000,51.3018,28,785.4964,0.3600,0.8367,8,0,19364.1387,5.3131,0.0000,0.0000,0.2004,0.5196,0.0000,2.4079,6355.1631,13,2.6366,0.0000,0.0000,0.0000,679339.2500,0.0000,62382.2305,0.0000,68896
42,172,LosAngeles_Small,eval_normal_ramp,TokenPassing,3600,6,98,21,0.2143,1.0000,0.0000,1061.9524,265.4881,0.7728,4.3493,194.7895,843.5000,1459.2191,1.0000,22.8941,19.5752,892.9746,207.1709,744.3062,124051.0234,0,0,0.0000,0.0000,0.0000,0.0000,0,0.2143,0.7857,4.3884,519.0942,ramp_up_down,0.2302,0.4286,1.2201,0.0000,1.0000,0.0000,0.0000,28,458.7958,0.2976,0.4723,6,1,30643.6016,5.1939,0.0000,0.0000,0.2754,0.6795,0.0000,2.4413,7063.1318,7,7.7545,0.0000,0.0000,0.0000,728152.3125,0.0000,66793.2422,0.0000,72942
42,173,LosAngeles_Small,eval_normal_ramp,TokenPassing,3600,6,103,27,0.2621,1.0000,0.0000,1037.4073,259.3518,0.8010,4.3381,241.8333,777.3333,1121.5103,0.9275,23.8220,22.2392,886.0319,236.0028,933.3398,155556.6406,0,0,0.0000,0.0000,0.0000,0.0000,0,0.2621,0.7379,4.3327,519.0942,ramp_up_down,0.4259,0.8290,1.2179,0.0000,1.0000,0.0000,17.5313,24,459.6136,0.3063,0.5981,12,0,30280.7773,5.0388,0.0000,0.0000,0.2172,0.4509,0.0000,1.4406,4958.2061,3,7.8831,0.0000,0.0000,0.0000,918865.8750,0.0000,89628.4219,0.0000,96134
42,174,LosAngeles_Small,eval_stress_shock,TokenPassing,3600,5,161,33,0.2050,1.0000,0.0000,862.6970,287.5656,0.7666,4.2414,151.5862,765.3549,1146.9928,1.0000,23.4280,20.1042,894.6738,63.6253,309.0124,51502.0703,0,0,0.0000,0.0000,0.0000,0.0000,0,0.2050,0.7950,4.2226,430.0000,shock_burst,0.2788,0.5125,1.2372,0.0000,1.0000,0.0000,0.0000,24,364.0014,0.4369,0.6640,11,1,37850.7617,3.7888,0.0000,0.0000,0.1915,0.5058,0.0000,1.5888,5316.3711,4,2.5064,0.0000,0.0000,0.0000,296123.5000,0.0000,39295.6953,0.0000,49751
42,175,LosAngeles_Small,eval_stress_shock,TokenPassing,3600,5,141,27,0.1915,1.0000,0.0000,1021.4815,340.4938,0.7710,4.2519,227.6364,760.6250,865.9833,0.7608,24.0137,20.2529,710.0735,56.5141,371.4823,61913.7109,0,0,0.0000,0.0000,0.0000,0.0000,0,0.1915,0.8085,4.2343,430.0000,shock_burst,0.1778,0.3435,1.2103,0.0000,1.0000,0.0000,54.4397,24,363.3606,0.4308,0.6182,7,2,23381.5488,3.8440,0.0000,0.0000,0.1509,0.3360,0.0000,1.7508,2435.5908,2,1.9069,0.0000,0.0000,0.0000,358141.0938,0.0000,43517.2852,0.0000,52379
42,176,LosAngeles_Small,eval_stress_buildup,TokenPassing,3600,4,230,24,0.1043,1.0000,0.0000,807.0417,403.5208,0.7486,4.5084,188.0000,745.2083,854.4000,0.9089,21.7209,20.6682,711.8611,30.0171,488.8913,81481.8828,0,0,0.0000,0.0000,0.0000,0.0000,0,0.1043,0.8957,4.5052,741.5442,building_up,0.1250,0.2887,1.2868,0.0000,1.0000,0.0000,17.1200,24,635.0578,0.3384,0.7952,7,3,20505.5996,3.0261,0.0000,0.0000,0.0994,0.4526,0.0000,1.7663,3617.4287,6,2.1006,0.0000,0.0000,0.0000,457844.8750,0.0000,93211.1484,0.0000,112445
42,177,LosAngeles_Small,eval_stress_buildup,TokenPassing,3600,4,178,20,0.1124,1.0000,0.0000,1092.0000,364.0000,0.7533,4.5053,177.2353,970.0555,746.6774,0.8426,23.4424,20.8239,866.9642,31.8714,338.1236,56353.9336,0,0,0.0000,0.0000,0.0000,0.0000,0,0.1124,0.8876,4.4622,741.5442,building_up,0.2500,0.4472,1.3022,0.0000,1.0000,0.0000,27.8998,24,634.7858,0.3462,1.0939,8,2,14933.5469,2.9438,0.0000,0.0000,0.0836,0.4082,0.0000,2.8866,6426.0957,4,3.3536,0.0000,0.0000,0.0000,297656.0938,0.0000,45623.8711,0.0000,60186
42,178,LosAngeles_Small,eval_over_fleet,TokenPassing,3600,60,42,38,0.9048,1.0000,0.0000,427.9474,85.5895,0.0942,4.6629,279.6579,155.3095,1021.0316,0.7302,22.6953,18.7226,775.4961,388.4278,77.0238,12837.3018,0,0,0.0000,0.0000,0.0000,0.0000,0,0.9048,0.0952,4.6838,944.3675,wave,0.2846,0.5558,1.2202,0.0000,1.0000,0.0000,75.4516,28,785.3772,0.3604,0.6461,3,0,38799.1992,52.8571,0.0000,0.0000,0.9123,0.4484,0.0000,2.4959,5318.1978,8,1.1836,0.0000,0.0000,0.0000,52220.5938,0.0000,9.1650,0.0000,3235
42,179,LosAngeles_Small,eval_over_fleet,TokenPassing,3600,60,55,50,0.9091,1.0000,0.0000,625.5000,56.8636,0.1874,4.6562,427.7400,229.2407,1216.6154,0.5689,22.6787,20.2619,952.9080,325.7489,82.4364,13739.3936,0,0,0.0000,0.0000,0.0000,0.0000,0,0.9091,0.0909,4.6930,944.3675,wave,0.3233,0.6184,1.3321,0.0000,1.0000,0.0000,184.4169,28,787.0772,0.3569,0.8276,3,0,60830.7656,49.4545,0.0000,0.0000,0.9034,0.6348,0.0000,2.7842,19917.2988,21,1.1761,0.0000,0.0000,0.0000,62545.8555,0.0000,614.1280,0.0000,4534
42,180,Paris_Small,generalize_normal_wave,RMCA,3600,6,125,39,0.3120,1.0000,0.0000,832.3846,0.0000,0.1561,4.6644,307.6389,548.5000,1001.8422,0.6513,22.4716,21.0705,833.8046,194.8132,1327.6560,221275.9844,0,0,0.0000,0.0000,0.0000,0.0000,0,0.3120,0.6880,4.6794,1812.0836,wave,0.3705,0.7157,1.2200,0.0000,1.0000,0.0000,107.2704,28,1506.0039,0.3592,0.7169,5,0,39071.8438,4.7600,0.0000,4.7600,0.3301,0.5181,0.0000,2.0305,9333.7891,11,1.0000,3.1171,1339.1277,2662.5437,1310725.3750,10.5280,157361.4375,0.0000,165957
42,181,Paris_Small,generalize_normal_wave,RMCA,3600,6,97,51,0.5258,1.0000,0.0000,722.5098,361.2549,0.3981,4.6636,306.0909,471.7333,1046.1208,0.6835,23.7958,22.6624,864.1588,213.2443,506.7629,84460.4844,0,0,0.0000,0.0000,0.0000,0.0000,0,0.5258,0.4742,4.7286,1812.0836,wave,0.3942,0.8291,1.2049,0.0000,1.0000,0.0000,96.8667,28,1506.7609,0.3559,0.8008,10,1,53352.1602,4.6701,0.0000,4.6701,0.5089,0.5171,0.0000,2.9450,15612.6084,19,1.0000,2.9567,1240.0287,2265.0854,478164.3438,11.4021,43153.2773,0.0000,49156
42,182,Paris_Small,generalize_normal_ramp,RMCA,3600,6,102,63,0.6176,1.0000,0.0000,624.1746,624.1746,0.2335,4.3456,228.5714,348.1333,988.6187,0.8650,24.1910,22.5563,803.6025,221.5593,416.7647,69460.7812,0,0,0.0000,0.0000,0.0000,0.0000,0,0.6176,0.3824,4.3496,995.9542,ramp_up_down,0.4941,0.9821,1.2856,0.0000,1.0000,0.0000,30.8477,24,880.1406,0.3013,0.5108,10,0,62282.9805,4.6078,0.0000,4.6078,0.6488,0.5401,0.0000,2.3290,11521.4922,10,1.0002,6.2002,997.5580,1760.5051,397924.5625,10.1471,37294.0781,0.0000,42510
42,183,Paris_Small,generalize_normal_ramp,RMCA,3600,6,99,67,0.6768,1.0000,0.0000,498.5075,498.5075,0.3005,4.3462,230.7544,257.7903,1039.9176,0.9013,23.6452,21.7923,846.4451,199.8436,353.8586,58976.4297,0,0,0.0000,0.0000,0.0000,0.0000,0,0.6768,0.3232,4.3804,995.9542,ramp_up_down,0.3491,0.6916,1.2891,0.0000,1.0000,0.0000,22.7709,24,880.5758,0.2976,0.5194,8,1,69674.4844,4.6869,0.0000,4.6869,0.6919,0.5363,0.0000,1.9225,7072.0781,11,1.0096,6.0141,1297.8888,3119.9890,334336.6562,6.5051,31083.1465,0.0000,35032
42,184,Paris_Small,generalize_stress_shock,RMCA,3600,5,152,106,0.6974,1.0000,0.0000,453.1227,453.1227,0.2971,4.2242,240.4845,217.5849,869.5033,0.7231,23.3021,22.5942,746.8974,57.6509,141.5592,23593.2012,0,0,0.0000,0.0000,0.0000,0.0000,0,0.6974,0.3026,4.2096,825.8000,shock_burst,0.3850,0.6989,1.1894,0.0000,1.0000,0.0000,66.5839,28,700.9283,0.4441,0.5138,8,0,92167.3516,4.5461,0.0000,4.5461,0.6610,0.4229,0.0000,2.1852,25718.2559,13,1.0000,7.4001,1630.5208,3343.0457,131769.8906,5.0197,17069.0605,0.0000,21517
42,185,Paris_Small,generalize_stress_shock,RMCA,3600,5,155,97,0.6258,1.0000,0.0000,608.4949,608.4949,0.3408,4.2230,235.8139,333.8737,1096.0542,0.9296,23.5504,21.6888,880.0692,46.1456,284.9936,47498.9258,0,0,0.0000,0.0000,0.0000,0.0000,0,0.6258,0.3742,4.1014,825.8000,shock_burst,0.3755,0.7195,1.3616,0.0000,1.0000,0.0000,16.6031,24,699.6678,0.4541,0.5013,7,0,106317.2578,4.7355,0.0000,4.7355,0.6517,0.6232,0.0000,2.9893,34087.7812,21,1.0000,7.0302,1524.2275,3636.0916,275399.9688,4.6258,38953.9297,0.0000,44174
42,186,Paris_Small,generalize_stress_buildup,RMCA,3600,4,210,140,0.6667,1.0000,0.0000,544.9857,0.0000,0.1065,4.4861,263.4488,304.4143,990.0307,0.7516,23.2789,22.1275,835.1251,35.6381,98.1524,16358.7305,0,0,0.0000,0.0000,0.0000,0.0000,0,0.6667,0.3333,4.4945,1422.8550,building_up,0.3541,0.6455,1.2756,0.0000,1.0000,0.0000,65.4427,32,1225.4412,0.3485,0.6268,7,0,138604.2969,4.6619,0.0000,4.6619,0.6520,0.5164,0.0000,2.3964,35081.5586,35,1.0000,1.3809,1695.7986,2220.0229,86711.2969,3.7857,14408.7520,0.0000,20612
42,187,Paris_Small,generalize_stress_buildup,RMCA,3600,4,198,129,0.6515,1.0000,0.0000,621.1163,0.0000,0.0930,4.4827,323.4425,327.2969,1207.7043,0.7468,23.7908,22.1870,1021.4434,23.5568,131.0960,21849.3262,1,0,0.0000,0.0000,0.0000,0.0000,0,0.6515,0.3485,4.4200,1422.8550,building_up,0.4063,0.7635,1.2723,0.0000,1.0000,0.0000,81.9016,32,1225.0703,0.3566,0.7350,9,0,155793.8594,4.6414,0.0000,4.6414,0.6298,0.6348,0.0000,3.2109,56111.3594,50,1.0000,2.7330,1215.4598,3310.6138,118552.2656,3.6566,19356.7129,0.0000,25957
42,188,Paris_Small,generalize_over_fleet,RMCA,3600,60,51,45,0.8824,1.0000,0.0000,456.0444,76.0074,0.1027,4.6663,295.5366,173.0435,934.9029,0.6327,23.5694,21.9503,797.9099,354.8185,987.7451,164624.1875,0,0,0.0000,0.0000,0.0000,0.0000,0,0.8824,0.1176,4.7306,1812.0836,wave,0.2895,0.6000,1.1694,0.0000,1.0000,0.0000,108.5560,32,1505.2164,0.3569,0.7314,4,0,42070.6289,4.4902,0.0000,4.4902,0.8497,0.4585,0.0000,2.3646,13638.8359,6,1.1211,1.2664,1301.8652,1556.1378,942881.0000,3.6078,47585.0938,0.0000,50375
42,189,Paris_Small,generalize_over_fleet,RMCA,3600,60,48,37,0.7708,1.0000,0.0000,490.2973,81.7162,0.1082,4.6674,371.4054,150.1707,1076.4020,0.5796,23.4831,19.6564,872.1351,321.3215,837.9375,139656.2500,0,0,0.0000,0.0000,0.0000,0.0000,0,0.7708,0.2292,4.6968,1812.0836,wave,0.2475,0.5344,1.1045,0.0000,1.0000,0.0000,156.1250,28,1505.0673,0.3538,0.7327,3,0,39826.8711,4.3542,0.0000,4.3542,0.7604,0.4877,0.0000,4.4875,16026.0166,19,1.0289,1.3010,1386.4440,1664.3507,794437.3125,3.5833,37599.2383,0.0000,40221
42,190,Paris_Small,generalize_normal_wave,MAPPO,3600,6,125,100,0.8000,1.0000,0.0000,689.5100,0.0000,0.1587,4.6569,337.4647,348.2364,1060.4468,0.6285,22.4716,21.0705,833.8046,194.8132,98.1280,16354.6670,0,0,0.0000,0.0000,0.0000,0.0000,0,0.8000,0.2000,4.6704,1812.0836,wave,0.2782,0.5148,1.2200,0.0000,1.0000,0.0000,125.3753,28,1509.5636,0.3633,0.6434,4,0,106044.6797,4.5360,0.0000,4.5360,0.8405,0.5145,0.0000,2.4267,38353.9414,37,1.0022,0.0000,0.0000,0.0000,78763.7266,3.3360,7501.6108,0.0000,12266
42,191,Paris_Small,generalize_normal_wave,MAPPO,3600,6,97,79,0.8144,1.0000,0.0000,668.2152,334.1076,0.3567,4.6617,364.6835,311.4889,999.5884,0.5482,23.7958,22.6624,864.1588,213.2443,102.0515,17008.5918,0,0,0.0000,0.0000,0.0000,0.0000,0,0.8144,0.1856,4.7234,1812.0836,wave,0.3365,0.6334,1.2049,0.0000,1.0000,0.0000,164.7658,28,1508.4177,0.3536,0.6340,4,0,78967.4844,4.1959,0.0000,4.1959,0.7632,0.5007,0.0000,2.6345,23365.0410,31,1.0721,0.0000,0.0000,0.0000,75956.3281,3.4330,5671.7451,0.0000,9899
42,192,Paris_Small,generalize_normal_ramp,MAPPO,3600,6,102,83,0.8137,1.0000,0.0000,530.0723,530.0723,0.1837,4.3412,285.7805,257.5833,996.3943,0.6973,24.1910,22.5563,803.6025,221.5593,67.5196,11253.2676,0,0,0.0000,0.0000,0.0000,0.0000,0,0.8137,0.1863,4.3464,995.9542,ramp_up_down,0.3087,0.5842,1.2856,0.0000,1.0000,0.0000,86.5016,24,881.2933,0.3031,0.4842,4,0,82700.7266,4.1863,0.0000,4.1863,0.8468,0.5350,0.0000,2.9130,38079.3359,24,1.2249,0.0000,0.0000,0.0000,51592.2148,3.4314,3674.0371,0.0000,6887
42,193,Paris_Small,generalize_normal_ramp,MAPPO,3600,6,99,84,0.8485,1.0000,0.0000,471.5476,471.5476,0.2570,4.3446,262.0476,225.5319,992.7754,0.7577,23.6452,21.7923,846.4451,199.8436,159.8990,26649.8320,0,0,0.0000,0.0000,0.0000,0.0000,0,0.8485,0.1515,4.3759,995.9542,ramp_up_down,0.2824,0.5216,1.2891,0.0000,1.0000,0.0000,63.4925,24,881.3628,0.2968,0.5309,3,0,83393.1328,4.3636,0.0000,4.3636,0.8380,0.5181,0.0000,2.5441,19583.0547,26,1.6459,0.0000,0.0000,0.0000,143157.0625,3.4949,12825.9053,0.0000,15830
42,194,Paris_Small,generalize_stress_shock,MAPPO,3600,5,152,124,0.8158,1.0000,0.0000,472.7742,472.7742,0.3251,4.2203,260.4032,232.8794,884.5319,0.6794,23.3021,22.5942,746.8974,57.6509,75.8618,12643.6406,0,0,0.0000,0.0000,0.0000,0.0000,0,0.8158,0.1842,4.2058,825.8000,shock_burst,0.2768,0.5029,1.1894,0.0000,1.0000,0.0000,83.4969,28,701.9411,0.4449,0.4914,5,0,109681.9531,4.2500,0.0000,4.2500,0.8008,0.4380,0.0000,2.3972,25268.6582,27,1.0228,0.0000,0.0000,0.0000,66624.7188,3.3882,7612.2500,0.0000,11531
42,195,Paris_Small,generalize_stress_shock,MAPPO,3600,5,155,129,0.8323,1.0000,0.0000,542.5349,542.5349,0.3496,4.2066,260.9380,283.8378,1041.0044,0.7979,23.5504,21.6888,880.0692,46.1456,103.8645,17310.7520,0,0,0.0000,0.0000,0.0000,0.0000,0,0.8323,0.1677,4.0818,825.8000,shock_burst,0.2565,0.4726,1.3616,0.0000,1.0000,0.0000,52.7371,24,701.3703,0.4646,0.4029,5,0,134289.5781,4.4516,0.0000,4.4516,0.8002,0.5754,0.0000,1.9838,20649.2734,25,1.0744,0.0000,0.0000,0.0000,93623.5781,3.1742,9673.1660,0.0000,16099
42,196,Paris_Small,generalize_stress_buildup,MAPPO,3600,4,210,152,0.7238,1.0000,0.0000,579.8882,579.8882,0.4288,4.4828,275.9048,322.7066,960.0262,0.6959,23.2789,22.1275,835.1251,35.6381,104.7048,17450.7930,0,0,0.0000,0.0000,0.0000,0.0000,0,0.7238,0.2762,4.4921,1422.8550,building_up,0.3294,0.5921,1.2756,0.0000,1.0000,0.0000,83.8995,32,1226.0925,0.3521,0.6441,6,0,145923.9844,4.4667,0.0000,4.4667,0.6823,0.4978,0.0000,2.8583,47977.3789,54,1.1459,0.0000,0.0000,0.0000,92996.6094,3.3905,13477.0576,0.0000,21988
42,197,Paris_Small,generalize_stress_buildup,MAPPO,3600,4,198,149,0.7525,1.0000,0.0000,639.9664,639.9664,0.4076,4.4808,325.6554,353.2727,1130.2913,0.6942,23.7908,22.1870,1021.4434,23.5568,77.6667,12944.4443,0,0,0.0000,0.0000,0.0000,0.0000,0,0.7525,0.2475,4.4186,1422.8550,building_up,0.2619,0.4792,1.2723,0.0000,1.0000,0.0000,99.5971,32,1225.8948,0.3569,0.6080,5,0,168413.4062,4.4242,0.0000,4.4242,0.6717,0.5862,0.0000,2.9998,108850.3594,60,1.0841,0.0000,0.0000,0.0000,63568.0859,3.1465,6067.5581,0.0000,15378
42,198,Paris_Small,generalize_over_fleet,MAPPO,3600,60,51,39,0.7647,1.0000,0.0000,494.3077,70.6154,0.1245,4.6673,294.9231,211.0833,900.0193,0.6103,23.5694,21.9503,797.9099,354.8185,266.1961,44366.0117,0,0,0.0000,0.0000,0.0000,0.0000,0,0.7647,0.2353,4.7313,1812.0836,wave,0.2841,0.6116,1.1694,0.0000,1.0000,0.0000,114.9192,32,1505.0819,0.3548,0.6777,3,0,35100.7500,4.4706,0.0000,4.4706,0.7460,0.4644,0.0000,3.3361,19328.8770,11,1.4214,0.0000,0.0000,0.0000,219902.7812,3.4510,10501.8721,0.0000,13576
42,199,Paris_Small,generalize_over_fleet,MAPPO,3600,60,48,43,0.8958,1.0000,0.0000,580.9070,82.9867,0.1223,4.6662,279.9524,327.2667,1042.2374,0.7446,23.4831,19.6564,872.1351,321.3215,243.4792,40579.8594,0,0,0.0000,0.0000,0.0000,0.0000,0,0.8958,0.1042,4.6962,1812.0836,wave,0.3120,0.6184,1.1045,0.0000,1.0000,0.0000,71.5049,28,1505.2970,0.3563,0.6187,3,0,44816.2109,4.1042,0.0000,4.1042,0.8636,0.4766,0.0000,2.2649,11455.3301,17,1.5233,0.0000,0.0000,0.0000,199712.1719,3.2500,8894.2100,0.0000,11687
42,200,Paris_Small,generalize_normal_wave,FaithfulMAPPER,3600,6,125,97,0.7760,1.0000,0.0000,660.3815,660.3815,0.3209,4.6560,344.0104,362.2054,1056.5806,0.6143,22.4716,21.0705,833.8046,194.8132,84.1200,14020.0000,0,0,0.0000,0.0000,0.0000,0.0000,0,0.7760,0.2240,4.6698,1812.0836,wave,0.2698,0.5103,1.2200,0.0000,1.0000,0.0000,132.6943,28,1509.6389,0.3653,0.7692,4,0,102488.3125,4.4080,0.0000,4.4080,0.7758,0.4896,0.0000,3.5299,52863.6133,43,1.6048,0.0000,0.0000,0.0000,64344.6172,3.3360,5220.2349,0.0000,10515
42,201,Paris_Small,generalize_normal_wave,FaithfulMAPPER,3600,6,97,71,0.7320,1.0000,0.0000,736.2112,368.1056,0.3714,4.6585,426.1549,328.5349,1074.8156,0.5044,23.7958,22.6624,864.1588,213.2443,75.6289,12604.8105,0,0,0.0000,0.0000,0.0000,0.0000,0,0.7320,0.2680,4.7245,1812.0836,wave,0.2955,0.5685,1.2049,0.0000,1.0000,0.0000,211.1918,28,1508.1997,0.3640,0.7275,3,0,76311.9062,4.3093,0.0000,4.3093,0.7613,0.5557,0.0000,3.9270,50590.5898,44,1.0572,0.0000,0.0000,0.0000,48014.0312,3.4124,2493.6809,0.0000,7336
42,202,Paris_Small,generalize_normal_ramp,FaithfulMAPPER,3600,6,102,86,0.8431,1.0000,0.0000,539.4186,0.0000,0.0950,4.3411,281.7558,259.6526,985.0214,0.6992,24.1910,22.5563,803.6025,221.5593,53.0098,8834.9678,0,0,0.0000,0.0000,0.0000,0.0000,0,0.8431,0.1569,4.3458,995.9542,ramp_up_down,0.2929,0.5547,1.2856,0.0000,1.0000,0.0000,84.7515,24,881.1945,0.3038,0.4241,4,0,84711.8438,4.1765,0.0000,4.1765,0.8409,0.5128,0.0000,2.6064,20614.2852,18,1.3031,0.0000,0.0000,0.0000,36374.9609,3.4216,1820.5250,0.0000,5407
42,203,Paris_Small,generalize_normal_ramp,FaithfulMAPPER,3600,6,99,79,0.7980,1.0000,0.0000,488.4937,488.4937,0.2832,4.3440,291.6329,207.1848,1018.5651,0.6985,23.6452,21.7923,846.4451,199.8436,115.6364,19272.7266,0,0,0.0000,0.0000,0.0000,0.0000,0,0.7980,0.2020,4.3769,995.9542,ramp_up_down,0.3199,0.6138,1.2891,0.0000,1.0000,0.0000,87.9199,24,881.3650,0.2975,0.5842,5,0,80466.6406,4.2525,0.0000,4.2525,0.8072,0.5306,0.0000,3.1125,32087.0176,23,1.7788,0.0000,0.0000,0.0000,98509.1484,3.5354,8340.2256,0.0000,11448
42,204,Paris_Small,generalize_stress_shock,FaithfulMAPPER,3600,5,152,125,0.8224,1.0000,0.0000,513.4400,256.7200,0.4346,4.2189,238.8699,280.2609,865.5612,0.7247,23.3021,22.5942,746.8974,57.6509,94.2961,15716.0088,0,0,0.0000,0.0000,0.0000,0.0000,0,0.8224,0.1776,4.2045,825.8000,shock_burst,0.2967,0.5402,1.1894,0.0000,1.0000,0.0000,65.7577,28,702.1133,0.4461,0.4946,5,0,108195.1484,4.4671,0.0000,4.4671,0.7828,0.4247,0.0000,2.1304,34378.9414,23,1.3010,0.0000,0.0000,0.0000,84661.8125,3.4079,9584.3984,0.0000,14333
42,205,Paris_Small,generalize_stress_shock,FaithfulMAPPER,3600,5,155,138,0.8903,1.0000,0.0000,534.2681,534.2681,0.2212,4.2068,278.0219,258.5238,1048.4083,0.7542,23.5504,21.6888,880.0692,46.1456,73.6387,12273.1182,0,0,0.0000,0.0000,0.0000,0.0000,0,0.8903,0.1097,4.0828,825.8000,shock_burst,0.2604,0.4787,1.3616,0.0000,1.0000,0.0000,68.3402,24,701.3320,0.4646,0.3880,5,1,144680.3594,4.2581,0.0000,4.2581,0.8740,0.5875,0.0000,1.5075,14245.6445,18,1.0000,0.0000,0.0000,0.0000,63258.9492,3.1355,5530.8672,0.0000,11414
42,206,Paris_Small,generalize_stress_buildup,FaithfulMAPPER,3600,4,210,151,0.7190,1.0000,0.0000,615.8741,615.8741,0.3783,4.4825,300.4867,346.2126,955.2141,0.6358,23.2789,22.1275,835.1251,35.6381,85.2476,14207.9365,0,0,0.0000,0.0000,0.0000,0.0000,0,0.7190,0.2810,4.4920,1422.8550,building_up,0.3105,0.5596,1.2756,0.0000,1.0000,0.0000,109.4438,32,1226.3345,0.3518,0.6443,6,0,144237.3281,4.4429,0.0000,4.4429,0.6828,0.5014,0.0000,2.8905,63067.1562,63,1.1391,0.0000,0.0000,0.0000,73342.2031,3.3095,6769.0532,0.0000,17902
42,207,Paris_Small,generalize_stress_buildup,FaithfulMAPPER,3600,4,198,147,0.7424,1.0000,0.0000,690.9184,345.4592,0.5165,4.4808,351.3699,362.5482,1179.0796,0.6711,23.7908,22.1870,1021.4434,23.5568,100.5556,16759.2598,0,0,0.0000,0.0000,0.0000,0.0000,0,0.7424,0.2576,4.4185,1422.8550,building_up,0.2529,0.4559,1.2723,0.0000,1.0000,0.0000,115.5540,32,1225.9114,0.3567,0.5731,5,0,173324.7031,4.4091,0.0000,4.4091,0.6926,0.6126,0.0000,2.7031,80052.9453,52,1.1604,0.0000,0.0000,0.0000,85148.9531,3.2677,7927.9370,0.0000,19910
42,208,Paris_Small,generalize_over_fleet,FaithfulMAPPER,3600,60,51,46,0.9020,1.0000,0.0000,611.1087,87.3012,0.1267,4.6674,356.3044,269.8800,949.0276,0.5327,23.5694,21.9503,797.9099,354.8185,141.0392,23506.5352,0,0,0.0000,0.0000,0.0000,0.0000,0,0.9020,0.0980,4.7309,1812.0836,wave,0.1880,0.4581,1.1694,0.0000,1.0000,0.0000,166.4988,32,1505.2214,0.3541,0.6378,3,0,43655.2695,4.3529,0.0000,4.3529,0.8955,0.4727,0.0000,1.8849,9255.7480,7,1.6436,0.0000,0.0000,0.0000,91049.1953,3.4902,3869.3689,0.0000,7193
42,209,Paris_Small,generalize_over_fleet,FaithfulMAPPER,3600,60,48,41,0.8542,1.0000,0.0000,605.6829,75.7104,0.1341,4.6677,326.6585,297.2222,1020.7128,0.6249,23.4831,19.6564,872.1351,321.3215,149.9167,24986.1113,0,0,0.0000,0.0000,0.0000,0.0000,0,0.8542,0.1458,4.6963,1812.0836,wave,0.3010,0.6156,1.1045,0.0000,1.0000,0.0000,122.5160,28,1505.1984,0.3529,0.6345,3,0,41849.2227,4.1458,0.0000,4.1458,0.7795,0.4511,0.0000,3.1796,14092.4238,18,1.5446,0.0000,0.0000,0.0000,105870.4766,3.2500,4303.4780,0.0000,7196
42,210,Paris_Small,generalize_normal_wave,IPPO,3600,6,125,95,0.7600,1.0000,0.0000,688.4000,688.4000,0.2929,4.6572,340.4946,350.5049,1095.0327,0.6432,22.4716,21.0705,833.8046,194.8132,82.6400,13773.3330,0,0,0.0000,0.0000,0.0000,0.0000,0,0.7600,0.2400,4.6711,1812.0836,wave,0.2932,0.5459,1.2200,0.0000,1.0000,0.0000,121.4881,28,1509.4445,0.3625,0.7034,4,0,104028.1016,4.4720,0.0000,4.4720,0.7934,0.5113,0.0000,4.4709,59712.2617,38,1.1026,0.0000,0.0000,0.0000,63213.3359,3.3520,4556.8560,0.0000,10330
42,211,Paris_Small,generalize_normal_wave,IPPO,3600,6,97,71,0.7320,1.0000,0.0000,627.6901,313.8451,0.3707,4.6611,392.0282,259.4048,1035.9172,0.5285,23.7958,22.6624,864.1588,213.2443,89.5876,14931.2715,0,0,0.0000,0.0000,0.0000,0.0000,0,0.7320,0.2680,4.7246,1812.0836,wave,0.3623,0.6679,1.2049,0.0000,1.0000,0.0000,184.8447,28,1508.2905,0.3550,0.6584,3,0,73550.1250,4.1031,0.0000,4.1031,0.7016,0.5121,0.0000,4.3558,63632.6289,25,1.1125,0.0000,0.0000,0.0000,60908.9375,3.3711,4044.1499,0.0000,8690
42,212,Paris_Small,generalize_normal_ramp,IPPO,3600,6,102,85,0.8333,1.0000,0.0000,469.6823,0.0000,0.1295,4.3414,248.3765,229.8000,1000.8324,0.8059,24.1910,22.5563,803.6025,221.5593,51.4314,8571.8955,0,0,0.0000,0.0000,0.0000,0.0000,0,0.8333,0.1667,4.3460,995.9542,ramp_up_down,0.3135,0.6186,1.2856,0.0000,1.0000,0.0000,48.2100,24,881.1875,0.3033,0.4861,4,0,85070.7500,4.3529,0.0000,4.3529,0.8276,0.5106,0.0000,2.5713,25546.2715,20,1.3692,0.0000,0.0000,0.0000,34977.4297,3.5490,1844.3521,0.0000,5246
42,213,Paris_Small,generalize_normal_ramp,IPPO,3600,6,99,76,0.7677,1.0000,0.0000,540.3684,270.1842,0.4521,4.3440,283.4605,269.7222,1003.9099,0.7083,23.6452,21.7923,846.4451,199.8436,84.2222,14037.0371,0,0,0.0000,0.0000,0.0000,0.0000,0,0.7677,0.2323,4.3757,995.9542,ramp_up_down,0.3818,0.7233,1.2891,0.0000,1.0000,0.0000,82.6786,24,881.4878,0.2970,0.5755,4,0,76297.1484,4.3232,0.0000,4.3232,0.7576,0.5176,0.0000,2.3588,26472.7539,27,1.0929,0.0000,0.0000,0.0000,67433.2109,3.4646,5028.0601,0.0000,8338
42,214,Paris_Small,generalize_stress_shock,IPPO,3600,5,152,119,0.7829,1.0000,0.0000,491.3025,491.3025,0.3008,4.2175,236.8235,273.6934,863.6119,0.7293,23.3021,22.5942,746.8974,57.6509,77.3289,12888.1582,0,0,0.0000,0.0000,0.0000,0.0000,0,0.7829,0.2171,4.2004,825.8000,shock_burst,0.3406,0.6074,1.1894,0.0000,1.0000,0.0000,64.1012,28,702.0150,0.4485,0.5073,5,0,102769.8203,4.4013,0.0000,4.4013,0.7326,0.4176,0.0000,2.3873,43211.6406,26,1.0099,0.0000,0.0000,0.0000,67726.0312,3.3882,6606.2598,0.0000,11754
42,215,Paris_Small,generalize_stress_shock,IPPO,3600,5,155,130,0.8387,1.0000,0.0000,533.7462,533.7462,0.2118,4.2078,267.7923,290.5417,1025.8263,0.7661,23.5504,21.6888,880.0692,46.1456,62.3032,10383.8711,0,0,0.0000,0.0000,0.0000,0.0000,0,0.8387,0.1613,4.0825,825.8000,shock_burst,0.2920,0.5374,1.3616,0.0000,1.0000,0.0000,62.6270,24,701.1481,0.4651,0.4099,6,0,133357.4062,4.2000,0.0000,4.2000,0.7864,0.5612,0.0000,2.2366,44339.0156,27,1.0000,0.0000,0.0000,0.0000,51753.2656,3.1484,3191.8440,0.0000,9657
42,216,Paris_Small,generalize_stress_buildup,IPPO,3600,4,210,151,0.7190,1.0000,0.0000,605.1060,605.1060,0.4281,4.4833,291.1133,341.8830,953.9532,0.6554,23.2789,22.1275,835.1251,35.6381,96.2286,16038.0957,0,0,0.0000,0.0000,0.0000,0.0000,0,0.7190,0.2810,4.4917,1422.8550,building_up,0.3240,0.5916,1.2756,0.0000,1.0000,0.0000,100.3227,32,1226.0381,0.3514,0.6529,7,0,144046.9219,4.3476,0.0000,4.3476,0.6803,0.4995,0.0000,3.5694,66353.6094,58,1.1899,0.0000,0.0000,0.0000,83843.0391,3.3143,7686.5361,0.0000,20208
42,217,Paris_Small,generalize_stress_buildup,IPPO,3600,4,198,145,0.7323,1.0000,0.0000,648.8483,324.4241,0.5310,4.4805,346.9241,330.5349,1204.5037,0.6944,23.7908,22.1870,1021.4434,23.5568,103.2273,17204.5449,0,0,0.0000,0.0000,0.0000,0.0000,0,0.7323,0.2677,4.4177,1422.8550,building_up,0.2661,0.4855,1.2723,0.0000,1.0000,0.0000,106.0234,32,1225.8336,0.3574,0.6066,5,0,174653.0312,4.2828,0.0000,4.2828,0.7085,0.6354,0.0000,2.5942,64695.4648,61,1.2778,0.0000,0.0000,0.0000,86764.0703,3.3687,8368.7236,0.0000,20439
42,218,Paris_Small,generalize_over_fleet,IPPO,3600,60,51,43,0.8431,1.0000,0.0000,540.5582,77.2226,0.1316,4.6678,274.0465,265.5417,939.3765,0.6856,23.5694,21.9503,797.9099,354.8185,133.5490,22258.1699,0,0,0.0000,0.0000,0.0000,0.0000,0,0.8431,0.1569,4.7308,1812.0836,wave,0.2719,0.5734,1.1694,0.0000,1.0000,0.0000,86.1712,32,1505.1675,0.3534,0.6503,3,0,40393.1914,4.4314,0.0000,4.4314,0.8463,0.4779,0.0000,3.1305,18095.3066,14,1.6833,0.0000,0.0000,0.0000,82169.9609,3.5098,3363.7549,0.0000,6811
42,219,Paris_Small,generalize_over_fleet,IPPO,3600,60,48,39,0.8125,1.0000,0.0000,582.8718,83.2674,0.1328,4.6678,329.9231,268.8864,1007.9895,0.6110,23.4831,19.6564,872.1351,321.3215,104.4583,17409.7227,0,0,0.0000,0.0000,0.0000,0.0000,0,0.8125,0.1875,4.6961,1812.0836,wave,0.3697,0.7008,1.1045,0.0000,1.0000,0.0000,128.3252,28,1505.2675,0.3522,0.6230,3,0,39311.5898,4.1875,0.0000,4.1875,0.7597,0.4622,0.0000,5.9196,43761.6523,18,1.4250,0.0000,0.0000,0.0000,59458.0195,3.2917,2013.5160,0.0000,5014
42,220,Paris_Small,generalize_normal_wave,Hybrid,3600,6,125,102,0.8160,1.0000,0.0000,675.2745,675.2745,0.2968,4.6540,320.8726,352.5385,1052.3235,0.6559,22.4716,21.0705,833.8046,194.8132,85.2800,14213.3330,0,0,-0.0307,0.0000,0.0000,0.0000,546,0.8160,0.1840,4.6705,1812.0836,wave,0.2781,0.5081,1.2200,0.0000,1.0000,0.0000,110.4079,28,1509.6670,0.3705,0.6525,4,0,107336.9922,4.3680,0.0000,4.3680,0.8388,0.5034,0.0000,3.4568,51516.7852,41,1.6825,0.0000,0.0000,0.0000,65922.1797,3.3360,4822.2402,0.0000,10660
42,221,Paris_Small,generalize_normal_wave,Hybrid,3600,6,97,77,0.7938,1.0000,0.0000,576.4415,288.2208,0.3369,4.6610,321.9870,295.8764,1013.5684,0.6296,23.7958,22.6624,864.1588,213.2443,86.6392,14439.8623,0,0,-0.0186,0.0000,0.0000,0.0000,405,0.7938,0.2062,4.7240,1812.0836,wave,0.3875,0.7216,1.2049,0.0000,1.0000,0.0000,119.2733,28,1508.3561,0.3554,0.6553,4,0,78044.7656,4.1753,0.0000,4.1753,0.7560,0.5088,0.0000,2.9114,29662.0508,27,1.2754,0.0000,0.0000,0.0000,57493.5664,3.5052,3474.2400,0.0000,8404
42,222,Paris_Small,generalize_normal_ramp,Hybrid,3600,6,102,84,0.8235,1.0000,0.0000,480.1667,0.0000,0.1490,4.3411,245.6667,254.6875,957.5993,0.7796,24.1910,22.5563,803.6025,221.5593,47.9804,7996.7319,0,0,-0.0255,0.0000,0.0000,0.0000,421,0.8235,0.1765,4.3458,995.9542,ramp_up_down,0.3261,0.6299,1.2856,0.0000,1.0000,0.0000,54.1468,24,881.2783,0.3033,0.5158,4,0,80438.3438,4.1275,0.0000,4.1275,0.8057,0.5030,0.0000,2.8618,38175.3789,28,1.1834,0.0000,0.0000,0.0000,31476.3633,3.5196,1539.1541,0.0000,4894
42,223,Paris_Small,generalize_normal_ramp,Hybrid,3600,6,99,76,0.7677,1.0000,0.0000,505.0789,252.5395,0.3632,4.3443,256.8026,256.5889,979.0618,0.7625,23.6452,21.7923,846.4451,199.8436,79.8485,13308.0811,0,0,-0.0127,0.0000,0.0000,0.0000,435,0.7677,0.2323,4.3759,995.9542,ramp_up_down,0.4256,0.7762,1.2891,0.0000,1.0000,0.0000,60.9903,24,881.4644,0.2967,0.5650,4,0,74408.6953,4.3939,0.0000,4.3939,0.7323,0.5004,0.0000,2.8828,29393.2090,26,1.2079,0.0000,0.0000,0.0000,63085.8906,3.4242,4349.3931,0.0000,7905
42,224,Paris_Small,generalize_stress_shock,Hybrid,3600,5,152,124,0.8158,1.0000,0.0000,479.2661,239.6331,0.4182,4.2191,248.7661,235.8433,882.5365,0.7095,23.3021,22.5942,746.8974,57.6509,70.6974,11782.8945,0,0,-0.0203,0.0000,0.0000,0.0000,661,0.8158,0.1842,4.2007,825.8000,shock_burst,0.3161,0.5720,1.1894,0.0000,1.0000,0.0000,72.2588,28,701.9355,0.4467,0.4773,5,0,109434.5234,4.3487,0.0000,4.3487,0.7904,0.4323,0.0000,3.0263,50478.2617,23,1.0768,0.0000,0.0000,0.0000,60619.1133,3.3947,5366.9180,0.0000,10746
42,225,Paris_Small,generalize_stress_shock,Hybrid,3600,5,155,136,0.8774,1.0000,0.0000,493.4191,493.4191,0.3572,4.2074,261.7647,238.4589,1031.1760,0.7879,23.5504,21.6888,880.0692,46.1456,60.0387,10006.4512,0,0,-0.0430,0.0000,0.0000,1.0000,645,0.8774,0.1226,4.0794,825.8000,shock_burst,0.2759,0.5192,1.3616,0.0000,1.0000,0.0000,55.5295,24,701.1253,0.4653,0.4301,6,1,140239.9375,4.1613,0.0000,4.1613,0.8434,0.5753,0.0000,1.5980,18024.0039,18,1.1322,0.0000,0.0000,0.0000,49348.7734,3.0194,4018.8459,0.0000,9306
42,226,Paris_Small,generalize_stress_buildup,Hybrid,3600,4,210,157,0.7476,1.0000,0.0000,654.4904,654.4904,0.4418,4.4827,298.7372,375.9425,977.9879,0.6547,23.2789,22.1275,835.1251,35.6381,103.3190,17219.8418,0,0,-0.0249,0.0000,0.0000,0.0000,917,0.7476,0.2524,4.4915,1422.8550,building_up,0.2593,0.4737,1.2756,0.0000,1.0000,0.0000,103.1396,32,1226.1278,0.3525,0.5960,5,0,153544.0938,4.3667,0.0000,4.3667,0.7172,0.5065,0.0000,3.2045,89078.8594,60,1.2271,0.0000,0.0000,0.0000,91261.4922,3.4095,6700.1528,0.0000,21697
42,227,Paris_Small,generalize_stress_buildup,Hybrid,3600,4,198,147,0.7424,1.0000,0.0000,690.8503,345.4252,0.5529,4.4799,339.9048,383.4855,1213.7551,0.7142,23.7908,22.1870,1021.4434,23.5568,103.9343,17322.3906,0,0,-0.0457,0.0000,0.0000,0.0000,893,0.7424,0.2576,4.4164,1422.8550,building_up,0.2296,0.4243,1.2723,0.0000,1.0000,0.0000,97.1537,32,1225.9469,0.3582,0.6013,5,0,178422.0156,4.5101,0.0000,4.5101,0.7118,0.6296,0.0000,3.5785,146201.8906,62,1.1433,0.0000,0.0000,0.0000,85557.4766,3.4747,5258.5918,0.0000,20579
42,228,Paris_Small,generalize_over_fleet,Hybrid,3600,60,51,42,0.8235,1.0000,0.0000,564.8810,80.6973,0.1313,4.6671,315.0238,252.1020,954.6444,0.6061,23.5694,21.9503,797.9099,354.8185,106.4902,17748.3652,0,0,-0.0147,0.0000,0.0000,0.0000,230,0.8235,0.1765,4.7308,1812.0836,wave,0.2857,0.6494,1.1694,0.0000,1.0000,0.0000,124.0949,32,1505.2319,0.3545,0.5903,4,0,40095.0664,4.5098,0.0000,4.5098,0.8576,0.4958,0.0000,3.4549,18148.6953,12,1.5412,0.0000,0.0000,0.0000,51236.4102,3.4902,1751.2080,0.0000,5431
42,229,Paris_Small,generalize_over_fleet,Hybrid,3600,60,48,42,0.8750,1.0000,0.0000,562.4524,80.3503,0.1263,4.6675,320.8095,256.8936,992.6347,0.6188,23.4831,19.6564,872.1351,321.3215,84.4167,14069.4443,0,0,-0.0204,0.0000,0.0000,0.0000,189,0.8750,0.1250,4.6964,1812.0836,wave,0.3265,0.6547,1.1045,0.0000,1.0000,0.0000,122.2826,28,1505.2748,0.3527,0.6367,3,0,41690.6562,3.9375,0.0000,3.9375,0.7966,0.4501,0.0000,4.3852,31034.6211,14,1.4311,0.0000,0.0000,0.0000,38958.0000,3.1875,964.6630,0.0000,4052
42,230,Paris_Small,generalize_normal_wave,TokenPassing,3600,6,125,18,0.1440,1.0000,0.0000,1370.7222,342.6805,0.7818,4.6674,320.5882,1098.3529,1126.0848,0.7025,22.4716,21.0705,833.8046,194.8132,1617.2480,269541.3438,0,0,0.0000,0.0000,0.0000,0.0000,0,0.1440,0.8560,4.6808,1812.0836,wave,0.3519,0.6383,1.2200,0.0000,1.0000,0.0000,95.3713,28,1504.8317,0.3571,0.9589,5,0,20269.5273,5.0480,0.0000,0.0000,0.1563,0.5317,0.0000,3.4010,8584.4941,11,3.1179,0.0000,0.0000,0.0000,1587494.6250,0.0000,183996.2969,0.0000,202156
42,231,Paris_Small,generalize_normal_wave,TokenPassing,3600,6,97,23,0.2371,1.0000,0.0000,1062.3043,265.5761,0.7933,4.6675,279.5789,828.7895,1143.4243,0.8180,23.7958,22.6624,864.1588,213.2443,1858.8557,309809.2500,0,0,0.0000,0.0000,0.0000,0.0000,0,0.2371,0.7629,4.7301,1812.0836,wave,0.3841,0.6805,1.2049,0.0000,1.0000,0.0000,50.8941,28,1505.5588,0.3516,0.9182,8,0,26298.7598,5.2887,0.0000,0.0000,0.2522,0.5684,0.0000,2.1906,7115.5723,7,1.9258,0.0000,0.0000,0.0000,1825666.7500,0.0000,166435.7500,0.0000,180309
42,232,Paris_Small,generalize_normal_ramp,TokenPassing,3600,6,102,23,0.2255,1.0000,0.0000,940.0435,235.0109,0.7981,4.3517,217.9000,738.2174,980.6108,0.9001,24.1910,22.5563,803.6025,221.5593,2064.8530,344142.1562,0,0,0.0000,0.0000,0.0000,0.0000,0,0.2255,0.7745,4.3547,995.9542,ramp_up_down,0.2681,0.5307,1.2856,0.0000,1.0000,0.0000,21.7778,24,878.0586,0.3006,0.5502,6,1,22554.0488,5.0686,0.0000,0.0000,0.2498,0.5695,0.0000,2.2145,6129.6421,9,5.1140,0.0000,0.0000,0.0000,2039011.0000,0.0000,196705.2188,0.0000,210615
42,233,Paris_Small,generalize_normal_ramp,TokenPassing,3600,6,99,26,0.2626,1.0000,0.0000,796.8461,199.2115,0.7951,4.3515,212.1739,632.1154,966.0603,0.9106,23.6452,21.7923,846.4451,199.8436,1639.3636,273227.2500,0,0,0.0000,0.0000,0.0000,0.0000,0,0.2626,0.7374,4.3849,995.9542,ramp_up_down,0.2564,0.4551,1.2891,0.0000,1.0000,0.0000,18.9619,24,878.6186,0.2974,0.5884,7,1,25117.5684,5.1717,0.0000,0.0000,0.2801,0.5594,0.0000,1.9122,5248.4263,9,5.7775,0.0000,0.0000,0.0000,1616248.6250,0.0000,149367.3281,0.0000,162297
42,234,Paris_Small,generalize_stress_shock,TokenPassing,3600,5,152,21,0.1382,1.0000,0.0000,1082.0476,360.6825,0.7705,4.2747,224.7333,975.2353,680.4149,0.6055,23.3021,22.5942,746.8974,57.6509,1001.7039,166950.6719,0,0,0.0000,0.0000,0.0000,0.0000,0,0.1382,0.8618,4.2606,825.8000,shock_burst,0.3238,0.6281,1.1894,0.0000,1.0000,0.0000,88.6504,28,695.6995,0.4147,0.7667,9,2,14288.7119,3.9276,0.0000,0.0000,0.0950,0.3069,0.0000,1.6691,3310.9058,5,424804.1562,0.0000,0.0000,0.0000,971872.3125,0.0000,131974.7656,0.0000,152259
42,235,Paris_Small,generalize_stress_shock,TokenPassing,3600,5,155,20,0.1290,1.0000,0.0000,978.6000,326.2000,0.7741,4.2786,208.2000,864.0476,1144.7164,1.0000,23.5504,21.6888,880.0692,46.1456,965.2516,160875.2656,0,0,0.0000,0.0000,0.0000,0.0000,0,0.1290,0.8710,4.1719,825.8000,shock_burst,0.2200,0.4183,1.3616,0.0000,1.0000,0.0000,0.0000,24,694.3883,0.4189,0.6788,6,2,22894.3281,3.6710,0.0000,0.0000,0.1344,0.6235,0.0000,2.2111,4007.7488,5,4.8758,0.0000,0.0000,0.0000,939377.4375,0.0000,128454.4062,0.0000,149614
42,236,Paris_Small,generalize_stress_buildup,TokenPassing,3600,4,210,14,0.0667,1.0000,0.0000,905.6429,301.8810,0.7524,4.5128,197.2000,770.6667,926.0612,0.9392,23.2789,22.1275,835.1251,35.6381,1033.0476,172174.6094,0,0,0.0000,0.0000,0.0000,0.0000,0,0.0667,0.9333,4.5214,1422.8550,building_up,0.0714,0.1429,1.2756,0.0000,1.0000,0.0000,11.9878,32,1215.9053,0.3356,0.8938,4,3,12964.8555,3.0952,0.0000,0.0000,0.0554,0.4388,0.0000,7.4389,15173.6182,5,4.3774,0.0000,0.0000,0.0000,968225.5000,0.0000,179949.2500,0.0000,216940
42,237,Paris_Small,generalize_stress_buildup,TokenPassing,3600,4,198,17,0.0859,1.0000,0.0000,931.4706,310.4902,0.7516,4.5129,213.8333,988.2000,1294.9729,1.0000,23.7908,22.1870,1021.4434,23.5568,821.0555,136842.5781,0,0,0.0000,0.0000,0.0000,0.0000,0,0.0859,0.9141,4.4547,1422.8550,building_up,0.3088,0.6085,1.2723,0.0000,1.0000,0.0000,0.0000,32,1216.4355,0.3326,0.9027,7,0,22014.5391,2.9040,0.0000,0.0000,0.0960,0.7343,0.0000,3.5187,4069.1731,4,3.1692,0.0000,0.0000,0.0000,771818.5000,0.0000,131719.4531,0.0000,162569
42,238,Paris_Small,generalize_over_fleet,TokenPassing,3600,60,51,43,0.8431,1.0000,0.0000,459.4651,65.6379,0.1296,4.6677,312.7209,146.7755,903.9329,0.5781,23.5694,21.9503,797.9099,354.8185,180.2549,30042.4844,0,0,0.0000,0.0000,0.0000,0.0000,0,0.8431,0.1569,4.7312,1812.0836,wave,0.2791,0.6091,1.1694,0.0000,1.0000,0.0000,131.9343,32,1505.1847,0.3535,0.6895,3,0,38869.1133,52.1569,0.0000,0.0000,0.7711,0.4354,0.0000,3.2158,21467.2441,8,1.1911,0.0000,0.0000,0.0000,141203.2500,0.0000,1165.3370,0.0000,9193
42,239,Paris_Small,generalize_over_fleet,TokenPassing,3600,60,48,43,0.8958,1.0000,0.0000,530.6279,75.8040,0.1333,4.6683,351.7907,198.8913,1025.8259,0.5832,23.4831,19.6564,872.1351,321.3215,186.0625,31010.4160,0,0,0.0000,0.0000,0.0000,0.0000,0,0.8958,0.1042,4.6955,1812.0836,wave,0.2326,0.5533,1.1045,0.0000,1.0000,0.0000,146.6255,28,1505.2175,0.3514,0.7329,4,0,44110.5156,50.2083,0.0000,0.0000,0.8509,0.4695,0.0000,4.1735,16316.0957,18,1.1348,0.0000,0.0000,0.0000,142827.7500,0.0000,1197.5310,0.0000,8931
42,240,NewYork_Small,generalize_normal_wave,RMCA,3600,6,109,30,0.2752,1.0000,0.0000,931.0667,232.7667,0.7006,4.6578,253.9615,638.6667,1382.4882,1.0000,27.7513,25.0996,801.9833,228.9225,1797.5321,299588.6875,0,0,0.0000,0.0000,0.0000,0.0000,0,0.2752,0.7248,4.6639,1191.7008,wave,0.4359,0.8731,1.2150,0.0000,1.0000,0.0000,0.0000,24,991.9903,0.3633,0.7907,7,0,41474.6445,4.6881,0.0000,4.6881,0.3326,0.6007,0.0000,4.4080,16759.4863,10,1.0747,5.4946,976.4492,2145.0698,1784886.2500,13.5413,187062.9062,0.0000,195931
42,241,NewYork_Small,generalize_normal_wave,RMCA,3600,6,91,39,0.4286,1.0000,0.0000,926.0513,308.6837,0.5951,4.6567,283.2424,591.2424,1133.7933,0.8006,27.8576,25.3753,809.1266,225.7086,1682.2307,280371.8125,0,0,0.0000,0.0000,0.0000,0.0000,0,0.4286,0.5714,4.6431,1191.7008,wave,0.3453,0.7667,1.2901,0.0000,1.0000,0.0000,56.4838,24,992.1725,0.3652,0.9045,9,1,44217.9375,4.5934,0.0000,4.5934,0.4837,0.5574,0.0000,4.6776,13413.8945,22,1.0110,5.5965,1047.8336,2191.1477,1639956.6250,11.0659,143864.1250,0.0000,153083
42,242,NewYork_Small,generalize_normal_ramp,RMCA,3600,6,91,30,0.3297,1.0000,0.0000,758.1000,379.0500,0.3994,4.3481,311.6538,403.9643,1070.2349,0.6868,26.2427,24.5211,841.0787,208.4171,1732.3517,288725.2812,0,0,0.0000,0.0000,0.0000,0.0000,0,0.3297,0.6703,4.3878,655.0147,ramp_up_down,0.4667,0.8857,1.1757,0.0000,1.0000,0.0000,97.6069,28,578.9461,0.2973,0.6574,7,0,32107.0469,4.1978,0.0000,4.1978,0.3524,0.5423,0.0000,2.3738,7052.5117,8,1.0000,4.8694,1015.5272,2531.0967,1702207.5000,20.4286,144401.9062,0.0000,157644
42,243,NewYork_Small,generalize_normal_ramp,RMCA,3600,6,100,46,0.4600,1.0000,0.0000,712.7826,237.5942,0.5297,4.3376,317.4737,313.9756,1294.1180,0.8153,27.2827,24.9296,861.5276,198.1989,1852.6300,308771.6875,0,0,0.0000,0.0000,0.0000,0.0000,0,0.4600,0.5400,4.3743,655.0147,ramp_up_down,0.5345,1.1601,1.2731,0.0000,1.0000,0.0000,58.6501,28,580.0322,0.3033,0.5683,13,0,59529.4336,4.4600,0.0000,4.4600,0.5094,0.6001,0.0000,1.9510,6058.2310,10,1.0000,12.7571,1012.0063,2819.5833,1813927.3750,10.2800,175438.9062,0.0000,185263
42,244,NewYork_Small,generalize_stress_shock,RMCA,3600,5,155,67,0.4323,1.0000,0.0000,762.2239,381.1119,0.5299,4.2073,238.8772,587.0645,1200.7681,1.0000,27.4678,23.8903,827.4796,48.6000,894.8903,149148.3906,1,0,0.0000,0.0000,0.0000,0.0000,0,0.4323,0.5677,4.1954,543.2000,shock_burst,0.3865,0.7029,1.2582,0.0000,1.0000,0.0000,0.0000,20,461.4569,0.4613,0.5143,9,0,80451.4609,4.5742,0.0000,4.5742,0.4306,0.5241,0.0000,2.1396,8614.5176,12,118132.6406,15.8255,1008.4451,2963.6572,881463.9375,8.6258,119647.3984,0.0000,138708
42,245,NewYork_Small,generalize_stress_shock,RMCA,3600,5,147,57,0.3878,1.0000,0.0000,743.9123,371.9561,0.4261,4.2236,262.6227,532.2581,1130.6600,0.8611,27.7321,25.3708,859.2556,60.6837,902.1700,150361.6719,0,0,0.0000,0.0000,0.0000,0.0000,0,0.3878,0.6122,4.2024,543.2000,shock_burst,0.4001,0.7270,1.1703,0.0000,1.0000,0.0000,36.4906,24,461.0605,0.4490,0.5291,6,0,64447.6211,4.5918,0.0000,4.5918,0.3488,0.4325,0.0000,2.2161,15256.6104,18,1.1049,24.3553,805.8858,3399.1040,885401.5000,6.2313,119135.9922,0.0000,132619
42,246,NewYork_Small,generalize_stress_buildup,RMCA,3600,4,216,95,0.4398,1.0000,0.0000,640.3263,320.1631,0.6891,4.4802,241.6782,451.8454,971.7873,0.8042,27.2057,24.6979,828.8098,23.9090,705.9491,117658.1719,0,0,0.0000,0.0000,0.0000,0.0000,0,0.4398,0.5602,4.4287,935.7400,building_up,0.5059,0.9513,1.2278,0.0000,1.0000,0.0000,47.3207,28,806.3350,0.3633,0.5981,10,0,92319.7969,4.6852,0.0000,4.6852,0.3915,0.4382,0.0000,2.5716,22678.8613,29,1.2253,15.5901,932.2943,2508.6968,695708.0625,6.5556,136197.7969,0.0000,152485
42,247,NewYork_Small,generalize_stress_buildup,RMCA,3600,4,212,86,0.4057,1.0000,0.0000,623.0930,623.0930,0.3708,4.4818,259.2740,406.2169,1045.3889,0.8064,25.5668,23.3960,837.8206,31.0370,706.3444,117724.0469,0,0,0.0000,0.0000,0.0000,0.0000,0,0.4057,0.5943,4.4390,935.7400,building_up,0.4031,0.7992,1.2034,0.0000,1.0000,0.0000,50.1962,24,805.7453,0.3612,0.7233,11,0,89903.4453,4.6981,0.0000,4.6981,0.3833,0.4799,0.0000,2.9416,26055.0859,29,1.1329,12.1136,1305.7833,4396.5757,694257.0000,5.6557,135336.6562,0.0000,149745
42,248,NewYork_Small,generalize_over_fleet,RMCA,3600,60,58,52,0.8966,1.0000,0.0000,509.5192,84.9199,0.1105,4.6658,347.8039,159.7059,1110.8849,0.6388,27.3348,23.2744,782.1688,339.7451,1447.8448,241307.4688,0,0,0.0000,0.0000,0.0000,0.0000,0,0.8966,0.1034,4.7184,1191.7008,wave,0.2552,0.5419,1.1118,0.0000,1.0000,0.0000,125.6270,28,991.0858,0.3526,0.8064,4,1,57766.0156,4.1897,0.0000,4.1897,0.9070,0.4283,0.0000,3.0406,10351.5586,19,1.0358,1.3085,1326.0624,1630.5132,1414399.1250,4.0000,81471.4922,0.0000,83975
42,249,NewYork_Small,generalize_over_fleet,RMCA,3600,60,58,47,0.8103,1.0000,0.0000,552.2128,110.4426,0.0962,4.6617,306.0476,225.4348,926.0798,0.6052,26.8571,22.9530,719.5323,315.2915,1328.6897,221448.2812,0,0,0.0000,0.0000,0.0000,0.0000,0,0.8103,0.1897,4.6514,1191.7008,wave,0.2999,0.5641,1.2873,0.0000,1.0000,0.0000,120.8316,32,991.3253,0.3609,0.7921,3,0,43525.7500,4.3103,0.0000,4.3103,0.8206,0.4892,0.0000,3.1515,14942.4111,18,1.1421,1.3187,1172.6162,1381.8680,1304079.6250,3.7759,75140.3125,0.0000,77064
42,250,NewYork_Small,generalize_normal_wave,MAPPO,3600,6,109,85,0.7798,1.0000,0.0000,664.9529,0.0000,0.1268,4.6481,402.6588,285.3776,1068.7449,0.5308,27.7513,25.0996,801.9833,228.9225,183.2018,30533.6387,0,0,0.0000,0.0000,0.0000,0.0000,0,0.7798,0.2202,4.6546,1191.7008,wave,0.3418,0.6423,1.2150,0.0000,1.0000,0.0000,188.9098,24,994.7972,0.3683,0.7670,5,0,90843.3125,4.0183,0.0000,4.0183,0.7597,0.4842,0.0000,3.6166,53199.6992,41,1.1641,0.0000,0.0000,0.0000,168512.6250,3.5321,16190.1338,0.0000,19969
42,251,NewYork_Small,generalize_normal_wave,MAPPO,3600,6,91,76,0.8352,1.0000,0.0000,562.4474,562.4474,0.1762,4.6532,294.8421,322.1905,950.3407,0.6446,27.8576,25.3753,809.1266,225.7086,118.6374,19772.8945,0,0,0.0000,0.0000,0.0000,0.0000,0,0.8352,0.1648,4.6380,1191.7008,wave,0.3533,0.6449,1.2901,0.0000,1.0000,0.0000,104.7740,24,993.9347,0.3617,0.7877,4,0,72225.8906,4.0989,0.0000,4.0989,0.7552,0.4466,0.0000,3.6439,33031.3320,36,1.0055,0.0000,0.0000,0.0000,97193.3516,3.6923,7452.7798,0.0000,10796
42,252,NewYork_Small,generalize_normal_ramp,MAPPO,3600,6,91,68,0.7473,1.0000,0.0000,484.8971,484.8971,0.1893,4.3409,279.1912,243.2195,1048.9656,0.7514,26.2427,24.5211,841.0787,208.4171,162.4286,27071.4277,0,0,0.0000,0.0000,0.0000,0.0000,0,0.7473,0.2527,4.3792,655.0147,ramp_up_down,0.3695,0.7034,1.1757,0.0000,1.0000,0.0000,69.3980,28,580.9661,0.2952,0.5448,4,0,71329.6562,3.9670,0.0000,3.9670,0.6862,0.4659,0.0000,2.6283,18046.6895,23,1.0000,0.0000,0.0000,0.0000,148571.1250,3.5604,11068.4395,0.0000,14781
42,253,NewYork_Small,generalize_normal_ramp,MAPPO,3600,6,100,78,0.7800,1.0000,0.0000,530.0385,265.0192,0.3676,4.3286,283.9740,273.1477,1091.8722,0.7690,27.2827,24.9296,861.5276,198.1989,145.1100,24185.0000,0,0,0.0000,0.0000,0.0000,0.0000,0,0.7800,0.2200,4.3656,655.0147,ramp_up_down,0.3841,0.7041,1.2731,0.0000,1.0000,0.0000,65.5996,28,582.0269,0.3045,0.4762,4,0,85166.0312,4.2900,0.0000,4.2900,0.7402,0.5142,0.0000,2.1739,14717.0420,17,1.0817,0.0000,0.0000,0.0000,128294.4688,3.5800,10896.8984,0.0000,14511
42,254,NewYork_Small,generalize_stress_shock,MAPPO,3600,5,155,127,0.8194,1.0000,0.0000,547.2677,547.2677,0.3185,4.1685,270.9370,300.6250,1093.5754,0.8073,27.4678,23.8903,827.4796,48.6000,74.7613,12460.2148,0,0,0.0000,0.0000,0.0000,0.0000,0,0.8194,0.1806,4.1580,543.2000,shock_burst,0.3162,0.5682,1.2582,0.0000,1.0000,0.0000,52.2219,20,464.7394,0.4835,0.4538,5,0,138884.0781,4.1548,0.0000,4.1548,0.7954,0.5108,0.0000,2.2496,28847.8945,27,1.0000,0.0000,0.0000,0.0000,65771.9688,3.2065,5651.5269,0.0000,11588
42,255,NewYork_Small,generalize_stress_shock,MAPPO,3600,5,147,116,0.7891,1.0000,0.0000,523.4052,523.4052,0.3321,4.1784,288.4483,260.2769,1115.0220,0.7731,27.7321,25.3708,859.2556,60.6837,114.8775,19146.2578,0,0,0.0000,0.0000,0.0000,0.0000,0,0.7891,0.2109,4.1548,543.2000,shock_burst,0.3058,0.5819,1.1703,0.0000,1.0000,0.0000,65.4439,24,463.8214,0.4792,0.4745,6,0,129342.5391,4.1565,0.0000,4.1565,0.7592,0.4627,0.0000,2.7671,45920.3711,25,1.4185,0.0000,0.0000,0.0000,104534.9219,3.2993,11048.9443,0.0000,16887
42,256,NewYork_Small,generalize_stress_buildup,MAPPO,3600,4,216,161,0.7454,1.0000,0.0000,633.9565,316.9783,0.6091,4.4617,323.6478,337.8101,1042.2748,0.6441,27.2057,24.6979,828.8098,23.9090,110.1435,18357.2539,0,0,0.0000,0.0000,0.0000,0.0000,0,0.7454,0.2546,4.4063,935.7400,building_up,0.3016,0.5379,1.2278,0.0000,1.0000,0.0000,115.1928,28,810.1830,0.3762,0.5618,6,0,167806.2344,4.1250,0.0000,4.1250,0.6914,0.4566,0.0000,2.8989,63151.6016,61,1.6039,0.0000,0.0000,0.0000,99818.8672,3.6019,9280.7920,0.0000,23791
42,257,NewYork_Small,generalize_stress_buildup,MAPPO,3600,4,212,154,0.7264,1.0000,0.0000,597.2598,298.6299,0.5465,4.4647,290.1765,333.0114,1008.8301,0.6953,25.5668,23.3960,837.8206,31.0370,145.5330,24255.5039,0,0,0.0000,0.0000,0.0000,0.0000,0,0.7264,0.2736,4.4200,935.7400,building_up,0.2976,0.5662,1.2034,0.0000,1.0000,0.0000,88.4105,24,810.4964,0.3663,0.6382,7,0,155359.8281,4.2406,0.0000,4.2406,0.6810,0.4761,0.0000,3.0245,62636.7852,68,1.3696,0.0000,0.0000,0.0000,131817.4375,3.5991,16665.0410,0.0000,30853
42,258,NewYork_Small,generalize_over_fleet,MAPPO,3600,60,58,52,0.8966,1.0000,0.0000,596.7500,66.3056,0.1540,4.6647,349.7308,255.0526,991.0781,0.5668,27.3348,23.2744,782.1688,339.7451,411.1035,68517.2422,0,0,0.0000,0.0000,0.0000,0.0000,0,0.8966,0.1034,4.7169,1191.7008,wave,0.2406,0.5189,1.1118,0.0000,1.0000,0.0000,151.5152,28,991.2450,0.3537,0.7136,4,0,51536.0625,3.8448,0.0000,3.8448,0.8385,0.3959,0.0000,3.3565,15337.1387,24,1.6269,0.0000,0.0000,0.0000,370272.9062,3.3276,20699.3516,0.0000,23844
42,259,NewYork_Small,generalize_over_fleet,MAPPO,3600,60,58,51,0.8793,1.0000,0.0000,594.7843,74.3480,0.1397,4.6614,313.8000,304.7091,882.7211,0.5626,26.8571,22.9530,719.5323,315.2915,375.4310,62571.8398,0,0,0.0000,0.0000,0.0000,0.0000,0,0.8793,0.1207,4.6505,1191.7008,wave,0.3473,0.6459,1.2873,0.0000,1.0000,0.0000,137.2558,32,991.5203,0.3601,0.7617,3,0,45018.7773,4.2586,0.0000,4.2586,0.8444,0.4640,0.0000,3.6834,17881.4336,16,2.0269,0.0000,0.0000,0.0000,349243.5938,3.6379,19499.2031,0.0000,21775
42,260,NewYork_Small,generalize_normal_wave,FaithfulMAPPER,3600,6,109,88,0.8073,1.0000,0.0000,737.3977,737.3977,0.2569,4.6486,420.4773,322.7423,1161.9890,0.5527,27.7513,25.0996,801.9833,228.9225,71.9541,11992.3545,0,0,0.0000,0.0000,0.0000,0.0000,0,0.8073,0.1927,4.6553,1191.7008,wave,0.2872,0.5409,1.2150,0.0000,1.0000,0.0000,188.0795,24,994.6828,0.3675,0.7766,4,0,102255.0312,4.2936,0.0000,4.2936,0.8659,0.5331,0.0000,3.3496,41557.0703,39,1.0000,0.0000,0.0000,0.0000,56356.3672,3.6514,3790.0581,0.0000,7843
42,261,NewYork_Small,generalize_normal_wave,FaithfulMAPPER,3600,6,91,76,0.8352,1.0000,0.0000,581.9079,290.9539,0.3562,4.6508,282.5658,302.5765,1108.8262,0.7848,27.8576,25.3753,809.1266,225.7086,78.5495,13091.5752,0,0,0.0000,0.0000,0.0000,0.0000,0,0.8352,0.1648,4.6381,1191.7008,wave,0.3432,0.6935,1.2901,0.0000,1.0000,0.0000,60.8006,24,993.8444,0.3681,0.6444,5,0,84270.7891,4.0989,0.0000,4.0989,0.8232,0.4868,0.0000,2.6336,21095.8906,24,1.7181,0.0000,0.0000,0.0000,57128.5391,3.5385,3727.5281,0.0000,7148
42,262,NewYork_Small,generalize_normal_ramp,FaithfulMAPPER,3600,6,91,73,0.8022,1.0000,0.0000,466.4247,0.0000,0.1574,4.3406,257.6301,223.6506,1050.0887,0.8152,26.2427,24.5211,841.0787,208.4171,114.0879,19014.6523,0,0,0.0000,0.0000,0.0000,0.0000,0,0.8022,0.1978,4.3784,655.0147,ramp_up_down,0.3830,0.7493,1.1757,0.0000,1.0000,0.0000,47.6124,28,581.0239,0.2955,0.5321,4,0,76656.4766,4.0110,0.0000,4.0110,0.7355,0.4651,0.0000,2.0123,13098.0850,16,1.0000,0.0000,0.0000,0.0000,99034.2109,3.5824,6817.2529,0.0000,10382
42,263,NewYork_Small,generalize_normal_ramp,FaithfulMAPPER,3600,6,100,77,0.7700,1.0000,0.0000,495.2857,495.2857,0.2984,4.3295,298.5065,230.6092,1066.2861,0.7144,27.2827,24.9296,861.5276,198.1989,103.8100,17301.6660,0,0,0.0000,0.0000,0.0000,0.0000,0,0.7700,0.2300,4.3668,655.0147,ramp_up_down,0.3657,0.6862,1.2731,0.0000,1.0000,0.0000,85.2493,28,581.8175,0.3046,0.5282,5,0,82104.0312,3.8900,0.0000,3.8900,0.7205,0.5070,0.0000,2.8323,27695.3594,23,1.0054,0.0000,0.0000,0.0000,87683.7188,3.4400,7116.6729,0.0000,10381
42,264,NewYork_Small,generalize_stress_shock,FaithfulMAPPER,3600,5,155,134,0.8645,1.0000,0.0000,502.7015,502.7015,0.2948,4.1745,260.8060,256.5625,1089.7382,0.8357,27.4678,23.8903,827.4796,48.6000,51.6194,8603.2256,0,0,0.0000,0.0000,0.0000,0.0000,0,0.8645,0.1355,4.1594,543.2000,shock_burst,0.3028,0.5396,1.2582,0.0000,1.0000,0.0000,42.8583,20,464.2656,0.4799,0.4453,5,0,146024.9219,3.9484,0.0000,3.9484,0.8389,0.5105,0.0000,2.0679,23347.7207,18,1.6338,0.0000,0.0000,0.0000,42859.4336,3.0903,2973.0750,0.0000,8001
42,265,NewYork_Small,generalize_stress_shock,FaithfulMAPPER,3600,5,147,116,0.7891,1.0000,0.0000,508.1207,254.0603,0.4216,4.1780,247.9224,292.9398,1065.9453,0.8599,27.7321,25.3708,859.2556,60.6837,76.1905,12698.4131,0,0,0.0000,0.0000,0.0000,0.0000,0,0.7891,0.2109,4.1577,543.2000,shock_burst,0.3330,0.6308,1.1703,0.0000,1.0000,0.0000,34.7334,24,463.8703,0.4786,0.3904,7,0,123649.6562,3.8912,0.0000,3.8912,0.7548,0.4600,0.0000,1.5991,17995.7930,16,1.3806,0.0000,0.0000,0.0000,66848.0078,3.2041,5908.0669,0.0000,11200
42,266,NewYork_Small,generalize_stress_buildup,FaithfulMAPPER,3600,4,216,167,0.7731,1.0000,0.0000,606.2515,303.1258,0.6520,4.4600,302.2156,338.7846,1045.4437,0.6919,27.2057,24.6979,828.8098,23.9090,109.6204,18270.0625,0,0,0.0000,0.0000,0.0000,0.0000,0,0.7731,0.2269,4.4070,935.7400,building_up,0.2797,0.5000,1.2278,0.0000,1.0000,0.0000,93.1268,28,810.4761,0.3776,0.5133,6,0,174589.0938,4.2269,0.0000,4.2269,0.7245,0.4613,0.0000,2.3426,49184.1836,45,1.6681,0.0000,0.0000,0.0000,98321.0703,3.4676,8476.7129,0.0000,23678
42,267,NewYork_Small,generalize_stress_buildup,FaithfulMAPPER,3600,4,212,158,0.7453,1.0000,0.0000,590.1266,590.1266,0.4129,4.4640,290.2420,320.0454,1054.1227,0.7264,25.5668,23.3960,837.8206,31.0370,139.9387,23323.1133,0,0,0.0000,0.0000,0.0000,0.0000,0,0.7453,0.2547,4.4211,935.7400,building_up,0.3040,0.5458,1.2034,0.0000,1.0000,0.0000,79.4175,24,810.7441,0.3658,0.5760,5,0,166551.3906,4.0189,0.0000,4.0189,0.7306,0.4979,0.0000,3.2897,79278.5391,59,1.0805,0.0000,0.0000,0.0000,125669.9375,3.4906,13244.5215,0.0000,29667
42,268,NewYork_Small,generalize_over_fleet,FaithfulMAPPER,3600,60,58,49,0.8448,1.0000,0.0000,526.8367,65.8546,0.1383,4.6649,338.7143,216.4364,1044.7073,0.6169,27.3348,23.2744,782.1688,339.7451,164.9310,27488.5059,0,0,0.0000,0.0000,0.0000,0.0000,0,0.8448,0.1552,4.7182,1191.7008,wave,0.3150,0.6170,1.1118,0.0000,1.0000,0.0000,129.7728,28,991.1311,0.3543,0.6826,3,0,51190.6562,3.8621,0.0000,3.8621,0.8323,0.4171,0.0000,2.8337,16589.9824,21,1.5335,0.0000,0.0000,0.0000,121388.7266,3.2931,6159.8252,0.0000,9566
42,269,NewYork_Small,generalize_over_fleet,FaithfulMAPPER,3600,60,58,44,0.7586,1.0000,0.0000,655.4545,65.5455,0.1740,4.6619,316.8636,372.4231,796.2042,0.5026,26.8571,22.9530,719.5323,315.2915,245.3621,40893.6797,0,0,0.0000,0.0000,0.0000,0.0000,0,0.7586,0.2414,4.6520,1191.7008,wave,0.4307,0.8576,1.2873,0.0000,1.0000,0.0000,157.6228,32,991.3206,0.3610,0.7813,4,0,35032.9844,4.3103,0.0000,4.3103,0.6357,0.4048,0.0000,4.3231,29227.9766,25,2.1252,0.0000,0.0000,0.0000,220083.8125,3.5517,11852.7539,0.0000,14231
42,270,NewYork_Small,generalize_normal_wave,IPPO,3600,6,109,84,0.7706,1.0000,0.0000,576.9643,576.9643,0.2117,4.6468,308.0119,307.8000,1052.4580,0.6834,27.7513,25.0996,801.9833,228.9225,105.2018,17533.6387,0,0,0.0000,0.0000,0.0000,0.0000,0,0.7706,0.2294,4.6558,1191.7008,wave,0.3520,0.6547,1.2150,0.0000,1.0000,0.0000,97.5203,24,994.6750,0.3727,0.8190,4,0,88406.4688,3.9817,0.0000,3.9817,0.7903,0.5097,0.0000,5.0827,54906.6914,42,1.2268,0.0000,0.0000,0.0000,88940.7031,3.4771,7253.3901,0.0000,11467
42,271,NewYork_Small,generalize_normal_wave,IPPO,3600,6,91,76,0.8352,1.0000,0.0000,601.4211,601.4211,0.2815,4.6521,302.0921,334.6744,1040.3650,0.6888,27.8576,25.3753,809.1266,225.7086,74.1209,12353.4795,0,0,0.0000,0.0000,0.0000,0.0000,0,0.8352,0.1648,4.6383,1191.7008,wave,0.3320,0.6359,1.2901,0.0000,1.0000,0.0000,94.0191,24,993.8828,0.3638,0.6995,4,0,79067.7344,4.0549,0.0000,4.0549,0.8164,0.4828,0.0000,2.8584,22524.5293,29,1.2802,0.0000,0.0000,0.0000,52522.7031,3.5824,3094.0940,0.0000,6745
42,272,NewYork_Small,generalize_normal_ramp,IPPO,3600,6,91,70,0.7692,1.0000,0.0000,525.7429,0.0000,0.1094,4.3410,289.1429,257.5679,1111.1489,0.7686,26.2427,24.5211,841.0787,208.4171,83.9560,13992.6738,0,0,0.0000,0.0000,0.0000,0.0000,0,0.7692,0.2308,4.3810,655.0147,ramp_up_down,0.3265,0.6164,1.1757,0.0000,1.0000,0.0000,66.9131,28,581.0031,0.2947,0.5352,4,0,77780.4297,4.0879,0.0000,4.0879,0.7741,0.5105,0.0000,2.8119,22017.9629,21,1.0000,0.0000,0.0000,0.0000,68284.6562,3.5275,3488.0750,0.0000,7640
42,273,NewYork_Small,generalize_normal_ramp,IPPO,3600,6,100,72,0.7200,1.0000,0.0000,542.3472,542.3472,0.2508,4.3289,292.0000,270.3296,1103.1564,0.7556,27.2827,24.9296,861.5276,198.1989,108.3600,18060.0000,0,0,0.0000,0.0000,0.0000,0.0000,0,0.7200,0.2800,4.3668,655.0147,ramp_up_down,0.3564,0.6568,1.2731,0.0000,1.0000,0.0000,71.3687,28,581.9986,0.3042,0.5210,3,0,79427.2578,4.1500,0.0000,4.1500,0.6974,0.5249,0.0000,2.2462,22408.2539,22,1.0920,0.0000,0.0000,0.0000,91910.7266,3.6000,7081.1138,0.0000,10836
42,274,NewYork_Small,generalize_stress_shock,IPPO,3600,5,155,133,0.8581,1.0000,0.0000,525.5489,0.0000,0.1585,4.1693,258.8120,287.0068,1076.1315,0.8316,27.4678,23.8903,827.4796,48.6000,54.8129,9135.4834,0,0,0.0000,0.0000,0.0000,0.0000,0,0.8581,0.1419,4.1513,543.2000,shock_burst,0.2829,0.5068,1.2582,0.0000,1.0000,0.0000,43.5858,20,464.5939,0.4834,0.4468,5,0,143125.4844,4.1032,0.0000,4.1032,0.8220,0.5040,0.0000,2.4726,26506.2422,25,1.0000,0.0000,0.0000,0.0000,45545.8906,3.2839,2761.6001,0.0000,8496
42,275,NewYork_Small,generalize_stress_shock,IPPO,3600,5,147,121,0.8231,1.0000,0.0000,516.8760,258.4380,0.5363,4.1770,254.6116,304.2222,1105.1692,0.8681,27.7321,25.3708,859.2556,60.6837,79.0136,13168.9346,0,0,0.0000,0.0000,0.0000,0.0000,0,0.8231,0.1769,4.1553,543.2000,shock_burst,0.2646,0.5158,1.1703,0.0000,1.0000,0.0000,33.5777,24,463.9217,0.4799,0.4638,5,0,133725.4844,4.2109,0.0000,4.2109,0.7704,0.4501,0.0000,2.0349,25309.3828,22,1.1759,0.0000,0.0000,0.0000,69293.3359,3.2109,6441.7158,0.0000,11615
42,276,NewYork_Small,generalize_stress_buildup,IPPO,3600,4,216,163,0.7546,1.0000,0.0000,561.7178,280.8589,0.5977,4.4606,309.1288,306.0160,1054.0299,0.6819,27.2057,24.6979,828.8098,23.9090,75.6713,12611.8828,0,0,0.0000,0.0000,0.0000,0.0000,0,0.7546,0.2454,4.4062,935.7400,building_up,0.2641,0.4756,1.2278,0.0000,1.0000,0.0000,98.3229,28,810.1794,0.3789,0.6072,5,0,171806.8750,4.0370,0.0000,4.0370,0.7304,0.4765,0.0000,2.3097,52706.8359,54,1.2061,0.0000,0.0000,0.0000,65305.1328,3.3889,3799.0491,0.0000,16345
42,277,NewYork_Small,generalize_stress_buildup,IPPO,3600,4,212,173,0.8160,1.0000,0.0000,570.1561,570.1561,0.4613,4.4632,295.5756,300.7053,1040.0977,0.7038,25.5668,23.3960,837.8206,31.0370,95.6415,15940.2520,0,0,0.0000,0.0000,0.0000,0.0000,0,0.8160,0.1840,4.4210,935.7400,building_up,0.2895,0.5148,1.2034,0.0000,1.0000,0.0000,87.5561,24,810.8336,0.3667,0.5632,6,0,179936.9062,3.9009,0.0000,3.9009,0.7967,0.4958,0.0000,2.5196,62111.5234,58,2.1722,0.0000,0.0000,0.0000,81936.0938,3.4434,7433.6782,0.0000,20276
42,278,NewYork_Small,generalize_over_fleet,IPPO,3600,60,58,53,0.9138,1.0000,0.0000,638.6981,70.9665,0.1547,4.6623,326.0566,315.8036,1040.0190,0.6379,27.3348,23.2744,782.1688,339.7451,140.3621,23393.6777,0,0,0.0000,0.0000,0.0000,0.0000,0,0.9138,0.0862,4.7173,1191.7008,wave,0.2024,0.4265,1.1118,0.0000,1.0000,0.0000,118.0528,28,991.2448,0.3593,0.7585,3,0,55121.0078,3.8621,0.0000,3.8621,0.8808,0.4080,0.0000,2.7141,16013.5625,21,1.5622,0.0000,0.0000,0.0000,99871.7969,3.2759,4868.8960,0.0000,8141
42,279,NewYork_Small,generalize_over_fleet,IPPO,3600,60,58,50,0.8621,1.0000,0.0000,608.1200,76.0150,0.1447,4.6625,307.1800,303.3455,899.6827,0.5858,26.8571,22.9530,719.5323,315.2915,98.3276,16387.9316,0,0,0.0000,0.0000,0.0000,0.0000,0,0.8621,0.1379,4.6507,1191.7008,wave,0.3044,0.6145,1.2873,0.0000,1.0000,0.0000,127.2435,32,991.4175,0.3584,0.6852,3,0,44984.1328,4.1034,0.0000,4.1034,0.8383,0.4698,0.0000,2.9983,17918.1543,15,2.2044,0.0000,0.0000,0.0000,72214.0859,3.5172,3325.9910,0.0000,5703
42,280,NewYork_Small,generalize_normal_wave,Hybrid,3600,6,109,85,0.7798,1.0000,0.0000,602.1059,602.1059,0.1972,4.6484,297.7177,342.6364,1030.0352,0.6920,27.7513,25.0996,801.9833,228.9225,91.5963,15266.0547,0,0,-0.0226,0.0000,0.0000,0.0000,451,0.7798,0.2202,4.6538,1191.7008,wave,0.3614,0.6763,1.2150,0.0000,1.0000,0.0000,91.7106,24,994.6942,0.3679,0.7721,5,0,87552.9922,4.1376,0.0000,4.1376,0.7740,0.4934,0.0000,3.4797,35949.9961,39,1.0000,0.0000,0.0000,0.0000,75355.8828,3.6514,5788.1499,0.0000,9984
42,281,NewYork_Small,generalize_normal_wave,Hybrid,3600,6,91,78,0.8571,1.0000,0.0000,557.9487,0.0000,0.0857,4.6528,296.5641,279.1954,1023.8341,0.6905,27.8576,25.3753,809.1266,225.7086,71.3956,11899.2676,0,0,-0.0174,0.0000,0.0000,0.0000,368,0.8571,0.1429,4.6388,1191.7008,wave,0.3513,0.6492,1.2901,0.0000,1.0000,0.0000,91.7973,24,993.8053,0.3635,0.7745,4,0,79859.0625,4.0440,0.0000,4.0440,0.8130,0.4684,0.0000,2.9730,31564.9355,33,1.1079,0.0000,0.0000,0.0000,50082.4844,3.6154,3074.2991,0.0000,6497
42,282,NewYork_Small,generalize_normal_ramp,Hybrid,3600,6,91,71,0.7802,1.0000,0.0000,477.3521,477.3521,0.1715,4.3410,267.4084,250.6905,964.4239,0.7213,26.2427,24.5211,841.0787,208.4171,62.7582,10459.7070,0,0,-0.0114,0.0000,0.0000,0.0000,372,0.7802,0.2198,4.3776,655.0147,ramp_up_down,0.3772,0.6980,1.1757,0.0000,1.0000,0.0000,74.5237,28,581.0228,0.2949,0.5389,4,0,68474.0938,4.0879,0.0000,4.0879,0.6750,0.4389,0.0000,2.2676,19024.2168,25,1.0000,0.0000,0.0000,0.0000,47186.7695,3.5275,1909.6960,0.0000,5711
42,283,NewYork_Small,generalize_normal_ramp,Hybrid,3600,6,100,76,0.7600,1.0000,0.0000,510.1842,510.1842,0.1719,4.3303,277.5132,261.8539,1027.5238,0.7405,27.2827,24.9296,861.5276,198.1989,94.4200,15736.6670,0,0,-0.0163,0.0000,0.0000,0.0000,408,0.7600,0.2400,4.3679,655.0147,ramp_up_down,0.3640,0.6707,1.2731,0.0000,1.0000,0.0000,72.0084,28,581.8116,0.3035,0.4650,4,0,78091.8047,4.0800,0.0000,4.0800,0.6797,0.4846,0.0000,2.3169,17524.2246,15,1.0195,0.0000,0.0000,0.0000,77610.8203,3.5400,5771.0122,0.0000,9442
42,284,NewYork_Small,generalize_stress_shock,Hybrid,3600,5,155,137,0.8839,1.0000,0.0000,535.0657,535.0657,0.2158,4.1696,282.0730,253.3699,1073.3319,0.7610,27.4678,23.8903,827.4796,48.6000,80.5806,13430.1074,0,0,-0.0320,0.0000,0.0000,0.0000,635,0.8839,0.1161,4.1522,543.2000,shock_burst,0.3118,0.5631,1.2582,0.0000,1.0000,0.0000,67.4066,20,464.5092,0.4834,0.4552,6,0,147046.4844,4.0968,0.0000,4.0968,0.8357,0.4975,0.0000,2.7010,29806.9316,26,1.1092,0.0000,0.0000,0.0000,71986.9844,3.2129,7411.8950,0.0000,12490
42,285,NewYork_Small,generalize_stress_shock,Hybrid,3600,5,147,122,0.8299,1.0000,0.0000,518.8033,518.8033,0.3427,4.1784,271.1557,273.7391,1124.2828,0.8293,27.7321,25.3708,859.2556,60.6837,66.6871,11114.5127,0,0,-0.0273,0.0000,0.0000,0.0000,600,0.8299,0.1701,4.1563,543.2000,shock_burst,0.2998,0.5622,1.1703,0.0000,1.0000,0.0000,46.2992,24,463.9397,0.4782,0.4796,5,0,137162.5000,4.0816,0.0000,4.0816,0.7993,0.4632,0.0000,2.5406,36371.5352,24,1.1349,0.0000,0.0000,0.0000,57784.1992,3.0544,5159.5239,0.0000,9803
42,286,NewYork_Small,generalize_stress_buildup,Hybrid,3600,4,216,163,0.7546,1.0000,0.0000,582.5521,291.2761,0.5442,4.4602,295.4172,309.3817,1024.6531,0.6937,27.2057,24.6979,828.8098,23.9090,116.6944,19449.0742,0,0,-0.0316,0.0000,0.0000,0.0000,890,0.7546,0.2454,4.4054,935.7400,building_up,0.2749,0.4988,1.2278,0.0000,1.0000,0.0000,90.4866,28,810.2247,0.3789,0.5721,6,0,167018.4531,4.1204,0.0000,4.1204,0.7118,0.4644,0.0000,2.4336,56630.0078,52,1.2938,0.0000,0.0000,0.0000,106732.2109,3.3657,11269.5430,0.0000,25206
42,287,NewYork_Small,generalize_stress_buildup,Hybrid,3600,4,212,167,0.7877,1.0000,0.0000,624.4670,624.4670,0.3282,4.4639,313.0000,336.5294,1007.3315,0.6437,25.5668,23.3960,837.8206,31.0370,125.4387,20906.4473,0,0,-0.0376,0.0000,0.0000,0.0000,841,0.7877,0.2123,4.4211,935.7400,building_up,0.2532,0.5127,1.2034,0.0000,1.0000,0.0000,111.5337,24,810.8458,0.3656,0.6135,9,0,168224.3594,3.9670,0.0000,3.9670,0.7355,0.4742,0.0000,2.6009,58594.2188,78,1.0000,0.0000,0.0000,0.0000,109700.8125,3.5236,10922.7373,0.0000,26593
42,288,NewYork_Small,generalize_over_fleet,Hybrid,3600,60,58,49,0.8448,1.0000,0.0000,618.2449,56.2041,0.1911,4.6636,304.6122,320.8889,938.3860,0.6161,27.3348,23.2744,782.1688,339.7451,233.1897,38864.9414,0,0,-0.0018,0.0000,0.0000,0.0000,231,0.8448,0.1552,4.7175,1191.7008,wave,0.3158,0.6450,1.1118,0.0000,1.0000,0.0000,116.9350,28,991.2169,0.3566,0.8287,3,0,45980.9180,3.9828,0.0000,3.9828,0.7767,0.3892,0.0000,4.5228,24226.1289,21,1.7143,0.0000,0.0000,0.0000,190401.7031,3.3448,10070.2188,0.0000,13525
42,289,NewYork_Small,generalize_over_fleet,Hybrid,3600,60,58,50,0.8621,1.0000,0.0000,606.0600,75.7575,0.1498,4.6617,304.1800,332.2807,841.4301,0.5532,26.8571,22.9530,719.5323,315.2915,111.3793,18563.2188,0,0,-0.0047,0.0000,0.0000,0.0000,248,0.8621,0.1379,4.6505,1191.7008,wave,0.3364,0.6829,1.2873,0.0000,1.0000,0.0000,135.8940,32,991.4305,0.3602,0.7264,4,0,42071.5000,4.2759,0.0000,4.2759,0.7761,0.4350,0.0000,2.5490,15673.0605,19,1.6652,0.0000,0.0000,0.0000,86710.2969,3.6552,4019.3899,0.0000,6460
42,290,NewYork_Small,generalize_normal_wave,TokenPassing,3600,6,109,18,0.1651,1.0000,0.0000,1274.4445,318.6111,0.8035,4.6591,156.8235,1159.1666,1003.2103,1.0000,27.7513,25.0996,801.9833,228.9225,1617.6331,269605.5000,0,0,0.0000,0.0000,0.0000,0.0000,0,0.1651,0.8349,4.6656,1191.7008,wave,0.2593,0.4714,1.2150,0.0000,1.0000,0.0000,0.0000,24,991.2322,0.3651,0.9237,5,1,18057.7852,4.9725,0.0000,0.0000,0.1548,0.4658,0.0000,2.7412,7317.2515,7,3.7474,0.0000,0.0000,0.0000,1582550.5000,0.0000,162833.1094,0.0000,176322
42,291,NewYork_Small,generalize_normal_wave,TokenPassing,3600,6,91,22,0.2418,1.0000,0.0000,849.1818,212.2955,0.7934,4.6610,226.0588,480.5789,725.3582,0.6417,27.8576,25.3753,809.1266,225.7086,2610.8242,435137.3438,0,0,0.0000,0.0000,0.0000,0.0000,0,0.2418,0.7582,4.6446,1191.7008,wave,0.5152,0.9535,1.2901,0.0000,1.0000,0.0000,80.9872,24,991.5600,0.3575,0.8837,9,0,15957.8799,4.9121,0.0000,0.0000,0.1883,0.3847,0.0000,5.4110,14204.3428,8,4.6974,0.0000,0.0000,0.0000,2568794.0000,0.0000,226433.1406,0.0000,237585
42,292,NewYork_Small,generalize_normal_ramp,TokenPassing,3600,6,91,24,0.2637,1.0000,0.0000,878.6667,219.6667,0.7836,4.3503,158.9524,704.9130,879.7458,1.0000,26.2427,24.5211,841.0787,208.4171,2490.2417,415040.2812,0,0,0.0000,0.0000,0.0000,0.0000,0,0.2637,0.7363,4.3895,655.0147,ramp_up_down,0.3889,0.7071,1.1757,0.0000,1.0000,0.0000,0.0000,28,578.5842,0.2960,0.5479,8,0,21113.9004,5.1209,0.0000,0.0000,0.2268,0.4363,0.0000,2.0088,5946.1602,6,5.4745,0.0000,0.0000,0.0000,2467672.0000,0.0000,216662.6406,0.0000,226612
42,293,NewYork_Small,generalize_normal_ramp,TokenPassing,3600,6,100,41,0.4100,1.0000,0.0000,930.1707,232.5427,0.8070,4.3419,134.9688,795.7500,1084.2089,1.0000,27.2827,24.9296,861.5276,198.1989,1556.5500,259425.0156,0,0,0.0000,0.0000,0.0000,0.0000,0,0.4100,0.5900,4.3786,655.0147,ramp_up_down,0.2642,0.4736,1.2731,0.0000,1.0000,0.0000,0.0000,28,579.4150,0.3007,0.5882,12,2,44452.5625,4.9800,0.0000,0.0000,0.4086,0.5399,0.0000,2.7636,5674.6758,6,4.5287,0.0000,0.0000,0.0000,1533435.5000,0.0000,143992.1875,0.0000,155655
42,294,NewYork_Small,generalize_stress_shock,TokenPassing,3600,5,155,19,0.1226,1.0000,0.0000,969.9474,323.3158,0.7739,4.2638,250.7333,803.2941,1121.3519,0.8945,27.4678,23.8903,827.4796,48.6000,1128.4387,188073.1250,0,0,0.0000,0.0000,0.0000,0.0000,0,0.1226,0.8774,4.2540,543.2000,shock_burst,0.2526,0.4528,1.2582,0.0000,1.0000,0.0000,26.4630,20,458.0933,0.4253,0.7195,6,1,21305.6855,3.6452,0.0000,0.0000,0.1055,0.4528,0.0000,2.0918,3102.5176,4,8.5233,0.0000,0.0000,0.0000,1074118.5000,0.0000,155335.1406,0.0000,174908
42,295,NewYork_Small,generalize_stress_shock,TokenPassing,3600,5,147,19,0.1293,1.0000,0.0000,722.4737,240.8246,0.7680,4.2619,147.2857,563.7333,1197.0934,1.0000,27.7321,25.3708,859.2556,60.6837,985.4830,164247.1719,0,0,0.0000,0.0000,0.0000,0.0000,0,0.1293,0.8707,4.2469,543.2000,shock_burst,0.4632,0.8388,1.1703,0.0000,1.0000,0.0000,0.0000,24,457.9564,0.4278,0.7623,8,0,22744.7754,3.7211,0.0000,0.0000,0.0853,0.3173,0.0000,2.4167,5140.8047,7,2.3062,0.0000,0.0000,0.0000,948024.6250,0.0000,125579.3750,0.0000,144866
42,296,NewYork_Small,generalize_stress_buildup,TokenPassing,3600,4,216,21,0.0972,1.0000,0.0000,873.1905,291.0635,0.7522,4.5087,190.8000,969.2222,758.1196,0.7947,27.2057,24.6979,828.8098,23.9090,863.1759,143862.6562,0,0,0.0000,0.0000,0.0000,0.0000,0,0.0972,0.9028,4.4587,935.7400,building_up,0.2738,0.5450,1.2278,0.0000,1.0000,0.0000,39.1761,28,800.5742,0.3432,0.8423,10,3,15920.5127,2.8889,0.0000,0.0000,0.0753,0.3814,0.0000,2.9819,12362.2559,8,5.9898,0.0000,0.0000,0.0000,812651.9375,0.0000,155725.6094,0.0000,186446
42,297,NewYork_Small,generalize_stress_buildup,TokenPassing,3600,4,212,18,0.0849,1.0000,0.0000,1056.3889,352.1296,0.7511,4.5119,178.8571,944.1429,1194.3422,1.0000,25.5668,23.3960,837.8206,31.0370,977.3915,162898.5938,0,0,0.0000,0.0000,0.0000,0.0000,0,0.0849,0.9151,4.4704,935.7400,building_up,0.5278,0.9750,1.2034,0.0000,1.0000,0.0000,0.0000,24,800.5217,0.3347,0.9619,11,0,21498.1602,2.9151,0.0000,0.0000,0.0735,0.4399,0.0000,3.1719,5646.6807,6,4.6268,0.0000,0.0000,0.0000,901494.4375,0.0000,172604.4531,0.0000,207207
42,298,NewYork_Small,generalize_over_fleet,TokenPassing,3600,60,58,55,0.9483,1.0000,0.0000,494.4727,61.8091,0.1470,4.6655,333.3636,163.8246,1025.7832,0.6154,27.3348,23.2744,782.1688,339.7451,140.0000,23333.3340,0,0,0.0000,0.0000,0.0000,0.0000,0,0.9483,0.0517,4.7177,1191.7008,wave,0.2646,0.5184,1.1118,0.0000,1.0000,0.0000,128.2070,28,991.2097,0.3524,0.7966,3,0,56418.0742,51.2069,0.0000,0.0000,0.9278,0.4142,0.0000,3.4169,12977.5928,21,1.2220,0.0000,0.0000,0.0000,115338.0000,0.0000,1058.9290,0.0000,8120
42,299,NewYork_Small,generalize_over_fleet,TokenPassing,3600,60,58,52,0.8966,1.0000,0.0000,545.5000,68.1875,0.1498,4.6633,323.2115,225.1379,927.6357,0.5740,26.8571,22.9530,719.5323,315.2915,138.4483,23074.7129,0,0,0.0000,0.0000,0.0000,0.0000,0,0.8966,0.1034,4.6512,1191.7008,wave,0.2436,0.4742,1.2873,0.0000,1.0000,0.0000,137.6844,32,991.4384,0.3561,0.7789,3,0,48237.0586,51.5517,0.0000,0.0000,0.8799,0.4741,0.0000,2.7998,14951.8809,20,1.7626,0.0000,0.0000,0.0000,111519.6172,0.0000,592.1580,0.0000,8030
